{
 "root": {
  "program": {
   "configuration": {
    "": "/root/compiler/measurements/m2-gate/reachability_complement/emit/transformed.dl",
    "fact-dir": "/root/compiler/fixtures/p2-scale-250",
    "include-dir": ".",
    "jobs": "1",
    "libraries": "functors",
    "library-dir": ".",
    "output-dir": "/root/compiler/measurements/m2-gate/reachability_complement/vs_guarded/candidate",
    "profile": "prof.log",
    "relationCount": "16",
    "ruleCount": "22",
    "version": "2.5",
    "warn": "all",
    "wno": "none"
   },
   "relation": {
    "edge": {
     "loadtime": { "start": 4421125690, "end": 4421125884},
     "num-tuples": 500,
     "reads": 54250,
     "source-locator": "/root/compiler/measurements/m2-gate/reachability_complement/emit/transformed.dl [1:7-1:11]"
    },
    "magic_reach_bf": {
     "maxRSS": {
      "post": 12512,
      "pre": 12512
     },
     "non-recursive-rule": {
      "magic_reach_bf(x) :- \n   sup_unreach_bf_r0_2(x,_).": {
       "atom-frequency": {
        "magic_reach_bf(x) :- \n   sup_unreach_bf_r0_2(x,_).": {
         "sup_unreach_bf_r0_2": {
          "level": 0,
          "num-tuples": 0
         }
        }
       },
       "maxRSS": {
        "post": 12512,
        "pre": 12512
       },
       "num-tuples": 1,
       "runtime": { "start": 4421126042, "end": 4421126046},
       "source-locator": "/root/compiler/measurements/m2-gate/reachability_complement/emit/transformed.dl [41:1-41:46]"
      }
     },
     "num-tuples": 1,
     "reads": 0,
     "runtime": { "start": 4421126042, "end": 4421126052},
     "source-locator": "/root/compiler/measurements/m2-gate/reachability_complement/emit/transformed.dl [21:7-21:21]"
    },
    "magic_unreach_bf": {
     "maxRSS": {
      "post": 12384,
      "pre": 12256
     },
     "non-recursive-rule": {
      "magic_unreach_bf(1).": {
       "maxRSS": {
        "post": 12384,
        "pre": 12256
       },
       "num-tuples": 1,
       "runtime": { "start": 4421125902, "end": 4421125908},
       "source-locator": "/root/compiler/measurements/m2-gate/reachability_complement/emit/transformed.dl [51:1-51:21]"
      }
     },
     "num-tuples": 1,
     "reads": 0,
     "runtime": { "start": 4421125892, "end": 4421125916},
     "source-locator": "/root/compiler/measurements/m2-gate/reachability_complement/emit/transformed.dl [28:7-28:23]"
    },
    "node": {
     "loadtime": { "start": 4421125922, "end": 4421125969},
     "num-tuples": 250,
     "reads": 1,
     "source-locator": "/root/compiler/measurements/m2-gate/reachability_complement/emit/transformed.dl [3:7-3:11]"
    },
    "q_unreach": {
     "maxRSS": {
      "post": 14304,
      "pre": 14304
     },
     "non-recursive-rule": {
      "q_unreach(y) :- \n   sup_unreach_bf_r0_3(1,y).": {
       "atom-frequency": {
        "q_unreach(y) :- \n   sup_unreach_bf_r0_3(1,y).": {
         "sup_unreach_bf_r0_3": {
          "level": 0,
          "num-tuples": 0
         }
        }
       },
       "maxRSS": {
        "post": 14304,
        "pre": 14304
       },
       "num-tuples": 34,
       "runtime": { "start": 4421135973, "end": 4421135976},
       "source-locator": "/root/compiler/measurements/m2-gate/reachability_complement/emit/transformed.dl [52:1-52:34]"
      }
     },
     "num-tuples": 34,
     "reads": 0,
     "runtime": { "start": 4421135963, "end": 4421135984},
     "savetime": { "start": 4421135989, "end": 4421136076},
     "source-locator": "/root/compiler/measurements/m2-gate/reachability_complement/emit/transformed.dl [7:7-7:16]"
    },
    "reach_bb": {
     "maxRSS": {
      "post": 14304,
      "pre": 14304
     },
     "non-recursive-rule": {
      "reach_bb(x,y) :- \n   sup_reach_bb_r0_1(x,y).": {
       "atom-frequency": {
        "reach_bb(x,y) :- \n   sup_reach_bb_r0_1(x,y).": {
         "sup_reach_bb_r0_1": {
          "level": 0,
          "num-tuples": 0
         }
        }
       },
       "maxRSS": {
        "post": 14304,
        "pre": 14304
       },
       "num-tuples": 5,
       "runtime": { "start": 4421135903, "end": 4421135904},
       "source-locator": "/root/compiler/measurements/m2-gate/reachability_complement/emit/transformed.dl [37:1-37:43]"
      },
      "reach_bb(x,y) :- \n   sup_reach_bb_r1_2(x,y).": {
       "atom-frequency": {
        "reach_bb(x,y) :- \n   sup_reach_bb_r1_2(x,y).": {
         "sup_reach_bb_r1_2": {
          "level": 0,
          "num-tuples": 0
         }
        }
       },
       "maxRSS": {
        "post": 14304,
        "pre": 14304
       },
       "num-tuples": 211,
       "runtime": { "start": 4421135915, "end": 4421135924},
       "source-locator": "/root/compiler/measurements/m2-gate/reachability_complement/emit/transformed.dl [42:1-42:43]"
      }
     },
     "num-tuples": 216,
     "reads": 250,
     "runtime": { "start": 4421135887, "end": 4421135930},
     "source-locator": "/root/compiler/measurements/m2-gate/reachability_complement/emit/transformed.dl [17:7-17:15]"
    },
    "reach_bf": {
     "iteration": {
      "0": {
       "copytime": { "start": 4421126218, "end": 4421126219},
       "maxRSS": {
        "post": 12512,
        "pre": 12512
       },
       "num-tuples": 0,
       "recursive-rule": {
        "reach_bf(x,y) :- \n   sup_reach_bf_r1_2(x,y).": {
         "0": {
          "atom-frequency": {
           "@new_reach_bf(x,y) :- \n   @delta_sup_reach_bf_r1_2(x,y).": {
            "@delta_sup_reach_bf_r1_2": {
             "level": 0,
             "num-tuples": 0
            }
           }
          },
          "maxRSS": {
           "post": 12512,
           "pre": 12512
          },
          "num-tuples": 0,
          "runtime": { "start": 4421126152, "end": 4421126152},
          "source-locator": "/root/compiler/measurements/m2-gate/reachability_complement/emit/transformed.dl [50:1-50:43]"
         }
        }
       },
       "runtime": { "start": 4421126143, "end": 4421126163}
      },
      "1": {
       "copytime": { "start": 4421126277, "end": 4421126277},
       "maxRSS": {
        "post": 12512,
        "pre": 12512
       },
       "num-tuples": 0,
       "recursive-rule": {
        "reach_bf(x,y) :- \n   sup_reach_bf_r1_2(x,y).": {
         "0": {
          "maxRSS": {
           "post": 12512,
           "pre": 12512
          },
          "num-tuples": 0,
          "runtime": { "start": 4421126237, "end": 4421126237},
          "source-locator": "/root/compiler/measurements/m2-gate/reachability_complement/emit/transformed.dl [50:1-50:43]"
         }
        }
       },
       "runtime": { "start": 4421126237, "end": 4421126243}
      },
      "10": {
       "copytime": { "start": 4421126913, "end": 4421126915},
       "maxRSS": {
        "post": 12640,
        "pre": 12640
       },
       "num-tuples": 0,
       "recursive-rule": {
        "reach_bf(x,y) :- \n   sup_reach_bf_r1_2(x,y).": {
         "0": {
          "maxRSS": {
           "post": 12640,
           "pre": 12640
          },
          "num-tuples": 0,
          "runtime": { "start": 4421126852, "end": 4421126852},
          "source-locator": "/root/compiler/measurements/m2-gate/reachability_complement/emit/transformed.dl [50:1-50:43]"
         }
        }
       },
       "runtime": { "start": 4421126851, "end": 4421126860}
      },
      "11": {
       "copytime": { "start": 4421127036, "end": 4421127040},
       "maxRSS": {
        "post": 12640,
        "pre": 12640
       },
       "num-tuples": 36,
       "recursive-rule": {
        "reach_bf(x,y) :- \n   sup_reach_bf_r1_2(x,y).": {
         "0": {
          "maxRSS": {
           "post": 12640,
           "pre": 12640
          },
          "num-tuples": 36,
          "runtime": { "start": 4421126939, "end": 4421126944},
          "source-locator": "/root/compiler/measurements/m2-gate/reachability_complement/emit/transformed.dl [50:1-50:43]"
         }
        }
       },
       "runtime": { "start": 4421126938, "end": 4421126951}
      },
      "12": {
       "copytime": { "start": 4421127175, "end": 4421127176},
       "maxRSS": {
        "post": 12640,
        "pre": 12640
       },
       "num-tuples": 0,
       "recursive-rule": {
        "reach_bf(x,y) :- \n   sup_reach_bf_r1_2(x,y).": {
         "0": {
          "maxRSS": {
           "post": 12640,
           "pre": 12640
          },
          "num-tuples": 0,
          "runtime": { "start": 4421127071, "end": 4421127072},
          "source-locator": "/root/compiler/measurements/m2-gate/reachability_complement/emit/transformed.dl [50:1-50:43]"
         }
        }
       },
       "runtime": { "start": 4421127062, "end": 4421127082}
      },
      "13": {
       "copytime": { "start": 4421127308, "end": 4421127308},
       "maxRSS": {
        "post": 12640,
        "pre": 12640
       },
       "num-tuples": 0,
       "recursive-rule": {
        "reach_bf(x,y) :- \n   sup_reach_bf_r1_2(x,y).": {
         "0": {
          "maxRSS": {
           "post": 12640,
           "pre": 12640
          },
          "num-tuples": 0,
          "runtime": { "start": 4421127202, "end": 4421127203},
          "source-locator": "/root/compiler/measurements/m2-gate/reachability_complement/emit/transformed.dl [50:1-50:43]"
         }
        }
       },
       "runtime": { "start": 4421127202, "end": 4421127210}
      },
      "14": {
       "copytime": { "start": 4421127441, "end": 4421127444},
       "maxRSS": {
        "post": 12640,
        "pre": 12640
       },
       "num-tuples": 29,
       "recursive-rule": {
        "reach_bf(x,y) :- \n   sup_reach_bf_r1_2(x,y).": {
         "0": {
          "maxRSS": {
           "post": 12640,
           "pre": 12640
          },
          "num-tuples": 29,
          "runtime": { "start": 4421127343, "end": 4421127347},
          "source-locator": "/root/compiler/measurements/m2-gate/reachability_complement/emit/transformed.dl [50:1-50:43]"
         }
        }
       },
       "runtime": { "start": 4421127334, "end": 4421127355}
      },
      "15": {
       "copytime": { "start": 4421127578, "end": 4421127578},
       "maxRSS": {
        "post": 12640,
        "pre": 12640
       },
       "num-tuples": 0,
       "recursive-rule": {
        "reach_bf(x,y) :- \n   sup_reach_bf_r1_2(x,y).": {
         "0": {
          "maxRSS": {
           "post": 12640,
           "pre": 12640
          },
          "num-tuples": 0,
          "runtime": { "start": 4421127475, "end": 4421127475},
          "source-locator": "/root/compiler/measurements/m2-gate/reachability_complement/emit/transformed.dl [50:1-50:43]"
         }
        }
       },
       "runtime": { "start": 4421127466, "end": 4421127486}
      },
      "16": {
       "copytime": { "start": 4421127716, "end": 4421127717},
       "maxRSS": {
        "post": 12640,
        "pre": 12640
       },
       "num-tuples": 0,
       "recursive-rule": {
        "reach_bf(x,y) :- \n   sup_reach_bf_r1_2(x,y).": {
         "0": {
          "maxRSS": {
           "post": 12640,
           "pre": 12640
          },
          "num-tuples": 0,
          "runtime": { "start": 4421127614, "end": 4421127614},
          "source-locator": "/root/compiler/measurements/m2-gate/reachability_complement/emit/transformed.dl [50:1-50:43]"
         }
        }
       },
       "runtime": { "start": 4421127613, "end": 4421127621}
      },
      "17": {
       "copytime": { "start": 4421127853, "end": 4421127858},
       "maxRSS": {
        "post": 12640,
        "pre": 12640
       },
       "num-tuples": 31,
       "recursive-rule": {
        "reach_bf(x,y) :- \n   sup_reach_bf_r1_2(x,y).": {
         "0": {
          "maxRSS": {
           "post": 12640,
           "pre": 12640
          },
          "num-tuples": 31,
          "runtime": { "start": 4421127750, "end": 4421127755},
          "source-locator": "/root/compiler/measurements/m2-gate/reachability_complement/emit/transformed.dl [50:1-50:43]"
         }
        }
       },
       "runtime": { "start": 4421127741, "end": 4421127763}
      },
      "18": {
       "copytime": { "start": 4421127984, "end": 4421127984},
       "maxRSS": {
        "post": 12640,
        "pre": 12640
       },
       "num-tuples": 0,
       "recursive-rule": {
        "reach_bf(x,y) :- \n   sup_reach_bf_r1_2(x,y).": {
         "0": {
          "maxRSS": {
           "post": 12640,
           "pre": 12640
          },
          "num-tuples": 0,
          "runtime": { "start": 4421127888, "end": 4421127889},
          "source-locator": "/root/compiler/measurements/m2-gate/reachability_complement/emit/transformed.dl [50:1-50:43]"
         }
        }
       },
       "runtime": { "start": 4421127880, "end": 4421127897}
      },
      "19": {
       "copytime": { "start": 4421128112, "end": 4421128114},
       "maxRSS": {
        "post": 12640,
        "pre": 12640
       },
       "num-tuples": 0,
       "recursive-rule": {
        "reach_bf(x,y) :- \n   sup_reach_bf_r1_2(x,y).": {
         "0": {
          "maxRSS": {
           "post": 12640,
           "pre": 12640
          },
          "num-tuples": 0,
          "runtime": { "start": 4421128016, "end": 4421128017},
          "source-locator": "/root/compiler/measurements/m2-gate/reachability_complement/emit/transformed.dl [50:1-50:43]"
         }
        }
       },
       "runtime": { "start": 4421128016, "end": 4421128024}
      },
      "2": {
       "copytime": { "start": 4421126367, "end": 4421126369},
       "maxRSS": {
        "post": 12512,
        "pre": 12512
       },
       "num-tuples": 13,
       "recursive-rule": {
        "reach_bf(x,y) :- \n   sup_reach_bf_r1_2(x,y).": {
         "0": {
          "maxRSS": {
           "post": 12512,
           "pre": 12512
          },
          "num-tuples": 13,
          "runtime": { "start": 4421126298, "end": 4421126300},
          "source-locator": "/root/compiler/measurements/m2-gate/reachability_complement/emit/transformed.dl [50:1-50:43]"
         }
        }
       },
       "runtime": { "start": 4421126289, "end": 4421126308}
      },
      "20": {
       "copytime": { "start": 4421128243, "end": 4421128246},
       "maxRSS": {
        "post": 12640,
        "pre": 12640
       },
       "num-tuples": 19,
       "recursive-rule": {
        "reach_bf(x,y) :- \n   sup_reach_bf_r1_2(x,y).": {
         "0": {
          "maxRSS": {
           "post": 12640,
           "pre": 12640
          },
          "num-tuples": 19,
          "runtime": { "start": 4421128146, "end": 4421128150},
          "source-locator": "/root/compiler/measurements/m2-gate/reachability_complement/emit/transformed.dl [50:1-50:43]"
         }
        }
       },
       "runtime": { "start": 4421128137, "end": 4421128157}
      },
      "21": {
       "copytime": { "start": 4421128374, "end": 4421128375},
       "maxRSS": {
        "post": 12640,
        "pre": 12640
       },
       "num-tuples": 0,
       "recursive-rule": {
        "reach_bf(x,y) :- \n   sup_reach_bf_r1_2(x,y).": {
         "0": {
          "maxRSS": {
           "post": 12640,
           "pre": 12640
          },
          "num-tuples": 0,
          "runtime": { "start": 4421128277, "end": 4421128278},
          "source-locator": "/root/compiler/measurements/m2-gate/reachability_complement/emit/transformed.dl [50:1-50:43]"
         }
        }
       },
       "runtime": { "start": 4421128268, "end": 4421128287}
      },
      "22": {
       "copytime": { "start": 4421128501, "end": 4421128502},
       "maxRSS": {
        "post": 12640,
        "pre": 12640
       },
       "num-tuples": 0,
       "recursive-rule": {
        "reach_bf(x,y) :- \n   sup_reach_bf_r1_2(x,y).": {
         "0": {
          "maxRSS": {
           "post": 12640,
           "pre": 12640
          },
          "num-tuples": 0,
          "runtime": { "start": 4421128407, "end": 4421128408},
          "source-locator": "/root/compiler/measurements/m2-gate/reachability_complement/emit/transformed.dl [50:1-50:43]"
         }
        }
       },
       "runtime": { "start": 4421128398, "end": 4421128416}
      },
      "23": {
       "copytime": { "start": 4421128631, "end": 4421128633},
       "maxRSS": {
        "post": 12768,
        "pre": 12768
       },
       "num-tuples": 9,
       "recursive-rule": {
        "reach_bf(x,y) :- \n   sup_reach_bf_r1_2(x,y).": {
         "0": {
          "maxRSS": {
           "post": 12768,
           "pre": 12768
          },
          "num-tuples": 9,
          "runtime": { "start": 4421128532, "end": 4421128535},
          "source-locator": "/root/compiler/measurements/m2-gate/reachability_complement/emit/transformed.dl [50:1-50:43]"
         }
        }
       },
       "runtime": { "start": 4421128524, "end": 4421128542}
      },
      "24": {
       "copytime": { "start": 4421128758, "end": 4421128767},
       "maxRSS": {
        "post": 12768,
        "pre": 12768
       },
       "num-tuples": 0,
       "recursive-rule": {
        "reach_bf(x,y) :- \n   sup_reach_bf_r1_2(x,y).": {
         "0": {
          "maxRSS": {
           "post": 12768,
           "pre": 12768
          },
          "num-tuples": 0,
          "runtime": { "start": 4421128675, "end": 4421128675},
          "source-locator": "/root/compiler/measurements/m2-gate/reachability_complement/emit/transformed.dl [50:1-50:43]"
         }
        }
       },
       "runtime": { "start": 4421128674, "end": 4421128682}
      },
      "25": {
       "copytime": { "start": 4421128892, "end": 4421128892},
       "maxRSS": {
        "post": 12768,
        "pre": 12768
       },
       "num-tuples": 0,
       "recursive-rule": {
        "reach_bf(x,y) :- \n   sup_reach_bf_r1_2(x,y).": {
         "0": {
          "maxRSS": {
           "post": 12768,
           "pre": 12768
          },
          "num-tuples": 0,
          "runtime": { "start": 4421128792, "end": 4421128793},
          "source-locator": "/root/compiler/measurements/m2-gate/reachability_complement/emit/transformed.dl [50:1-50:43]"
         }
        }
       },
       "runtime": { "start": 4421128792, "end": 4421128802}
      },
      "26": {
       "copytime": { "start": 4421129020, "end": 4421129022},
       "maxRSS": {
        "post": 12768,
        "pre": 12768
       },
       "num-tuples": 7,
       "recursive-rule": {
        "reach_bf(x,y) :- \n   sup_reach_bf_r1_2(x,y).": {
         "0": {
          "maxRSS": {
           "post": 12768,
           "pre": 12768
          },
          "num-tuples": 7,
          "runtime": { "start": 4421128925, "end": 4421128927},
          "source-locator": "/root/compiler/measurements/m2-gate/reachability_complement/emit/transformed.dl [50:1-50:43]"
         }
        }
       },
       "runtime": { "start": 4421128916, "end": 4421128934}
      },
      "27": {
       "copytime": { "start": 4421129120, "end": 4421129121},
       "maxRSS": {
        "post": 12768,
        "pre": 12768
       },
       "num-tuples": 0,
       "recursive-rule": {
        "reach_bf(x,y) :- \n   sup_reach_bf_r1_2(x,y).": {
         "0": {
          "maxRSS": {
           "post": 12768,
           "pre": 12768
          },
          "num-tuples": 0,
          "runtime": { "start": 4421129044, "end": 4421129046},
          "source-locator": "/root/compiler/measurements/m2-gate/reachability_complement/emit/transformed.dl [50:1-50:43]"
         }
        }
       },
       "runtime": { "start": 4421129044, "end": 4421129054}
      },
      "28": {
       "copytime": { "start": 4421129172, "end": 4421129173},
       "maxRSS": {
        "post": 12768,
        "pre": 12768
       },
       "num-tuples": 0,
       "recursive-rule": {
        "reach_bf(x,y) :- \n   sup_reach_bf_r1_2(x,y).": {
         "0": {
          "maxRSS": {
           "post": 12768,
           "pre": 12768
          },
          "num-tuples": 0,
          "runtime": { "start": 4421129131, "end": 4421129131},
          "source-locator": "/root/compiler/measurements/m2-gate/reachability_complement/emit/transformed.dl [50:1-50:43]"
         }
        }
       },
       "runtime": { "start": 4421129130, "end": 4421129137}
      },
      "29": {
       "copytime": { "start": 4421129264, "end": 4421129274},
       "maxRSS": {
        "post": 12768,
        "pre": 12768
       },
       "num-tuples": 6,
       "recursive-rule": {
        "reach_bf(x,y) :- \n   sup_reach_bf_r1_2(x,y).": {
         "0": {
          "maxRSS": {
           "post": 12768,
           "pre": 12768
          },
          "num-tuples": 6,
          "runtime": { "start": 4421129194, "end": 4421129196},
          "source-locator": "/root/compiler/measurements/m2-gate/reachability_complement/emit/transformed.dl [50:1-50:43]"
         }
        }
       },
       "runtime": { "start": 4421129186, "end": 4421129204}
      },
      "3": {
       "copytime": { "start": 4421126414, "end": 4421126415},
       "maxRSS": {
        "post": 12512,
        "pre": 12512
       },
       "num-tuples": 0,
       "recursive-rule": {
        "reach_bf(x,y) :- \n   sup_reach_bf_r1_2(x,y).": {
         "0": {
          "maxRSS": {
           "post": 12512,
           "pre": 12512
          },
          "num-tuples": 0,
          "runtime": { "start": 4421126377, "end": 4421126378},
          "source-locator": "/root/compiler/measurements/m2-gate/reachability_complement/emit/transformed.dl [50:1-50:43]"
         }
        }
       },
       "runtime": { "start": 4421126377, "end": 4421126383}
      },
      "30": {
       "copytime": { "start": 4421129375, "end": 4421129384},
       "maxRSS": {
        "post": 12768,
        "pre": 12768
       },
       "num-tuples": 0,
       "recursive-rule": {
        "reach_bf(x,y) :- \n   sup_reach_bf_r1_2(x,y).": {
         "0": {
          "maxRSS": {
           "post": 12768,
           "pre": 12768
          },
          "num-tuples": 0,
          "runtime": { "start": 4421129301, "end": 4421129303},
          "source-locator": "/root/compiler/measurements/m2-gate/reachability_complement/emit/transformed.dl [50:1-50:43]"
         }
        }
       },
       "runtime": { "start": 4421129301, "end": 4421129312}
      },
      "31": {
       "copytime": { "start": 4421129494, "end": 4421129495},
       "maxRSS": {
        "post": 12768,
        "pre": 12768
       },
       "num-tuples": 0,
       "recursive-rule": {
        "reach_bf(x,y) :- \n   sup_reach_bf_r1_2(x,y).": {
         "0": {
          "maxRSS": {
           "post": 12768,
           "pre": 12768
          },
          "num-tuples": 0,
          "runtime": { "start": 4421129399, "end": 4421129400},
          "source-locator": "/root/compiler/measurements/m2-gate/reachability_complement/emit/transformed.dl [50:1-50:43]"
         }
        }
       },
       "runtime": { "start": 4421129398, "end": 4421129406}
      },
      "32": {
       "copytime": { "start": 4421129600, "end": 4421129601},
       "maxRSS": {
        "post": 12768,
        "pre": 12768
       },
       "num-tuples": 3,
       "recursive-rule": {
        "reach_bf(x,y) :- \n   sup_reach_bf_r1_2(x,y).": {
         "0": {
          "maxRSS": {
           "post": 12768,
           "pre": 12768
          },
          "num-tuples": 3,
          "runtime": { "start": 4421129527, "end": 4421129529},
          "source-locator": "/root/compiler/measurements/m2-gate/reachability_complement/emit/transformed.dl [50:1-50:43]"
         }
        }
       },
       "runtime": { "start": 4421129519, "end": 4421129538}
      },
      "33": {
       "copytime": { "start": 4421129691, "end": 4421129692},
       "maxRSS": {
        "post": 12768,
        "pre": 12768
       },
       "num-tuples": 0,
       "recursive-rule": {
        "reach_bf(x,y) :- \n   sup_reach_bf_r1_2(x,y).": {
         "0": {
          "maxRSS": {
           "post": 12768,
           "pre": 12768
          },
          "num-tuples": 0,
          "runtime": { "start": 4421129613, "end": 4421129614},
          "source-locator": "/root/compiler/measurements/m2-gate/reachability_complement/emit/transformed.dl [50:1-50:43]"
         }
        }
       },
       "runtime": { "start": 4421129611, "end": 4421129619}
      },
      "34": {
       "maxRSS": {
        "post": 12768,
        "pre": 12768
       },
       "num-tuples": 0,
       "recursive-rule": {
        "reach_bf(x,y) :- \n   sup_reach_bf_r1_2(x,y).": {
         "0": {
          "maxRSS": {
           "post": 12768,
           "pre": 12768
          },
          "num-tuples": 0,
          "runtime": { "start": 4421129724, "end": 4421129724},
          "source-locator": "/root/compiler/measurements/m2-gate/reachability_complement/emit/transformed.dl [50:1-50:43]"
         }
        }
       },
       "runtime": { "start": 4421129715, "end": 4421129732}
      },
      "4": {
       "copytime": { "start": 4421126491, "end": 4421126491},
       "maxRSS": {
        "post": 12512,
        "pre": 12512
       },
       "num-tuples": 0,
       "recursive-rule": {
        "reach_bf(x,y) :- \n   sup_reach_bf_r1_2(x,y).": {
         "0": {
          "maxRSS": {
           "post": 12512,
           "pre": 12512
          },
          "num-tuples": 0,
          "runtime": { "start": 4421126424, "end": 4421126424},
          "source-locator": "/root/compiler/measurements/m2-gate/reachability_complement/emit/transformed.dl [50:1-50:43]"
         }
        }
       },
       "runtime": { "start": 4421126423, "end": 4421126429}
      },
      "5": {
       "copytime": { "start": 4421126545, "end": 4421126547},
       "maxRSS": {
        "post": 12512,
        "pre": 12512
       },
       "num-tuples": 24,
       "recursive-rule": {
        "reach_bf(x,y) :- \n   sup_reach_bf_r1_2(x,y).": {
         "0": {
          "maxRSS": {
           "post": 12512,
           "pre": 12512
          },
          "num-tuples": 24,
          "runtime": { "start": 4421126504, "end": 4421126507},
          "source-locator": "/root/compiler/measurements/m2-gate/reachability_complement/emit/transformed.dl [50:1-50:43]"
         }
        }
       },
       "runtime": { "start": 4421126504, "end": 4421126513}
      },
      "6": {
       "copytime": { "start": 4421126611, "end": 4421126612},
       "maxRSS": {
        "post": 12512,
        "pre": 12512
       },
       "num-tuples": 0,
       "recursive-rule": {
        "reach_bf(x,y) :- \n   sup_reach_bf_r1_2(x,y).": {
         "0": {
          "maxRSS": {
           "post": 12512,
           "pre": 12512
          },
          "num-tuples": 0,
          "runtime": { "start": 4421126555, "end": 4421126556},
          "source-locator": "/root/compiler/measurements/m2-gate/reachability_complement/emit/transformed.dl [50:1-50:43]"
         }
        }
       },
       "runtime": { "start": 4421126555, "end": 4421126560}
      },
      "7": {
       "copytime": { "start": 4421126702, "end": 4421126702},
       "maxRSS": {
        "post": 12512,
        "pre": 12512
       },
       "num-tuples": 0,
       "recursive-rule": {
        "reach_bf(x,y) :- \n   sup_reach_bf_r1_2(x,y).": {
         "0": {
          "maxRSS": {
           "post": 12512,
           "pre": 12512
          },
          "num-tuples": 0,
          "runtime": { "start": 4421126633, "end": 4421126634},
          "source-locator": "/root/compiler/measurements/m2-gate/reachability_complement/emit/transformed.dl [50:1-50:43]"
         }
        }
       },
       "runtime": { "start": 4421126633, "end": 4421126640}
      },
      "8": {
       "copytime": { "start": 4421126754, "end": 4421126757},
       "maxRSS": {
        "post": 12512,
        "pre": 12512
       },
       "num-tuples": 34,
       "recursive-rule": {
        "reach_bf(x,y) :- \n   sup_reach_bf_r1_2(x,y).": {
         "0": {
          "maxRSS": {
           "post": 12512,
           "pre": 12512
          },
          "num-tuples": 34,
          "runtime": { "start": 4421126713, "end": 4421126717},
          "source-locator": "/root/compiler/measurements/m2-gate/reachability_complement/emit/transformed.dl [50:1-50:43]"
         }
        }
       },
       "runtime": { "start": 4421126713, "end": 4421126724}
      },
      "9": {
       "copytime": { "start": 4421126840, "end": 4421126841},
       "maxRSS": {
        "post": 12512,
        "pre": 12512
       },
       "num-tuples": 0,
       "recursive-rule": {
        "reach_bf(x,y) :- \n   sup_reach_bf_r1_2(x,y).": {
         "0": {
          "maxRSS": {
           "post": 12512,
           "pre": 12512
          },
          "num-tuples": 0,
          "runtime": { "start": 4421126768, "end": 4421126769},
          "source-locator": "/root/compiler/measurements/m2-gate/reachability_complement/emit/transformed.dl [50:1-50:43]"
         }
        }
       },
       "runtime": { "start": 4421126768, "end": 4421126773}
      }
     },
     "maxRSS": {
      "post": 12512,
      "pre": 12512
     },
     "non-recursive-rule": {
      "reach_bf(x,y) :- \n   sup_reach_bf_r0_1(x,y).": {
       "atom-frequency": {
        "reach_bf(x,y) :- \n   sup_reach_bf_r0_1(x,y).": {
         "sup_reach_bf_r0_1": {
          "level": 0,
          "num-tuples": 0
         }
        }
       },
       "maxRSS": {
        "post": 12512,
        "pre": 12512
       },
       "num-tuples": 5,
       "runtime": { "start": 4421126124, "end": 4421126125},
       "source-locator": "/root/compiler/measurements/m2-gate/reachability_complement/emit/transformed.dl [45:1-45:43]"
      }
     },
     "num-tuples": 5,
     "reads": 216,
     "runtime": { "start": 4421126115, "end": 4421126133},
     "source-locator": "/root/compiler/measurements/m2-gate/reachability_complement/emit/transformed.dl [24:7-24:15]"
    },
    "sup_reach_bb_r0_1": {
     "maxRSS": {
      "post": 12512,
      "pre": 12512
     },
     "non-recursive-rule": {
      "sup_reach_bb_r0_1(x,y) :- \n   sup_unreach_bf_r0_2(x,y),\n   edge(x,y).": {
       "atom-frequency": {
        "sup_reach_bb_r0_1(x,y) :- \n   sup_unreach_bf_r0_2(x,y),\n   edge(x,y).": {
         "sup_unreach_bf_r0_2": {
          "level": 0,
          "num-tuples": 0
         }
        }
       },
       "maxRSS": {
        "post": 12512,
        "pre": 12512
       },
       "num-tuples": 5,
       "runtime": { "start": 4421126076, "end": 4421126086},
       "source-locator": "/root/compiler/measurements/m2-gate/reachability_complement/emit/transformed.dl [36:1-36:64]"
      }
     },
     "num-tuples": 5,
     "reads": 0,
     "runtime": { "start": 4421126056, "end": 4421126095},
     "source-locator": "/root/compiler/measurements/m2-gate/reachability_complement/emit/transformed.dl [16:7-16:24]"
    },
    "sup_reach_bb_r1_1": {
     "maxRSS": {
      "post": 14304,
      "pre": 12768
     },
     "non-recursive-rule": {
      "sup_reach_bb_r1_1(x,y,z) :- \n   sup_unreach_bf_r0_2(x,y),\n   reach_bf(x,z).": {
       "atom-frequency": {
        "sup_reach_bb_r1_1(x,y,z) :- \n   sup_unreach_bf_r0_2(x,y),\n   reach_bf(x,z).": {
         "reach_bf": {
          "level": 1,
          "num-tuples": 0
         },
         "sup_unreach_bf_r0_2": {
          "level": 0,
          "num-tuples": 0
         }
        }
       },
       "maxRSS": {
        "post": 14304,
        "pre": 12768
       },
       "num-tuples": 54000,
       "runtime": { "start": 4421129819, "end": 4421133723},
       "source-locator": "/root/compiler/measurements/m2-gate/reachability_complement/emit/transformed.dl [39:1-39:71]"
      }
     },
     "num-tuples": 54000,
     "reads": 0,
     "runtime": { "start": 4421129818, "end": 4421133742},
     "source-locator": "/root/compiler/measurements/m2-gate/reachability_complement/emit/transformed.dl [19:7-19:24]"
    },
    "sup_reach_bb_r1_2": {
     "maxRSS": {
      "post": 14304,
      "pre": 14304
     },
     "non-recursive-rule": {
      "sup_reach_bb_r1_2(x,y) :- \n   sup_reach_bb_r1_1(x,y,z),\n   edge(z,y).": {
       "atom-frequency": {
        "sup_reach_bb_r1_2(x,y) :- \n   sup_reach_bb_r1_1(x,y,z),\n   edge(z,y).": {
         "sup_reach_bb_r1_1": {
          "level": 0,
          "num-tuples": 0
         }
        }
       },
       "maxRSS": {
        "post": 14304,
        "pre": 14304
       },
       "num-tuples": 216,
       "runtime": { "start": 4421133765, "end": 4421135765},
       "source-locator": "/root/compiler/measurements/m2-gate/reachability_complement/emit/transformed.dl [40:1-40:67]"
      }
     },
     "num-tuples": 216,
     "reads": 0,
     "runtime": { "start": 4421133750, "end": 4421135775},
     "source-locator": "/root/compiler/measurements/m2-gate/reachability_complement/emit/transformed.dl [20:7-20:24]"
    },
    "sup_reach_bf_r0_1": {
     "maxRSS": {
      "post": 12512,
      "pre": 12512
     },
     "non-recursive-rule": {
      "sup_reach_bf_r0_1(x,y) :- \n   magic_reach_bf(x),\n   edge(x,y).": {
       "atom-frequency": {
        "sup_reach_bf_r0_1(x,y) :- \n   magic_reach_bf(x),\n   edge(x,y).": {
         "edge": {
          "level": 1,
          "num-tuples": 0
         },
         "magic_reach_bf": {
          "level": 0,
          "num-tuples": 0
         }
        }
       },
       "maxRSS": {
        "post": 12512,
        "pre": 12512
       },
       "num-tuples": 5,
       "runtime": { "start": 4421126101, "end": 4421126105},
       "source-locator": "/root/compiler/measurements/m2-gate/reachability_complement/emit/transformed.dl [44:1-44:61]"
      }
     },
     "num-tuples": 5,
     "reads": 0,
     "runtime": { "start": 4421126100, "end": 4421126110},
     "source-locator": "/root/compiler/measurements/m2-gate/reachability_complement/emit/transformed.dl [23:7-23:24]"
    },
    "sup_reach_bf_r1_1": {
     "iteration": {
      "0": {
       "copytime": { "start": 4421126222, "end": 4421126223},
       "maxRSS": {
        "post": 12512,
        "pre": 12512
       },
       "num-tuples": 5,
       "recursive-rule": {
        "sup_reach_bf_r1_1(x,z) :- \n   magic_reach_bf(x),\n   reach_bf(x,z).": {
         "0": {
          "atom-frequency": {
           "@new_sup_reach_bf_r1_1(x,z) :- \n   magic_reach_bf(x),\n   @delta_reach_bf(x,z).": {
            "@delta_reach_bf": {
             "level": 1,
             "num-tuples": 0
            },
            "magic_reach_bf": {
             "level": 0,
             "num-tuples": 0
            }
           }
          },
          "maxRSS": {
           "post": 12512,
           "pre": 12512
          },
          "num-tuples": 5,
          "runtime": { "start": 4421126168, "end": 4421126170},
          "source-locator": "/root/compiler/measurements/m2-gate/reachability_complement/emit/transformed.dl [47:1-47:65]"
         }
        }
       },
       "runtime": { "start": 4421126168, "end": 4421126178}
      },
      "1": {
       "copytime": { "start": 4421126280, "end": 4421126282},
       "maxRSS": {
        "post": 12512,
        "pre": 12512
       },
       "num-tuples": 0,
       "recursive-rule": {
        "sup_reach_bf_r1_1(x,z) :- \n   magic_reach_bf(x),\n   reach_bf(x,z).": {
         "0": {
          "maxRSS": {
           "post": 12512,
           "pre": 12512
          },
          "num-tuples": 0,
          "runtime": { "start": 4421126247, "end": 4421126248},
          "source-locator": "/root/compiler/measurements/m2-gate/reachability_complement/emit/transformed.dl [47:1-47:65]"
         }
        }
       },
       "runtime": { "start": 4421126247, "end": 4421126252}
      },
      "10": {
       "copytime": { "start": 4421126918, "end": 4421126919},
       "maxRSS": {
        "post": 12640,
        "pre": 12640
       },
       "num-tuples": 0,
       "recursive-rule": {
        "sup_reach_bf_r1_1(x,z) :- \n   magic_reach_bf(x),\n   reach_bf(x,z).": {
         "0": {
          "maxRSS": {
           "post": 12640,
           "pre": 12640
          },
          "num-tuples": 0,
          "runtime": { "start": 4421126869, "end": 4421126870},
          "source-locator": "/root/compiler/measurements/m2-gate/reachability_complement/emit/transformed.dl [47:1-47:65]"
         }
        }
       },
       "runtime": { "start": 4421126869, "end": 4421126875}
      },
      "11": {
       "copytime": { "start": 4421127044, "end": 4421127053},
       "maxRSS": {
        "post": 12640,
        "pre": 12640
       },
       "num-tuples": 0,
       "recursive-rule": {
        "sup_reach_bf_r1_1(x,z) :- \n   magic_reach_bf(x),\n   reach_bf(x,z).": {
         "0": {
          "maxRSS": {
           "post": 12640,
           "pre": 12640
          },
          "num-tuples": 0,
          "runtime": { "start": 4421126964, "end": 4421126965},
          "source-locator": "/root/compiler/measurements/m2-gate/reachability_complement/emit/transformed.dl [47:1-47:65]"
         }
        }
       },
       "runtime": { "start": 4421126956, "end": 4421126974}
      },
      "12": {
       "copytime": { "start": 4421127179, "end": 4421127190},
       "maxRSS": {
        "post": 12640,
        "pre": 12640
       },
       "num-tuples": 36,
       "recursive-rule": {
        "sup_reach_bf_r1_1(x,z) :- \n   magic_reach_bf(x),\n   reach_bf(x,z).": {
         "0": {
          "maxRSS": {
           "post": 12640,
           "pre": 12640
          },
          "num-tuples": 36,
          "runtime": { "start": 4421127095, "end": 4421127100},
          "source-locator": "/root/compiler/measurements/m2-gate/reachability_complement/emit/transformed.dl [47:1-47:65]"
         }
        }
       },
       "runtime": { "start": 4421127086, "end": 4421127108}
      },
      "13": {
       "copytime": { "start": 4421127312, "end": 4421127322},
       "maxRSS": {
        "post": 12640,
        "pre": 12640
       },
       "num-tuples": 0,
       "recursive-rule": {
        "sup_reach_bf_r1_1(x,z) :- \n   magic_reach_bf(x),\n   reach_bf(x,z).": {
         "0": {
          "maxRSS": {
           "post": 12640,
           "pre": 12640
          },
          "num-tuples": 0,
          "runtime": { "start": 4421127223, "end": 4421127224},
          "source-locator": "/root/compiler/measurements/m2-gate/reachability_complement/emit/transformed.dl [47:1-47:65]"
         }
        }
       },
       "runtime": { "start": 4421127214, "end": 4421127233}
      },
      "14": {
       "copytime": { "start": 4421127448, "end": 4421127457},
       "maxRSS": {
        "post": 12640,
        "pre": 12640
       },
       "num-tuples": 0,
       "recursive-rule": {
        "sup_reach_bf_r1_1(x,z) :- \n   magic_reach_bf(x),\n   reach_bf(x,z).": {
         "0": {
          "maxRSS": {
           "post": 12640,
           "pre": 12640
          },
          "num-tuples": 0,
          "runtime": { "start": 4421127369, "end": 4421127370},
          "source-locator": "/root/compiler/measurements/m2-gate/reachability_complement/emit/transformed.dl [47:1-47:65]"
         }
        }
       },
       "runtime": { "start": 4421127360, "end": 4421127378}
      },
      "15": {
       "copytime": { "start": 4421127582, "end": 4421127593},
       "maxRSS": {
        "post": 12640,
        "pre": 12640
       },
       "num-tuples": 29,
       "recursive-rule": {
        "sup_reach_bf_r1_1(x,z) :- \n   magic_reach_bf(x),\n   reach_bf(x,z).": {
         "0": {
          "maxRSS": {
           "post": 12640,
           "pre": 12640
          },
          "num-tuples": 29,
          "runtime": { "start": 4421127498, "end": 4421127503},
          "source-locator": "/root/compiler/measurements/m2-gate/reachability_complement/emit/transformed.dl [47:1-47:65]"
         }
        }
       },
       "runtime": { "start": 4421127490, "end": 4421127511}
      },
      "16": {
       "copytime": { "start": 4421127720, "end": 4421127729},
       "maxRSS": {
        "post": 12640,
        "pre": 12640
       },
       "num-tuples": 0,
       "recursive-rule": {
        "sup_reach_bf_r1_1(x,z) :- \n   magic_reach_bf(x),\n   reach_bf(x,z).": {
         "0": {
          "maxRSS": {
           "post": 12640,
           "pre": 12640
          },
          "num-tuples": 0,
          "runtime": { "start": 4421127633, "end": 4421127634},
          "source-locator": "/root/compiler/measurements/m2-gate/reachability_complement/emit/transformed.dl [47:1-47:65]"
         }
        }
       },
       "runtime": { "start": 4421127624, "end": 4421127643}
      },
      "17": {
       "copytime": { "start": 4421127862, "end": 4421127871},
       "maxRSS": {
        "post": 12640,
        "pre": 12640
       },
       "num-tuples": 0,
       "recursive-rule": {
        "sup_reach_bf_r1_1(x,z) :- \n   magic_reach_bf(x),\n   reach_bf(x,z).": {
         "0": {
          "maxRSS": {
           "post": 12640,
           "pre": 12640
          },
          "num-tuples": 0,
          "runtime": { "start": 4421127776, "end": 4421127784},
          "source-locator": "/root/compiler/measurements/m2-gate/reachability_complement/emit/transformed.dl [47:1-47:65]"
         }
        }
       },
       "runtime": { "start": 4421127767, "end": 4421127792}
      },
      "18": {
       "copytime": { "start": 4421127988, "end": 4421127999},
       "maxRSS": {
        "post": 12640,
        "pre": 12640
       },
       "num-tuples": 31,
       "recursive-rule": {
        "sup_reach_bf_r1_1(x,z) :- \n   magic_reach_bf(x),\n   reach_bf(x,z).": {
         "0": {
          "maxRSS": {
           "post": 12640,
           "pre": 12640
          },
          "num-tuples": 31,
          "runtime": { "start": 4421127909, "end": 4421127914},
          "source-locator": "/root/compiler/measurements/m2-gate/reachability_complement/emit/transformed.dl [47:1-47:65]"
         }
        }
       },
       "runtime": { "start": 4421127901, "end": 4421127923}
      },
      "19": {
       "copytime": { "start": 4421128116, "end": 4421128126},
       "maxRSS": {
        "post": 12640,
        "pre": 12640
       },
       "num-tuples": 0,
       "recursive-rule": {
        "sup_reach_bf_r1_1(x,z) :- \n   magic_reach_bf(x),\n   reach_bf(x,z).": {
         "0": {
          "maxRSS": {
           "post": 12640,
           "pre": 12640
          },
          "num-tuples": 0,
          "runtime": { "start": 4421128037, "end": 4421128038},
          "source-locator": "/root/compiler/measurements/m2-gate/reachability_complement/emit/transformed.dl [47:1-47:65]"
         }
        }
       },
       "runtime": { "start": 4421128028, "end": 4421128047}
      },
      "2": {
       "copytime": { "start": 4421126371, "end": 4421126372},
       "maxRSS": {
        "post": 12512,
        "pre": 12512
       },
       "num-tuples": 0,
       "recursive-rule": {
        "sup_reach_bf_r1_1(x,z) :- \n   magic_reach_bf(x),\n   reach_bf(x,z).": {
         "0": {
          "maxRSS": {
           "post": 12512,
           "pre": 12512
          },
          "num-tuples": 0,
          "runtime": { "start": 4421126321, "end": 4421126322},
          "source-locator": "/root/compiler/measurements/m2-gate/reachability_complement/emit/transformed.dl [47:1-47:65]"
         }
        }
       },
       "runtime": { "start": 4421126312, "end": 4421126330}
      },
      "20": {
       "copytime": { "start": 4421128250, "end": 4421128259},
       "maxRSS": {
        "post": 12640,
        "pre": 12640
       },
       "num-tuples": 0,
       "recursive-rule": {
        "sup_reach_bf_r1_1(x,z) :- \n   magic_reach_bf(x),\n   reach_bf(x,z).": {
         "0": {
          "maxRSS": {
           "post": 12640,
           "pre": 12640
          },
          "num-tuples": 0,
          "runtime": { "start": 4421128171, "end": 4421128172},
          "source-locator": "/root/compiler/measurements/m2-gate/reachability_complement/emit/transformed.dl [47:1-47:65]"
         }
        }
       },
       "runtime": { "start": 4421128162, "end": 4421128181}
      },
      "21": {
       "copytime": { "start": 4421128379, "end": 4421128389},
       "maxRSS": {
        "post": 12640,
        "pre": 12640
       },
       "num-tuples": 19,
       "recursive-rule": {
        "sup_reach_bf_r1_1(x,z) :- \n   magic_reach_bf(x),\n   reach_bf(x,z).": {
         "0": {
          "maxRSS": {
           "post": 12640,
           "pre": 12640
          },
          "num-tuples": 19,
          "runtime": { "start": 4421128299, "end": 4421128303},
          "source-locator": "/root/compiler/measurements/m2-gate/reachability_complement/emit/transformed.dl [47:1-47:65]"
         }
        }
       },
       "runtime": { "start": 4421128291, "end": 4421128312}
      },
      "22": {
       "copytime": { "start": 4421128505, "end": 4421128514},
       "maxRSS": {
        "post": 12640,
        "pre": 12640
       },
       "num-tuples": 0,
       "recursive-rule": {
        "sup_reach_bf_r1_1(x,z) :- \n   magic_reach_bf(x),\n   reach_bf(x,z).": {
         "0": {
          "maxRSS": {
           "post": 12640,
           "pre": 12640
          },
          "num-tuples": 0,
          "runtime": { "start": 4421128432, "end": 4421128432},
          "source-locator": "/root/compiler/measurements/m2-gate/reachability_complement/emit/transformed.dl [47:1-47:65]"
         }
        }
       },
       "runtime": { "start": 4421128420, "end": 4421128442}
      },
      "23": {
       "copytime": { "start": 4421128637, "end": 4421128647},
       "maxRSS": {
        "post": 12768,
        "pre": 12768
       },
       "num-tuples": 0,
       "recursive-rule": {
        "sup_reach_bf_r1_1(x,z) :- \n   magic_reach_bf(x),\n   reach_bf(x,z).": {
         "0": {
          "maxRSS": {
           "post": 12768,
           "pre": 12768
          },
          "num-tuples": 0,
          "runtime": { "start": 4421128557, "end": 4421128558},
          "source-locator": "/root/compiler/measurements/m2-gate/reachability_complement/emit/transformed.dl [47:1-47:65]"
         }
        }
       },
       "runtime": { "start": 4421128546, "end": 4421128568}
      },
      "24": {
       "copytime": { "start": 4421128772, "end": 4421128774},
       "maxRSS": {
        "post": 12768,
        "pre": 12768
       },
       "num-tuples": 9,
       "recursive-rule": {
        "sup_reach_bf_r1_1(x,z) :- \n   magic_reach_bf(x),\n   reach_bf(x,z).": {
         "0": {
          "maxRSS": {
           "post": 12768,
           "pre": 12768
          },
          "num-tuples": 9,
          "runtime": { "start": 4421128696, "end": 4421128698},
          "source-locator": "/root/compiler/measurements/m2-gate/reachability_complement/emit/transformed.dl [47:1-47:65]"
         }
        }
       },
       "runtime": { "start": 4421128687, "end": 4421128707}
      },
      "25": {
       "copytime": { "start": 4421128896, "end": 4421128906},
       "maxRSS": {
        "post": 12768,
        "pre": 12768
       },
       "num-tuples": 0,
       "recursive-rule": {
        "sup_reach_bf_r1_1(x,z) :- \n   magic_reach_bf(x),\n   reach_bf(x,z).": {
         "0": {
          "maxRSS": {
           "post": 12768,
           "pre": 12768
          },
          "num-tuples": 0,
          "runtime": { "start": 4421128815, "end": 4421128816},
          "source-locator": "/root/compiler/measurements/m2-gate/reachability_complement/emit/transformed.dl [47:1-47:65]"
         }
        }
       },
       "runtime": { "start": 4421128806, "end": 4421128825}
      },
      "26": {
       "copytime": { "start": 4421129026, "end": 4421129035},
       "maxRSS": {
        "post": 12768,
        "pre": 12768
       },
       "num-tuples": 0,
       "recursive-rule": {
        "sup_reach_bf_r1_1(x,z) :- \n   magic_reach_bf(x),\n   reach_bf(x,z).": {
         "0": {
          "maxRSS": {
           "post": 12768,
           "pre": 12768
          },
          "num-tuples": 0,
          "runtime": { "start": 4421128947, "end": 4421128948},
          "source-locator": "/root/compiler/measurements/m2-gate/reachability_complement/emit/transformed.dl [47:1-47:65]"
         }
        }
       },
       "runtime": { "start": 4421128938, "end": 4421128958}
      },
      "27": {
       "copytime": { "start": 4421129123, "end": 4421129124},
       "maxRSS": {
        "post": 12768,
        "pre": 12768
       },
       "num-tuples": 7,
       "recursive-rule": {
        "sup_reach_bf_r1_1(x,z) :- \n   magic_reach_bf(x),\n   reach_bf(x,z).": {
         "0": {
          "maxRSS": {
           "post": 12768,
           "pre": 12768
          },
          "num-tuples": 7,
          "runtime": { "start": 4421129070, "end": 4421129072},
          "source-locator": "/root/compiler/measurements/m2-gate/reachability_complement/emit/transformed.dl [47:1-47:65]"
         }
        }
       },
       "runtime": { "start": 4421129058, "end": 4421129080}
      },
      "28": {
       "copytime": { "start": 4421129175, "end": 4421129175},
       "maxRSS": {
        "post": 12768,
        "pre": 12768
       },
       "num-tuples": 0,
       "recursive-rule": {
        "sup_reach_bf_r1_1(x,z) :- \n   magic_reach_bf(x),\n   reach_bf(x,z).": {
         "0": {
          "maxRSS": {
           "post": 12768,
           "pre": 12768
          },
          "num-tuples": 0,
          "runtime": { "start": 4421129141, "end": 4421129141},
          "source-locator": "/root/compiler/measurements/m2-gate/reachability_complement/emit/transformed.dl [47:1-47:65]"
         }
        }
       },
       "runtime": { "start": 4421129141, "end": 4421129146}
      },
      "29": {
       "copytime": { "start": 4421129279, "end": 4421129280},
       "maxRSS": {
        "post": 12768,
        "pre": 12768
       },
       "num-tuples": 0,
       "recursive-rule": {
        "sup_reach_bf_r1_1(x,z) :- \n   magic_reach_bf(x),\n   reach_bf(x,z).": {
         "0": {
          "maxRSS": {
           "post": 12768,
           "pre": 12768
          },
          "num-tuples": 0,
          "runtime": { "start": 4421129217, "end": 4421129218},
          "source-locator": "/root/compiler/measurements/m2-gate/reachability_complement/emit/transformed.dl [47:1-47:65]"
         }
        }
       },
       "runtime": { "start": 4421129208, "end": 4421129227}
      },
      "3": {
       "copytime": { "start": 4421126417, "end": 4421126418},
       "maxRSS": {
        "post": 12512,
        "pre": 12512
       },
       "num-tuples": 13,
       "recursive-rule": {
        "sup_reach_bf_r1_1(x,z) :- \n   magic_reach_bf(x),\n   reach_bf(x,z).": {
         "0": {
          "maxRSS": {
           "post": 12512,
           "pre": 12512
          },
          "num-tuples": 13,
          "runtime": { "start": 4421126386, "end": 4421126388},
          "source-locator": "/root/compiler/measurements/m2-gate/reachability_complement/emit/transformed.dl [47:1-47:65]"
         }
        }
       },
       "runtime": { "start": 4421126386, "end": 4421126393}
      },
      "30": {
       "copytime": { "start": 4421129389, "end": 4421129390},
       "maxRSS": {
        "post": 12768,
        "pre": 12768
       },
       "num-tuples": 6,
       "recursive-rule": {
        "sup_reach_bf_r1_1(x,z) :- \n   magic_reach_bf(x),\n   reach_bf(x,z).": {
         "0": {
          "maxRSS": {
           "post": 12768,
           "pre": 12768
          },
          "num-tuples": 6,
          "runtime": { "start": 4421129324, "end": 4421129326},
          "source-locator": "/root/compiler/measurements/m2-gate/reachability_complement/emit/transformed.dl [47:1-47:65]"
         }
        }
       },
       "runtime": { "start": 4421129316, "end": 4421129336}
      },
      "31": {
       "copytime": { "start": 4421129499, "end": 4421129508},
       "maxRSS": {
        "post": 12768,
        "pre": 12768
       },
       "num-tuples": 0,
       "recursive-rule": {
        "sup_reach_bf_r1_1(x,z) :- \n   magic_reach_bf(x),\n   reach_bf(x,z).": {
         "0": {
          "maxRSS": {
           "post": 12768,
           "pre": 12768
          },
          "num-tuples": 0,
          "runtime": { "start": 4421129419, "end": 4421129420},
          "source-locator": "/root/compiler/measurements/m2-gate/reachability_complement/emit/transformed.dl [47:1-47:65]"
         }
        }
       },
       "runtime": { "start": 4421129410, "end": 4421129429}
      },
      "32": {
       "copytime": { "start": 4421129604, "end": 4421129605},
       "maxRSS": {
        "post": 12768,
        "pre": 12768
       },
       "num-tuples": 0,
       "recursive-rule": {
        "sup_reach_bf_r1_1(x,z) :- \n   magic_reach_bf(x),\n   reach_bf(x,z).": {
         "0": {
          "maxRSS": {
           "post": 12768,
           "pre": 12768
          },
          "num-tuples": 0,
          "runtime": { "start": 4421129551, "end": 4421129552},
          "source-locator": "/root/compiler/measurements/m2-gate/reachability_complement/emit/transformed.dl [47:1-47:65]"
         }
        }
       },
       "runtime": { "start": 4421129542, "end": 4421129561}
      },
      "33": {
       "copytime": { "start": 4421129696, "end": 4421129705},
       "maxRSS": {
        "post": 12768,
        "pre": 12768
       },
       "num-tuples": 3,
       "recursive-rule": {
        "sup_reach_bf_r1_1(x,z) :- \n   magic_reach_bf(x),\n   reach_bf(x,z).": {
         "0": {
          "maxRSS": {
           "post": 12768,
           "pre": 12768
          },
          "num-tuples": 3,
          "runtime": { "start": 4421129630, "end": 4421129632},
          "source-locator": "/root/compiler/measurements/m2-gate/reachability_complement/emit/transformed.dl [47:1-47:65]"
         }
        }
       },
       "runtime": { "start": 4421129622, "end": 4421129641}
      },
      "34": {
       "maxRSS": {
        "post": 12768,
        "pre": 12768
       },
       "num-tuples": 0,
       "recursive-rule": {
        "sup_reach_bf_r1_1(x,z) :- \n   magic_reach_bf(x),\n   reach_bf(x,z).": {
         "0": {
          "maxRSS": {
           "post": 12768,
           "pre": 12768
          },
          "num-tuples": 0,
          "runtime": { "start": 4421129746, "end": 4421129746},
          "source-locator": "/root/compiler/measurements/m2-gate/reachability_complement/emit/transformed.dl [47:1-47:65]"
         }
        }
       },
       "runtime": { "start": 4421129737, "end": 4421129755}
      },
      "4": {
       "copytime": { "start": 4421126494, "end": 4421126495},
       "maxRSS": {
        "post": 12512,
        "pre": 12512
       },
       "num-tuples": 0,
       "recursive-rule": {
        "sup_reach_bf_r1_1(x,z) :- \n   magic_reach_bf(x),\n   reach_bf(x,z).": {
         "0": {
          "maxRSS": {
           "post": 12512,
           "pre": 12512
          },
          "num-tuples": 0,
          "runtime": { "start": 4421126432, "end": 4421126432},
          "source-locator": "/root/compiler/measurements/m2-gate/reachability_complement/emit/transformed.dl [47:1-47:65]"
         }
        }
       },
       "runtime": { "start": 4421126432, "end": 4421126438}
      },
      "5": {
       "copytime": { "start": 4421126549, "end": 4421126550},
       "maxRSS": {
        "post": 12512,
        "pre": 12512
       },
       "num-tuples": 0,
       "recursive-rule": {
        "sup_reach_bf_r1_1(x,z) :- \n   magic_reach_bf(x),\n   reach_bf(x,z).": {
         "0": {
          "maxRSS": {
           "post": 12512,
           "pre": 12512
          },
          "num-tuples": 0,
          "runtime": { "start": 4421126519, "end": 4421126519},
          "source-locator": "/root/compiler/measurements/m2-gate/reachability_complement/emit/transformed.dl [47:1-47:65]"
         }
        }
       },
       "runtime": { "start": 4421126516, "end": 4421126524}
      },
      "6": {
       "copytime": { "start": 4421126614, "end": 4421126616},
       "maxRSS": {
        "post": 12512,
        "pre": 12512
       },
       "num-tuples": 24,
       "recursive-rule": {
        "sup_reach_bf_r1_1(x,z) :- \n   magic_reach_bf(x),\n   reach_bf(x,z).": {
         "0": {
          "maxRSS": {
           "post": 12512,
           "pre": 12512
          },
          "num-tuples": 24,
          "runtime": { "start": 4421126563, "end": 4421126567},
          "source-locator": "/root/compiler/measurements/m2-gate/reachability_complement/emit/transformed.dl [47:1-47:65]"
         }
        }
       },
       "runtime": { "start": 4421126563, "end": 4421126571}
      },
      "7": {
       "copytime": { "start": 4421126705, "end": 4421126706},
       "maxRSS": {
        "post": 12512,
        "pre": 12512
       },
       "num-tuples": 0,
       "recursive-rule": {
        "sup_reach_bf_r1_1(x,z) :- \n   magic_reach_bf(x),\n   reach_bf(x,z).": {
         "0": {
          "maxRSS": {
           "post": 12512,
           "pre": 12512
          },
          "num-tuples": 0,
          "runtime": { "start": 4421126645, "end": 4421126646},
          "source-locator": "/root/compiler/measurements/m2-gate/reachability_complement/emit/transformed.dl [47:1-47:65]"
         }
        }
       },
       "runtime": { "start": 4421126645, "end": 4421126653}
      },
      "8": {
       "copytime": { "start": 4421126759, "end": 4421126762},
       "maxRSS": {
        "post": 12512,
        "pre": 12512
       },
       "num-tuples": 0,
       "recursive-rule": {
        "sup_reach_bf_r1_1(x,z) :- \n   magic_reach_bf(x),\n   reach_bf(x,z).": {
         "0": {
          "maxRSS": {
           "post": 12512,
           "pre": 12512
          },
          "num-tuples": 0,
          "runtime": { "start": 4421126727, "end": 4421126728},
          "source-locator": "/root/compiler/measurements/m2-gate/reachability_complement/emit/transformed.dl [47:1-47:65]"
         }
        }
       },
       "runtime": { "start": 4421126727, "end": 4421126732}
      },
      "9": {
       "copytime": { "start": 4421126843, "end": 4421126846},
       "maxRSS": {
        "post": 12512,
        "pre": 12512
       },
       "num-tuples": 34,
       "recursive-rule": {
        "sup_reach_bf_r1_1(x,z) :- \n   magic_reach_bf(x),\n   reach_bf(x,z).": {
         "0": {
          "maxRSS": {
           "post": 12512,
           "pre": 12512
          },
          "num-tuples": 34,
          "runtime": { "start": 4421126785, "end": 4421126789},
          "source-locator": "/root/compiler/measurements/m2-gate/reachability_complement/emit/transformed.dl [47:1-47:65]"
         }
        }
       },
       "runtime": { "start": 4421126776, "end": 4421126799}
      }
     },
     "num-tuples": 0,
     "reads": 216,
     "source-locator": "/root/compiler/measurements/m2-gate/reachability_complement/emit/transformed.dl [26:7-26:24]"
    },
    "sup_reach_bf_r1_2": {
     "iteration": {
      "0": {
       "copytime": { "start": 4421126226, "end": 4421126227},
       "maxRSS": {
        "post": 12512,
        "pre": 12512
       },
       "num-tuples": 0,
       "recursive-rule": {
        "sup_reach_bf_r1_2(x,y) :- \n   sup_reach_bf_r1_1(x,z),\n   edge(z,y).": {
         "0": {
          "atom-frequency": {
           "@new_sup_reach_bf_r1_2(x,y) :- \n   @delta_sup_reach_bf_r1_1(x,z),\n   edge(z,y).": {
            "@delta_sup_reach_bf_r1_1": {
             "level": 0,
             "num-tuples": 0
            },
            "edge": {
             "level": 1,
             "num-tuples": 0
            }
           }
          },
          "maxRSS": {
           "post": 12512,
           "pre": 12512
          },
          "num-tuples": 0,
          "runtime": { "start": 4421126190, "end": 4421126191},
          "source-locator": "/root/compiler/measurements/m2-gate/reachability_complement/emit/transformed.dl [48:1-48:64]"
         }
        }
       },
       "runtime": { "start": 4421126182, "end": 4421126199}
      },
      "1": {
       "copytime": { "start": 4421126285, "end": 4421126286},
       "maxRSS": {
        "post": 12512,
        "pre": 12512
       },
       "num-tuples": 13,
       "recursive-rule": {
        "sup_reach_bf_r1_2(x,y) :- \n   sup_reach_bf_r1_1(x,z),\n   edge(z,y).": {
         "0": {
          "maxRSS": {
           "post": 12512,
           "pre": 12512
          },
          "num-tuples": 13,
          "runtime": { "start": 4421126256, "end": 4421126259},
          "source-locator": "/root/compiler/measurements/m2-gate/reachability_complement/emit/transformed.dl [48:1-48:64]"
         }
        }
       },
       "runtime": { "start": 4421126255, "end": 4421126263}
      },
      "10": {
       "copytime": { "start": 4421126921, "end": 4421126933},
       "maxRSS": {
        "post": 12640,
        "pre": 12640
       },
       "num-tuples": 36,
       "recursive-rule": {
        "sup_reach_bf_r1_2(x,y) :- \n   sup_reach_bf_r1_1(x,z),\n   edge(z,y).": {
         "0": {
          "maxRSS": {
           "post": 12640,
           "pre": 12640
          },
          "num-tuples": 36,
          "runtime": { "start": 4421126879, "end": 4421126893},
          "source-locator": "/root/compiler/measurements/m2-gate/reachability_complement/emit/transformed.dl [48:1-48:64]"
         }
        }
       },
       "runtime": { "start": 4421126878, "end": 4421126898}
      },
      "11": {
       "copytime": { "start": 4421127058, "end": 4421127059},
       "maxRSS": {
        "post": 12640,
        "pre": 12640
       },
       "num-tuples": 0,
       "recursive-rule": {
        "sup_reach_bf_r1_2(x,y) :- \n   sup_reach_bf_r1_1(x,z),\n   edge(z,y).": {
         "0": {
          "maxRSS": {
           "post": 12640,
           "pre": 12640
          },
          "num-tuples": 0,
          "runtime": { "start": 4421126988, "end": 4421126988},
          "source-locator": "/root/compiler/measurements/m2-gate/reachability_complement/emit/transformed.dl [48:1-48:64]"
         }
        }
       },
       "runtime": { "start": 4421126979, "end": 4421126998}
      },
      "12": {
       "copytime": { "start": 4421127196, "end": 4421127198},
       "maxRSS": {
        "post": 12640,
        "pre": 12640
       },
       "num-tuples": 0,
       "recursive-rule": {
        "sup_reach_bf_r1_2(x,y) :- \n   sup_reach_bf_r1_1(x,z),\n   edge(z,y).": {
         "0": {
          "maxRSS": {
           "post": 12640,
           "pre": 12640
          },
          "num-tuples": 0,
          "runtime": { "start": 4421127127, "end": 4421127128},
          "source-locator": "/root/compiler/measurements/m2-gate/reachability_complement/emit/transformed.dl [48:1-48:64]"
         }
        }
       },
       "runtime": { "start": 4421127114, "end": 4421127137}
      },
      "13": {
       "copytime": { "start": 4421127327, "end": 4421127331},
       "maxRSS": {
        "post": 12640,
        "pre": 12640
       },
       "num-tuples": 29,
       "recursive-rule": {
        "sup_reach_bf_r1_2(x,y) :- \n   sup_reach_bf_r1_1(x,z),\n   edge(z,y).": {
         "0": {
          "maxRSS": {
           "post": 12640,
           "pre": 12640
          },
          "num-tuples": 29,
          "runtime": { "start": 4421127246, "end": 4421127259},
          "source-locator": "/root/compiler/measurements/m2-gate/reachability_complement/emit/transformed.dl [48:1-48:64]"
         }
        }
       },
       "runtime": { "start": 4421127237, "end": 4421127269}
      },
      "14": {
       "copytime": { "start": 4421127462, "end": 4421127463},
       "maxRSS": {
        "post": 12640,
        "pre": 12640
       },
       "num-tuples": 0,
       "recursive-rule": {
        "sup_reach_bf_r1_2(x,y) :- \n   sup_reach_bf_r1_1(x,z),\n   edge(z,y).": {
         "0": {
          "maxRSS": {
           "post": 12640,
           "pre": 12640
          },
          "num-tuples": 0,
          "runtime": { "start": 4421127392, "end": 4421127392},
          "source-locator": "/root/compiler/measurements/m2-gate/reachability_complement/emit/transformed.dl [48:1-48:64]"
         }
        }
       },
       "runtime": { "start": 4421127383, "end": 4421127402}
      },
      "15": {
       "copytime": { "start": 4421127599, "end": 4421127608},
       "maxRSS": {
        "post": 12640,
        "pre": 12640
       },
       "num-tuples": 0,
       "recursive-rule": {
        "sup_reach_bf_r1_2(x,y) :- \n   sup_reach_bf_r1_1(x,z),\n   edge(z,y).": {
         "0": {
          "maxRSS": {
           "post": 12640,
           "pre": 12640
          },
          "num-tuples": 0,
          "runtime": { "start": 4421127526, "end": 4421127526},
          "source-locator": "/root/compiler/measurements/m2-gate/reachability_complement/emit/transformed.dl [48:1-48:64]"
         }
        }
       },
       "runtime": { "start": 4421127517, "end": 4421127536}
      },
      "16": {
       "copytime": { "start": 4421127734, "end": 4421127738},
       "maxRSS": {
        "post": 12640,
        "pre": 12640
       },
       "num-tuples": 31,
       "recursive-rule": {
        "sup_reach_bf_r1_2(x,y) :- \n   sup_reach_bf_r1_1(x,z),\n   edge(z,y).": {
         "0": {
          "maxRSS": {
           "post": 12640,
           "pre": 12640
          },
          "num-tuples": 31,
          "runtime": { "start": 4421127656, "end": 4421127669},
          "source-locator": "/root/compiler/measurements/m2-gate/reachability_complement/emit/transformed.dl [48:1-48:64]"
         }
        }
       },
       "runtime": { "start": 4421127647, "end": 4421127679}
      },
      "17": {
       "copytime": { "start": 4421127876, "end": 4421127877},
       "maxRSS": {
        "post": 12640,
        "pre": 12640
       },
       "num-tuples": 0,
       "recursive-rule": {
        "sup_reach_bf_r1_2(x,y) :- \n   sup_reach_bf_r1_1(x,z),\n   edge(z,y).": {
         "0": {
          "maxRSS": {
           "post": 12640,
           "pre": 12640
          },
          "num-tuples": 0,
          "runtime": { "start": 4421127806, "end": 4421127807},
          "source-locator": "/root/compiler/measurements/m2-gate/reachability_complement/emit/transformed.dl [48:1-48:64]"
         }
        }
       },
       "runtime": { "start": 4421127798, "end": 4421127815}
      },
      "18": {
       "copytime": { "start": 4421128011, "end": 4421128012},
       "maxRSS": {
        "post": 12640,
        "pre": 12640
       },
       "num-tuples": 0,
       "recursive-rule": {
        "sup_reach_bf_r1_2(x,y) :- \n   sup_reach_bf_r1_1(x,z),\n   edge(z,y).": {
         "0": {
          "maxRSS": {
           "post": 12640,
           "pre": 12640
          },
          "num-tuples": 0,
          "runtime": { "start": 4421127936, "end": 4421127937},
          "source-locator": "/root/compiler/measurements/m2-gate/reachability_complement/emit/transformed.dl [48:1-48:64]"
         }
        }
       },
       "runtime": { "start": 4421127927, "end": 4421127946}
      },
      "19": {
       "copytime": { "start": 4421128130, "end": 4421128134},
       "maxRSS": {
        "post": 12640,
        "pre": 12640
       },
       "num-tuples": 21,
       "recursive-rule": {
        "sup_reach_bf_r1_2(x,y) :- \n   sup_reach_bf_r1_1(x,z),\n   edge(z,y).": {
         "0": {
          "maxRSS": {
           "post": 12640,
           "pre": 12640
          },
          "num-tuples": 21,
          "runtime": { "start": 4421128062, "end": 4421128074},
          "source-locator": "/root/compiler/measurements/m2-gate/reachability_complement/emit/transformed.dl [48:1-48:64]"
         }
        }
       },
       "runtime": { "start": 4421128053, "end": 4421128083}
      },
      "2": {
       "copytime": { "start": 4421126374, "end": 4421126375},
       "maxRSS": {
        "post": 12512,
        "pre": 12512
       },
       "num-tuples": 0,
       "recursive-rule": {
        "sup_reach_bf_r1_2(x,y) :- \n   sup_reach_bf_r1_1(x,z),\n   edge(z,y).": {
         "0": {
          "maxRSS": {
           "post": 12512,
           "pre": 12512
          },
          "num-tuples": 0,
          "runtime": { "start": 4421126342, "end": 4421126343},
          "source-locator": "/root/compiler/measurements/m2-gate/reachability_complement/emit/transformed.dl [48:1-48:64]"
         }
        }
       },
       "runtime": { "start": 4421126334, "end": 4421126353}
      },
      "20": {
       "copytime": { "start": 4421128264, "end": 4421128265},
       "maxRSS": {
        "post": 12640,
        "pre": 12640
       },
       "num-tuples": 0,
       "recursive-rule": {
        "sup_reach_bf_r1_2(x,y) :- \n   sup_reach_bf_r1_1(x,z),\n   edge(z,y).": {
         "0": {
          "maxRSS": {
           "post": 12640,
           "pre": 12640
          },
          "num-tuples": 0,
          "runtime": { "start": 4421128194, "end": 4421128195},
          "source-locator": "/root/compiler/measurements/m2-gate/reachability_complement/emit/transformed.dl [48:1-48:64]"
         }
        }
       },
       "runtime": { "start": 4421128186, "end": 4421128205}
      },
      "21": {
       "copytime": { "start": 4421128394, "end": 4421128395},
       "maxRSS": {
        "post": 12640,
        "pre": 12640
       },
       "num-tuples": 0,
       "recursive-rule": {
        "sup_reach_bf_r1_2(x,y) :- \n   sup_reach_bf_r1_1(x,z),\n   edge(z,y).": {
         "0": {
          "maxRSS": {
           "post": 12640,
           "pre": 12640
          },
          "num-tuples": 0,
          "runtime": { "start": 4421128326, "end": 4421128327},
          "source-locator": "/root/compiler/measurements/m2-gate/reachability_complement/emit/transformed.dl [48:1-48:64]"
         }
        }
       },
       "runtime": { "start": 4421128317, "end": 4421128336}
      },
      "22": {
       "copytime": { "start": 4421128519, "end": 4421128520},
       "maxRSS": {
        "post": 12640,
        "pre": 12640
       },
       "num-tuples": 9,
       "recursive-rule": {
        "sup_reach_bf_r1_2(x,y) :- \n   sup_reach_bf_r1_1(x,z),\n   edge(z,y).": {
         "0": {
          "maxRSS": {
           "post": 12640,
           "pre": 12640
          },
          "num-tuples": 9,
          "runtime": { "start": 4421128455, "end": 4421128463},
          "source-locator": "/root/compiler/measurements/m2-gate/reachability_complement/emit/transformed.dl [48:1-48:64]"
         }
        }
       },
       "runtime": { "start": 4421128446, "end": 4421128472}
      },
      "23": {
       "copytime": { "start": 4421128656, "end": 4421128669},
       "maxRSS": {
        "post": 12768,
        "pre": 12768
       },
       "num-tuples": 0,
       "recursive-rule": {
        "sup_reach_bf_r1_2(x,y) :- \n   sup_reach_bf_r1_1(x,z),\n   edge(z,y).": {
         "0": {
          "maxRSS": {
           "post": 12768,
           "pre": 12768
          },
          "num-tuples": 0,
          "runtime": { "start": 4421128581, "end": 4421128582},
          "source-locator": "/root/compiler/measurements/m2-gate/reachability_complement/emit/transformed.dl [48:1-48:64]"
         }
        }
       },
       "runtime": { "start": 4421128572, "end": 4421128592}
      },
      "24": {
       "copytime": { "start": 4421128777, "end": 4421128786},
       "maxRSS": {
        "post": 12768,
        "pre": 12768
       },
       "num-tuples": 0,
       "recursive-rule": {
        "sup_reach_bf_r1_2(x,y) :- \n   sup_reach_bf_r1_1(x,z),\n   edge(z,y).": {
         "0": {
          "maxRSS": {
           "post": 12768,
           "pre": 12768
          },
          "num-tuples": 0,
          "runtime": { "start": 4421128720, "end": 4421128721},
          "source-locator": "/root/compiler/measurements/m2-gate/reachability_complement/emit/transformed.dl [48:1-48:64]"
         }
        }
       },
       "runtime": { "start": 4421128712, "end": 4421128731}
      },
      "25": {
       "copytime": { "start": 4421128911, "end": 4421128913},
       "maxRSS": {
        "post": 12768,
        "pre": 12768
       },
       "num-tuples": 7,
       "recursive-rule": {
        "sup_reach_bf_r1_2(x,y) :- \n   sup_reach_bf_r1_1(x,z),\n   edge(z,y).": {
         "0": {
          "maxRSS": {
           "post": 12768,
           "pre": 12768
          },
          "num-tuples": 7,
          "runtime": { "start": 4421128839, "end": 4421128844},
          "source-locator": "/root/compiler/measurements/m2-gate/reachability_complement/emit/transformed.dl [48:1-48:64]"
         }
        }
       },
       "runtime": { "start": 4421128831, "end": 4421128853}
      },
      "26": {
       "copytime": { "start": 4421129040, "end": 4421129041},
       "maxRSS": {
        "post": 12768,
        "pre": 12768
       },
       "num-tuples": 0,
       "recursive-rule": {
        "sup_reach_bf_r1_2(x,y) :- \n   sup_reach_bf_r1_1(x,z),\n   edge(z,y).": {
         "0": {
          "maxRSS": {
           "post": 12768,
           "pre": 12768
          },
          "num-tuples": 0,
          "runtime": { "start": 4421128971, "end": 4421128972},
          "source-locator": "/root/compiler/measurements/m2-gate/reachability_complement/emit/transformed.dl [48:1-48:64]"
         }
        }
       },
       "runtime": { "start": 4421128962, "end": 4421128980}
      },
      "27": {
       "copytime": { "start": 4421129127, "end": 4421129128},
       "maxRSS": {
        "post": 12768,
        "pre": 12768
       },
       "num-tuples": 0,
       "recursive-rule": {
        "sup_reach_bf_r1_2(x,y) :- \n   sup_reach_bf_r1_1(x,z),\n   edge(z,y).": {
         "0": {
          "maxRSS": {
           "post": 12768,
           "pre": 12768
          },
          "num-tuples": 0,
          "runtime": { "start": 4421129094, "end": 4421129095},
          "source-locator": "/root/compiler/measurements/m2-gate/reachability_complement/emit/transformed.dl [48:1-48:64]"
         }
        }
       },
       "runtime": { "start": 4421129085, "end": 4421129105}
      },
      "28": {
       "copytime": { "start": 4421129178, "end": 4421129181},
       "maxRSS": {
        "post": 12768,
        "pre": 12768
       },
       "num-tuples": 6,
       "recursive-rule": {
        "sup_reach_bf_r1_2(x,y) :- \n   sup_reach_bf_r1_1(x,z),\n   edge(z,y).": {
         "0": {
          "maxRSS": {
           "post": 12768,
           "pre": 12768
          },
          "num-tuples": 6,
          "runtime": { "start": 4421129150, "end": 4421129154},
          "source-locator": "/root/compiler/measurements/m2-gate/reachability_complement/emit/transformed.dl [48:1-48:64]"
         }
        }
       },
       "runtime": { "start": 4421129150, "end": 4421129159}
      },
      "29": {
       "copytime": { "start": 4421129284, "end": 4421129294},
       "maxRSS": {
        "post": 12768,
        "pre": 12768
       },
       "num-tuples": 0,
       "recursive-rule": {
        "sup_reach_bf_r1_2(x,y) :- \n   sup_reach_bf_r1_1(x,z),\n   edge(z,y).": {
         "0": {
          "maxRSS": {
           "post": 12768,
           "pre": 12768
          },
          "num-tuples": 0,
          "runtime": { "start": 4421129233, "end": 4421129233},
          "source-locator": "/root/compiler/measurements/m2-gate/reachability_complement/emit/transformed.dl [48:1-48:64]"
         }
        }
       },
       "runtime": { "start": 4421129232, "end": 4421129238}
      },
      "3": {
       "copytime": { "start": 4421126420, "end": 4421126421},
       "maxRSS": {
        "post": 12512,
        "pre": 12512
       },
       "num-tuples": 0,
       "recursive-rule": {
        "sup_reach_bf_r1_2(x,y) :- \n   sup_reach_bf_r1_1(x,z),\n   edge(z,y).": {
         "0": {
          "maxRSS": {
           "post": 12512,
           "pre": 12512
          },
          "num-tuples": 0,
          "runtime": { "start": 4421126396, "end": 4421126396},
          "source-locator": "/root/compiler/measurements/m2-gate/reachability_complement/emit/transformed.dl [48:1-48:64]"
         }
        }
       },
       "runtime": { "start": 4421126396, "end": 4421126401}
      },
      "30": {
       "copytime": { "start": 4421129394, "end": 4421129395},
       "maxRSS": {
        "post": 12768,
        "pre": 12768
       },
       "num-tuples": 0,
       "recursive-rule": {
        "sup_reach_bf_r1_2(x,y) :- \n   sup_reach_bf_r1_1(x,z),\n   edge(z,y).": {
         "0": {
          "maxRSS": {
           "post": 12768,
           "pre": 12768
          },
          "num-tuples": 0,
          "runtime": { "start": 4421129341, "end": 4421129342},
          "source-locator": "/root/compiler/measurements/m2-gate/reachability_complement/emit/transformed.dl [48:1-48:64]"
         }
        }
       },
       "runtime": { "start": 4421129341, "end": 4421129348}
      },
      "31": {
       "copytime": { "start": 4421129514, "end": 4421129515},
       "maxRSS": {
        "post": 12768,
        "pre": 12768
       },
       "num-tuples": 3,
       "recursive-rule": {
        "sup_reach_bf_r1_2(x,y) :- \n   sup_reach_bf_r1_1(x,z),\n   edge(z,y).": {
         "0": {
          "maxRSS": {
           "post": 12768,
           "pre": 12768
          },
          "num-tuples": 3,
          "runtime": { "start": 4421129442, "end": 4421129446},
          "source-locator": "/root/compiler/measurements/m2-gate/reachability_complement/emit/transformed.dl [48:1-48:64]"
         }
        }
       },
       "runtime": { "start": 4421129434, "end": 4421129456}
      },
      "32": {
       "copytime": { "start": 4421129608, "end": 4421129608},
       "maxRSS": {
        "post": 12768,
        "pre": 12768
       },
       "num-tuples": 0,
       "recursive-rule": {
        "sup_reach_bf_r1_2(x,y) :- \n   sup_reach_bf_r1_1(x,z),\n   edge(z,y).": {
         "0": {
          "maxRSS": {
           "post": 12768,
           "pre": 12768
          },
          "num-tuples": 0,
          "runtime": { "start": 4421129574, "end": 4421129574},
          "source-locator": "/root/compiler/measurements/m2-gate/reachability_complement/emit/transformed.dl [48:1-48:64]"
         }
        }
       },
       "runtime": { "start": 4421129565, "end": 4421129583}
      },
      "33": {
       "copytime": { "start": 4421129711, "end": 4421129711},
       "maxRSS": {
        "post": 12768,
        "pre": 12768
       },
       "num-tuples": 0,
       "recursive-rule": {
        "sup_reach_bf_r1_2(x,y) :- \n   sup_reach_bf_r1_1(x,z),\n   edge(z,y).": {
         "0": {
          "maxRSS": {
           "post": 12768,
           "pre": 12768
          },
          "num-tuples": 0,
          "runtime": { "start": 4421129647, "end": 4421129647},
          "source-locator": "/root/compiler/measurements/m2-gate/reachability_complement/emit/transformed.dl [48:1-48:64]"
         }
        }
       },
       "runtime": { "start": 4421129646, "end": 4421129653}
      },
      "34": {
       "maxRSS": {
        "post": 12768,
        "pre": 12768
       },
       "num-tuples": 0,
       "recursive-rule": {
        "sup_reach_bf_r1_2(x,y) :- \n   sup_reach_bf_r1_1(x,z),\n   edge(z,y).": {
         "0": {
          "maxRSS": {
           "post": 12768,
           "pre": 12768
          },
          "num-tuples": 0,
          "runtime": { "start": 4421129768, "end": 4421129771},
          "source-locator": "/root/compiler/measurements/m2-gate/reachability_complement/emit/transformed.dl [48:1-48:64]"
         }
        }
       },
       "runtime": { "start": 4421129760, "end": 4421129788}
      },
      "4": {
       "copytime": { "start": 4421126497, "end": 4421126501},
       "maxRSS": {
        "post": 12512,
        "pre": 12512
       },
       "num-tuples": 26,
       "recursive-rule": {
        "sup_reach_bf_r1_2(x,y) :- \n   sup_reach_bf_r1_1(x,z),\n   edge(z,y).": {
         "0": {
          "maxRSS": {
           "post": 12512,
           "pre": 12512
          },
          "num-tuples": 26,
          "runtime": { "start": 4421126449, "end": 4421126457},
          "source-locator": "/root/compiler/measurements/m2-gate/reachability_complement/emit/transformed.dl [48:1-48:64]"
         }
        }
       },
       "runtime": { "start": 4421126441, "end": 4421126465}
      },
      "5": {
       "copytime": { "start": 4421126552, "end": 4421126553},
       "maxRSS": {
        "post": 12512,
        "pre": 12512
       },
       "num-tuples": 0,
       "recursive-rule": {
        "sup_reach_bf_r1_2(x,y) :- \n   sup_reach_bf_r1_1(x,z),\n   edge(z,y).": {
         "0": {
          "maxRSS": {
           "post": 12512,
           "pre": 12512
          },
          "num-tuples": 0,
          "runtime": { "start": 4421126528, "end": 4421126528},
          "source-locator": "/root/compiler/measurements/m2-gate/reachability_complement/emit/transformed.dl [48:1-48:64]"
         }
        }
       },
       "runtime": { "start": 4421126527, "end": 4421126533}
      },
      "6": {
       "copytime": { "start": 4421126618, "end": 4421126628},
       "maxRSS": {
        "post": 12512,
        "pre": 12512
       },
       "num-tuples": 0,
       "recursive-rule": {
        "sup_reach_bf_r1_2(x,y) :- \n   sup_reach_bf_r1_1(x,z),\n   edge(z,y).": {
         "0": {
          "maxRSS": {
           "post": 12512,
           "pre": 12512
          },
          "num-tuples": 0,
          "runtime": { "start": 4421126583, "end": 4421126584},
          "source-locator": "/root/compiler/measurements/m2-gate/reachability_complement/emit/transformed.dl [48:1-48:64]"
         }
        }
       },
       "runtime": { "start": 4421126574, "end": 4421126592}
      },
      "7": {
       "copytime": { "start": 4421126708, "end": 4421126711},
       "maxRSS": {
        "post": 12512,
        "pre": 12512
       },
       "num-tuples": 35,
       "recursive-rule": {
        "sup_reach_bf_r1_2(x,y) :- \n   sup_reach_bf_r1_1(x,z),\n   edge(z,y).": {
         "0": {
          "maxRSS": {
           "post": 12512,
           "pre": 12512
          },
          "num-tuples": 35,
          "runtime": { "start": 4421126665, "end": 4421126675},
          "source-locator": "/root/compiler/measurements/m2-gate/reachability_complement/emit/transformed.dl [48:1-48:64]"
         }
        }
       },
       "runtime": { "start": 4421126656, "end": 4421126685}
      },
      "8": {
       "copytime": { "start": 4421126765, "end": 4421126765},
       "maxRSS": {
        "post": 12512,
        "pre": 12512
       },
       "num-tuples": 0,
       "recursive-rule": {
        "sup_reach_bf_r1_2(x,y) :- \n   sup_reach_bf_r1_1(x,z),\n   edge(z,y).": {
         "0": {
          "maxRSS": {
           "post": 12512,
           "pre": 12512
          },
          "num-tuples": 0,
          "runtime": { "start": 4421126737, "end": 4421126737},
          "source-locator": "/root/compiler/measurements/m2-gate/reachability_complement/emit/transformed.dl [48:1-48:64]"
         }
        }
       },
       "runtime": { "start": 4421126736, "end": 4421126742}
      },
      "9": {
       "copytime": { "start": 4421126848, "end": 4421126849},
       "maxRSS": {
        "post": 12640,
        "pre": 12512
       },
       "num-tuples": 0,
       "recursive-rule": {
        "sup_reach_bf_r1_2(x,y) :- \n   sup_reach_bf_r1_1(x,z),\n   edge(z,y).": {
         "0": {
          "maxRSS": {
           "post": 12512,
           "pre": 12512
          },
          "num-tuples": 0,
          "runtime": { "start": 4421126812, "end": 4421126813},
          "source-locator": "/root/compiler/measurements/m2-gate/reachability_complement/emit/transformed.dl [48:1-48:64]"
         }
        }
       },
       "runtime": { "start": 4421126803, "end": 4421126822}
      }
     },
     "num-tuples": 0,
     "reads": 444,
     "source-locator": "/root/compiler/measurements/m2-gate/reachability_complement/emit/transformed.dl [27:7-27:24]"
    },
    "sup_unreach_bf_r0_1": {
     "maxRSS": {
      "post": 12512,
      "pre": 12384
     },
     "non-recursive-rule": {
      "sup_unreach_bf_r0_1(x) :- \n   magic_unreach_bf(x),\n   node(x).": {
       "atom-frequency": {
        "sup_unreach_bf_r0_1(x) :- \n   magic_unreach_bf(x),\n   node(x).": {
         "magic_unreach_bf": {
          "level": 0,
          "num-tuples": 0
         }
        }
       },
       "maxRSS": {
        "post": 12512,
        "pre": 12384
       },
       "num-tuples": 1,
       "runtime": { "start": 4421125984, "end": 4421125989},
       "source-locator": "/root/compiler/measurements/m2-gate/reachability_complement/emit/transformed.dl [30:1-30:59]"
      }
     },
     "num-tuples": 1,
     "reads": 0,
     "runtime": { "start": 4421125975, "end": 4421125998},
     "source-locator": "/root/compiler/measurements/m2-gate/reachability_complement/emit/transformed.dl [10:7-10:26]"
    },
    "sup_unreach_bf_r0_2": {
     "maxRSS": {
      "post": 12512,
      "pre": 12512
     },
     "non-recursive-rule": {
      "sup_unreach_bf_r0_2(x,y) :- \n   sup_unreach_bf_r0_1(x),\n   node(y).": {
       "atom-frequency": {
        "sup_unreach_bf_r0_2(x,y) :- \n   sup_unreach_bf_r0_1(x),\n   node(y).": {
         "node": {
          "level": 1,
          "num-tuples": 0
         },
         "sup_unreach_bf_r0_1": {
          "level": 0,
          "num-tuples": 0
         }
        }
       },
       "maxRSS": {
        "post": 12512,
        "pre": 12512
       },
       "num-tuples": 250,
       "runtime": { "start": 4421126013, "end": 4421126024},
       "source-locator": "/root/compiler/measurements/m2-gate/reachability_complement/emit/transformed.dl [31:1-31:62]"
      }
     },
     "num-tuples": 250,
     "reads": 0,
     "runtime": { "start": 4421126004, "end": 4421126037},
     "source-locator": "/root/compiler/measurements/m2-gate/reachability_complement/emit/transformed.dl [11:7-11:26]"
    },
    "sup_unreach_bf_r0_3": {
     "maxRSS": {
      "post": 14304,
      "pre": 14304
     },
     "non-recursive-rule": {
      "sup_unreach_bf_r0_3(x,y) :- \n   sup_unreach_bf_r0_2(x,y),\n   !reach_bb(x,y).": {
       "atom-frequency": {
        "sup_unreach_bf_r0_3(x,y) :- \n   sup_unreach_bf_r0_2(x,y),\n   !reach_bb(x,y).": {
         "sup_unreach_bf_r0_2": {
          "level": 0,
          "num-tuples": 0
         }
        }
       },
       "maxRSS": {
        "post": 14304,
        "pre": 14304
       },
       "num-tuples": 34,
       "runtime": { "start": 4421135936, "end": 4421135952},
       "source-locator": "/root/compiler/measurements/m2-gate/reachability_complement/emit/transformed.dl [32:1-32:73]"
      }
     },
     "num-tuples": 34,
     "reads": 0,
     "runtime": { "start": 4421135935, "end": 4421135958},
     "source-locator": "/root/compiler/measurements/m2-gate/reachability_complement/emit/transformed.dl [12:7-12:26]"
    }
   },
   "runtime": { "start": 4421125676, "end": 4421136081},
   "starttime": { "time": 4421125641},
   "usage": {
    "timepoint": {
     "4421125656": {
      "maxRSS": 11684,
      "systemtime": 0,
      "usertime": 4125
     },
     "4421125703": {
      "maxRSS": 11812,
      "systemtime": 0,
      "usertime": 5841
     },
     "4421125962": {
      "maxRSS": 12384,
      "systemtime": 0,
      "usertime": 6086
     },
     "4421125994": {
      "maxRSS": 12512,
      "systemtime": 0,
      "usertime": 6165
     },
     "4421126044": {
      "maxRSS": 12512,
      "systemtime": 0,
      "usertime": 6227
     },
     "4421126100": {
      "maxRSS": 12512,
      "systemtime": 0,
      "usertime": 6299
     },
     "4421126132": {
      "maxRSS": 12512,
      "systemtime": 0,
      "usertime": 6335
     },
     "4421126166": {
      "maxRSS": 12512,
      "systemtime": 0,
      "usertime": 6387
     },
     "4421126265": {
      "maxRSS": 12512,
      "systemtime": 0,
      "usertime": 6503
     },
     "4421126275": {
      "maxRSS": 12512,
      "systemtime": 0,
      "usertime": 6524
     },
     "4421126286": {
      "maxRSS": 12512,
      "systemtime": 0,
      "usertime": 6541
     },
     "4421126305": {
      "maxRSS": 12512,
      "systemtime": 0,
      "usertime": 6560
     },
     "4421126326": {
      "maxRSS": 12512,
      "systemtime": 0,
      "usertime": 6589
     },
     "4421126425": {
      "maxRSS": 12512,
      "systemtime": 0,
      "usertime": 6704
     },
     "4421126453": {
      "maxRSS": 12512,
      "systemtime": 0,
      "usertime": 6744
     },
     "4421126556": {
      "maxRSS": 12512,
      "systemtime": 0,
      "usertime": 6864
     },
     "4421126592": {
      "maxRSS": 12512,
      "systemtime": 0,
      "usertime": 6912
     },
     "4421126599": {
      "maxRSS": 12512,
      "systemtime": 0,
      "usertime": 6926
     },
     "4421126612": {
      "maxRSS": 12512,
      "systemtime": 0,
      "usertime": 6944
     },
     "4421126640": {
      "maxRSS": 12512,
      "systemtime": 0,
      "usertime": 6982
     },
     "4421126759": {
      "maxRSS": 12512,
      "systemtime": 0,
      "usertime": 7125
     },
     "4421126792": {
      "maxRSS": 12512,
      "systemtime": 0,
      "usertime": 7164
     },
     "4421126897": {
      "maxRSS": 12640,
      "systemtime": 0,
      "usertime": 7291
     },
     "4421126908": {
      "maxRSS": 12640,
      "systemtime": 0,
      "usertime": 7309
     },
     "4421126918": {
      "maxRSS": 12640,
      "systemtime": 0,
      "usertime": 7327
     },
     "4421126933": {
      "maxRSS": 12640,
      "systemtime": 0,
      "usertime": 7346
     },
     "4421126970": {
      "maxRSS": 12640,
      "systemtime": 0,
      "usertime": 7389
     },
     "4421126992": {
      "maxRSS": 12640,
      "systemtime": 0,
      "usertime": 7418
     },
     "4421127016": {
      "maxRSS": 12640,
      "systemtime": 0,
      "usertime": 7447
     },
     "4421127034": {
      "maxRSS": 12640,
      "systemtime": 0,
      "usertime": 7471
     },
     "4421127057": {
      "maxRSS": 12640,
      "systemtime": 0,
      "usertime": 7499
     },
     "4421127075": {
      "maxRSS": 12640,
      "systemtime": 0,
      "usertime": 7523
     },
     "4421127099": {
      "maxRSS": 12640,
      "systemtime": 0,
      "usertime": 7553
     },
     "4421127127": {
      "maxRSS": 12640,
      "systemtime": 0,
      "usertime": 7577
     },
     "4421127154": {
      "maxRSS": 12640,
      "systemtime": 0,
      "usertime": 7619
     },
     "4421127173": {
      "maxRSS": 12640,
      "systemtime": 0,
      "usertime": 7643
     },
     "4421127192": {
      "maxRSS": 12640,
      "systemtime": 0,
      "usertime": 7670
     },
     "4421127204": {
      "maxRSS": 12640,
      "systemtime": 0,
      "usertime": 7687
     },
     "4421127227": {
      "maxRSS": 12640,
      "systemtime": 0,
      "usertime": 7714
     },
     "4421127250": {
      "maxRSS": 12640,
      "systemtime": 0,
      "usertime": 7742
     },
     "4421127287": {
      "maxRSS": 12640,
      "systemtime": 0,
      "usertime": 7784
     },
     "4421127306": {
      "maxRSS": 12640,
      "systemtime": 0,
      "usertime": 7808
     },
     "4421127325": {
      "maxRSS": 12640,
      "systemtime": 0,
      "usertime": 7833
     },
     "4421127347": {
      "maxRSS": 12640,
      "systemtime": 0,
      "usertime": 7860
     },
     "4421127373": {
      "maxRSS": 12640,
      "systemtime": 0,
      "usertime": 7892
     },
     "4421127396": {
      "maxRSS": 12640,
      "systemtime": 0,
      "usertime": 7921
     },
     "4421127420": {
      "maxRSS": 12640,
      "systemtime": 0,
      "usertime": 7950
     },
     "4421127439": {
      "maxRSS": 12640,
      "systemtime": 0,
      "usertime": 7974
     },
     "4421127460": {
      "maxRSS": 12640,
      "systemtime": 0,
      "usertime": 8001
     },
     "4421127479": {
      "maxRSS": 12640,
      "systemtime": 0,
      "usertime": 8025
     },
     "4421127503": {
      "maxRSS": 12640,
      "systemtime": 0,
      "usertime": 8058
     },
     "4421127530": {
      "maxRSS": 12640,
      "systemtime": 0,
      "usertime": 8088
     },
     "4421127557": {
      "maxRSS": 12640,
      "systemtime": 0,
      "usertime": 8120
     },
     "4421127575": {
      "maxRSS": 12640,
      "systemtime": 0,
      "usertime": 8144
     },
     "4421127595": {
      "maxRSS": 12640,
      "systemtime": 0,
      "usertime": 8171
     },
     "4421127611": {
      "maxRSS": 12640,
      "systemtime": 0,
      "usertime": 8191
     },
     "4421127637": {
      "maxRSS": 12640,
      "systemtime": 0,
      "usertime": 8222
     },
     "4421127660": {
      "maxRSS": 12640,
      "systemtime": 0,
      "usertime": 8251
     },
     "4421127695": {
      "maxRSS": 12640,
      "systemtime": 0,
      "usertime": 8291
     },
     "4421127714": {
      "maxRSS": 12640,
      "systemtime": 0,
      "usertime": 8315
     },
     "4421127733": {
      "maxRSS": 12640,
      "systemtime": 0,
      "usertime": 8339
     },
     "4421127754": {
      "maxRSS": 12640,
      "systemtime": 0,
      "usertime": 8366
     },
     "4421127780": {
      "maxRSS": 12640,
      "systemtime": 0,
      "usertime": 8397
     },
     "4421127810": {
      "maxRSS": 12640,
      "systemtime": 0,
      "usertime": 8434
     },
     "4421127832": {
      "maxRSS": 12640,
      "systemtime": 0,
      "usertime": 8461
     },
     "4421127851": {
      "maxRSS": 12640,
      "systemtime": 0,
      "usertime": 8485
     },
     "4421127875": {
      "maxRSS": 12640,
      "systemtime": 0,
      "usertime": 8513
     },
     "4421127892": {
      "maxRSS": 12640,
      "systemtime": 0,
      "usertime": 8537
     },
     "4421127913": {
      "maxRSS": 12640,
      "systemtime": 0,
      "usertime": 8563
     },
     "4421127940": {
      "maxRSS": 12640,
      "systemtime": 0,
      "usertime": 8595
     },
     "4421127963": {
      "maxRSS": 12640,
      "systemtime": 0,
      "usertime": 8624
     },
     "4421127982": {
      "maxRSS": 12640,
      "systemtime": 0,
      "usertime": 8648
     },
     "4421128018": {
      "maxRSS": 12640,
      "systemtime": 0,
      "usertime": 8694
     },
     "4421128040": {
      "maxRSS": 12640,
      "systemtime": 0,
      "usertime": 8721
     },
     "4421128069": {
      "maxRSS": 12640,
      "systemtime": 0,
      "usertime": 8753
     },
     "4421128103": {
      "maxRSS": 12640,
      "systemtime": 0,
      "usertime": 8796
     },
     "4421128110": {
      "maxRSS": 12640,
      "systemtime": 0,
      "usertime": 8814
     },
     "4421128113": {
      "maxRSS": 12640,
      "systemtime": 0,
      "usertime": 8821
     },
     "4421128131": {
      "maxRSS": 12640,
      "systemtime": 0,
      "usertime": 8843
     },
     "4421128150": {
      "maxRSS": 12640,
      "systemtime": 0,
      "usertime": 8869
     },
     "4421128176": {
      "maxRSS": 12640,
      "systemtime": 0,
      "usertime": 8898
     },
     "4421128199": {
      "maxRSS": 12640,
      "systemtime": 0,
      "usertime": 8928
     },
     "4421128223": {
      "maxRSS": 12640,
      "systemtime": 0,
      "usertime": 8959
     },
     "4421128242": {
      "maxRSS": 12640,
      "systemtime": 0,
      "usertime": 8985
     },
     "4421128263": {
      "maxRSS": 12640,
      "systemtime": 0,
      "usertime": 9012
     },
     "4421128282": {
      "maxRSS": 12640,
      "systemtime": 0,
      "usertime": 9038
     },
     "4421128304": {
      "maxRSS": 12640,
      "systemtime": 0,
      "usertime": 9070
     },
     "4421128331": {
      "maxRSS": 12640,
      "systemtime": 0,
      "usertime": 9100
     },
     "4421128354": {
      "maxRSS": 12640,
      "systemtime": 0,
      "usertime": 9130
     },
     "4421128373": {
      "maxRSS": 12640,
      "systemtime": 0,
      "usertime": 9156
     },
     "4421128392": {
      "maxRSS": 12640,
      "systemtime": 0,
      "usertime": 9183
     },
     "4421128412": {
      "maxRSS": 12640,
      "systemtime": 0,
      "usertime": 9209
     },
     "4421128436": {
      "maxRSS": 12640,
      "systemtime": 0,
      "usertime": 9240
     },
     "4421128459": {
      "maxRSS": 12640,
      "systemtime": 0,
      "usertime": 9269
     },
     "4421128490": {
      "maxRSS": 12768,
      "systemtime": 0,
      "usertime": 9306
     },
     "4421128501": {
      "maxRSS": 12768,
      "systemtime": 0,
      "usertime": 9327
     },
     "4421128518": {
      "maxRSS": 12768,
      "systemtime": 0,
      "usertime": 9348
     },
     "4421128537": {
      "maxRSS": 12768,
      "systemtime": 0,
      "usertime": 9375
     },
     "4421128563": {
      "maxRSS": 12768,
      "systemtime": 0,
      "usertime": 9407
     },
     "4421128589": {
      "maxRSS": 12768,
      "systemtime": 0,
      "usertime": 9441
     },
     "4421128610": {
      "maxRSS": 12768,
      "systemtime": 0,
      "usertime": 9472
     },
     "4421128630": {
      "maxRSS": 12768,
      "systemtime": 0,
      "usertime": 9500
     },
     "4421128651": {
      "maxRSS": 12768,
      "systemtime": 0,
      "usertime": 9528
     },
     "4421128673": {
      "maxRSS": 12768,
      "systemtime": 0,
      "usertime": 9557
     },
     "4421128700": {
      "maxRSS": 12768,
      "systemtime": 0,
      "usertime": 9593
     },
     "4421128725": {
      "maxRSS": 12768,
      "systemtime": 0,
      "usertime": 9623
     },
     "4421128749": {
      "maxRSS": 12768,
      "systemtime": 0,
      "usertime": 9653
     },
     "4421128772": {
      "maxRSS": 12768,
      "systemtime": 0,
      "usertime": 9687
     },
     "4421128791": {
      "maxRSS": 12768,
      "systemtime": 0,
      "usertime": 9712
     },
     "4421128820": {
      "maxRSS": 12768,
      "systemtime": 0,
      "usertime": 9749
     },
     "4421128844": {
      "maxRSS": 12768,
      "systemtime": 0,
      "usertime": 9783
     },
     "4421128871": {
      "maxRSS": 12768,
      "systemtime": 0,
      "usertime": 9813
     },
     "4421128891": {
      "maxRSS": 12768,
      "systemtime": 0,
      "usertime": 9840
     },
     "4421128910": {
      "maxRSS": 12768,
      "systemtime": 0,
      "usertime": 9867
     },
     "4421128929": {
      "maxRSS": 12768,
      "systemtime": 0,
      "usertime": 9895
     },
     "4421128952": {
      "maxRSS": 12768,
      "systemtime": 0,
      "usertime": 9923
     },
     "4421128976": {
      "maxRSS": 12768,
      "systemtime": 0,
      "usertime": 9953
     },
     "4421129000": {
      "maxRSS": 12768,
      "systemtime": 0,
      "usertime": 9983
     },
     "4421129019": {
      "maxRSS": 12768,
      "systemtime": 0,
      "usertime": 10010
     },
     "4421129039": {
      "maxRSS": 12768,
      "systemtime": 0,
      "usertime": 10036
     },
     "4421129075": {
      "maxRSS": 12768,
      "systemtime": 0,
      "usertime": 10086
     },
     "4421129168": {
      "maxRSS": 12768,
      "systemtime": 0,
      "usertime": 10196
     },
     "4421129182": {
      "maxRSS": 12768,
      "systemtime": 0,
      "usertime": 10219
     },
     "4421129199": {
      "maxRSS": 12768,
      "systemtime": 0,
      "usertime": 10240
     },
     "4421129227": {
      "maxRSS": 12768,
      "systemtime": 0,
      "usertime": 10282
     },
     "4421129256": {
      "maxRSS": 12768,
      "systemtime": 0,
      "usertime": 10315
     },
     "4421129278": {
      "maxRSS": 12768,
      "systemtime": 0,
      "usertime": 10347
     },
     "4421129298": {
      "maxRSS": 12768,
      "systemtime": 0,
      "usertime": 10373
     },
     "4421129304": {
      "maxRSS": 12768,
      "systemtime": 0,
      "usertime": 10388
     },
     "4421129334": {
      "maxRSS": 12768,
      "systemtime": 0,
      "usertime": 10421
     },
     "4421129368": {
      "maxRSS": 12768,
      "systemtime": 0,
      "usertime": 10474
     },
     "4421129388": {
      "maxRSS": 12768,
      "systemtime": 0,
      "usertime": 10500
     },
     "4421129396": {
      "maxRSS": 12768,
      "systemtime": 0,
      "usertime": 10518
     },
     "4421129401": {
      "maxRSS": 12768,
      "systemtime": 0,
      "usertime": 10528
     },
     "4421129424": {
      "maxRSS": 12768,
      "systemtime": 0,
      "usertime": 10553
     },
     "4421129447": {
      "maxRSS": 12768,
      "systemtime": 0,
      "usertime": 10587
     },
     "4421129474": {
      "maxRSS": 12768,
      "systemtime": 0,
      "usertime": 10617
     },
     "4421129493": {
      "maxRSS": 12768,
      "systemtime": 0,
      "usertime": 10643
     },
     "4421129513": {
      "maxRSS": 12768,
      "systemtime": 0,
      "usertime": 10670
     },
     "4421129532": {
      "maxRSS": 12768,
      "systemtime": 0,
      "usertime": 10698
     },
     "4421129557": {
      "maxRSS": 12768,
      "systemtime": 0,
      "usertime": 10728
     },
     "4421129595": {
      "maxRSS": 12768,
      "systemtime": 0,
      "usertime": 10784
     },
     "4421129606": {
      "maxRSS": 12768,
      "systemtime": 0,
      "usertime": 10807
     },
     "4421129616": {
      "maxRSS": 12768,
      "systemtime": 0,
      "usertime": 10821
     },
     "4421129639": {
      "maxRSS": 12768,
      "systemtime": 0,
      "usertime": 10847
     },
     "4421129648": {
      "maxRSS": 12768,
      "systemtime": 0,
      "usertime": 10872
     },
     "4421129671": {
      "maxRSS": 12768,
      "systemtime": 0,
      "usertime": 10896
     },
     "4421129691": {
      "maxRSS": 12768,
      "systemtime": 0,
      "usertime": 10922
     },
     "4421129710": {
      "maxRSS": 12768,
      "systemtime": 0,
      "usertime": 10949
     },
     "4421129728": {
      "maxRSS": 12768,
      "systemtime": 0,
      "usertime": 10975
     },
     "4421129751": {
      "maxRSS": 12768,
      "systemtime": 0,
      "usertime": 11004
     },
     "4421129773": {
      "maxRSS": 12768,
      "systemtime": 0,
      "usertime": 11036
     },
     "4421129831": {
      "maxRSS": 12768,
      "systemtime": 0,
      "usertime": 11095
     },
     "4421130929": {
      "maxRSS": 13280,
      "systemtime": 0,
      "usertime": 11111
     },
     "4421132073": {
      "maxRSS": 13664,
      "systemtime": 0,
      "usertime": 13301
     },
     "4421133169": {
      "maxRSS": 14176,
      "systemtime": 0,
      "usertime": 13309
     },
     "4421133801": {
      "maxRSS": 14304,
      "systemtime": 0,
      "usertime": 15089
     },
     "4421134904": {
      "maxRSS": 14304,
      "systemtime": 0,
      "usertime": 15102
     },
     "4421135938": {
      "maxRSS": 14304,
      "systemtime": 0,
      "usertime": 17289
     },
     "4421135977": {
      "maxRSS": 14304,
      "systemtime": 0,
      "usertime": 17341
     },
     "4421136012": {
      "maxRSS": 14304,
      "systemtime": 0,
      "usertime": 17374
     }
    }
   }
  }
 }
}
