{
 "root": {
  "program": {
   "configuration": {
    "": "/root/compiler/tests/corpus/BENCHMARK_FAMILY/transitive_closure_bound.dl",
    "fact-dir": "/root/compiler/fixtures/benchmark-family/transitive_closure_bound/n2000",
    "include-dir": ".",
    "jobs": "1",
    "libraries": "functors",
    "library-dir": ".",
    "output-dir": "/root/compiler/measurements/m3-5-headline-m4/family/transitive_closure_bound/n2000/none",
    "profile": "prof.log",
    "relationCount": "3",
    "ruleCount": "5",
    "version": "2.5",
    "warn": "all",
    "wno": "none"
   },
   "relation": {
    "edge": {
     "loadtime": { "start": 22171789084, "end": 22171791589},
     "num-tuples": 4000,
     "reads": 0,
     "source-locator": "/root/compiler/tests/corpus/BENCHMARK_FAMILY/transitive_closure_bound.dl [17:7-17:11]"
    },
    "q_tc": {
     "maxRSS": {
      "post": 55608,
      "pre": 55608
     },
     "non-recursive-rule": {
      "q_tc(y) :- \n   tc(1,y).": {
       "atom-frequency": {
        "q_tc(y) :- \n   tc(1,y).": {
         "tc": {
          "level": 0,
          "num-tuples": 0
         }
        }
       },
       "maxRSS": {
        "post": 55608,
        "pre": 55608
       },
       "num-tuples": 50,
       "runtime": { "start": 22172698947, "end": 22172698952},
       "source-locator": "/root/compiler/tests/corpus/BENCHMARK_FAMILY/transitive_closure_bound.dl [26:1-26:20]"
      }
     },
     "num-tuples": 50,
     "reads": 0,
     "runtime": { "start": 22172698947, "end": 22172698958},
     "savetime": { "start": 22172698962, "end": 22172699117},
     "source-locator": "/root/compiler/tests/corpus/BENCHMARK_FAMILY/transitive_closure_bound.dl [24:7-24:11]"
    },
    "tc": {
     "iteration": {
      "0": {
       "copytime": { "start": 22171793767, "end": 22171794487},
       "maxRSS": {
        "post": 14000,
        "pre": 14000
       },
       "num-tuples": 8585,
       "recursive-rule": {
        "tc(x,y) :- \n   tc(x,z),\n   edge(z,y).": {
         "0": {
          "atom-frequency": {
           "@new_tc(x,y) :- \n   @delta_tc(x,z),\n   edge(z,y).": {
            "@delta_tc": {
             "level": 0,
             "num-tuples": 0
            },
            "edge": {
             "level": 1,
             "num-tuples": 0
            }
           }
          },
          "maxRSS": {
           "post": 14000,
           "pre": 14000
          },
          "num-tuples": 8585,
          "runtime": { "start": 22171792014, "end": 22171793731},
          "source-locator": "/root/compiler/tests/corpus/BENCHMARK_FAMILY/transitive_closure_bound.dl [22:1-22:31]"
         }
        }
       },
       "runtime": { "start": 22171791997, "end": 22171793743}
      },
      "1": {
       "copytime": { "start": 22171798275, "end": 22171799794},
       "maxRSS": {
        "post": 14000,
        "pre": 14000
       },
       "num-tuples": 18091,
       "recursive-rule": {
        "tc(x,y) :- \n   tc(x,z),\n   edge(z,y).": {
         "0": {
          "maxRSS": {
           "post": 14000,
           "pre": 14000
          },
          "num-tuples": 18091,
          "runtime": { "start": 22171794503, "end": 22171798236},
          "source-locator": "/root/compiler/tests/corpus/BENCHMARK_FAMILY/transitive_closure_bound.dl [22:1-22:31]"
         }
        }
       },
       "runtime": { "start": 22171794493, "end": 22171798250}
      },
      "10": {
       "copytime": { "start": 22172139992, "end": 22172155893},
       "maxRSS": {
        "post": 35768,
        "pre": 34872
       },
       "num-tuples": 147742,
       "recursive-rule": {
        "tc(x,y) :- \n   tc(x,z),\n   edge(z,y).": {
         "0": {
          "maxRSS": {
           "post": 35768,
           "pre": 34872
          },
          "num-tuples": 147742,
          "runtime": { "start": 22172073702, "end": 22172139831},
          "source-locator": "/root/compiler/tests/corpus/BENCHMARK_FAMILY/transitive_closure_bound.dl [22:1-22:31]"
         }
        }
       },
       "runtime": { "start": 22172073682, "end": 22172139891}
      },
      "11": {
       "copytime": { "start": 22172226687, "end": 22172243175},
       "maxRSS": {
        "post": 40376,
        "pre": 39864
       },
       "num-tuples": 149996,
       "recursive-rule": {
        "tc(x,y) :- \n   tc(x,z),\n   edge(z,y).": {
         "0": {
          "maxRSS": {
           "post": 40376,
           "pre": 39864
          },
          "num-tuples": 149996,
          "runtime": { "start": 22172155920, "end": 22172226519},
          "source-locator": "/root/compiler/tests/corpus/BENCHMARK_FAMILY/transitive_closure_bound.dl [22:1-22:31]"
         }
        }
       },
       "runtime": { "start": 22172155904, "end": 22172226583}
      },
      "12": {
       "copytime": { "start": 22172314471, "end": 22172331175},
       "maxRSS": {
        "post": 44472,
        "pre": 44472
       },
       "num-tuples": 140681,
       "recursive-rule": {
        "tc(x,y) :- \n   tc(x,z),\n   edge(z,y).": {
         "0": {
          "maxRSS": {
           "post": 44472,
           "pre": 44472
          },
          "num-tuples": 140681,
          "runtime": { "start": 22172243203, "end": 22172314209},
          "source-locator": "/root/compiler/tests/corpus/BENCHMARK_FAMILY/transitive_closure_bound.dl [22:1-22:31]"
         }
        }
       },
       "runtime": { "start": 22172243187, "end": 22172314339}
      },
      "13": {
       "copytime": { "start": 22172396779, "end": 22172411503},
       "maxRSS": {
        "post": 48312,
        "pre": 48312
       },
       "num-tuples": 123386,
       "recursive-rule": {
        "tc(x,y) :- \n   tc(x,z),\n   edge(z,y).": {
         "0": {
          "maxRSS": {
           "post": 48312,
           "pre": 48312
          },
          "num-tuples": 123386,
          "runtime": { "start": 22172331206, "end": 22172396662},
          "source-locator": "/root/compiler/tests/corpus/BENCHMARK_FAMILY/transitive_closure_bound.dl [22:1-22:31]"
         }
        }
       },
       "runtime": { "start": 22172331186, "end": 22172396712}
      },
      "14": {
       "copytime": { "start": 22172470429, "end": 22172483518},
       "maxRSS": {
        "post": 51256,
        "pre": 51128
       },
       "num-tuples": 102031,
       "recursive-rule": {
        "tc(x,y) :- \n   tc(x,z),\n   edge(z,y).": {
         "0": {
          "maxRSS": {
           "post": 51256,
           "pre": 51128
          },
          "num-tuples": 102031,
          "runtime": { "start": 22172411537, "end": 22172470307},
          "source-locator": "/root/compiler/tests/corpus/BENCHMARK_FAMILY/transitive_closure_bound.dl [22:1-22:31]"
         }
        }
       },
       "runtime": { "start": 22172411516, "end": 22172470356}
      },
      "15": {
       "copytime": { "start": 22172531756, "end": 22172542266},
       "maxRSS": {
        "post": 53176,
        "pre": 53176
       },
       "num-tuples": 79759,
       "recursive-rule": {
        "tc(x,y) :- \n   tc(x,z),\n   edge(z,y).": {
         "0": {
          "maxRSS": {
           "post": 53176,
           "pre": 53176
          },
          "num-tuples": 79759,
          "runtime": { "start": 22172483544, "end": 22172531658},
          "source-locator": "/root/compiler/tests/corpus/BENCHMARK_FAMILY/transitive_closure_bound.dl [22:1-22:31]"
         }
        }
       },
       "runtime": { "start": 22172483529, "end": 22172531697}
      },
      "16": {
       "copytime": { "start": 22172580986, "end": 22172589897},
       "maxRSS": {
        "post": 54456,
        "pre": 54456
       },
       "num-tuples": 59182,
       "recursive-rule": {
        "tc(x,y) :- \n   tc(x,z),\n   edge(z,y).": {
         "0": {
          "maxRSS": {
           "post": 54456,
           "pre": 54456
          },
          "num-tuples": 59182,
          "runtime": { "start": 22172542282, "end": 22172580923},
          "source-locator": "/root/compiler/tests/corpus/BENCHMARK_FAMILY/transitive_closure_bound.dl [22:1-22:31]"
         }
        }
       },
       "runtime": { "start": 22172542277, "end": 22172580945}
      },
      "17": {
       "copytime": { "start": 22172618132, "end": 22172624637},
       "maxRSS": {
        "post": 55096,
        "pre": 55096
       },
       "num-tuples": 41748,
       "recursive-rule": {
        "tc(x,y) :- \n   tc(x,z),\n   edge(z,y).": {
         "0": {
          "maxRSS": {
           "post": 55096,
           "pre": 55096
          },
          "num-tuples": 41748,
          "runtime": { "start": 22172589925, "end": 22172618081},
          "source-locator": "/root/compiler/tests/corpus/BENCHMARK_FAMILY/transitive_closure_bound.dl [22:1-22:31]"
         }
        }
       },
       "runtime": { "start": 22172589908, "end": 22172618100}
      },
      "18": {
       "copytime": { "start": 22172645964, "end": 22172651521},
       "maxRSS": {
        "post": 55480,
        "pre": 55480
       },
       "num-tuples": 28187,
       "recursive-rule": {
        "tc(x,y) :- \n   tc(x,z),\n   edge(z,y).": {
         "0": {
          "maxRSS": {
           "post": 55480,
           "pre": 55480
          },
          "num-tuples": 28187,
          "runtime": { "start": 22172624665, "end": 22172645909},
          "source-locator": "/root/compiler/tests/corpus/BENCHMARK_FAMILY/transitive_closure_bound.dl [22:1-22:31]"
         }
        }
       },
       "runtime": { "start": 22172624649, "end": 22172645929}
      },
      "19": {
       "copytime": { "start": 22172665979, "end": 22172670122},
       "maxRSS": {
        "post": 55608,
        "pre": 55480
       },
       "num-tuples": 18383,
       "recursive-rule": {
        "tc(x,y) :- \n   tc(x,z),\n   edge(z,y).": {
         "0": {
          "maxRSS": {
           "post": 55608,
           "pre": 55480
          },
          "num-tuples": 18383,
          "runtime": { "start": 22172651553, "end": 22172665930},
          "source-locator": "/root/compiler/tests/corpus/BENCHMARK_FAMILY/transitive_closure_bound.dl [22:1-22:31]"
         }
        }
       },
       "runtime": { "start": 22172651534, "end": 22172665948}
      },
      "2": {
       "copytime": { "start": 22171807724, "end": 22171810598},
       "maxRSS": {
        "post": 14264,
        "pre": 14000
       },
       "num-tuples": 31607,
       "recursive-rule": {
        "tc(x,y) :- \n   tc(x,z),\n   edge(z,y).": {
         "0": {
          "maxRSS": {
           "post": 14264,
           "pre": 14000
          },
          "num-tuples": 31607,
          "runtime": { "start": 22171799815, "end": 22171807682},
          "source-locator": "/root/compiler/tests/corpus/BENCHMARK_FAMILY/transitive_closure_bound.dl [22:1-22:31]"
         }
        }
       },
       "runtime": { "start": 22171799800, "end": 22171807696}
      },
      "20": {
       "copytime": { "start": 22172679474, "end": 22172682262},
       "maxRSS": {
        "post": 55608,
        "pre": 55608
       },
       "num-tuples": 11559,
       "recursive-rule": {
        "tc(x,y) :- \n   tc(x,z),\n   edge(z,y).": {
         "0": {
          "maxRSS": {
           "post": 55608,
           "pre": 55608
          },
          "num-tuples": 11559,
          "runtime": { "start": 22172670153, "end": 22172679429},
          "source-locator": "/root/compiler/tests/corpus/BENCHMARK_FAMILY/transitive_closure_bound.dl [22:1-22:31]"
         }
        }
       },
       "runtime": { "start": 22172670132, "end": 22172679446}
      },
      "21": {
       "copytime": { "start": 22172688451, "end": 22172689906},
       "maxRSS": {
        "post": 55608,
        "pre": 55608
       },
       "num-tuples": 6799,
       "recursive-rule": {
        "tc(x,y) :- \n   tc(x,z),\n   edge(z,y).": {
         "0": {
          "maxRSS": {
           "post": 55608,
           "pre": 55608
          },
          "num-tuples": 6799,
          "runtime": { "start": 22172682284, "end": 22172688412},
          "source-locator": "/root/compiler/tests/corpus/BENCHMARK_FAMILY/transitive_closure_bound.dl [22:1-22:31]"
         }
        }
       },
       "runtime": { "start": 22172682272, "end": 22172688426}
      },
      "22": {
       "copytime": { "start": 22172693300, "end": 22172694071},
       "maxRSS": {
        "post": 55608,
        "pre": 55608
       },
       "num-tuples": 3893,
       "recursive-rule": {
        "tc(x,y) :- \n   tc(x,z),\n   edge(z,y).": {
         "0": {
          "maxRSS": {
           "post": 55608,
           "pre": 55608
          },
          "num-tuples": 3893,
          "runtime": { "start": 22172689929, "end": 22172693263},
          "source-locator": "/root/compiler/tests/corpus/BENCHMARK_FAMILY/transitive_closure_bound.dl [22:1-22:31]"
         }
        }
       },
       "runtime": { "start": 22172689915, "end": 22172693276}
      },
      "23": {
       "copytime": { "start": 22172695926, "end": 22172696293},
       "maxRSS": {
        "post": 55608,
        "pre": 55608
       },
       "num-tuples": 2133,
       "recursive-rule": {
        "tc(x,y) :- \n   tc(x,z),\n   edge(z,y).": {
         "0": {
          "maxRSS": {
           "post": 55608,
           "pre": 55608
          },
          "num-tuples": 2133,
          "runtime": { "start": 22172694092, "end": 22172695890},
          "source-locator": "/root/compiler/tests/corpus/BENCHMARK_FAMILY/transitive_closure_bound.dl [22:1-22:31]"
         }
        }
       },
       "runtime": { "start": 22172694079, "end": 22172695901}
      },
      "24": {
       "copytime": { "start": 22172697316, "end": 22172697519},
       "maxRSS": {
        "post": 55608,
        "pre": 55608
       },
       "num-tuples": 1153,
       "recursive-rule": {
        "tc(x,y) :- \n   tc(x,z),\n   edge(z,y).": {
         "0": {
          "maxRSS": {
           "post": 55608,
           "pre": 55608
          },
          "num-tuples": 1153,
          "runtime": { "start": 22172696314, "end": 22172697282},
          "source-locator": "/root/compiler/tests/corpus/BENCHMARK_FAMILY/transitive_closure_bound.dl [22:1-22:31]"
         }
        }
       },
       "runtime": { "start": 22172696301, "end": 22172697293}
      },
      "25": {
       "copytime": { "start": 22172698050, "end": 22172698160},
       "maxRSS": {
        "post": 55608,
        "pre": 55608
       },
       "num-tuples": 626,
       "recursive-rule": {
        "tc(x,y) :- \n   tc(x,z),\n   edge(z,y).": {
         "0": {
          "maxRSS": {
           "post": 55608,
           "pre": 55608
          },
          "num-tuples": 626,
          "runtime": { "start": 22172697538, "end": 22172698015},
          "source-locator": "/root/compiler/tests/corpus/BENCHMARK_FAMILY/transitive_closure_bound.dl [22:1-22:31]"
         }
        }
       },
       "runtime": { "start": 22172697525, "end": 22172698027}
      },
      "26": {
       "copytime": { "start": 22172698464, "end": 22172698518},
       "maxRSS": {
        "post": 55608,
        "pre": 55608
       },
       "num-tuples": 308,
       "recursive-rule": {
        "tc(x,y) :- \n   tc(x,z),\n   edge(z,y).": {
         "0": {
          "maxRSS": {
           "post": 55608,
           "pre": 55608
          },
          "num-tuples": 308,
          "runtime": { "start": 22172698176, "end": 22172698433},
          "source-locator": "/root/compiler/tests/corpus/BENCHMARK_FAMILY/transitive_closure_bound.dl [22:1-22:31]"
         }
        }
       },
       "runtime": { "start": 22172698164, "end": 22172698443}
      },
      "27": {
       "copytime": { "start": 22172698675, "end": 22172698701},
       "maxRSS": {
        "post": 55608,
        "pre": 55608
       },
       "num-tuples": 140,
       "recursive-rule": {
        "tc(x,y) :- \n   tc(x,z),\n   edge(z,y).": {
         "0": {
          "maxRSS": {
           "post": 55608,
           "pre": 55608
          },
          "num-tuples": 140,
          "runtime": { "start": 22172698523, "end": 22172698646},
          "source-locator": "/root/compiler/tests/corpus/BENCHMARK_FAMILY/transitive_closure_bound.dl [22:1-22:31]"
         }
        }
       },
       "runtime": { "start": 22172698523, "end": 22172698655}
      },
      "28": {
       "copytime": { "start": 22172698781, "end": 22172698792},
       "maxRSS": {
        "post": 55608,
        "pre": 55608
       },
       "num-tuples": 57,
       "recursive-rule": {
        "tc(x,y) :- \n   tc(x,z),\n   edge(z,y).": {
         "0": {
          "maxRSS": {
           "post": 55608,
           "pre": 55608
          },
          "num-tuples": 57,
          "runtime": { "start": 22172698705, "end": 22172698756},
          "source-locator": "/root/compiler/tests/corpus/BENCHMARK_FAMILY/transitive_closure_bound.dl [22:1-22:31]"
         }
        }
       },
       "runtime": { "start": 22172698705, "end": 22172698763}
      },
      "29": {
       "copytime": { "start": 22172698829, "end": 22172698832},
       "maxRSS": {
        "post": 55608,
        "pre": 55608
       },
       "num-tuples": 19,
       "recursive-rule": {
        "tc(x,y) :- \n   tc(x,z),\n   edge(z,y).": {
         "0": {
          "maxRSS": {
           "post": 55608,
           "pre": 55608
          },
          "num-tuples": 19,
          "runtime": { "start": 22172698796, "end": 22172698815},
          "source-locator": "/root/compiler/tests/corpus/BENCHMARK_FAMILY/transitive_closure_bound.dl [22:1-22:31]"
         }
        }
       },
       "runtime": { "start": 22172698795, "end": 22172698822}
      },
      "3": {
       "copytime": { "start": 22171824019, "end": 22171827784},
       "maxRSS": {
        "post": 15544,
        "pre": 15032
       },
       "num-tuples": 40863,
       "recursive-rule": {
        "tc(x,y) :- \n   tc(x,z),\n   edge(z,y).": {
         "0": {
          "maxRSS": {
           "post": 15544,
           "pre": 15032
          },
          "num-tuples": 40863,
          "runtime": { "start": 22171810623, "end": 22171823958},
          "source-locator": "/root/compiler/tests/corpus/BENCHMARK_FAMILY/transitive_closure_bound.dl [22:1-22:31]"
         }
        }
       },
       "runtime": { "start": 22171810607, "end": 22171823974}
      },
      "30": {
       "copytime": { "start": 22172698865, "end": 22172698867},
       "maxRSS": {
        "post": 55608,
        "pre": 55608
       },
       "num-tuples": 9,
       "recursive-rule": {
        "tc(x,y) :- \n   tc(x,z),\n   edge(z,y).": {
         "0": {
          "maxRSS": {
           "post": 55608,
           "pre": 55608
          },
          "num-tuples": 9,
          "runtime": { "start": 22172698835, "end": 22172698842},
          "source-locator": "/root/compiler/tests/corpus/BENCHMARK_FAMILY/transitive_closure_bound.dl [22:1-22:31]"
         }
        }
       },
       "runtime": { "start": 22172698835, "end": 22172698847}
      },
      "31": {
       "copytime": { "start": 22172698901, "end": 22172698902},
       "maxRSS": {
        "post": 55608,
        "pre": 55608
       },
       "num-tuples": 2,
       "recursive-rule": {
        "tc(x,y) :- \n   tc(x,z),\n   edge(z,y).": {
         "0": {
          "maxRSS": {
           "post": 55608,
           "pre": 55608
          },
          "num-tuples": 2,
          "runtime": { "start": 22172698872, "end": 22172698875},
          "source-locator": "/root/compiler/tests/corpus/BENCHMARK_FAMILY/transitive_closure_bound.dl [22:1-22:31]"
         }
        }
       },
       "runtime": { "start": 22172698871, "end": 22172698882}
      },
      "32": {
       "copytime": { "start": 22172698921, "end": 22172698921},
       "maxRSS": {
        "post": 55608,
        "pre": 55608
       },
       "num-tuples": 1,
       "recursive-rule": {
        "tc(x,y) :- \n   tc(x,z),\n   edge(z,y).": {
         "0": {
          "maxRSS": {
           "post": 55608,
           "pre": 55608
          },
          "num-tuples": 1,
          "runtime": { "start": 22172698906, "end": 22172698907},
          "source-locator": "/root/compiler/tests/corpus/BENCHMARK_FAMILY/transitive_closure_bound.dl [22:1-22:31]"
         }
        }
       },
       "runtime": { "start": 22172698905, "end": 22172698914}
      },
      "33": {
       "maxRSS": {
        "post": 55608,
        "pre": 55608
       },
       "num-tuples": 0,
       "recursive-rule": {
        "tc(x,y) :- \n   tc(x,z),\n   edge(z,y).": {
         "0": {
          "maxRSS": {
           "post": 55608,
           "pre": 55608
          },
          "num-tuples": 0,
          "runtime": { "start": 22172698924, "end": 22172698925},
          "source-locator": "/root/compiler/tests/corpus/BENCHMARK_FAMILY/transitive_closure_bound.dl [22:1-22:31]"
         }
        }
       },
       "runtime": { "start": 22172698924, "end": 22172698930}
      },
      "4": {
       "copytime": { "start": 22171845090, "end": 22171850058},
       "maxRSS": {
        "post": 16952,
        "pre": 16568
       },
       "num-tuples": 44458,
       "recursive-rule": {
        "tc(x,y) :- \n   tc(x,z),\n   edge(z,y).": {
         "0": {
          "maxRSS": {
           "post": 16952,
           "pre": 16568
          },
          "num-tuples": 44458,
          "runtime": { "start": 22171827810, "end": 22171845042},
          "source-locator": "/root/compiler/tests/corpus/BENCHMARK_FAMILY/transitive_closure_bound.dl [22:1-22:31]"
         }
        }
       },
       "runtime": { "start": 22171827793, "end": 22171845059}
      },
      "5": {
       "copytime": { "start": 22171870928, "end": 22171876163},
       "maxRSS": {
        "post": 18488,
        "pre": 18104
       },
       "num-tuples": 51346,
       "recursive-rule": {
        "tc(x,y) :- \n   tc(x,z),\n   edge(z,y).": {
         "0": {
          "maxRSS": {
           "post": 18488,
           "pre": 18104
          },
          "num-tuples": 51346,
          "runtime": { "start": 22171850088, "end": 22171870865},
          "source-locator": "/root/compiler/tests/corpus/BENCHMARK_FAMILY/transitive_closure_bound.dl [22:1-22:31]"
         }
        }
       },
       "runtime": { "start": 22171850071, "end": 22171870886}
      },
      "6": {
       "copytime": { "start": 22171900295, "end": 22171906930},
       "maxRSS": {
        "post": 20536,
        "pre": 19896
       },
       "num-tuples": 66698,
       "recursive-rule": {
        "tc(x,y) :- \n   tc(x,z),\n   edge(z,y).": {
         "0": {
          "maxRSS": {
           "post": 20536,
           "pre": 19896
          },
          "num-tuples": 66698,
          "runtime": { "start": 22171876190, "end": 22171900234},
          "source-locator": "/root/compiler/tests/corpus/BENCHMARK_FAMILY/transitive_closure_bound.dl [22:1-22:31]"
         }
        }
       },
       "runtime": { "start": 22171876173, "end": 22171900256}
      },
      "7": {
       "copytime": { "start": 22171939104, "end": 22171947954},
       "maxRSS": {
        "post": 23352,
        "pre": 22328
       },
       "num-tuples": 88612,
       "recursive-rule": {
        "tc(x,y) :- \n   tc(x,z),\n   edge(z,y).": {
         "0": {
          "maxRSS": {
           "post": 23352,
           "pre": 22328
          },
          "num-tuples": 88612,
          "runtime": { "start": 22171906951, "end": 22171938990},
          "source-locator": "/root/compiler/tests/corpus/BENCHMARK_FAMILY/transitive_closure_bound.dl [22:1-22:31]"
         }
        }
       },
       "runtime": { "start": 22171906946, "end": 22171939032}
      },
      "8": {
       "copytime": { "start": 22171992080, "end": 22172004049},
       "maxRSS": {
        "post": 27064,
        "pre": 25656
       },
       "num-tuples": 112632,
       "recursive-rule": {
        "tc(x,y) :- \n   tc(x,z),\n   edge(z,y).": {
         "0": {
          "maxRSS": {
           "post": 27064,
           "pre": 25656
          },
          "num-tuples": 112632,
          "runtime": { "start": 22171947979, "end": 22171991880},
          "source-locator": "/root/compiler/tests/corpus/BENCHMARK_FAMILY/transitive_closure_bound.dl [22:1-22:31]"
         }
        }
       },
       "runtime": { "start": 22171947963, "end": 22171991943}
      },
      "9": {
       "copytime": { "start": 22172059280, "end": 22172073670},
       "maxRSS": {
        "post": 31288,
        "pre": 30008
       },
       "num-tuples": 134305,
       "recursive-rule": {
        "tc(x,y) :- \n   tc(x,z),\n   edge(z,y).": {
         "0": {
          "maxRSS": {
           "post": 31288,
           "pre": 30008
          },
          "num-tuples": 134305,
          "runtime": { "start": 22172004116, "end": 22172059078},
          "source-locator": "/root/compiler/tests/corpus/BENCHMARK_FAMILY/transitive_closure_bound.dl [22:1-22:31]"
         }
        }
       },
       "runtime": { "start": 22172004061, "end": 22172059158}
      }
     },
     "maxRSS": {
      "post": 14000,
      "pre": 14000
     },
     "non-recursive-rule": {
      "tc(x,y) :- \n   edge(x,y).": {
       "atom-frequency": {
        "tc(x,y) :- \n   edge(x,y).": {
         "edge": {
          "level": 0,
          "num-tuples": 0
         }
        }
       },
       "maxRSS": {
        "post": 14000,
        "pre": 14000
       },
       "num-tuples": 4000,
       "runtime": { "start": 22171791615, "end": 22171791797},
       "source-locator": "/root/compiler/tests/corpus/BENCHMARK_FAMILY/transitive_closure_bound.dl [21:1-21:22]"
      }
     },
     "num-tuples": 4000,
     "reads": 3080703,
     "runtime": { "start": 22171791599, "end": 22171791806},
     "source-locator": "/root/compiler/tests/corpus/BENCHMARK_FAMILY/transitive_closure_bound.dl [20:7-20:9]"
    }
   },
   "runtime": { "start": 22171789078, "end": 22172704984},
   "starttime": { "time": 22171789048},
   "usage": {
    "timepoint": {
     "22171789063": {
      "maxRSS": 14000,
      "systemtime": 0,
      "usertime": 2581
     },
     "22171790349": {
      "maxRSS": 14000,
      "systemtime": 0,
      "usertime": 4490
     },
     "22171791522": {
      "maxRSS": 14000,
      "systemtime": 0,
      "usertime": 4537
     },
     "22171791672": {
      "maxRSS": 14000,
      "systemtime": 0,
      "usertime": 5499
     },
     "22171792105": {
      "maxRSS": 14000,
      "systemtime": 0,
      "usertime": 5958
     },
     "22171793301": {
      "maxRSS": 14000,
      "systemtime": 0,
      "usertime": 5975
     },
     "22171793865": {
      "maxRSS": 14000,
      "systemtime": 0,
      "usertime": 7698
     },
     "22171794609": {
      "maxRSS": 14000,
      "systemtime": 0,
      "usertime": 8453
     },
     "22171795778": {
      "maxRSS": 14000,
      "systemtime": 0,
      "usertime": 8470
     },
     "22171796942": {
      "maxRSS": 14000,
      "systemtime": 0,
      "usertime": 9984
     },
     "22171798107": {
      "maxRSS": 14000,
      "systemtime": 0,
      "usertime": 10000
     },
     "22171798322": {
      "maxRSS": 14000,
      "systemtime": 0,
      "usertime": 12291
     },
     "22171799405": {
      "maxRSS": 14000,
      "systemtime": 0,
      "usertime": 12306
     },
     "22171799915": {
      "maxRSS": 14000,
      "systemtime": 0,
      "usertime": 13860
     },
     "22171801086": {
      "maxRSS": 14000,
      "systemtime": 0,
      "usertime": 14068
     },
     "22171802189": {
      "maxRSS": 14000,
      "systemtime": 0,
      "usertime": 14079
     },
     "22171803355": {
      "maxRSS": 14000,
      "systemtime": 0,
      "usertime": 14091
     },
     "22171804539": {
      "maxRSS": 14008,
      "systemtime": 0,
      "usertime": 18103
     },
     "22171805704": {
      "maxRSS": 14136,
      "systemtime": 0,
      "usertime": 18119
     },
     "22171806865": {
      "maxRSS": 14136,
      "systemtime": 0,
      "usertime": 18135
     },
     "22171807809": {
      "maxRSS": 14264,
      "systemtime": 0,
      "usertime": 21879
     },
     "22171809052": {
      "maxRSS": 14648,
      "systemtime": 0,
      "usertime": 22170
     },
     "22171810213": {
      "maxRSS": 14904,
      "systemtime": 0,
      "usertime": 22185
     },
     "22171810722": {
      "maxRSS": 15032,
      "systemtime": 0,
      "usertime": 24823
     },
     "22171811895": {
      "maxRSS": 15032,
      "systemtime": 0,
      "usertime": 24839
     },
     "22171813062": {
      "maxRSS": 15032,
      "systemtime": 0,
      "usertime": 26288
     },
     "22171814232": {
      "maxRSS": 15032,
      "systemtime": 0,
      "usertime": 26308
     },
     "22171815332": {
      "maxRSS": 15032,
      "systemtime": 0,
      "usertime": 26325
     },
     "22171816596": {
      "maxRSS": 15032,
      "systemtime": 0,
      "usertime": 30289
     },
     "22171817776": {
      "maxRSS": 15160,
      "systemtime": 0,
      "usertime": 30305
     },
     "22171818944": {
      "maxRSS": 15288,
      "systemtime": 0,
      "usertime": 30322
     },
     "22171820120": {
      "maxRSS": 15288,
      "systemtime": 0,
      "usertime": 34336
     },
     "22171821293": {
      "maxRSS": 15416,
      "systemtime": 0,
      "usertime": 34361
     },
     "22171822460": {
      "maxRSS": 15416,
      "systemtime": 0,
      "usertime": 34377
     },
     "22171823637": {
      "maxRSS": 15544,
      "systemtime": 0,
      "usertime": 34393
     },
     "22171824121": {
      "maxRSS": 15544,
      "systemtime": 0,
      "usertime": 38427
     },
     "22171825291": {
      "maxRSS": 15928,
      "systemtime": 0,
      "usertime": 38443
     },
     "22171826455": {
      "maxRSS": 16312,
      "systemtime": 0,
      "usertime": 38459
     },
     "22171827580": {
      "maxRSS": 16568,
      "systemtime": 0,
      "usertime": 38479
     },
     "22171827860": {
      "maxRSS": 16568,
      "systemtime": 0,
      "usertime": 42281
     },
     "22171829029": {
      "maxRSS": 16568,
      "systemtime": 0,
      "usertime": 42551
     },
     "22171830192": {
      "maxRSS": 16568,
      "systemtime": 0,
      "usertime": 42566
     },
     "22171831276": {
      "maxRSS": 16568,
      "systemtime": 0,
      "usertime": 42583
     },
     "22171832408": {
      "maxRSS": 16568,
      "systemtime": 0,
      "usertime": 46541
     },
     "22171833497": {
      "maxRSS": 16568,
      "systemtime": 0,
      "usertime": 46562
     },
     "22171834672": {
      "maxRSS": 16568,
      "systemtime": 0,
      "usertime": 46584
     },
     "22171835845": {
      "maxRSS": 16568,
      "systemtime": 0,
      "usertime": 46601
     },
     "22171837022": {
      "maxRSS": 16568,
      "systemtime": 0,
      "usertime": 50618
     },
     "22171838192": {
      "maxRSS": 16568,
      "systemtime": 0,
      "usertime": 50635
     },
     "22171839362": {
      "maxRSS": 16696,
      "systemtime": 0,
      "usertime": 50651
     },
     "22171840514": {
      "maxRSS": 16696,
      "systemtime": 0,
      "usertime": 54668
     },
     "22171841689": {
      "maxRSS": 16824,
      "systemtime": 0,
      "usertime": 54688
     },
     "22171842823": {
      "maxRSS": 16824,
      "systemtime": 0,
      "usertime": 54704
     },
     "22171843992": {
      "maxRSS": 16952,
      "systemtime": 0,
      "usertime": 54719
     },
     "22171845164": {
      "maxRSS": 16952,
      "systemtime": 3740,
      "usertime": 56103
     },
     "22171846336": {
      "maxRSS": 17336,
      "systemtime": 3741,
      "usertime": 56118
     },
     "22171847419": {
      "maxRSS": 17592,
      "systemtime": 3742,
      "usertime": 56134
     },
     "22171848510": {
      "maxRSS": 17848,
      "systemtime": 3742,
      "usertime": 59095
     },
     "22171849688": {
      "maxRSS": 18104,
      "systemtime": 3742,
      "usertime": 59112
     },
     "22171850152": {
      "maxRSS": 18104,
      "systemtime": 3819,
      "usertime": 61110
     },
     "22171851335": {
      "maxRSS": 18104,
      "systemtime": 3820,
      "usertime": 61125
     },
     "22171852529": {
      "maxRSS": 18104,
      "systemtime": 3820,
      "usertime": 63120
     },
     "22171853701": {
      "maxRSS": 18104,
      "systemtime": 3820,
      "usertime": 63136
     },
     "22171854878": {
      "maxRSS": 18104,
      "systemtime": 3820,
      "usertime": 63157
     },
     "22171855961": {
      "maxRSS": 18104,
      "systemtime": 3820,
      "usertime": 63173
     },
     "22171857166": {
      "maxRSS": 18104,
      "systemtime": 3820,
      "usertime": 67126
     },
     "22171858423": {
      "maxRSS": 18104,
      "systemtime": 3820,
      "usertime": 67142
     },
     "22171859593": {
      "maxRSS": 18104,
      "systemtime": 3820,
      "usertime": 67159
     },
     "22171860675": {
      "maxRSS": 18104,
      "systemtime": 3820,
      "usertime": 71175
     },
     "22171861850": {
      "maxRSS": 18104,
      "systemtime": 3820,
      "usertime": 71191
     },
     "22171862948": {
      "maxRSS": 18104,
      "systemtime": 3820,
      "usertime": 71221
     },
     "22171864073": {
      "maxRSS": 18104,
      "systemtime": 3820,
      "usertime": 75304
     },
     "22171865158": {
      "maxRSS": 18104,
      "systemtime": 3820,
      "usertime": 75322
     },
     "22171866255": {
      "maxRSS": 18232,
      "systemtime": 3820,
      "usertime": 75341
     },
     "22171867339": {
      "maxRSS": 18232,
      "systemtime": 3820,
      "usertime": 75359
     },
     "22171868410": {
      "maxRSS": 18360,
      "systemtime": 3820,
      "usertime": 79369
     },
     "22171869513": {
      "maxRSS": 18360,
      "systemtime": 3820,
      "usertime": 79383
     },
     "22171870610": {
      "maxRSS": 18488,
      "systemtime": 3820,
      "usertime": 79390
     },
     "22171871015": {
      "maxRSS": 18488,
      "systemtime": 3913,
      "usertime": 82175
     },
     "22171872089": {
      "maxRSS": 18872,
      "systemtime": 3913,
      "usertime": 83262
     },
     "22171873173": {
      "maxRSS": 19128,
      "systemtime": 3913,
      "usertime": 83280
     },
     "22171874243": {
      "maxRSS": 19384,
      "systemtime": 3913,
      "usertime": 83292
     },
     "22171875349": {
      "maxRSS": 19768,
      "systemtime": 3913,
      "usertime": 83306
     },
     "22171876194": {
      "maxRSS": 19896,
      "systemtime": 3913,
      "usertime": 87500
     },
     "22171877258": {
      "maxRSS": 19896,
      "systemtime": 3913,
      "usertime": 87507
     },
     "22171878322": {
      "maxRSS": 19896,
      "systemtime": 3913,
      "usertime": 87514
     },
     "22171879424": {
      "maxRSS": 19896,
      "systemtime": 3913,
      "usertime": 87527
     },
     "22171880523": {
      "maxRSS": 19896,
      "systemtime": 3913,
      "usertime": 91348
     },
     "22171881611": {
      "maxRSS": 19896,
      "systemtime": 3913,
      "usertime": 91363
     },
     "22171882709": {
      "maxRSS": 19896,
      "systemtime": 3913,
      "usertime": 91374
     },
     "22171883805": {
      "maxRSS": 19896,
      "systemtime": 3913,
      "usertime": 91381
     },
     "22171884869": {
      "maxRSS": 19896,
      "systemtime": 3913,
      "usertime": 95387
     },
     "22171885968": {
      "maxRSS": 19896,
      "systemtime": 3913,
      "usertime": 95397
     },
     "22171887064": {
      "maxRSS": 19896,
      "systemtime": 3913,
      "usertime": 95406
     },
     "22171888128": {
      "maxRSS": 19896,
      "systemtime": 3913,
      "usertime": 99413
     },
     "22171889227": {
      "maxRSS": 19896,
      "systemtime": 3913,
      "usertime": 99423
     },
     "22171890290": {
      "maxRSS": 19896,
      "systemtime": 3913,
      "usertime": 99430
     },
     "22171891354": {
      "maxRSS": 19896,
      "systemtime": 3913,
      "usertime": 99437
     },
     "22171892451": {
      "maxRSS": 20024,
      "systemtime": 3913,
      "usertime": 103443
     },
     "22171893547": {
      "maxRSS": 20024,
      "systemtime": 3913,
      "usertime": 103449
     },
     "22171894649": {
      "maxRSS": 20152,
      "systemtime": 3913,
      "usertime": 103462
     },
     "22171895751": {
      "maxRSS": 20280,
      "systemtime": 3913,
      "usertime": 103474
     },
     "22171896848": {
      "maxRSS": 20280,
      "systemtime": 3913,
      "usertime": 107481
     },
     "22171897944": {
      "maxRSS": 20408,
      "systemtime": 3913,
      "usertime": 107488
     },
     "22171899038": {
      "maxRSS": 20408,
      "systemtime": 3913,
      "usertime": 107494
     },
     "22171900102": {
      "maxRSS": 20536,
      "systemtime": 3913,
      "usertime": 111501
     },
     "22171900288": {
      "maxRSS": 20536,
      "systemtime": 3913,
      "usertime": 111790
     },
     "22171900315": {
      "maxRSS": 20536,
      "systemtime": 3913,
      "usertime": 111815
     },
     "22171901411": {
      "maxRSS": 20792,
      "systemtime": 3913,
      "usertime": 111821
     },
     "22171902508": {
      "maxRSS": 21176,
      "systemtime": 3913,
      "usertime": 111828
     },
     "22171903608": {
      "maxRSS": 21432,
      "systemtime": 3913,
      "usertime": 111839
     },
     "22171904709": {
      "maxRSS": 21816,
      "systemtime": 3913,
      "usertime": 115552
     },
     "22171905788": {
      "maxRSS": 22072,
      "systemtime": 3913,
      "usertime": 115565
     },
     "22171906967": {
      "maxRSS": 22328,
      "systemtime": 3950,
      "usertime": 118500
     },
     "22171908116": {
      "maxRSS": 22328,
      "systemtime": 3950,
      "usertime": 119569
     },
     "22171909283": {
      "maxRSS": 22328,
      "systemtime": 3950,
      "usertime": 119586
     },
     "22171910467": {
      "maxRSS": 22328,
      "systemtime": 3950,
      "usertime": 119603
     },
     "22171911674": {
      "maxRSS": 22328,
      "systemtime": 3950,
      "usertime": 119618
     },
     "22171912841": {
      "maxRSS": 22328,
      "systemtime": 3950,
      "usertime": 123633
     },
     "22171914006": {
      "maxRSS": 22328,
      "systemtime": 3950,
      "usertime": 123649
     },
     "22171915161": {
      "maxRSS": 22328,
      "systemtime": 3950,
      "usertime": 123672
     },
     "22171916287": {
      "maxRSS": 22328,
      "systemtime": 3950,
      "usertime": 127688
     },
     "22171917427": {
      "maxRSS": 22328,
      "systemtime": 3950,
      "usertime": 127704
     },
     "22171918594": {
      "maxRSS": 22328,
      "systemtime": 3950,
      "usertime": 127720
     },
     "22171919768": {
      "maxRSS": 22328,
      "systemtime": 3950,
      "usertime": 127737
     },
     "22171920943": {
      "maxRSS": 22328,
      "systemtime": 3950,
      "usertime": 131753
     },
     "22171922114": {
      "maxRSS": 22328,
      "systemtime": 3950,
      "usertime": 131774
     },
     "22171923238": {
      "maxRSS": 22328,
      "systemtime": 3950,
      "usertime": 131791
     },
     "22171924338": {
      "maxRSS": 22328,
      "systemtime": 3950,
      "usertime": 135859
     },
     "22171925504": {
      "maxRSS": 22456,
      "systemtime": 3950,
      "usertime": 135875
     },
     "22171926675": {
      "maxRSS": 22456,
      "systemtime": 3950,
      "usertime": 135892
     },
     "22171927806": {
      "maxRSS": 22584,
      "systemtime": 3950,
      "usertime": 135908
     },
     "22171928969": {
      "maxRSS": 22584,
      "systemtime": 3950,
      "usertime": 139878
     },
     "22171930131": {
      "maxRSS": 22712,
      "systemtime": 3950,
      "usertime": 139894
     },
     "22171931296": {
      "maxRSS": 22840,
      "systemtime": 3950,
      "usertime": 139910
     },
     "22171932455": {
      "maxRSS": 22840,
      "systemtime": 3950,
      "usertime": 143926
     },
     "22171933626": {
      "maxRSS": 22968,
      "systemtime": 3950,
      "usertime": 143942
     },
     "22171934796": {
      "maxRSS": 23096,
      "systemtime": 3950,
      "usertime": 143958
     },
     "22171935967": {
      "maxRSS": 23096,
      "systemtime": 3950,
      "usertime": 143978
     },
     "22171937053": {
      "maxRSS": 23224,
      "systemtime": 3950,
      "usertime": 147994
     },
     "22171938142": {
      "maxRSS": 23224,
      "systemtime": 3950,
      "usertime": 148011
     },
     "22171939096": {
      "maxRSS": 23352,
      "systemtime": 3975,
      "usertime": 151076
     },
     "22171939151": {
      "maxRSS": 23352,
      "systemtime": 3977,
      "usertime": 151136
     },
     "22171940222": {
      "maxRSS": 23608,
      "systemtime": 3977,
      "usertime": 152037
     },
     "22171941391": {
      "maxRSS": 23992,
      "systemtime": 3977,
      "usertime": 152053
     },
     "22171942575": {
      "maxRSS": 24248,
      "systemtime": 3977,
      "usertime": 152075
     },
     "22171943742": {
      "maxRSS": 24632,
      "systemtime": 3977,
      "usertime": 152091
     },
     "22171944919": {
      "maxRSS": 24888,
      "systemtime": 3977,
      "usertime": 156106
     },
     "22171946086": {
      "maxRSS": 25272,
      "systemtime": 3977,
      "usertime": 156122
     },
     "22171947256": {
      "maxRSS": 25528,
      "systemtime": 3977,
      "usertime": 156138
     },
     "22171948115": {
      "maxRSS": 25656,
      "systemtime": 4002,
      "usertime": 160127
     },
     "22171949298": {
      "maxRSS": 25656,
      "systemtime": 4002,
      "usertime": 160148
     },
     "22171950486": {
      "maxRSS": 25656,
      "systemtime": 4002,
      "usertime": 160164
     },
     "22171951658": {
      "maxRSS": 25656,
      "systemtime": 4002,
      "usertime": 160180
     },
     "22171952742": {
      "maxRSS": 25656,
      "systemtime": 4002,
      "usertime": 164195
     },
     "22171953828": {
      "maxRSS": 25656,
      "systemtime": 4002,
      "usertime": 164213
     },
     "22171955001": {
      "maxRSS": 25656,
      "systemtime": 4002,
      "usertime": 164230
     },
     "22171956082": {
      "maxRSS": 25656,
      "systemtime": 4002,
      "usertime": 168250
     },
     "22171957194": {
      "maxRSS": 25656,
      "systemtime": 4002,
      "usertime": 168266
     },
     "22171958276": {
      "maxRSS": 25656,
      "systemtime": 4002,
      "usertime": 168282
     },
     "22171959419": {
      "maxRSS": 25656,
      "systemtime": 4002,
      "usertime": 168297
     },
     "22171960535": {
      "maxRSS": 25656,
      "systemtime": 4002,
      "usertime": 172316
     },
     "22171961637": {
      "maxRSS": 25656,
      "systemtime": 4002,
      "usertime": 172329
     },
     "22171962738": {
      "maxRSS": 25656,
      "systemtime": 4002,
      "usertime": 172340
     },
     "22171963803": {
      "maxRSS": 25656,
      "systemtime": 4002,
      "usertime": 172347
     },
     "22171964988": {
      "maxRSS": 25656,
      "systemtime": 4002,
      "usertime": 176399
     },
     "22171966165": {
      "maxRSS": 25656,
      "systemtime": 4002,
      "usertime": 176420
     },
     "22171967335": {
      "maxRSS": 25656,
      "systemtime": 4002,
      "usertime": 176436
     },
     "22171968502": {
      "maxRSS": 25656,
      "systemtime": 4002,
      "usertime": 180412
     },
     "22171969587": {
      "maxRSS": 25656,
      "systemtime": 4002,
      "usertime": 180429
     },
     "22171970765": {
      "maxRSS": 25656,
      "systemtime": 4002,
      "usertime": 180450
     },
     "22171971896": {
      "maxRSS": 25656,
      "systemtime": 4002,
      "usertime": 180466
     },
     "22171973097": {
      "maxRSS": 25656,
      "systemtime": 4002,
      "usertime": 184556
     },
     "22171974269": {
      "maxRSS": 25784,
      "systemtime": 4002,
      "usertime": 184572
     },
     "22171975437": {
      "maxRSS": 25912,
      "systemtime": 4002,
      "usertime": 184589
     },
     "22171976632": {
      "maxRSS": 25912,
      "systemtime": 4002,
      "usertime": 188551
     },
     "22171977808": {
      "maxRSS": 26040,
      "systemtime": 4002,
      "usertime": 188570
     },
     "22171978985": {
      "maxRSS": 26040,
      "systemtime": 4002,
      "usertime": 188587
     },
     "22171980030": {
      "maxRSS": 26168,
      "systemtime": 4002,
      "usertime": 192601
     },
     "22171981150": {
      "maxRSS": 26168,
      "systemtime": 4002,
      "usertime": 192617
     },
     "22171982252": {
      "maxRSS": 26296,
      "systemtime": 4002,
      "usertime": 192628
     },
     "22171983349": {
      "maxRSS": 26424,
      "systemtime": 4002,
      "usertime": 192638
     },
     "22171984451": {
      "maxRSS": 26552,
      "systemtime": 4002,
      "usertime": 196734
     },
     "22171985604": {
      "maxRSS": 26680,
      "systemtime": 4002,
      "usertime": 196759
     },
     "22171986703": {
      "maxRSS": 26680,
      "systemtime": 4002,
      "usertime": 196776
     },
     "22171987975": {
      "maxRSS": 26808,
      "systemtime": 4002,
      "usertime": 196794
     },
     "22171989150": {
      "maxRSS": 26936,
      "systemtime": 4002,
      "usertime": 200763
     },
     "22171990326": {
      "maxRSS": 26936,
      "systemtime": 4002,
      "usertime": 200779
     },
     "22171991480": {
      "maxRSS": 27064,
      "systemtime": 4002,
      "usertime": 200813
     },
     "22171992082": {
      "maxRSS": 27064,
      "systemtime": 4015,
      "usertime": 204810
     },
     "22171992144": {
      "maxRSS": 27064,
      "systemtime": 4015,
      "usertime": 204936
     },
     "22171993368": {
      "maxRSS": 27320,
      "systemtime": 4015,
      "usertime": 204953
     },
     "22171994541": {
      "maxRSS": 27704,
      "systemtime": 4015,
      "usertime": 204970
     },
     "22171995716": {
      "maxRSS": 27960,
      "systemtime": 4015,
      "usertime": 204986
     },
     "22171996886": {
      "maxRSS": 28344,
      "systemtime": 7885,
      "usertime": 205024
     },
     "22171998058": {
      "maxRSS": 28600,
      "systemtime": 7886,
      "usertime": 205043
     },
     "22171999225": {
      "maxRSS": 28984,
      "systemtime": 7886,
      "usertime": 205058
     },
     "22172000373": {
      "maxRSS": 29112,
      "systemtime": 7889,
      "usertime": 209077
     },
     "22172001621": {
      "maxRSS": 29496,
      "systemtime": 7890,
      "usertime": 209094
     },
     "22172002806": {
      "maxRSS": 29752,
      "systemtime": 7890,
      "usertime": 209111
     },
     "22172003976": {
      "maxRSS": 30008,
      "systemtime": 8035,
      "usertime": 212945
     },
     "22172004114": {
      "maxRSS": 30008,
      "systemtime": 8261,
      "usertime": 212945
     },
     "22172005335": {
      "maxRSS": 30008,
      "systemtime": 8284,
      "usertime": 212945
     },
     "22172006511": {
      "maxRSS": 30008,
      "systemtime": 8301,
      "usertime": 212945
     },
     "22172007689": {
      "maxRSS": 30008,
      "systemtime": 8318,
      "usertime": 212945
     },
     "22172008831": {
      "maxRSS": 30008,
      "systemtime": 12220,
      "usertime": 212945
     },
     "22172010008": {
      "maxRSS": 30008,
      "systemtime": 12237,
      "usertime": 212945
     },
     "22172011186": {
      "maxRSS": 30008,
      "systemtime": 12263,
      "usertime": 212945
     },
     "22172012261": {
      "maxRSS": 30008,
      "systemtime": 15540,
      "usertime": 213682
     },
     "22172013454": {
      "maxRSS": 30008,
      "systemtime": 15541,
      "usertime": 213701
     },
     "22172014628": {
      "maxRSS": 30008,
      "systemtime": 15543,
      "usertime": 213716
     },
     "22172015811": {
      "maxRSS": 30008,
      "systemtime": 15544,
      "usertime": 213734
     },
     "22172017002": {
      "maxRSS": 30008,
      "systemtime": 15553,
      "usertime": 217743
     },
     "22172018272": {
      "maxRSS": 30008,
      "systemtime": 15554,
      "usertime": 217768
     },
     "22172019448": {
      "maxRSS": 30008,
      "systemtime": 15556,
      "usertime": 217784
     },
     "22172020617": {
      "maxRSS": 30008,
      "systemtime": 15564,
      "usertime": 221791
     },
     "22172021802": {
      "maxRSS": 30008,
      "systemtime": 15565,
      "usertime": 221806
     },
     "22172022975": {
      "maxRSS": 30008,
      "systemtime": 15566,
      "usertime": 221822
     },
     "22172024123": {
      "maxRSS": 30008,
      "systemtime": 15574,
      "usertime": 225828
     },
     "22172025294": {
      "maxRSS": 30008,
      "systemtime": 15575,
      "usertime": 225845
     },
     "22172026473": {
      "maxRSS": 30008,
      "systemtime": 15577,
      "usertime": 225868
     },
     "22172027644": {
      "maxRSS": 30008,
      "systemtime": 15578,
      "usertime": 225884
     },
     "22172028812": {
      "maxRSS": 30008,
      "systemtime": 15585,
      "usertime": 229892
     },
     "22172029983": {
      "maxRSS": 30008,
      "systemtime": 15586,
      "usertime": 229907
     },
     "22172031151": {
      "maxRSS": 30008,
      "systemtime": 15588,
      "usertime": 229923
     },
     "22172032227": {
      "maxRSS": 30008,
      "systemtime": 15595,
      "usertime": 233930
     },
     "22172033390": {
      "maxRSS": 30008,
      "systemtime": 15597,
      "usertime": 233955
     },
     "22172034560": {
      "maxRSS": 30008,
      "systemtime": 15598,
      "usertime": 233970
     },
     "22172035708": {
      "maxRSS": 30008,
      "systemtime": 15599,
      "usertime": 233998
     },
     "22172036797": {
      "maxRSS": 30008,
      "systemtime": 15607,
      "usertime": 238011
     },
     "22172037905": {
      "maxRSS": 30008,
      "systemtime": 15608,
      "usertime": 238028
     },
     "22172039008": {
      "maxRSS": 30008,
      "systemtime": 15609,
      "usertime": 238047
     },
     "22172040051": {
      "maxRSS": 30136,
      "systemtime": 15617,
      "usertime": 242076
     },
     "22172041159": {
      "maxRSS": 30136,
      "systemtime": 15618,
      "usertime": 242093
     },
     "22172042230": {
      "maxRSS": 30264,
      "systemtime": 15619,
      "usertime": 242101
     },
     "22172043378": {
      "maxRSS": 30264,
      "systemtime": 15620,
      "usertime": 242122
     },
     "22172044476": {
      "maxRSS": 30392,
      "systemtime": 15627,
      "usertime": 246135
     },
     "22172045589": {
      "maxRSS": 30392,
      "systemtime": 15628,
      "usertime": 246147
     },
     "22172046694": {
      "maxRSS": 30520,
      "systemtime": 15629,
      "usertime": 246172
     },
     "22172047791": {
      "maxRSS": 30520,
      "systemtime": 15631,
      "usertime": 246194
     },
     "22172048882": {
      "maxRSS": 30648,
      "systemtime": 15638,
      "usertime": 250211
     },
     "22172049964": {
      "maxRSS": 30648,
      "systemtime": 15639,
      "usertime": 250227
     },
     "22172051052": {
      "maxRSS": 30776,
      "systemtime": 15640,
      "usertime": 250244
     },
     "22172052121": {
      "maxRSS": 30776,
      "systemtime": 15646,
      "usertime": 254249
     },
     "22172053216": {
      "maxRSS": 30904,
      "systemtime": 15646,
      "usertime": 254256
     },
     "22172054324": {
      "maxRSS": 30904,
      "systemtime": 15647,
      "usertime": 254274
     },
     "22172055411": {
      "maxRSS": 31032,
      "systemtime": 15648,
      "usertime": 254281
     },
     "22172056507": {
      "maxRSS": 31160,
      "systemtime": 15653,
      "usertime": 258282
     },
     "22172057605": {
      "maxRSS": 31160,
      "systemtime": 15654,
      "usertime": 258291
     },
     "22172058748": {
      "maxRSS": 31288,
      "systemtime": 15655,
      "usertime": 258312
     },
     "22172059263": {
      "maxRSS": 31288,
      "systemtime": 15840,
      "usertime": 261371
     },
     "22172059341": {
      "maxRSS": 31288,
      "systemtime": 15847,
      "usertime": 261476
     },
     "22172060443": {
      "maxRSS": 31544,
      "systemtime": 15847,
      "usertime": 262167
     },
     "22172061540": {
      "maxRSS": 31800,
      "systemtime": 15847,
      "usertime": 262175
     },
     "22172062706": {
      "maxRSS": 32184,
      "systemtime": 15847,
      "usertime": 262188
     },
     "22172063788": {
      "maxRSS": 32440,
      "systemtime": 15847,
      "usertime": 262204
     },
     "22172064870": {
      "maxRSS": 32696,
      "systemtime": 15847,
      "usertime": 266271
     },
     "22172066048": {
      "maxRSS": 32952,
      "systemtime": 15847,
      "usertime": 266297
     },
     "22172067131": {
      "maxRSS": 33336,
      "systemtime": 15847,
      "usertime": 266313
     },
     "22172068206": {
      "maxRSS": 33592,
      "systemtime": 15847,
      "usertime": 270279
     },
     "22172069309": {
      "maxRSS": 33848,
      "systemtime": 15847,
      "usertime": 270290
     },
     "22172070480": {
      "maxRSS": 34104,
      "systemtime": 15847,
      "usertime": 270303
     },
     "22172071745": {
      "maxRSS": 34488,
      "systemtime": 15847,
      "usertime": 270320
     },
     "22172072847": {
      "maxRSS": 34744,
      "systemtime": 15847,
      "usertime": 274353
     },
     "22172073792": {
      "maxRSS": 34872,
      "systemtime": 15847,
      "usertime": 276069
     },
     "22172074910": {
      "maxRSS": 34872,
      "systemtime": 15847,
      "usertime": 276086
     },
     "22172076025": {
      "maxRSS": 34872,
      "systemtime": 15847,
      "usertime": 278403
     },
     "22172077193": {
      "maxRSS": 34872,
      "systemtime": 15847,
      "usertime": 278436
     },
     "22172078401": {
      "maxRSS": 34872,
      "systemtime": 15847,
      "usertime": 278458
     },
     "22172079494": {
      "maxRSS": 34872,
      "systemtime": 15847,
      "usertime": 278480
     },
     "22172080589": {
      "maxRSS": 34872,
      "systemtime": 15847,
      "usertime": 282499
     },
     "22172081703": {
      "maxRSS": 34872,
      "systemtime": 15847,
      "usertime": 282517
     },
     "22172082877": {
      "maxRSS": 34872,
      "systemtime": 15847,
      "usertime": 282535
     },
     "22172084072": {
      "maxRSS": 34872,
      "systemtime": 15847,
      "usertime": 286560
     },
     "22172085241": {
      "maxRSS": 34872,
      "systemtime": 15847,
      "usertime": 286577
     },
     "22172086412": {
      "maxRSS": 34872,
      "systemtime": 15847,
      "usertime": 286594
     },
     "22172087649": {
      "maxRSS": 34872,
      "systemtime": 15847,
      "usertime": 286631
     },
     "22172088824": {
      "maxRSS": 34872,
      "systemtime": 15847,
      "usertime": 290648
     },
     "22172090031": {
      "maxRSS": 34872,
      "systemtime": 15847,
      "usertime": 290665
     },
     "22172091194": {
      "maxRSS": 34872,
      "systemtime": 15847,
      "usertime": 290681
     },
     "22172092288": {
      "maxRSS": 34872,
      "systemtime": 15847,
      "usertime": 294691
     },
     "22172093553": {
      "maxRSS": 34872,
      "systemtime": 15847,
      "usertime": 294709
     },
     "22172094734": {
      "maxRSS": 34872,
      "systemtime": 15847,
      "usertime": 294737
     },
     "22172095904": {
      "maxRSS": 34872,
      "systemtime": 15847,
      "usertime": 294753
     },
     "22172097071": {
      "maxRSS": 34872,
      "systemtime": 15847,
      "usertime": 298760
     },
     "22172098240": {
      "maxRSS": 34872,
      "systemtime": 15847,
      "usertime": 298777
     },
     "22172099412": {
      "maxRSS": 34872,
      "systemtime": 15847,
      "usertime": 298794
     },
     "22172100586": {
      "maxRSS": 34872,
      "systemtime": 15847,
      "usertime": 302816
     },
     "22172101716": {
      "maxRSS": 34872,
      "systemtime": 15847,
      "usertime": 302848
     },
     "22172102815": {
      "maxRSS": 34872,
      "systemtime": 15847,
      "usertime": 302866
     },
     "22172103955": {
      "maxRSS": 34872,
      "systemtime": 15847,
      "usertime": 302887
     },
     "22172105153": {
      "maxRSS": 34872,
      "systemtime": 15847,
      "usertime": 306903
     },
     "22172106323": {
      "maxRSS": 34872,
      "systemtime": 15847,
      "usertime": 306920
     },
     "22172107405": {
      "maxRSS": 34872,
      "systemtime": 15847,
      "usertime": 306937
     },
     "22172108595": {
      "maxRSS": 34872,
      "systemtime": 15847,
      "usertime": 310972
     },
     "22172109764": {
      "maxRSS": 34872,
      "systemtime": 15847,
      "usertime": 310989
     },
     "22172110932": {
      "maxRSS": 34872,
      "systemtime": 15847,
      "usertime": 311006
     },
     "22172112118": {
      "maxRSS": 34872,
      "systemtime": 15847,
      "usertime": 315016
     },
     "22172113284": {
      "maxRSS": 34872,
      "systemtime": 15847,
      "usertime": 315032
     },
     "22172114454": {
      "maxRSS": 34872,
      "systemtime": 15847,
      "usertime": 315049
     },
     "22172115631": {
      "maxRSS": 34872,
      "systemtime": 15847,
      "usertime": 315066
     },
     "22172116820": {
      "maxRSS": 34872,
      "systemtime": 15847,
      "usertime": 319093
     },
     "22172117941": {
      "maxRSS": 34872,
      "systemtime": 15847,
      "usertime": 319110
     },
     "22172119123": {
      "maxRSS": 34872,
      "systemtime": 15847,
      "usertime": 319127
     },
     "22172120199": {
      "maxRSS": 34872,
      "systemtime": 15847,
      "usertime": 323144
     },
     "22172121317": {
      "maxRSS": 34872,
      "systemtime": 15847,
      "usertime": 323161
     },
     "22172122503": {
      "maxRSS": 34872,
      "systemtime": 15847,
      "usertime": 323178
     },
     "22172123711": {
      "maxRSS": 34872,
      "systemtime": 15847,
      "usertime": 323207
     },
     "22172124848": {
      "maxRSS": 34872,
      "systemtime": 15847,
      "usertime": 327239
     },
     "22172125980": {
      "maxRSS": 35000,
      "systemtime": 15847,
      "usertime": 327265
     },
     "22172127081": {
      "maxRSS": 35128,
      "systemtime": 15847,
      "usertime": 327288
     },
     "22172128177": {
      "maxRSS": 35128,
      "systemtime": 15847,
      "usertime": 331327
     },
     "22172129281": {
      "maxRSS": 35256,
      "systemtime": 15847,
      "usertime": 331340
     },
     "22172130440": {
      "maxRSS": 35256,
      "systemtime": 15847,
      "usertime": 331385
     },
     "22172131695": {
      "maxRSS": 35384,
      "systemtime": 15847,
      "usertime": 331419
     },
     "22172132803": {
      "maxRSS": 35384,
      "systemtime": 15847,
      "usertime": 335432
     },
     "22172133912": {
      "maxRSS": 35512,
      "systemtime": 15847,
      "usertime": 335449
     },
     "22172135011": {
      "maxRSS": 35512,
      "systemtime": 15847,
      "usertime": 335460
     },
     "22172136205": {
      "maxRSS": 35640,
      "systemtime": 15847,
      "usertime": 339470
     },
     "22172137385": {
      "maxRSS": 35640,
      "systemtime": 15847,
      "usertime": 339504
     },
     "22172138563": {
      "maxRSS": 35768,
      "systemtime": 15847,
      "usertime": 339521
     },
     "22172139736": {
      "maxRSS": 35768,
      "systemtime": 15959,
      "usertime": 343130
     },
     "22172140033": {
      "maxRSS": 35768,
      "systemtime": 16088,
      "usertime": 343372
     },
     "22172141205": {
      "maxRSS": 36152,
      "systemtime": 16104,
      "usertime": 343372
     },
     "22172142289": {
      "maxRSS": 36408,
      "systemtime": 16121,
      "usertime": 343372
     },
     "22172143461": {
      "maxRSS": 36792,
      "systemtime": 16138,
      "usertime": 343372
     },
     "22172144657": {
      "maxRSS": 37048,
      "systemtime": 19543,
      "usertime": 343965
     },
     "22172145741": {
      "maxRSS": 37304,
      "systemtime": 19544,
      "usertime": 343981
     },
     "22172147009": {
      "maxRSS": 37688,
      "systemtime": 19545,
      "usertime": 343999
     },
     "22172148167": {
      "maxRSS": 37944,
      "systemtime": 23461,
      "usertime": 344098
     },
     "22172149434": {
      "maxRSS": 38328,
      "systemtime": 23462,
      "usertime": 344115
     },
     "22172150617": {
      "maxRSS": 38584,
      "systemtime": 23463,
      "usertime": 344131
     },
     "22172151803": {
      "maxRSS": 38968,
      "systemtime": 23465,
      "usertime": 344156
     },
     "22172152975": {
      "maxRSS": 39224,
      "systemtime": 23471,
      "usertime": 348165
     },
     "22172154147": {
      "maxRSS": 39608,
      "systemtime": 23472,
      "usertime": 348180
     },
     "22172155274": {
      "maxRSS": 39864,
      "systemtime": 23473,
      "usertime": 348195
     },
     "22172156044": {
      "maxRSS": 39864,
      "systemtime": 23721,
      "usertime": 351962
     },
     "22172157211": {
      "maxRSS": 39864,
      "systemtime": 23721,
      "usertime": 351978
     },
     "22172158387": {
      "maxRSS": 39864,
      "systemtime": 23721,
      "usertime": 352004
     },
     "22172159567": {
      "maxRSS": 39864,
      "systemtime": 23721,
      "usertime": 352021
     },
     "22172160740": {
      "maxRSS": 39864,
      "systemtime": 23721,
      "usertime": 356042
     },
     "22172161890": {
      "maxRSS": 39864,
      "systemtime": 23721,
      "usertime": 356059
     },
     "22172163014": {
      "maxRSS": 39864,
      "systemtime": 23721,
      "usertime": 356090
     },
     "22172164087": {
      "maxRSS": 39864,
      "systemtime": 23721,
      "usertime": 360106
     },
     "22172165270": {
      "maxRSS": 39864,
      "systemtime": 23721,
      "usertime": 360135
     },
     "22172166441": {
      "maxRSS": 39864,
      "systemtime": 23721,
      "usertime": 360152
     },
     "22172167614": {
      "maxRSS": 39864,
      "systemtime": 23721,
      "usertime": 360168
     },
     "22172168832": {
      "maxRSS": 39864,
      "systemtime": 23721,
      "usertime": 364235
     },
     "22172169953": {
      "maxRSS": 39864,
      "systemtime": 23721,
      "usertime": 364249
     },
     "22172171139": {
      "maxRSS": 39864,
      "systemtime": 23721,
      "usertime": 364264
     },
     "22172172217": {
      "maxRSS": 39864,
      "systemtime": 23721,
      "usertime": 368226
     },
     "22172173401": {
      "maxRSS": 39864,
      "systemtime": 23721,
      "usertime": 368257
     },
     "22172174565": {
      "maxRSS": 39864,
      "systemtime": 23721,
      "usertime": 368271
     },
     "22172175759": {
      "maxRSS": 39864,
      "systemtime": 23721,
      "usertime": 368285
     },
     "22172176845": {
      "maxRSS": 39864,
      "systemtime": 23721,
      "usertime": 372303
     },
     "22172177927": {
      "maxRSS": 39864,
      "systemtime": 23721,
      "usertime": 372321
     },
     "22172179010": {
      "maxRSS": 39864,
      "systemtime": 23721,
      "usertime": 372339
     },
     "22172180058": {
      "maxRSS": 39864,
      "systemtime": 23721,
      "usertime": 376376
     },
     "22172181157": {
      "maxRSS": 39864,
      "systemtime": 23721,
      "usertime": 376386
     },
     "22172182258": {
      "maxRSS": 39864,
      "systemtime": 23721,
      "usertime": 376398
     },
     "22172183339": {
      "maxRSS": 39864,
      "systemtime": 23721,
      "usertime": 376412
     },
     "22172184450": {
      "maxRSS": 39864,
      "systemtime": 23721,
      "usertime": 380437
     },
     "22172185552": {
      "maxRSS": 39864,
      "systemtime": 23721,
      "usertime": 380449
     },
     "22172186647": {
      "maxRSS": 39864,
      "systemtime": 23721,
      "usertime": 380475
     },
     "22172187760": {
      "maxRSS": 39864,
      "systemtime": 23721,
      "usertime": 380497
     },
     "22172188860": {
      "maxRSS": 39864,
      "systemtime": 23721,
      "usertime": 384550
     },
     "22172189957": {
      "maxRSS": 39864,
      "systemtime": 23721,
      "usertime": 384557
     },
     "22172191050": {
      "maxRSS": 39864,
      "systemtime": 23721,
      "usertime": 384564
     },
     "22172192113": {
      "maxRSS": 39864,
      "systemtime": 23721,
      "usertime": 388518
     },
     "22172193220": {
      "maxRSS": 39864,
      "systemtime": 23721,
      "usertime": 388534
     },
     "22172194350": {
      "maxRSS": 39864,
      "systemtime": 23721,
      "usertime": 388553
     },
     "22172195624": {
      "maxRSS": 39864,
      "systemtime": 23721,
      "usertime": 388574
     },
     "22172196788": {
      "maxRSS": 39864,
      "systemtime": 23721,
      "usertime": 392591
     },
     "22172197955": {
      "maxRSS": 39864,
      "systemtime": 23721,
      "usertime": 392607
     },
     "22172199039": {
      "maxRSS": 39864,
      "systemtime": 23721,
      "usertime": 392624
     },
     "22172200115": {
      "maxRSS": 39864,
      "systemtime": 23721,
      "usertime": 396640
     },
     "22172201251": {
      "maxRSS": 39864,
      "systemtime": 23721,
      "usertime": 396668
     },
     "22172202422": {
      "maxRSS": 39864,
      "systemtime": 23721,
      "usertime": 396685
     },
     "22172203594": {
      "maxRSS": 39864,
      "systemtime": 23721,
      "usertime": 396702
     },
     "22172204699": {
      "maxRSS": 39864,
      "systemtime": 23721,
      "usertime": 400759
     },
     "22172205802": {
      "maxRSS": 39864,
      "systemtime": 23721,
      "usertime": 400770
     },
     "22172206889": {
      "maxRSS": 39864,
      "systemtime": 23721,
      "usertime": 400777
     },
     "22172207962": {
      "maxRSS": 39992,
      "systemtime": 23721,
      "usertime": 400794
     },
     "22172209028": {
      "maxRSS": 39992,
      "systemtime": 23721,
      "usertime": 404759
     },
     "22172210125": {
      "maxRSS": 39992,
      "systemtime": 23721,
      "usertime": 404766
     },
     "22172211212": {
      "maxRSS": 39992,
      "systemtime": 23721,
      "usertime": 404780
     },
     "22172212284": {
      "maxRSS": 39992,
      "systemtime": 23721,
      "usertime": 408794
     },
     "22172213382": {
      "maxRSS": 39992,
      "systemtime": 23721,
      "usertime": 408804
     },
     "22172214457": {
      "maxRSS": 39992,
      "systemtime": 23721,
      "usertime": 408822
     },
     "22172215521": {
      "maxRSS": 39992,
      "systemtime": 23721,
      "usertime": 408829
     },
     "22172216585": {
      "maxRSS": 39992,
      "systemtime": 23721,
      "usertime": 412836
     },
     "22172217648": {
      "maxRSS": 39992,
      "systemtime": 23721,
      "usertime": 412843
     },
     "22172218718": {
      "maxRSS": 39992,
      "systemtime": 23721,
      "usertime": 412849
     },
     "22172219805": {
      "maxRSS": 39992,
      "systemtime": 23721,
      "usertime": 412856
     },
     "22172220906": {
      "maxRSS": 40120,
      "systemtime": 23721,
      "usertime": 416867
     },
     "22172222002": {
      "maxRSS": 40120,
      "systemtime": 23721,
      "usertime": 416874
     },
     "22172223065": {
      "maxRSS": 40248,
      "systemtime": 23721,
      "usertime": 416881
     },
     "22172224129": {
      "maxRSS": 40248,
      "systemtime": 23721,
      "usertime": 420887
     },
     "22172225223": {
      "maxRSS": 40248,
      "systemtime": 23721,
      "usertime": 420894
     },
     "22172226294": {
      "maxRSS": 40376,
      "systemtime": 23721,
      "usertime": 420903
     },
     "22172226650": {
      "maxRSS": 40376,
      "systemtime": 23749,
      "usertime": 423528
     },
     "22172226739": {
      "maxRSS": 40376,
      "systemtime": 23754,
      "usertime": 423613
     },
     "22172227841": {
      "maxRSS": 40632,
      "systemtime": 23754,
      "usertime": 423620
     },
     "22172228937": {
      "maxRSS": 40888,
      "systemtime": 23754,
      "usertime": 424909
     },
     "22172230037": {
      "maxRSS": 41272,
      "systemtime": 23754,
      "usertime": 424916
     },
     "22172231132": {
      "maxRSS": 41528,
      "systemtime": 23754,
      "usertime": 424923
     },
     "22172232197": {
      "maxRSS": 41784,
      "systemtime": 23754,
      "usertime": 428930
     },
     "22172233271": {
      "maxRSS": 42040,
      "systemtime": 23754,
      "usertime": 428947
     },
     "22172234372": {
      "maxRSS": 42424,
      "systemtime": 23754,
      "usertime": 428956
     },
     "22172235467": {
      "maxRSS": 42680,
      "systemtime": 23754,
      "usertime": 428963
     },
     "22172236565": {
      "maxRSS": 42936,
      "systemtime": 23754,
      "usertime": 432969
     },
     "22172237663": {
      "maxRSS": 43192,
      "systemtime": 23754,
      "usertime": 432981
     },
     "22172238727": {
      "maxRSS": 43448,
      "systemtime": 23754,
      "usertime": 432988
     },
     "22172239828": {
      "maxRSS": 43832,
      "systemtime": 23754,
      "usertime": 433000
     },
     "22172240910": {
      "maxRSS": 44088,
      "systemtime": 23754,
      "usertime": 437007
     },
     "22172242006": {
      "maxRSS": 44344,
      "systemtime": 23754,
      "usertime": 437014
     },
     "22172243101": {
      "maxRSS": 44472,
      "systemtime": 23754,
      "usertime": 437032
     },
     "22172243294": {
      "maxRSS": 44472,
      "systemtime": 23795,
      "usertime": 440211
     },
     "22172244369": {
      "maxRSS": 44472,
      "systemtime": 23795,
      "usertime": 441027
     },
     "22172245482": {
      "maxRSS": 44472,
      "systemtime": 23795,
      "usertime": 441050
     },
     "22172246577": {
      "maxRSS": 44472,
      "systemtime": 23795,
      "usertime": 441057
     },
     "22172247671": {
      "maxRSS": 44472,
      "systemtime": 23795,
      "usertime": 441063
     },
     "22172248734": {
      "maxRSS": 44472,
      "systemtime": 23795,
      "usertime": 445070
     },
     "22172249831": {
      "maxRSS": 44472,
      "systemtime": 23795,
      "usertime": 445076
     },
     "22172250927": {
      "maxRSS": 44472,
      "systemtime": 23795,
      "usertime": 445083
     },
     "22172252036": {
      "maxRSS": 44472,
      "systemtime": 23795,
      "usertime": 449089
     },
     "22172253138": {
      "maxRSS": 44472,
      "systemtime": 23795,
      "usertime": 449102
     },
     "22172254233": {
      "maxRSS": 44472,
      "systemtime": 23795,
      "usertime": 449109
     },
     "22172255332": {
      "maxRSS": 44472,
      "systemtime": 23795,
      "usertime": 449117
     },
     "22172256396": {
      "maxRSS": 44472,
      "systemtime": 23795,
      "usertime": 453123
     },
     "22172257493": {
      "maxRSS": 44472,
      "systemtime": 23795,
      "usertime": 453130
     },
     "22172258632": {
      "maxRSS": 44472,
      "systemtime": 23795,
      "usertime": 453146
     },
     "22172259830": {
      "maxRSS": 44472,
      "systemtime": 23795,
      "usertime": 453180
     },
     "22172260932": {
      "maxRSS": 44472,
      "systemtime": 23795,
      "usertime": 457191
     },
     "22172262026": {
      "maxRSS": 44472,
      "systemtime": 23795,
      "usertime": 457198
     },
     "22172263121": {
      "maxRSS": 44472,
      "systemtime": 23795,
      "usertime": 457205
     },
     "22172264185": {
      "maxRSS": 44472,
      "systemtime": 23795,
      "usertime": 461212
     },
     "22172265281": {
      "maxRSS": 44472,
      "systemtime": 23795,
      "usertime": 461219
     },
     "22172266389": {
      "maxRSS": 44472,
      "systemtime": 23795,
      "usertime": 461234
     },
     "22172267489": {
      "maxRSS": 44472,
      "systemtime": 23795,
      "usertime": 461243
     },
     "22172268587": {
      "maxRSS": 44472,
      "systemtime": 23795,
      "usertime": 465250
     },
     "22172269691": {
      "maxRSS": 44472,
      "systemtime": 23795,
      "usertime": 465262
     },
     "22172270788": {
      "maxRSS": 44472,
      "systemtime": 23795,
      "usertime": 465268
     },
     "22172271851": {
      "maxRSS": 44472,
      "systemtime": 23795,
      "usertime": 465275
     },
     "22172272951": {
      "maxRSS": 44472,
      "systemtime": 23795,
      "usertime": 469286
     },
     "22172274045": {
      "maxRSS": 44472,
      "systemtime": 23795,
      "usertime": 469292
     },
     "22172275167": {
      "maxRSS": 44472,
      "systemtime": 23795,
      "usertime": 469304
     },
     "22172276309": {
      "maxRSS": 44472,
      "systemtime": 23795,
      "usertime": 473325
     },
     "22172277528": {
      "maxRSS": 44472,
      "systemtime": 23795,
      "usertime": 473343
     },
     "22172278633": {
      "maxRSS": 44472,
      "systemtime": 23795,
      "usertime": 473354
     },
     "22172279730": {
      "maxRSS": 44472,
      "systemtime": 23795,
      "usertime": 473362
     },
     "22172280810": {
      "maxRSS": 44472,
      "systemtime": 23795,
      "usertime": 477384
     },
     "22172281907": {
      "maxRSS": 44472,
      "systemtime": 23795,
      "usertime": 477391
     },
     "22172283004": {
      "maxRSS": 44472,
      "systemtime": 23795,
      "usertime": 477397
     },
     "22172284042": {
      "maxRSS": 44472,
      "systemtime": 23795,
      "usertime": 481403
     },
     "22172285145": {
      "maxRSS": 44472,
      "systemtime": 23795,
      "usertime": 481414
     },
     "22172286240": {
      "maxRSS": 44472,
      "systemtime": 23795,
      "usertime": 481421
     },
     "22172287347": {
      "maxRSS": 44472,
      "systemtime": 23795,
      "usertime": 481437
     },
     "22172288410": {
      "maxRSS": 44472,
      "systemtime": 23795,
      "usertime": 485444
     },
     "22172289605": {
      "maxRSS": 44472,
      "systemtime": 23795,
      "usertime": 485457
     },
     "22172290701": {
      "maxRSS": 44472,
      "systemtime": 23795,
      "usertime": 485474
     },
     "22172291805": {
      "maxRSS": 44472,
      "systemtime": 23795,
      "usertime": 485491
     },
     "22172292937": {
      "maxRSS": 44472,
      "systemtime": 23795,
      "usertime": 489513
     },
     "22172294126": {
      "maxRSS": 44472,
      "systemtime": 23795,
      "usertime": 489550
     },
     "22172295298": {
      "maxRSS": 44472,
      "systemtime": 23795,
      "usertime": 489567
     },
     "22172296506": {
      "maxRSS": 44472,
      "systemtime": 23795,
      "usertime": 493583
     },
     "22172297644": {
      "maxRSS": 44472,
      "systemtime": 23795,
      "usertime": 493599
     },
     "22172298812": {
      "maxRSS": 44472,
      "systemtime": 23795,
      "usertime": 493616
     },
     "22172299991": {
      "maxRSS": 44472,
      "systemtime": 23795,
      "usertime": 493637
     },
     "22172301180": {
      "maxRSS": 44472,
      "systemtime": 27445,
      "usertime": 494019
     },
     "22172302438": {
      "maxRSS": 44472,
      "systemtime": 27446,
      "usertime": 494036
     },
     "22172303615": {
      "maxRSS": 44472,
      "systemtime": 27447,
      "usertime": 494052
     },
     "22172304784": {
      "maxRSS": 44472,
      "systemtime": 27452,
      "usertime": 498064
     },
     "22172305947": {
      "maxRSS": 44472,
      "systemtime": 27453,
      "usertime": 498080
     },
     "22172307061": {
      "maxRSS": 44472,
      "systemtime": 27454,
      "usertime": 498096
     },
     "22172308137": {
      "maxRSS": 44472,
      "systemtime": 27461,
      "usertime": 502150
     },
     "22172309228": {
      "maxRSS": 44472,
      "systemtime": 27462,
      "usertime": 502179
     },
     "22172310394": {
      "maxRSS": 44472,
      "systemtime": 27463,
      "usertime": 502195
     },
     "22172311572": {
      "maxRSS": 44472,
      "systemtime": 27464,
      "usertime": 502211
     },
     "22172312691": {
      "maxRSS": 44472,
      "systemtime": 27467,
      "usertime": 506185
     },
     "22172313937": {
      "maxRSS": 44472,
      "systemtime": 27468,
      "usertime": 506201
     },
     "22172314470": {
      "maxRSS": 44472,
      "systemtime": 27593,
      "usertime": 508503
     },
     "22172314536": {
      "maxRSS": 44472,
      "systemtime": 27599,
      "usertime": 508627
     },
     "22172315686": {
      "maxRSS": 44600,
      "systemtime": 27600,
      "usertime": 508640
     },
     "22172316865": {
      "maxRSS": 44856,
      "systemtime": 27600,
      "usertime": 510163
     },
     "22172318036": {
      "maxRSS": 45112,
      "systemtime": 27600,
      "usertime": 510182
     },
     "22172319205": {
      "maxRSS": 45496,
      "systemtime": 27600,
      "usertime": 510199
     },
     "22172320329": {
      "maxRSS": 45752,
      "systemtime": 27600,
      "usertime": 514202
     },
     "22172321511": {
      "maxRSS": 46008,
      "systemtime": 27600,
      "usertime": 514228
     },
     "22172322685": {
      "maxRSS": 46392,
      "systemtime": 27600,
      "usertime": 514245
     },
     "22172323871": {
      "maxRSS": 46648,
      "systemtime": 27600,
      "usertime": 514262
     },
     "22172325052": {
      "maxRSS": 46904,
      "systemtime": 31417,
      "usertime": 514462
     },
     "22172326184": {
      "maxRSS": 47160,
      "systemtime": 31418,
      "usertime": 514478
     },
     "22172327348": {
      "maxRSS": 47544,
      "systemtime": 31419,
      "usertime": 514493
     },
     "22172328536": {
      "maxRSS": 47800,
      "systemtime": 31427,
      "usertime": 518552
     },
     "22172329710": {
      "maxRSS": 48056,
      "systemtime": 31428,
      "usertime": 518569
     },
     "22172330886": {
      "maxRSS": 48312,
      "systemtime": 31429,
      "usertime": 518585
     },
     "22172331306": {
      "maxRSS": 48312,
      "systemtime": 31611,
      "usertime": 521582
     },
     "22172332461": {
      "maxRSS": 48312,
      "systemtime": 31611,
      "usertime": 522398
     },
     "22172333630": {
      "maxRSS": 48312,
      "systemtime": 31611,
      "usertime": 522414
     },
     "22172334804": {
      "maxRSS": 48312,
      "systemtime": 31611,
      "usertime": 522430
     },
     "22172335984": {
      "maxRSS": 48312,
      "systemtime": 31611,
      "usertime": 522457
     },
     "22172337154": {
      "maxRSS": 48312,
      "systemtime": 31611,
      "usertime": 526478
     },
     "22172338425": {
      "maxRSS": 48312,
      "systemtime": 31611,
      "usertime": 526495
     },
     "22172339693": {
      "maxRSS": 48312,
      "systemtime": 31611,
      "usertime": 526512
     },
     "22172340872": {
      "maxRSS": 48312,
      "systemtime": 31611,
      "usertime": 530530
     },
     "22172342039": {
      "maxRSS": 48312,
      "systemtime": 31611,
      "usertime": 530547
     },
     "22172343170": {
      "maxRSS": 48312,
      "systemtime": 31611,
      "usertime": 530573
     },
     "22172344295": {
      "maxRSS": 48312,
      "systemtime": 31611,
      "usertime": 534574
     },
     "22172345460": {
      "maxRSS": 48312,
      "systemtime": 31611,
      "usertime": 534591
     },
     "22172346654": {
      "maxRSS": 48312,
      "systemtime": 31611,
      "usertime": 534619
     },
     "22172347827": {
      "maxRSS": 48312,
      "systemtime": 31611,
      "usertime": 534636
     },
     "22172348996": {
      "maxRSS": 48312,
      "systemtime": 31611,
      "usertime": 538652
     },
     "22172350182": {
      "maxRSS": 48312,
      "systemtime": 31611,
      "usertime": 538677
     },
     "22172351364": {
      "maxRSS": 48312,
      "systemtime": 31611,
      "usertime": 538694
     },
     "22172352539": {
      "maxRSS": 48312,
      "systemtime": 31611,
      "usertime": 542710
     },
     "22172353718": {
      "maxRSS": 48312,
      "systemtime": 31611,
      "usertime": 542727
     },
     "22172354811": {
      "maxRSS": 48312,
      "systemtime": 31611,
      "usertime": 542744
     },
     "22172355978": {
      "maxRSS": 48312,
      "systemtime": 31611,
      "usertime": 542760
     },
     "22172357167": {
      "maxRSS": 48312,
      "systemtime": 31611,
      "usertime": 546790
     },
     "22172358341": {
      "maxRSS": 48312,
      "systemtime": 31611,
      "usertime": 546806
     },
     "22172359512": {
      "maxRSS": 48312,
      "systemtime": 31611,
      "usertime": 546822
     },
     "22172360688": {
      "maxRSS": 48312,
      "systemtime": 31611,
      "usertime": 550839
     },
     "22172361859": {
      "maxRSS": 48312,
      "systemtime": 31611,
      "usertime": 550855
     },
     "22172363031": {
      "maxRSS": 48312,
      "systemtime": 31611,
      "usertime": 550871
     },
     "22172364119": {
      "maxRSS": 48312,
      "systemtime": 31611,
      "usertime": 554891
     },
     "22172365231": {
      "maxRSS": 48312,
      "systemtime": 31611,
      "usertime": 554911
     },
     "22172366397": {
      "maxRSS": 48312,
      "systemtime": 31611,
      "usertime": 554927
     },
     "22172367529": {
      "maxRSS": 48312,
      "systemtime": 31611,
      "usertime": 554943
     },
     "22172368704": {
      "maxRSS": 48312,
      "systemtime": 31611,
      "usertime": 558960
     },
     "22172369869": {
      "maxRSS": 48312,
      "systemtime": 31611,
      "usertime": 558976
     },
     "22172371052": {
      "maxRSS": 48312,
      "systemtime": 31611,
      "usertime": 558994
     },
     "22172372129": {
      "maxRSS": 48312,
      "systemtime": 31611,
      "usertime": 563038
     },
     "22172373294": {
      "maxRSS": 48312,
      "systemtime": 31611,
      "usertime": 563054
     },
     "22172374465": {
      "maxRSS": 48312,
      "systemtime": 31611,
      "usertime": 563071
     },
     "22172375642": {
      "maxRSS": 48312,
      "systemtime": 31611,
      "usertime": 563087
     },
     "22172376811": {
      "maxRSS": 48312,
      "systemtime": 31611,
      "usertime": 567102
     },
     "22172377937": {
      "maxRSS": 48312,
      "systemtime": 31611,
      "usertime": 567118
     },
     "22172379114": {
      "maxRSS": 48312,
      "systemtime": 31611,
      "usertime": 567144
     },
     "22172380192": {
      "maxRSS": 48312,
      "systemtime": 31611,
      "usertime": 571157
     },
     "22172381360": {
      "maxRSS": 48312,
      "systemtime": 31611,
      "usertime": 571174
     },
     "22172382528": {
      "maxRSS": 48312,
      "systemtime": 31611,
      "usertime": 571190
     },
     "22172383697": {
      "maxRSS": 48312,
      "systemtime": 31611,
      "usertime": 571207
     },
     "22172384870": {
      "maxRSS": 48312,
      "systemtime": 31611,
      "usertime": 575223
     },
     "22172385979": {
      "maxRSS": 48312,
      "systemtime": 31611,
      "usertime": 575249
     },
     "22172387067": {
      "maxRSS": 48312,
      "systemtime": 31611,
      "usertime": 575267
     },
     "22172388107": {
      "maxRSS": 48312,
      "systemtime": 31611,
      "usertime": 579289
     },
     "22172389191": {
      "maxRSS": 48312,
      "systemtime": 31611,
      "usertime": 579305
     },
     "22172390357": {
      "maxRSS": 48312,
      "systemtime": 31611,
      "usertime": 579322
     },
     "22172391531": {
      "maxRSS": 48312,
      "systemtime": 31611,
      "usertime": 579340
     },
     "22172392715": {
      "maxRSS": 48312,
      "systemtime": 31611,
      "usertime": 583364
     },
     "22172393881": {
      "maxRSS": 48312,
      "systemtime": 31611,
      "usertime": 583380
     },
     "22172395051": {
      "maxRSS": 48312,
      "systemtime": 31611,
      "usertime": 583397
     },
     "22172396113": {
      "maxRSS": 48312,
      "systemtime": 31611,
      "usertime": 587411
     },
     "22172396810": {
      "maxRSS": 48312,
      "systemtime": 31611,
      "usertime": 588220
     },
     "22172397982": {
      "maxRSS": 48312,
      "systemtime": 31611,
      "usertime": 588237
     },
     "22172399158": {
      "maxRSS": 48312,
      "systemtime": 31611,
      "usertime": 588255
     },
     "22172400245": {
      "maxRSS": 48440,
      "systemtime": 31611,
      "usertime": 591494
     },
     "22172401345": {
      "maxRSS": 48824,
      "systemtime": 31611,
      "usertime": 591505
     },
     "22172402449": {
      "maxRSS": 48952,
      "systemtime": 31611,
      "usertime": 591515
     },
     "22172403519": {
      "maxRSS": 49208,
      "systemtime": 31611,
      "usertime": 591527
     },
     "22172404585": {
      "maxRSS": 49592,
      "systemtime": 31611,
      "usertime": 595536
     },
     "22172405683": {
      "maxRSS": 49848,
      "systemtime": 31611,
      "usertime": 595543
     },
     "22172406790": {
      "maxRSS": 50104,
      "systemtime": 31611,
      "usertime": 595561
     },
     "22172407888": {
      "maxRSS": 50360,
      "systemtime": 31611,
      "usertime": 595568
     },
     "22172408988": {
      "maxRSS": 50744,
      "systemtime": 31611,
      "usertime": 599574
     },
     "22172410082": {
      "maxRSS": 51000,
      "systemtime": 31611,
      "usertime": 599581
     },
     "22172411177": {
      "maxRSS": 51128,
      "systemtime": 31611,
      "usertime": 599589
     },
     "22172411568": {
      "maxRSS": 51128,
      "systemtime": 31737,
      "usertime": 603011
     },
     "22172412754": {
      "maxRSS": 51128,
      "systemtime": 31737,
      "usertime": 603499
     },
     "22172413888": {
      "maxRSS": 51128,
      "systemtime": 31737,
      "usertime": 603516
     },
     "22172415050": {
      "maxRSS": 51128,
      "systemtime": 31737,
      "usertime": 603534
     },
     "22172416121": {
      "maxRSS": 51128,
      "systemtime": 31737,
      "usertime": 607603
     },
     "22172417336": {
      "maxRSS": 51128,
      "systemtime": 31737,
      "usertime": 607623
     },
     "22172418908": {
      "maxRSS": 51128,
      "systemtime": 31737,
      "usertime": 607647
     },
     "22172420041": {
      "maxRSS": 51128,
      "systemtime": 31737,
      "usertime": 611642
     },
     "22172421221": {
      "maxRSS": 51128,
      "systemtime": 31737,
      "usertime": 611665
     },
     "22172422369": {
      "maxRSS": 51128,
      "systemtime": 31737,
      "usertime": 611704
     },
     "22172423512": {
      "maxRSS": 51128,
      "systemtime": 31737,
      "usertime": 611735
     },
     "22172424662": {
      "maxRSS": 51128,
      "systemtime": 31737,
      "usertime": 615749
     },
     "22172425881": {
      "maxRSS": 51128,
      "systemtime": 31737,
      "usertime": 615780
     },
     "22172426985": {
      "maxRSS": 51128,
      "systemtime": 31737,
      "usertime": 615792
     },
     "22172428048": {
      "maxRSS": 51256,
      "systemtime": 31737,
      "usertime": 615828
     },
     "22172429145": {
      "maxRSS": 51256,
      "systemtime": 31737,
      "usertime": 619889
     },
     "22172430209": {
      "maxRSS": 51256,
      "systemtime": 31737,
      "usertime": 619896
     },
     "22172431302": {
      "maxRSS": 51256,
      "systemtime": 31737,
      "usertime": 619903
     },
     "22172432368": {
      "maxRSS": 51256,
      "systemtime": 31737,
      "usertime": 623856
     },
     "22172433448": {
      "maxRSS": 51256,
      "systemtime": 31737,
      "usertime": 623872
     },
     "22172434613": {
      "maxRSS": 51256,
      "systemtime": 31737,
      "usertime": 623928
     },
     "22172435791": {
      "maxRSS": 51256,
      "systemtime": 31737,
      "usertime": 623951
     },
     "22172436961": {
      "maxRSS": 51256,
      "systemtime": 31737,
      "usertime": 628030
     },
     "22172438130": {
      "maxRSS": 51256,
      "systemtime": 31737,
      "usertime": 628046
     },
     "22172439299": {
      "maxRSS": 51256,
      "systemtime": 31737,
      "usertime": 628063
     },
     "22172440447": {
      "maxRSS": 51256,
      "systemtime": 31737,
      "usertime": 632019
     },
     "22172441642": {
      "maxRSS": 51256,
      "systemtime": 31737,
      "usertime": 632050
     },
     "22172442815": {
      "maxRSS": 51256,
      "systemtime": 31737,
      "usertime": 632071
     },
     "22172443989": {
      "maxRSS": 51256,
      "systemtime": 31737,
      "usertime": 632087
     },
     "22172445151": {
      "maxRSS": 51256,
      "systemtime": 31737,
      "usertime": 636114
     },
     "22172446316": {
      "maxRSS": 51256,
      "systemtime": 31737,
      "usertime": 636130
     },
     "22172447481": {
      "maxRSS": 51256,
      "systemtime": 31737,
      "usertime": 636147
     },
     "22172448692": {
      "maxRSS": 51256,
      "systemtime": 31737,
      "usertime": 640163
     },
     "22172449878": {
      "maxRSS": 51256,
      "systemtime": 31737,
      "usertime": 640180
     },
     "22172451044": {
      "maxRSS": 51256,
      "systemtime": 31737,
      "usertime": 640198
     },
     "22172452124": {
      "maxRSS": 51256,
      "systemtime": 31737,
      "usertime": 644214
     },
     "22172453276": {
      "maxRSS": 51256,
      "systemtime": 31737,
      "usertime": 644232
     },
     "22172454407": {
      "maxRSS": 51256,
      "systemtime": 31737,
      "usertime": 644249
     },
     "22172455588": {
      "maxRSS": 51256,
      "systemtime": 31737,
      "usertime": 644266
     },
     "22172456777": {
      "maxRSS": 51256,
      "systemtime": 31737,
      "usertime": 648292
     },
     "22172457945": {
      "maxRSS": 51256,
      "systemtime": 31737,
      "usertime": 648309
     },
     "22172459113": {
      "maxRSS": 51256,
      "systemtime": 31737,
      "usertime": 648325
     },
     "22172460190": {
      "maxRSS": 51256,
      "systemtime": 31737,
      "usertime": 652341
     },
     "22172461355": {
      "maxRSS": 51256,
      "systemtime": 31737,
      "usertime": 652358
     },
     "22172462524": {
      "maxRSS": 51256,
      "systemtime": 31737,
      "usertime": 652375
     },
     "22172463716": {
      "maxRSS": 51256,
      "systemtime": 31737,
      "usertime": 652403
     },
     "22172464867": {
      "maxRSS": 51256,
      "systemtime": 31737,
      "usertime": 656449
     },
     "22172465992": {
      "maxRSS": 51256,
      "systemtime": 31737,
      "usertime": 656478
     },
     "22172467119": {
      "maxRSS": 51256,
      "systemtime": 31737,
      "usertime": 656509
     },
     "22172468206": {
      "maxRSS": 51256,
      "systemtime": 31737,
      "usertime": 660516
     },
     "22172469316": {
      "maxRSS": 51256,
      "systemtime": 31737,
      "usertime": 660530
     },
     "22172470442": {
      "maxRSS": 51256,
      "systemtime": 31758,
      "usertime": 662962
     },
     "22172471549": {
      "maxRSS": 51256,
      "systemtime": 31761,
      "usertime": 663028
     },
     "22172472651": {
      "maxRSS": 51256,
      "systemtime": 31761,
      "usertime": 664608
     },
     "22172473763": {
      "maxRSS": 51256,
      "systemtime": 31761,
      "usertime": 664631
     },
     "22172474846": {
      "maxRSS": 51256,
      "systemtime": 31761,
      "usertime": 664649
     },
     "22172475950": {
      "maxRSS": 51512,
      "systemtime": 31761,
      "usertime": 664667
     },
     "22172477173": {
      "maxRSS": 51768,
      "systemtime": 35617,
      "usertime": 664856
     },
     "22172478281": {
      "maxRSS": 52024,
      "systemtime": 35618,
      "usertime": 664880
     },
     "22172479398": {
      "maxRSS": 52280,
      "systemtime": 35619,
      "usertime": 664902
     },
     "22172480484": {
      "maxRSS": 52536,
      "systemtime": 35622,
      "usertime": 668920
     },
     "22172481692": {
      "maxRSS": 52920,
      "systemtime": 35623,
      "usertime": 668936
     },
     "22172482868": {
      "maxRSS": 53176,
      "systemtime": 35624,
      "usertime": 668952
     },
     "22172483645": {
      "maxRSS": 53176,
      "systemtime": 35804,
      "usertime": 672331
     },
     "22172484830": {
      "maxRSS": 53176,
      "systemtime": 35804,
      "usertime": 672819
     },
     "22172485996": {
      "maxRSS": 53176,
      "systemtime": 35804,
      "usertime": 672835
     },
     "22172487165": {
      "maxRSS": 53176,
      "systemtime": 35804,
      "usertime": 672852
     },
     "22172488243": {
      "maxRSS": 53176,
      "systemtime": 35804,
      "usertime": 676868
     },
     "22172489414": {
      "maxRSS": 53176,
      "systemtime": 35804,
      "usertime": 676884
     },
     "22172490588": {
      "maxRSS": 53176,
      "systemtime": 35804,
      "usertime": 676900
     },
     "22172491769": {
      "maxRSS": 53176,
      "systemtime": 35804,
      "usertime": 676926
     },
     "22172492946": {
      "maxRSS": 53176,
      "systemtime": 35804,
      "usertime": 680942
     },
     "22172494117": {
      "maxRSS": 53176,
      "systemtime": 35804,
      "usertime": 680958
     },
     "22172495287": {
      "maxRSS": 53176,
      "systemtime": 35804,
      "usertime": 680974
     },
     "22172496446": {
      "maxRSS": 53176,
      "systemtime": 35804,
      "usertime": 684992
     },
     "22172497537": {
      "maxRSS": 53176,
      "systemtime": 35804,
      "usertime": 685010
     },
     "22172498812": {
      "maxRSS": 53176,
      "systemtime": 35804,
      "usertime": 685040
     },
     "22172499974": {
      "maxRSS": 53176,
      "systemtime": 35804,
      "usertime": 685057
     },
     "22172501138": {
      "maxRSS": 53176,
      "systemtime": 35804,
      "usertime": 689075
     },
     "22172502301": {
      "maxRSS": 53176,
      "systemtime": 35804,
      "usertime": 689092
     },
     "22172503475": {
      "maxRSS": 53176,
      "systemtime": 35804,
      "usertime": 689108
     },
     "22172504647": {
      "maxRSS": 53176,
      "systemtime": 35804,
      "usertime": 693124
     },
     "22172505823": {
      "maxRSS": 53176,
      "systemtime": 35804,
      "usertime": 693156
     },
     "22172506997": {
      "maxRSS": 53176,
      "systemtime": 35804,
      "usertime": 693172
     },
     "22172508114": {
      "maxRSS": 53176,
      "systemtime": 35804,
      "usertime": 697186
     },
     "22172509285": {
      "maxRSS": 53176,
      "systemtime": 35804,
      "usertime": 697202
     },
     "22172510456": {
      "maxRSS": 53176,
      "systemtime": 35804,
      "usertime": 697219
     },
     "22172511631": {
      "maxRSS": 53176,
      "systemtime": 35804,
      "usertime": 697235
     },
     "22172512787": {
      "maxRSS": 53176,
      "systemtime": 35804,
      "usertime": 701253
     },
     "22172513919": {
      "maxRSS": 53176,
      "systemtime": 35804,
      "usertime": 701281
     },
     "22172515064": {
      "maxRSS": 53176,
      "systemtime": 35804,
      "usertime": 701298
     },
     "22172516143": {
      "maxRSS": 53176,
      "systemtime": 35804,
      "usertime": 705315
     },
     "22172517335": {
      "maxRSS": 53176,
      "systemtime": 35804,
      "usertime": 705349
     },
     "22172518500": {
      "maxRSS": 53176,
      "systemtime": 35804,
      "usertime": 705365
     },
     "22172519668": {
      "maxRSS": 53176,
      "systemtime": 35804,
      "usertime": 705382
     },
     "22172520860": {
      "maxRSS": 53176,
      "systemtime": 35804,
      "usertime": 709408
     },
     "22172522040": {
      "maxRSS": 53176,
      "systemtime": 35804,
      "usertime": 709424
     },
     "22172523222": {
      "maxRSS": 53176,
      "systemtime": 35804,
      "usertime": 709440
     },
     "22172524435": {
      "maxRSS": 53176,
      "systemtime": 35804,
      "usertime": 713458
     },
     "22172525694": {
      "maxRSS": 53176,
      "systemtime": 35804,
      "usertime": 713475
     },
     "22172526856": {
      "maxRSS": 53176,
      "systemtime": 35804,
      "usertime": 713492
     },
     "22172528034": {
      "maxRSS": 53176,
      "systemtime": 35804,
      "usertime": 717559
     },
     "22172529204": {
      "maxRSS": 53176,
      "systemtime": 35804,
      "usertime": 717577
     },
     "22172530365": {
      "maxRSS": 53176,
      "systemtime": 35804,
      "usertime": 717594
     },
     "22172531527": {
      "maxRSS": 53176,
      "systemtime": 35804,
      "usertime": 717610
     },
     "22172531785": {
      "maxRSS": 53176,
      "systemtime": 35804,
      "usertime": 721389
     },
     "22172532949": {
      "maxRSS": 53176,
      "systemtime": 35804,
      "usertime": 721639
     },
     "22172534130": {
      "maxRSS": 53176,
      "systemtime": 35804,
      "usertime": 721667
     },
     "22172535301": {
      "maxRSS": 53176,
      "systemtime": 35804,
      "usertime": 721683
     },
     "22172536447": {
      "maxRSS": 53176,
      "systemtime": 35804,
      "usertime": 725720
     },
     "22172537620": {
      "maxRSS": 53560,
      "systemtime": 35804,
      "usertime": 725736
     },
     "22172538807": {
      "maxRSS": 53816,
      "systemtime": 35804,
      "usertime": 725752
     },
     "22172539973": {
      "maxRSS": 54072,
      "systemtime": 35804,
      "usertime": 725769
     },
     "22172541141": {
      "maxRSS": 54328,
      "systemtime": 35804,
      "usertime": 729784
     },
     "22172542327": {
      "maxRSS": 54456,
      "systemtime": 35804,
      "usertime": 732090
     },
     "22172543504": {
      "maxRSS": 54456,
      "systemtime": 35804,
      "usertime": 732106
     },
     "22172544605": {
      "maxRSS": 54456,
      "systemtime": 35804,
      "usertime": 733845
     },
     "22172545712": {
      "maxRSS": 54456,
      "systemtime": 35804,
      "usertime": 733862
     },
     "22172546975": {
      "maxRSS": 54456,
      "systemtime": 35804,
      "usertime": 733881
     },
     "22172548114": {
      "maxRSS": 54456,
      "systemtime": 35804,
      "usertime": 737902
     },
     "22172549307": {
      "maxRSS": 54456,
      "systemtime": 35804,
      "usertime": 737940
     },
     "22172550390": {
      "maxRSS": 54456,
      "systemtime": 35804,
      "usertime": 737957
     },
     "22172551485": {
      "maxRSS": 54456,
      "systemtime": 35804,
      "usertime": 737974
     },
     "22172552657": {
      "maxRSS": 54456,
      "systemtime": 35804,
      "usertime": 741990
     },
     "22172553823": {
      "maxRSS": 54456,
      "systemtime": 35804,
      "usertime": 742006
     },
     "22172554996": {
      "maxRSS": 54456,
      "systemtime": 35804,
      "usertime": 742022
     },
     "22172556112": {
      "maxRSS": 54456,
      "systemtime": 35804,
      "usertime": 746047
     },
     "22172557282": {
      "maxRSS": 54456,
      "systemtime": 35804,
      "usertime": 746063
     },
     "22172558449": {
      "maxRSS": 54456,
      "systemtime": 35804,
      "usertime": 746080
     },
     "22172559582": {
      "maxRSS": 54456,
      "systemtime": 35804,
      "usertime": 746096
     },
     "22172560759": {
      "maxRSS": 54456,
      "systemtime": 35804,
      "usertime": 750113
     },
     "22172562042": {
      "maxRSS": 54456,
      "systemtime": 35804,
      "usertime": 750131
     },
     "22172563308": {
      "maxRSS": 54456,
      "systemtime": 35804,
      "usertime": 750160
     },
     "22172564439": {
      "maxRSS": 54456,
      "systemtime": 35804,
      "usertime": 754177
     },
     "22172565574": {
      "maxRSS": 54456,
      "systemtime": 35804,
      "usertime": 754194
     },
     "22172566747": {
      "maxRSS": 54456,
      "systemtime": 35804,
      "usertime": 754210
     },
     "22172567851": {
      "maxRSS": 54456,
      "systemtime": 35804,
      "usertime": 754228
     },
     "22172568937": {
      "maxRSS": 54456,
      "systemtime": 35804,
      "usertime": 758250
     },
     "22172570109": {
      "maxRSS": 54456,
      "systemtime": 35804,
      "usertime": 758272
     },
     "22172571290": {
      "maxRSS": 54456,
      "systemtime": 35804,
      "usertime": 758298
     },
     "22172572436": {
      "maxRSS": 54456,
      "systemtime": 35804,
      "usertime": 762332
     },
     "22172573607": {
      "maxRSS": 54456,
      "systemtime": 35804,
      "usertime": 762348
     },
     "22172574769": {
      "maxRSS": 54456,
      "systemtime": 35804,
      "usertime": 762365
     },
     "22172575905": {
      "maxRSS": 54456,
      "systemtime": 35804,
      "usertime": 762386
     },
     "22172577151": {
      "maxRSS": 54456,
      "systemtime": 35804,
      "usertime": 766408
     },
     "22172578332": {
      "maxRSS": 54456,
      "systemtime": 35804,
      "usertime": 766436
     },
     "22172579507": {
      "maxRSS": 54456,
      "systemtime": 35804,
      "usertime": 766453
     },
     "22172580679": {
      "maxRSS": 54456,
      "systemtime": 35804,
      "usertime": 770471
     },
     "22172581083": {
      "maxRSS": 54456,
      "systemtime": 35804,
      "usertime": 771476
     },
     "22172582250": {
      "maxRSS": 54456,
      "systemtime": 35804,
      "usertime": 771492
     },
     "22172583418": {
      "maxRSS": 54456,
      "systemtime": 35804,
      "usertime": 771508
     },
     "22172584601": {
      "maxRSS": 54456,
      "systemtime": 35804,
      "usertime": 774547
     },
     "22172585782": {
      "maxRSS": 54456,
      "systemtime": 35804,
      "usertime": 774568
     },
     "22172586949": {
      "maxRSS": 54584,
      "systemtime": 35804,
      "usertime": 774586
     },
     "22172588124": {
      "maxRSS": 54840,
      "systemtime": 35804,
      "usertime": 778600
     },
     "22172589291": {
      "maxRSS": 55096,
      "systemtime": 35804,
      "usertime": 778616
     },
     "22172590023": {
      "maxRSS": 55096,
      "systemtime": 35804,
      "usertime": 780555
     },
     "22172591198": {
      "maxRSS": 55096,
      "systemtime": 35804,
      "usertime": 780581
     },
     "22172592224": {
      "maxRSS": 55096,
      "systemtime": 35804,
      "usertime": 782676
     },
     "22172593515": {
      "maxRSS": 55096,
      "systemtime": 35804,
      "usertime": 782694
     },
     "22172594691": {
      "maxRSS": 55096,
      "systemtime": 35804,
      "usertime": 782710
     },
     "22172595858": {
      "maxRSS": 55096,
      "systemtime": 35804,
      "usertime": 782727
     },
     "22172597028": {
      "maxRSS": 55096,
      "systemtime": 35804,
      "usertime": 786745
     },
     "22172598199": {
      "maxRSS": 55096,
      "systemtime": 35804,
      "usertime": 786761
     },
     "22172599376": {
      "maxRSS": 55096,
      "systemtime": 35804,
      "usertime": 786787
     },
     "22172600527": {
      "maxRSS": 55096,
      "systemtime": 35804,
      "usertime": 790802
     },
     "22172601703": {
      "maxRSS": 55096,
      "systemtime": 35804,
      "usertime": 790819
     },
     "22172602872": {
      "maxRSS": 55096,
      "systemtime": 35804,
      "usertime": 790835
     },
     "22172604062": {
      "maxRSS": 55096,
      "systemtime": 35804,
      "usertime": 794850
     },
     "22172605232": {
      "maxRSS": 55096,
      "systemtime": 35804,
      "usertime": 794867
     },
     "22172606411": {
      "maxRSS": 55096,
      "systemtime": 35804,
      "usertime": 794893
     },
     "22172607587": {
      "maxRSS": 55096,
      "systemtime": 35804,
      "usertime": 794909
     },
     "22172608854": {
      "maxRSS": 55096,
      "systemtime": 35804,
      "usertime": 798945
     },
     "22172609959": {
      "maxRSS": 55096,
      "systemtime": 35804,
      "usertime": 798967
     },
     "22172611164": {
      "maxRSS": 55096,
      "systemtime": 35804,
      "usertime": 798985
     },
     "22172612267": {
      "maxRSS": 55096,
      "systemtime": 35804,
      "usertime": 802994
     },
     "22172613461": {
      "maxRSS": 55096,
      "systemtime": 35804,
      "usertime": 803031
     },
     "22172614625": {
      "maxRSS": 55096,
      "systemtime": 35804,
      "usertime": 803047
     },
     "22172615805": {
      "maxRSS": 55096,
      "systemtime": 35804,
      "usertime": 803064
     },
     "22172616973": {
      "maxRSS": 55096,
      "systemtime": 35804,
      "usertime": 807077
     },
     "22172618139": {
      "maxRSS": 55096,
      "systemtime": 35804,
      "usertime": 809225
     },
     "22172619300": {
      "maxRSS": 55096,
      "systemtime": 35804,
      "usertime": 809242
     },
     "22172620487": {
      "maxRSS": 55096,
      "systemtime": 35804,
      "usertime": 811140
     },
     "22172621657": {
      "maxRSS": 55096,
      "systemtime": 35804,
      "usertime": 811157
     },
     "22172622847": {
      "maxRSS": 55096,
      "systemtime": 35804,
      "usertime": 811173
     },
     "22172624209": {
      "maxRSS": 55352,
      "systemtime": 35804,
      "usertime": 815210
     },
     "22172624697": {
      "maxRSS": 55480,
      "systemtime": 35804,
      "usertime": 815865
     },
     "22172625884": {
      "maxRSS": 55480,
      "systemtime": 35804,
      "usertime": 815883
     },
     "22172627058": {
      "maxRSS": 55480,
      "systemtime": 35804,
      "usertime": 815900
     },
     "22172628127": {
      "maxRSS": 55480,
      "systemtime": 35804,
      "usertime": 819283
     },
     "22172629295": {
      "maxRSS": 55480,
      "systemtime": 35804,
      "usertime": 819300
     },
     "22172630471": {
      "maxRSS": 55480,
      "systemtime": 35804,
      "usertime": 819316
     },
     "22172631641": {
      "maxRSS": 55480,
      "systemtime": 35804,
      "usertime": 819333
     },
     "22172632823": {
      "maxRSS": 55480,
      "systemtime": 35804,
      "usertime": 823335
     },
     "22172633989": {
      "maxRSS": 55480,
      "systemtime": 35804,
      "usertime": 823351
     },
     "22172635179": {
      "maxRSS": 55480,
      "systemtime": 35804,
      "usertime": 823378
     },
     "22172636303": {
      "maxRSS": 55480,
      "systemtime": 35804,
      "usertime": 827394
     },
     "22172637478": {
      "maxRSS": 55480,
      "systemtime": 35804,
      "usertime": 827411
     },
     "22172638657": {
      "maxRSS": 55480,
      "systemtime": 35804,
      "usertime": 827427
     },
     "22172639833": {
      "maxRSS": 55480,
      "systemtime": 35804,
      "usertime": 827446
     },
     "22172640998": {
      "maxRSS": 55480,
      "systemtime": 35804,
      "usertime": 831465
     },
     "22172642097": {
      "maxRSS": 55480,
      "systemtime": 35804,
      "usertime": 831498
     },
     "22172643231": {
      "maxRSS": 55480,
      "systemtime": 35804,
      "usertime": 831520
     },
     "22172644363": {
      "maxRSS": 55480,
      "systemtime": 35804,
      "usertime": 835546
     },
     "22172645545": {
      "maxRSS": 55480,
      "systemtime": 35804,
      "usertime": 835563
     },
     "22172646055": {
      "maxRSS": 55480,
      "systemtime": 35804,
      "usertime": 837537
     },
     "22172647146": {
      "maxRSS": 55480,
      "systemtime": 35804,
      "usertime": 837555
     },
     "22172648295": {
      "maxRSS": 55480,
      "systemtime": 35804,
      "usertime": 839635
     },
     "22172649405": {
      "maxRSS": 55480,
      "systemtime": 35804,
      "usertime": 839652
     },
     "22172650503": {
      "maxRSS": 55480,
      "systemtime": 35804,
      "usertime": 839669
     },
     "22172651650": {
      "maxRSS": 55480,
      "systemtime": 35804,
      "usertime": 843234
     },
     "22172652818": {
      "maxRSS": 55480,
      "systemtime": 35804,
      "usertime": 843702
     },
     "22172653980": {
      "maxRSS": 55480,
      "systemtime": 35804,
      "usertime": 843718
     },
     "22172655154": {
      "maxRSS": 55480,
      "systemtime": 35804,
      "usertime": 843744
     },
     "22172656224": {
      "maxRSS": 55608,
      "systemtime": 35804,
      "usertime": 847764
     },
     "22172657505": {
      "maxRSS": 55608,
      "systemtime": 35804,
      "usertime": 847781
     },
     "22172658696": {
      "maxRSS": 55608,
      "systemtime": 35804,
      "usertime": 847798
     },
     "22172659882": {
      "maxRSS": 55608,
      "systemtime": 35804,
      "usertime": 847816
     },
     "22172661053": {
      "maxRSS": 55608,
      "systemtime": 35804,
      "usertime": 851833
     },
     "22172662220": {
      "maxRSS": 55608,
      "systemtime": 35804,
      "usertime": 851850
     },
     "22172663397": {
      "maxRSS": 55608,
      "systemtime": 35804,
      "usertime": 851879
     },
     "22172664602": {
      "maxRSS": 55608,
      "systemtime": 35804,
      "usertime": 855897
     },
     "22172665690": {
      "maxRSS": 55608,
      "systemtime": 35804,
      "usertime": 855914
     },
     "22172666031": {
      "maxRSS": 55608,
      "systemtime": 35804,
      "usertime": 857908
     },
     "22172667198": {
      "maxRSS": 55608,
      "systemtime": 35804,
      "usertime": 857926
     },
     "22172668328": {
      "maxRSS": 55608,
      "systemtime": 35804,
      "usertime": 859967
     },
     "22172669489": {
      "maxRSS": 55608,
      "systemtime": 35804,
      "usertime": 860013
     },
     "22172670251": {
      "maxRSS": 55608,
      "systemtime": 35804,
      "usertime": 862178
     },
     "22172671430": {
      "maxRSS": 55608,
      "systemtime": 35804,
      "usertime": 862195
     },
     "22172672557": {
      "maxRSS": 55608,
      "systemtime": 35804,
      "usertime": 864062
     },
     "22172673729": {
      "maxRSS": 55608,
      "systemtime": 35804,
      "usertime": 864078
     },
     "22172674906": {
      "maxRSS": 55608,
      "systemtime": 35804,
      "usertime": 864095
     },
     "22172676121": {
      "maxRSS": 55608,
      "systemtime": 35804,
      "usertime": 868138
     },
     "22172677293": {
      "maxRSS": 55608,
      "systemtime": 35804,
      "usertime": 868154
     },
     "22172678470": {
      "maxRSS": 55608,
      "systemtime": 35804,
      "usertime": 868170
     },
     "22172679573": {
      "maxRSS": 55608,
      "systemtime": 35821,
      "usertime": 871648
     },
     "22172680750": {
      "maxRSS": 55608,
      "systemtime": 35821,
      "usertime": 872192
     },
     "22172681919": {
      "maxRSS": 55608,
      "systemtime": 35821,
      "usertime": 872208
     },
     "22172682389": {
      "maxRSS": 55608,
      "systemtime": 35821,
      "usertime": 874517
     },
     "22172683566": {
      "maxRSS": 55608,
      "systemtime": 35821,
      "usertime": 874533
     },
     "22172684734": {
      "maxRSS": 55608,
      "systemtime": 35821,
      "usertime": 876267
     },
     "22172685911": {
      "maxRSS": 55608,
      "systemtime": 35821,
      "usertime": 876288
     },
     "22172687072": {
      "maxRSS": 55608,
      "systemtime": 35821,
      "usertime": 876305
     },
     "22172688125": {
      "maxRSS": 55608,
      "systemtime": 35821,
      "usertime": 880323
     },
     "22172688551": {
      "maxRSS": 55608,
      "systemtime": 35821,
      "usertime": 880787
     },
     "22172689690": {
      "maxRSS": 55608,
      "systemtime": 35821,
      "usertime": 880815
     },
     "22172689989": {
      "maxRSS": 55608,
      "systemtime": 35821,
      "usertime": 882310
     },
     "22172691162": {
      "maxRSS": 55608,
      "systemtime": 35821,
      "usertime": 882331
     },
     "22172692241": {
      "maxRSS": 55608,
      "systemtime": 35821,
      "usertime": 884422
     },
     "22172693395": {
      "maxRSS": 55608,
      "systemtime": 35821,
      "usertime": 885736
     },
     "22172694190": {
      "maxRSS": 55608,
      "systemtime": 35821,
      "usertime": 886545
     },
     "22172695378": {
      "maxRSS": 55608,
      "systemtime": 35821,
      "usertime": 886576
     },
     "22172696026": {
      "maxRSS": 55608,
      "systemtime": 35854,
      "usertime": 888467
     },
     "22172696396": {
      "maxRSS": 55608,
      "systemtime": 35854,
      "usertime": 888805
     },
     "22172697409": {
      "maxRSS": 55608,
      "systemtime": 35854,
      "usertime": 889824
     },
     "22172697591": {
      "maxRSS": 55608,
      "systemtime": 35854,
      "usertime": 890063
     },
     "22172698143": {
      "maxRSS": 55608,
      "systemtime": 35854,
      "usertime": 890591
     },
     "22172698185": {
      "maxRSS": 55608,
      "systemtime": 35854,
      "usertime": 890740
     },
     "22172698540": {
      "maxRSS": 55608,
      "systemtime": 35854,
      "usertime": 891100
     },
     "22172698726": {
      "maxRSS": 55608,
      "systemtime": 35854,
      "usertime": 891299
     },
     "22172698831": {
      "maxRSS": 55608,
      "systemtime": 35854,
      "usertime": 891439
     },
     "22172698873": {
      "maxRSS": 55608,
      "systemtime": 35854,
      "usertime": 891496
     },
     "22172698966": {
      "maxRSS": 55608,
      "systemtime": 35854,
      "usertime": 891601
     },
     "22172700121": {
      "maxRSS": 55608,
      "systemtime": 35854,
      "usertime": 892674
     },
     "22172701293": {
      "maxRSS": 55608,
      "systemtime": 35854,
      "usertime": 892691
     },
     "22172702466": {
      "maxRSS": 55608,
      "systemtime": 35854,
      "usertime": 892707
     },
     "22172703643": {
      "maxRSS": 55608,
      "systemtime": 35854,
      "usertime": 892724
     },
     "22172704735": {
      "maxRSS": 55608,
      "systemtime": 35854,
      "usertime": 896742
     }
    }
   }
  }
 }
}
