{
 "root": {
  "program": {
   "configuration": {
    "": "/root/compiler/tests/corpus/BENCHMARK_FAMILY/same_generation_negation.dl",
    "fact-dir": "/root/compiler/fixtures/benchmark-family/same_generation_negation/d6_b4",
    "include-dir": ".",
    "jobs": "1",
    "libraries": "functors",
    "library-dir": ".",
    "magic-transform": "*",
    "output-dir": "/root/compiler/measurements/night02-t4/same_generation_negation/d6_b4-souffle",
    "profile": "prof.log",
    "relationCount": "4",
    "ruleCount": "7",
    "version": "2.5",
    "warn": "all",
    "wno": "none"
   },
   "relation": {
    "@magic.notsg.{bf}": {
     "maxRSS": {
      "post": 11968,
      "pre": 11840
     },
     "non-recursive-rule": {
      "@magic.notsg.{bf}(0).": {
       "maxRSS": {
        "post": 11968,
        "pre": 11840
       },
       "num-tuples": 1,
       "runtime": { "start": 172502092722, "end": 172502092728},
       "source-locator": " [1:1-1:1]"
      }
     },
     "num-tuples": 1,
     "runtime": { "start": 172502092721, "end": 172502092736},
     "source-locator": " [1:1-1:1]"
    },
    "@neglabel.sg": {
     "iteration": {
      "0": {
       "copytime": { "start": 172502853461, "end": 172502854760},
       "maxRSS": {
        "post": 13000,
        "pre": 12616
       },
       "num-tuples": 15490,
       "recursive-rule": {
        "@neglabel.sg(x,y) :- \n   parent(x,xp),\n   parent(y,yp),\n   @neglabel.sg(xp,yp),\n   x != y.": {
         "0": {
          "atom-frequency": {
           "@new_@neglabel.sg(x,y) :- \n   parent(x,xp),\n   parent(y,yp),\n   @delta_@neglabel.sg(xp,yp),\n   x != y.": {
            "parent": {
             "level": 0,
             "num-tuples": 0
            }
           }
          },
          "maxRSS": {
           "post": 13000,
           "pre": 12616
          },
          "num-tuples": 15490,
          "runtime": { "start": 172502094624, "end": 172502853399},
          "source-locator": " [1:1-1:1]"
         }
        }
       },
       "runtime": { "start": 172502094615, "end": 172502853426}
      },
      "1": {
       "copytime": { "start": 172503629330, "end": 172503634352},
       "maxRSS": {
        "post": 14792,
        "pre": 13384
       },
       "num-tuples": 62136,
       "recursive-rule": {
        "@neglabel.sg(x,y) :- \n   parent(x,xp),\n   parent(y,yp),\n   @neglabel.sg(xp,yp),\n   x != y.": {
         "0": {
          "maxRSS": {
           "post": 14792,
           "pre": 13384
          },
          "num-tuples": 62136,
          "runtime": { "start": 172502854773, "end": 172503629249},
          "source-locator": " [1:1-1:1]"
         }
        }
       },
       "runtime": { "start": 172502854768, "end": 172503629279}
      },
      "2": {
       "copytime": { "start": 172504455988, "end": 172504475137},
       "maxRSS": {
        "post": 20936,
        "pre": 16200
       },
       "num-tuples": 245172,
       "recursive-rule": {
        "@neglabel.sg(x,y) :- \n   parent(x,xp),\n   parent(y,yp),\n   @neglabel.sg(xp,yp),\n   x != y.": {
         "0": {
          "maxRSS": {
           "post": 20936,
           "pre": 16200
          },
          "num-tuples": 245172,
          "runtime": { "start": 172503634384, "end": 172504455761},
          "source-locator": " [1:1-1:1]"
         }
        }
       },
       "runtime": { "start": 172503634362, "end": 172504455864}
      },
      "3": {
       "copytime": { "start": 172505377148, "end": 172505447376},
       "maxRSS": {
        "post": 44744,
        "pre": 26952
       },
       "num-tuples": 959588,
       "recursive-rule": {
        "@neglabel.sg(x,y) :- \n   parent(x,xp),\n   parent(y,yp),\n   @neglabel.sg(xp,yp),\n   x != y.": {
         "0": {
          "maxRSS": {
           "post": 44744,
           "pre": 26952
          },
          "num-tuples": 959588,
          "runtime": { "start": 172504475171, "end": 172505375885},
          "source-locator": " [1:1-1:1]"
         }
        }
       },
       "runtime": { "start": 172504475149, "end": 172505376450}
      },
      "4": {
       "copytime": { "start": 172506566762, "end": 172506786220},
       "maxRSS": {
        "post": 121032,
        "pre": 65224
       },
       "num-tuples": 3089062,
       "recursive-rule": {
        "@neglabel.sg(x,y) :- \n   parent(x,xp),\n   parent(y,yp),\n   @neglabel.sg(xp,yp),\n   x != y.": {
         "0": {
          "maxRSS": {
           "post": 121032,
           "pre": 65224
          },
          "num-tuples": 3089062,
          "runtime": { "start": 172505447416, "end": 172506561640},
          "source-locator": " [1:1-1:1]"
         }
        }
       },
       "runtime": { "start": 172505447391, "end": 172506563382}
      },
      "5": {
       "copytime": { "start": 172508645994, "end": 172509426108},
       "maxRSS": {
        "post": 360776,
        "pre": 185032
       },
       "num-tuples": 9966888,
       "recursive-rule": {
        "@neglabel.sg(x,y) :- \n   parent(x,xp),\n   parent(y,yp),\n   @neglabel.sg(xp,yp),\n   x != y.": {
         "0": {
          "maxRSS": {
           "post": 360776,
           "pre": 185032
          },
          "num-tuples": 9966888,
          "runtime": { "start": 172506786299, "end": 172508629935},
          "source-locator": " [1:1-1:1]"
         }
        }
       },
       "runtime": { "start": 172506786240, "end": 172508635128}
      },
      "6": {
       "maxRSS": {
        "post": 558408,
        "pre": 558152
       },
       "num-tuples": 0,
       "recursive-rule": {
        "@neglabel.sg(x,y) :- \n   parent(x,xp),\n   parent(y,yp),\n   @neglabel.sg(xp,yp),\n   x != y.": {
         "0": {
          "maxRSS": {
           "post": 558408,
           "pre": 558152
          },
          "num-tuples": 0,
          "runtime": { "start": 172509426150, "end": 172510779411},
          "source-locator": " [1:1-1:1]"
         }
        }
       },
       "runtime": { "start": 172509426125, "end": 172510779436}
      }
     },
     "maxRSS": {
      "post": 12488,
      "pre": 12488
     },
     "non-recursive-rule": {
      "@neglabel.sg(x,x) :- \n   person(x).": {
       "atom-frequency": {
        "@neglabel.sg(x,x) :- \n   person(x).": {
         "person": {
          "level": 0,
          "num-tuples": 0
         }
        }
       },
       "maxRSS": {
        "post": 12488,
        "pre": 12488
       },
       "num-tuples": 4888,
       "runtime": { "start": 172502094203, "end": 172502094379},
       "source-locator": " [1:1-1:1]"
      }
     },
     "num-tuples": 4888,
     "runtime": { "start": 172502094193, "end": 172502094388},
     "source-locator": "/root/compiler/tests/corpus/BENCHMARK_FAMILY/same_generation_negation.dl [26:7-26:9]"
    },
    "notsg.{bf}": {
     "maxRSS": {
      "post": 558408,
      "pre": 558408
     },
     "non-recursive-rule": {
      "notsg.{bf}(x,y) :- \n   @magic.notsg.{bf}(x),\n   person(x),\n   person(y),\n   !@neglabel.sg(x,y).": {
       "atom-frequency": {
        "notsg.{bf}(x,y) :- \n   @magic.notsg.{bf}(x),\n   person(x),\n   person(y),\n   !@neglabel.sg(x,y).": {
         "@magic.notsg.{bf}": {
          "level": 0,
          "num-tuples": 0
         },
         "person": {
          "level": 2,
          "num-tuples": 0
         }
        }
       },
       "maxRSS": {
        "post": 558408,
        "pre": 558408
       },
       "num-tuples": 4887,
       "runtime": { "start": 172510797791, "end": 172510798088},
       "source-locator": " [1:1-1:1]"
      }
     },
     "num-tuples": 4887,
     "reads": 0,
     "runtime": { "start": 172510797770, "end": 172510798101},
     "source-locator": " [1:1-1:1]"
    },
    "parent": {
     "loadtime": { "start": 172502092740, "end": 172502093670},
     "num-tuples": 4887,
     "reads": 0,
     "source-locator": "/root/compiler/tests/corpus/BENCHMARK_FAMILY/same_generation_negation.dl [20:7-20:13]"
    },
    "person": {
     "loadtime": { "start": 172502093681, "end": 172502094186},
     "num-tuples": 4888,
     "reads": 1,
     "source-locator": "/root/compiler/tests/corpus/BENCHMARK_FAMILY/same_generation_negation.dl [23:7-23:13]"
    },
    "q_notsg": {
     "maxRSS": {
      "post": 558408,
      "pre": 558408
     },
     "non-recursive-rule": {
      "q_notsg(y) :- \n   notsg.{bf}(@abdul0,y),\n   @abdul0 = 0.": {
       "atom-frequency": {
        "q_notsg(y) :- \n   notsg.{bf}(@abdul0,y),\n   @abdul0 = 0.": {
         "notsg.{bf}": {
          "level": 0,
          "num-tuples": 0
         }
        }
       },
       "maxRSS": {
        "post": 558408,
        "pre": 558408
       },
       "num-tuples": 4887,
       "runtime": { "start": 172510830751, "end": 172510830920},
       "source-locator": " [1:1-1:1]"
      }
     },
     "num-tuples": 4887,
     "reads": 0,
     "runtime": { "start": 172510830747, "end": 172510830933},
     "savetime": { "start": 172510830938, "end": 172510831259},
     "source-locator": "/root/compiler/tests/corpus/BENCHMARK_FAMILY/same_generation_negation.dl [33:7-33:14]"
    }
   },
   "runtime": { "start": 172502092716, "end": 172510831275},
   "starttime": { "time": 172502092689},
   "usage": {
    "timepoint": {
     "172502092806": {
      "maxRSS": 12096,
      "systemtime": 0,
      "usertime": 5011
     },
     "172502093722": {
      "maxRSS": 12488,
      "systemtime": 0,
      "usertime": 5989
     },
     "172502094274": {
      "maxRSS": 12488,
      "systemtime": 0,
      "usertime": 6530
     },
     "172502094667": {
      "maxRSS": 12616,
      "systemtime": 0,
      "usertime": 6969
     },
     "172502095816": {
      "maxRSS": 12616,
      "systemtime": 0,
      "usertime": 6985
     },
     "172502096989": {
      "maxRSS": 12616,
      "systemtime": 0,
      "usertime": 8432
     },
     "172502098071": {
      "maxRSS": 12616,
      "systemtime": 0,
      "usertime": 8448
     },
     "172502099347": {
      "maxRSS": 12616,
      "systemtime": 0,
      "usertime": 8470
     },
     "172502100586": {
      "maxRSS": 12616,
      "systemtime": 0,
      "usertime": 12437
     },
     "172502101763": {
      "maxRSS": 12616,
      "systemtime": 0,
      "usertime": 12454
     },
     "172502103061": {
      "maxRSS": 12616,
      "systemtime": 0,
      "usertime": 12470
     },
     "172502104147": {
      "maxRSS": 12616,
      "systemtime": 0,
      "usertime": 16487
     },
     "172502105403": {
      "maxRSS": 12616,
      "systemtime": 0,
      "usertime": 16504
     },
     "172502106569": {
      "maxRSS": 12616,
      "systemtime": 0,
      "usertime": 16521
     },
     "172502107741": {
      "maxRSS": 12616,
      "systemtime": 0,
      "usertime": 16542
     },
     "172502108913": {
      "maxRSS": 12616,
      "systemtime": 0,
      "usertime": 20563
     },
     "172502110012": {
      "maxRSS": 12616,
      "systemtime": 0,
      "usertime": 20582
     },
     "172502111190": {
      "maxRSS": 12616,
      "systemtime": 0,
      "usertime": 20601
     },
     "172502112368": {
      "maxRSS": 12616,
      "systemtime": 0,
      "usertime": 24632
     },
     "172502113451": {
      "maxRSS": 12616,
      "systemtime": 0,
      "usertime": 24648
     },
     "172502114651": {
      "maxRSS": 12616,
      "systemtime": 0,
      "usertime": 24671
     },
     "172502115819": {
      "maxRSS": 12616,
      "systemtime": 0,
      "usertime": 24688
     },
     "172502117076": {
      "maxRSS": 12616,
      "systemtime": 0,
      "usertime": 28705
     },
     "172502118256": {
      "maxRSS": 12616,
      "systemtime": 0,
      "usertime": 28722
     },
     "172502119430": {
      "maxRSS": 12616,
      "systemtime": 0,
      "usertime": 28738
     },
     "172502120565": {
      "maxRSS": 12616,
      "systemtime": 0,
      "usertime": 32760
     },
     "172502121741": {
      "maxRSS": 12616,
      "systemtime": 0,
      "usertime": 32782
     },
     "172502123031": {
      "maxRSS": 12616,
      "systemtime": 0,
      "usertime": 32799
     },
     "172502124140": {
      "maxRSS": 12616,
      "systemtime": 0,
      "usertime": 36815
     },
     "172502125320": {
      "maxRSS": 12616,
      "systemtime": 0,
      "usertime": 36831
     },
     "172502126507": {
      "maxRSS": 12616,
      "systemtime": 0,
      "usertime": 36849
     },
     "172502127664": {
      "maxRSS": 12616,
      "systemtime": 0,
      "usertime": 36867
     },
     "172502128777": {
      "maxRSS": 12616,
      "systemtime": 0,
      "usertime": 40902
     },
     "172502129950": {
      "maxRSS": 12616,
      "systemtime": 0,
      "usertime": 40918
     },
     "172502131127": {
      "maxRSS": 12616,
      "systemtime": 0,
      "usertime": 40935
     },
     "172502132204": {
      "maxRSS": 12616,
      "systemtime": 0,
      "usertime": 44953
     },
     "172502133377": {
      "maxRSS": 12616,
      "systemtime": 0,
      "usertime": 44970
     },
     "172502134544": {
      "maxRSS": 12616,
      "systemtime": 0,
      "usertime": 44986
     },
     "172502135718": {
      "maxRSS": 12616,
      "systemtime": 0,
      "usertime": 45007
     },
     "172502136857": {
      "maxRSS": 12616,
      "systemtime": 0,
      "usertime": 49026
     },
     "172502138030": {
      "maxRSS": 12616,
      "systemtime": 0,
      "usertime": 49045
     },
     "172502139207": {
      "maxRSS": 12616,
      "systemtime": 0,
      "usertime": 49062
     },
     "172502140338": {
      "maxRSS": 12616,
      "systemtime": 0,
      "usertime": 53080
     },
     "172502141425": {
      "maxRSS": 12616,
      "systemtime": 0,
      "usertime": 53098
     },
     "172502142579": {
      "maxRSS": 12616,
      "systemtime": 0,
      "usertime": 53118
     },
     "172502143762": {
      "maxRSS": 12616,
      "systemtime": 0,
      "usertime": 53144
     },
     "172502145001": {
      "maxRSS": 12616,
      "systemtime": 0,
      "usertime": 57187
     },
     "172502146215": {
      "maxRSS": 12616,
      "systemtime": 0,
      "usertime": 57203
     },
     "172502147361": {
      "maxRSS": 12616,
      "systemtime": 0,
      "usertime": 57220
     },
     "172502148551": {
      "maxRSS": 12616,
      "systemtime": 0,
      "usertime": 61312
     },
     "172502149718": {
      "maxRSS": 12616,
      "systemtime": 0,
      "usertime": 61329
     },
     "172502150806": {
      "maxRSS": 12616,
      "systemtime": 0,
      "usertime": 61350
     },
     "172502151982": {
      "maxRSS": 12616,
      "systemtime": 0,
      "usertime": 61367
     },
     "172502153122": {
      "maxRSS": 12616,
      "systemtime": 0,
      "usertime": 65304
     },
     "172502154197": {
      "maxRSS": 12616,
      "systemtime": 0,
      "usertime": 65318
     },
     "172502155311": {
      "maxRSS": 12616,
      "systemtime": 0,
      "usertime": 65342
     },
     "172502156408": {
      "maxRSS": 12616,
      "systemtime": 0,
      "usertime": 69359
     },
     "172502157496": {
      "maxRSS": 12616,
      "systemtime": 0,
      "usertime": 69377
     },
     "172502158692": {
      "maxRSS": 12616,
      "systemtime": 0,
      "usertime": 69402
     },
     "172502159805": {
      "maxRSS": 12616,
      "systemtime": 0,
      "usertime": 69430
     },
     "172502160955": {
      "maxRSS": 12616,
      "systemtime": 0,
      "usertime": 73473
     },
     "172502162058": {
      "maxRSS": 12616,
      "systemtime": 0,
      "usertime": 73498
     },
     "172502163302": {
      "maxRSS": 12616,
      "systemtime": 0,
      "usertime": 73525
     },
     "172502164390": {
      "maxRSS": 12616,
      "systemtime": 0,
      "usertime": 77545
     },
     "172502165457": {
      "maxRSS": 12616,
      "systemtime": 0,
      "usertime": 77556
     },
     "172502166555": {
      "maxRSS": 12616,
      "systemtime": 0,
      "usertime": 77562
     },
     "172502167650": {
      "maxRSS": 12616,
      "systemtime": 0,
      "usertime": 77569
     },
     "172502168751": {
      "maxRSS": 12616,
      "systemtime": 0,
      "usertime": 81574
     },
     "172502169848": {
      "maxRSS": 12616,
      "systemtime": 0,
      "usertime": 81583
     },
     "172502170944": {
      "maxRSS": 12616,
      "systemtime": 0,
      "usertime": 81600
     },
     "172502172065": {
      "maxRSS": 12616,
      "systemtime": 0,
      "usertime": 85631
     },
     "172502173181": {
      "maxRSS": 12616,
      "systemtime": 0,
      "usertime": 85663
     },
     "172502174258": {
      "maxRSS": 12616,
      "systemtime": 0,
      "usertime": 85676
     },
     "172502175366": {
      "maxRSS": 12616,
      "systemtime": 0,
      "usertime": 85689
     },
     "172502176451": {
      "maxRSS": 12616,
      "systemtime": 0,
      "usertime": 89712
     },
     "172502177573": {
      "maxRSS": 12616,
      "systemtime": 0,
      "usertime": 89741
     },
     "172502178682": {
      "maxRSS": 12616,
      "systemtime": 0,
      "usertime": 89781
     },
     "172502179789": {
      "maxRSS": 12616,
      "systemtime": 0,
      "usertime": 89798
     },
     "172502181008": {
      "maxRSS": 12616,
      "systemtime": 0,
      "usertime": 93882
     },
     "172502182182": {
      "maxRSS": 12616,
      "systemtime": 0,
      "usertime": 93899
     },
     "172502183362": {
      "maxRSS": 12616,
      "systemtime": 0,
      "usertime": 93916
     },
     "172502184532": {
      "maxRSS": 12616,
      "systemtime": 0,
      "usertime": 97886
     },
     "172502185705": {
      "maxRSS": 12616,
      "systemtime": 0,
      "usertime": 97907
     },
     "172502186795": {
      "maxRSS": 12616,
      "systemtime": 0,
      "usertime": 97928
     },
     "172502188080": {
      "maxRSS": 12616,
      "systemtime": 0,
      "usertime": 101945
     },
     "172502189262": {
      "maxRSS": 12616,
      "systemtime": 0,
      "usertime": 101962
     },
     "172502190437": {
      "maxRSS": 12616,
      "systemtime": 0,
      "usertime": 101980
     },
     "172502191606": {
      "maxRSS": 12616,
      "systemtime": 0,
      "usertime": 101997
     },
     "172502192783": {
      "maxRSS": 12616,
      "systemtime": 0,
      "usertime": 106008
     },
     "172502193872": {
      "maxRSS": 12616,
      "systemtime": 0,
      "usertime": 106025
     },
     "172502195141": {
      "maxRSS": 12616,
      "systemtime": 0,
      "usertime": 106043
     },
     "172502196279": {
      "maxRSS": 12616,
      "systemtime": 0,
      "usertime": 110063
     },
     "172502197447": {
      "maxRSS": 12616,
      "systemtime": 0,
      "usertime": 110092
     },
     "172502198547": {
      "maxRSS": 12616,
      "systemtime": 0,
      "usertime": 110103
     },
     "172502199644": {
      "maxRSS": 12616,
      "systemtime": 0,
      "usertime": 110110
     },
     "172502200740": {
      "maxRSS": 12616,
      "systemtime": 0,
      "usertime": 114133
     },
     "172502201906": {
      "maxRSS": 12616,
      "systemtime": 0,
      "usertime": 114153
     },
     "172502203034": {
      "maxRSS": 12616,
      "systemtime": 0,
      "usertime": 114171
     },
     "172502204164": {
      "maxRSS": 12616,
      "systemtime": 0,
      "usertime": 118283
     },
     "172502205361": {
      "maxRSS": 12616,
      "systemtime": 0,
      "usertime": 118312
     },
     "172502206545": {
      "maxRSS": 12616,
      "systemtime": 0,
      "usertime": 118336
     },
     "172502207725": {
      "maxRSS": 12616,
      "systemtime": 0,
      "usertime": 118366
     },
     "172502208891": {
      "maxRSS": 12616,
      "systemtime": 0,
      "usertime": 122301
     },
     "172502210077": {
      "maxRSS": 12616,
      "systemtime": 0,
      "usertime": 122324
     },
     "172502211289": {
      "maxRSS": 12616,
      "systemtime": 0,
      "usertime": 122343
     },
     "172502212475": {
      "maxRSS": 12616,
      "systemtime": 0,
      "usertime": 126368
     },
     "172502213824": {
      "maxRSS": 12616,
      "systemtime": 0,
      "usertime": 126384
     },
     "172502214999": {
      "maxRSS": 12616,
      "systemtime": 0,
      "usertime": 126407
     },
     "172502216118": {
      "maxRSS": 12616,
      "systemtime": 0,
      "usertime": 130420
     },
     "172502217285": {
      "maxRSS": 12616,
      "systemtime": 0,
      "usertime": 130436
     },
     "172502218484": {
      "maxRSS": 12616,
      "systemtime": 0,
      "usertime": 130453
     },
     "172502219655": {
      "maxRSS": 12616,
      "systemtime": 0,
      "usertime": 130469
     },
     "172502220937": {
      "maxRSS": 12616,
      "systemtime": 0,
      "usertime": 134488
     },
     "172502222146": {
      "maxRSS": 12616,
      "systemtime": 0,
      "usertime": 134544
     },
     "172502223231": {
      "maxRSS": 12616,
      "systemtime": 0,
      "usertime": 134562
     },
     "172502224360": {
      "maxRSS": 12616,
      "systemtime": 0,
      "usertime": 138581
     },
     "172502225498": {
      "maxRSS": 12616,
      "systemtime": 0,
      "usertime": 138598
     },
     "172502226599": {
      "maxRSS": 12616,
      "systemtime": 0,
      "usertime": 138616
     },
     "172502227767": {
      "maxRSS": 12616,
      "systemtime": 0,
      "usertime": 138633
     },
     "172502228903": {
      "maxRSS": 12616,
      "systemtime": 0,
      "usertime": 142658
     },
     "172502230079": {
      "maxRSS": 12616,
      "systemtime": 0,
      "usertime": 142681
     },
     "172502231259": {
      "maxRSS": 12616,
      "systemtime": 0,
      "usertime": 142702
     },
     "172502232384": {
      "maxRSS": 12616,
      "systemtime": 0,
      "usertime": 146717
     },
     "172502233516": {
      "maxRSS": 12616,
      "systemtime": 0,
      "usertime": 146733
     },
     "172502234682": {
      "maxRSS": 12616,
      "systemtime": 0,
      "usertime": 146749
     },
     "172502235855": {
      "maxRSS": 12616,
      "systemtime": 0,
      "usertime": 146765
     },
     "172502236956": {
      "maxRSS": 12616,
      "systemtime": 0,
      "usertime": 150789
     },
     "172502238136": {
      "maxRSS": 12616,
      "systemtime": 0,
      "usertime": 150806
     },
     "172502239309": {
      "maxRSS": 12616,
      "systemtime": 0,
      "usertime": 150824
     },
     "172502240461": {
      "maxRSS": 12616,
      "systemtime": 0,
      "usertime": 154843
     },
     "172502241715": {
      "maxRSS": 12616,
      "systemtime": 0,
      "usertime": 154860
     },
     "172502243890": {
      "maxRSS": 12616,
      "systemtime": 0,
      "usertime": 154882
     },
     "172502246154": {
      "maxRSS": 12616,
      "systemtime": 0,
      "usertime": 158979
     },
     "172502248231": {
      "maxRSS": 12616,
      "systemtime": 0,
      "usertime": 162932
     },
     "172502250398": {
      "maxRSS": 12616,
      "systemtime": 0,
      "usertime": 162949
     },
     "172502252527": {
      "maxRSS": 12616,
      "systemtime": 0,
      "usertime": 166968
     },
     "172502254694": {
      "maxRSS": 12616,
      "systemtime": 0,
      "usertime": 166985
     },
     "172502256788": {
      "maxRSS": 12616,
      "systemtime": 0,
      "usertime": 171005
     },
     "172502258947": {
      "maxRSS": 12616,
      "systemtime": 0,
      "usertime": 171043
     },
     "172502261125": {
      "maxRSS": 12616,
      "systemtime": 0,
      "usertime": 175130
     },
     "172502263278": {
      "maxRSS": 12616,
      "systemtime": 0,
      "usertime": 175153
     },
     "172502265386": {
      "maxRSS": 12616,
      "systemtime": 0,
      "usertime": 179173
     },
     "172502267488": {
      "maxRSS": 12616,
      "systemtime": 0,
      "usertime": 179185
     },
     "172502269658": {
      "maxRSS": 12616,
      "systemtime": 0,
      "usertime": 183145
     },
     "172502271756": {
      "maxRSS": 12616,
      "systemtime": 0,
      "usertime": 183173
     },
     "172502273909": {
      "maxRSS": 12616,
      "systemtime": 0,
      "usertime": 187215
     },
     "172502276030": {
      "maxRSS": 12616,
      "systemtime": 0,
      "usertime": 191224
     },
     "172502278131": {
      "maxRSS": 12616,
      "systemtime": 0,
      "usertime": 191232
     },
     "172502280208": {
      "maxRSS": 12616,
      "systemtime": 0,
      "usertime": 195248
     },
     "172502282303": {
      "maxRSS": 12616,
      "systemtime": 0,
      "usertime": 195260
     },
     "172502284408": {
      "maxRSS": 12616,
      "systemtime": 0,
      "usertime": 199272
     },
     "172502286580": {
      "maxRSS": 12616,
      "systemtime": 0,
      "usertime": 199317
     },
     "172502288768": {
      "maxRSS": 12616,
      "systemtime": 0,
      "usertime": 203416
     },
     "172502290940": {
      "maxRSS": 12616,
      "systemtime": 0,
      "usertime": 203437
     },
     "172502293131": {
      "maxRSS": 12616,
      "systemtime": 0,
      "usertime": 207386
     },
     "172502295297": {
      "maxRSS": 12616,
      "systemtime": 0,
      "usertime": 207412
     },
     "172502297424": {
      "maxRSS": 12616,
      "systemtime": 0,
      "usertime": 211445
     },
     "172502299542": {
      "maxRSS": 12616,
      "systemtime": 0,
      "usertime": 211469
     },
     "172502301715": {
      "maxRSS": 12616,
      "systemtime": 0,
      "usertime": 215487
     },
     "172502303809": {
      "maxRSS": 12616,
      "systemtime": 0,
      "usertime": 215505
     },
     "172502305979": {
      "maxRSS": 12616,
      "systemtime": 0,
      "usertime": 219527
     },
     "172502308200": {
      "maxRSS": 12744,
      "systemtime": 0,
      "usertime": 223543
     },
     "172502310370": {
      "maxRSS": 12744,
      "systemtime": 0,
      "usertime": 223559
     },
     "172502312514": {
      "maxRSS": 12744,
      "systemtime": 0,
      "usertime": 227585
     },
     "172502314685": {
      "maxRSS": 12744,
      "systemtime": 0,
      "usertime": 227602
     },
     "172502316856": {
      "maxRSS": 12744,
      "systemtime": 0,
      "usertime": 231621
     },
     "172502319032": {
      "maxRSS": 12744,
      "systemtime": 0,
      "usertime": 231637
     },
     "172502321183": {
      "maxRSS": 12744,
      "systemtime": 0,
      "usertime": 235667
     },
     "172502323420": {
      "maxRSS": 12744,
      "systemtime": 0,
      "usertime": 235694
     },
     "172502325592": {
      "maxRSS": 12744,
      "systemtime": 0,
      "usertime": 239718
     },
     "172502327768": {
      "maxRSS": 12744,
      "systemtime": 0,
      "usertime": 239743
     },
     "172502330025": {
      "maxRSS": 12744,
      "systemtime": 0,
      "usertime": 243760
     },
     "172502332088": {
      "maxRSS": 12744,
      "systemtime": 0,
      "usertime": 247779
     },
     "172502334255": {
      "maxRSS": 12744,
      "systemtime": 0,
      "usertime": 247796
     },
     "172502336382": {
      "maxRSS": 12744,
      "systemtime": 0,
      "usertime": 251815
     },
     "172502338565": {
      "maxRSS": 12744,
      "systemtime": 0,
      "usertime": 251832
     },
     "172502340738": {
      "maxRSS": 12744,
      "systemtime": 0,
      "usertime": 255859
     },
     "172502342905": {
      "maxRSS": 12744,
      "systemtime": 0,
      "usertime": 255875
     },
     "172502345100": {
      "maxRSS": 12744,
      "systemtime": 0,
      "usertime": 259894
     },
     "172502347268": {
      "maxRSS": 12744,
      "systemtime": 0,
      "usertime": 259911
     },
     "172502349443": {
      "maxRSS": 12744,
      "systemtime": 0,
      "usertime": 263931
     },
     "172502351608": {
      "maxRSS": 12744,
      "systemtime": 0,
      "usertime": 263948
     },
     "172502353763": {
      "maxRSS": 12872,
      "systemtime": 0,
      "usertime": 267977
     },
     "172502355938": {
      "maxRSS": 12872,
      "systemtime": 0,
      "usertime": 267999
     },
     "172502358087": {
      "maxRSS": 12872,
      "systemtime": 0,
      "usertime": 272126
     },
     "172502360120": {
      "maxRSS": 12872,
      "systemtime": 0,
      "usertime": 276107
     },
     "172502362251": {
      "maxRSS": 12872,
      "systemtime": 0,
      "usertime": 276130
     },
     "172502364365": {
      "maxRSS": 12872,
      "systemtime": 0,
      "usertime": 280161
     },
     "172502366564": {
      "maxRSS": 12872,
      "systemtime": 0,
      "usertime": 280201
     },
     "172502368816": {
      "maxRSS": 12872,
      "systemtime": 0,
      "usertime": 284166
     },
     "172502370986": {
      "maxRSS": 12872,
      "systemtime": 0,
      "usertime": 284184
     },
     "172502373116": {
      "maxRSS": 12872,
      "systemtime": 0,
      "usertime": 288204
     },
     "172502375340": {
      "maxRSS": 12872,
      "systemtime": 0,
      "usertime": 288228
     },
     "172502377431": {
      "maxRSS": 12872,
      "systemtime": 0,
      "usertime": 292250
     },
     "172502379597": {
      "maxRSS": 12872,
      "systemtime": 0,
      "usertime": 292283
     },
     "172502381838": {
      "maxRSS": 12872,
      "systemtime": 0,
      "usertime": 296337
     },
     "172502383948": {
      "maxRSS": 12872,
      "systemtime": 0,
      "usertime": 296360
     },
     "172502386057": {
      "maxRSS": 12872,
      "systemtime": 0,
      "usertime": 300391
     },
     "172502388122": {
      "maxRSS": 12872,
      "systemtime": 0,
      "usertime": 304432
     },
     "172502390379": {
      "maxRSS": 12872,
      "systemtime": 0,
      "usertime": 304467
     },
     "172502392468": {
      "maxRSS": 12872,
      "systemtime": 0,
      "usertime": 308490
     },
     "172502394568": {
      "maxRSS": 12872,
      "systemtime": 0,
      "usertime": 308527
     },
     "172502396679": {
      "maxRSS": 12872,
      "systemtime": 0,
      "usertime": 312546
     },
     "172502398788": {
      "maxRSS": 12872,
      "systemtime": 0,
      "usertime": 312560
     },
     "172502400976": {
      "maxRSS": 12872,
      "systemtime": 0,
      "usertime": 316577
     },
     "172502403063": {
      "maxRSS": 12872,
      "systemtime": 0,
      "usertime": 316598
     },
     "172502405233": {
      "maxRSS": 12872,
      "systemtime": 0,
      "usertime": 320627
     },
     "172502407424": {
      "maxRSS": 12872,
      "systemtime": 0,
      "usertime": 320670
     },
     "172502409649": {
      "maxRSS": 12872,
      "systemtime": 0,
      "usertime": 324684
     },
     "172502411737": {
      "maxRSS": 12872,
      "systemtime": 0,
      "usertime": 324700
     },
     "172502413914": {
      "maxRSS": 12872,
      "systemtime": 0,
      "usertime": 328721
     },
     "172502416114": {
      "maxRSS": 12872,
      "systemtime": 0,
      "usertime": 332739
     },
     "172502418299": {
      "maxRSS": 12872,
      "systemtime": 0,
      "usertime": 332756
     },
     "172502420418": {
      "maxRSS": 12872,
      "systemtime": 0,
      "usertime": 336792
     },
     "172502422534": {
      "maxRSS": 12872,
      "systemtime": 0,
      "usertime": 336811
     },
     "172502424632": {
      "maxRSS": 12872,
      "systemtime": 0,
      "usertime": 340881
     },
     "172502426731": {
      "maxRSS": 12872,
      "systemtime": 0,
      "usertime": 340888
     },
     "172502428821": {
      "maxRSS": 12872,
      "systemtime": 0,
      "usertime": 344844
     },
     "172502430909": {
      "maxRSS": 12872,
      "systemtime": 0,
      "usertime": 344866
     },
     "172502432984": {
      "maxRSS": 12872,
      "systemtime": 0,
      "usertime": 348893
     },
     "172502435106": {
      "maxRSS": 12872,
      "systemtime": 0,
      "usertime": 348925
     },
     "172502437194": {
      "maxRSS": 12872,
      "systemtime": 0,
      "usertime": 352937
     },
     "172502439374": {
      "maxRSS": 12872,
      "systemtime": 0,
      "usertime": 352957
     },
     "172502441543": {
      "maxRSS": 12872,
      "systemtime": 0,
      "usertime": 356977
     },
     "172502443710": {
      "maxRSS": 12872,
      "systemtime": 0,
      "usertime": 356993
     },
     "172502445951": {
      "maxRSS": 12872,
      "systemtime": 0,
      "usertime": 361010
     },
     "172502448227": {
      "maxRSS": 12872,
      "systemtime": 0,
      "usertime": 365044
     },
     "172502450404": {
      "maxRSS": 12872,
      "systemtime": 0,
      "usertime": 365065
     },
     "172502452615": {
      "maxRSS": 12872,
      "systemtime": 0,
      "usertime": 369088
     },
     "172502454755": {
      "maxRSS": 12872,
      "systemtime": 0,
      "usertime": 369105
     },
     "172502456932": {
      "maxRSS": 12872,
      "systemtime": 0,
      "usertime": 373133
     },
     "172502459110": {
      "maxRSS": 12872,
      "systemtime": 0,
      "usertime": 373151
     },
     "172502461300": {
      "maxRSS": 12872,
      "systemtime": 0,
      "usertime": 377183
     },
     "172502463433": {
      "maxRSS": 12872,
      "systemtime": 0,
      "usertime": 377201
     },
     "172502465606": {
      "maxRSS": 12872,
      "systemtime": 0,
      "usertime": 381225
     },
     "172502467775": {
      "maxRSS": 12872,
      "systemtime": 0,
      "usertime": 381242
     },
     "172502470019": {
      "maxRSS": 12872,
      "systemtime": 0,
      "usertime": 385262
     },
     "172502472206": {
      "maxRSS": 12872,
      "systemtime": 0,
      "usertime": 389282
     },
     "172502474418": {
      "maxRSS": 12872,
      "systemtime": 0,
      "usertime": 389346
     },
     "172502476583": {
      "maxRSS": 12872,
      "systemtime": 0,
      "usertime": 393365
     },
     "172502478745": {
      "maxRSS": 12872,
      "systemtime": 0,
      "usertime": 393392
     },
     "172502480841": {
      "maxRSS": 12872,
      "systemtime": 0,
      "usertime": 397422
     },
     "172502482929": {
      "maxRSS": 12872,
      "systemtime": 0,
      "usertime": 397442
     },
     "172502485040": {
      "maxRSS": 12872,
      "systemtime": 0,
      "usertime": 401513
     },
     "172502487173": {
      "maxRSS": 12872,
      "systemtime": 0,
      "usertime": 401531
     },
     "172502489311": {
      "maxRSS": 12872,
      "systemtime": 0,
      "usertime": 405524
     },
     "172502491519": {
      "maxRSS": 12872,
      "systemtime": 0,
      "usertime": 405546
     },
     "172502493613": {
      "maxRSS": 12872,
      "systemtime": 0,
      "usertime": 409560
     },
     "172502495720": {
      "maxRSS": 12872,
      "systemtime": 0,
      "usertime": 409581
     },
     "172502497811": {
      "maxRSS": 12872,
      "systemtime": 0,
      "usertime": 413607
     },
     "172502499959": {
      "maxRSS": 12872,
      "systemtime": 0,
      "usertime": 413626
     },
     "172502502111": {
      "maxRSS": 12872,
      "systemtime": 0,
      "usertime": 417666
     },
     "172502504207": {
      "maxRSS": 12872,
      "systemtime": 0,
      "usertime": 421695
     },
     "172502506424": {
      "maxRSS": 12872,
      "systemtime": 0,
      "usertime": 421718
     },
     "172502508601": {
      "maxRSS": 12872,
      "systemtime": 0,
      "usertime": 425799
     },
     "172502510774": {
      "maxRSS": 12872,
      "systemtime": 0,
      "usertime": 425815
     },
     "172502512901": {
      "maxRSS": 12872,
      "systemtime": 0,
      "usertime": 429901
     },
     "172502515204": {
      "maxRSS": 12872,
      "systemtime": 0,
      "usertime": 429949
     },
     "172502517374": {
      "maxRSS": 12872,
      "systemtime": 0,
      "usertime": 433844
     },
     "172502521655": {
      "maxRSS": 12872,
      "systemtime": 0,
      "usertime": 437867
     },
     "172502525834": {
      "maxRSS": 12872,
      "systemtime": 0,
      "usertime": 441890
     },
     "172502530089": {
      "maxRSS": 12872,
      "systemtime": 0,
      "usertime": 445909
     },
     "172502534260": {
      "maxRSS": 12872,
      "systemtime": 0,
      "usertime": 450001
     },
     "172502538472": {
      "maxRSS": 12872,
      "systemtime": 0,
      "usertime": 453979
     },
     "172502542759": {
      "maxRSS": 12872,
      "systemtime": 0,
      "usertime": 458010
     },
     "172502546938": {
      "maxRSS": 12872,
      "systemtime": 0,
      "usertime": 462035
     },
     "172502551108": {
      "maxRSS": 12872,
      "systemtime": 0,
      "usertime": 466055
     },
     "172502555276": {
      "maxRSS": 12872,
      "systemtime": 0,
      "usertime": 470077
     },
     "172502559430": {
      "maxRSS": 12872,
      "systemtime": 0,
      "usertime": 474164
     },
     "172502563567": {
      "maxRSS": 12872,
      "systemtime": 0,
      "usertime": 478153
     },
     "172502567676": {
      "maxRSS": 12872,
      "systemtime": 0,
      "usertime": 482175
     },
     "172502571945": {
      "maxRSS": 12872,
      "systemtime": 0,
      "usertime": 486193
     },
     "172502576114": {
      "maxRSS": 12872,
      "systemtime": 0,
      "usertime": 494214
     },
     "172502580232": {
      "maxRSS": 12872,
      "systemtime": 0,
      "usertime": 498244
     },
     "172502584324": {
      "maxRSS": 12872,
      "systemtime": 0,
      "usertime": 502272
     },
     "172502588466": {
      "maxRSS": 12872,
      "systemtime": 0,
      "usertime": 506353
     },
     "172502592667": {
      "maxRSS": 12872,
      "systemtime": 0,
      "usertime": 510343
     },
     "172502596766": {
      "maxRSS": 12872,
      "systemtime": 0,
      "usertime": 514378
     },
     "172502600873": {
      "maxRSS": 12872,
      "systemtime": 0,
      "usertime": 518388
     },
     "172502605050": {
      "maxRSS": 12872,
      "systemtime": 0,
      "usertime": 522406
     },
     "172502609281": {
      "maxRSS": 12872,
      "systemtime": 0,
      "usertime": 526431
     },
     "172502613524": {
      "maxRSS": 12872,
      "systemtime": 0,
      "usertime": 530458
     },
     "172502617723": {
      "maxRSS": 12872,
      "systemtime": 0,
      "usertime": 534491
     },
     "172502621874": {
      "maxRSS": 12872,
      "systemtime": 0,
      "usertime": 538510
     },
     "172502626095": {
      "maxRSS": 12872,
      "systemtime": 0,
      "usertime": 542609
     },
     "172502630273": {
      "maxRSS": 12872,
      "systemtime": 0,
      "usertime": 546549
     },
     "172502634451": {
      "maxRSS": 13000,
      "systemtime": 0,
      "usertime": 550569
     },
     "172502638714": {
      "maxRSS": 13000,
      "systemtime": 0,
      "usertime": 554593
     },
     "172502642915": {
      "maxRSS": 13000,
      "systemtime": 0,
      "usertime": 558638
     },
     "172502647090": {
      "maxRSS": 13000,
      "systemtime": 0,
      "usertime": 562658
     },
     "172502651270": {
      "maxRSS": 13000,
      "systemtime": 0,
      "usertime": 566677
     },
     "172502655381": {
      "maxRSS": 13000,
      "systemtime": 0,
      "usertime": 570759
     },
     "172502659556": {
      "maxRSS": 13000,
      "systemtime": 0,
      "usertime": 574781
     },
     "172502663710": {
      "maxRSS": 13000,
      "systemtime": 0,
      "usertime": 578820
     },
     "172502667968": {
      "maxRSS": 13000,
      "systemtime": 0,
      "usertime": 582893
     },
     "172502672140": {
      "maxRSS": 13000,
      "systemtime": 0,
      "usertime": 590977
     },
     "172502676251": {
      "maxRSS": 13000,
      "systemtime": 0,
      "usertime": 594976
     },
     "172502680366": {
      "maxRSS": 13000,
      "systemtime": 0,
      "usertime": 599019
     },
     "172502684518": {
      "maxRSS": 13000,
      "systemtime": 0,
      "usertime": 603075
     },
     "172502688719": {
      "maxRSS": 13000,
      "systemtime": 0,
      "usertime": 607120
     },
     "172502692921": {
      "maxRSS": 13000,
      "systemtime": 0,
      "usertime": 611240
     },
     "172502697155": {
      "maxRSS": 13000,
      "systemtime": 0,
      "usertime": 615229
     },
     "172502701365": {
      "maxRSS": 13000,
      "systemtime": 0,
      "usertime": 619332
     },
     "172502705525": {
      "maxRSS": 13000,
      "systemtime": 0,
      "usertime": 623317
     },
     "172502709731": {
      "maxRSS": 13000,
      "systemtime": 0,
      "usertime": 627361
     },
     "172502714050": {
      "maxRSS": 13000,
      "systemtime": 0,
      "usertime": 631406
     },
     "172502718230": {
      "maxRSS": 13000,
      "systemtime": 0,
      "usertime": 635499
     },
     "172502722454": {
      "maxRSS": 13000,
      "systemtime": 0,
      "usertime": 639501
     },
     "172502726647": {
      "maxRSS": 13000,
      "systemtime": 0,
      "usertime": 643535
     },
     "172502730909": {
      "maxRSS": 13000,
      "systemtime": 0,
      "usertime": 647567
     },
     "172502735097": {
      "maxRSS": 13000,
      "systemtime": 0,
      "usertime": 651579
     },
     "172502739183": {
      "maxRSS": 13000,
      "systemtime": 0,
      "usertime": 655596
     },
     "172502743357": {
      "maxRSS": 13000,
      "systemtime": 0,
      "usertime": 659614
     },
     "172502747553": {
      "maxRSS": 13000,
      "systemtime": 0,
      "usertime": 663660
     },
     "172502751734": {
      "maxRSS": 13000,
      "systemtime": 0,
      "usertime": 667679
     },
     "172502755907": {
      "maxRSS": 13000,
      "systemtime": 0,
      "usertime": 671699
     },
     "172502760071": {
      "maxRSS": 13000,
      "systemtime": 0,
      "usertime": 679729
     },
     "172502764158": {
      "maxRSS": 13000,
      "systemtime": 0,
      "usertime": 683751
     },
     "172502768240": {
      "maxRSS": 13000,
      "systemtime": 0,
      "usertime": 687763
     },
     "172502772397": {
      "maxRSS": 13000,
      "systemtime": 0,
      "usertime": 691806
     },
     "172502776484": {
      "maxRSS": 13000,
      "systemtime": 0,
      "usertime": 695946
     },
     "172502780836": {
      "maxRSS": 13000,
      "systemtime": 0,
      "usertime": 699876
     },
     "172502785012": {
      "maxRSS": 13000,
      "systemtime": 0,
      "usertime": 703880
     },
     "172502789292": {
      "maxRSS": 13000,
      "systemtime": 0,
      "usertime": 707907
     },
     "172502793478": {
      "maxRSS": 13000,
      "systemtime": 0,
      "usertime": 711955
     },
     "172502797645": {
      "maxRSS": 13000,
      "systemtime": 0,
      "usertime": 715991
     },
     "172502801949": {
      "maxRSS": 13000,
      "systemtime": 0,
      "usertime": 719999
     },
     "172502806116": {
      "maxRSS": 13000,
      "systemtime": 0,
      "usertime": 724028
     },
     "172502810203": {
      "maxRSS": 13000,
      "systemtime": 0,
      "usertime": 728039
     },
     "172502814288": {
      "maxRSS": 13000,
      "systemtime": 0,
      "usertime": 732114
     },
     "172502818387": {
      "maxRSS": 13000,
      "systemtime": 0,
      "usertime": 736099
     },
     "172502822504": {
      "maxRSS": 13000,
      "systemtime": 0,
      "usertime": 740130
     },
     "172502826621": {
      "maxRSS": 13000,
      "systemtime": 0,
      "usertime": 744169
     },
     "172502830721": {
      "maxRSS": 13000,
      "systemtime": 0,
      "usertime": 748197
     },
     "172502834849": {
      "maxRSS": 13000,
      "systemtime": 0,
      "usertime": 752249
     },
     "172502838947": {
      "maxRSS": 13000,
      "systemtime": 0,
      "usertime": 756246
     },
     "172502843040": {
      "maxRSS": 13000,
      "systemtime": 0,
      "usertime": 760266
     },
     "172502847219": {
      "maxRSS": 13000,
      "systemtime": 0,
      "usertime": 764285
     },
     "172502851407": {
      "maxRSS": 13000,
      "systemtime": 0,
      "usertime": 768328
     },
     "172502853485": {
      "maxRSS": 13000,
      "systemtime": 0,
      "usertime": 773806
     },
     "172502854781": {
      "maxRSS": 13384,
      "systemtime": 0,
      "usertime": 775134
     },
     "172502855968": {
      "maxRSS": 13384,
      "systemtime": 0,
      "usertime": 775152
     },
     "172502857144": {
      "maxRSS": 13384,
      "systemtime": 0,
      "usertime": 776458
     },
     "172502858311": {
      "maxRSS": 13384,
      "systemtime": 0,
      "usertime": 776475
     },
     "172502859501": {
      "maxRSS": 13384,
      "systemtime": 0,
      "usertime": 776505
     },
     "172502860710": {
      "maxRSS": 13384,
      "systemtime": 0,
      "usertime": 780461
     },
     "172502861800": {
      "maxRSS": 13384,
      "systemtime": 0,
      "usertime": 780480
     },
     "172502862951": {
      "maxRSS": 13384,
      "systemtime": 0,
      "usertime": 780499
     },
     "172502864100": {
      "maxRSS": 13384,
      "systemtime": 0,
      "usertime": 784519
     },
     "172502865343": {
      "maxRSS": 13384,
      "systemtime": 0,
      "usertime": 784538
     },
     "172502866611": {
      "maxRSS": 13384,
      "systemtime": 0,
      "usertime": 784574
     },
     "172502867829": {
      "maxRSS": 13384,
      "systemtime": 0,
      "usertime": 784618
     },
     "172502869007": {
      "maxRSS": 13384,
      "systemtime": 0,
      "usertime": 788632
     },
     "172502870091": {
      "maxRSS": 13384,
      "systemtime": 0,
      "usertime": 788648
     },
     "172502871265": {
      "maxRSS": 13384,
      "systemtime": 0,
      "usertime": 788665
     },
     "172502872391": {
      "maxRSS": 13384,
      "systemtime": 0,
      "usertime": 792682
     },
     "172502873576": {
      "maxRSS": 13384,
      "systemtime": 0,
      "usertime": 792699
     },
     "172502874763": {
      "maxRSS": 13384,
      "systemtime": 0,
      "usertime": 792728
     },
     "172502875947": {
      "maxRSS": 13384,
      "systemtime": 0,
      "usertime": 792746
     },
     "172502877098": {
      "maxRSS": 13384,
      "systemtime": 0,
      "usertime": 796763
     },
     "172502878225": {
      "maxRSS": 13384,
      "systemtime": 0,
      "usertime": 796780
     },
     "172502879395": {
      "maxRSS": 13384,
      "systemtime": 0,
      "usertime": 796798
     },
     "172502880565": {
      "maxRSS": 13384,
      "systemtime": 0,
      "usertime": 800882
     },
     "172502881743": {
      "maxRSS": 13384,
      "systemtime": 0,
      "usertime": 800910
     },
     "172502883000": {
      "maxRSS": 13384,
      "systemtime": 0,
      "usertime": 800927
     },
     "172502884216": {
      "maxRSS": 13384,
      "systemtime": 0,
      "usertime": 804877
     },
     "172502885383": {
      "maxRSS": 13384,
      "systemtime": 0,
      "usertime": 804894
     },
     "172502886557": {
      "maxRSS": 13384,
      "systemtime": 0,
      "usertime": 804912
     },
     "172502887741": {
      "maxRSS": 13384,
      "systemtime": 0,
      "usertime": 804929
     },
     "172502888925": {
      "maxRSS": 13384,
      "systemtime": 0,
      "usertime": 808955
     },
     "172502890103": {
      "maxRSS": 13384,
      "systemtime": 0,
      "usertime": 808971
     },
     "172502891269": {
      "maxRSS": 13384,
      "systemtime": 0,
      "usertime": 808987
     },
     "172502892466": {
      "maxRSS": 13384,
      "systemtime": 0,
      "usertime": 813007
     },
     "172502893560": {
      "maxRSS": 13384,
      "systemtime": 0,
      "usertime": 813026
     },
     "172502894761": {
      "maxRSS": 13384,
      "systemtime": 0,
      "usertime": 813044
     },
     "172502895870": {
      "maxRSS": 13384,
      "systemtime": 0,
      "usertime": 813060
     },
     "172502896987": {
      "maxRSS": 13384,
      "systemtime": 0,
      "usertime": 817086
     },
     "172502898097": {
      "maxRSS": 13384,
      "systemtime": 0,
      "usertime": 817103
     },
     "172502899189": {
      "maxRSS": 13384,
      "systemtime": 0,
      "usertime": 817111
     },
     "172502900255": {
      "maxRSS": 13384,
      "systemtime": 0,
      "usertime": 821121
     },
     "172502901351": {
      "maxRSS": 13384,
      "systemtime": 0,
      "usertime": 821128
     },
     "172502902449": {
      "maxRSS": 13384,
      "systemtime": 0,
      "usertime": 821135
     },
     "172502903531": {
      "maxRSS": 13512,
      "systemtime": 0,
      "usertime": 821156
     },
     "172502904630": {
      "maxRSS": 13512,
      "systemtime": 0,
      "usertime": 825165
     },
     "172502905724": {
      "maxRSS": 13512,
      "systemtime": 0,
      "usertime": 825172
     },
     "172502906823": {
      "maxRSS": 13512,
      "systemtime": 0,
      "usertime": 825180
     },
     "172502907959": {
      "maxRSS": 13512,
      "systemtime": 0,
      "usertime": 825195
     },
     "172502909091": {
      "maxRSS": 13512,
      "systemtime": 0,
      "usertime": 829224
     },
     "172502910383": {
      "maxRSS": 13512,
      "systemtime": 0,
      "usertime": 829269
     },
     "172502911530": {
      "maxRSS": 13512,
      "systemtime": 0,
      "usertime": 829286
     },
     "172502912706": {
      "maxRSS": 13512,
      "systemtime": 0,
      "usertime": 833299
     },
     "172502913882": {
      "maxRSS": 13512,
      "systemtime": 0,
      "usertime": 833316
     },
     "172502915058": {
      "maxRSS": 13512,
      "systemtime": 0,
      "usertime": 833333
     },
     "172502916135": {
      "maxRSS": 13512,
      "systemtime": 0,
      "usertime": 837349
     },
     "172502917324": {
      "maxRSS": 13512,
      "systemtime": 0,
      "usertime": 837380
     },
     "172502918497": {
      "maxRSS": 13512,
      "systemtime": 0,
      "usertime": 837397
     },
     "172502919699": {
      "maxRSS": 13512,
      "systemtime": 0,
      "usertime": 837414
     },
     "172502920958": {
      "maxRSS": 13512,
      "systemtime": 0,
      "usertime": 841438
     },
     "172502922140": {
      "maxRSS": 13512,
      "systemtime": 0,
      "usertime": 841454
     },
     "172502923270": {
      "maxRSS": 13512,
      "systemtime": 0,
      "usertime": 841470
     },
     "172502924360": {
      "maxRSS": 13512,
      "systemtime": 0,
      "usertime": 845495
     },
     "172502925555": {
      "maxRSS": 13512,
      "systemtime": 0,
      "usertime": 845531
     },
     "172502926734": {
      "maxRSS": 13512,
      "systemtime": 0,
      "usertime": 845551
     },
     "172502927856": {
      "maxRSS": 13512,
      "systemtime": 0,
      "usertime": 845563
     },
     "172502928963": {
      "maxRSS": 13512,
      "systemtime": 0,
      "usertime": 849551
     },
     "172502930063": {
      "maxRSS": 13512,
      "systemtime": 0,
      "usertime": 849561
     },
     "172502931160": {
      "maxRSS": 13512,
      "systemtime": 0,
      "usertime": 849569
     },
     "172502932262": {
      "maxRSS": 13512,
      "systemtime": 0,
      "usertime": 853634
     },
     "172502933473": {
      "maxRSS": 13512,
      "systemtime": 0,
      "usertime": 853651
     },
     "172502934576": {
      "maxRSS": 13512,
      "systemtime": 0,
      "usertime": 853664
     },
     "172502935675": {
      "maxRSS": 13512,
      "systemtime": 0,
      "usertime": 853674
     },
     "172502936810": {
      "maxRSS": 13512,
      "systemtime": 0,
      "usertime": 857726
     },
     "172502938020": {
      "maxRSS": 13512,
      "systemtime": 0,
      "usertime": 857757
     },
     "172502939142": {
      "maxRSS": 13512,
      "systemtime": 0,
      "usertime": 857788
     },
     "172502940227": {
      "maxRSS": 13512,
      "systemtime": 0,
      "usertime": 861746
     },
     "172502941407": {
      "maxRSS": 13512,
      "systemtime": 0,
      "usertime": 861766
     },
     "172502942497": {
      "maxRSS": 13512,
      "systemtime": 0,
      "usertime": 861783
     },
     "172502943574": {
      "maxRSS": 13512,
      "systemtime": 0,
      "usertime": 861797
     },
     "172502944687": {
      "maxRSS": 13512,
      "systemtime": 0,
      "usertime": 865808
     },
     "172502945790": {
      "maxRSS": 13512,
      "systemtime": 0,
      "usertime": 865842
     },
     "172502946898": {
      "maxRSS": 13512,
      "systemtime": 0,
      "usertime": 865854
     },
     "172502947997": {
      "maxRSS": 13512,
      "systemtime": 0,
      "usertime": 865861
     },
     "172502949086": {
      "maxRSS": 13512,
      "systemtime": 0,
      "usertime": 869891
     },
     "172502950181": {
      "maxRSS": 13512,
      "systemtime": 0,
      "usertime": 869898
     },
     "172502951287": {
      "maxRSS": 13512,
      "systemtime": 0,
      "usertime": 869915
     },
     "172502952369": {
      "maxRSS": 13512,
      "systemtime": 0,
      "usertime": 873955
     },
     "172502953470": {
      "maxRSS": 13512,
      "systemtime": 0,
      "usertime": 873991
     },
     "172502954591": {
      "maxRSS": 13512,
      "systemtime": 0,
      "usertime": 874006
     },
     "172502955690": {
      "maxRSS": 13512,
      "systemtime": 0,
      "usertime": 874017
     },
     "172502956786": {
      "maxRSS": 13640,
      "systemtime": 0,
      "usertime": 878071
     },
     "172502957887": {
      "maxRSS": 13640,
      "systemtime": 0,
      "usertime": 878082
     },
     "172502958993": {
      "maxRSS": 13640,
      "systemtime": 0,
      "usertime": 878099
     },
     "172502960075": {
      "maxRSS": 13640,
      "systemtime": 0,
      "usertime": 882045
     },
     "172502961170": {
      "maxRSS": 13640,
      "systemtime": 0,
      "usertime": 882051
     },
     "172502962274": {
      "maxRSS": 13640,
      "systemtime": 0,
      "usertime": 882063
     },
     "172502963377": {
      "maxRSS": 13640,
      "systemtime": 0,
      "usertime": 882076
     },
     "172502964477": {
      "maxRSS": 13640,
      "systemtime": 0,
      "usertime": 886084
     },
     "172502965574": {
      "maxRSS": 13640,
      "systemtime": 0,
      "usertime": 886091
     },
     "172502966659": {
      "maxRSS": 13640,
      "systemtime": 0,
      "usertime": 886119
     },
     "172502967756": {
      "maxRSS": 13640,
      "systemtime": 0,
      "usertime": 886126
     },
     "172502968932": {
      "maxRSS": 13640,
      "systemtime": 0,
      "usertime": 890139
     },
     "172502970017": {
      "maxRSS": 13640,
      "systemtime": 0,
      "usertime": 890156
     },
     "172502971123": {
      "maxRSS": 13640,
      "systemtime": 0,
      "usertime": 890166
     },
     "172502972203": {
      "maxRSS": 13640,
      "systemtime": 0,
      "usertime": 894179
     },
     "172502973293": {
      "maxRSS": 13640,
      "systemtime": 0,
      "usertime": 894207
     },
     "172502974470": {
      "maxRSS": 13640,
      "systemtime": 0,
      "usertime": 894226
     },
     "172502975744": {
      "maxRSS": 13640,
      "systemtime": 0,
      "usertime": 894244
     },
     "172502976915": {
      "maxRSS": 13640,
      "systemtime": 0,
      "usertime": 898264
     },
     "172502978204": {
      "maxRSS": 13640,
      "systemtime": 0,
      "usertime": 898280
     },
     "172502979313": {
      "maxRSS": 13640,
      "systemtime": 0,
      "usertime": 898295
     },
     "172502980380": {
      "maxRSS": 13640,
      "systemtime": 0,
      "usertime": 902302
     },
     "172502981495": {
      "maxRSS": 13640,
      "systemtime": 0,
      "usertime": 902329
     },
     "172502982599": {
      "maxRSS": 13640,
      "systemtime": 0,
      "usertime": 902343
     },
     "172502983662": {
      "maxRSS": 13640,
      "systemtime": 0,
      "usertime": 902350
     },
     "172502984760": {
      "maxRSS": 13640,
      "systemtime": 0,
      "usertime": 906356
     },
     "172502985856": {
      "maxRSS": 13640,
      "systemtime": 0,
      "usertime": 906363
     },
     "172502986930": {
      "maxRSS": 13640,
      "systemtime": 0,
      "usertime": 906375
     },
     "172502988157": {
      "maxRSS": 13640,
      "systemtime": 0,
      "usertime": 910401
     },
     "172502989332": {
      "maxRSS": 13640,
      "systemtime": 0,
      "usertime": 910419
     },
     "172502990500": {
      "maxRSS": 13640,
      "systemtime": 0,
      "usertime": 910437
     },
     "172502991674": {
      "maxRSS": 13640,
      "systemtime": 0,
      "usertime": 910455
     },
     "172502992872": {
      "maxRSS": 13640,
      "systemtime": 0,
      "usertime": 914472
     },
     "172502993979": {
      "maxRSS": 13640,
      "systemtime": 0,
      "usertime": 914491
     },
     "172502995075": {
      "maxRSS": 13640,
      "systemtime": 0,
      "usertime": 914523
     },
     "172502996158": {
      "maxRSS": 13640,
      "systemtime": 0,
      "usertime": 918599
     },
     "172502997318": {
      "maxRSS": 13640,
      "systemtime": 0,
      "usertime": 918616
     },
     "172502998483": {
      "maxRSS": 13640,
      "systemtime": 0,
      "usertime": 918633
     },
     "172502999650": {
      "maxRSS": 13640,
      "systemtime": 0,
      "usertime": 918649
     },
     "172503001828": {
      "maxRSS": 13640,
      "systemtime": 0,
      "usertime": 922607
     },
     "172503004068": {
      "maxRSS": 13640,
      "systemtime": 0,
      "usertime": 926631
     },
     "172503006166": {
      "maxRSS": 13640,
      "systemtime": 0,
      "usertime": 926641
     },
     "172503008234": {
      "maxRSS": 13640,
      "systemtime": 0,
      "usertime": 930649
     },
     "172503010324": {
      "maxRSS": 13640,
      "systemtime": 0,
      "usertime": 930668
     },
     "172503012434": {
      "maxRSS": 13640,
      "systemtime": 0,
      "usertime": 934757
     },
     "172503014532": {
      "maxRSS": 13640,
      "systemtime": 0,
      "usertime": 934768
     },
     "172503016698": {
      "maxRSS": 13640,
      "systemtime": 0,
      "usertime": 938715
     },
     "172503018901": {
      "maxRSS": 13640,
      "systemtime": 0,
      "usertime": 938755
     },
     "172503021080": {
      "maxRSS": 13640,
      "systemtime": 0,
      "usertime": 942774
     },
     "172503023165": {
      "maxRSS": 13640,
      "systemtime": 0,
      "usertime": 942792
     },
     "172503025464": {
      "maxRSS": 13640,
      "systemtime": 0,
      "usertime": 946968
     },
     "172503027714": {
      "maxRSS": 13640,
      "systemtime": 0,
      "usertime": 946985
     },
     "172503029890": {
      "maxRSS": 13640,
      "systemtime": 0,
      "usertime": 951002
     },
     "172503032118": {
      "maxRSS": 13640,
      "systemtime": 0,
      "usertime": 955033
     },
     "172503034299": {
      "maxRSS": 13640,
      "systemtime": 0,
      "usertime": 955050
     },
     "172503036414": {
      "maxRSS": 13768,
      "systemtime": 0,
      "usertime": 959067
     },
     "172503038585": {
      "maxRSS": 13768,
      "systemtime": 0,
      "usertime": 959084
     },
     "172503040756": {
      "maxRSS": 13768,
      "systemtime": 0,
      "usertime": 963102
     },
     "172503042923": {
      "maxRSS": 13768,
      "systemtime": 0,
      "usertime": 963121
     },
     "172503045122": {
      "maxRSS": 13768,
      "systemtime": 0,
      "usertime": 967200
     },
     "172503047294": {
      "maxRSS": 13768,
      "systemtime": 0,
      "usertime": 967220
     },
     "172503049513": {
      "maxRSS": 13768,
      "systemtime": 0,
      "usertime": 971239
     },
     "172503051684": {
      "maxRSS": 13768,
      "systemtime": 0,
      "usertime": 971258
     },
     "172503053855": {
      "maxRSS": 13768,
      "systemtime": 0,
      "usertime": 975275
     },
     "172503056058": {
      "maxRSS": 13768,
      "systemtime": 0,
      "usertime": 979291
     },
     "172503058272": {
      "maxRSS": 13768,
      "systemtime": 0,
      "usertime": 979332
     },
     "172503060413": {
      "maxRSS": 13768,
      "systemtime": 0,
      "usertime": 983372
     },
     "172503062826": {
      "maxRSS": 13768,
      "systemtime": 0,
      "usertime": 983395
     },
     "172503065004": {
      "maxRSS": 13768,
      "systemtime": 0,
      "usertime": 987405
     },
     "172503067273": {
      "maxRSS": 13768,
      "systemtime": 0,
      "usertime": 987422
     },
     "172503069455": {
      "maxRSS": 13768,
      "systemtime": 0,
      "usertime": 991439
     },
     "172503071687": {
      "maxRSS": 13768,
      "systemtime": 0,
      "usertime": 991459
     },
     "172503073897": {
      "maxRSS": 13768,
      "systemtime": 0,
      "usertime": 995515
     },
     "172503076031": {
      "maxRSS": 13768,
      "systemtime": 0,
      "usertime": 999530
     },
     "172503078131": {
      "maxRSS": 13768,
      "systemtime": 0,
      "usertime": 999543
     },
     "172503080229": {
      "maxRSS": 13768,
      "systemtime": 0,
      "usertime": 1003566
     },
     "172503082459": {
      "maxRSS": 13768,
      "systemtime": 0,
      "usertime": 1003592
     },
     "172503084566": {
      "maxRSS": 13768,
      "systemtime": 0,
      "usertime": 1007608
     },
     "172503086688": {
      "maxRSS": 13768,
      "systemtime": 0,
      "usertime": 1007649
     },
     "172503088870": {
      "maxRSS": 13768,
      "systemtime": 0,
      "usertime": 1011668
     },
     "172503091036": {
      "maxRSS": 13768,
      "systemtime": 0,
      "usertime": 1011684
     },
     "172503093173": {
      "maxRSS": 13768,
      "systemtime": 0,
      "usertime": 1015701
     },
     "172503095263": {
      "maxRSS": 13768,
      "systemtime": 0,
      "usertime": 1015720
     },
     "172503097435": {
      "maxRSS": 13768,
      "systemtime": 0,
      "usertime": 1019806
     },
     "172503099630": {
      "maxRSS": 13768,
      "systemtime": 0,
      "usertime": 1019853
     },
     "172503101820": {
      "maxRSS": 13768,
      "systemtime": 0,
      "usertime": 1023808
     },
     "172503103998": {
      "maxRSS": 13768,
      "systemtime": 0,
      "usertime": 1023824
     },
     "172503106189": {
      "maxRSS": 13768,
      "systemtime": 0,
      "usertime": 1027866
     },
     "172503108318": {
      "maxRSS": 13768,
      "systemtime": 0,
      "usertime": 1031884
     },
     "172503110411": {
      "maxRSS": 13768,
      "systemtime": 0,
      "usertime": 1031903
     },
     "172503112742": {
      "maxRSS": 13768,
      "systemtime": 0,
      "usertime": 1035975
     },
     "172503115017": {
      "maxRSS": 13768,
      "systemtime": 0,
      "usertime": 1035996
     },
     "172503117191": {
      "maxRSS": 13768,
      "systemtime": 0,
      "usertime": 1039966
     },
     "172503119365": {
      "maxRSS": 13768,
      "systemtime": 0,
      "usertime": 1039982
     },
     "172503121632": {
      "maxRSS": 13896,
      "systemtime": 0,
      "usertime": 1043998
     },
     "172503123795": {
      "maxRSS": 13896,
      "systemtime": 0,
      "usertime": 1044015
     },
     "172503125982": {
      "maxRSS": 13896,
      "systemtime": 0,
      "usertime": 1048043
     },
     "172503128190": {
      "maxRSS": 13896,
      "systemtime": 0,
      "usertime": 1052141
     },
     "172503130445": {
      "maxRSS": 13896,
      "systemtime": 0,
      "usertime": 1052159
     },
     "172503132619": {
      "maxRSS": 13896,
      "systemtime": 0,
      "usertime": 1056099
     },
     "172503134793": {
      "maxRSS": 13896,
      "systemtime": 0,
      "usertime": 1056117
     },
     "172503136888": {
      "maxRSS": 13896,
      "systemtime": 0,
      "usertime": 1060139
     },
     "172503139152": {
      "maxRSS": 13896,
      "systemtime": 0,
      "usertime": 1060158
     },
     "172503141336": {
      "maxRSS": 13896,
      "systemtime": 0,
      "usertime": 1064187
     },
     "172503143512": {
      "maxRSS": 13896,
      "systemtime": 0,
      "usertime": 1064206
     },
     "172503145785": {
      "maxRSS": 13896,
      "systemtime": 0,
      "usertime": 1068231
     },
     "172503147968": {
      "maxRSS": 13896,
      "systemtime": 0,
      "usertime": 1068249
     },
     "172503150096": {
      "maxRSS": 13896,
      "systemtime": 0,
      "usertime": 1072262
     },
     "172503152120": {
      "maxRSS": 13896,
      "systemtime": 0,
      "usertime": 1076278
     },
     "172503154315": {
      "maxRSS": 13896,
      "systemtime": 0,
      "usertime": 1076312
     },
     "172503156444": {
      "maxRSS": 13896,
      "systemtime": 0,
      "usertime": 1080395
     },
     "172503158538": {
      "maxRSS": 13896,
      "systemtime": 0,
      "usertime": 1080412
     },
     "172503160645": {
      "maxRSS": 13896,
      "systemtime": 0,
      "usertime": 1084377
     },
     "172503162776": {
      "maxRSS": 13896,
      "systemtime": 0,
      "usertime": 1084413
     },
     "172503164921": {
      "maxRSS": 13896,
      "systemtime": 0,
      "usertime": 1088446
     },
     "172503167062": {
      "maxRSS": 13896,
      "systemtime": 0,
      "usertime": 1088496
     },
     "172503169205": {
      "maxRSS": 13896,
      "systemtime": 0,
      "usertime": 1092530
     },
     "172503171362": {
      "maxRSS": 13896,
      "systemtime": 0,
      "usertime": 1092566
     },
     "172503173485": {
      "maxRSS": 13896,
      "systemtime": 0,
      "usertime": 1096596
     },
     "172503175594": {
      "maxRSS": 13896,
      "systemtime": 0,
      "usertime": 1096611
     },
     "172503177738": {
      "maxRSS": 13896,
      "systemtime": 0,
      "usertime": 1100637
     },
     "172503179876": {
      "maxRSS": 13896,
      "systemtime": 0,
      "usertime": 1100690
     },
     "172503181998": {
      "maxRSS": 13896,
      "systemtime": 0,
      "usertime": 1104723
     },
     "172503184058": {
      "maxRSS": 13896,
      "systemtime": 0,
      "usertime": 1108723
     },
     "172503186159": {
      "maxRSS": 13896,
      "systemtime": 0,
      "usertime": 1108733
     },
     "172503188235": {
      "maxRSS": 13896,
      "systemtime": 0,
      "usertime": 1112750
     },
     "172503190461": {
      "maxRSS": 13896,
      "systemtime": 0,
      "usertime": 1112779
     },
     "172503192636": {
      "maxRSS": 13896,
      "systemtime": 0,
      "usertime": 1116798
     },
     "172503194761": {
      "maxRSS": 13896,
      "systemtime": 0,
      "usertime": 1116835
     },
     "172503196875": {
      "maxRSS": 13896,
      "systemtime": 0,
      "usertime": 1120860
     },
     "172503198985": {
      "maxRSS": 13896,
      "systemtime": 0,
      "usertime": 1120878
     },
     "172503201062": {
      "maxRSS": 13896,
      "systemtime": 0,
      "usertime": 1124895
     },
     "172503203156": {
      "maxRSS": 13896,
      "systemtime": 0,
      "usertime": 1124915
     },
     "172503205280": {
      "maxRSS": 13896,
      "systemtime": 0,
      "usertime": 1128951
     },
     "172503207414": {
      "maxRSS": 14024,
      "systemtime": 0,
      "usertime": 1128993
     },
     "172503209505": {
      "maxRSS": 14024,
      "systemtime": 0,
      "usertime": 1133018
     },
     "172503211604": {
      "maxRSS": 14024,
      "systemtime": 0,
      "usertime": 1133047
     },
     "172503213711": {
      "maxRSS": 14024,
      "systemtime": 0,
      "usertime": 1137048
     },
     "172503215813": {
      "maxRSS": 14024,
      "systemtime": 0,
      "usertime": 1137058
     },
     "172503217915": {
      "maxRSS": 14024,
      "systemtime": 0,
      "usertime": 1141061
     },
     "172503220030": {
      "maxRSS": 14024,
      "systemtime": 0,
      "usertime": 1145094
     },
     "172503222101": {
      "maxRSS": 14024,
      "systemtime": 0,
      "usertime": 1145105
     },
     "172503224172": {
      "maxRSS": 14024,
      "systemtime": 0,
      "usertime": 1149116
     },
     "172503226280": {
      "maxRSS": 14024,
      "systemtime": 0,
      "usertime": 1149149
     },
     "172503228408": {
      "maxRSS": 14024,
      "systemtime": 0,
      "usertime": 1153244
     },
     "172503230527": {
      "maxRSS": 14024,
      "systemtime": 0,
      "usertime": 1153264
     },
     "172503232672": {
      "maxRSS": 14024,
      "systemtime": 0,
      "usertime": 1157249
     },
     "172503234784": {
      "maxRSS": 14024,
      "systemtime": 0,
      "usertime": 1157268
     },
     "172503236996": {
      "maxRSS": 14024,
      "systemtime": 0,
      "usertime": 1161291
     },
     "172503239209": {
      "maxRSS": 14024,
      "systemtime": 0,
      "usertime": 1161323
     },
     "172503241331": {
      "maxRSS": 14024,
      "systemtime": 0,
      "usertime": 1165363
     },
     "172503243483": {
      "maxRSS": 14024,
      "systemtime": 0,
      "usertime": 1165390
     },
     "172503245599": {
      "maxRSS": 14024,
      "systemtime": 0,
      "usertime": 1169414
     },
     "172503247715": {
      "maxRSS": 14152,
      "systemtime": 0,
      "usertime": 1169439
     },
     "172503249909": {
      "maxRSS": 14152,
      "systemtime": 0,
      "usertime": 1173442
     },
     "172503252100": {
      "maxRSS": 14152,
      "systemtime": 0,
      "usertime": 1177458
     },
     "172503254318": {
      "maxRSS": 14152,
      "systemtime": 0,
      "usertime": 1177495
     },
     "172503256425": {
      "maxRSS": 14152,
      "systemtime": 0,
      "usertime": 1181511
     },
     "172503258557": {
      "maxRSS": 14152,
      "systemtime": 0,
      "usertime": 1181531
     },
     "172503260700": {
      "maxRSS": 14152,
      "systemtime": 0,
      "usertime": 1185638
     },
     "172503262786": {
      "maxRSS": 14152,
      "systemtime": 0,
      "usertime": 1185658
     },
     "172503264855": {
      "maxRSS": 14152,
      "systemtime": 0,
      "usertime": 1189610
     },
     "172503266952": {
      "maxRSS": 14152,
      "systemtime": 0,
      "usertime": 1189617
     },
     "172503269051": {
      "maxRSS": 14152,
      "systemtime": 0,
      "usertime": 1193621
     },
     "172503271172": {
      "maxRSS": 14152,
      "systemtime": 0,
      "usertime": 1193640
     },
     "172503273274": {
      "maxRSS": 14152,
      "systemtime": 0,
      "usertime": 1197741
     },
     "172503275373": {
      "maxRSS": 14152,
      "systemtime": 0,
      "usertime": 1197750
     },
     "172503279577": {
      "maxRSS": 14152,
      "systemtime": 0,
      "usertime": 1201706
     },
     "172503283759": {
      "maxRSS": 14152,
      "systemtime": 0,
      "usertime": 1205725
     },
     "172503287934": {
      "maxRSS": 14280,
      "systemtime": 0,
      "usertime": 1209750
     },
     "172503292157": {
      "maxRSS": 14280,
      "systemtime": 0,
      "usertime": 1217836
     },
     "172503296264": {
      "maxRSS": 14280,
      "systemtime": 0,
      "usertime": 1221824
     },
     "172503300398": {
      "maxRSS": 14280,
      "systemtime": 0,
      "usertime": 1225841
     },
     "172503304558": {
      "maxRSS": 14280,
      "systemtime": 0,
      "usertime": 1229864
     },
     "172503308747": {
      "maxRSS": 14280,
      "systemtime": 0,
      "usertime": 1233881
     },
     "172503312935": {
      "maxRSS": 14280,
      "systemtime": 0,
      "usertime": 1237927
     },
     "172503317118": {
      "maxRSS": 14280,
      "systemtime": 0,
      "usertime": 1241918
     },
     "172503321360": {
      "maxRSS": 14280,
      "systemtime": 0,
      "usertime": 1245958
     },
     "172503325604": {
      "maxRSS": 14280,
      "systemtime": 0,
      "usertime": 1250041
     },
     "172503329783": {
      "maxRSS": 14280,
      "systemtime": 0,
      "usertime": 1254057
     },
     "172503333964": {
      "maxRSS": 14280,
      "systemtime": 0,
      "usertime": 1258079
     },
     "172503338128": {
      "maxRSS": 14280,
      "systemtime": 0,
      "usertime": 1262097
     },
     "172503342232": {
      "maxRSS": 14280,
      "systemtime": 0,
      "usertime": 1266129
     },
     "172503346423": {
      "maxRSS": 14280,
      "systemtime": 0,
      "usertime": 1270134
     },
     "172503350615": {
      "maxRSS": 14280,
      "systemtime": 0,
      "usertime": 1274175
     },
     "172503354872": {
      "maxRSS": 14280,
      "systemtime": 0,
      "usertime": 1278193
     },
     "172503359123": {
      "maxRSS": 14280,
      "systemtime": 0,
      "usertime": 1282211
     },
     "172503363362": {
      "maxRSS": 14280,
      "systemtime": 0,
      "usertime": 1286240
     },
     "172503367540": {
      "maxRSS": 14280,
      "systemtime": 0,
      "usertime": 1290338
     },
     "172503371707": {
      "maxRSS": 14280,
      "systemtime": 0,
      "usertime": 1294280
     },
     "172503375906": {
      "maxRSS": 14408,
      "systemtime": 0,
      "usertime": 1298319
     },
     "172503380095": {
      "maxRSS": 14408,
      "systemtime": 0,
      "usertime": 1306360
     },
     "172503384204": {
      "maxRSS": 14408,
      "systemtime": 0,
      "usertime": 1310375
     },
     "172503388287": {
      "maxRSS": 14408,
      "systemtime": 0,
      "usertime": 1314392
     },
     "172503392411": {
      "maxRSS": 14408,
      "systemtime": 0,
      "usertime": 1318408
     },
     "172503396538": {
      "maxRSS": 14408,
      "systemtime": 0,
      "usertime": 1322446
     },
     "172503400765": {
      "maxRSS": 14408,
      "systemtime": 0,
      "usertime": 1326496
     },
     "172503404889": {
      "maxRSS": 14408,
      "systemtime": 0,
      "usertime": 1330525
     },
     "172503409073": {
      "maxRSS": 14408,
      "systemtime": 0,
      "usertime": 1334568
     },
     "172503413183": {
      "maxRSS": 14408,
      "systemtime": 0,
      "usertime": 1338633
     },
     "172503417304": {
      "maxRSS": 14408,
      "systemtime": 0,
      "usertime": 1342647
     },
     "172503421563": {
      "maxRSS": 14408,
      "systemtime": 0,
      "usertime": 1346697
     },
     "172503425740": {
      "maxRSS": 14408,
      "systemtime": 0,
      "usertime": 1350773
     },
     "172503429912": {
      "maxRSS": 14408,
      "systemtime": 0,
      "usertime": 1354773
     },
     "172503434014": {
      "maxRSS": 14408,
      "systemtime": 0,
      "usertime": 1358783
     },
     "172503438276": {
      "maxRSS": 14408,
      "systemtime": 0,
      "usertime": 1362803
     },
     "172503442467": {
      "maxRSS": 14408,
      "systemtime": 0,
      "usertime": 1366830
     },
     "172503446652": {
      "maxRSS": 14408,
      "systemtime": 0,
      "usertime": 1370849
     },
     "172503450844": {
      "maxRSS": 14408,
      "systemtime": 0,
      "usertime": 1374870
     },
     "172503455140": {
      "maxRSS": 14536,
      "systemtime": 0,
      "usertime": 1378909
     },
     "172503459331": {
      "maxRSS": 14536,
      "systemtime": 0,
      "usertime": 1382926
     },
     "172503463510": {
      "maxRSS": 14536,
      "systemtime": 0,
      "usertime": 1386949
     },
     "172503467682": {
      "maxRSS": 14536,
      "systemtime": 0,
      "usertime": 1390970
     },
     "172503471879": {
      "maxRSS": 14536,
      "systemtime": 0,
      "usertime": 1394987
     },
     "172503476069": {
      "maxRSS": 14536,
      "systemtime": 0,
      "usertime": 1403007
     },
     "172503480206": {
      "maxRSS": 14536,
      "systemtime": 0,
      "usertime": 1407044
     },
     "172503484336": {
      "maxRSS": 14536,
      "systemtime": 0,
      "usertime": 1411065
     },
     "172503488479": {
      "maxRSS": 14536,
      "systemtime": 0,
      "usertime": 1415082
     },
     "172503492598": {
      "maxRSS": 14536,
      "systemtime": 0,
      "usertime": 1419111
     },
     "172503496779": {
      "maxRSS": 14536,
      "systemtime": 0,
      "usertime": 1423217
     },
     "172503500971": {
      "maxRSS": 14536,
      "systemtime": 0,
      "usertime": 1427178
     },
     "172503505170": {
      "maxRSS": 14536,
      "systemtime": 0,
      "usertime": 1431251
     },
     "172503509494": {
      "maxRSS": 14536,
      "systemtime": 0,
      "usertime": 1435235
     },
     "172503513650": {
      "maxRSS": 14536,
      "systemtime": 0,
      "usertime": 1439268
     },
     "172503517765": {
      "maxRSS": 14536,
      "systemtime": 0,
      "usertime": 1443280
     },
     "172503521913": {
      "maxRSS": 14536,
      "systemtime": 0,
      "usertime": 1447298
     },
     "172503526204": {
      "maxRSS": 14536,
      "systemtime": 0,
      "usertime": 1451330
     },
     "172503530466": {
      "maxRSS": 14664,
      "systemtime": 0,
      "usertime": 1455358
     },
     "172503534653": {
      "maxRSS": 14664,
      "systemtime": 0,
      "usertime": 1459396
     },
     "172503538940": {
      "maxRSS": 14664,
      "systemtime": 0,
      "usertime": 1463414
     },
     "172503543122": {
      "maxRSS": 14664,
      "systemtime": 0,
      "usertime": 1467491
     },
     "172503547422": {
      "maxRSS": 14664,
      "systemtime": 0,
      "usertime": 1471456
     },
     "172503551565": {
      "maxRSS": 14664,
      "systemtime": 0,
      "usertime": 1475498
     },
     "172503555771": {
      "maxRSS": 14664,
      "systemtime": 0,
      "usertime": 1479512
     },
     "172503559976": {
      "maxRSS": 14664,
      "systemtime": 0,
      "usertime": 1483596
     },
     "172503564131": {
      "maxRSS": 14664,
      "systemtime": 0,
      "usertime": 1491631
     },
     "172503568202": {
      "maxRSS": 14664,
      "systemtime": 0,
      "usertime": 1495583
     },
     "172503572280": {
      "maxRSS": 14664,
      "systemtime": 0,
      "usertime": 1499599
     },
     "172503576353": {
      "maxRSS": 14664,
      "systemtime": 0,
      "usertime": 1503615
     },
     "172503580518": {
      "maxRSS": 14664,
      "systemtime": 0,
      "usertime": 1507643
     },
     "172503584760": {
      "maxRSS": 14664,
      "systemtime": 0,
      "usertime": 1511729
     },
     "172503588936": {
      "maxRSS": 14664,
      "systemtime": 0,
      "usertime": 1515746
     },
     "172503593062": {
      "maxRSS": 14664,
      "systemtime": 0,
      "usertime": 1519763
     },
     "172503597251": {
      "maxRSS": 14664,
      "systemtime": 0,
      "usertime": 1523786
     },
     "172503601416": {
      "maxRSS": 14664,
      "systemtime": 0,
      "usertime": 1527802
     },
     "172503605578": {
      "maxRSS": 14664,
      "systemtime": 0,
      "usertime": 1531818
     },
     "172503609684": {
      "maxRSS": 14792,
      "systemtime": 0,
      "usertime": 1535908
     },
     "172503613857": {
      "maxRSS": 14792,
      "systemtime": 0,
      "usertime": 1539878
     },
     "172503618020": {
      "maxRSS": 14792,
      "systemtime": 0,
      "usertime": 1543899
     },
     "172503622298": {
      "maxRSS": 14792,
      "systemtime": 0,
      "usertime": 1547933
     },
     "172503626468": {
      "maxRSS": 14792,
      "systemtime": 0,
      "usertime": 1551986
     },
     "172503629371": {
      "maxRSS": 14792,
      "systemtime": 0,
      "usertime": 1557331
     },
     "172503630516": {
      "maxRSS": 15176,
      "systemtime": 0,
      "usertime": 1557365
     },
     "172503631699": {
      "maxRSS": 15432,
      "systemtime": 0,
      "usertime": 1557409
     },
     "172503632791": {
      "maxRSS": 15816,
      "systemtime": 0,
      "usertime": 1560100
     },
     "172503633915": {
      "maxRSS": 16072,
      "systemtime": 0,
      "usertime": 1560116
     },
     "172503634424": {
      "maxRSS": 16200,
      "systemtime": 0,
      "usertime": 1562521
     },
     "172503635530": {
      "maxRSS": 16200,
      "systemtime": 0,
      "usertime": 1562532
     },
     "172503636619": {
      "maxRSS": 16200,
      "systemtime": 0,
      "usertime": 1564167
     },
     "172503637725": {
      "maxRSS": 16200,
      "systemtime": 0,
      "usertime": 1564205
     },
     "172503638930": {
      "maxRSS": 16200,
      "systemtime": 0,
      "usertime": 1564227
     },
     "172503640145": {
      "maxRSS": 16200,
      "systemtime": 0,
      "usertime": 1568303
     },
     "172503641268": {
      "maxRSS": 16200,
      "systemtime": 0,
      "usertime": 1568320
     },
     "172503642442": {
      "maxRSS": 16200,
      "systemtime": 0,
      "usertime": 1568338
     },
     "172503643654": {
      "maxRSS": 16200,
      "systemtime": 0,
      "usertime": 1568369
     },
     "172503644816": {
      "maxRSS": 16200,
      "systemtime": 0,
      "usertime": 1572352
     },
     "172503645990": {
      "maxRSS": 16200,
      "systemtime": 0,
      "usertime": 1572369
     },
     "172503647168": {
      "maxRSS": 16200,
      "systemtime": 0,
      "usertime": 1572387
     },
     "172503648247": {
      "maxRSS": 16200,
      "systemtime": 0,
      "usertime": 1576432
     },
     "172503649400": {
      "maxRSS": 16200,
      "systemtime": 0,
      "usertime": 1576445
     },
     "172503650465": {
      "maxRSS": 16200,
      "systemtime": 0,
      "usertime": 1576453
     },
     "172503651588": {
      "maxRSS": 16200,
      "systemtime": 0,
      "usertime": 1576486
     },
     "172503652677": {
      "maxRSS": 16200,
      "systemtime": 0,
      "usertime": 1580474
     },
     "172503653769": {
      "maxRSS": 16200,
      "systemtime": 0,
      "usertime": 1580497
     },
     "172503654889": {
      "maxRSS": 16200,
      "systemtime": 0,
      "usertime": 1580516
     },
     "172503655977": {
      "maxRSS": 16200,
      "systemtime": 0,
      "usertime": 1580535
     },
     "172503657058": {
      "maxRSS": 16200,
      "systemtime": 0,
      "usertime": 1584553
     },
     "172503658145": {
      "maxRSS": 16200,
      "systemtime": 0,
      "usertime": 1584572
     },
     "172503659256": {
      "maxRSS": 16200,
      "systemtime": 0,
      "usertime": 1584617
     },
     "172503660338": {
      "maxRSS": 16200,
      "systemtime": 0,
      "usertime": 1588637
     },
     "172503661424": {
      "maxRSS": 16200,
      "systemtime": 0,
      "usertime": 1588655
     },
     "172503662508": {
      "maxRSS": 16200,
      "systemtime": 0,
      "usertime": 1588674
     },
     "172503663622": {
      "maxRSS": 16200,
      "systemtime": 0,
      "usertime": 1588693
     },
     "172503664709": {
      "maxRSS": 16200,
      "systemtime": 0,
      "usertime": 1592722
     },
     "172503665851": {
      "maxRSS": 16200,
      "systemtime": 0,
      "usertime": 1592758
     },
     "172503666927": {
      "maxRSS": 16200,
      "systemtime": 0,
      "usertime": 1592772
     },
     "172503668038": {
      "maxRSS": 16200,
      "systemtime": 0,
      "usertime": 1596771
     },
     "172503669120": {
      "maxRSS": 16200,
      "systemtime": 0,
      "usertime": 1596786
     },
     "172503670207": {
      "maxRSS": 16200,
      "systemtime": 0,
      "usertime": 1596804
     },
     "172503671296": {
      "maxRSS": 16200,
      "systemtime": 0,
      "usertime": 1596816
     },
     "172503672381": {
      "maxRSS": 16200,
      "systemtime": 0,
      "usertime": 1600836
     },
     "172503673465": {
      "maxRSS": 16200,
      "systemtime": 0,
      "usertime": 1600850
     },
     "172503674549": {
      "maxRSS": 16200,
      "systemtime": 0,
      "usertime": 1600868
     },
     "172503675640": {
      "maxRSS": 16200,
      "systemtime": 0,
      "usertime": 1600888
     },
     "172503676761": {
      "maxRSS": 16200,
      "systemtime": 0,
      "usertime": 1604919
     },
     "172503677848": {
      "maxRSS": 16200,
      "systemtime": 0,
      "usertime": 1604940
     },
     "172503678981": {
      "maxRSS": 16200,
      "systemtime": 0,
      "usertime": 1605001
     },
     "172503680031": {
      "maxRSS": 16200,
      "systemtime": 0,
      "usertime": 1609010
     },
     "172503681116": {
      "maxRSS": 16200,
      "systemtime": 0,
      "usertime": 1609028
     },
     "172503682201": {
      "maxRSS": 16200,
      "systemtime": 0,
      "usertime": 1609045
     },
     "172503683286": {
      "maxRSS": 16200,
      "systemtime": 0,
      "usertime": 1609063
     },
     "172503684374": {
      "maxRSS": 16200,
      "systemtime": 0,
      "usertime": 1613097
     },
     "172503685489": {
      "maxRSS": 16200,
      "systemtime": 0,
      "usertime": 1613114
     },
     "172503686596": {
      "maxRSS": 16200,
      "systemtime": 0,
      "usertime": 1613151
     },
     "172503687718": {
      "maxRSS": 16200,
      "systemtime": 0,
      "usertime": 1613169
     },
     "172503688840": {
      "maxRSS": 16200,
      "systemtime": 0,
      "usertime": 1617187
     },
     "172503689926": {
      "maxRSS": 16200,
      "systemtime": 0,
      "usertime": 1617204
     },
     "172503691013": {
      "maxRSS": 16200,
      "systemtime": 0,
      "usertime": 1617222
     },
     "172503692040": {
      "maxRSS": 16200,
      "systemtime": 0,
      "usertime": 1621243
     },
     "172503693196": {
      "maxRSS": 16200,
      "systemtime": 0,
      "usertime": 1621285
     },
     "172503694271": {
      "maxRSS": 16200,
      "systemtime": 0,
      "usertime": 1621299
     },
     "172503695374": {
      "maxRSS": 16200,
      "systemtime": 0,
      "usertime": 1621313
     },
     "172503696490": {
      "maxRSS": 16200,
      "systemtime": 0,
      "usertime": 1625332
     },
     "172503697607": {
      "maxRSS": 16200,
      "systemtime": 0,
      "usertime": 1625348
     },
     "172503698686": {
      "maxRSS": 16200,
      "systemtime": 0,
      "usertime": 1625365
     },
     "172503699804": {
      "maxRSS": 16200,
      "systemtime": 0,
      "usertime": 1625393
     },
     "172503700873": {
      "maxRSS": 16200,
      "systemtime": 0,
      "usertime": 1629401
     },
     "172503701954": {
      "maxRSS": 16200,
      "systemtime": 0,
      "usertime": 1629416
     },
     "172503703042": {
      "maxRSS": 16200,
      "systemtime": 0,
      "usertime": 1629434
     },
     "172503704129": {
      "maxRSS": 16200,
      "systemtime": 0,
      "usertime": 1633470
     },
     "172503705212": {
      "maxRSS": 16200,
      "systemtime": 0,
      "usertime": 1633488
     },
     "172503706326": {
      "maxRSS": 16328,
      "systemtime": 0,
      "usertime": 1633539
     },
     "172503707414": {
      "maxRSS": 16328,
      "systemtime": 0,
      "usertime": 1633557
     },
     "172503708511": {
      "maxRSS": 16328,
      "systemtime": 0,
      "usertime": 1637577
     },
     "172503709600": {
      "maxRSS": 16328,
      "systemtime": 0,
      "usertime": 1637596
     },
     "172503710710": {
      "maxRSS": 16328,
      "systemtime": 0,
      "usertime": 1637615
     },
     "172503711794": {
      "maxRSS": 16328,
      "systemtime": 0,
      "usertime": 1637632
     },
     "172503712883": {
      "maxRSS": 16328,
      "systemtime": 0,
      "usertime": 1641635
     },
     "172503713992": {
      "maxRSS": 16328,
      "systemtime": 0,
      "usertime": 1641672
     },
     "172503715079": {
      "maxRSS": 16328,
      "systemtime": 0,
      "usertime": 1641689
     },
     "172503716154": {
      "maxRSS": 16328,
      "systemtime": 0,
      "usertime": 1645703
     },
     "172503717247": {
      "maxRSS": 16328,
      "systemtime": 0,
      "usertime": 1645720
     },
     "172503718324": {
      "maxRSS": 16328,
      "systemtime": 0,
      "usertime": 1645735
     },
     "172503719434": {
      "maxRSS": 16328,
      "systemtime": 0,
      "usertime": 1645748
     },
     "172503720557": {
      "maxRSS": 16328,
      "systemtime": 0,
      "usertime": 1649777
     },
     "172503721647": {
      "maxRSS": 16328,
      "systemtime": 0,
      "usertime": 1649794
     },
     "172503722727": {
      "maxRSS": 16328,
      "systemtime": 0,
      "usertime": 1649811
     },
     "172503723809": {
      "maxRSS": 16328,
      "systemtime": 0,
      "usertime": 1649830
     },
     "172503724899": {
      "maxRSS": 16456,
      "systemtime": 0,
      "usertime": 1653867
     },
     "172503726010": {
      "maxRSS": 16456,
      "systemtime": 0,
      "usertime": 1653908
     },
     "172503727119": {
      "maxRSS": 16456,
      "systemtime": 0,
      "usertime": 1653948
     },
     "172503728204": {
      "maxRSS": 16456,
      "systemtime": 0,
      "usertime": 1657958
     },
     "172503729294": {
      "maxRSS": 16456,
      "systemtime": 0,
      "usertime": 1657977
     },
     "172503730376": {
      "maxRSS": 16456,
      "systemtime": 0,
      "usertime": 1657995
     },
     "172503731483": {
      "maxRSS": 16456,
      "systemtime": 0,
      "usertime": 1658008
     },
     "172503732567": {
      "maxRSS": 16456,
      "systemtime": 0,
      "usertime": 1662020
     },
     "172503733673": {
      "maxRSS": 16456,
      "systemtime": 0,
      "usertime": 1662055
     },
     "172503734758": {
      "maxRSS": 16456,
      "systemtime": 0,
      "usertime": 1662073
     },
     "172503735905": {
      "maxRSS": 16456,
      "systemtime": 0,
      "usertime": 1662111
     },
     "172503737002": {
      "maxRSS": 16456,
      "systemtime": 0,
      "usertime": 1666133
     },
     "172503738097": {
      "maxRSS": 16456,
      "systemtime": 0,
      "usertime": 1666156
     },
     "172503739187": {
      "maxRSS": 16456,
      "systemtime": 0,
      "usertime": 1666179
     },
     "172503740284": {
      "maxRSS": 16456,
      "systemtime": 0,
      "usertime": 1670221
     },
     "172503741395": {
      "maxRSS": 16584,
      "systemtime": 0,
      "usertime": 1670240
     },
     "172503742494": {
      "maxRSS": 16584,
      "systemtime": 0,
      "usertime": 1670253
     },
     "172503743644": {
      "maxRSS": 16712,
      "systemtime": 0,
      "usertime": 1670284
     },
     "172503744730": {
      "maxRSS": 16712,
      "systemtime": 0,
      "usertime": 1674297
     },
     "172503745941": {
      "maxRSS": 16712,
      "systemtime": 0,
      "usertime": 1674320
     },
     "172503747045": {
      "maxRSS": 16712,
      "systemtime": 0,
      "usertime": 1674332
     },
     "172503748131": {
      "maxRSS": 16712,
      "systemtime": 0,
      "usertime": 1678405
     },
     "172503749238": {
      "maxRSS": 16712,
      "systemtime": 0,
      "usertime": 1678416
     },
     "172503750323": {
      "maxRSS": 16712,
      "systemtime": 0,
      "usertime": 1678432
     },
     "172503751414": {
      "maxRSS": 16712,
      "systemtime": 0,
      "usertime": 1678451
     },
     "172503752496": {
      "maxRSS": 16712,
      "systemtime": 0,
      "usertime": 1682428
     },
     "172503753595": {
      "maxRSS": 16712,
      "systemtime": 0,
      "usertime": 1682450
     },
     "172503754726": {
      "maxRSS": 16712,
      "systemtime": 0,
      "usertime": 1682497
     },
     "172503755839": {
      "maxRSS": 16712,
      "systemtime": 0,
      "usertime": 1682528
     },
     "172503756943": {
      "maxRSS": 16712,
      "systemtime": 0,
      "usertime": 1686559
     },
     "172503758055": {
      "maxRSS": 16712,
      "systemtime": 0,
      "usertime": 1686597
     },
     "172503759153": {
      "maxRSS": 16712,
      "systemtime": 0,
      "usertime": 1686622
     },
     "172503760250": {
      "maxRSS": 16712,
      "systemtime": 0,
      "usertime": 1690651
     },
     "172503761382": {
      "maxRSS": 16712,
      "systemtime": 0,
      "usertime": 1690712
     },
     "172503762485": {
      "maxRSS": 16712,
      "systemtime": 0,
      "usertime": 1690737
     },
     "172503763659": {
      "maxRSS": 16712,
      "systemtime": 0,
      "usertime": 1690756
     },
     "172503764826": {
      "maxRSS": 16712,
      "systemtime": 0,
      "usertime": 1694845
     },
     "172503765910": {
      "maxRSS": 16712,
      "systemtime": 0,
      "usertime": 1694863
     },
     "172503766993": {
      "maxRSS": 16712,
      "systemtime": 0,
      "usertime": 1694881
     },
     "172503768071": {
      "maxRSS": 16840,
      "systemtime": 0,
      "usertime": 1698830
     },
     "172503769171": {
      "maxRSS": 16840,
      "systemtime": 0,
      "usertime": 1698838
     },
     "172503770276": {
      "maxRSS": 16840,
      "systemtime": 0,
      "usertime": 1698850
     },
     "172503771380": {
      "maxRSS": 16840,
      "systemtime": 0,
      "usertime": 1698861
     },
     "172503772492": {
      "maxRSS": 16840,
      "systemtime": 0,
      "usertime": 1702872
     },
     "172503773601": {
      "maxRSS": 16840,
      "systemtime": 0,
      "usertime": 1702888
     },
     "172503774731": {
      "maxRSS": 16840,
      "systemtime": 0,
      "usertime": 1702907
     },
     "172503776856": {
      "maxRSS": 16840,
      "systemtime": 0,
      "usertime": 1706954
     },
     "172503778990": {
      "maxRSS": 16840,
      "systemtime": 0,
      "usertime": 1707004
     },
     "172503781179": {
      "maxRSS": 16840,
      "systemtime": 0,
      "usertime": 1711047
     },
     "172503783358": {
      "maxRSS": 16840,
      "systemtime": 0,
      "usertime": 1711084
     },
     "172503785531": {
      "maxRSS": 16840,
      "systemtime": 0,
      "usertime": 1715119
     },
     "172503787640": {
      "maxRSS": 16840,
      "systemtime": 0,
      "usertime": 1715152
     },
     "172503789778": {
      "maxRSS": 16968,
      "systemtime": 0,
      "usertime": 1719200
     },
     "172503791884": {
      "maxRSS": 16968,
      "systemtime": 0,
      "usertime": 1719226
     },
     "172503793995": {
      "maxRSS": 16968,
      "systemtime": 0,
      "usertime": 1723263
     },
     "172503796088": {
      "maxRSS": 16968,
      "systemtime": 0,
      "usertime": 1727295
     },
     "172503798219": {
      "maxRSS": 16968,
      "systemtime": 0,
      "usertime": 1727326
     },
     "172503800298": {
      "maxRSS": 16968,
      "systemtime": 0,
      "usertime": 1731346
     },
     "172503802429": {
      "maxRSS": 16968,
      "systemtime": 0,
      "usertime": 1731383
     },
     "172503804516": {
      "maxRSS": 16968,
      "systemtime": 0,
      "usertime": 1735411
     },
     "172503806651": {
      "maxRSS": 16968,
      "systemtime": 0,
      "usertime": 1735455
     },
     "172503808766": {
      "maxRSS": 16968,
      "systemtime": 0,
      "usertime": 1739496
     },
     "172503810856": {
      "maxRSS": 16968,
      "systemtime": 0,
      "usertime": 1739525
     },
     "172503812967": {
      "maxRSS": 16968,
      "systemtime": 0,
      "usertime": 1743556
     },
     "172503815065": {
      "maxRSS": 17096,
      "systemtime": 0,
      "usertime": 1743595
     },
     "172503817165": {
      "maxRSS": 17096,
      "systemtime": 0,
      "usertime": 1747615
     },
     "172503819307": {
      "maxRSS": 17096,
      "systemtime": 0,
      "usertime": 1747647
     },
     "172503821423": {
      "maxRSS": 17096,
      "systemtime": 0,
      "usertime": 1751664
     },
     "172503823541": {
      "maxRSS": 17096,
      "systemtime": 0,
      "usertime": 1751683
     },
     "172503825646": {
      "maxRSS": 17096,
      "systemtime": 0,
      "usertime": 1755730
     },
     "172503827833": {
      "maxRSS": 17096,
      "systemtime": 0,
      "usertime": 1755758
     },
     "172503829981": {
      "maxRSS": 17096,
      "systemtime": 0,
      "usertime": 1759813
     },
     "172503832116": {
      "maxRSS": 17096,
      "systemtime": 0,
      "usertime": 1763840
     },
     "172503834266": {
      "maxRSS": 17096,
      "systemtime": 0,
      "usertime": 1763868
     },
     "172503836344": {
      "maxRSS": 17096,
      "systemtime": 0,
      "usertime": 1767882
     },
     "172503838422": {
      "maxRSS": 17224,
      "systemtime": 0,
      "usertime": 1767898
     },
     "172503840567": {
      "maxRSS": 17224,
      "systemtime": 0,
      "usertime": 1771920
     },
     "172503842687": {
      "maxRSS": 17224,
      "systemtime": 0,
      "usertime": 1771950
     },
     "172503844833": {
      "maxRSS": 17224,
      "systemtime": 0,
      "usertime": 1775966
     },
     "172503846921": {
      "maxRSS": 17224,
      "systemtime": 0,
      "usertime": 1775986
     },
     "172503848991": {
      "maxRSS": 17224,
      "systemtime": 0,
      "usertime": 1779998
     },
     "172503851093": {
      "maxRSS": 17224,
      "systemtime": 0,
      "usertime": 1780008
     },
     "172503853186": {
      "maxRSS": 17224,
      "systemtime": 0,
      "usertime": 1784023
     },
     "172503855423": {
      "maxRSS": 17224,
      "systemtime": 0,
      "usertime": 1784070
     },
     "172503857512": {
      "maxRSS": 17224,
      "systemtime": 0,
      "usertime": 1788089
     },
     "172503859703": {
      "maxRSS": 17224,
      "systemtime": 0,
      "usertime": 1788107
     },
     "172503861797": {
      "maxRSS": 17224,
      "systemtime": 0,
      "usertime": 1792130
     },
     "172503863998": {
      "maxRSS": 17352,
      "systemtime": 0,
      "usertime": 1792150
     },
     "172503866111": {
      "maxRSS": 17352,
      "systemtime": 0,
      "usertime": 1796198
     },
     "172503868211": {
      "maxRSS": 17352,
      "systemtime": 0,
      "usertime": 1800231
     },
     "172503870353": {
      "maxRSS": 17352,
      "systemtime": 0,
      "usertime": 1800244
     },
     "172503872439": {
      "maxRSS": 17352,
      "systemtime": 0,
      "usertime": 1804257
     },
     "172503874537": {
      "maxRSS": 17352,
      "systemtime": 0,
      "usertime": 1804266
     },
     "172503876638": {
      "maxRSS": 17352,
      "systemtime": 0,
      "usertime": 1808282
     },
     "172503878818": {
      "maxRSS": 17352,
      "systemtime": 0,
      "usertime": 1808301
     },
     "172503880933": {
      "maxRSS": 17352,
      "systemtime": 0,
      "usertime": 1812326
     },
     "172503883017": {
      "maxRSS": 17352,
      "systemtime": 0,
      "usertime": 1812351
     },
     "172503885163": {
      "maxRSS": 17352,
      "systemtime": 0,
      "usertime": 1816380
     },
     "172503887270": {
      "maxRSS": 17480,
      "systemtime": 0,
      "usertime": 1816392
     },
     "172503889377": {
      "maxRSS": 17480,
      "systemtime": 0,
      "usertime": 1820408
     },
     "172503891457": {
      "maxRSS": 17480,
      "systemtime": 0,
      "usertime": 1820422
     },
     "172503893563": {
      "maxRSS": 17480,
      "systemtime": 0,
      "usertime": 1824453
     },
     "172503895820": {
      "maxRSS": 17480,
      "systemtime": 0,
      "usertime": 1824506
     },
     "172503897930": {
      "maxRSS": 17480,
      "systemtime": 0,
      "usertime": 1828522
     },
     "172503900053": {
      "maxRSS": 17480,
      "systemtime": 0,
      "usertime": 1832529
     },
     "172503902153": {
      "maxRSS": 17480,
      "systemtime": 0,
      "usertime": 1832537
     },
     "172503904224": {
      "maxRSS": 17480,
      "systemtime": 0,
      "usertime": 1836550
     },
     "172503906328": {
      "maxRSS": 17480,
      "systemtime": 0,
      "usertime": 1836564
     },
     "172503908485": {
      "maxRSS": 17480,
      "systemtime": 0,
      "usertime": 1840651
     },
     "172503910658": {
      "maxRSS": 17480,
      "systemtime": 0,
      "usertime": 1840671
     },
     "172503912832": {
      "maxRSS": 17608,
      "systemtime": 0,
      "usertime": 1844630
     },
     "172503915002": {
      "maxRSS": 17608,
      "systemtime": 0,
      "usertime": 1844647
     },
     "172503917203": {
      "maxRSS": 17608,
      "systemtime": 0,
      "usertime": 1848663
     },
     "172503919371": {
      "maxRSS": 17608,
      "systemtime": 0,
      "usertime": 1848681
     },
     "172503921576": {
      "maxRSS": 17608,
      "systemtime": 0,
      "usertime": 1852768
     },
     "172503923828": {
      "maxRSS": 17608,
      "systemtime": 0,
      "usertime": 1852800
     },
     "172503926016": {
      "maxRSS": 17608,
      "systemtime": 0,
      "usertime": 1856790
     },
     "172503928103": {
      "maxRSS": 17608,
      "systemtime": 0,
      "usertime": 1860799
     },
     "172503930279": {
      "maxRSS": 17608,
      "systemtime": 0,
      "usertime": 1860816
     },
     "172503932526": {
      "maxRSS": 17608,
      "systemtime": 0,
      "usertime": 1864834
     },
     "172503934704": {
      "maxRSS": 17736,
      "systemtime": 0,
      "usertime": 1864851
     },
     "172503936855": {
      "maxRSS": 17736,
      "systemtime": 0,
      "usertime": 1868889
     },
     "172503939120": {
      "maxRSS": 17736,
      "systemtime": 0,
      "usertime": 1868907
     },
     "172503941354": {
      "maxRSS": 17736,
      "systemtime": 0,
      "usertime": 1872943
     },
     "172503943537": {
      "maxRSS": 17736,
      "systemtime": 0,
      "usertime": 1872972
     },
     "172503945696": {
      "maxRSS": 17736,
      "systemtime": 0,
      "usertime": 1876993
     },
     "172503947806": {
      "maxRSS": 17736,
      "systemtime": 0,
      "usertime": 1877006
     },
     "172503949929": {
      "maxRSS": 17736,
      "systemtime": 0,
      "usertime": 1881035
     },
     "172503952040": {
      "maxRSS": 17736,
      "systemtime": 0,
      "usertime": 1885041
     },
     "172503954151": {
      "maxRSS": 17864,
      "systemtime": 0,
      "usertime": 1885057
     },
     "172503956231": {
      "maxRSS": 17864,
      "systemtime": 0,
      "usertime": 1889080
     },
     "172503958359": {
      "maxRSS": 17864,
      "systemtime": 0,
      "usertime": 1889102
     },
     "172503960468": {
      "maxRSS": 17864,
      "systemtime": 0,
      "usertime": 1893120
     },
     "172503962585": {
      "maxRSS": 17864,
      "systemtime": 0,
      "usertime": 1893164
     },
     "172503964689": {
      "maxRSS": 17864,
      "systemtime": 0,
      "usertime": 1897243
     },
     "172503966786": {
      "maxRSS": 17864,
      "systemtime": 0,
      "usertime": 1897250
     },
     "172503968959": {
      "maxRSS": 17864,
      "systemtime": 0,
      "usertime": 1901208
     },
     "172503971135": {
      "maxRSS": 17864,
      "systemtime": 0,
      "usertime": 1901232
     },
     "172503973222": {
      "maxRSS": 17992,
      "systemtime": 0,
      "usertime": 1905248
     },
     "172503975509": {
      "maxRSS": 17992,
      "systemtime": 0,
      "usertime": 1905281
     },
     "172503977647": {
      "maxRSS": 17992,
      "systemtime": 0,
      "usertime": 1909362
     },
     "172503979913": {
      "maxRSS": 17992,
      "systemtime": 0,
      "usertime": 1909381
     },
     "172503982082": {
      "maxRSS": 17992,
      "systemtime": 0,
      "usertime": 1913392
     },
     "172503984211": {
      "maxRSS": 17992,
      "systemtime": 0,
      "usertime": 1917352
     },
     "172503986305": {
      "maxRSS": 17992,
      "systemtime": 0,
      "usertime": 1917370
     },
     "172503988439": {
      "maxRSS": 17992,
      "systemtime": 0,
      "usertime": 1921388
     },
     "172503990708": {
      "maxRSS": 17992,
      "systemtime": 0,
      "usertime": 1921417
     },
     "172503992841": {
      "maxRSS": 17992,
      "systemtime": 0,
      "usertime": 1925436
     },
     "172503994966": {
      "maxRSS": 17992,
      "systemtime": 0,
      "usertime": 1925464
     },
     "172503997147": {
      "maxRSS": 17992,
      "systemtime": 0,
      "usertime": 1929486
     },
     "172503999318": {
      "maxRSS": 17992,
      "systemtime": 0,
      "usertime": 1929502
     },
     "172504001494": {
      "maxRSS": 18120,
      "systemtime": 0,
      "usertime": 1933519
     },
     "172504003755": {
      "maxRSS": 18120,
      "systemtime": 0,
      "usertime": 1933548
     },
     "172504006060": {
      "maxRSS": 18120,
      "systemtime": 0,
      "usertime": 1937567
     },
     "172504008215": {
      "maxRSS": 18120,
      "systemtime": 0,
      "usertime": 1941643
     },
     "172504010522": {
      "maxRSS": 18120,
      "systemtime": 0,
      "usertime": 1941666
     },
     "172504012807": {
      "maxRSS": 18120,
      "systemtime": 0,
      "usertime": 1945641
     },
     "172504015070": {
      "maxRSS": 18120,
      "systemtime": 0,
      "usertime": 1945663
     },
     "172504017273": {
      "maxRSS": 18120,
      "systemtime": 0,
      "usertime": 1949676
     },
     "172504019444": {
      "maxRSS": 18248,
      "systemtime": 0,
      "usertime": 1949693
     },
     "172504021622": {
      "maxRSS": 18248,
      "systemtime": 0,
      "usertime": 1953710
     },
     "172504023720": {
      "maxRSS": 18248,
      "systemtime": 0,
      "usertime": 1953726
     },
     "172504025918": {
      "maxRSS": 18248,
      "systemtime": 0,
      "usertime": 1957758
     },
     "172504028029": {
      "maxRSS": 18248,
      "systemtime": 0,
      "usertime": 1961767
     },
     "172504030213": {
      "maxRSS": 18248,
      "systemtime": 0,
      "usertime": 1961798
     },
     "172504032364": {
      "maxRSS": 18248,
      "systemtime": 0,
      "usertime": 1965820
     },
     "172504034536": {
      "maxRSS": 18248,
      "systemtime": 0,
      "usertime": 1965836
     },
     "172504036669": {
      "maxRSS": 18248,
      "systemtime": 0,
      "usertime": 1969853
     },
     "172504038933": {
      "maxRSS": 18376,
      "systemtime": 0,
      "usertime": 1969870
     },
     "172504041048": {
      "maxRSS": 18376,
      "systemtime": 0,
      "usertime": 1973900
     },
     "172504043122": {
      "maxRSS": 18376,
      "systemtime": 0,
      "usertime": 1973912
     },
     "172504045311": {
      "maxRSS": 18376,
      "systemtime": 0,
      "usertime": 1977935
     },
     "172504047481": {
      "maxRSS": 18376,
      "systemtime": 0,
      "usertime": 1977953
     },
     "172504049675": {
      "maxRSS": 18376,
      "systemtime": 0,
      "usertime": 1981970
     },
     "172504053862": {
      "maxRSS": 18376,
      "systemtime": 0,
      "usertime": 1985989
     },
     "172504057956": {
      "maxRSS": 18376,
      "systemtime": 0,
      "usertime": 1990095
     },
     "172504062121": {
      "maxRSS": 18504,
      "systemtime": 0,
      "usertime": 1994137
     },
     "172504066298": {
      "maxRSS": 18504,
      "systemtime": 0,
      "usertime": 1998145
     },
     "172504070408": {
      "maxRSS": 18504,
      "systemtime": 0,
      "usertime": 2002177
     },
     "172504074623": {
      "maxRSS": 18504,
      "systemtime": 0,
      "usertime": 2006248
     },
     "172504078801": {
      "maxRSS": 18504,
      "systemtime": 0,
      "usertime": 2010280
     },
     "172504082937": {
      "maxRSS": 18632,
      "systemtime": 0,
      "usertime": 2014301
     },
     "172504087117": {
      "maxRSS": 18632,
      "systemtime": 0,
      "usertime": 2018254
     },
     "172504091301": {
      "maxRSS": 18632,
      "systemtime": 0,
      "usertime": 2022286
     },
     "172504095465": {
      "maxRSS": 18632,
      "systemtime": 0,
      "usertime": 2026305
     },
     "172504099668": {
      "maxRSS": 18632,
      "systemtime": 0,
      "usertime": 2030382
     },
     "172504103851": {
      "maxRSS": 18760,
      "systemtime": 0,
      "usertime": 2034346
     },
     "172504108035": {
      "maxRSS": 18760,
      "systemtime": 0,
      "usertime": 2042363
     },
     "172504112171": {
      "maxRSS": 18760,
      "systemtime": 0,
      "usertime": 2046392
     },
     "172504116345": {
      "maxRSS": 18760,
      "systemtime": 0,
      "usertime": 2050433
     },
     "172504120531": {
      "maxRSS": 18760,
      "systemtime": 0,
      "usertime": 2054500
     },
     "172504124620": {
      "maxRSS": 18888,
      "systemtime": 0,
      "usertime": 2058543
     },
     "172504128749": {
      "maxRSS": 18888,
      "systemtime": 0,
      "usertime": 2062491
     },
     "172504132800": {
      "maxRSS": 18888,
      "systemtime": 0,
      "usertime": 2066511
     },
     "172504136890": {
      "maxRSS": 18888,
      "systemtime": 0,
      "usertime": 2070707
     },
     "172504140985": {
      "maxRSS": 18888,
      "systemtime": 0,
      "usertime": 2074562
     },
     "172504145090": {
      "maxRSS": 18888,
      "systemtime": 0,
      "usertime": 2078603
     },
     "172504149202": {
      "maxRSS": 19016,
      "systemtime": 0,
      "usertime": 2082619
     },
     "172504153280": {
      "maxRSS": 19016,
      "systemtime": 0,
      "usertime": 2086634
     },
     "172504157379": {
      "maxRSS": 19016,
      "systemtime": 0,
      "usertime": 2090664
     },
     "172504161498": {
      "maxRSS": 19016,
      "systemtime": 0,
      "usertime": 2094681
     },
     "172504165578": {
      "maxRSS": 19016,
      "systemtime": 0,
      "usertime": 2098700
     },
     "172504169670": {
      "maxRSS": 19144,
      "systemtime": 0,
      "usertime": 2102729
     },
     "172504173777": {
      "maxRSS": 19144,
      "systemtime": 0,
      "usertime": 2106812
     },
     "172504177874": {
      "maxRSS": 19144,
      "systemtime": 0,
      "usertime": 2110781
     },
     "172504181962": {
      "maxRSS": 19144,
      "systemtime": 0,
      "usertime": 2114816
     },
     "172504186183": {
      "maxRSS": 19144,
      "systemtime": 0,
      "usertime": 2118824
     },
     "172504190333": {
      "maxRSS": 19144,
      "systemtime": 0,
      "usertime": 2122866
     },
     "172504194491": {
      "maxRSS": 19144,
      "systemtime": 0,
      "usertime": 2126928
     },
     "172504198702": {
      "maxRSS": 19272,
      "systemtime": 0,
      "usertime": 2131037
     },
     "172504202870": {
      "maxRSS": 19272,
      "systemtime": 0,
      "usertime": 2135010
     },
     "172504207095": {
      "maxRSS": 19272,
      "systemtime": 0,
      "usertime": 2139039
     },
     "172504211216": {
      "maxRSS": 19272,
      "systemtime": 0,
      "usertime": 2143068
     },
     "172504215446": {
      "maxRSS": 19272,
      "systemtime": 0,
      "usertime": 2147105
     },
     "172504219705": {
      "maxRSS": 19528,
      "systemtime": 0,
      "usertime": 2151216
     },
     "172504223959": {
      "maxRSS": 19528,
      "systemtime": 0,
      "usertime": 2155168
     },
     "172504228155": {
      "maxRSS": 19528,
      "systemtime": 0,
      "usertime": 2163191
     },
     "172504232191": {
      "maxRSS": 19528,
      "systemtime": 0,
      "usertime": 2167219
     },
     "172504236277": {
      "maxRSS": 19656,
      "systemtime": 0,
      "usertime": 2171235
     },
     "172504240475": {
      "maxRSS": 19656,
      "systemtime": 0,
      "usertime": 2175329
     },
     "172504244721": {
      "maxRSS": 19656,
      "systemtime": 0,
      "usertime": 2179282
     },
     "172504248913": {
      "maxRSS": 19656,
      "systemtime": 0,
      "usertime": 2183316
     },
     "172504252999": {
      "maxRSS": 19784,
      "systemtime": 0,
      "usertime": 2187334
     },
     "172504257180": {
      "maxRSS": 19784,
      "systemtime": 0,
      "usertime": 2191352
     },
     "172504261406": {
      "maxRSS": 19784,
      "systemtime": 0,
      "usertime": 2195383
     },
     "172504265679": {
      "maxRSS": 19784,
      "systemtime": 0,
      "usertime": 2199414
     },
     "172504269942": {
      "maxRSS": 19784,
      "systemtime": 0,
      "usertime": 2203442
     },
     "172504274134": {
      "maxRSS": 19912,
      "systemtime": 0,
      "usertime": 2207518
     },
     "172504278270": {
      "maxRSS": 19912,
      "systemtime": 0,
      "usertime": 2211561
     },
     "172504282465": {
      "maxRSS": 19912,
      "systemtime": 0,
      "usertime": 2215589
     },
     "172504286571": {
      "maxRSS": 19912,
      "systemtime": 0,
      "usertime": 2219612
     },
     "172504290688": {
      "maxRSS": 19912,
      "systemtime": 0,
      "usertime": 2223659
     },
     "172504294812": {
      "maxRSS": 19912,
      "systemtime": 0,
      "usertime": 2227711
     },
     "172504298985": {
      "maxRSS": 20040,
      "systemtime": 0,
      "usertime": 2231795
     },
     "172504303080": {
      "maxRSS": 20040,
      "systemtime": 0,
      "usertime": 2235801
     },
     "172504307270": {
      "maxRSS": 20040,
      "systemtime": 0,
      "usertime": 2239828
     },
     "172504311439": {
      "maxRSS": 20040,
      "systemtime": 0,
      "usertime": 2243856
     },
     "172504315638": {
      "maxRSS": 20168,
      "systemtime": 0,
      "usertime": 2247888
     },
     "172504319746": {
      "maxRSS": 20168,
      "systemtime": 0,
      "usertime": 2251919
     },
     "172504323861": {
      "maxRSS": 20168,
      "systemtime": 0,
      "usertime": 2255974
     },
     "172504327969": {
      "maxRSS": 20168,
      "systemtime": 0,
      "usertime": 2260003
     },
     "172504332141": {
      "maxRSS": 20168,
      "systemtime": 0,
      "usertime": 2268017
     },
     "172504336224": {
      "maxRSS": 20296,
      "systemtime": 0,
      "usertime": 2272106
     },
     "172504340314": {
      "maxRSS": 20296,
      "systemtime": 0,
      "usertime": 2276084
     },
     "172504344460": {
      "maxRSS": 20296,
      "systemtime": 0,
      "usertime": 2280090
     },
     "172504348577": {
      "maxRSS": 20296,
      "systemtime": 0,
      "usertime": 2284112
     },
     "172504352709": {
      "maxRSS": 20296,
      "systemtime": 0,
      "usertime": 2288147
     },
     "172504356877": {
      "maxRSS": 20424,
      "systemtime": 0,
      "usertime": 2292162
     },
     "172504361086": {
      "maxRSS": 20424,
      "systemtime": 0,
      "usertime": 2296181
     },
     "172504365292": {
      "maxRSS": 20424,
      "systemtime": 0,
      "usertime": 2300269
     },
     "172504369468": {
      "maxRSS": 20424,
      "systemtime": 0,
      "usertime": 2304228
     },
     "172504373642": {
      "maxRSS": 20424,
      "systemtime": 0,
      "usertime": 2308245
     },
     "172504377937": {
      "maxRSS": 20424,
      "systemtime": 0,
      "usertime": 2312282
     },
     "172504382107": {
      "maxRSS": 20552,
      "systemtime": 0,
      "usertime": 2316362
     },
     "172504386414": {
      "maxRSS": 20552,
      "systemtime": 0,
      "usertime": 2320335
     },
     "172504390686": {
      "maxRSS": 20552,
      "systemtime": 0,
      "usertime": 2324354
     },
     "172504394833": {
      "maxRSS": 20552,
      "systemtime": 0,
      "usertime": 2328404
     },
     "172504398967": {
      "maxRSS": 20552,
      "systemtime": 0,
      "usertime": 2332448
     },
     "172504403162": {
      "maxRSS": 20552,
      "systemtime": 0,
      "usertime": 2336492
     },
     "172504407437": {
      "maxRSS": 20680,
      "systemtime": 0,
      "usertime": 2340583
     },
     "172504411536": {
      "maxRSS": 20680,
      "systemtime": 0,
      "usertime": 2344551
     },
     "172504415797": {
      "maxRSS": 20680,
      "systemtime": 0,
      "usertime": 2348560
     },
     "172504419889": {
      "maxRSS": 20680,
      "systemtime": 0,
      "usertime": 2352582
     },
     "172504424086": {
      "maxRSS": 20680,
      "systemtime": 0,
      "usertime": 2360610
     },
     "172504428304": {
      "maxRSS": 20808,
      "systemtime": 0,
      "usertime": 2364656
     },
     "172504432413": {
      "maxRSS": 20808,
      "systemtime": 0,
      "usertime": 2368683
     },
     "172504436505": {
      "maxRSS": 20808,
      "systemtime": 0,
      "usertime": 2372702
     },
     "172504440624": {
      "maxRSS": 20808,
      "systemtime": 0,
      "usertime": 2376736
     },
     "172504444802": {
      "maxRSS": 20808,
      "systemtime": 0,
      "usertime": 2380767
     },
     "172504448916": {
      "maxRSS": 20936,
      "systemtime": 0,
      "usertime": 2384865
     },
     "172504453075": {
      "maxRSS": 20936,
      "systemtime": 0,
      "usertime": 2388827
     },
     "172504456035": {
      "maxRSS": 20936,
      "systemtime": 0,
      "usertime": 2392875
     },
     "172504457218": {
      "maxRSS": 21320,
      "systemtime": 0,
      "usertime": 2392892
     },
     "172504458295": {
      "maxRSS": 21704,
      "systemtime": 0,
      "usertime": 2392906
     },
     "172504459487": {
      "maxRSS": 22088,
      "systemtime": 0,
      "usertime": 2392923
     },
     "172504460574": {
      "maxRSS": 22472,
      "systemtime": 0,
      "usertime": 2396917
     },
     "172504461673": {
      "maxRSS": 22728,
      "systemtime": 0,
      "usertime": 2396936
     },
     "172504462822": {
      "maxRSS": 23112,
      "systemtime": 0,
      "usertime": 2396988
     },
     "172504463971": {
      "maxRSS": 23496,
      "systemtime": 0,
      "usertime": 2397020
     },
     "172504465158": {
      "maxRSS": 23880,
      "systemtime": 0,
      "usertime": 2401050
     },
     "172504466334": {
      "maxRSS": 24264,
      "systemtime": 0,
      "usertime": 2401070
     },
     "172504467508": {
      "maxRSS": 24648,
      "systemtime": 0,
      "usertime": 2401088
     },
     "172504468685": {
      "maxRSS": 25032,
      "systemtime": 0,
      "usertime": 2405102
     },
     "172504469828": {
      "maxRSS": 25416,
      "systemtime": 0,
      "usertime": 2405145
     },
     "172504471079": {
      "maxRSS": 25672,
      "systemtime": 0,
      "usertime": 2405170
     },
     "172504472128": {
      "maxRSS": 26056,
      "systemtime": 0,
      "usertime": 2409250
     },
     "172504473391": {
      "maxRSS": 26440,
      "systemtime": 0,
      "usertime": 2409267
     },
     "172504474568": {
      "maxRSS": 26952,
      "systemtime": 0,
      "usertime": 2409285
     },
     "172504475272": {
      "maxRSS": 26952,
      "systemtime": 0,
      "usertime": 2412406
     },
     "172504476417": {
      "maxRSS": 26952,
      "systemtime": 0,
      "usertime": 2413268
     },
     "172504477616": {
      "maxRSS": 26952,
      "systemtime": 0,
      "usertime": 2413286
     },
     "172504478803": {
      "maxRSS": 26952,
      "systemtime": 0,
      "usertime": 2413308
     },
     "172504479987": {
      "maxRSS": 26952,
      "systemtime": 0,
      "usertime": 2413328
     },
     "172504481164": {
      "maxRSS": 26952,
      "systemtime": 0,
      "usertime": 2417346
     },
     "172504482296": {
      "maxRSS": 26952,
      "systemtime": 0,
      "usertime": 2417363
     },
     "172504483502": {
      "maxRSS": 26952,
      "systemtime": 0,
      "usertime": 2417400
     },
     "172504484678": {
      "maxRSS": 26952,
      "systemtime": 0,
      "usertime": 2421416
     },
     "172504485852": {
      "maxRSS": 26952,
      "systemtime": 0,
      "usertime": 2421434
     },
     "172504487119": {
      "maxRSS": 26952,
      "systemtime": 0,
      "usertime": 2421451
     },
     "172504488200": {
      "maxRSS": 26952,
      "systemtime": 0,
      "usertime": 2425468
     },
     "172504489370": {
      "maxRSS": 26952,
      "systemtime": 0,
      "usertime": 2425485
     },
     "172504490539": {
      "maxRSS": 26952,
      "systemtime": 0,
      "usertime": 2425501
     },
     "172504491720": {
      "maxRSS": 26952,
      "systemtime": 0,
      "usertime": 2425530
     },
     "172504492926": {
      "maxRSS": 26952,
      "systemtime": 0,
      "usertime": 2429548
     },
     "172504494211": {
      "maxRSS": 26952,
      "systemtime": 0,
      "usertime": 2429567
     },
     "172504495449": {
      "maxRSS": 26952,
      "systemtime": 0,
      "usertime": 2429588
     },
     "172504496628": {
      "maxRSS": 26952,
      "systemtime": 0,
      "usertime": 2433676
     },
     "172504497802": {
      "maxRSS": 26952,
      "systemtime": 0,
      "usertime": 2433694
     },
     "172504499007": {
      "maxRSS": 26952,
      "systemtime": 0,
      "usertime": 2433736
     },
     "172504500117": {
      "maxRSS": 26952,
      "systemtime": 0,
      "usertime": 2437683
     },
     "172504501292": {
      "maxRSS": 26952,
      "systemtime": 0,
      "usertime": 2437699
     },
     "172504502475": {
      "maxRSS": 26952,
      "systemtime": 0,
      "usertime": 2437716
     },
     "172504503749": {
      "maxRSS": 26952,
      "systemtime": 0,
      "usertime": 2437734
     },
     "172504504925": {
      "maxRSS": 26952,
      "systemtime": 0,
      "usertime": 2441752
     },
     "172504506105": {
      "maxRSS": 26952,
      "systemtime": 0,
      "usertime": 2441782
     },
     "172504507278": {
      "maxRSS": 26952,
      "systemtime": 0,
      "usertime": 2441799
     },
     "172504508467": {
      "maxRSS": 26952,
      "systemtime": 0,
      "usertime": 2445820
     },
     "172504509738": {
      "maxRSS": 26952,
      "systemtime": 0,
      "usertime": 2445843
     },
     "172504510946": {
      "maxRSS": 26952,
      "systemtime": 0,
      "usertime": 2445862
     },
     "172504512131": {
      "maxRSS": 26952,
      "systemtime": 0,
      "usertime": 2449952
     },
     "172504513296": {
      "maxRSS": 26952,
      "systemtime": 0,
      "usertime": 2449995
     },
     "172504514420": {
      "maxRSS": 26952,
      "systemtime": 0,
      "usertime": 2450030
     },
     "172504515516": {
      "maxRSS": 26952,
      "systemtime": 0,
      "usertime": 2450037
     },
     "172504516616": {
      "maxRSS": 26952,
      "systemtime": 0,
      "usertime": 2453972
     },
     "172504517711": {
      "maxRSS": 26952,
      "systemtime": 0,
      "usertime": 2453979
     },
     "172504518805": {
      "maxRSS": 26952,
      "systemtime": 0,
      "usertime": 2453986
     },
     "172504519905": {
      "maxRSS": 26952,
      "systemtime": 0,
      "usertime": 2454001
     },
     "172504521010": {
      "maxRSS": 26952,
      "systemtime": 0,
      "usertime": 2458039
     },
     "172504522113": {
      "maxRSS": 26952,
      "systemtime": 0,
      "usertime": 2458050
     },
     "172504523176": {
      "maxRSS": 26952,
      "systemtime": 0,
      "usertime": 2458057
     },
     "172504524241": {
      "maxRSS": 26952,
      "systemtime": 0,
      "usertime": 2462068
     },
     "172504525338": {
      "maxRSS": 26952,
      "systemtime": 0,
      "usertime": 2462075
     },
     "172504526437": {
      "maxRSS": 26952,
      "systemtime": 0,
      "usertime": 2462082
     },
     "172504527533": {
      "maxRSS": 26952,
      "systemtime": 0,
      "usertime": 2462107
     },
     "172504528770": {
      "maxRSS": 26952,
      "systemtime": 0,
      "usertime": 2466122
     },
     "172504529960": {
      "maxRSS": 26952,
      "systemtime": 0,
      "usertime": 2466145
     },
     "172504531069": {
      "maxRSS": 26952,
      "systemtime": 0,
      "usertime": 2466163
     },
     "172504532144": {
      "maxRSS": 26952,
      "systemtime": 0,
      "usertime": 2470172
     },
     "172504533222": {
      "maxRSS": 26952,
      "systemtime": 0,
      "usertime": 2470189
     },
     "172504534362": {
      "maxRSS": 26952,
      "systemtime": 0,
      "usertime": 2470241
     },
     "172504535457": {
      "maxRSS": 26952,
      "systemtime": 0,
      "usertime": 2470248
     },
     "172504536544": {
      "maxRSS": 26952,
      "systemtime": 0,
      "usertime": 2474261
     },
     "172504537755": {
      "maxRSS": 26952,
      "systemtime": 0,
      "usertime": 2474278
     },
     "172504538876": {
      "maxRSS": 26952,
      "systemtime": 0,
      "usertime": 2474295
     },
     "172504540112": {
      "maxRSS": 26952,
      "systemtime": 0,
      "usertime": 2478319
     },
     "172504541238": {
      "maxRSS": 26952,
      "systemtime": 0,
      "usertime": 2478355
     },
     "172504542308": {
      "maxRSS": 26952,
      "systemtime": 0,
      "usertime": 2478365
     },
     "172504543517": {
      "maxRSS": 26952,
      "systemtime": 0,
      "usertime": 2478380
     },
     "172504544677": {
      "maxRSS": 26952,
      "systemtime": 0,
      "usertime": 2482398
     },
     "172504545774": {
      "maxRSS": 26952,
      "systemtime": 0,
      "usertime": 2482422
     },
     "172504546883": {
      "maxRSS": 26952,
      "systemtime": 0,
      "usertime": 2482438
     },
     "172504547997": {
      "maxRSS": 26952,
      "systemtime": 0,
      "usertime": 2482453
     },
     "172504549165": {
      "maxRSS": 26952,
      "systemtime": 0,
      "usertime": 2486529
     },
     "172504550276": {
      "maxRSS": 26952,
      "systemtime": 0,
      "usertime": 2486553
     },
     "172504551380": {
      "maxRSS": 26952,
      "systemtime": 0,
      "usertime": 2486575
     },
     "172504552466": {
      "maxRSS": 26952,
      "systemtime": 0,
      "usertime": 2490598
     },
     "172504553599": {
      "maxRSS": 27080,
      "systemtime": 0,
      "usertime": 2490618
     },
     "172504554780": {
      "maxRSS": 27080,
      "systemtime": 0,
      "usertime": 2490636
     },
     "172504555890": {
      "maxRSS": 27080,
      "systemtime": 0,
      "usertime": 2490666
     },
     "172504556973": {
      "maxRSS": 27080,
      "systemtime": 0,
      "usertime": 2494684
     },
     "172504558109": {
      "maxRSS": 27208,
      "systemtime": 0,
      "usertime": 2494705
     },
     "172504559214": {
      "maxRSS": 27208,
      "systemtime": 0,
      "usertime": 2494721
     },
     "172504560293": {
      "maxRSS": 27208,
      "systemtime": 0,
      "usertime": 2498730
     },
     "172504561363": {
      "maxRSS": 27208,
      "systemtime": 0,
      "usertime": 2498739
     },
     "172504562478": {
      "maxRSS": 27208,
      "systemtime": 0,
      "usertime": 2498778
     },
     "172504563578": {
      "maxRSS": 27208,
      "systemtime": 0,
      "usertime": 2498787
     },
     "172504564682": {
      "maxRSS": 27336,
      "systemtime": 0,
      "usertime": 2502803
     },
     "172504565786": {
      "maxRSS": 27336,
      "systemtime": 0,
      "usertime": 2502814
     },
     "172504566893": {
      "maxRSS": 27336,
      "systemtime": 0,
      "usertime": 2502824
     },
     "172504567960": {
      "maxRSS": 27336,
      "systemtime": 0,
      "usertime": 2502833
     },
     "172504569042": {
      "maxRSS": 27336,
      "systemtime": 0,
      "usertime": 2506853
     },
     "172504570242": {
      "maxRSS": 27464,
      "systemtime": 0,
      "usertime": 2506870
     },
     "172504571411": {
      "maxRSS": 27464,
      "systemtime": 0,
      "usertime": 2506887
     },
     "172504572577": {
      "maxRSS": 27464,
      "systemtime": 0,
      "usertime": 2510966
     },
     "172504573753": {
      "maxRSS": 27464,
      "systemtime": 0,
      "usertime": 2510982
     },
     "172504574926": {
      "maxRSS": 27464,
      "systemtime": 0,
      "usertime": 2511000
     },
     "172504576211": {
      "maxRSS": 27592,
      "systemtime": 0,
      "usertime": 2514953
     },
     "172504577337": {
      "maxRSS": 27592,
      "systemtime": 0,
      "usertime": 2514978
     },
     "172504578409": {
      "maxRSS": 27592,
      "systemtime": 0,
      "usertime": 2514990
     },
     "172504579491": {
      "maxRSS": 27592,
      "systemtime": 0,
      "usertime": 2515005
     },
     "172504580631": {
      "maxRSS": 27592,
      "systemtime": 0,
      "usertime": 2519090
     },
     "172504581742": {
      "maxRSS": 27720,
      "systemtime": 0,
      "usertime": 2519103
     },
     "172504582817": {
      "maxRSS": 27720,
      "systemtime": 0,
      "usertime": 2519115
     },
     "172504583978": {
      "maxRSS": 27720,
      "systemtime": 0,
      "usertime": 2519155
     },
     "172504585081": {
      "maxRSS": 27720,
      "systemtime": 0,
      "usertime": 2523107
     },
     "172504586220": {
      "maxRSS": 27720,
      "systemtime": 0,
      "usertime": 2523123
     },
     "172504587341": {
      "maxRSS": 27848,
      "systemtime": 0,
      "usertime": 2523144
     },
     "172504588447": {
      "maxRSS": 27848,
      "systemtime": 0,
      "usertime": 2527157
     },
     "172504589515": {
      "maxRSS": 27848,
      "systemtime": 0,
      "usertime": 2527168
     },
     "172504590627": {
      "maxRSS": 27848,
      "systemtime": 0,
      "usertime": 2527189
     },
     "172504591724": {
      "maxRSS": 27848,
      "systemtime": 0,
      "usertime": 2527196
     },
     "172504592796": {
      "maxRSS": 27848,
      "systemtime": 0,
      "usertime": 2531205
     },
     "172504593960": {
      "maxRSS": 27976,
      "systemtime": 0,
      "usertime": 2531221
     },
     "172504595065": {
      "maxRSS": 27976,
      "systemtime": 0,
      "usertime": 2531240
     },
     "172504596145": {
      "maxRSS": 27976,
      "systemtime": 0,
      "usertime": 2535266
     },
     "172504597260": {
      "maxRSS": 27976,
      "systemtime": 0,
      "usertime": 2535292
     },
     "172504598359": {
      "maxRSS": 27976,
      "systemtime": 0,
      "usertime": 2535301
     },
     "172504599464": {
      "maxRSS": 27976,
      "systemtime": 0,
      "usertime": 2535315
     },
     "172504600528": {
      "maxRSS": 27976,
      "systemtime": 0,
      "usertime": 2539316
     },
     "172504601626": {
      "maxRSS": 28104,
      "systemtime": 0,
      "usertime": 2539323
     },
     "172504602973": {
      "maxRSS": 28104,
      "systemtime": 0,
      "usertime": 2539340
     },
     "172504604127": {
      "maxRSS": 28104,
      "systemtime": 0,
      "usertime": 2543360
     },
     "172504605320": {
      "maxRSS": 28104,
      "systemtime": 0,
      "usertime": 2543389
     },
     "172504606490": {
      "maxRSS": 28104,
      "systemtime": 0,
      "usertime": 2543407
     },
     "172504607664": {
      "maxRSS": 28104,
      "systemtime": 0,
      "usertime": 2543428
     },
     "172504608758": {
      "maxRSS": 28104,
      "systemtime": 0,
      "usertime": 2547446
     },
     "172504609903": {
      "maxRSS": 28232,
      "systemtime": 0,
      "usertime": 2547464
     },
     "172504610990": {
      "maxRSS": 28232,
      "systemtime": 0,
      "usertime": 2547481
     },
     "172504612029": {
      "maxRSS": 28232,
      "systemtime": 0,
      "usertime": 2551522
     },
     "172504613107": {
      "maxRSS": 28232,
      "systemtime": 0,
      "usertime": 2551537
     },
     "172504614206": {
      "maxRSS": 28232,
      "systemtime": 0,
      "usertime": 2551547
     },
     "172504615300": {
      "maxRSS": 28232,
      "systemtime": 0,
      "usertime": 2551554
     },
     "172504616363": {
      "maxRSS": 28232,
      "systemtime": 0,
      "usertime": 2555552
     },
     "172504617459": {
      "maxRSS": 28232,
      "systemtime": 0,
      "usertime": 2555559
     },
     "172504618565": {
      "maxRSS": 28488,
      "systemtime": 0,
      "usertime": 2555578
     },
     "172504619636": {
      "maxRSS": 28488,
      "systemtime": 0,
      "usertime": 2555588
     },
     "172504621758": {
      "maxRSS": 28488,
      "systemtime": 0,
      "usertime": 2559612
     },
     "172504623914": {
      "maxRSS": 28616,
      "systemtime": 0,
      "usertime": 2559636
     },
     "172504626039": {
      "maxRSS": 28616,
      "systemtime": 0,
      "usertime": 2563651
     },
     "172504628104": {
      "maxRSS": 28616,
      "systemtime": 0,
      "usertime": 2567671
     },
     "172504630386": {
      "maxRSS": 28744,
      "systemtime": 0,
      "usertime": 2567703
     },
     "172504632559": {
      "maxRSS": 28744,
      "systemtime": 0,
      "usertime": 2571716
     },
     "172504634817": {
      "maxRSS": 28744,
      "systemtime": 0,
      "usertime": 2571733
     },
     "172504637088": {
      "maxRSS": 28872,
      "systemtime": 0,
      "usertime": 2575751
     },
     "172504639357": {
      "maxRSS": 28872,
      "systemtime": 0,
      "usertime": 2575840
     },
     "172504641527": {
      "maxRSS": 28872,
      "systemtime": 0,
      "usertime": 2579924
     },
     "172504643666": {
      "maxRSS": 28872,
      "systemtime": 0,
      "usertime": 2579941
     },
     "172504645858": {
      "maxRSS": 28872,
      "systemtime": 0,
      "usertime": 2583904
     },
     "172504648052": {
      "maxRSS": 29000,
      "systemtime": 0,
      "usertime": 2587919
     },
     "172504650150": {
      "maxRSS": 29000,
      "systemtime": 0,
      "usertime": 2587935
     },
     "172504652231": {
      "maxRSS": 29000,
      "systemtime": 0,
      "usertime": 2592017
     },
     "172504654305": {
      "maxRSS": 29000,
      "systemtime": 0,
      "usertime": 2592033
     },
     "172504656386": {
      "maxRSS": 29000,
      "systemtime": 0,
      "usertime": 2595989
     },
     "172504658541": {
      "maxRSS": 29128,
      "systemtime": 0,
      "usertime": 2596040
     },
     "172504660610": {
      "maxRSS": 29128,
      "systemtime": 0,
      "usertime": 2600050
     },
     "172504662724": {
      "maxRSS": 29128,
      "systemtime": 0,
      "usertime": 2600066
     },
     "172504664925": {
      "maxRSS": 29128,
      "systemtime": 0,
      "usertime": 2604087
     },
     "172504667145": {
      "maxRSS": 29256,
      "systemtime": 0,
      "usertime": 2604107
     },
     "172504669358": {
      "maxRSS": 29256,
      "systemtime": 0,
      "usertime": 2608134
     },
     "172504671568": {
      "maxRSS": 29256,
      "systemtime": 0,
      "usertime": 2608168
     },
     "172504673734": {
      "maxRSS": 29256,
      "systemtime": 0,
      "usertime": 2612245
     },
     "172504675870": {
      "maxRSS": 29384,
      "systemtime": 0,
      "usertime": 2612265
     },
     "172504677964": {
      "maxRSS": 29384,
      "systemtime": 0,
      "usertime": 2616231
     },
     "172504680055": {
      "maxRSS": 29384,
      "systemtime": 0,
      "usertime": 2620239
     },
     "172504682154": {
      "maxRSS": 29384,
      "systemtime": 0,
      "usertime": 2620248
     },
     "172504684244": {
      "maxRSS": 29384,
      "systemtime": 0,
      "usertime": 2624273
     },
     "172504686374": {
      "maxRSS": 29512,
      "systemtime": 0,
      "usertime": 2624289
     },
     "172504688552": {
      "maxRSS": 29512,
      "systemtime": 0,
      "usertime": 2628307
     },
     "172504690638": {
      "maxRSS": 29512,
      "systemtime": 0,
      "usertime": 2628324
     },
     "172504692808": {
      "maxRSS": 29640,
      "systemtime": 0,
      "usertime": 2632409
     },
     "172504694961": {
      "maxRSS": 29640,
      "systemtime": 0,
      "usertime": 2632435
     },
     "172504697173": {
      "maxRSS": 29640,
      "systemtime": 0,
      "usertime": 2636397
     },
     "172504699360": {
      "maxRSS": 29640,
      "systemtime": 0,
      "usertime": 2636429
     },
     "172504701534": {
      "maxRSS": 29768,
      "systemtime": 0,
      "usertime": 2640447
     },
     "172504703708": {
      "maxRSS": 29768,
      "systemtime": 0,
      "usertime": 2640464
     },
     "172504705947": {
      "maxRSS": 29896,
      "systemtime": 0,
      "usertime": 2644486
     },
     "172504708059": {
      "maxRSS": 29896,
      "systemtime": 0,
      "usertime": 2648547
     },
     "172504710321": {
      "maxRSS": 29896,
      "systemtime": 0,
      "usertime": 2648568
     },
     "172504712492": {
      "maxRSS": 30024,
      "systemtime": 0,
      "usertime": 2652573
     },
     "172504714678": {
      "maxRSS": 30024,
      "systemtime": 0,
      "usertime": 2652590
     },
     "172504716853": {
      "maxRSS": 30152,
      "systemtime": 0,
      "usertime": 2656607
     },
     "172504719026": {
      "maxRSS": 30152,
      "systemtime": 0,
      "usertime": 2656624
     },
     "172504721204": {
      "maxRSS": 30280,
      "systemtime": 0,
      "usertime": 2660642
     },
     "172504723298": {
      "maxRSS": 30280,
      "systemtime": 0,
      "usertime": 2660662
     },
     "172504725430": {
      "maxRSS": 30280,
      "systemtime": 0,
      "usertime": 2664700
     },
     "172504727563": {
      "maxRSS": 30408,
      "systemtime": 0,
      "usertime": 2664716
     },
     "172504729772": {
      "maxRSS": 30408,
      "systemtime": 0,
      "usertime": 2668742
     },
     "172504731904": {
      "maxRSS": 30408,
      "systemtime": 0,
      "usertime": 2668759
     },
     "172504734083": {
      "maxRSS": 30536,
      "systemtime": 0,
      "usertime": 2672840
     },
     "172504736179": {
      "maxRSS": 30536,
      "systemtime": 0,
      "usertime": 2676792
     },
     "172504738284": {
      "maxRSS": 30664,
      "systemtime": 0,
      "usertime": 2676828
     },
     "172504740388": {
      "maxRSS": 30664,
      "systemtime": 0,
      "usertime": 2680846
     },
     "172504742488": {
      "maxRSS": 30664,
      "systemtime": 0,
      "usertime": 2680854
     },
     "172504744649": {
      "maxRSS": 30792,
      "systemtime": 0,
      "usertime": 2684869
     },
     "172504746758": {
      "maxRSS": 30792,
      "systemtime": 0,
      "usertime": 2684887
     },
     "172504748935": {
      "maxRSS": 30792,
      "systemtime": 0,
      "usertime": 2688908
     },
     "172504751119": {
      "maxRSS": 30920,
      "systemtime": 0,
      "usertime": 2688931
     },
     "172504753263": {
      "maxRSS": 30920,
      "systemtime": 0,
      "usertime": 2692972
     },
     "172504755364": {
      "maxRSS": 31048,
      "systemtime": 0,
      "usertime": 2692996
     },
     "172504757544": {
      "maxRSS": 31048,
      "systemtime": 0,
      "usertime": 2697032
     },
     "172504759706": {
      "maxRSS": 31176,
      "systemtime": 0,
      "usertime": 2697050
     },
     "172504761799": {
      "maxRSS": 31176,
      "systemtime": 0,
      "usertime": 2701061
     },
     "172504763905": {
      "maxRSS": 31176,
      "systemtime": 0,
      "usertime": 2701082
     },
     "172504766152": {
      "maxRSS": 31304,
      "systemtime": 0,
      "usertime": 2705128
     },
     "172504768248": {
      "maxRSS": 31304,
      "systemtime": 0,
      "usertime": 2709152
     },
     "172504770383": {
      "maxRSS": 31432,
      "systemtime": 0,
      "usertime": 2709174
     },
     "172504772648": {
      "maxRSS": 31432,
      "systemtime": 0,
      "usertime": 2713205
     },
     "172504774793": {
      "maxRSS": 31432,
      "systemtime": 0,
      "usertime": 2713228
     },
     "172504776986": {
      "maxRSS": 31560,
      "systemtime": 0,
      "usertime": 2717243
     },
     "172504779270": {
      "maxRSS": 31560,
      "systemtime": 0,
      "usertime": 2717283
     },
     "172504781457": {
      "maxRSS": 31688,
      "systemtime": 0,
      "usertime": 2721359
     },
     "172504783580": {
      "maxRSS": 31688,
      "systemtime": 0,
      "usertime": 2721378
     },
     "172504785684": {
      "maxRSS": 31816,
      "systemtime": 0,
      "usertime": 2725335
     },
     "172504787898": {
      "maxRSS": 31816,
      "systemtime": 0,
      "usertime": 2725354
     },
     "172504790078": {
      "maxRSS": 31816,
      "systemtime": 0,
      "usertime": 2729376
     },
     "172504792119": {
      "maxRSS": 31944,
      "systemtime": 0,
      "usertime": 2733410
     },
     "172504794221": {
      "maxRSS": 31944,
      "systemtime": 0,
      "usertime": 2733429
     },
     "172504796305": {
      "maxRSS": 31944,
      "systemtime": 0,
      "usertime": 2737510
     },
     "172504798407": {
      "maxRSS": 32072,
      "systemtime": 0,
      "usertime": 2737523
     },
     "172504800592": {
      "maxRSS": 32072,
      "systemtime": 0,
      "usertime": 2741477
     },
     "172504802798": {
      "maxRSS": 32072,
      "systemtime": 0,
      "usertime": 2741494
     },
     "172504805065": {
      "maxRSS": 32072,
      "systemtime": 0,
      "usertime": 2745513
     },
     "172504807259": {
      "maxRSS": 32200,
      "systemtime": 0,
      "usertime": 2745552
     },
     "172504809365": {
      "maxRSS": 32200,
      "systemtime": 0,
      "usertime": 2749581
     },
     "172504811489": {
      "maxRSS": 32200,
      "systemtime": 0,
      "usertime": 2749615
     },
     "172504813594": {
      "maxRSS": 32328,
      "systemtime": 0,
      "usertime": 2753812
     },
     "172504815725": {
      "maxRSS": 32328,
      "systemtime": 0,
      "usertime": 2753839
     },
     "172504817821": {
      "maxRSS": 32328,
      "systemtime": 0,
      "usertime": 2757701
     },
     "172504819930": {
      "maxRSS": 32456,
      "systemtime": 0,
      "usertime": 2757739
     },
     "172504822020": {
      "maxRSS": 32456,
      "systemtime": 0,
      "usertime": 2761761
     },
     "172504824079": {
      "maxRSS": 32584,
      "systemtime": 0,
      "usertime": 2765783
     },
     "172504826173": {
      "maxRSS": 32584,
      "systemtime": 0,
      "usertime": 2765804
     },
     "172504828263": {
      "maxRSS": 32712,
      "systemtime": 0,
      "usertime": 2769827
     },
     "172504830386": {
      "maxRSS": 32712,
      "systemtime": 0,
      "usertime": 2769847
     },
     "172504832508": {
      "maxRSS": 32712,
      "systemtime": 0,
      "usertime": 2773926
     },
     "172504834611": {
      "maxRSS": 32840,
      "systemtime": 0,
      "usertime": 2773938
     },
     "172504836691": {
      "maxRSS": 32840,
      "systemtime": 0,
      "usertime": 2777900
     },
     "172504838779": {
      "maxRSS": 32968,
      "systemtime": 0,
      "usertime": 2777928
     },
     "172504840913": {
      "maxRSS": 32968,
      "systemtime": 0,
      "usertime": 2781948
     },
     "172504843015": {
      "maxRSS": 33096,
      "systemtime": 0,
      "usertime": 2781972
     },
     "172504845124": {
      "maxRSS": 33096,
      "systemtime": 0,
      "usertime": 2786016
     },
     "172504847232": {
      "maxRSS": 33096,
      "systemtime": 0,
      "usertime": 2786029
     },
     "172504849404": {
      "maxRSS": 33224,
      "systemtime": 0,
      "usertime": 2790042
     },
     "172504851577": {
      "maxRSS": 33224,
      "systemtime": 0,
      "usertime": 2790059
     },
     "172504853785": {
      "maxRSS": 33352,
      "systemtime": 0,
      "usertime": 2794079
     },
     "172504855949": {
      "maxRSS": 33352,
      "systemtime": 0,
      "usertime": 2794097
     },
     "172504858129": {
      "maxRSS": 33480,
      "systemtime": 0,
      "usertime": 2798131
     },
     "172504860215": {
      "maxRSS": 33480,
      "systemtime": 0,
      "usertime": 2802148
     },
     "172504862311": {
      "maxRSS": 33608,
      "systemtime": 0,
      "usertime": 2802165
     },
     "172504864445": {
      "maxRSS": 33608,
      "systemtime": 0,
      "usertime": 2806183
     },
     "172504866619": {
      "maxRSS": 33736,
      "systemtime": 0,
      "usertime": 2806200
     },
     "172504868791": {
      "maxRSS": 33736,
      "systemtime": 0,
      "usertime": 2810217
     },
     "172504870961": {
      "maxRSS": 33736,
      "systemtime": 0,
      "usertime": 2810234
     },
     "172504873066": {
      "maxRSS": 33864,
      "systemtime": 0,
      "usertime": 2814271
     },
     "172504875240": {
      "maxRSS": 33864,
      "systemtime": 0,
      "usertime": 2814288
     },
     "172504877417": {
      "maxRSS": 33992,
      "systemtime": 0,
      "usertime": 2818304
     },
     "172504879691": {
      "maxRSS": 33992,
      "systemtime": 0,
      "usertime": 2818322
     },
     "172504881862": {
      "maxRSS": 34120,
      "systemtime": 0,
      "usertime": 2822344
     },
     "172504884048": {
      "maxRSS": 34120,
      "systemtime": 0,
      "usertime": 2826358
     },
     "172504886231": {
      "maxRSS": 34120,
      "systemtime": 0,
      "usertime": 2826391
     },
     "172504888415": {
      "maxRSS": 34248,
      "systemtime": 0,
      "usertime": 2830468
     },
     "172504890597": {
      "maxRSS": 34248,
      "systemtime": 0,
      "usertime": 2830487
     },
     "172504892764": {
      "maxRSS": 34376,
      "systemtime": 0,
      "usertime": 2834447
     },
     "172504894903": {
      "maxRSS": 34376,
      "systemtime": 0,
      "usertime": 2834467
     },
     "172504899172": {
      "maxRSS": 34504,
      "systemtime": 0,
      "usertime": 2838498
     },
     "172504903282": {
      "maxRSS": 34504,
      "systemtime": 0,
      "usertime": 2842528
     },
     "172504907423": {
      "maxRSS": 34632,
      "systemtime": 0,
      "usertime": 2846550
     },
     "172504911528": {
      "maxRSS": 34632,
      "systemtime": 0,
      "usertime": 2850654
     },
     "172504915753": {
      "maxRSS": 34760,
      "systemtime": 0,
      "usertime": 2854673
     },
     "172504919850": {
      "maxRSS": 34888,
      "systemtime": 0,
      "usertime": 2858617
     },
     "172504924032": {
      "maxRSS": 35016,
      "systemtime": 0,
      "usertime": 2866643
     },
     "172504928136": {
      "maxRSS": 35144,
      "systemtime": 0,
      "usertime": 2870681
     },
     "172504932178": {
      "maxRSS": 35144,
      "systemtime": 0,
      "usertime": 2874697
     },
     "172504936340": {
      "maxRSS": 35272,
      "systemtime": 0,
      "usertime": 2878715
     },
     "172504940536": {
      "maxRSS": 35400,
      "systemtime": 0,
      "usertime": 2882733
     },
     "172504944633": {
      "maxRSS": 35528,
      "systemtime": 0,
      "usertime": 2886764
     },
     "172504948821": {
      "maxRSS": 35656,
      "systemtime": 0,
      "usertime": 2890844
     },
     "172504952974": {
      "maxRSS": 35784,
      "systemtime": 0,
      "usertime": 2894808
     },
     "172504957133": {
      "maxRSS": 35912,
      "systemtime": 0,
      "usertime": 2898915
     },
     "172504961283": {
      "maxRSS": 35912,
      "systemtime": 0,
      "usertime": 2902928
     },
     "172504965491": {
      "maxRSS": 36040,
      "systemtime": 0,
      "usertime": 2906981
     },
     "172504969670": {
      "maxRSS": 36168,
      "systemtime": 0,
      "usertime": 2911026
     },
     "172504973931": {
      "maxRSS": 36168,
      "systemtime": 0,
      "usertime": 2915094
     },
     "172504978090": {
      "maxRSS": 36296,
      "systemtime": 0,
      "usertime": 2919119
     },
     "172504982386": {
      "maxRSS": 36424,
      "systemtime": 0,
      "usertime": 2923201
     },
     "172504986616": {
      "maxRSS": 36552,
      "systemtime": 0,
      "usertime": 2927259
     },
     "172504990828": {
      "maxRSS": 36680,
      "systemtime": 0,
      "usertime": 2931368
     },
     "172504994983": {
      "maxRSS": 36680,
      "systemtime": 0,
      "usertime": 2935359
     },
     "172504999210": {
      "maxRSS": 36808,
      "systemtime": 0,
      "usertime": 2939405
     },
     "172505003335": {
      "maxRSS": 36936,
      "systemtime": 0,
      "usertime": 2943446
     },
     "172505007597": {
      "maxRSS": 36936,
      "systemtime": 0,
      "usertime": 2947516
     },
     "172505011779": {
      "maxRSS": 37064,
      "systemtime": 0,
      "usertime": 2951565
     },
     "172505015962": {
      "maxRSS": 37064,
      "systemtime": 4015,
      "usertime": 2951607
     },
     "172505020056": {
      "maxRSS": 37192,
      "systemtime": 4015,
      "usertime": 2959633
     },
     "172505024133": {
      "maxRSS": 37320,
      "systemtime": 4015,
      "usertime": 2963647
     },
     "172505028244": {
      "maxRSS": 37320,
      "systemtime": 4015,
      "usertime": 2967687
     },
     "172505032349": {
      "maxRSS": 37448,
      "systemtime": 4015,
      "usertime": 2971724
     },
     "172505036457": {
      "maxRSS": 37448,
      "systemtime": 4015,
      "usertime": 2975748
     },
     "172505040533": {
      "maxRSS": 37576,
      "systemtime": 4015,
      "usertime": 2979765
     },
     "172505044656": {
      "maxRSS": 37576,
      "systemtime": 4015,
      "usertime": 2983787
     },
     "172505048730": {
      "maxRSS": 37704,
      "systemtime": 4015,
      "usertime": 2987798
     },
     "172505052800": {
      "maxRSS": 37704,
      "systemtime": 4015,
      "usertime": 2991809
     },
     "172505056871": {
      "maxRSS": 37832,
      "systemtime": 4015,
      "usertime": 2995820
     },
     "172505060996": {
      "maxRSS": 37832,
      "systemtime": 4015,
      "usertime": 2999924
     },
     "172505065211": {
      "maxRSS": 37960,
      "systemtime": 4015,
      "usertime": 3003877
     },
     "172505069471": {
      "maxRSS": 37960,
      "systemtime": 4015,
      "usertime": 3007921
     },
     "172505073561": {
      "maxRSS": 38088,
      "systemtime": 4015,
      "usertime": 3011959
     },
     "172505077682": {
      "maxRSS": 38088,
      "systemtime": 4015,
      "usertime": 3015980
     },
     "172505081803": {
      "maxRSS": 38216,
      "systemtime": 4015,
      "usertime": 3019995
     },
     "172505085940": {
      "maxRSS": 38216,
      "systemtime": 4015,
      "usertime": 3024038
     },
     "172505090124": {
      "maxRSS": 38344,
      "systemtime": 4016,
      "usertime": 3028115
     },
     "172505094310": {
      "maxRSS": 38344,
      "systemtime": 4016,
      "usertime": 3032080
     },
     "172505098421": {
      "maxRSS": 38344,
      "systemtime": 4016,
      "usertime": 3036096
     },
     "172505102523": {
      "maxRSS": 38472,
      "systemtime": 4016,
      "usertime": 3040115
     },
     "172505106701": {
      "maxRSS": 38600,
      "systemtime": 4016,
      "usertime": 3044201
     },
     "172505110851": {
      "maxRSS": 38728,
      "systemtime": 4016,
      "usertime": 3048174
     },
     "172505115030": {
      "maxRSS": 38856,
      "systemtime": 4016,
      "usertime": 3052199
     },
     "172505119209": {
      "maxRSS": 38984,
      "systemtime": 4016,
      "usertime": 3056210
     },
     "172505123439": {
      "maxRSS": 39112,
      "systemtime": 4016,
      "usertime": 3060227
     },
     "172505127549": {
      "maxRSS": 39240,
      "systemtime": 8032,
      "usertime": 3060236
     },
     "172505131757": {
      "maxRSS": 39368,
      "systemtime": 8032,
      "usertime": 3064266
     },
     "172505135943": {
      "maxRSS": 39496,
      "systemtime": 8032,
      "usertime": 3068293
     },
     "172505140126": {
      "maxRSS": 39624,
      "systemtime": 12048,
      "usertime": 3072294
     },
     "172505144210": {
      "maxRSS": 39752,
      "systemtime": 12048,
      "usertime": 3076312
     },
     "172505148293": {
      "maxRSS": 39880,
      "systemtime": 12048,
      "usertime": 3080328
     },
     "172505152429": {
      "maxRSS": 40008,
      "systemtime": 12048,
      "usertime": 3084413
     },
     "172505156619": {
      "maxRSS": 40136,
      "systemtime": 12048,
      "usertime": 3088363
     },
     "172505160891": {
      "maxRSS": 40264,
      "systemtime": 12048,
      "usertime": 3092385
     },
     "172505165169": {
      "maxRSS": 40392,
      "systemtime": 12048,
      "usertime": 3096420
     },
     "172505169351": {
      "maxRSS": 40520,
      "systemtime": 12048,
      "usertime": 3100436
     },
     "172505173547": {
      "maxRSS": 40648,
      "systemtime": 12048,
      "usertime": 3104482
     },
     "172505177736": {
      "maxRSS": 40648,
      "systemtime": 12048,
      "usertime": 3108532
     },
     "172505181876": {
      "maxRSS": 40776,
      "systemtime": 12048,
      "usertime": 3112579
     },
     "172505186107": {
      "maxRSS": 40904,
      "systemtime": 12048,
      "usertime": 3116611
     },
     "172505190266": {
      "maxRSS": 41032,
      "systemtime": 12049,
      "usertime": 3120733
     },
     "172505194404": {
      "maxRSS": 41032,
      "systemtime": 12049,
      "usertime": 3124702
     },
     "172505198558": {
      "maxRSS": 41160,
      "systemtime": 12049,
      "usertime": 3128742
     },
     "172505202690": {
      "maxRSS": 41160,
      "systemtime": 12049,
      "usertime": 3132787
     },
     "172505206836": {
      "maxRSS": 41288,
      "systemtime": 12049,
      "usertime": 3136849
     },
     "172505211016": {
      "maxRSS": 41288,
      "systemtime": 12049,
      "usertime": 3140965
     },
     "172505215294": {
      "maxRSS": 41288,
      "systemtime": 12049,
      "usertime": 3144961
     },
     "172505219627": {
      "maxRSS": 41416,
      "systemtime": 12049,
      "usertime": 3148991
     },
     "172505223902": {
      "maxRSS": 41416,
      "systemtime": 12049,
      "usertime": 3153019
     },
     "172505228328": {
      "maxRSS": 41544,
      "systemtime": 12049,
      "usertime": 3161073
     },
     "172505232592": {
      "maxRSS": 41544,
      "systemtime": 12049,
      "usertime": 3165119
     },
     "172505236838": {
      "maxRSS": 41672,
      "systemtime": 12050,
      "usertime": 3169165
     },
     "172505241038": {
      "maxRSS": 41800,
      "systemtime": 12050,
      "usertime": 3173210
     },
     "172505245232": {
      "maxRSS": 41928,
      "systemtime": 12050,
      "usertime": 3177314
     },
     "172505249413": {
      "maxRSS": 41928,
      "systemtime": 12050,
      "usertime": 3181261
     },
     "172505253505": {
      "maxRSS": 42056,
      "systemtime": 12050,
      "usertime": 3185279
     },
     "172505257676": {
      "maxRSS": 42184,
      "systemtime": 12050,
      "usertime": 3189301
     },
     "172505261880": {
      "maxRSS": 42312,
      "systemtime": 12050,
      "usertime": 3193400
     },
     "172505266135": {
      "maxRSS": 42440,
      "systemtime": 12050,
      "usertime": 3197340
     },
     "172505270326": {
      "maxRSS": 42568,
      "systemtime": 12050,
      "usertime": 3201373
     },
     "172505274544": {
      "maxRSS": 42696,
      "systemtime": 12050,
      "usertime": 3205396
     },
     "172505278718": {
      "maxRSS": 42824,
      "systemtime": 12050,
      "usertime": 3209471
     },
     "172505282898": {
      "maxRSS": 42824,
      "systemtime": 12050,
      "usertime": 3213434
     },
     "172505287178": {
      "maxRSS": 42952,
      "systemtime": 12050,
      "usertime": 3217452
     },
     "172505291278": {
      "maxRSS": 43080,
      "systemtime": 12050,
      "usertime": 3221481
     },
     "172505295415": {
      "maxRSS": 43208,
      "systemtime": 12050,
      "usertime": 3225526
     },
     "172505299606": {
      "maxRSS": 43208,
      "systemtime": 12050,
      "usertime": 3229542
     },
     "172505303870": {
      "maxRSS": 43208,
      "systemtime": 12050,
      "usertime": 3233617
     },
     "172505307958": {
      "maxRSS": 43336,
      "systemtime": 12050,
      "usertime": 3237583
     },
     "172505312048": {
      "maxRSS": 43336,
      "systemtime": 12050,
      "usertime": 3245600
     },
     "172505316203": {
      "maxRSS": 43464,
      "systemtime": 12050,
      "usertime": 3249621
     },
     "172505320333": {
      "maxRSS": 43464,
      "systemtime": 12050,
      "usertime": 3253729
     },
     "172505324471": {
      "maxRSS": 43592,
      "systemtime": 12050,
      "usertime": 3257688
     },
     "172505328569": {
      "maxRSS": 43720,
      "systemtime": 12050,
      "usertime": 3261691
     },
     "172505332691": {
      "maxRSS": 43720,
      "systemtime": 12050,
      "usertime": 3265724
     },
     "172505336843": {
      "maxRSS": 43848,
      "systemtime": 12050,
      "usertime": 3269745
     },
     "172505341005": {
      "maxRSS": 43976,
      "systemtime": 12050,
      "usertime": 3273773
     },
     "172505345157": {
      "maxRSS": 44104,
      "systemtime": 12050,
      "usertime": 3277814
     },
     "172505349340": {
      "maxRSS": 44104,
      "systemtime": 12050,
      "usertime": 3281844
     },
     "172505353427": {
      "maxRSS": 44232,
      "systemtime": 12050,
      "usertime": 3285863
     },
     "172505357519": {
      "maxRSS": 44360,
      "systemtime": 12051,
      "usertime": 3289948
     },
     "172505361686": {
      "maxRSS": 44360,
      "systemtime": 12051,
      "usertime": 3293884
     },
     "172505365875": {
      "maxRSS": 44488,
      "systemtime": 12051,
      "usertime": 3297962
     },
     "172505370029": {
      "maxRSS": 44616,
      "systemtime": 12051,
      "usertime": 3301929
     },
     "172505374224": {
      "maxRSS": 44744,
      "systemtime": 12051,
      "usertime": 3305961
     },
     "172505376878": {
      "maxRSS": 44744,
      "systemtime": 12065,
      "usertime": 3310804
     },
     "172505377562": {
      "maxRSS": 44744,
      "systemtime": 12065,
      "usertime": 3311397
     },
     "172505378832": {
      "maxRSS": 45128,
      "systemtime": 12065,
      "usertime": 3311417
     },
     "172505380024": {
      "maxRSS": 45512,
      "systemtime": 12065,
      "usertime": 3311450
     },
     "172505381202": {
      "maxRSS": 45896,
      "systemtime": 12065,
      "usertime": 3314127
     },
     "172505382395": {
      "maxRSS": 46280,
      "systemtime": 12065,
      "usertime": 3314162
     },
     "172505383657": {
      "maxRSS": 46664,
      "systemtime": 12065,
      "usertime": 3314180
     },
     "172505384828": {
      "maxRSS": 47048,
      "systemtime": 12065,
      "usertime": 3318138
     },
     "172505385997": {
      "maxRSS": 47432,
      "systemtime": 12065,
      "usertime": 3318155
     },
     "172505387270": {
      "maxRSS": 47816,
      "systemtime": 12065,
      "usertime": 3318252
     },
     "172505388399": {
      "maxRSS": 48200,
      "systemtime": 12065,
      "usertime": 3322270
     },
     "172505389583": {
      "maxRSS": 48584,
      "systemtime": 12065,
      "usertime": 3322299
     },
     "172505390765": {
      "maxRSS": 48968,
      "systemtime": 12065,
      "usertime": 3322317
     },
     "172505391949": {
      "maxRSS": 49224,
      "systemtime": 12065,
      "usertime": 3322334
     },
     "172505393107": {
      "maxRSS": 49480,
      "systemtime": 12065,
      "usertime": 3326353
     },
     "172505394244": {
      "maxRSS": 49736,
      "systemtime": 12065,
      "usertime": 3326372
     },
     "172505395415": {
      "maxRSS": 50120,
      "systemtime": 12065,
      "usertime": 3326390
     },
     "172505396611": {
      "maxRSS": 50504,
      "systemtime": 12065,
      "usertime": 3330482
     },
     "172505397797": {
      "maxRSS": 50888,
      "systemtime": 12065,
      "usertime": 3330498
     },
     "172505399016": {
      "maxRSS": 51272,
      "systemtime": 12065,
      "usertime": 3330517
     },
     "172505400120": {
      "maxRSS": 51528,
      "systemtime": 12065,
      "usertime": 3334473
     },
     "172505401296": {
      "maxRSS": 51912,
      "systemtime": 12065,
      "usertime": 3334490
     },
     "172505402470": {
      "maxRSS": 52296,
      "systemtime": 12065,
      "usertime": 3334507
     },
     "172505403753": {
      "maxRSS": 52680,
      "systemtime": 12065,
      "usertime": 3334525
     },
     "172505404943": {
      "maxRSS": 53064,
      "systemtime": 12065,
      "usertime": 3338552
     },
     "172505406117": {
      "maxRSS": 53448,
      "systemtime": 12065,
      "usertime": 3338569
     },
     "172505407293": {
      "maxRSS": 53704,
      "systemtime": 12065,
      "usertime": 3338587
     },
     "172505408397": {
      "maxRSS": 54088,
      "systemtime": 12065,
      "usertime": 3342612
     },
     "172505409516": {
      "maxRSS": 54344,
      "systemtime": 12065,
      "usertime": 3342635
     },
     "172505410635": {
      "maxRSS": 54728,
      "systemtime": 12065,
      "usertime": 3342659
     },
     "172505411797": {
      "maxRSS": 54984,
      "systemtime": 12065,
      "usertime": 3342698
     },
     "172505412870": {
      "maxRSS": 55368,
      "systemtime": 12065,
      "usertime": 3346720
     },
     "172505413969": {
      "maxRSS": 55624,
      "systemtime": 12065,
      "usertime": 3346729
     },
     "172505415065": {
      "maxRSS": 56008,
      "systemtime": 12065,
      "usertime": 3346736
     },
     "172505416120": {
      "maxRSS": 56264,
      "systemtime": 12065,
      "usertime": 3350742
     },
     "172505417301": {
      "maxRSS": 56648,
      "systemtime": 12065,
      "usertime": 3350759
     },
     "172505418490": {
      "maxRSS": 57032,
      "systemtime": 12065,
      "usertime": 3350795
     },
     "172505419585": {
      "maxRSS": 57288,
      "systemtime": 12065,
      "usertime": 3350813
     },
     "172505420846": {
      "maxRSS": 57672,
      "systemtime": 12065,
      "usertime": 3354843
     },
     "172505422032": {
      "maxRSS": 57928,
      "systemtime": 12065,
      "usertime": 3354866
     },
     "172505423226": {
      "maxRSS": 58312,
      "systemtime": 12065,
      "usertime": 3354889
     },
     "172505424379": {
      "maxRSS": 58696,
      "systemtime": 16071,
      "usertime": 3355025
     },
     "172505425567": {
      "maxRSS": 59080,
      "systemtime": 16072,
      "usertime": 3355062
     },
     "172505426754": {
      "maxRSS": 59464,
      "systemtime": 16072,
      "usertime": 3355078
     },
     "172505427920": {
      "maxRSS": 59848,
      "systemtime": 16072,
      "usertime": 3355096
     },
     "172505429184": {
      "maxRSS": 60232,
      "systemtime": 16072,
      "usertime": 3358987
     },
     "172505430351": {
      "maxRSS": 60488,
      "systemtime": 16072,
      "usertime": 3359004
     },
     "172505431523": {
      "maxRSS": 60872,
      "systemtime": 16072,
      "usertime": 3359021
     },
     "172505432694": {
      "maxRSS": 61256,
      "systemtime": 16072,
      "usertime": 3363038
     },
     "172505433865": {
      "maxRSS": 61640,
      "systemtime": 16072,
      "usertime": 3363066
     },
     "172505435035": {
      "maxRSS": 62024,
      "systemtime": 16072,
      "usertime": 3363083
     },
     "172505436072": {
      "maxRSS": 62280,
      "systemtime": 16072,
      "usertime": 3367099
     },
     "172505437246": {
      "maxRSS": 62536,
      "systemtime": 16072,
      "usertime": 3367120
     },
     "172505438395": {
      "maxRSS": 62920,
      "systemtime": 16072,
      "usertime": 3367144
     },
     "172505439578": {
      "maxRSS": 63304,
      "systemtime": 16072,
      "usertime": 3367165
     },
     "172505440765": {
      "maxRSS": 63560,
      "systemtime": 16072,
      "usertime": 3371202
     },
     "172505441905": {
      "maxRSS": 63944,
      "systemtime": 16072,
      "usertime": 3371231
     },
     "172505443076": {
      "maxRSS": 64328,
      "systemtime": 16072,
      "usertime": 3371249
     },
     "172505444132": {
      "maxRSS": 64584,
      "systemtime": 16072,
      "usertime": 3375267
     },
     "172505445299": {
      "maxRSS": 64968,
      "systemtime": 16072,
      "usertime": 3375289
     },
     "172505446476": {
      "maxRSS": 65224,
      "systemtime": 16072,
      "usertime": 3375306
     },
     "172505447507": {
      "maxRSS": 65224,
      "systemtime": 16089,
      "usertime": 3378734
     },
     "172505448676": {
      "maxRSS": 65224,
      "systemtime": 16089,
      "usertime": 3379339
     },
     "172505449837": {
      "maxRSS": 65224,
      "systemtime": 16089,
      "usertime": 3379355
     },
     "172505451001": {
      "maxRSS": 65224,
      "systemtime": 16089,
      "usertime": 3379372
     },
     "172505452213": {
      "maxRSS": 65224,
      "systemtime": 16089,
      "usertime": 3383388
     },
     "172505453350": {
      "maxRSS": 65224,
      "systemtime": 16089,
      "usertime": 3383410
     },
     "172505454620": {
      "maxRSS": 65224,
      "systemtime": 16089,
      "usertime": 3383461
     },
     "172505455764": {
      "maxRSS": 65224,
      "systemtime": 16089,
      "usertime": 3383498
     },
     "172505456845": {
      "maxRSS": 65224,
      "systemtime": 16089,
      "usertime": 3387521
     },
     "172505457942": {
      "maxRSS": 65224,
      "systemtime": 16089,
      "usertime": 3387529
     },
     "172505459037": {
      "maxRSS": 65224,
      "systemtime": 16089,
      "usertime": 3387536
     },
     "172505460048": {
      "maxRSS": 65224,
      "systemtime": 16089,
      "usertime": 3391546
     },
     "172505461141": {
      "maxRSS": 65224,
      "systemtime": 16089,
      "usertime": 3391565
     },
     "172505462388": {
      "maxRSS": 65224,
      "systemtime": 16089,
      "usertime": 3391624
     },
     "172505463596": {
      "maxRSS": 65224,
      "systemtime": 16089,
      "usertime": 3391645
     },
     "172505464699": {
      "maxRSS": 65224,
      "systemtime": 16089,
      "usertime": 3395721
     },
     "172505465877": {
      "maxRSS": 65224,
      "systemtime": 16089,
      "usertime": 3395734
     },
     "172505467025": {
      "maxRSS": 65224,
      "systemtime": 16089,
      "usertime": 3395765
     },
     "172505468054": {
      "maxRSS": 65224,
      "systemtime": 16089,
      "usertime": 3399719
     },
     "172505469186": {
      "maxRSS": 65224,
      "systemtime": 16089,
      "usertime": 3399758
     },
     "172505470257": {
      "maxRSS": 65224,
      "systemtime": 16089,
      "usertime": 3399769
     },
     "172505471410": {
      "maxRSS": 65224,
      "systemtime": 16089,
      "usertime": 3399789
     },
     "172505472584": {
      "maxRSS": 65224,
      "systemtime": 16089,
      "usertime": 3403808
     },
     "172505473756": {
      "maxRSS": 65224,
      "systemtime": 16089,
      "usertime": 3403825
     },
     "172505474939": {
      "maxRSS": 65224,
      "systemtime": 16089,
      "usertime": 3403842
     },
     "172505476127": {
      "maxRSS": 65224,
      "systemtime": 16089,
      "usertime": 3407930
     },
     "172505477312": {
      "maxRSS": 65224,
      "systemtime": 16089,
      "usertime": 3407947
     },
     "172505478530": {
      "maxRSS": 65224,
      "systemtime": 16089,
      "usertime": 3407965
     },
     "172505479638": {
      "maxRSS": 65224,
      "systemtime": 16089,
      "usertime": 3407978
     },
     "172505480809": {
      "maxRSS": 65224,
      "systemtime": 16089,
      "usertime": 3411939
     },
     "172505481983": {
      "maxRSS": 65224,
      "systemtime": 16089,
      "usertime": 3411956
     },
     "172505483134": {
      "maxRSS": 65224,
      "systemtime": 16089,
      "usertime": 3411987
     },
     "172505484213": {
      "maxRSS": 65224,
      "systemtime": 16089,
      "usertime": 3415999
     },
     "172505485390": {
      "maxRSS": 65224,
      "systemtime": 16089,
      "usertime": 3416015
     },
     "172505486473": {
      "maxRSS": 65224,
      "systemtime": 16089,
      "usertime": 3416032
     },
     "172505487653": {
      "maxRSS": 65224,
      "systemtime": 16089,
      "usertime": 3416054
     },
     "172505488912": {
      "maxRSS": 65224,
      "systemtime": 16089,
      "usertime": 3420073
     },
     "172505490088": {
      "maxRSS": 65224,
      "systemtime": 16089,
      "usertime": 3420091
     },
     "172505491276": {
      "maxRSS": 65224,
      "systemtime": 16089,
      "usertime": 3420121
     },
     "172505492406": {
      "maxRSS": 65224,
      "systemtime": 16089,
      "usertime": 3424155
     },
     "172505493510": {
      "maxRSS": 65224,
      "systemtime": 16089,
      "usertime": 3424178
     },
     "172505494711": {
      "maxRSS": 65224,
      "systemtime": 16089,
      "usertime": 3424217
     },
     "172505495923": {
      "maxRSS": 65224,
      "systemtime": 16089,
      "usertime": 3424251
     },
     "172505497026": {
      "maxRSS": 65224,
      "systemtime": 16089,
      "usertime": 3428332
     },
     "172505498155": {
      "maxRSS": 65224,
      "systemtime": 16089,
      "usertime": 3428368
     },
     "172505499310": {
      "maxRSS": 65224,
      "systemtime": 16089,
      "usertime": 3428396
     },
     "172505500417": {
      "maxRSS": 65224,
      "systemtime": 16089,
      "usertime": 3432346
     },
     "172505501514": {
      "maxRSS": 65224,
      "systemtime": 16089,
      "usertime": 3432353
     },
     "172505502620": {
      "maxRSS": 65224,
      "systemtime": 16089,
      "usertime": 3432368
     },
     "172505503770": {
      "maxRSS": 65224,
      "systemtime": 16089,
      "usertime": 3432390
     },
     "172505504880": {
      "maxRSS": 65224,
      "systemtime": 16089,
      "usertime": 3436411
     },
     "172505505976": {
      "maxRSS": 65224,
      "systemtime": 16089,
      "usertime": 3436418
     },
     "172505507069": {
      "maxRSS": 65224,
      "systemtime": 16089,
      "usertime": 3436425
     },
     "172505508092": {
      "maxRSS": 65224,
      "systemtime": 16089,
      "usertime": 3440438
     },
     "172505509196": {
      "maxRSS": 65224,
      "systemtime": 16089,
      "usertime": 3440461
     },
     "172505510314": {
      "maxRSS": 65224,
      "systemtime": 16089,
      "usertime": 3440491
     },
     "172505511448": {
      "maxRSS": 65224,
      "systemtime": 16089,
      "usertime": 3440547
     },
     "172505512655": {
      "maxRSS": 65224,
      "systemtime": 16089,
      "usertime": 3444573
     },
     "172505513869": {
      "maxRSS": 65224,
      "systemtime": 16089,
      "usertime": 3444598
     },
     "172505515048": {
      "maxRSS": 65224,
      "systemtime": 16089,
      "usertime": 3444620
     },
     "172505516126": {
      "maxRSS": 65224,
      "systemtime": 16089,
      "usertime": 3448695
     },
     "172505517307": {
      "maxRSS": 65224,
      "systemtime": 16089,
      "usertime": 3448712
     },
     "172505518509": {
      "maxRSS": 65224,
      "systemtime": 16089,
      "usertime": 3448747
     },
     "172505519606": {
      "maxRSS": 65224,
      "systemtime": 16089,
      "usertime": 3448773
     },
     "172505520757": {
      "maxRSS": 65224,
      "systemtime": 16089,
      "usertime": 3452743
     },
     "172505521960": {
      "maxRSS": 65224,
      "systemtime": 16089,
      "usertime": 3452764
     },
     "172505523048": {
      "maxRSS": 65224,
      "systemtime": 16089,
      "usertime": 3452781
     },
     "172505524080": {
      "maxRSS": 65224,
      "systemtime": 16089,
      "usertime": 3456868
     },
     "172505525189": {
      "maxRSS": 65224,
      "systemtime": 16089,
      "usertime": 3456878
     },
     "172505526310": {
      "maxRSS": 65224,
      "systemtime": 16089,
      "usertime": 3456909
     },
     "172505527484": {
      "maxRSS": 65224,
      "systemtime": 16089,
      "usertime": 3456924
     },
     "172505528602": {
      "maxRSS": 65224,
      "systemtime": 16089,
      "usertime": 3460871
     },
     "172505529762": {
      "maxRSS": 65224,
      "systemtime": 16089,
      "usertime": 3460906
     },
     "172505530939": {
      "maxRSS": 65224,
      "systemtime": 16089,
      "usertime": 3460925
     },
     "172505532109": {
      "maxRSS": 65224,
      "systemtime": 16089,
      "usertime": 3464941
     },
     "172505533328": {
      "maxRSS": 65224,
      "systemtime": 16089,
      "usertime": 3464999
     },
     "172505534502": {
      "maxRSS": 65224,
      "systemtime": 16089,
      "usertime": 3465016
     },
     "172505535671": {
      "maxRSS": 65224,
      "systemtime": 16089,
      "usertime": 3465033
     },
     "172505536922": {
      "maxRSS": 65224,
      "systemtime": 16089,
      "usertime": 3469051
     },
     "172505538061": {
      "maxRSS": 65224,
      "systemtime": 16089,
      "usertime": 3469072
     },
     "172505539234": {
      "maxRSS": 65224,
      "systemtime": 16089,
      "usertime": 3469090
     },
     "172505540380": {
      "maxRSS": 65224,
      "systemtime": 16089,
      "usertime": 3473124
     },
     "172505541646": {
      "maxRSS": 65224,
      "systemtime": 16089,
      "usertime": 3473142
     },
     "172505542763": {
      "maxRSS": 65224,
      "systemtime": 16089,
      "usertime": 3473160
     },
     "172505543935": {
      "maxRSS": 65224,
      "systemtime": 16089,
      "usertime": 3473177
     },
     "172505545152": {
      "maxRSS": 65224,
      "systemtime": 16089,
      "usertime": 3477260
     },
     "172505546436": {
      "maxRSS": 65224,
      "systemtime": 16089,
      "usertime": 3477279
     },
     "172505547633": {
      "maxRSS": 65224,
      "systemtime": 16089,
      "usertime": 3477321
     },
     "172505548805": {
      "maxRSS": 65224,
      "systemtime": 16089,
      "usertime": 3481273
     },
     "172505549981": {
      "maxRSS": 65224,
      "systemtime": 16089,
      "usertime": 3481290
     },
     "172505551161": {
      "maxRSS": 65224,
      "systemtime": 16089,
      "usertime": 3481307
     },
     "172505552239": {
      "maxRSS": 65224,
      "systemtime": 16089,
      "usertime": 3485323
     },
     "172505553482": {
      "maxRSS": 65224,
      "systemtime": 16089,
      "usertime": 3485346
     },
     "172505554608": {
      "maxRSS": 65224,
      "systemtime": 16089,
      "usertime": 3485370
     },
     "172505555911": {
      "maxRSS": 65352,
      "systemtime": 16089,
      "usertime": 3485409
     },
     "172505557093": {
      "maxRSS": 65352,
      "systemtime": 16089,
      "usertime": 3489429
     },
     "172505558225": {
      "maxRSS": 65352,
      "systemtime": 16089,
      "usertime": 3489446
     },
     "172505559311": {
      "maxRSS": 65352,
      "systemtime": 16089,
      "usertime": 3489464
     },
     "172505560392": {
      "maxRSS": 65352,
      "systemtime": 16089,
      "usertime": 3493480
     },
     "172505561490": {
      "maxRSS": 65352,
      "systemtime": 16089,
      "usertime": 3493502
     },
     "172505562743": {
      "maxRSS": 65352,
      "systemtime": 16089,
      "usertime": 3493569
     },
     "172505563952": {
      "maxRSS": 65352,
      "systemtime": 16089,
      "usertime": 3493587
     },
     "172505565061": {
      "maxRSS": 65352,
      "systemtime": 16089,
      "usertime": 3497612
     },
     "172505566141": {
      "maxRSS": 65352,
      "systemtime": 16089,
      "usertime": 3497625
     },
     "172505567245": {
      "maxRSS": 65352,
      "systemtime": 16089,
      "usertime": 3497638
     },
     "172505568399": {
      "maxRSS": 65352,
      "systemtime": 16089,
      "usertime": 3501649
     },
     "172505569547": {
      "maxRSS": 65352,
      "systemtime": 16089,
      "usertime": 3501707
     },
     "172505570718": {
      "maxRSS": 65352,
      "systemtime": 16089,
      "usertime": 3501720
     },
     "172505571891": {
      "maxRSS": 65352,
      "systemtime": 16089,
      "usertime": 3501737
     },
     "172505572981": {
      "maxRSS": 65352,
      "systemtime": 16089,
      "usertime": 3505755
     },
     "172505574083": {
      "maxRSS": 65352,
      "systemtime": 16089,
      "usertime": 3505766
     },
     "172505575266": {
      "maxRSS": 65352,
      "systemtime": 16089,
      "usertime": 3505780
     },
     "172505576466": {
      "maxRSS": 65352,
      "systemtime": 16089,
      "usertime": 3509809
     },
     "172505577554": {
      "maxRSS": 65352,
      "systemtime": 16089,
      "usertime": 3509827
     },
     "172505578638": {
      "maxRSS": 65352,
      "systemtime": 16089,
      "usertime": 3509847
     },
     "172505579784": {
      "maxRSS": 65352,
      "systemtime": 16089,
      "usertime": 3509868
     },
     "172505580873": {
      "maxRSS": 65352,
      "systemtime": 16089,
      "usertime": 3513900
     },
     "172505581979": {
      "maxRSS": 65352,
      "systemtime": 16089,
      "usertime": 3513919
     },
     "172505583080": {
      "maxRSS": 65352,
      "systemtime": 16089,
      "usertime": 3513938
     },
     "172505584176": {
      "maxRSS": 65352,
      "systemtime": 16089,
      "usertime": 3517976
     },
     "172505585279": {
      "maxRSS": 65352,
      "systemtime": 16089,
      "usertime": 3517986
     },
     "172505586360": {
      "maxRSS": 65352,
      "systemtime": 16089,
      "usertime": 3517995
     },
     "172505587427": {
      "maxRSS": 65352,
      "systemtime": 16089,
      "usertime": 3518005
     },
     "172505588526": {
      "maxRSS": 65352,
      "systemtime": 16089,
      "usertime": 3522004
     },
     "172505589625": {
      "maxRSS": 65352,
      "systemtime": 16089,
      "usertime": 3522011
     },
     "172505590759": {
      "maxRSS": 65352,
      "systemtime": 16089,
      "usertime": 3522055
     },
     "172505591854": {
      "maxRSS": 65352,
      "systemtime": 16089,
      "usertime": 3522062
     },
     "172505592958": {
      "maxRSS": 65352,
      "systemtime": 16089,
      "usertime": 3526083
     },
     "172505595187": {
      "maxRSS": 65352,
      "systemtime": 16089,
      "usertime": 3526131
     },
     "172505597353": {
      "maxRSS": 65352,
      "systemtime": 16089,
      "usertime": 3530219
     },
     "172505599528": {
      "maxRSS": 65352,
      "systemtime": 16089,
      "usertime": 3530236
     },
     "172505601828": {
      "maxRSS": 65352,
      "systemtime": 16089,
      "usertime": 3534237
     },
     "172505604121": {
      "maxRSS": 65352,
      "systemtime": 16089,
      "usertime": 3538254
     },
     "172505606292": {
      "maxRSS": 65352,
      "systemtime": 16089,
      "usertime": 3538272
     },
     "172505608440": {
      "maxRSS": 65352,
      "systemtime": 16089,
      "usertime": 3542299
     },
     "172505610730": {
      "maxRSS": 65352,
      "systemtime": 16089,
      "usertime": 3542326
     },
     "172505612938": {
      "maxRSS": 65480,
      "systemtime": 16089,
      "usertime": 3546344
     },
     "172505615266": {
      "maxRSS": 65608,
      "systemtime": 16089,
      "usertime": 3546375
     },
     "172505617436": {
      "maxRSS": 65736,
      "systemtime": 16089,
      "usertime": 3550393
     },
     "172505619537": {
      "maxRSS": 65864,
      "systemtime": 16089,
      "usertime": 3550410
     },
     "172505621716": {
      "maxRSS": 65992,
      "systemtime": 16089,
      "usertime": 3554429
     },
     "172505623865": {
      "maxRSS": 66120,
      "systemtime": 16089,
      "usertime": 3554451
     },
     "172505626141": {
      "maxRSS": 66248,
      "systemtime": 20104,
      "usertime": 3554466
     },
     "172505628337": {
      "maxRSS": 66376,
      "systemtime": 20104,
      "usertime": 3558486
     },
     "172505630618": {
      "maxRSS": 66504,
      "systemtime": 20104,
      "usertime": 3558517
     },
     "172505632892": {
      "maxRSS": 66632,
      "systemtime": 20104,
      "usertime": 3562536
     },
     "172505635063": {
      "maxRSS": 66760,
      "systemtime": 20104,
      "usertime": 3562554
     },
     "172505637217": {
      "maxRSS": 66888,
      "systemtime": 20104,
      "usertime": 3566573
     },
     "172505639369": {
      "maxRSS": 67016,
      "systemtime": 20104,
      "usertime": 3566592
     },
     "172505641447": {
      "maxRSS": 67144,
      "systemtime": 20104,
      "usertime": 3570616
     },
     "172505643664": {
      "maxRSS": 67272,
      "systemtime": 20105,
      "usertime": 3570651
     },
     "172505645788": {
      "maxRSS": 67400,
      "systemtime": 20105,
      "usertime": 3574694
     },
     "172505647880": {
      "maxRSS": 67528,
      "systemtime": 20105,
      "usertime": 3574715
     },
     "172505650002": {
      "maxRSS": 67656,
      "systemtime": 20105,
      "usertime": 3578736
     },
     "172505652077": {
      "maxRSS": 67784,
      "systemtime": 20105,
      "usertime": 3582752
     },
     "172505654298": {
      "maxRSS": 67912,
      "systemtime": 20105,
      "usertime": 3582769
     },
     "172505656477": {
      "maxRSS": 68040,
      "systemtime": 20105,
      "usertime": 3586811
     },
     "172505658651": {
      "maxRSS": 68168,
      "systemtime": 20105,
      "usertime": 3586829
     },
     "172505660806": {
      "maxRSS": 68296,
      "systemtime": 20105,
      "usertime": 3590903
     },
     "172505662891": {
      "maxRSS": 68424,
      "systemtime": 20105,
      "usertime": 3590923
     },
     "172505664996": {
      "maxRSS": 68552,
      "systemtime": 20105,
      "usertime": 3594941
     },
     "172505667183": {
      "maxRSS": 68680,
      "systemtime": 20106,
      "usertime": 3594956
     },
     "172505669378": {
      "maxRSS": 68808,
      "systemtime": 20106,
      "usertime": 3598928
     },
     "172505671606": {
      "maxRSS": 68936,
      "systemtime": 20106,
      "usertime": 3598952
     },
     "172505673686": {
      "maxRSS": 69064,
      "systemtime": 20106,
      "usertime": 3602968
     },
     "172505675787": {
      "maxRSS": 69192,
      "systemtime": 20106,
      "usertime": 3602979
     },
     "172505677908": {
      "maxRSS": 69320,
      "systemtime": 20106,
      "usertime": 3606995
     },
     "172505680207": {
      "maxRSS": 69448,
      "systemtime": 20106,
      "usertime": 3611042
     },
     "172505682382": {
      "maxRSS": 69576,
      "systemtime": 20106,
      "usertime": 3611059
     },
     "172505684616": {
      "maxRSS": 69704,
      "systemtime": 20106,
      "usertime": 3615081
     },
     "172505686810": {
      "maxRSS": 69832,
      "systemtime": 20106,
      "usertime": 3615098
     },
     "172505688983": {
      "maxRSS": 70088,
      "systemtime": 20106,
      "usertime": 3619115
     },
     "172505691150": {
      "maxRSS": 70216,
      "systemtime": 20106,
      "usertime": 3619132
     },
     "172505693255": {
      "maxRSS": 70344,
      "systemtime": 20106,
      "usertime": 3623158
     },
     "172505695464": {
      "maxRSS": 70472,
      "systemtime": 20106,
      "usertime": 3623181
     },
     "172505697658": {
      "maxRSS": 70600,
      "systemtime": 20106,
      "usertime": 3627217
     },
     "172505699835": {
      "maxRSS": 70728,
      "systemtime": 20106,
      "usertime": 3627234
     },
     "172505702007": {
      "maxRSS": 70856,
      "systemtime": 20106,
      "usertime": 3631250
     },
     "172505704109": {
      "maxRSS": 70984,
      "systemtime": 20106,
      "usertime": 3635266
     },
     "172505706272": {
      "maxRSS": 71112,
      "systemtime": 20106,
      "usertime": 3635283
     },
     "172505708397": {
      "maxRSS": 71240,
      "systemtime": 20106,
      "usertime": 3639299
     },
     "172505710569": {
      "maxRSS": 71368,
      "systemtime": 20106,
      "usertime": 3639326
     },
     "172505712749": {
      "maxRSS": 71496,
      "systemtime": 20106,
      "usertime": 3643345
     },
     "172505714917": {
      "maxRSS": 71624,
      "systemtime": 20106,
      "usertime": 3643362
     },
     "172505717170": {
      "maxRSS": 71752,
      "systemtime": 20106,
      "usertime": 3647380
     },
     "172505719361": {
      "maxRSS": 71880,
      "systemtime": 20106,
      "usertime": 3647398
     },
     "172505721535": {
      "maxRSS": 72136,
      "systemtime": 20106,
      "usertime": 3651415
     },
     "172505723728": {
      "maxRSS": 72264,
      "systemtime": 20107,
      "usertime": 3651444
     },
     "172505725895": {
      "maxRSS": 72392,
      "systemtime": 20107,
      "usertime": 3655465
     },
     "172505728080": {
      "maxRSS": 72520,
      "systemtime": 20107,
      "usertime": 3659573
     },
     "172505730311": {
      "maxRSS": 72648,
      "systemtime": 20107,
      "usertime": 3659610
     },
     "172505732424": {
      "maxRSS": 72648,
      "systemtime": 20107,
      "usertime": 3663575
     },
     "172505734530": {
      "maxRSS": 72776,
      "systemtime": 20107,
      "usertime": 3663586
     },
     "172505736670": {
      "maxRSS": 73032,
      "systemtime": 20107,
      "usertime": 3667602
     },
     "172505738861": {
      "maxRSS": 73160,
      "systemtime": 20107,
      "usertime": 3667640
     },
     "172505741141": {
      "maxRSS": 73288,
      "systemtime": 20108,
      "usertime": 3671744
     },
     "172505743285": {
      "maxRSS": 73416,
      "systemtime": 20108,
      "usertime": 3671773
     },
     "172505745497": {
      "maxRSS": 73544,
      "systemtime": 20108,
      "usertime": 3675728
     },
     "172505747667": {
      "maxRSS": 73672,
      "systemtime": 20108,
      "usertime": 3675748
     },
     "172505749847": {
      "maxRSS": 73928,
      "systemtime": 24118,
      "usertime": 3675748
     },
     "172505752073": {
      "maxRSS": 74056,
      "systemtime": 24129,
      "usertime": 3679768
     },
     "172505754244": {
      "maxRSS": 74184,
      "systemtime": 24129,
      "usertime": 3679793
     },
     "172505756383": {
      "maxRSS": 74312,
      "systemtime": 24129,
      "usertime": 3683822
     },
     "172505758561": {
      "maxRSS": 74440,
      "systemtime": 24129,
      "usertime": 3683840
     },
     "172505760767": {
      "maxRSS": 74696,
      "systemtime": 24129,
      "usertime": 3687851
     },
     "172505762942": {
      "maxRSS": 74824,
      "systemtime": 24130,
      "usertime": 3687868
     },
     "172505765138": {
      "maxRSS": 74952,
      "systemtime": 24130,
      "usertime": 3691966
     },
     "172505767389": {
      "maxRSS": 75080,
      "systemtime": 24130,
      "usertime": 3691983
     },
     "172505769500": {
      "maxRSS": 75336,
      "systemtime": 24130,
      "usertime": 3695949
     },
     "172505771814": {
      "maxRSS": 75464,
      "systemtime": 24130,
      "usertime": 3695978
     },
     "172505774015": {
      "maxRSS": 75592,
      "systemtime": 24130,
      "usertime": 3700010
     },
     "172505776122": {
      "maxRSS": 75720,
      "systemtime": 24130,
      "usertime": 3704028
     },
     "172505778248": {
      "maxRSS": 75848,
      "systemtime": 24130,
      "usertime": 3704070
     },
     "172505780334": {
      "maxRSS": 76104,
      "systemtime": 24130,
      "usertime": 3708092
     },
     "172505782420": {
      "maxRSS": 76232,
      "systemtime": 24130,
      "usertime": 3708108
     },
     "172505784597": {
      "maxRSS": 76360,
      "systemtime": 24130,
      "usertime": 3712141
     },
     "172505786730": {
      "maxRSS": 76488,
      "systemtime": 24131,
      "usertime": 3712161
     },
     "172505788812": {
      "maxRSS": 76616,
      "systemtime": 24131,
      "usertime": 3716169
     },
     "172505790990": {
      "maxRSS": 76872,
      "systemtime": 24131,
      "usertime": 3716187
     },
     "172505793104": {
      "maxRSS": 77000,
      "systemtime": 24131,
      "usertime": 3720229
     },
     "172505795274": {
      "maxRSS": 77128,
      "systemtime": 24131,
      "usertime": 3720251
     },
     "172505797443": {
      "maxRSS": 77256,
      "systemtime": 24131,
      "usertime": 3724273
     },
     "172505799616": {
      "maxRSS": 77384,
      "systemtime": 24131,
      "usertime": 3724291
     },
     "172505801811": {
      "maxRSS": 77640,
      "systemtime": 24131,
      "usertime": 3728307
     },
     "172505803981": {
      "maxRSS": 77768,
      "systemtime": 24131,
      "usertime": 3728325
     },
     "172505806192": {
      "maxRSS": 77896,
      "systemtime": 28123,
      "usertime": 3728395
     },
     "172505808303": {
      "maxRSS": 78024,
      "systemtime": 28123,
      "usertime": 3732416
     },
     "172505810392": {
      "maxRSS": 78152,
      "systemtime": 28123,
      "usertime": 3732434
     },
     "172505812551": {
      "maxRSS": 78408,
      "systemtime": 28123,
      "usertime": 3736460
     },
     "172505814729": {
      "maxRSS": 78536,
      "systemtime": 28124,
      "usertime": 3736481
     },
     "172505816815": {
      "maxRSS": 78664,
      "systemtime": 28124,
      "usertime": 3740543
     },
     "172505818901": {
      "maxRSS": 78792,
      "systemtime": 28124,
      "usertime": 3740570
     },
     "172505821141": {
      "maxRSS": 78920,
      "systemtime": 28124,
      "usertime": 3744546
     },
     "172505823253": {
      "maxRSS": 79176,
      "systemtime": 28124,
      "usertime": 3744591
     },
     "172505825358": {
      "maxRSS": 79304,
      "systemtime": 28124,
      "usertime": 3748606
     },
     "172505827454": {
      "maxRSS": 79432,
      "systemtime": 28124,
      "usertime": 3748613
     },
     "172505829539": {
      "maxRSS": 79560,
      "systemtime": 28124,
      "usertime": 3752625
     },
     "172505831648": {
      "maxRSS": 79688,
      "systemtime": 28124,
      "usertime": 3752666
     },
     "172505833798": {
      "maxRSS": 79816,
      "systemtime": 28124,
      "usertime": 3756689
     },
     "172505835907": {
      "maxRSS": 80072,
      "systemtime": 28125,
      "usertime": 3756703
     },
     "172505838019": {
      "maxRSS": 80200,
      "systemtime": 28125,
      "usertime": 3760713
     },
     "172505840045": {
      "maxRSS": 80328,
      "systemtime": 28125,
      "usertime": 3764725
     },
     "172505842146": {
      "maxRSS": 80456,
      "systemtime": 28125,
      "usertime": 3764733
     },
     "172505844312": {
      "maxRSS": 80584,
      "systemtime": 28125,
      "usertime": 3768749
     },
     "172505846552": {
      "maxRSS": 80840,
      "systemtime": 28125,
      "usertime": 3768791
     },
     "172505848777": {
      "maxRSS": 80968,
      "systemtime": 28125,
      "usertime": 3772810
     },
     "172505850953": {
      "maxRSS": 81096,
      "systemtime": 28125,
      "usertime": 3772833
     },
     "172505853093": {
      "maxRSS": 81352,
      "systemtime": 28125,
      "usertime": 3776852
     },
     "172505855303": {
      "maxRSS": 81480,
      "systemtime": 28125,
      "usertime": 3776880
     },
     "172505857404": {
      "maxRSS": 81608,
      "systemtime": 28125,
      "usertime": 3780891
     },
     "172505859541": {
      "maxRSS": 81736,
      "systemtime": 28125,
      "usertime": 3780918
     },
     "172505861693": {
      "maxRSS": 81864,
      "systemtime": 28125,
      "usertime": 3784951
     },
     "172505863780": {
      "maxRSS": 82120,
      "systemtime": 28126,
      "usertime": 3784972
     },
     "172505865895": {
      "maxRSS": 82248,
      "systemtime": 28126,
      "usertime": 3789033
     },
     "172505868090": {
      "maxRSS": 82376,
      "systemtime": 28126,
      "usertime": 3792991
     },
     "172505870257": {
      "maxRSS": 82504,
      "systemtime": 28126,
      "usertime": 3793009
     },
     "172505874446": {
      "maxRSS": 82888,
      "systemtime": 28126,
      "usertime": 3797043
     },
     "172505878720": {
      "maxRSS": 83144,
      "systemtime": 28126,
      "usertime": 3801079
     },
     "172505882882": {
      "maxRSS": 83400,
      "systemtime": 28126,
      "usertime": 3805080
     },
     "172505887136": {
      "maxRSS": 83656,
      "systemtime": 28126,
      "usertime": 3809100
     },
     "172505891303": {
      "maxRSS": 84040,
      "systemtime": 28126,
      "usertime": 3813120
     },
     "172505895490": {
      "maxRSS": 84296,
      "systemtime": 28126,
      "usertime": 3817147
     },
     "172505899786": {
      "maxRSS": 84552,
      "systemtime": 28126,
      "usertime": 3821252
     },
     "172505904064": {
      "maxRSS": 84808,
      "systemtime": 28126,
      "usertime": 3829206
     },
     "172505908122": {
      "maxRSS": 85192,
      "systemtime": 32144,
      "usertime": 3829212
     },
     "172505912201": {
      "maxRSS": 85448,
      "systemtime": 32144,
      "usertime": 3833224
     },
     "172505916337": {
      "maxRSS": 85704,
      "systemtime": 32144,
      "usertime": 3837242
     },
     "172505920478": {
      "maxRSS": 85960,
      "systemtime": 32144,
      "usertime": 3841279
     },
     "172505924585": {
      "maxRSS": 86216,
      "systemtime": 32144,
      "usertime": 3845322
     },
     "172505928857": {
      "maxRSS": 86472,
      "systemtime": 32144,
      "usertime": 3849353
     },
     "172505933025": {
      "maxRSS": 86856,
      "systemtime": 32144,
      "usertime": 3853380
     },
     "172505937195": {
      "maxRSS": 87112,
      "systemtime": 32144,
      "usertime": 3857397
     },
     "172505941367": {
      "maxRSS": 87368,
      "systemtime": 32144,
      "usertime": 3861416
     },
     "172505945626": {
      "maxRSS": 87752,
      "systemtime": 32145,
      "usertime": 3865442
     },
     "172505949807": {
      "maxRSS": 88008,
      "systemtime": 32145,
      "usertime": 3869455
     },
     "172505954000": {
      "maxRSS": 88264,
      "systemtime": 32145,
      "usertime": 3873489
     },
     "172505958178": {
      "maxRSS": 88648,
      "systemtime": 32145,
      "usertime": 3877509
     },
     "172505962352": {
      "maxRSS": 88904,
      "systemtime": 32145,
      "usertime": 3881581
     },
     "172505966532": {
      "maxRSS": 89288,
      "systemtime": 32145,
      "usertime": 3885543
     },
     "172505970661": {
      "maxRSS": 89544,
      "systemtime": 32145,
      "usertime": 3889560
     },
     "172505974758": {
      "maxRSS": 89800,
      "systemtime": 32145,
      "usertime": 3893587
     },
     "172505978923": {
      "maxRSS": 90056,
      "systemtime": 32145,
      "usertime": 3897649
     },
     "172505983118": {
      "maxRSS": 90440,
      "systemtime": 32146,
      "usertime": 3901731
     },
     "172505987247": {
      "maxRSS": 90696,
      "systemtime": 32146,
      "usertime": 3905690
     },
     "172505991424": {
      "maxRSS": 90952,
      "systemtime": 32146,
      "usertime": 3909715
     },
     "172505995690": {
      "maxRSS": 91336,
      "systemtime": 32146,
      "usertime": 3913732
     },
     "172505999986": {
      "maxRSS": 91592,
      "systemtime": 32146,
      "usertime": 3917752
     },
     "172506004215": {
      "maxRSS": 91976,
      "systemtime": 36127,
      "usertime": 3921843
     },
     "172506008305": {
      "maxRSS": 92232,
      "systemtime": 36127,
      "usertime": 3925860
     },
     "172506012462": {
      "maxRSS": 92488,
      "systemtime": 36127,
      "usertime": 3929884
     },
     "172506016635": {
      "maxRSS": 92872,
      "systemtime": 36127,
      "usertime": 3933901
     },
     "172506020814": {
      "maxRSS": 93128,
      "systemtime": 36127,
      "usertime": 3937919
     },
     "172506024984": {
      "maxRSS": 93384,
      "systemtime": 36127,
      "usertime": 3941937
     },
     "172506029161": {
      "maxRSS": 93640,
      "systemtime": 36127,
      "usertime": 3945959
     },
     "172506033321": {
      "maxRSS": 93896,
      "systemtime": 36128,
      "usertime": 3950003
     },
     "172506037506": {
      "maxRSS": 94152,
      "systemtime": 36128,
      "usertime": 3954020
     },
     "172506041683": {
      "maxRSS": 94408,
      "systemtime": 36128,
      "usertime": 3958036
     },
     "172506045950": {
      "maxRSS": 94664,
      "systemtime": 36128,
      "usertime": 3962059
     },
     "172506050129": {
      "maxRSS": 94920,
      "systemtime": 36128,
      "usertime": 3966077
     },
     "172506054310": {
      "maxRSS": 95176,
      "systemtime": 36128,
      "usertime": 3970101
     },
     "172506058459": {
      "maxRSS": 95432,
      "systemtime": 36128,
      "usertime": 3974141
     },
     "172506062582": {
      "maxRSS": 95560,
      "systemtime": 36129,
      "usertime": 3978218
     },
     "172506066789": {
      "maxRSS": 95816,
      "systemtime": 36129,
      "usertime": 3982180
     },
     "172506071045": {
      "maxRSS": 96072,
      "systemtime": 36129,
      "usertime": 3986198
     },
     "172506075146": {
      "maxRSS": 96328,
      "systemtime": 36129,
      "usertime": 3990227
     },
     "172506079299": {
      "maxRSS": 96456,
      "systemtime": 36129,
      "usertime": 3994267
     },
     "172506083436": {
      "maxRSS": 96712,
      "systemtime": 36129,
      "usertime": 3998312
     },
     "172506087574": {
      "maxRSS": 96968,
      "systemtime": 36129,
      "usertime": 4002338
     },
     "172506091677": {
      "maxRSS": 97224,
      "systemtime": 36129,
      "usertime": 4006362
     },
     "172506095817": {
      "maxRSS": 97480,
      "systemtime": 36129,
      "usertime": 4010397
     },
     "172506099937": {
      "maxRSS": 97736,
      "systemtime": 36129,
      "usertime": 4014425
     },
     "172506104068": {
      "maxRSS": 97992,
      "systemtime": 36130,
      "usertime": 4022496
     },
     "172506108181": {
      "maxRSS": 98248,
      "systemtime": 36130,
      "usertime": 4026516
     },
     "172506112259": {
      "maxRSS": 98504,
      "systemtime": 36130,
      "usertime": 4030543
     },
     "172506116396": {
      "maxRSS": 98632,
      "systemtime": 36130,
      "usertime": 4034560
     },
     "172506120576": {
      "maxRSS": 98888,
      "systemtime": 36130,
      "usertime": 4038583
     },
     "172506124651": {
      "maxRSS": 99144,
      "systemtime": 36130,
      "usertime": 4042600
     },
     "172506128759": {
      "maxRSS": 99400,
      "systemtime": 36130,
      "usertime": 4046612
     },
     "172506132845": {
      "maxRSS": 99656,
      "systemtime": 36130,
      "usertime": 4050640
     },
     "172506137029": {
      "maxRSS": 99912,
      "systemtime": 36130,
      "usertime": 4054658
     },
     "172506141150": {
      "maxRSS": 100168,
      "systemtime": 36130,
      "usertime": 4058682
     },
     "172506145358": {
      "maxRSS": 100552,
      "systemtime": 36131,
      "usertime": 4062779
     },
     "172506149529": {
      "maxRSS": 100808,
      "systemtime": 36131,
      "usertime": 4066721
     },
     "172506153712": {
      "maxRSS": 101064,
      "systemtime": 36131,
      "usertime": 4070739
     },
     "172506157924": {
      "maxRSS": 101320,
      "systemtime": 36131,
      "usertime": 4074758
     },
     "172506162125": {
      "maxRSS": 101576,
      "systemtime": 36131,
      "usertime": 4078852
     },
     "172506166298": {
      "maxRSS": 101960,
      "systemtime": 36131,
      "usertime": 4082813
     },
     "172506170474": {
      "maxRSS": 102216,
      "systemtime": 36131,
      "usertime": 4086833
     },
     "172506174680": {
      "maxRSS": 102472,
      "systemtime": 36131,
      "usertime": 4090864
     },
     "172506178797": {
      "maxRSS": 102728,
      "systemtime": 36131,
      "usertime": 4094892
     },
     "172506182946": {
      "maxRSS": 102984,
      "systemtime": 36131,
      "usertime": 4098928
     },
     "172506187122": {
      "maxRSS": 103240,
      "systemtime": 36131,
      "usertime": 4102988
     },
     "172506191253": {
      "maxRSS": 103496,
      "systemtime": 36132,
      "usertime": 4107035
     },
     "172506195354": {
      "maxRSS": 103752,
      "systemtime": 36132,
      "usertime": 4111039
     },
     "172506199481": {
      "maxRSS": 104008,
      "systemtime": 36132,
      "usertime": 4115075
     },
     "172506203617": {
      "maxRSS": 104264,
      "systemtime": 36132,
      "usertime": 4119107
     },
     "172506207810": {
      "maxRSS": 104648,
      "systemtime": 36133,
      "usertime": 4123198
     },
     "172506212031": {
      "maxRSS": 104904,
      "systemtime": 36133,
      "usertime": 4131195
     },
     "172506216128": {
      "maxRSS": 105160,
      "systemtime": 36133,
      "usertime": 4135219
     },
     "172506220206": {
      "maxRSS": 105416,
      "systemtime": 36133,
      "usertime": 4139236
     },
     "172506224337": {
      "maxRSS": 105672,
      "systemtime": 36133,
      "usertime": 4143254
     },
     "172506228517": {
      "maxRSS": 105928,
      "systemtime": 36133,
      "usertime": 4147291
     },
     "172506232725": {
      "maxRSS": 106184,
      "systemtime": 36133,
      "usertime": 4151330
     },
     "172506237066": {
      "maxRSS": 106568,
      "systemtime": 36133,
      "usertime": 4155386
     },
     "172506241249": {
      "maxRSS": 106696,
      "systemtime": 36133,
      "usertime": 4159411
     },
     "172506245531": {
      "maxRSS": 106824,
      "systemtime": 36133,
      "usertime": 4163438
     },
     "172506249712": {
      "maxRSS": 107080,
      "systemtime": 36134,
      "usertime": 4167458
     },
     "172506253890": {
      "maxRSS": 107208,
      "systemtime": 36134,
      "usertime": 4171475
     },
     "172506258059": {
      "maxRSS": 107336,
      "systemtime": 36134,
      "usertime": 4175492
     },
     "172506262354": {
      "maxRSS": 107464,
      "systemtime": 36134,
      "usertime": 4179517
     },
     "172506266541": {
      "maxRSS": 107592,
      "systemtime": 36134,
      "usertime": 4183545
     },
     "172506270720": {
      "maxRSS": 107720,
      "systemtime": 40149,
      "usertime": 4183547
     },
     "172506274896": {
      "maxRSS": 107848,
      "systemtime": 40149,
      "usertime": 4187572
     },
     "172506279072": {
      "maxRSS": 107976,
      "systemtime": 40149,
      "usertime": 4191655
     },
     "172506283160": {
      "maxRSS": 108232,
      "systemtime": 40149,
      "usertime": 4195612
     },
     "172506287334": {
      "maxRSS": 108360,
      "systemtime": 40149,
      "usertime": 4199632
     },
     "172506291490": {
      "maxRSS": 108488,
      "systemtime": 40149,
      "usertime": 4203677
     },
     "172506295686": {
      "maxRSS": 108616,
      "systemtime": 40149,
      "usertime": 4207711
     },
     "172506299960": {
      "maxRSS": 108744,
      "systemtime": 40149,
      "usertime": 4211734
     },
     "172506304128": {
      "maxRSS": 108872,
      "systemtime": 40149,
      "usertime": 4219751
     },
     "172506308275": {
      "maxRSS": 109000,
      "systemtime": 40149,
      "usertime": 4223770
     },
     "172506312476": {
      "maxRSS": 109128,
      "systemtime": 40150,
      "usertime": 4227801
     },
     "172506316673": {
      "maxRSS": 109256,
      "systemtime": 40150,
      "usertime": 4231833
     },
     "172506320806": {
      "maxRSS": 109512,
      "systemtime": 40150,
      "usertime": 4235854
     },
     "172506324994": {
      "maxRSS": 109768,
      "systemtime": 40150,
      "usertime": 4239874
     },
     "172506329135": {
      "maxRSS": 109896,
      "systemtime": 40150,
      "usertime": 4243901
     },
     "172506333277": {
      "maxRSS": 110152,
      "systemtime": 40150,
      "usertime": 4247971
     },
     "172506337482": {
      "maxRSS": 110408,
      "systemtime": 40150,
      "usertime": 4251961
     },
     "172506341679": {
      "maxRSS": 110536,
      "systemtime": 40150,
      "usertime": 4255999
     },
     "172506345820": {
      "maxRSS": 110792,
      "systemtime": 40150,
      "usertime": 4260018
     },
     "172506349994": {
      "maxRSS": 111048,
      "systemtime": 40151,
      "usertime": 4264039
     },
     "172506354168": {
      "maxRSS": 111304,
      "systemtime": 40151,
      "usertime": 4268056
     },
     "172506358337": {
      "maxRSS": 111432,
      "systemtime": 40151,
      "usertime": 4272074
     },
     "172506362519": {
      "maxRSS": 111688,
      "systemtime": 40151,
      "usertime": 4276097
     },
     "172506366620": {
      "maxRSS": 111816,
      "systemtime": 40152,
      "usertime": 4280280
     },
     "172506370759": {
      "maxRSS": 112072,
      "systemtime": 40152,
      "usertime": 4284237
     },
     "172506374872": {
      "maxRSS": 112328,
      "systemtime": 40152,
      "usertime": 4288211
     },
     "172506379034": {
      "maxRSS": 112456,
      "systemtime": 40152,
      "usertime": 4292254
     },
     "172506383163": {
      "maxRSS": 112712,
      "systemtime": 40152,
      "usertime": 4296294
     },
     "172506387277": {
      "maxRSS": 112968,
      "systemtime": 40152,
      "usertime": 4300328
     },
     "172506391441": {
      "maxRSS": 113096,
      "systemtime": 40152,
      "usertime": 4304365
     },
     "172506395579": {
      "maxRSS": 113352,
      "systemtime": 40152,
      "usertime": 4308405
     },
     "172506399685": {
      "maxRSS": 113608,
      "systemtime": 40152,
      "usertime": 4312412
     },
     "172506403768": {
      "maxRSS": 113736,
      "systemtime": 40152,
      "usertime": 4316428
     },
     "172506411914": {
      "maxRSS": 114120,
      "systemtime": 40152,
      "usertime": 4324474
     },
     "172506420046": {
      "maxRSS": 114504,
      "systemtime": 40153,
      "usertime": 4336548
     },
     "172506428156": {
      "maxRSS": 114760,
      "systemtime": 40153,
      "usertime": 4344537
     },
     "172506436329": {
      "maxRSS": 115144,
      "systemtime": 40153,
      "usertime": 4352576
     },
     "172506444427": {
      "maxRSS": 115528,
      "systemtime": 40153,
      "usertime": 4360608
     },
     "172506452735": {
      "maxRSS": 115912,
      "systemtime": 40153,
      "usertime": 4368643
     },
     "172506460987": {
      "maxRSS": 116296,
      "systemtime": 40153,
      "usertime": 4376670
     },
     "172506469159": {
      "maxRSS": 116680,
      "systemtime": 40153,
      "usertime": 4384691
     },
     "172506477360": {
      "maxRSS": 117192,
      "systemtime": 40153,
      "usertime": 4392715
     },
     "172506485560": {
      "maxRSS": 117576,
      "systemtime": 40153,
      "usertime": 4400762
     },
     "172506493788": {
      "maxRSS": 118088,
      "systemtime": 40153,
      "usertime": 4408813
     },
     "172506501984": {
      "maxRSS": 118472,
      "systemtime": 40153,
      "usertime": 4416847
     },
     "172506510197": {
      "maxRSS": 118856,
      "systemtime": 40153,
      "usertime": 4424890
     },
     "172506518429": {
      "maxRSS": 119112,
      "systemtime": 40153,
      "usertime": 4432926
     },
     "172506526683": {
      "maxRSS": 119496,
      "systemtime": 40153,
      "usertime": 4440966
     },
     "172506534850": {
      "maxRSS": 119880,
      "systemtime": 40153,
      "usertime": 4448997
     },
     "172506543087": {
      "maxRSS": 120264,
      "systemtime": 40153,
      "usertime": 4457070
     },
     "172506551284": {
      "maxRSS": 120648,
      "systemtime": 40153,
      "usertime": 4465098
     },
     "172506559484": {
      "maxRSS": 120904,
      "systemtime": 44169,
      "usertime": 4469165
     },
     "172506565320": {
      "maxRSS": 121032,
      "systemtime": 44206,
      "usertime": 4478306
     },
     "172506566503": {
      "maxRSS": 121032,
      "systemtime": 44206,
      "usertime": 4478336
     },
     "172506567706": {
      "maxRSS": 121032,
      "systemtime": 44206,
      "usertime": 4478357
     },
     "172506568391": {
      "maxRSS": 121032,
      "systemtime": 44206,
      "usertime": 4481516
     },
     "172506569541": {
      "maxRSS": 121288,
      "systemtime": 44206,
      "usertime": 4481542
     },
     "172506570816": {
      "maxRSS": 121800,
      "systemtime": 44206,
      "usertime": 4481564
     },
     "172506572045": {
      "maxRSS": 122184,
      "systemtime": 44206,
      "usertime": 4485273
     },
     "172506573215": {
      "maxRSS": 122568,
      "systemtime": 44206,
      "usertime": 4485291
     },
     "172506574389": {
      "maxRSS": 122824,
      "systemtime": 44206,
      "usertime": 4485308
     },
     "172506575582": {
      "maxRSS": 123208,
      "systemtime": 44206,
      "usertime": 4485338
     },
     "172506576758": {
      "maxRSS": 123592,
      "systemtime": 44206,
      "usertime": 4489354
     },
     "172506577842": {
      "maxRSS": 123976,
      "systemtime": 44206,
      "usertime": 4489371
     },
     "172506579016": {
      "maxRSS": 124360,
      "systemtime": 44206,
      "usertime": 4489388
     },
     "172506580054": {
      "maxRSS": 124616,
      "systemtime": 44206,
      "usertime": 4493405
     },
     "172506581364": {
      "maxRSS": 125000,
      "systemtime": 44206,
      "usertime": 4493429
     },
     "172506582553": {
      "maxRSS": 125384,
      "systemtime": 44206,
      "usertime": 4493462
     },
     "172506583833": {
      "maxRSS": 125768,
      "systemtime": 44206,
      "usertime": 4493485
     },
     "172506585000": {
      "maxRSS": 126152,
      "systemtime": 44206,
      "usertime": 4497504
     },
     "172506586196": {
      "maxRSS": 126536,
      "systemtime": 44206,
      "usertime": 4497524
     },
     "172506587425": {
      "maxRSS": 126792,
      "systemtime": 44206,
      "usertime": 4497546
     },
     "172506588603": {
      "maxRSS": 127176,
      "systemtime": 44206,
      "usertime": 4501563
     },
     "172506589776": {
      "maxRSS": 127560,
      "systemtime": 44206,
      "usertime": 4501581
     },
     "172506590974": {
      "maxRSS": 127944,
      "systemtime": 44206,
      "usertime": 4501618
     },
     "172506592037": {
      "maxRSS": 128328,
      "systemtime": 44206,
      "usertime": 4505635
     },
     "172506593227": {
      "maxRSS": 128584,
      "systemtime": 44206,
      "usertime": 4505652
     },
     "172506594424": {
      "maxRSS": 128968,
      "systemtime": 44206,
      "usertime": 4505677
     },
     "172506595511": {
      "maxRSS": 129224,
      "systemtime": 44206,
      "usertime": 4505700
     },
     "172506596667": {
      "maxRSS": 129608,
      "systemtime": 44206,
      "usertime": 4509788
     },
     "172506597911": {
      "maxRSS": 129992,
      "systemtime": 44206,
      "usertime": 4509820
     },
     "172506599081": {
      "maxRSS": 130248,
      "systemtime": 44206,
      "usertime": 4509838
     },
     "172506600121": {
      "maxRSS": 130632,
      "systemtime": 44206,
      "usertime": 4513788
     },
     "172506601292": {
      "maxRSS": 131016,
      "systemtime": 44206,
      "usertime": 4513805
     },
     "172506602418": {
      "maxRSS": 131272,
      "systemtime": 44206,
      "usertime": 4513822
     },
     "172506603602": {
      "maxRSS": 131656,
      "systemtime": 44206,
      "usertime": 4513840
     },
     "172506604811": {
      "maxRSS": 132040,
      "systemtime": 44206,
      "usertime": 4517932
     },
     "172506605986": {
      "maxRSS": 132424,
      "systemtime": 44206,
      "usertime": 4517951
     },
     "172506607153": {
      "maxRSS": 132808,
      "systemtime": 44206,
      "usertime": 4517968
     },
     "172506608235": {
      "maxRSS": 133064,
      "systemtime": 44206,
      "usertime": 4521911
     },
     "172506609415": {
      "maxRSS": 133448,
      "systemtime": 44206,
      "usertime": 4521928
     },
     "172506610532": {
      "maxRSS": 133704,
      "systemtime": 44206,
      "usertime": 4521951
     },
     "172506611659": {
      "maxRSS": 133960,
      "systemtime": 44206,
      "usertime": 4521992
     },
     "172506612853": {
      "maxRSS": 134216,
      "systemtime": 48192,
      "usertime": 4522087
     },
     "172506614040": {
      "maxRSS": 134600,
      "systemtime": 48192,
      "usertime": 4522105
     },
     "172506615215": {
      "maxRSS": 134984,
      "systemtime": 48193,
      "usertime": 4522126
     },
     "172506616341": {
      "maxRSS": 135368,
      "systemtime": 48193,
      "usertime": 4526085
     },
     "172506617520": {
      "maxRSS": 135752,
      "systemtime": 48193,
      "usertime": 4526102
     },
     "172506618702": {
      "maxRSS": 136136,
      "systemtime": 48193,
      "usertime": 4526118
     },
     "172506619797": {
      "maxRSS": 136392,
      "systemtime": 48193,
      "usertime": 4526148
     },
     "172506620965": {
      "maxRSS": 136776,
      "systemtime": 48193,
      "usertime": 4530164
     },
     "172506622135": {
      "maxRSS": 137160,
      "systemtime": 48193,
      "usertime": 4530180
     },
     "172506623314": {
      "maxRSS": 137544,
      "systemtime": 48193,
      "usertime": 4530197
     },
     "172506624532": {
      "maxRSS": 137928,
      "systemtime": 48193,
      "usertime": 4534213
     },
     "172506625623": {
      "maxRSS": 138184,
      "systemtime": 48193,
      "usertime": 4534230
     },
     "172506626757": {
      "maxRSS": 138568,
      "systemtime": 48194,
      "usertime": 4534258
     },
     "172506627859": {
      "maxRSS": 138824,
      "systemtime": 48194,
      "usertime": 4534277
     },
     "172506629110": {
      "maxRSS": 139208,
      "systemtime": 48194,
      "usertime": 4538295
     },
     "172506630284": {
      "maxRSS": 139592,
      "systemtime": 48194,
      "usertime": 4538311
     },
     "172506631453": {
      "maxRSS": 139976,
      "systemtime": 48194,
      "usertime": 4538328
     },
     "172506632746": {
      "maxRSS": 140360,
      "systemtime": 48194,
      "usertime": 4542343
     },
     "172506633931": {
      "maxRSS": 140616,
      "systemtime": 48194,
      "usertime": 4542370
     },
     "172506635107": {
      "maxRSS": 141000,
      "systemtime": 48195,
      "usertime": 4542387
     },
     "172506636246": {
      "maxRSS": 141384,
      "systemtime": 48195,
      "usertime": 4546407
     },
     "172506637430": {
      "maxRSS": 141768,
      "systemtime": 48195,
      "usertime": 4546426
     },
     "172506638593": {
      "maxRSS": 142152,
      "systemtime": 48195,
      "usertime": 4546444
     },
     "172506639772": {
      "maxRSS": 142408,
      "systemtime": 48195,
      "usertime": 4546461
     },
     "172506640952": {
      "maxRSS": 142792,
      "systemtime": 48196,
      "usertime": 4550542
     },
     "172506642044": {
      "maxRSS": 143048,
      "systemtime": 48196,
      "usertime": 4550559
     },
     "172506643201": {
      "maxRSS": 143432,
      "systemtime": 48196,
      "usertime": 4550581
     },
     "172506644296": {
      "maxRSS": 143688,
      "systemtime": 48196,
      "usertime": 4554553
     },
     "172506645473": {
      "maxRSS": 143944,
      "systemtime": 48196,
      "usertime": 4554572
     },
     "172506646694": {
      "maxRSS": 144328,
      "systemtime": 48196,
      "usertime": 4554594
     },
     "172506647795": {
      "maxRSS": 144712,
      "systemtime": 48196,
      "usertime": 4554609
     },
     "172506648915": {
      "maxRSS": 144968,
      "systemtime": 52213,
      "usertime": 4554618
     },
     "172506650013": {
      "maxRSS": 145352,
      "systemtime": 52213,
      "usertime": 4554625
     },
     "172506651109": {
      "maxRSS": 145608,
      "systemtime": 52213,
      "usertime": 4554632
     },
     "172506652173": {
      "maxRSS": 145992,
      "systemtime": 52213,
      "usertime": 4558636
     },
     "172506653267": {
      "maxRSS": 146248,
      "systemtime": 52213,
      "usertime": 4558653
     },
     "172506654401": {
      "maxRSS": 146632,
      "systemtime": 52214,
      "usertime": 4558686
     },
     "172506655516": {
      "maxRSS": 147016,
      "systemtime": 52214,
      "usertime": 4558708
     },
     "172506656680": {
      "maxRSS": 147272,
      "systemtime": 52214,
      "usertime": 4562727
     },
     "172506657765": {
      "maxRSS": 147656,
      "systemtime": 52214,
      "usertime": 4562744
     },
     "172506658866": {
      "maxRSS": 148040,
      "systemtime": 52214,
      "usertime": 4562757
     },
     "172506660082": {
      "maxRSS": 148424,
      "systemtime": 52214,
      "usertime": 4566763
     },
     "172506661169": {
      "maxRSS": 148680,
      "systemtime": 52214,
      "usertime": 4566783
     },
     "172506662360": {
      "maxRSS": 149064,
      "systemtime": 52215,
      "usertime": 4566816
     },
     "172506663491": {
      "maxRSS": 149448,
      "systemtime": 52215,
      "usertime": 4566834
     },
     "172506664693": {
      "maxRSS": 149832,
      "systemtime": 52215,
      "usertime": 4570853
     },
     "172506665858": {
      "maxRSS": 150088,
      "systemtime": 52215,
      "usertime": 4570884
     },
     "172506666960": {
      "maxRSS": 150472,
      "systemtime": 52215,
      "usertime": 4570896
     },
     "172506668054": {
      "maxRSS": 150728,
      "systemtime": 56223,
      "usertime": 4570896
     },
     "172506669168": {
      "maxRSS": 151240,
      "systemtime": 56232,
      "usertime": 4570908
     },
     "172506670332": {
      "maxRSS": 151496,
      "systemtime": 56232,
      "usertime": 4570921
     },
     "172506671496": {
      "maxRSS": 151880,
      "systemtime": 56232,
      "usertime": 4570939
     },
     "172506672759": {
      "maxRSS": 152264,
      "systemtime": 56234,
      "usertime": 4575078
     },
     "172506673932": {
      "maxRSS": 152648,
      "systemtime": 56234,
      "usertime": 4575095
     },
     "172506675106": {
      "maxRSS": 153032,
      "systemtime": 56234,
      "usertime": 4575112
     },
     "172506676190": {
      "maxRSS": 153288,
      "systemtime": 56234,
      "usertime": 4579008
     },
     "172506677305": {
      "maxRSS": 153544,
      "systemtime": 56234,
      "usertime": 4579036
     },
     "172506678482": {
      "maxRSS": 153928,
      "systemtime": 56234,
      "usertime": 4579056
     },
     "172506679661": {
      "maxRSS": 154312,
      "systemtime": 56234,
      "usertime": 4579075
     },
     "172506680831": {
      "maxRSS": 154568,
      "systemtime": 56234,
      "usertime": 4583151
     },
     "172506681996": {
      "maxRSS": 154952,
      "systemtime": 56235,
      "usertime": 4583168
     },
     "172506683083": {
      "maxRSS": 155336,
      "systemtime": 56235,
      "usertime": 4583185
     },
     "172506684125": {
      "maxRSS": 155592,
      "systemtime": 56235,
      "usertime": 4587156
     },
     "172506685308": {
      "maxRSS": 155976,
      "systemtime": 56235,
      "usertime": 4587182
     },
     "172506686472": {
      "maxRSS": 156360,
      "systemtime": 56235,
      "usertime": 4587199
     },
     "172506687656": {
      "maxRSS": 156744,
      "systemtime": 56235,
      "usertime": 4587216
     },
     "172506688841": {
      "maxRSS": 157128,
      "systemtime": 56235,
      "usertime": 4591233
     },
     "172506690009": {
      "maxRSS": 157512,
      "systemtime": 56235,
      "usertime": 4591250
     },
     "172506691186": {
      "maxRSS": 157896,
      "systemtime": 56236,
      "usertime": 4591277
     },
     "172506692279": {
      "maxRSS": 158152,
      "systemtime": 56236,
      "usertime": 4595308
     },
     "172506693400": {
      "maxRSS": 158280,
      "systemtime": 56236,
      "usertime": 4595331
     },
     "172506694684": {
      "maxRSS": 158664,
      "systemtime": 56236,
      "usertime": 4595354
     },
     "172506695855": {
      "maxRSS": 159048,
      "systemtime": 56237,
      "usertime": 4595373
     },
     "172506697036": {
      "maxRSS": 159432,
      "systemtime": 56237,
      "usertime": 4599420
     },
     "172506698228": {
      "maxRSS": 159816,
      "systemtime": 56237,
      "usertime": 4599453
     },
     "172506699398": {
      "maxRSS": 160072,
      "systemtime": 56238,
      "usertime": 4599470
     },
     "172506700569": {
      "maxRSS": 160456,
      "systemtime": 56238,
      "usertime": 4603446
     },
     "172506701745": {
      "maxRSS": 160840,
      "systemtime": 56238,
      "usertime": 4603463
     },
     "172506702848": {
      "maxRSS": 161096,
      "systemtime": 56238,
      "usertime": 4603480
     },
     "172506704162": {
      "maxRSS": 161608,
      "systemtime": 56238,
      "usertime": 4607496
     },
     "172506705332": {
      "maxRSS": 161864,
      "systemtime": 56238,
      "usertime": 4607514
     },
     "172506706513": {
      "maxRSS": 162248,
      "systemtime": 56238,
      "usertime": 4607545
     },
     "172506707688": {
      "maxRSS": 162632,
      "systemtime": 56238,
      "usertime": 4607563
     },
     "172506708861": {
      "maxRSS": 162888,
      "systemtime": 56238,
      "usertime": 4611581
     },
     "172506709956": {
      "maxRSS": 163272,
      "systemtime": 56239,
      "usertime": 4611601
     },
     "172506711087": {
      "maxRSS": 163528,
      "systemtime": 56239,
      "usertime": 4611619
     },
     "172506712132": {
      "maxRSS": 163912,
      "systemtime": 56239,
      "usertime": 4615636
     },
     "172506713243": {
      "maxRSS": 164168,
      "systemtime": 56239,
      "usertime": 4615669
     },
     "172506714347": {
      "maxRSS": 164552,
      "systemtime": 56239,
      "usertime": 4615682
     },
     "172506715443": {
      "maxRSS": 164936,
      "systemtime": 56239,
      "usertime": 4615689
     },
     "172506717606": {
      "maxRSS": 165576,
      "systemtime": 56239,
      "usertime": 4619700
     },
     "172506719695": {
      "maxRSS": 166216,
      "systemtime": 56240,
      "usertime": 4619721
     },
     "172506721864": {
      "maxRSS": 166856,
      "systemtime": 56240,
      "usertime": 4623736
     },
     "172506723966": {
      "maxRSS": 167496,
      "systemtime": 56240,
      "usertime": 4623765
     },
     "172506726197": {
      "maxRSS": 168136,
      "systemtime": 56240,
      "usertime": 4627797
     },
     "172506728336": {
      "maxRSS": 168776,
      "systemtime": 56240,
      "usertime": 4631816
     },
     "172506730510": {
      "maxRSS": 169416,
      "systemtime": 56240,
      "usertime": 4631833
     },
     "172506732681": {
      "maxRSS": 170056,
      "systemtime": 56240,
      "usertime": 4635850
     },
     "172506734933": {
      "maxRSS": 170824,
      "systemtime": 56241,
      "usertime": 4635867
     },
     "172506737201": {
      "maxRSS": 171464,
      "systemtime": 56241,
      "usertime": 4639902
     },
     "172506739463": {
      "maxRSS": 172232,
      "systemtime": 56241,
      "usertime": 4639919
     },
     "172506741691": {
      "maxRSS": 172872,
      "systemtime": 60258,
      "usertime": 4639929
     },
     "172506743784": {
      "maxRSS": 173384,
      "systemtime": 60259,
      "usertime": 4639954
     },
     "172506745996": {
      "maxRSS": 174024,
      "systemtime": 60259,
      "usertime": 4643974
     },
     "172506748146": {
      "maxRSS": 174664,
      "systemtime": 60260,
      "usertime": 4648066
     },
     "172506750326": {
      "maxRSS": 175304,
      "systemtime": 60260,
      "usertime": 4648083
     },
     "172506752518": {
      "maxRSS": 175944,
      "systemtime": 60260,
      "usertime": 4652046
     },
     "172506754653": {
      "maxRSS": 176584,
      "systemtime": 60260,
      "usertime": 4652068
     },
     "172506756901": {
      "maxRSS": 177224,
      "systemtime": 60260,
      "usertime": 4656134
     },
     "172506759073": {
      "maxRSS": 177864,
      "systemtime": 60260,
      "usertime": 4656153
     },
     "172506761248": {
      "maxRSS": 178504,
      "systemtime": 60260,
      "usertime": 4660136
     },
     "172506763467": {
      "maxRSS": 179272,
      "systemtime": 60260,
      "usertime": 4660154
     },
     "172506765658": {
      "maxRSS": 179912,
      "systemtime": 60260,
      "usertime": 4664193
     },
     "172506767840": {
      "maxRSS": 180552,
      "systemtime": 60261,
      "usertime": 4664215
     },
     "172506770032": {
      "maxRSS": 181192,
      "systemtime": 60261,
      "usertime": 4668231
     },
     "172506772109": {
      "maxRSS": 181832,
      "systemtime": 60261,
      "usertime": 4672248
     },
     "172506774270": {
      "maxRSS": 182472,
      "systemtime": 60261,
      "usertime": 4672265
     },
     "172506776401": {
      "maxRSS": 183112,
      "systemtime": 60261,
      "usertime": 4676283
     },
     "172506778526": {
      "maxRSS": 183752,
      "systemtime": 60261,
      "usertime": 4676315
     },
     "172506780624": {
      "maxRSS": 184392,
      "systemtime": 60261,
      "usertime": 4680346
     },
     "172506782772": {
      "maxRSS": 185032,
      "systemtime": 60262,
      "usertime": 4680386
     },
     "172506784978": {
      "maxRSS": 185032,
      "systemtime": 60267,
      "usertime": 4684819
     },
     "172506786285": {
      "maxRSS": 185032,
      "systemtime": 60291,
      "usertime": 4686672
     },
     "172506787486": {
      "maxRSS": 185032,
      "systemtime": 60292,
      "usertime": 4686750
     },
     "172506788701": {
      "maxRSS": 185032,
      "systemtime": 60292,
      "usertime": 4688578
     },
     "172506789872": {
      "maxRSS": 185032,
      "systemtime": 60292,
      "usertime": 4688595
     },
     "172506790958": {
      "maxRSS": 185032,
      "systemtime": 60292,
      "usertime": 4688612
     },
     "172506792126": {
      "maxRSS": 185032,
      "systemtime": 60292,
      "usertime": 4692564
     },
     "172506793271": {
      "maxRSS": 185032,
      "systemtime": 60292,
      "usertime": 4692594
     },
     "172506794403": {
      "maxRSS": 185032,
      "systemtime": 60292,
      "usertime": 4692641
     },
     "172506795711": {
      "maxRSS": 185032,
      "systemtime": 60292,
      "usertime": 4692697
     },
     "172506796891": {
      "maxRSS": 185032,
      "systemtime": 60292,
      "usertime": 4696788
     },
     "172506798079": {
      "maxRSS": 185032,
      "systemtime": 60292,
      "usertime": 4696808
     },
     "172506799261": {
      "maxRSS": 185032,
      "systemtime": 60292,
      "usertime": 4696828
     },
     "172506800401": {
      "maxRSS": 185032,
      "systemtime": 60292,
      "usertime": 4700788
     },
     "172506801584": {
      "maxRSS": 185032,
      "systemtime": 60292,
      "usertime": 4700809
     },
     "172506802719": {
      "maxRSS": 185032,
      "systemtime": 60292,
      "usertime": 4700828
     },
     "172506803852": {
      "maxRSS": 185032,
      "systemtime": 60292,
      "usertime": 4700880
     },
     "172506805029": {
      "maxRSS": 185032,
      "systemtime": 60292,
      "usertime": 4704900
     },
     "172506806211": {
      "maxRSS": 185032,
      "systemtime": 60292,
      "usertime": 4704919
     },
     "172506807386": {
      "maxRSS": 185032,
      "systemtime": 60292,
      "usertime": 4704937
     },
     "172506808567": {
      "maxRSS": 185032,
      "systemtime": 60292,
      "usertime": 4709011
     },
     "172506809718": {
      "maxRSS": 185032,
      "systemtime": 60292,
      "usertime": 4709050
     },
     "172506810958": {
      "maxRSS": 185032,
      "systemtime": 60292,
      "usertime": 4709104
     },
     "172506812082": {
      "maxRSS": 185032,
      "systemtime": 60292,
      "usertime": 4713077
     },
     "172506813182": {
      "maxRSS": 185032,
      "systemtime": 60292,
      "usertime": 4713108
     },
     "172506814355": {
      "maxRSS": 185032,
      "systemtime": 60292,
      "usertime": 4713129
     },
     "172506815530": {
      "maxRSS": 185032,
      "systemtime": 60292,
      "usertime": 4713148
     },
     "172506816700": {
      "maxRSS": 185032,
      "systemtime": 60292,
      "usertime": 4717156
     },
     "172506817867": {
      "maxRSS": 185032,
      "systemtime": 60292,
      "usertime": 4717199
     },
     "172506819038": {
      "maxRSS": 185032,
      "systemtime": 60292,
      "usertime": 4717215
     },
     "172506820145": {
      "maxRSS": 185032,
      "systemtime": 60292,
      "usertime": 4721251
     },
     "172506821237": {
      "maxRSS": 185032,
      "systemtime": 60292,
      "usertime": 4721268
     },
     "172506822480": {
      "maxRSS": 185032,
      "systemtime": 60292,
      "usertime": 4721287
     },
     "172506823682": {
      "maxRSS": 185032,
      "systemtime": 60292,
      "usertime": 4721305
     },
     "172506824886": {
      "maxRSS": 185032,
      "systemtime": 60292,
      "usertime": 4725347
     },
     "172506826061": {
      "maxRSS": 185032,
      "systemtime": 60292,
      "usertime": 4725364
     },
     "172506827144": {
      "maxRSS": 185032,
      "systemtime": 60292,
      "usertime": 4725381
     },
     "172506828215": {
      "maxRSS": 185032,
      "systemtime": 60292,
      "usertime": 4729401
     },
     "172506829319": {
      "maxRSS": 185032,
      "systemtime": 60292,
      "usertime": 4729410
     },
     "172506830415": {
      "maxRSS": 185032,
      "systemtime": 60292,
      "usertime": 4729418
     },
     "172506831512": {
      "maxRSS": 185032,
      "systemtime": 60292,
      "usertime": 4729424
     },
     "172506832643": {
      "maxRSS": 185032,
      "systemtime": 60292,
      "usertime": 4733455
     },
     "172506833752": {
      "maxRSS": 185032,
      "systemtime": 60292,
      "usertime": 4733465
     },
     "172506834851": {
      "maxRSS": 185032,
      "systemtime": 60292,
      "usertime": 4733474
     },
     "172506835946": {
      "maxRSS": 185032,
      "systemtime": 60292,
      "usertime": 4733481
     },
     "172506837166": {
      "maxRSS": 185032,
      "systemtime": 60292,
      "usertime": 4737503
     },
     "172506838269": {
      "maxRSS": 185032,
      "systemtime": 60292,
      "usertime": 4737513
     },
     "172506839468": {
      "maxRSS": 185032,
      "systemtime": 60292,
      "usertime": 4737540
     },
     "172506840650": {
      "maxRSS": 185032,
      "systemtime": 60292,
      "usertime": 4741559
     },
     "172506841762": {
      "maxRSS": 185032,
      "systemtime": 60292,
      "usertime": 4741574
     },
     "172506842932": {
      "maxRSS": 185032,
      "systemtime": 60292,
      "usertime": 4741588
     },
     "172506844044": {
      "maxRSS": 185032,
      "systemtime": 60292,
      "usertime": 4745653
     },
     "172506845145": {
      "maxRSS": 185032,
      "systemtime": 60292,
      "usertime": 4745677
     },
     "172506846293": {
      "maxRSS": 185032,
      "systemtime": 60292,
      "usertime": 4745719
     },
     "172506847391": {
      "maxRSS": 185032,
      "systemtime": 60292,
      "usertime": 4745741
     },
     "172506848464": {
      "maxRSS": 185032,
      "systemtime": 60292,
      "usertime": 4749738
     },
     "172506849529": {
      "maxRSS": 185032,
      "systemtime": 60292,
      "usertime": 4749746
     },
     "172506850592": {
      "maxRSS": 185032,
      "systemtime": 60292,
      "usertime": 4749753
     },
     "172506851694": {
      "maxRSS": 185032,
      "systemtime": 60292,
      "usertime": 4749763
     },
     "172506852806": {
      "maxRSS": 185032,
      "systemtime": 60292,
      "usertime": 4753794
     },
     "172506853905": {
      "maxRSS": 185032,
      "systemtime": 60292,
      "usertime": 4753816
     },
     "172506855063": {
      "maxRSS": 185032,
      "systemtime": 60292,
      "usertime": 4753841
     },
     "172506856133": {
      "maxRSS": 185032,
      "systemtime": 60292,
      "usertime": 4757861
     },
     "172506857232": {
      "maxRSS": 185032,
      "systemtime": 60292,
      "usertime": 4757870
     },
     "172506858334": {
      "maxRSS": 185032,
      "systemtime": 60292,
      "usertime": 4757879
     },
     "172506859435": {
      "maxRSS": 185032,
      "systemtime": 60292,
      "usertime": 4757889
     },
     "172506860538": {
      "maxRSS": 185032,
      "systemtime": 60292,
      "usertime": 4757928
     },
     "172506861626": {
      "maxRSS": 185032,
      "systemtime": 60292,
      "usertime": 4757948
     },
     "172506862700": {
      "maxRSS": 185032,
      "systemtime": 60292,
      "usertime": 4757964
     },
     "172506863887": {
      "maxRSS": 185032,
      "systemtime": 60292,
      "usertime": 4757979
     },
     "172506865098": {
      "maxRSS": 185032,
      "systemtime": 60292,
      "usertime": 4761659
     },
     "172506866305": {
      "maxRSS": 185032,
      "systemtime": 60292,
      "usertime": 4761677
     },
     "172506867501": {
      "maxRSS": 185032,
      "systemtime": 60292,
      "usertime": 4761714
     },
     "172506868679": {
      "maxRSS": 185032,
      "systemtime": 60292,
      "usertime": 4765731
     },
     "172506869819": {
      "maxRSS": 185032,
      "systemtime": 60292,
      "usertime": 4765752
     },
     "172506871043": {
      "maxRSS": 185032,
      "systemtime": 60292,
      "usertime": 4765786
     },
     "172506872114": {
      "maxRSS": 185032,
      "systemtime": 60292,
      "usertime": 4769797
     },
     "172506873226": {
      "maxRSS": 185032,
      "systemtime": 60292,
      "usertime": 4769810
     },
     "172506874308": {
      "maxRSS": 185032,
      "systemtime": 60292,
      "usertime": 4769834
     },
     "172506875407": {
      "maxRSS": 185032,
      "systemtime": 60292,
      "usertime": 4769842
     },
     "172506876471": {
      "maxRSS": 185032,
      "systemtime": 60292,
      "usertime": 4773849
     },
     "172506877566": {
      "maxRSS": 185032,
      "systemtime": 60292,
      "usertime": 4773855
     },
     "172506878778": {
      "maxRSS": 185032,
      "systemtime": 60292,
      "usertime": 4773870
     },
     "172506879950": {
      "maxRSS": 185032,
      "systemtime": 60292,
      "usertime": 4773887
     },
     "172506881158": {
      "maxRSS": 185032,
      "systemtime": 60292,
      "usertime": 4777923
     },
     "172506882333": {
      "maxRSS": 185032,
      "systemtime": 60292,
      "usertime": 4777940
     },
     "172506883417": {
      "maxRSS": 185032,
      "systemtime": 60292,
      "usertime": 4777957
     },
     "172506884598": {
      "maxRSS": 185032,
      "systemtime": 60292,
      "usertime": 4781975
     },
     "172506885681": {
      "maxRSS": 185032,
      "systemtime": 60292,
      "usertime": 4781992
     },
     "172506886871": {
      "maxRSS": 185032,
      "systemtime": 60292,
      "usertime": 4782014
     },
     "172506888063": {
      "maxRSS": 185032,
      "systemtime": 60292,
      "usertime": 4782051
     },
     "172506889262": {
      "maxRSS": 185032,
      "systemtime": 60292,
      "usertime": 4786160
     },
     "172506890434": {
      "maxRSS": 185032,
      "systemtime": 60292,
      "usertime": 4786178
     },
     "172506891607": {
      "maxRSS": 185032,
      "systemtime": 60292,
      "usertime": 4786196
     },
     "172506892887": {
      "maxRSS": 185032,
      "systemtime": 60292,
      "usertime": 4790140
     },
     "172506894113": {
      "maxRSS": 185032,
      "systemtime": 60292,
      "usertime": 4790160
     },
     "172506895284": {
      "maxRSS": 185032,
      "systemtime": 60292,
      "usertime": 4790178
     },
     "172506896497": {
      "maxRSS": 185032,
      "systemtime": 60292,
      "usertime": 4794264
     },
     "172506897635": {
      "maxRSS": 185032,
      "systemtime": 60292,
      "usertime": 4794282
     },
     "172506898804": {
      "maxRSS": 185032,
      "systemtime": 60292,
      "usertime": 4794300
     },
     "172506899982": {
      "maxRSS": 185032,
      "systemtime": 60292,
      "usertime": 4794317
     },
     "172506901163": {
      "maxRSS": 185032,
      "systemtime": 60292,
      "usertime": 4798277
     },
     "172506902273": {
      "maxRSS": 185032,
      "systemtime": 60292,
      "usertime": 4798295
     },
     "172506903416": {
      "maxRSS": 185032,
      "systemtime": 60292,
      "usertime": 4798325
     },
     "172506904591": {
      "maxRSS": 185032,
      "systemtime": 60292,
      "usertime": 4802346
     },
     "172506905768": {
      "maxRSS": 185032,
      "systemtime": 60292,
      "usertime": 4802363
     },
     "172506907011": {
      "maxRSS": 185032,
      "systemtime": 60292,
      "usertime": 4802380
     },
     "172506908140": {
      "maxRSS": 185032,
      "systemtime": 60292,
      "usertime": 4806404
     },
     "172506909235": {
      "maxRSS": 185032,
      "systemtime": 60292,
      "usertime": 4806422
     },
     "172506910425": {
      "maxRSS": 185032,
      "systemtime": 60292,
      "usertime": 4806455
     },
     "172506911682": {
      "maxRSS": 185032,
      "systemtime": 60292,
      "usertime": 4806473
     },
     "172506912872": {
      "maxRSS": 185032,
      "systemtime": 60292,
      "usertime": 4810483
     },
     "172506914050": {
      "maxRSS": 185032,
      "systemtime": 60292,
      "usertime": 4810500
     },
     "172506915222": {
      "maxRSS": 185032,
      "systemtime": 60292,
      "usertime": 4810517
     },
     "172506916303": {
      "maxRSS": 185032,
      "systemtime": 60292,
      "usertime": 4814533
     },
     "172506917470": {
      "maxRSS": 185032,
      "systemtime": 60292,
      "usertime": 4814549
     },
     "172506918682": {
      "maxRSS": 185032,
      "systemtime": 60292,
      "usertime": 4814582
     },
     "172506919829": {
      "maxRSS": 185032,
      "systemtime": 60292,
      "usertime": 4814610
     },
     "172506920980": {
      "maxRSS": 185032,
      "systemtime": 60292,
      "usertime": 4818650
     },
     "172506922225": {
      "maxRSS": 185032,
      "systemtime": 60292,
      "usertime": 4818667
     },
     "172506923317": {
      "maxRSS": 185032,
      "systemtime": 60292,
      "usertime": 4818685
     },
     "172506924387": {
      "maxRSS": 185032,
      "systemtime": 60292,
      "usertime": 4822736
     },
     "172506925527": {
      "maxRSS": 185032,
      "systemtime": 60292,
      "usertime": 4822787
     },
     "172506926680": {
      "maxRSS": 185032,
      "systemtime": 60292,
      "usertime": 4822801
     },
     "172506927771": {
      "maxRSS": 185032,
      "systemtime": 60292,
      "usertime": 4822820
     },
     "172506928978": {
      "maxRSS": 185032,
      "systemtime": 60292,
      "usertime": 4826778
     },
     "172506930162": {
      "maxRSS": 185032,
      "systemtime": 60292,
      "usertime": 4826796
     },
     "172506931336": {
      "maxRSS": 185032,
      "systemtime": 60292,
      "usertime": 4826814
     },
     "172506932581": {
      "maxRSS": 185160,
      "systemtime": 60292,
      "usertime": 4830868
     },
     "172506934719": {
      "maxRSS": 185160,
      "systemtime": 60292,
      "usertime": 4830887
     },
     "172506936803": {
      "maxRSS": 185160,
      "systemtime": 60292,
      "usertime": 4834917
     },
     "172506938927": {
      "maxRSS": 185160,
      "systemtime": 60292,
      "usertime": 4834935
     },
     "172506941038": {
      "maxRSS": 185160,
      "systemtime": 60292,
      "usertime": 4838944
     },
     "172506943112": {
      "maxRSS": 185160,
      "systemtime": 60292,
      "usertime": 4838958
     },
     "172506945241": {
      "maxRSS": 185160,
      "systemtime": 60292,
      "usertime": 4842992
     },
     "172506947312": {
      "maxRSS": 185160,
      "systemtime": 60292,
      "usertime": 4843004
     },
     "172506949459": {
      "maxRSS": 185160,
      "systemtime": 60292,
      "usertime": 4847024
     },
     "172506951591": {
      "maxRSS": 185160,
      "systemtime": 60292,
      "usertime": 4847045
     },
     "172506953826": {
      "maxRSS": 185160,
      "systemtime": 60292,
      "usertime": 4851105
     },
     "172506955931": {
      "maxRSS": 185160,
      "systemtime": 60292,
      "usertime": 4851116
     },
     "172506958028": {
      "maxRSS": 185160,
      "systemtime": 60292,
      "usertime": 4855100
     },
     "172506960122": {
      "maxRSS": 185160,
      "systemtime": 60292,
      "usertime": 4859122
     },
     "172506962224": {
      "maxRSS": 185160,
      "systemtime": 60292,
      "usertime": 4859132
     },
     "172506964294": {
      "maxRSS": 185160,
      "systemtime": 60292,
      "usertime": 4863145
     },
     "172506966433": {
      "maxRSS": 185160,
      "systemtime": 60292,
      "usertime": 4863164
     },
     "172506968620": {
      "maxRSS": 185160,
      "systemtime": 60292,
      "usertime": 4867185
     },
     "172506970848": {
      "maxRSS": 185160,
      "systemtime": 60292,
      "usertime": 4867215
     },
     "172506972974": {
      "maxRSS": 185160,
      "systemtime": 60292,
      "usertime": 4871252
     },
     "172506975070": {
      "maxRSS": 185160,
      "systemtime": 60292,
      "usertime": 4871260
     },
     "172506977167": {
      "maxRSS": 185160,
      "systemtime": 60292,
      "usertime": 4875266
     },
     "172506979273": {
      "maxRSS": 185160,
      "systemtime": 60292,
      "usertime": 4875278
     },
     "172506981392": {
      "maxRSS": 185160,
      "systemtime": 60292,
      "usertime": 4879299
     },
     "172506983533": {
      "maxRSS": 185160,
      "systemtime": 60292,
      "usertime": 4879326
     },
     "172506985669": {
      "maxRSS": 185160,
      "systemtime": 60292,
      "usertime": 4883451
     },
     "172506987873": {
      "maxRSS": 185160,
      "systemtime": 60292,
      "usertime": 4883469
     },
     "172506990053": {
      "maxRSS": 185160,
      "systemtime": 60292,
      "usertime": 4887409
     },
     "172506992133": {
      "maxRSS": 185160,
      "systemtime": 60292,
      "usertime": 4891423
     },
     "172506994313": {
      "maxRSS": 185160,
      "systemtime": 60292,
      "usertime": 4891443
     },
     "172506996448": {
      "maxRSS": 185160,
      "systemtime": 60292,
      "usertime": 4895462
     },
     "172506998672": {
      "maxRSS": 185160,
      "systemtime": 60292,
      "usertime": 4895511
     },
     "172507000773": {
      "maxRSS": 185160,
      "systemtime": 60292,
      "usertime": 4899522
     },
     "172507002849": {
      "maxRSS": 185160,
      "systemtime": 60292,
      "usertime": 4899534
     },
     "172507005019": {
      "maxRSS": 185160,
      "systemtime": 60292,
      "usertime": 4903618
     },
     "172507007178": {
      "maxRSS": 185160,
      "systemtime": 60292,
      "usertime": 4903635
     },
     "172507009350": {
      "maxRSS": 185160,
      "systemtime": 60292,
      "usertime": 4907584
     },
     "172507011517": {
      "maxRSS": 185160,
      "systemtime": 60292,
      "usertime": 4907601
     },
     "172507013713": {
      "maxRSS": 185160,
      "systemtime": 60292,
      "usertime": 4911633
     },
     "172507015886": {
      "maxRSS": 185160,
      "systemtime": 60292,
      "usertime": 4911650
     },
     "172507018125": {
      "maxRSS": 185160,
      "systemtime": 60292,
      "usertime": 4915669
     },
     "172507020216": {
      "maxRSS": 185160,
      "systemtime": 60292,
      "usertime": 4919752
     },
     "172507022433": {
      "maxRSS": 185160,
      "systemtime": 60292,
      "usertime": 4919776
     },
     "172507024618": {
      "maxRSS": 185160,
      "systemtime": 60292,
      "usertime": 4923734
     },
     "172507026814": {
      "maxRSS": 185160,
      "systemtime": 60292,
      "usertime": 4923774
     },
     "172507028992": {
      "maxRSS": 185160,
      "systemtime": 60292,
      "usertime": 4927793
     },
     "172507031159": {
      "maxRSS": 185160,
      "systemtime": 60292,
      "usertime": 4927810
     },
     "172507033249": {
      "maxRSS": 185160,
      "systemtime": 60292,
      "usertime": 4931825
     },
     "172507035382": {
      "maxRSS": 185160,
      "systemtime": 60292,
      "usertime": 4931846
     },
     "172507037575": {
      "maxRSS": 185160,
      "systemtime": 60292,
      "usertime": 4935878
     },
     "172507039768": {
      "maxRSS": 185160,
      "systemtime": 60292,
      "usertime": 4935916
     },
     "172507041939": {
      "maxRSS": 185160,
      "systemtime": 60292,
      "usertime": 4939923
     },
     "172507044127": {
      "maxRSS": 185160,
      "systemtime": 60292,
      "usertime": 4943937
     },
     "172507046294": {
      "maxRSS": 185160,
      "systemtime": 60292,
      "usertime": 4943955
     },
     "172507048438": {
      "maxRSS": 185160,
      "systemtime": 60292,
      "usertime": 4947974
     },
     "172507050523": {
      "maxRSS": 185160,
      "systemtime": 60292,
      "usertime": 4947992
     },
     "172507052653": {
      "maxRSS": 185160,
      "systemtime": 60292,
      "usertime": 4952026
     },
     "172507054758": {
      "maxRSS": 185160,
      "systemtime": 60292,
      "usertime": 4952040
     },
     "172507056825": {
      "maxRSS": 185160,
      "systemtime": 60292,
      "usertime": 4956050
     },
     "172507058922": {
      "maxRSS": 185160,
      "systemtime": 60292,
      "usertime": 4956057
     },
     "172507061015": {
      "maxRSS": 185160,
      "systemtime": 60292,
      "usertime": 4960074
     },
     "172507063160": {
      "maxRSS": 185160,
      "systemtime": 60292,
      "usertime": 4960102
     },
     "172507065345": {
      "maxRSS": 185160,
      "systemtime": 60293,
      "usertime": 4964136
     },
     "172507067561": {
      "maxRSS": 185160,
      "systemtime": 60293,
      "usertime": 4964181
     },
     "172507069649": {
      "maxRSS": 185160,
      "systemtime": 60294,
      "usertime": 4968265
     },
     "172507071849": {
      "maxRSS": 185160,
      "systemtime": 60294,
      "usertime": 4968283
     },
     "172507074019": {
      "maxRSS": 185160,
      "systemtime": 60294,
      "usertime": 4972240
     },
     "172507076112": {
      "maxRSS": 185160,
      "systemtime": 60294,
      "usertime": 4976258
     },
     "172507078286": {
      "maxRSS": 185160,
      "systemtime": 60294,
      "usertime": 4976275
     },
     "172507080461": {
      "maxRSS": 185160,
      "systemtime": 60295,
      "usertime": 4980377
     },
     "172507082628": {
      "maxRSS": 185160,
      "systemtime": 60295,
      "usertime": 4980413
     },
     "172507084734": {
      "maxRSS": 185160,
      "systemtime": 60296,
      "usertime": 4984533
     },
     "172507086859": {
      "maxRSS": 185160,
      "systemtime": 60297,
      "usertime": 4984559
     },
     "172507089068": {
      "maxRSS": 185160,
      "systemtime": 60297,
      "usertime": 4988437
     },
     "172507091237": {
      "maxRSS": 185160,
      "systemtime": 60297,
      "usertime": 4988454
     },
     "172507093350": {
      "maxRSS": 185160,
      "systemtime": 60297,
      "usertime": 4992497
     },
     "172507095488": {
      "maxRSS": 185160,
      "systemtime": 60297,
      "usertime": 4992516
     },
     "172507097652": {
      "maxRSS": 185160,
      "systemtime": 60297,
      "usertime": 4996569
     },
     "172507099792": {
      "maxRSS": 185160,
      "systemtime": 60297,
      "usertime": 4996604
     },
     "172507101912": {
      "maxRSS": 185160,
      "systemtime": 60297,
      "usertime": 5000622
     },
     "172507104086": {
      "maxRSS": 185160,
      "systemtime": 60297,
      "usertime": 5004644
     },
     "172507106212": {
      "maxRSS": 185160,
      "systemtime": 60297,
      "usertime": 5004676
     },
     "172507108289": {
      "maxRSS": 185160,
      "systemtime": 60297,
      "usertime": 5008690
     },
     "172507110402": {
      "maxRSS": 185160,
      "systemtime": 60297,
      "usertime": 5008710
     },
     "172507112480": {
      "maxRSS": 185160,
      "systemtime": 60297,
      "usertime": 5012729
     },
     "172507114623": {
      "maxRSS": 185160,
      "systemtime": 60297,
      "usertime": 5012746
     },
     "172507116694": {
      "maxRSS": 185160,
      "systemtime": 60297,
      "usertime": 5016759
     },
     "172507118779": {
      "maxRSS": 185160,
      "systemtime": 60297,
      "usertime": 5016775
     },
     "172507120916": {
      "maxRSS": 185160,
      "systemtime": 60298,
      "usertime": 5020824
     },
     "172507123021": {
      "maxRSS": 185160,
      "systemtime": 60298,
      "usertime": 5020836
     },
     "172507125131": {
      "maxRSS": 185160,
      "systemtime": 60298,
      "usertime": 5024854
     },
     "172507127244": {
      "maxRSS": 185160,
      "systemtime": 60298,
      "usertime": 5024872
     },
     "172507129351": {
      "maxRSS": 185160,
      "systemtime": 60298,
      "usertime": 5028887
     },
     "172507131451": {
      "maxRSS": 185160,
      "systemtime": 60298,
      "usertime": 5028897
     },
     "172507133575": {
      "maxRSS": 185160,
      "systemtime": 60298,
      "usertime": 5032921
     },
     "172507135661": {
      "maxRSS": 185160,
      "systemtime": 60298,
      "usertime": 5032939
     },
     "172507137813": {
      "maxRSS": 185160,
      "systemtime": 60298,
      "usertime": 5036971
     },
     "172507139994": {
      "maxRSS": 185160,
      "systemtime": 60299,
      "usertime": 5036992
     },
     "172507142187": {
      "maxRSS": 185160,
      "systemtime": 60299,
      "usertime": 5041025
     },
     "172507144302": {
      "maxRSS": 185160,
      "systemtime": 60299,
      "usertime": 5045042
     },
     "172507146532": {
      "maxRSS": 185160,
      "systemtime": 60299,
      "usertime": 5045089
     },
     "172507148711": {
      "maxRSS": 185160,
      "systemtime": 60299,
      "usertime": 5049110
     },
     "172507150913": {
      "maxRSS": 185160,
      "systemtime": 60299,
      "usertime": 5049129
     },
     "172507153051": {
      "maxRSS": 185160,
      "systemtime": 60299,
      "usertime": 5053147
     },
     "172507155226": {
      "maxRSS": 185160,
      "systemtime": 60299,
      "usertime": 5053163
     },
     "172507157405": {
      "maxRSS": 185160,
      "systemtime": 60299,
      "usertime": 5057235
     },
     "172507159615": {
      "maxRSS": 185160,
      "systemtime": 60299,
      "usertime": 5057275
     },
     "172507161791": {
      "maxRSS": 185160,
      "systemtime": 60299,
      "usertime": 5061240
     },
     "172507163993": {
      "maxRSS": 185160,
      "systemtime": 60299,
      "usertime": 5061258
     },
     "172507166123": {
      "maxRSS": 185160,
      "systemtime": 60299,
      "usertime": 5065300
     },
     "172507168281": {
      "maxRSS": 185160,
      "systemtime": 60299,
      "usertime": 5069327
     },
     "172507170504": {
      "maxRSS": 185160,
      "systemtime": 60299,
      "usertime": 5069348
     },
     "172507172655": {
      "maxRSS": 185160,
      "systemtime": 60299,
      "usertime": 5073361
     },
     "172507174784": {
      "maxRSS": 185160,
      "systemtime": 60299,
      "usertime": 5073397
     },
     "172507176966": {
      "maxRSS": 185160,
      "systemtime": 60299,
      "usertime": 5077426
     },
     "172507179213": {
      "maxRSS": 185160,
      "systemtime": 60299,
      "usertime": 5077444
     },
     "172507181379": {
      "maxRSS": 185160,
      "systemtime": 60299,
      "usertime": 5081519
     },
     "172507183605": {
      "maxRSS": 185160,
      "systemtime": 60299,
      "usertime": 5081544
     },
     "172507185749": {
      "maxRSS": 185160,
      "systemtime": 60299,
      "usertime": 5085527
     },
     "172507187945": {
      "maxRSS": 185160,
      "systemtime": 60299,
      "usertime": 5085590
     },
     "172507190053": {
      "maxRSS": 185160,
      "systemtime": 60299,
      "usertime": 5089600
     },
     "172507192093": {
      "maxRSS": 185160,
      "systemtime": 60299,
      "usertime": 5093619
     },
     "172507194200": {
      "maxRSS": 185160,
      "systemtime": 60299,
      "usertime": 5093635
     },
     "172507196278": {
      "maxRSS": 185160,
      "systemtime": 60299,
      "usertime": 5097657
     },
     "172507198422": {
      "maxRSS": 185160,
      "systemtime": 60299,
      "usertime": 5097676
     },
     "172507200550": {
      "maxRSS": 185160,
      "systemtime": 60299,
      "usertime": 5101705
     },
     "172507202693": {
      "maxRSS": 185160,
      "systemtime": 60299,
      "usertime": 5101720
     },
     "172507204789": {
      "maxRSS": 185160,
      "systemtime": 60299,
      "usertime": 5105754
     },
     "172507206953": {
      "maxRSS": 185160,
      "systemtime": 60299,
      "usertime": 5105780
     },
     "172507211082": {
      "maxRSS": 185160,
      "systemtime": 60299,
      "usertime": 5109814
     },
     "172507215224": {
      "maxRSS": 185160,
      "systemtime": 60299,
      "usertime": 5113843
     },
     "172507219403": {
      "maxRSS": 185160,
      "systemtime": 60299,
      "usertime": 5117893
     },
     "172507223583": {
      "maxRSS": 185160,
      "systemtime": 60299,
      "usertime": 5121974
     },
     "172507227720": {
      "maxRSS": 185160,
      "systemtime": 60299,
      "usertime": 5125930
     },
     "172507231996": {
      "maxRSS": 185160,
      "systemtime": 60299,
      "usertime": 5129949
     },
     "172507236176": {
      "maxRSS": 185160,
      "systemtime": 60299,
      "usertime": 5138008
     },
     "172507240290": {
      "maxRSS": 185160,
      "systemtime": 60299,
      "usertime": 5142185
     },
     "172507244455": {
      "maxRSS": 185160,
      "systemtime": 60299,
      "usertime": 5146160
     },
     "172507248639": {
      "maxRSS": 185160,
      "systemtime": 60299,
      "usertime": 5150215
     },
     "172507252774": {
      "maxRSS": 185160,
      "systemtime": 60299,
      "usertime": 5154295
     },
     "172507256982": {
      "maxRSS": 185160,
      "systemtime": 60299,
      "usertime": 5158311
     },
     "172507261190": {
      "maxRSS": 185160,
      "systemtime": 60299,
      "usertime": 5162353
     },
     "172507265460": {
      "maxRSS": 185160,
      "systemtime": 60299,
      "usertime": 5166407
     },
     "172507269575": {
      "maxRSS": 185288,
      "systemtime": 60299,
      "usertime": 5170480
     },
     "172507273817": {
      "maxRSS": 185928,
      "systemtime": 60299,
      "usertime": 5174548
     },
     "172507277941": {
      "maxRSS": 186440,
      "systemtime": 60299,
      "usertime": 5178574
     },
     "172507282089": {
      "maxRSS": 186952,
      "systemtime": 60299,
      "usertime": 5182615
     },
     "172507286220": {
      "maxRSS": 187464,
      "systemtime": 60299,
      "usertime": 5186668
     },
     "172507290359": {
      "maxRSS": 187976,
      "systemtime": 60299,
      "usertime": 5190715
     },
     "172507294494": {
      "maxRSS": 188488,
      "systemtime": 60299,
      "usertime": 5194758
     },
     "172507298714": {
      "maxRSS": 189000,
      "systemtime": 60299,
      "usertime": 5198823
     },
     "172507302923": {
      "maxRSS": 189640,
      "systemtime": 60299,
      "usertime": 5202851
     },
     "172507307117": {
      "maxRSS": 190152,
      "systemtime": 60299,
      "usertime": 5206878
     },
     "172507311221": {
      "maxRSS": 190664,
      "systemtime": 60299,
      "usertime": 5210909
     },
     "172507315399": {
      "maxRSS": 191176,
      "systemtime": 60299,
      "usertime": 5214936
     },
     "172507319530": {
      "maxRSS": 191816,
      "systemtime": 60299,
      "usertime": 5218956
     },
     "172507323723": {
      "maxRSS": 192328,
      "systemtime": 60299,
      "usertime": 5222997
     },
     "172507327914": {
      "maxRSS": 192840,
      "systemtime": 60299,
      "usertime": 5227025
     },
     "172507332097": {
      "maxRSS": 193352,
      "systemtime": 60299,
      "usertime": 5235053
     },
     "172507336184": {
      "maxRSS": 193864,
      "systemtime": 60299,
      "usertime": 5239084
     },
     "172507340308": {
      "maxRSS": 194376,
      "systemtime": 60299,
      "usertime": 5243097
     },
     "172507344453": {
      "maxRSS": 194888,
      "systemtime": 60299,
      "usertime": 5247106
     },
     "172507348633": {
      "maxRSS": 195400,
      "systemtime": 60299,
      "usertime": 5251214
     },
     "172507352724": {
      "maxRSS": 195912,
      "systemtime": 60299,
      "usertime": 5255164
     },
     "172507356988": {
      "maxRSS": 196552,
      "systemtime": 60299,
      "usertime": 5259181
     },
     "172507361079": {
      "maxRSS": 197064,
      "systemtime": 60299,
      "usertime": 5263205
     },
     "172507365423": {
      "maxRSS": 197576,
      "systemtime": 60299,
      "usertime": 5267224
     },
     "172507369507": {
      "maxRSS": 198216,
      "systemtime": 60299,
      "usertime": 5271241
     },
     "172507373686": {
      "maxRSS": 198728,
      "systemtime": 60299,
      "usertime": 5275258
     },
     "172507377797": {
      "maxRSS": 199240,
      "systemtime": 60299,
      "usertime": 5279315
     },
     "172507381965": {
      "maxRSS": 199752,
      "systemtime": 60299,
      "usertime": 5283322
     },
     "172507386049": {
      "maxRSS": 200264,
      "systemtime": 60299,
      "usertime": 5287340
     },
     "172507390212": {
      "maxRSS": 200904,
      "systemtime": 60299,
      "usertime": 5291358
     },
     "172507394335": {
      "maxRSS": 201416,
      "systemtime": 60299,
      "usertime": 5295386
     },
     "172507398518": {
      "maxRSS": 201800,
      "systemtime": 60299,
      "usertime": 5299405
     },
     "172507402652": {
      "maxRSS": 202440,
      "systemtime": 60299,
      "usertime": 5303439
     },
     "172507406837": {
      "maxRSS": 202952,
      "systemtime": 60299,
      "usertime": 5307524
     },
     "172507411013": {
      "maxRSS": 203464,
      "systemtime": 60299,
      "usertime": 5311491
     },
     "172507415209": {
      "maxRSS": 203976,
      "systemtime": 60299,
      "usertime": 5315522
     },
     "172507419391": {
      "maxRSS": 204488,
      "systemtime": 60299,
      "usertime": 5319549
     },
     "172507423527": {
      "maxRSS": 205000,
      "systemtime": 60299,
      "usertime": 5323568
     },
     "172507427647": {
      "maxRSS": 205640,
      "systemtime": 60299,
      "usertime": 5327608
     },
     "172507431945": {
      "maxRSS": 206152,
      "systemtime": 60299,
      "usertime": 5331641
     },
     "172507436036": {
      "maxRSS": 206664,
      "systemtime": 60299,
      "usertime": 5339653
     },
     "172507440127": {
      "maxRSS": 207176,
      "systemtime": 60299,
      "usertime": 5343672
     },
     "172507444204": {
      "maxRSS": 207688,
      "systemtime": 60299,
      "usertime": 5347687
     },
     "172507448311": {
      "maxRSS": 208200,
      "systemtime": 60299,
      "usertime": 5351779
     },
     "172507452485": {
      "maxRSS": 208712,
      "systemtime": 60299,
      "usertime": 5355764
     },
     "172507456641": {
      "maxRSS": 209352,
      "systemtime": 60299,
      "usertime": 5359780
     },
     "172507460993": {
      "maxRSS": 209864,
      "systemtime": 60299,
      "usertime": 5364016
     },
     "172507465178": {
      "maxRSS": 210376,
      "systemtime": 60299,
      "usertime": 5368104
     },
     "172507469342": {
      "maxRSS": 210888,
      "systemtime": 60299,
      "usertime": 5372059
     },
     "172507473534": {
      "maxRSS": 211400,
      "systemtime": 60299,
      "usertime": 5376134
     },
     "172507477695": {
      "maxRSS": 211912,
      "systemtime": 60299,
      "usertime": 5380113
     },
     "172507481891": {
      "maxRSS": 212424,
      "systemtime": 60299,
      "usertime": 5384147
     },
     "172507485987": {
      "maxRSS": 213064,
      "systemtime": 60299,
      "usertime": 5388164
     },
     "172507490150": {
      "maxRSS": 213576,
      "systemtime": 60299,
      "usertime": 5392184
     },
     "172507494266": {
      "maxRSS": 214088,
      "systemtime": 60299,
      "usertime": 5396269
     },
     "172507498438": {
      "maxRSS": 214600,
      "systemtime": 60299,
      "usertime": 5400221
     },
     "172507502680": {
      "maxRSS": 215112,
      "systemtime": 60299,
      "usertime": 5404244
     },
     "172507506953": {
      "maxRSS": 215752,
      "systemtime": 60299,
      "usertime": 5408448
     },
     "172507511040": {
      "maxRSS": 216264,
      "systemtime": 60299,
      "usertime": 5412533
     },
     "172507515161": {
      "maxRSS": 216776,
      "systemtime": 60299,
      "usertime": 5416520
     },
     "172507519301": {
      "maxRSS": 217288,
      "systemtime": 60299,
      "usertime": 5420566
     },
     "172507523575": {
      "maxRSS": 217928,
      "systemtime": 60299,
      "usertime": 5424660
     },
     "172507527717": {
      "maxRSS": 218440,
      "systemtime": 60299,
      "usertime": 5428567
     },
     "172507532012": {
      "maxRSS": 218952,
      "systemtime": 60299,
      "usertime": 5432618
     },
     "172507536066": {
      "maxRSS": 219464,
      "systemtime": 60299,
      "usertime": 5440658
     },
     "172507540110": {
      "maxRSS": 219976,
      "systemtime": 60299,
      "usertime": 5444671
     },
     "172507544303": {
      "maxRSS": 220488,
      "systemtime": 60299,
      "usertime": 5448713
     },
     "172507548452": {
      "maxRSS": 221000,
      "systemtime": 60299,
      "usertime": 5452748
     },
     "172507552634": {
      "maxRSS": 221512,
      "systemtime": 60299,
      "usertime": 5456857
     },
     "172507556749": {
      "maxRSS": 222024,
      "systemtime": 60299,
      "usertime": 5460909
     },
     "172507560842": {
      "maxRSS": 222536,
      "systemtime": 60299,
      "usertime": 5464867
     },
     "172507565022": {
      "maxRSS": 223048,
      "systemtime": 60299,
      "usertime": 5468945
     },
     "172507569240": {
      "maxRSS": 223688,
      "systemtime": 60299,
      "usertime": 5472907
     },
     "172507573411": {
      "maxRSS": 224200,
      "systemtime": 60299,
      "usertime": 5476925
     },
     "172507577522": {
      "maxRSS": 224712,
      "systemtime": 60299,
      "usertime": 5480947
     },
     "172507581711": {
      "maxRSS": 225096,
      "systemtime": 60299,
      "usertime": 5484977
     },
     "172507586002": {
      "maxRSS": 225736,
      "systemtime": 60299,
      "usertime": 5489014
     },
     "172507590174": {
      "maxRSS": 226248,
      "systemtime": 60299,
      "usertime": 5493031
     },
     "172507594267": {
      "maxRSS": 226760,
      "systemtime": 60299,
      "usertime": 5497053
     },
     "172507598528": {
      "maxRSS": 227272,
      "systemtime": 60299,
      "usertime": 5501131
     },
     "172507602659": {
      "maxRSS": 227784,
      "systemtime": 60299,
      "usertime": 5505094
     },
     "172507606836": {
      "maxRSS": 228296,
      "systemtime": 60299,
      "usertime": 5509110
     },
     "172507611035": {
      "maxRSS": 228808,
      "systemtime": 60299,
      "usertime": 5513163
     },
     "172507615330": {
      "maxRSS": 229320,
      "systemtime": 60299,
      "usertime": 5517180
     },
     "172507619462": {
      "maxRSS": 229960,
      "systemtime": 60299,
      "usertime": 5521201
     },
     "172507623737": {
      "maxRSS": 230472,
      "systemtime": 60299,
      "usertime": 5525225
     },
     "172507627889": {
      "maxRSS": 230984,
      "systemtime": 60299,
      "usertime": 5529256
     },
     "172507632017": {
      "maxRSS": 231496,
      "systemtime": 64155,
      "usertime": 5533430
     },
     "172507636084": {
      "maxRSS": 232008,
      "systemtime": 64156,
      "usertime": 5537493
     },
     "172507640250": {
      "maxRSS": 232520,
      "systemtime": 64156,
      "usertime": 5541512
     },
     "172507644375": {
      "maxRSS": 233032,
      "systemtime": 64156,
      "usertime": 5545558
     },
     "172507648475": {
      "maxRSS": 233416,
      "systemtime": 64157,
      "usertime": 5549613
     },
     "172507652592": {
      "maxRSS": 233928,
      "systemtime": 64157,
      "usertime": 5553611
     },
     "172507656780": {
      "maxRSS": 234440,
      "systemtime": 64157,
      "usertime": 5557649
     },
     "172507660902": {
      "maxRSS": 235080,
      "systemtime": 64157,
      "usertime": 5561684
     },
     "172507665058": {
      "maxRSS": 235464,
      "systemtime": 64158,
      "usertime": 5565709
     },
     "172507669179": {
      "maxRSS": 236104,
      "systemtime": 68168,
      "usertime": 5565720
     },
     "172507673333": {
      "maxRSS": 236616,
      "systemtime": 68168,
      "usertime": 5569798
     },
     "172507677421": {
      "maxRSS": 237128,
      "systemtime": 68168,
      "usertime": 5573757
     },
     "172507681590": {
      "maxRSS": 237640,
      "systemtime": 68168,
      "usertime": 5577783
     },
     "172507685770": {
      "maxRSS": 238152,
      "systemtime": 68168,
      "usertime": 5581793
     },
     "172507689972": {
      "maxRSS": 238664,
      "systemtime": 68168,
      "usertime": 5585833
     },
     "172507694154": {
      "maxRSS": 239176,
      "systemtime": 68169,
      "usertime": 5589895
     },
     "172507698325": {
      "maxRSS": 239688,
      "systemtime": 68169,
      "usertime": 5593873
     },
     "172507702497": {
      "maxRSS": 240328,
      "systemtime": 68169,
      "usertime": 5597894
     },
     "172507706678": {
      "maxRSS": 240840,
      "systemtime": 68169,
      "usertime": 5601911
     },
     "172507710926": {
      "maxRSS": 241352,
      "systemtime": 68169,
      "usertime": 5605938
     },
     "172507715223": {
      "maxRSS": 241864,
      "systemtime": 68169,
      "usertime": 5609986
     },
     "172507719342": {
      "maxRSS": 242504,
      "systemtime": 68170,
      "usertime": 5614013
     },
     "172507723571": {
      "maxRSS": 243016,
      "systemtime": 68170,
      "usertime": 5618034
     },
     "172507727666": {
      "maxRSS": 243528,
      "systemtime": 68170,
      "usertime": 5622054
     },
     "172507731848": {
      "maxRSS": 244040,
      "systemtime": 68170,
      "usertime": 5626072
     },
     "172507735944": {
      "maxRSS": 244552,
      "systemtime": 68170,
      "usertime": 5630090
     },
     "172507740089": {
      "maxRSS": 245064,
      "systemtime": 68170,
      "usertime": 5638133
     },
     "172507748246": {
      "maxRSS": 246216,
      "systemtime": 68170,
      "usertime": 5646156
     },
     "172507756459": {
      "maxRSS": 247240,
      "systemtime": 68171,
      "usertime": 5654187
     },
     "172507764641": {
      "maxRSS": 248264,
      "systemtime": 68171,
      "usertime": 5662210
     },
     "172507772797": {
      "maxRSS": 249288,
      "systemtime": 68171,
      "usertime": 5670263
     },
     "172507781093": {
      "maxRSS": 250312,
      "systemtime": 72181,
      "usertime": 5674306
     },
     "172507789313": {
      "maxRSS": 251336,
      "systemtime": 72182,
      "usertime": 5682364
     },
     "172507797594": {
      "maxRSS": 252488,
      "systemtime": 72182,
      "usertime": 5690391
     },
     "172507805787": {
      "maxRSS": 253512,
      "systemtime": 72183,
      "usertime": 5698498
     },
     "172507813910": {
      "maxRSS": 254536,
      "systemtime": 72183,
      "usertime": 5706490
     },
     "172507822115": {
      "maxRSS": 255560,
      "systemtime": 72183,
      "usertime": 5714505
     },
     "172507830375": {
      "maxRSS": 256712,
      "systemtime": 72183,
      "usertime": 5722540
     },
     "172507838637": {
      "maxRSS": 257736,
      "systemtime": 72183,
      "usertime": 5730562
     },
     "172507846902": {
      "maxRSS": 258888,
      "systemtime": 72183,
      "usertime": 5738616
     },
     "172507855078": {
      "maxRSS": 259912,
      "systemtime": 72184,
      "usertime": 5746654
     },
     "172507863321": {
      "maxRSS": 260936,
      "systemtime": 76194,
      "usertime": 5750676
     },
     "172507871590": {
      "maxRSS": 261960,
      "systemtime": 76194,
      "usertime": 5758719
     },
     "172507879726": {
      "maxRSS": 262984,
      "systemtime": 76195,
      "usertime": 5766804
     },
     "172507888031": {
      "maxRSS": 264008,
      "systemtime": 76195,
      "usertime": 5778805
     },
     "172507896236": {
      "maxRSS": 265032,
      "systemtime": 76195,
      "usertime": 5786846
     },
     "172507904386": {
      "maxRSS": 265928,
      "systemtime": 76195,
      "usertime": 5794945
     },
     "172507912573": {
      "maxRSS": 266952,
      "systemtime": 76195,
      "usertime": 5802900
     },
     "172507920842": {
      "maxRSS": 267976,
      "systemtime": 76195,
      "usertime": 5810927
     },
     "172507929125": {
      "maxRSS": 269000,
      "systemtime": 76195,
      "usertime": 5818948
     },
     "172507937332": {
      "maxRSS": 270024,
      "systemtime": 76195,
      "usertime": 5826988
     },
     "172507945534": {
      "maxRSS": 271048,
      "systemtime": 76195,
      "usertime": 5835034
     },
     "172507953664": {
      "maxRSS": 272072,
      "systemtime": 76195,
      "usertime": 5843056
     },
     "172507961776": {
      "maxRSS": 273096,
      "systemtime": 76195,
      "usertime": 5851075
     },
     "172507969946": {
      "maxRSS": 273992,
      "systemtime": 76195,
      "usertime": 5859187
     },
     "172507978062": {
      "maxRSS": 274888,
      "systemtime": 80153,
      "usertime": 5863203
     },
     "172507986260": {
      "maxRSS": 275912,
      "systemtime": 80153,
      "usertime": 5871240
     },
     "172507994424": {
      "maxRSS": 276936,
      "systemtime": 84161,
      "usertime": 5875281
     },
     "172508002568": {
      "maxRSS": 277960,
      "systemtime": 84161,
      "usertime": 5883313
     },
     "172508010756": {
      "maxRSS": 278984,
      "systemtime": 84161,
      "usertime": 5891334
     },
     "172508018934": {
      "maxRSS": 280008,
      "systemtime": 88169,
      "usertime": 5895355
     },
     "172508027128": {
      "maxRSS": 281032,
      "systemtime": 88169,
      "usertime": 5903379
     },
     "172508035399": {
      "maxRSS": 282184,
      "systemtime": 88170,
      "usertime": 5911403
     },
     "172508043642": {
      "maxRSS": 283208,
      "systemtime": 88170,
      "usertime": 5919452
     },
     "172508051931": {
      "maxRSS": 284232,
      "systemtime": 88170,
      "usertime": 5927467
     },
     "172508060109": {
      "maxRSS": 285384,
      "systemtime": 88170,
      "usertime": 5939489
     },
     "172508068201": {
      "maxRSS": 286280,
      "systemtime": 88170,
      "usertime": 5947511
     },
     "172508076467": {
      "maxRSS": 287304,
      "systemtime": 92178,
      "usertime": 5951522
     },
     "172508084569": {
      "maxRSS": 288328,
      "systemtime": 96186,
      "usertime": 5955552
     },
     "172508092695": {
      "maxRSS": 289352,
      "systemtime": 96186,
      "usertime": 5963575
     },
     "172508101073": {
      "maxRSS": 290376,
      "systemtime": 100196,
      "usertime": 5967716
     },
     "172508109272": {
      "maxRSS": 291400,
      "systemtime": 100196,
      "usertime": 5975713
     },
     "172508117454": {
      "maxRSS": 292424,
      "systemtime": 100205,
      "usertime": 5984266
     },
     "172508125729": {
      "maxRSS": 293448,
      "systemtime": 104204,
      "usertime": 5987752
     },
     "172508133872": {
      "maxRSS": 294472,
      "systemtime": 104204,
      "usertime": 5995774
     },
     "172508142014": {
      "maxRSS": 295496,
      "systemtime": 104204,
      "usertime": 6003800
     },
     "172508150207": {
      "maxRSS": 296520,
      "systemtime": 104205,
      "usertime": 6011842
     },
     "172508158329": {
      "maxRSS": 297544,
      "systemtime": 104205,
      "usertime": 6019868
     },
     "172508166448": {
      "maxRSS": 298696,
      "systemtime": 104205,
      "usertime": 6027891
     },
     "172508174570": {
      "maxRSS": 299720,
      "systemtime": 104205,
      "usertime": 6035916
     },
     "172508182764": {
      "maxRSS": 300872,
      "systemtime": 104205,
      "usertime": 6043939
     },
     "172508190932": {
      "maxRSS": 302024,
      "systemtime": 104206,
      "usertime": 6051987
     },
     "172508199095": {
      "maxRSS": 303048,
      "systemtime": 104208,
      "usertime": 6060099
     },
     "172508207241": {
      "maxRSS": 304072,
      "systemtime": 104208,
      "usertime": 6068116
     },
     "172508215414": {
      "maxRSS": 304968,
      "systemtime": 104208,
      "usertime": 6076139
     },
     "172508223674": {
      "maxRSS": 306120,
      "systemtime": 104208,
      "usertime": 6084166
     },
     "172508231879": {
      "maxRSS": 307144,
      "systemtime": 108216,
      "usertime": 6088179
     },
     "172508239995": {
      "maxRSS": 308296,
      "systemtime": 108217,
      "usertime": 6096238
     },
     "172508248209": {
      "maxRSS": 309320,
      "systemtime": 108217,
      "usertime": 6108231
     },
     "172508256492": {
      "maxRSS": 310472,
      "systemtime": 108217,
      "usertime": 6116271
     },
     "172508264764": {
      "maxRSS": 311624,
      "systemtime": 108217,
      "usertime": 6124294
     },
     "172508273006": {
      "maxRSS": 312776,
      "systemtime": 108217,
      "usertime": 6132333
     },
     "172508281207": {
      "maxRSS": 313800,
      "systemtime": 108217,
      "usertime": 6140373
     },
     "172508289505": {
      "maxRSS": 314824,
      "systemtime": 108217,
      "usertime": 6148420
     },
     "172508297607": {
      "maxRSS": 315976,
      "systemtime": 108217,
      "usertime": 6156450
     },
     "172508305834": {
      "maxRSS": 317000,
      "systemtime": 108217,
      "usertime": 6164511
     },
     "172508314145": {
      "maxRSS": 318152,
      "systemtime": 108217,
      "usertime": 6172563
     },
     "172508322296": {
      "maxRSS": 319304,
      "systemtime": 108217,
      "usertime": 6180599
     },
     "172508330494": {
      "maxRSS": 320456,
      "systemtime": 112157,
      "usertime": 6184691
     },
     "172508338688": {
      "maxRSS": 321480,
      "systemtime": 112157,
      "usertime": 6192720
     },
     "172508346876": {
      "maxRSS": 322632,
      "systemtime": 112158,
      "usertime": 6200758
     },
     "172508355163": {
      "maxRSS": 323784,
      "systemtime": 112158,
      "usertime": 6208786
     },
     "172508363439": {
      "maxRSS": 324936,
      "systemtime": 112159,
      "usertime": 6216822
     },
     "172508371656": {
      "maxRSS": 326088,
      "systemtime": 112159,
      "usertime": 6224853
     },
     "172508379856": {
      "maxRSS": 327112,
      "systemtime": 112159,
      "usertime": 6232882
     },
     "172508388117": {
      "maxRSS": 328264,
      "systemtime": 116165,
      "usertime": 6240901
     },
     "172508396391": {
      "maxRSS": 329416,
      "systemtime": 116166,
      "usertime": 6248939
     },
     "172508404677": {
      "maxRSS": 330568,
      "systemtime": 120172,
      "usertime": 6252975
     },
     "172508412860": {
      "maxRSS": 331592,
      "systemtime": 120172,
      "usertime": 6260997
     },
     "172508421039": {
      "maxRSS": 332744,
      "systemtime": 120172,
      "usertime": 6269023
     },
     "172508429137": {
      "maxRSS": 333768,
      "systemtime": 120173,
      "usertime": 6277042
     },
     "172508437260": {
      "maxRSS": 334920,
      "systemtime": 120173,
      "usertime": 6285083
     },
     "172508445517": {
      "maxRSS": 336072,
      "systemtime": 120174,
      "usertime": 6293120
     },
     "172508453713": {
      "maxRSS": 337224,
      "systemtime": 120174,
      "usertime": 6301149
     },
     "172508462018": {
      "maxRSS": 338376,
      "systemtime": 120175,
      "usertime": 6309195
     },
     "172508470123": {
      "maxRSS": 339528,
      "systemtime": 120175,
      "usertime": 6317224
     },
     "172508478410": {
      "maxRSS": 340680,
      "systemtime": 124181,
      "usertime": 6321248
     },
     "172508486605": {
      "maxRSS": 341832,
      "systemtime": 124181,
      "usertime": 6329270
     },
     "172508494744": {
      "maxRSS": 342984,
      "systemtime": 124182,
      "usertime": 6337291
     },
     "172508502848": {
      "maxRSS": 344008,
      "systemtime": 124182,
      "usertime": 6345336
     },
     "172508510963": {
      "maxRSS": 345160,
      "systemtime": 124183,
      "usertime": 6353369
     },
     "172508519114": {
      "maxRSS": 346312,
      "systemtime": 124183,
      "usertime": 6361399
     },
     "172508527300": {
      "maxRSS": 347464,
      "systemtime": 124185,
      "usertime": 6369490
     },
     "172508535502": {
      "maxRSS": 348616,
      "systemtime": 124185,
      "usertime": 6377473
     },
     "172508543800": {
      "maxRSS": 349640,
      "systemtime": 124186,
      "usertime": 6385575
     },
     "172508551940": {
      "maxRSS": 350792,
      "systemtime": 128193,
      "usertime": 6389628
     },
     "172508560191": {
      "maxRSS": 351944,
      "systemtime": 128193,
      "usertime": 6401645
     },
     "172508568278": {
      "maxRSS": 353096,
      "systemtime": 128193,
      "usertime": 6409629
     },
     "172508576592": {
      "maxRSS": 354120,
      "systemtime": 128193,
      "usertime": 6417664
     },
     "172508584831": {
      "maxRSS": 355272,
      "systemtime": 128194,
      "usertime": 6425767
     },
     "172508592943": {
      "maxRSS": 356424,
      "systemtime": 128194,
      "usertime": 6433735
     },
     "172508601101": {
      "maxRSS": 357576,
      "systemtime": 128194,
      "usertime": 6441775
     },
     "172508609273": {
      "maxRSS": 358728,
      "systemtime": 128195,
      "usertime": 6449816
     },
     "172508617447": {
      "maxRSS": 359880,
      "systemtime": 128195,
      "usertime": 6457841
     },
     "172508625728": {
      "maxRSS": 360776,
      "systemtime": 128206,
      "usertime": 6466417
     },
     "172508633959": {
      "maxRSS": 360776,
      "systemtime": 128233,
      "usertime": 6473876
     },
     "172508640753": {
      "maxRSS": 360776,
      "systemtime": 128233,
      "usertime": 6482551
     },
     "172508642043": {
      "maxRSS": 360776,
      "systemtime": 128233,
      "usertime": 6482590
     },
     "172508643205": {
      "maxRSS": 360776,
      "systemtime": 128233,
      "usertime": 6482618
     },
     "172508644318": {
      "maxRSS": 360776,
      "systemtime": 128233,
      "usertime": 6486030
     },
     "172508645580": {
      "maxRSS": 360776,
      "systemtime": 128233,
      "usertime": 6486049
     },
     "172508646761": {
      "maxRSS": 360776,
      "systemtime": 128233,
      "usertime": 6486068
     },
     "172508647947": {
      "maxRSS": 360776,
      "systemtime": 128233,
      "usertime": 6486088
     },
     "172508649050": {
      "maxRSS": 360776,
      "systemtime": 128233,
      "usertime": 6490106
     },
     "172508650126": {
      "maxRSS": 360776,
      "systemtime": 128233,
      "usertime": 6490123
     },
     "172508651262": {
      "maxRSS": 360776,
      "systemtime": 128233,
      "usertime": 6490170
     },
     "172508651496": {
      "maxRSS": 360776,
      "systemtime": 128268,
      "usertime": 6493609
     },
     "172508652611": {
      "maxRSS": 361160,
      "systemtime": 128268,
      "usertime": 6494152
     },
     "172508653890": {
      "maxRSS": 361544,
      "systemtime": 128268,
      "usertime": 6494170
     },
     "172508655110": {
      "maxRSS": 361800,
      "systemtime": 128268,
      "usertime": 6494187
     },
     "172508656148": {
      "maxRSS": 362056,
      "systemtime": 128268,
      "usertime": 6498214
     },
     "172508657352": {
      "maxRSS": 362440,
      "systemtime": 128268,
      "usertime": 6498256
     },
     "172508658446": {
      "maxRSS": 362696,
      "systemtime": 128268,
      "usertime": 6498286
     },
     "172508659529": {
      "maxRSS": 363080,
      "systemtime": 128268,
      "usertime": 6498303
     },
     "172508660632": {
      "maxRSS": 363336,
      "systemtime": 128268,
      "usertime": 6502307
     },
     "172508661708": {
      "maxRSS": 363592,
      "systemtime": 128268,
      "usertime": 6502322
     },
     "172508662818": {
      "maxRSS": 363976,
      "systemtime": 128268,
      "usertime": 6502336
     },
     "172508663959": {
      "maxRSS": 364232,
      "systemtime": 128268,
      "usertime": 6502361
     },
     "172508665081": {
      "maxRSS": 364616,
      "systemtime": 128268,
      "usertime": 6506443
     },
     "172508666155": {
      "maxRSS": 364872,
      "systemtime": 128268,
      "usertime": 6506454
     },
     "172508667220": {
      "maxRSS": 365256,
      "systemtime": 128268,
      "usertime": 6506462
     },
     "172508668285": {
      "maxRSS": 365512,
      "systemtime": 128268,
      "usertime": 6510414
     },
     "172508669375": {
      "maxRSS": 365896,
      "systemtime": 128268,
      "usertime": 6510429
     },
     "172508670608": {
      "maxRSS": 366280,
      "systemtime": 128268,
      "usertime": 6510461
     },
     "172508671716": {
      "maxRSS": 366536,
      "systemtime": 128268,
      "usertime": 6510477
     },
     "172508672922": {
      "maxRSS": 366920,
      "systemtime": 128268,
      "usertime": 6514491
     },
     "172508674095": {
      "maxRSS": 367176,
      "systemtime": 128268,
      "usertime": 6514510
     },
     "172508675271": {
      "maxRSS": 367560,
      "systemtime": 128268,
      "usertime": 6514531
     },
     "172508676398": {
      "maxRSS": 367944,
      "systemtime": 128268,
      "usertime": 6518549
     },
     "172508677490": {
      "maxRSS": 368200,
      "systemtime": 128268,
      "usertime": 6518568
     },
     "172508678592": {
      "maxRSS": 368584,
      "systemtime": 128268,
      "usertime": 6518603
     },
     "172508679694": {
      "maxRSS": 368968,
      "systemtime": 128268,
      "usertime": 6518614
     },
     "172508680794": {
      "maxRSS": 369224,
      "systemtime": 128268,
      "usertime": 6522621
     },
     "172508681890": {
      "maxRSS": 369608,
      "systemtime": 128268,
      "usertime": 6522628
     },
     "172508683016": {
      "maxRSS": 369864,
      "systemtime": 128268,
      "usertime": 6522642
     },
     "172508684085": {
      "maxRSS": 370248,
      "systemtime": 128268,
      "usertime": 6526657
     },
     "172508685191": {
      "maxRSS": 370504,
      "systemtime": 128268,
      "usertime": 6526675
     },
     "172508686294": {
      "maxRSS": 370888,
      "systemtime": 128268,
      "usertime": 6526685
     },
     "172508687446": {
      "maxRSS": 371144,
      "systemtime": 128268,
      "usertime": 6526701
     },
     "172508688629": {
      "maxRSS": 371528,
      "systemtime": 128268,
      "usertime": 6530720
     },
     "172508689796": {
      "maxRSS": 371784,
      "systemtime": 128268,
      "usertime": 6530737
     },
     "172508690974": {
      "maxRSS": 372168,
      "systemtime": 128268,
      "usertime": 6530754
     },
     "172508692129": {
      "maxRSS": 372552,
      "systemtime": 132219,
      "usertime": 6530831
     },
     "172508693265": {
      "maxRSS": 372808,
      "systemtime": 132219,
      "usertime": 6530848
     },
     "172508694363": {
      "maxRSS": 373064,
      "systemtime": 132220,
      "usertime": 6530870
     },
     "172508695471": {
      "maxRSS": 373448,
      "systemtime": 132220,
      "usertime": 6530884
     },
     "172508696573": {
      "maxRSS": 373832,
      "systemtime": 132220,
      "usertime": 6534894
     },
     "172508697670": {
      "maxRSS": 374088,
      "systemtime": 132220,
      "usertime": 6534901
     },
     "172508698783": {
      "maxRSS": 374344,
      "systemtime": 132221,
      "usertime": 6534924
     },
     "172508699877": {
      "maxRSS": 374728,
      "systemtime": 132221,
      "usertime": 6534931
     },
     "172508700972": {
      "maxRSS": 374984,
      "systemtime": 132221,
      "usertime": 6538937
     },
     "172508702035": {
      "maxRSS": 375368,
      "systemtime": 132221,
      "usertime": 6538944
     },
     "172508703135": {
      "maxRSS": 375624,
      "systemtime": 132221,
      "usertime": 6538960
     },
     "172508704204": {
      "maxRSS": 376008,
      "systemtime": 132222,
      "usertime": 6543026
     },
     "172508705302": {
      "maxRSS": 376264,
      "systemtime": 132222,
      "usertime": 6543034
     },
     "172508706414": {
      "maxRSS": 376648,
      "systemtime": 132223,
      "usertime": 6543054
     },
     "172508707507": {
      "maxRSS": 376904,
      "systemtime": 132223,
      "usertime": 6543061
     },
     "172508708608": {
      "maxRSS": 377288,
      "systemtime": 136174,
      "usertime": 6543061
     },
     "172508709690": {
      "maxRSS": 377544,
      "systemtime": 136190,
      "usertime": 6543061
     },
     "172508710780": {
      "maxRSS": 377800,
      "systemtime": 136206,
      "usertime": 6543061
     },
     "172508711874": {
      "maxRSS": 378184,
      "systemtime": 136226,
      "usertime": 6543061
     },
     "172508713023": {
      "maxRSS": 378440,
      "systemtime": 136231,
      "usertime": 6547107
     },
     "172508714232": {
      "maxRSS": 378824,
      "systemtime": 136231,
      "usertime": 6547125
     },
     "172508715401": {
      "maxRSS": 379208,
      "systemtime": 136231,
      "usertime": 6547145
     },
     "172508716501": {
      "maxRSS": 379464,
      "systemtime": 136231,
      "usertime": 6551154
     },
     "172508717601": {
      "maxRSS": 379848,
      "systemtime": 136232,
      "usertime": 6551164
     },
     "172508718701": {
      "maxRSS": 380104,
      "systemtime": 136232,
      "usertime": 6551173
     },
     "172508719888": {
      "maxRSS": 380488,
      "systemtime": 136232,
      "usertime": 6551196
     },
     "172508721066": {
      "maxRSS": 380872,
      "systemtime": 136233,
      "usertime": 6555213
     },
     "172508722259": {
      "maxRSS": 381128,
      "systemtime": 136233,
      "usertime": 6555232
     },
     "172508723342": {
      "maxRSS": 381512,
      "systemtime": 136233,
      "usertime": 6555249
     },
     "172508724472": {
      "maxRSS": 381768,
      "systemtime": 136233,
      "usertime": 6559266
     },
     "172508725560": {
      "maxRSS": 382024,
      "systemtime": 136234,
      "usertime": 6559284
     },
     "172508726681": {
      "maxRSS": 382408,
      "systemtime": 136234,
      "usertime": 6559309
     },
     "172508727754": {
      "maxRSS": 382664,
      "systemtime": 136235,
      "usertime": 6559319
     },
     "172508728868": {
      "maxRSS": 382920,
      "systemtime": 140243,
      "usertime": 6559379
     },
     "172508729959": {
      "maxRSS": 383304,
      "systemtime": 140243,
      "usertime": 6559397
     },
     "172508731061": {
      "maxRSS": 383560,
      "systemtime": 140244,
      "usertime": 6559414
     },
     "172508732126": {
      "maxRSS": 383816,
      "systemtime": 140244,
      "usertime": 6563372
     },
     "172508733293": {
      "maxRSS": 384200,
      "systemtime": 140244,
      "usertime": 6563385
     },
     "172508734470": {
      "maxRSS": 384456,
      "systemtime": 140244,
      "usertime": 6563414
     },
     "172508735636": {
      "maxRSS": 384840,
      "systemtime": 140244,
      "usertime": 6563431
     },
     "172508736811": {
      "maxRSS": 385096,
      "systemtime": 140244,
      "usertime": 6567448
     },
     "172508737994": {
      "maxRSS": 385480,
      "systemtime": 140244,
      "usertime": 6567469
     },
     "172508739167": {
      "maxRSS": 385736,
      "systemtime": 140245,
      "usertime": 6567486
     },
     "172508740246": {
      "maxRSS": 386120,
      "systemtime": 140245,
      "usertime": 6571503
     },
     "172508741350": {
      "maxRSS": 386376,
      "systemtime": 140246,
      "usertime": 6571539
     },
     "172508742530": {
      "maxRSS": 386632,
      "systemtime": 140246,
      "usertime": 6571557
     },
     "172508743764": {
      "maxRSS": 386888,
      "systemtime": 140247,
      "usertime": 6571585
     },
     "172508744947": {
      "maxRSS": 387272,
      "systemtime": 140247,
      "usertime": 6575607
     },
     "172508746115": {
      "maxRSS": 387528,
      "systemtime": 140247,
      "usertime": 6575624
     },
     "172508747286": {
      "maxRSS": 387912,
      "systemtime": 140248,
      "usertime": 6575641
     },
     "172508748443": {
      "maxRSS": 388168,
      "systemtime": 140249,
      "usertime": 6579684
     },
     "172508749619": {
      "maxRSS": 388552,
      "systemtime": 140249,
      "usertime": 6579702
     },
     "172508750792": {
      "maxRSS": 388808,
      "systemtime": 140249,
      "usertime": 6579718
     },
     "172508751975": {
      "maxRSS": 389192,
      "systemtime": 140250,
      "usertime": 6579735
     },
     "172508753254": {
      "maxRSS": 389576,
      "systemtime": 140250,
      "usertime": 6583753
     },
     "172508754513": {
      "maxRSS": 389832,
      "systemtime": 140250,
      "usertime": 6583770
     },
     "172508755702": {
      "maxRSS": 390216,
      "systemtime": 140251,
      "usertime": 6583804
     },
     "172508756789": {
      "maxRSS": 390472,
      "systemtime": 140251,
      "usertime": 6587824
     },
     "172508757881": {
      "maxRSS": 390728,
      "systemtime": 140252,
      "usertime": 6587846
     },
     "172508758993": {
      "maxRSS": 390984,
      "systemtime": 140252,
      "usertime": 6587873
     },
     "172508760197": {
      "maxRSS": 391240,
      "systemtime": 140253,
      "usertime": 6591907
     },
     "172508761295": {
      "maxRSS": 391496,
      "systemtime": 140253,
      "usertime": 6591924
     },
     "172508762511": {
      "maxRSS": 391752,
      "systemtime": 140254,
      "usertime": 6591942
     },
     "172508763701": {
      "maxRSS": 392136,
      "systemtime": 140254,
      "usertime": 6591975
     },
     "172508764879": {
      "maxRSS": 392392,
      "systemtime": 140255,
      "usertime": 6595995
     },
     "172508766152": {
      "maxRSS": 392776,
      "systemtime": 140255,
      "usertime": 6596012
     },
     "172508767339": {
      "maxRSS": 393160,
      "systemtime": 140255,
      "usertime": 6596029
     },
     "172508768538": {
      "maxRSS": 393416,
      "systemtime": 140255,
      "usertime": 6600041
     },
     "172508769637": {
      "maxRSS": 393672,
      "systemtime": 140256,
      "usertime": 6600060
     },
     "172508770837": {
      "maxRSS": 393928,
      "systemtime": 140257,
      "usertime": 6600100
     },
     "172508772039": {
      "maxRSS": 394184,
      "systemtime": 144265,
      "usertime": 6600147
     },
     "172508773130": {
      "maxRSS": 394568,
      "systemtime": 144265,
      "usertime": 6600168
     },
     "172508774304": {
      "maxRSS": 394824,
      "systemtime": 144266,
      "usertime": 6600188
     },
     "172508775482": {
      "maxRSS": 395208,
      "systemtime": 144266,
      "usertime": 6600205
     },
     "172508776616": {
      "maxRSS": 395464,
      "systemtime": 148270,
      "usertime": 6600205
     },
     "172508777764": {
      "maxRSS": 395720,
      "systemtime": 148274,
      "usertime": 6600236
     },
     "172508778882": {
      "maxRSS": 395976,
      "systemtime": 148275,
      "usertime": 6600254
     },
     "172508780058": {
      "maxRSS": 396360,
      "systemtime": 148275,
      "usertime": 6604272
     },
     "172508781237": {
      "maxRSS": 396616,
      "systemtime": 148275,
      "usertime": 6604289
     },
     "172508782418": {
      "maxRSS": 396872,
      "systemtime": 148276,
      "usertime": 6604306
     },
     "172508783548": {
      "maxRSS": 397256,
      "systemtime": 148276,
      "usertime": 6604323
     },
     "172508784737": {
      "maxRSS": 397512,
      "systemtime": 148277,
      "usertime": 6608349
     },
     "172508785821": {
      "maxRSS": 397768,
      "systemtime": 148277,
      "usertime": 6608366
     },
     "172508786998": {
      "maxRSS": 398152,
      "systemtime": 148277,
      "usertime": 6608386
     },
     "172508788109": {
      "maxRSS": 398408,
      "systemtime": 148279,
      "usertime": 6612458
     },
     "172508789274": {
      "maxRSS": 398664,
      "systemtime": 148279,
      "usertime": 6612475
     },
     "172508790445": {
      "maxRSS": 399048,
      "systemtime": 148280,
      "usertime": 6612492
     },
     "172508791613": {
      "maxRSS": 399304,
      "systemtime": 148280,
      "usertime": 6612509
     },
     "172508792852": {
      "maxRSS": 399688,
      "systemtime": 148280,
      "usertime": 6616491
     },
     "172508794077": {
      "maxRSS": 399944,
      "systemtime": 148280,
      "usertime": 6616509
     },
     "172508795283": {
      "maxRSS": 400200,
      "systemtime": 148280,
      "usertime": 6616528
     },
     "172508796453": {
      "maxRSS": 400584,
      "systemtime": 148281,
      "usertime": 6620550
     },
     "172508798654": {
      "maxRSS": 401096,
      "systemtime": 148281,
      "usertime": 6620585
     },
     "172508800837": {
      "maxRSS": 401736,
      "systemtime": 148282,
      "usertime": 6624598
     },
     "172508802936": {
      "maxRSS": 402248,
      "systemtime": 148282,
      "usertime": 6624631
     },
     "172508805194": {
      "maxRSS": 402888,
      "systemtime": 148282,
      "usertime": 6628650
     },
     "172508807456": {
      "maxRSS": 403528,
      "systemtime": 148283,
      "usertime": 6628667
     },
     "172508809543": {
      "maxRSS": 404040,
      "systemtime": 152291,
      "usertime": 6628678
     },
     "172508811760": {
      "maxRSS": 404552,
      "systemtime": 152291,
      "usertime": 6628697
     },
     "172508813846": {
      "maxRSS": 405192,
      "systemtime": 152291,
      "usertime": 6632715
     },
     "172508815979": {
      "maxRSS": 405704,
      "systemtime": 152292,
      "usertime": 6632751
     },
     "172508818083": {
      "maxRSS": 406344,
      "systemtime": 152292,
      "usertime": 6636764
     },
     "172508820152": {
      "maxRSS": 406856,
      "systemtime": 152293,
      "usertime": 6640777
     },
     "172508822220": {
      "maxRSS": 407368,
      "systemtime": 152293,
      "usertime": 6640787
     },
     "172508824350": {
      "maxRSS": 407880,
      "systemtime": 152295,
      "usertime": 6644879
     },
     "172508826447": {
      "maxRSS": 408392,
      "systemtime": 152295,
      "usertime": 6644902
     },
     "172508828644": {
      "maxRSS": 409032,
      "systemtime": 152295,
      "usertime": 6648878
     },
     "172508830828": {
      "maxRSS": 409544,
      "systemtime": 152295,
      "usertime": 6648901
     },
     "172508833001": {
      "maxRSS": 410184,
      "systemtime": 152295,
      "usertime": 6652908
     },
     "172508835177": {
      "maxRSS": 410696,
      "systemtime": 152295,
      "usertime": 6652925
     },
     "172508837360": {
      "maxRSS": 411208,
      "systemtime": 152297,
      "usertime": 6656986
     },
     "172508839645": {
      "maxRSS": 411848,
      "systemtime": 152297,
      "usertime": 6657007
     },
     "172508841929": {
      "maxRSS": 412488,
      "systemtime": 152297,
      "usertime": 6660987
     },
     "172508844140": {
      "maxRSS": 413000,
      "systemtime": 152297,
      "usertime": 6665020
     },
     "172508846376": {
      "maxRSS": 413640,
      "systemtime": 152297,
      "usertime": 6665039
     },
     "172508848558": {
      "maxRSS": 414152,
      "systemtime": 152299,
      "usertime": 6669111
     },
     "172508850733": {
      "maxRSS": 414792,
      "systemtime": 152299,
      "usertime": 6669128
     },
     "172508852994": {
      "maxRSS": 415304,
      "systemtime": 152299,
      "usertime": 6673097
     },
     "172508855153": {
      "maxRSS": 415944,
      "systemtime": 152299,
      "usertime": 6673126
     },
     "172508857352": {
      "maxRSS": 416456,
      "systemtime": 152300,
      "usertime": 6677169
     },
     "172508859547": {
      "maxRSS": 417096,
      "systemtime": 152300,
      "usertime": 6677187
     },
     "172508861641": {
      "maxRSS": 417608,
      "systemtime": 152301,
      "usertime": 6681207
     },
     "172508863798": {
      "maxRSS": 418120,
      "systemtime": 152301,
      "usertime": 6681228
     },
     "172508865936": {
      "maxRSS": 418760,
      "systemtime": 152301,
      "usertime": 6685251
     },
     "172508868143": {
      "maxRSS": 419272,
      "systemtime": 152301,
      "usertime": 6689262
     },
     "172508870333": {
      "maxRSS": 419784,
      "systemtime": 152302,
      "usertime": 6689293
     },
     "172508872462": {
      "maxRSS": 420296,
      "systemtime": 152303,
      "usertime": 6693330
     },
     "172508874641": {
      "maxRSS": 420808,
      "systemtime": 152303,
      "usertime": 6693347
     },
     "172508876905": {
      "maxRSS": 421448,
      "systemtime": 152303,
      "usertime": 6696952
     },
     "172508879177": {
      "maxRSS": 421960,
      "systemtime": 152303,
      "usertime": 6696971
     },
     "172508881348": {
      "maxRSS": 422600,
      "systemtime": 152303,
      "usertime": 6700976
     },
     "172508883446": {
      "maxRSS": 423112,
      "systemtime": 152303,
      "usertime": 6701007
     },
     "172508885618": {
      "maxRSS": 423752,
      "systemtime": 152303,
      "usertime": 6705024
     },
     "172508887846": {
      "maxRSS": 424264,
      "systemtime": 152303,
      "usertime": 6705041
     },
     "172508890016": {
      "maxRSS": 424904,
      "systemtime": 152303,
      "usertime": 6709060
     },
     "172508892126": {
      "maxRSS": 425416,
      "systemtime": 152303,
      "usertime": 6713080
     },
     "172508894302": {
      "maxRSS": 425928,
      "systemtime": 152303,
      "usertime": 6713111
     },
     "172508896451": {
      "maxRSS": 426440,
      "systemtime": 152303,
      "usertime": 6717144
     },
     "172508898638": {
      "maxRSS": 427080,
      "systemtime": 152303,
      "usertime": 6717176
     },
     "172508900813": {
      "maxRSS": 427592,
      "systemtime": 152303,
      "usertime": 6721192
     },
     "172508903085": {
      "maxRSS": 428232,
      "systemtime": 152303,
      "usertime": 6721210
     },
     "172508905259": {
      "maxRSS": 428744,
      "systemtime": 152303,
      "usertime": 6725228
     },
     "172508907439": {
      "maxRSS": 429384,
      "systemtime": 152303,
      "usertime": 6725246
     },
     "172508909578": {
      "maxRSS": 429896,
      "systemtime": 152303,
      "usertime": 6729264
     },
     "172508911737": {
      "maxRSS": 430408,
      "systemtime": 152303,
      "usertime": 6729304
     },
     "172508913844": {
      "maxRSS": 430920,
      "systemtime": 152303,
      "usertime": 6733333
     },
     "172508915945": {
      "maxRSS": 431432,
      "systemtime": 152303,
      "usertime": 6733340
     },
     "172508918119": {
      "maxRSS": 432072,
      "systemtime": 152303,
      "usertime": 6737343
     },
     "172508920197": {
      "maxRSS": 432584,
      "systemtime": 152303,
      "usertime": 6741359
     },
     "172508922366": {
      "maxRSS": 433096,
      "systemtime": 152303,
      "usertime": 6741375
     },
     "172508924540": {
      "maxRSS": 433608,
      "systemtime": 152303,
      "usertime": 6745409
     },
     "172508926780": {
      "maxRSS": 434120,
      "systemtime": 152303,
      "usertime": 6745442
     },
     "172508928974": {
      "maxRSS": 434504,
      "systemtime": 152304,
      "usertime": 6749485
     },
     "172508931158": {
      "maxRSS": 435016,
      "systemtime": 152304,
      "usertime": 6749508
     },
     "172508933301": {
      "maxRSS": 435528,
      "systemtime": 152304,
      "usertime": 6753517
     },
     "172508935469": {
      "maxRSS": 436168,
      "systemtime": 152305,
      "usertime": 6753534
     },
     "172508937666": {
      "maxRSS": 436680,
      "systemtime": 152305,
      "usertime": 6757572
     },
     "172508939840": {
      "maxRSS": 437192,
      "systemtime": 152306,
      "usertime": 6757588
     },
     "172508942012": {
      "maxRSS": 437704,
      "systemtime": 152306,
      "usertime": 6761614
     },
     "172508944106": {
      "maxRSS": 438344,
      "systemtime": 152308,
      "usertime": 6765702
     },
     "172508946364": {
      "maxRSS": 438856,
      "systemtime": 152308,
      "usertime": 6765720
     },
     "172508948546": {
      "maxRSS": 439496,
      "systemtime": 152308,
      "usertime": 6769647
     },
     "172508950723": {
      "maxRSS": 440008,
      "systemtime": 152308,
      "usertime": 6769665
     },
     "172508952914": {
      "maxRSS": 440648,
      "systemtime": 152308,
      "usertime": 6773698
     },
     "172508955112": {
      "maxRSS": 441160,
      "systemtime": 152308,
      "usertime": 6773715
     },
     "172508957229": {
      "maxRSS": 441672,
      "systemtime": 152308,
      "usertime": 6777733
     },
     "172508959474": {
      "maxRSS": 442184,
      "systemtime": 152309,
      "usertime": 6777753
     },
     "172508961680": {
      "maxRSS": 442824,
      "systemtime": 152310,
      "usertime": 6781846
     },
     "172508963846": {
      "maxRSS": 443336,
      "systemtime": 152311,
      "usertime": 6781863
     },
     "172508966027": {
      "maxRSS": 443976,
      "systemtime": 152311,
      "usertime": 6785836
     },
     "172508968132": {
      "maxRSS": 444488,
      "systemtime": 152311,
      "usertime": 6789854
     },
     "172508970386": {
      "maxRSS": 445128,
      "systemtime": 152311,
      "usertime": 6789871
     },
     "172508972518": {
      "maxRSS": 445640,
      "systemtime": 156320,
      "usertime": 6789899
     },
     "172508974661": {
      "maxRSS": 446152,
      "systemtime": 156320,
      "usertime": 6789924
     },
     "172508976844": {
      "maxRSS": 446664,
      "systemtime": 156320,
      "usertime": 6793917
     },
     "172508979030": {
      "maxRSS": 447176,
      "systemtime": 156321,
      "usertime": 6793953
     },
     "172508981204": {
      "maxRSS": 447816,
      "systemtime": 156321,
      "usertime": 6797970
     },
     "172508983332": {
      "maxRSS": 448328,
      "systemtime": 156321,
      "usertime": 6797987
     },
     "172508985509": {
      "maxRSS": 448968,
      "systemtime": 156321,
      "usertime": 6802004
     },
     "172508987675": {
      "maxRSS": 449480,
      "systemtime": 156322,
      "usertime": 6802020
     },
     "172508989817": {
      "maxRSS": 449992,
      "systemtime": 156322,
      "usertime": 6806058
     },
     "172508992086": {
      "maxRSS": 450504,
      "systemtime": 156323,
      "usertime": 6810111
     },
     "172508994218": {
      "maxRSS": 451016,
      "systemtime": 156324,
      "usertime": 6810129
     },
     "172508996351": {
      "maxRSS": 451528,
      "systemtime": 160333,
      "usertime": 6810178
     },
     "172508998533": {
      "maxRSS": 452168,
      "systemtime": 160334,
      "usertime": 6810196
     },
     "172509000731": {
      "maxRSS": 452680,
      "systemtime": 160334,
      "usertime": 6814139
     },
     "172509002945": {
      "maxRSS": 453192,
      "systemtime": 160334,
      "usertime": 6814167
     },
     "172509005125": {
      "maxRSS": 453832,
      "systemtime": 160334,
      "usertime": 6818193
     },
     "172509007322": {
      "maxRSS": 454472,
      "systemtime": 160334,
      "usertime": 6818228
     },
     "172509009573": {
      "maxRSS": 455112,
      "systemtime": 160334,
      "usertime": 6822243
     },
     "172509011751": {
      "maxRSS": 455624,
      "systemtime": 160335,
      "usertime": 6822261
     },
     "172509013936": {
      "maxRSS": 456264,
      "systemtime": 160335,
      "usertime": 6826279
     },
     "172509016130": {
      "maxRSS": 456776,
      "systemtime": 160335,
      "usertime": 6830292
     },
     "172509018302": {
      "maxRSS": 457416,
      "systemtime": 160335,
      "usertime": 6830309
     },
     "172509020471": {
      "maxRSS": 457928,
      "systemtime": 160337,
      "usertime": 6834399
     },
     "172509022573": {
      "maxRSS": 458440,
      "systemtime": 160338,
      "usertime": 6834415
     },
     "172509024747": {
      "maxRSS": 459080,
      "systemtime": 160338,
      "usertime": 6838375
     },
     "172509026879": {
      "maxRSS": 459592,
      "systemtime": 160338,
      "usertime": 6838393
     },
     "172509029037": {
      "maxRSS": 460104,
      "systemtime": 160338,
      "usertime": 6842428
     },
     "172509031208": {
      "maxRSS": 460744,
      "systemtime": 160338,
      "usertime": 6842446
     },
     "172509033334": {
      "maxRSS": 461256,
      "systemtime": 160339,
      "usertime": 6846479
     },
     "172509035506": {
      "maxRSS": 461896,
      "systemtime": 160339,
      "usertime": 6846499
     },
     "172509037695": {
      "maxRSS": 462408,
      "systemtime": 160339,
      "usertime": 6850526
     },
     "172509039872": {
      "maxRSS": 463048,
      "systemtime": 160340,
      "usertime": 6850542
     },
     "172509042009": {
      "maxRSS": 463560,
      "systemtime": 160340,
      "usertime": 6854556
     },
     "172509044137": {
      "maxRSS": 464072,
      "systemtime": 160342,
      "usertime": 6858645
     },
     "172509046409": {
      "maxRSS": 464584,
      "systemtime": 160343,
      "usertime": 6858679
     },
     "172509048580": {
      "maxRSS": 465224,
      "systemtime": 160343,
      "usertime": 6862625
     },
     "172509050758": {
      "maxRSS": 465736,
      "systemtime": 160343,
      "usertime": 6862642
     },
     "172509052843": {
      "maxRSS": 466376,
      "systemtime": 160343,
      "usertime": 6866660
     },
     "172509055016": {
      "maxRSS": 466888,
      "systemtime": 160343,
      "usertime": 6866677
     },
     "172509057193": {
      "maxRSS": 467528,
      "systemtime": 160343,
      "usertime": 6870695
     },
     "172509059377": {
      "maxRSS": 467912,
      "systemtime": 160343,
      "usertime": 6870718
     },
     "172509061650": {
      "maxRSS": 468552,
      "systemtime": 160344,
      "usertime": 6874758
     },
     "172509063827": {
      "maxRSS": 469192,
      "systemtime": 160344,
      "usertime": 6874776
     },
     "172509066099": {
      "maxRSS": 469704,
      "systemtime": 160344,
      "usertime": 6878789
     },
     "172509068126": {
      "maxRSS": 470216,
      "systemtime": 164353,
      "usertime": 6878796
     },
     "172509070382": {
      "maxRSS": 470856,
      "systemtime": 164353,
      "usertime": 6878814
     },
     "172509072553": {
      "maxRSS": 471368,
      "systemtime": 164354,
      "usertime": 6882831
     },
     "172509074749": {
      "maxRSS": 471880,
      "systemtime": 164355,
      "usertime": 6882891
     },
     "172509078917": {
      "maxRSS": 472904,
      "systemtime": 164355,
      "usertime": 6886913
     },
     "172509083060": {
      "maxRSS": 474056,
      "systemtime": 164357,
      "usertime": 6890985
     },
     "172509087326": {
      "maxRSS": 475080,
      "systemtime": 164357,
      "usertime": 6894947
     },
     "172509091469": {
      "maxRSS": 475976,
      "systemtime": 164357,
      "usertime": 6898984
     },
     "172509095685": {
      "maxRSS": 476744,
      "systemtime": 168366,
      "usertime": 6899028
     },
     "172509099886": {
      "maxRSS": 477896,
      "systemtime": 168368,
      "usertime": 6903116
     },
     "172509103977": {
      "maxRSS": 478920,
      "systemtime": 168368,
      "usertime": 6907083
     },
     "172509108090": {
      "maxRSS": 479816,
      "systemtime": 168368,
      "usertime": 6915107
     },
     "172509112212": {
      "maxRSS": 480968,
      "systemtime": 168368,
      "usertime": 6919122
     },
     "172509116339": {
      "maxRSS": 481992,
      "systemtime": 168368,
      "usertime": 6923140
     },
     "172509120498": {
      "maxRSS": 483144,
      "systemtime": 168369,
      "usertime": 6927217
     },
     "172509124696": {
      "maxRSS": 484168,
      "systemtime": 168370,
      "usertime": 6931261
     },
     "172509128880": {
      "maxRSS": 485192,
      "systemtime": 168370,
      "usertime": 6935228
     },
     "172509133093": {
      "maxRSS": 486344,
      "systemtime": 168370,
      "usertime": 6939245
     },
     "172509137361": {
      "maxRSS": 487496,
      "systemtime": 168370,
      "usertime": 6943267
     },
     "172509141537": {
      "maxRSS": 488648,
      "systemtime": 168370,
      "usertime": 6947282
     },
     "172509145643": {
      "maxRSS": 489416,
      "systemtime": 168370,
      "usertime": 6951315
     },
     "172509149797": {
      "maxRSS": 490568,
      "systemtime": 168371,
      "usertime": 6955356
     },
     "172509153950": {
      "maxRSS": 491592,
      "systemtime": 168372,
      "usertime": 6959411
     },
     "172509158053": {
      "maxRSS": 492616,
      "systemtime": 168373,
      "usertime": 6963442
     },
     "172509162226": {
      "maxRSS": 493768,
      "systemtime": 168373,
      "usertime": 6967464
     },
     "172509166400": {
      "maxRSS": 494792,
      "systemtime": 168373,
      "usertime": 6971485
     },
     "172509170498": {
      "maxRSS": 495944,
      "systemtime": 172383,
      "usertime": 6971493
     },
     "172509174584": {
      "maxRSS": 496840,
      "systemtime": 172383,
      "usertime": 6975512
     },
     "172509178680": {
      "maxRSS": 497864,
      "systemtime": 172384,
      "usertime": 6979562
     },
     "172509182795": {
      "maxRSS": 498888,
      "systemtime": 176394,
      "usertime": 6979611
     },
     "172509186906": {
      "maxRSS": 500040,
      "systemtime": 176394,
      "usertime": 6983602
     },
     "172509190993": {
      "maxRSS": 501064,
      "systemtime": 176394,
      "usertime": 6987591
     },
     "172509195135": {
      "maxRSS": 502088,
      "systemtime": 176394,
      "usertime": 6991620
     },
     "172509199224": {
      "maxRSS": 503112,
      "systemtime": 176394,
      "usertime": 6995627
     },
     "172509203330": {
      "maxRSS": 504136,
      "systemtime": 176394,
      "usertime": 6999659
     },
     "172509207491": {
      "maxRSS": 505160,
      "systemtime": 176396,
      "usertime": 7003725
     },
     "172509211603": {
      "maxRSS": 506056,
      "systemtime": 176396,
      "usertime": 7007769
     },
     "172509215708": {
      "maxRSS": 507080,
      "systemtime": 176401,
      "usertime": 7011977
     },
     "172509219812": {
      "maxRSS": 508104,
      "systemtime": 176401,
      "usertime": 7015826
     },
     "172509223984": {
      "maxRSS": 509128,
      "systemtime": 176401,
      "usertime": 7019857
     },
     "172509228136": {
      "maxRSS": 510152,
      "systemtime": 184316,
      "usertime": 7020042
     },
     "172509232221": {
      "maxRSS": 511304,
      "systemtime": 184316,
      "usertime": 7024054
     },
     "172509236322": {
      "maxRSS": 512328,
      "systemtime": 184317,
      "usertime": 7028088
     },
     "172509240444": {
      "maxRSS": 513480,
      "systemtime": 184317,
      "usertime": 7032118
     },
     "172509244736": {
      "maxRSS": 514504,
      "systemtime": 184317,
      "usertime": 7036124
     },
     "172509248950": {
      "maxRSS": 515656,
      "systemtime": 184317,
      "usertime": 7040139
     },
     "172509253084": {
      "maxRSS": 516808,
      "systemtime": 184318,
      "usertime": 7044186
     },
     "172509257196": {
      "maxRSS": 517832,
      "systemtime": 184318,
      "usertime": 7048196
     },
     "172509261423": {
      "maxRSS": 518856,
      "systemtime": 184319,
      "usertime": 7052229
     },
     "172509265554": {
      "maxRSS": 519880,
      "systemtime": 184322,
      "usertime": 7056341
     },
     "172509269759": {
      "maxRSS": 521032,
      "systemtime": 188261,
      "usertime": 7056341
     },
     "172509273870": {
      "maxRSS": 522184,
      "systemtime": 188327,
      "usertime": 7060292
     },
     "172509278185": {
      "maxRSS": 523208,
      "systemtime": 188330,
      "usertime": 7064382
     },
     "172509282294": {
      "maxRSS": 524360,
      "systemtime": 188330,
      "usertime": 7068371
     },
     "172509286418": {
      "maxRSS": 525384,
      "systemtime": 188330,
      "usertime": 7072375
     },
     "172509290494": {
      "maxRSS": 526536,
      "systemtime": 192337,
      "usertime": 7072396
     },
     "172509294704": {
      "maxRSS": 527432,
      "systemtime": 192337,
      "usertime": 7076421
     },
     "172509298848": {
      "maxRSS": 528456,
      "systemtime": 192340,
      "usertime": 7080528
     },
     "172509303091": {
      "maxRSS": 529608,
      "systemtime": 192340,
      "usertime": 7084499
     },
     "172509307270": {
      "maxRSS": 530632,
      "systemtime": 192341,
      "usertime": 7088576
     },
     "172509311539": {
      "maxRSS": 531656,
      "systemtime": 192342,
      "usertime": 7092628
     },
     "172509315804": {
      "maxRSS": 532808,
      "systemtime": 196350,
      "usertime": 7092654
     },
     "172509319975": {
      "maxRSS": 533832,
      "systemtime": 200358,
      "usertime": 7092691
     },
     "172509324169": {
      "maxRSS": 534984,
      "systemtime": 208373,
      "usertime": 7092698
     },
     "172509328308": {
      "maxRSS": 536008,
      "systemtime": 208373,
      "usertime": 7096716
     },
     "172509332471": {
      "maxRSS": 537160,
      "systemtime": 208374,
      "usertime": 7100763
     },
     "172509336576": {
      "maxRSS": 538184,
      "systemtime": 208375,
      "usertime": 7104791
     },
     "172509340758": {
      "maxRSS": 539208,
      "systemtime": 208377,
      "usertime": 7108875
     },
     "172509344916": {
      "maxRSS": 540360,
      "systemtime": 208377,
      "usertime": 7112834
     },
     "172509349097": {
      "maxRSS": 541384,
      "systemtime": 208377,
      "usertime": 7116909
     },
     "172509353334": {
      "maxRSS": 542536,
      "systemtime": 208377,
      "usertime": 7120890
     },
     "172509357524": {
      "maxRSS": 543688,
      "systemtime": 208377,
      "usertime": 7124916
     },
     "172509361623": {
      "maxRSS": 544584,
      "systemtime": 208377,
      "usertime": 7128926
     },
     "172509365800": {
      "maxRSS": 545736,
      "systemtime": 208378,
      "usertime": 7132956
     },
     "172509370087": {
      "maxRSS": 546888,
      "systemtime": 212386,
      "usertime": 7132974
     },
     "172509374284": {
      "maxRSS": 547912,
      "systemtime": 212386,
      "usertime": 7136995
     },
     "172509378458": {
      "maxRSS": 549064,
      "systemtime": 212388,
      "usertime": 7141055
     },
     "172509382656": {
      "maxRSS": 550216,
      "systemtime": 212388,
      "usertime": 7145028
     },
     "172509386849": {
      "maxRSS": 551240,
      "systemtime": 212389,
      "usertime": 7149117
     },
     "172509391023": {
      "maxRSS": 552392,
      "systemtime": 212390,
      "usertime": 7153136
     },
     "172509395198": {
      "maxRSS": 553416,
      "systemtime": 212390,
      "usertime": 7157100
     },
     "172509399416": {
      "maxRSS": 554568,
      "systemtime": 212390,
      "usertime": 7161121
     },
     "172509403593": {
      "maxRSS": 555592,
      "systemtime": 212390,
      "usertime": 7165150
     },
     "172509407860": {
      "maxRSS": 556744,
      "systemtime": 212390,
      "usertime": 7169164
     },
     "172509411966": {
      "maxRSS": 557896,
      "systemtime": 212390,
      "usertime": 7173200
     },
     "172509416145": {
      "maxRSS": 558152,
      "systemtime": 212391,
      "usertime": 7181224
     },
     "172509420228": {
      "maxRSS": 558152,
      "systemtime": 212391,
      "usertime": 7185251
     },
     "172509424378": {
      "maxRSS": 558152,
      "systemtime": 212417,
      "usertime": 7189257
     },
     "172509426253": {
      "maxRSS": 558152,
      "systemtime": 212454,
      "usertime": 7191395
     },
     "172509427359": {
      "maxRSS": 558152,
      "systemtime": 212455,
      "usertime": 7191420
     },
     "172509428513": {
      "maxRSS": 558152,
      "systemtime": 212455,
      "usertime": 7193330
     },
     "172509429697": {
      "maxRSS": 558152,
      "systemtime": 212455,
      "usertime": 7193349
     },
     "172509430823": {
      "maxRSS": 558152,
      "systemtime": 212455,
      "usertime": 7193371
     },
     "172509431982": {
      "maxRSS": 558152,
      "systemtime": 212455,
      "usertime": 7193393
     },
     "172509433118": {
      "maxRSS": 558152,
      "systemtime": 212455,
      "usertime": 7197412
     },
     "172509434378": {
      "maxRSS": 558152,
      "systemtime": 212455,
      "usertime": 7197429
     },
     "172509435608": {
      "maxRSS": 558152,
      "systemtime": 212455,
      "usertime": 7197469
     },
     "172509436830": {
      "maxRSS": 558152,
      "systemtime": 212455,
      "usertime": 7201489
     },
     "172509438101": {
      "maxRSS": 558152,
      "systemtime": 212455,
      "usertime": 7201510
     },
     "172509439282": {
      "maxRSS": 558152,
      "systemtime": 212455,
      "usertime": 7201529
     },
     "172509440461": {
      "maxRSS": 558152,
      "systemtime": 212455,
      "usertime": 7205547
     },
     "172509441628": {
      "maxRSS": 558152,
      "systemtime": 212455,
      "usertime": 7205568
     },
     "172509442817": {
      "maxRSS": 558152,
      "systemtime": 212455,
      "usertime": 7205585
     },
     "172509443931": {
      "maxRSS": 558152,
      "systemtime": 212455,
      "usertime": 7205628
     },
     "172509445148": {
      "maxRSS": 558152,
      "systemtime": 212455,
      "usertime": 7209695
     },
     "172509446376": {
      "maxRSS": 558152,
      "systemtime": 212455,
      "usertime": 7209720
     },
     "172509447470": {
      "maxRSS": 558152,
      "systemtime": 212455,
      "usertime": 7209743
     },
     "172509448643": {
      "maxRSS": 558152,
      "systemtime": 212455,
      "usertime": 7213775
     },
     "172509449817": {
      "maxRSS": 558152,
      "systemtime": 212455,
      "usertime": 7213794
     },
     "172509451015": {
      "maxRSS": 558152,
      "systemtime": 212455,
      "usertime": 7213833
     },
     "172509452092": {
      "maxRSS": 558152,
      "systemtime": 212455,
      "usertime": 7217790
     },
     "172509453242": {
      "maxRSS": 558152,
      "systemtime": 212455,
      "usertime": 7217810
     },
     "172509454424": {
      "maxRSS": 558152,
      "systemtime": 212455,
      "usertime": 7217827
     },
     "172509455600": {
      "maxRSS": 558152,
      "systemtime": 212455,
      "usertime": 7217844
     },
     "172509456782": {
      "maxRSS": 558152,
      "systemtime": 212455,
      "usertime": 7221862
     },
     "172509457971": {
      "maxRSS": 558152,
      "systemtime": 212455,
      "usertime": 7221893
     },
     "172509459155": {
      "maxRSS": 558152,
      "systemtime": 212455,
      "usertime": 7221909
     },
     "172509460289": {
      "maxRSS": 558152,
      "systemtime": 212455,
      "usertime": 7225938
     },
     "172509461464": {
      "maxRSS": 558152,
      "systemtime": 212455,
      "usertime": 7225958
     },
     "172509462641": {
      "maxRSS": 558152,
      "systemtime": 212455,
      "usertime": 7225975
     },
     "172509463811": {
      "maxRSS": 558152,
      "systemtime": 212455,
      "usertime": 7225992
     },
     "172509464998": {
      "maxRSS": 558152,
      "systemtime": 212455,
      "usertime": 7230012
     },
     "172509466174": {
      "maxRSS": 558152,
      "systemtime": 212455,
      "usertime": 7230029
     },
     "172509467269": {
      "maxRSS": 558152,
      "systemtime": 212455,
      "usertime": 7230048
     },
     "172509468496": {
      "maxRSS": 558152,
      "systemtime": 212455,
      "usertime": 7234133
     },
     "172509469644": {
      "maxRSS": 558152,
      "systemtime": 212455,
      "usertime": 7234153
     },
     "172509470735": {
      "maxRSS": 558152,
      "systemtime": 212455,
      "usertime": 7234173
     },
     "172509471837": {
      "maxRSS": 558152,
      "systemtime": 212455,
      "usertime": 7234201
     },
     "172509473023": {
      "maxRSS": 558152,
      "systemtime": 212455,
      "usertime": 7238232
     },
     "172509474151": {
      "maxRSS": 558152,
      "systemtime": 212455,
      "usertime": 7238274
     },
     "172509475260": {
      "maxRSS": 558152,
      "systemtime": 212455,
      "usertime": 7238305
     },
     "172509476350": {
      "maxRSS": 558152,
      "systemtime": 212455,
      "usertime": 7242328
     },
     "172509477438": {
      "maxRSS": 558152,
      "systemtime": 212455,
      "usertime": 7242349
     },
     "172509478623": {
      "maxRSS": 558152,
      "systemtime": 212455,
      "usertime": 7242376
     },
     "172509479761": {
      "maxRSS": 558152,
      "systemtime": 212455,
      "usertime": 7242436
     },
     "172509480960": {
      "maxRSS": 558152,
      "systemtime": 212455,
      "usertime": 7246468
     },
     "172509482106": {
      "maxRSS": 558152,
      "systemtime": 212455,
      "usertime": 7246498
     },
     "172509483247": {
      "maxRSS": 558152,
      "systemtime": 212455,
      "usertime": 7246530
     },
     "172509484394": {
      "maxRSS": 558152,
      "systemtime": 212455,
      "usertime": 7250568
     },
     "172509485559": {
      "maxRSS": 558152,
      "systemtime": 212455,
      "usertime": 7250598
     },
     "172509486767": {
      "maxRSS": 558152,
      "systemtime": 212455,
      "usertime": 7250673
     },
     "172509487869": {
      "maxRSS": 558152,
      "systemtime": 212455,
      "usertime": 7250699
     },
     "172509488959": {
      "maxRSS": 558152,
      "systemtime": 212455,
      "usertime": 7254720
     },
     "172509490057": {
      "maxRSS": 558152,
      "systemtime": 212455,
      "usertime": 7254739
     },
     "172509491157": {
      "maxRSS": 558152,
      "systemtime": 212455,
      "usertime": 7254762
     },
     "172509492244": {
      "maxRSS": 558152,
      "systemtime": 212455,
      "usertime": 7258773
     },
     "172509493370": {
      "maxRSS": 558152,
      "systemtime": 212455,
      "usertime": 7258824
     },
     "172509494527": {
      "maxRSS": 558152,
      "systemtime": 212455,
      "usertime": 7258853
     },
     "172509495728": {
      "maxRSS": 558152,
      "systemtime": 212455,
      "usertime": 7258882
     },
     "172509496903": {
      "maxRSS": 558152,
      "systemtime": 212455,
      "usertime": 7262910
     },
     "172509498196": {
      "maxRSS": 558152,
      "systemtime": 212455,
      "usertime": 7262945
     },
     "172509499309": {
      "maxRSS": 558152,
      "systemtime": 212455,
      "usertime": 7262978
     },
     "172509500550": {
      "maxRSS": 558152,
      "systemtime": 212455,
      "usertime": 7267005
     },
     "172509501766": {
      "maxRSS": 558152,
      "systemtime": 212455,
      "usertime": 7267056
     },
     "172509502873": {
      "maxRSS": 558152,
      "systemtime": 212455,
      "usertime": 7267084
     },
     "172509504072": {
      "maxRSS": 558152,
      "systemtime": 212455,
      "usertime": 7271124
     },
     "172509505259": {
      "maxRSS": 558152,
      "systemtime": 212455,
      "usertime": 7271153
     },
     "172509506436": {
      "maxRSS": 558152,
      "systemtime": 212455,
      "usertime": 7271176
     },
     "172509507613": {
      "maxRSS": 558152,
      "systemtime": 212455,
      "usertime": 7271198
     },
     "172509508783": {
      "maxRSS": 558152,
      "systemtime": 212455,
      "usertime": 7275249
     },
     "172509509961": {
      "maxRSS": 558152,
      "systemtime": 212455,
      "usertime": 7275272
     },
     "172509511077": {
      "maxRSS": 558152,
      "systemtime": 212455,
      "usertime": 7275290
     },
     "172509512212": {
      "maxRSS": 558152,
      "systemtime": 212455,
      "usertime": 7279314
     },
     "172509513412": {
      "maxRSS": 558152,
      "systemtime": 212455,
      "usertime": 7279338
     },
     "172509514591": {
      "maxRSS": 558152,
      "systemtime": 212455,
      "usertime": 7279361
     },
     "172509515873": {
      "maxRSS": 558152,
      "systemtime": 212455,
      "usertime": 7279442
     },
     "172509517066": {
      "maxRSS": 558152,
      "systemtime": 212455,
      "usertime": 7283469
     },
     "172509518359": {
      "maxRSS": 558152,
      "systemtime": 212455,
      "usertime": 7283497
     },
     "172509519506": {
      "maxRSS": 558152,
      "systemtime": 212455,
      "usertime": 7283525
     },
     "172509520687": {
      "maxRSS": 558152,
      "systemtime": 212455,
      "usertime": 7287585
     },
     "172509521887": {
      "maxRSS": 558152,
      "systemtime": 212455,
      "usertime": 7287617
     },
     "172509523062": {
      "maxRSS": 558152,
      "systemtime": 212456,
      "usertime": 7287670
     },
     "172509524234": {
      "maxRSS": 558152,
      "systemtime": 212456,
      "usertime": 7291665
     },
     "172509525421": {
      "maxRSS": 558152,
      "systemtime": 212457,
      "usertime": 7291690
     },
     "172509526612": {
      "maxRSS": 558152,
      "systemtime": 212457,
      "usertime": 7291714
     },
     "172509527753": {
      "maxRSS": 558152,
      "systemtime": 212458,
      "usertime": 7291736
     },
     "172509529018": {
      "maxRSS": 558152,
      "systemtime": 212458,
      "usertime": 7295754
     },
     "172509530194": {
      "maxRSS": 558152,
      "systemtime": 212459,
      "usertime": 7295771
     },
     "172509531398": {
      "maxRSS": 558152,
      "systemtime": 212460,
      "usertime": 7295812
     },
     "172509532574": {
      "maxRSS": 558152,
      "systemtime": 212460,
      "usertime": 7299830
     },
     "172509533746": {
      "maxRSS": 558152,
      "systemtime": 212461,
      "usertime": 7299847
     },
     "172509534920": {
      "maxRSS": 558152,
      "systemtime": 212461,
      "usertime": 7299863
     },
     "172509536078": {
      "maxRSS": 558152,
      "systemtime": 212462,
      "usertime": 7303882
     },
     "172509537384": {
      "maxRSS": 558152,
      "systemtime": 212462,
      "usertime": 7303903
     },
     "172509538676": {
      "maxRSS": 558152,
      "systemtime": 212463,
      "usertime": 7303938
     },
     "172509539846": {
      "maxRSS": 558152,
      "systemtime": 212464,
      "usertime": 7303956
     },
     "172509541015": {
      "maxRSS": 558152,
      "systemtime": 212464,
      "usertime": 7307976
     },
     "172509542102": {
      "maxRSS": 558152,
      "systemtime": 212464,
      "usertime": 7307992
     },
     "172509543253": {
      "maxRSS": 558152,
      "systemtime": 212465,
      "usertime": 7308010
     },
     "172509544375": {
      "maxRSS": 558152,
      "systemtime": 212465,
      "usertime": 7312026
     },
     "172509545647": {
      "maxRSS": 558152,
      "systemtime": 212466,
      "usertime": 7312053
     },
     "172509546828": {
      "maxRSS": 558152,
      "systemtime": 212466,
      "usertime": 7312070
     },
     "172509547916": {
      "maxRSS": 558152,
      "systemtime": 212467,
      "usertime": 7312087
     },
     "172509549094": {
      "maxRSS": 558152,
      "systemtime": 212467,
      "usertime": 7316105
     },
     "172509550196": {
      "maxRSS": 558152,
      "systemtime": 212468,
      "usertime": 7316122
     },
     "172509551400": {
      "maxRSS": 558152,
      "systemtime": 212468,
      "usertime": 7316139
     },
     "172509552559": {
      "maxRSS": 558152,
      "systemtime": 212469,
      "usertime": 7320168
     },
     "172509553834": {
      "maxRSS": 558152,
      "systemtime": 212469,
      "usertime": 7320186
     },
     "172509555008": {
      "maxRSS": 558152,
      "systemtime": 212470,
      "usertime": 7320204
     },
     "172509556117": {
      "maxRSS": 558152,
      "systemtime": 212470,
      "usertime": 7324222
     },
     "172509557248": {
      "maxRSS": 558152,
      "systemtime": 212471,
      "usertime": 7324238
     },
     "172509558430": {
      "maxRSS": 558152,
      "systemtime": 212471,
      "usertime": 7324260
     },
     "172509559527": {
      "maxRSS": 558152,
      "systemtime": 212472,
      "usertime": 7324281
     },
     "172509560668": {
      "maxRSS": 558152,
      "systemtime": 212473,
      "usertime": 7328342
     },
     "172509561849": {
      "maxRSS": 558152,
      "systemtime": 212474,
      "usertime": 7328360
     },
     "172509563019": {
      "maxRSS": 558152,
      "systemtime": 212474,
      "usertime": 7328378
     },
     "172509564113": {
      "maxRSS": 558152,
      "systemtime": 212475,
      "usertime": 7332396
     },
     "172509565219": {
      "maxRSS": 558152,
      "systemtime": 212475,
      "usertime": 7332413
     },
     "172509566388": {
      "maxRSS": 558152,
      "systemtime": 212476,
      "usertime": 7332430
     },
     "172509567586": {
      "maxRSS": 558152,
      "systemtime": 212477,
      "usertime": 7332469
     },
     "172509568675": {
      "maxRSS": 558152,
      "systemtime": 212477,
      "usertime": 7336485
     },
     "172509569766": {
      "maxRSS": 558152,
      "systemtime": 212477,
      "usertime": 7336504
     },
     "172509570943": {
      "maxRSS": 558152,
      "systemtime": 212478,
      "usertime": 7336524
     },
     "172509572037": {
      "maxRSS": 558152,
      "systemtime": 212479,
      "usertime": 7340551
     },
     "172509573240": {
      "maxRSS": 558152,
      "systemtime": 212479,
      "usertime": 7340568
     },
     "172509574532": {
      "maxRSS": 558152,
      "systemtime": 212480,
      "usertime": 7340608
     },
     "172509576697": {
      "maxRSS": 558152,
      "systemtime": 212480,
      "usertime": 7344615
     },
     "172509578870": {
      "maxRSS": 558152,
      "systemtime": 212481,
      "usertime": 7344632
     },
     "172509581020": {
      "maxRSS": 558152,
      "systemtime": 212481,
      "usertime": 7348649
     },
     "172509583186": {
      "maxRSS": 558152,
      "systemtime": 212482,
      "usertime": 7348672
     },
     "172509585335": {
      "maxRSS": 558152,
      "systemtime": 212483,
      "usertime": 7352741
     },
     "172509587453": {
      "maxRSS": 558152,
      "systemtime": 212485,
      "usertime": 7352790
     },
     "172509589630": {
      "maxRSS": 558152,
      "systemtime": 212487,
      "usertime": 7356870
     },
     "172509591719": {
      "maxRSS": 558152,
      "systemtime": 212487,
      "usertime": 7356887
     },
     "172509593848": {
      "maxRSS": 558152,
      "systemtime": 212487,
      "usertime": 7360840
     },
     "172509595958": {
      "maxRSS": 558152,
      "systemtime": 212487,
      "usertime": 7360854
     },
     "172509598060": {
      "maxRSS": 558152,
      "systemtime": 212487,
      "usertime": 7364868
     },
     "172509600127": {
      "maxRSS": 558152,
      "systemtime": 212487,
      "usertime": 7368878
     },
     "172509602308": {
      "maxRSS": 558152,
      "systemtime": 212488,
      "usertime": 7368925
     },
     "172509604405": {
      "maxRSS": 558152,
      "systemtime": 212489,
      "usertime": 7372990
     },
     "172509606521": {
      "maxRSS": 558152,
      "systemtime": 212490,
      "usertime": 7373010
     },
     "172509608716": {
      "maxRSS": 558152,
      "systemtime": 212490,
      "usertime": 7376990
     },
     "172509610809": {
      "maxRSS": 558152,
      "systemtime": 212490,
      "usertime": 7377011
     },
     "172509612990": {
      "maxRSS": 558152,
      "systemtime": 212490,
      "usertime": 7381026
     },
     "172509615142": {
      "maxRSS": 558280,
      "systemtime": 212491,
      "usertime": 7381071
     },
     "172509617258": {
      "maxRSS": 558280,
      "systemtime": 212491,
      "usertime": 7385091
     },
     "172509619354": {
      "maxRSS": 558280,
      "systemtime": 212492,
      "usertime": 7385120
     },
     "172509621450": {
      "maxRSS": 558280,
      "systemtime": 212494,
      "usertime": 7389192
     },
     "172509623577": {
      "maxRSS": 558280,
      "systemtime": 212494,
      "usertime": 7389212
     },
     "172509625702": {
      "maxRSS": 558280,
      "systemtime": 212494,
      "usertime": 7393185
     },
     "172509627822": {
      "maxRSS": 558280,
      "systemtime": 212495,
      "usertime": 7393232
     },
     "172509629915": {
      "maxRSS": 558280,
      "systemtime": 212495,
      "usertime": 7397258
     },
     "172509632027": {
      "maxRSS": 558280,
      "systemtime": 212495,
      "usertime": 7401268
     },
     "172509634173": {
      "maxRSS": 558280,
      "systemtime": 212496,
      "usertime": 7401308
     },
     "172509636267": {
      "maxRSS": 558280,
      "systemtime": 212497,
      "usertime": 7405354
     },
     "172509638359": {
      "maxRSS": 558280,
      "systemtime": 212498,
      "usertime": 7405377
     },
     "172509640511": {
      "maxRSS": 558280,
      "systemtime": 212499,
      "usertime": 7409420
     },
     "172509642709": {
      "maxRSS": 558280,
      "systemtime": 212500,
      "usertime": 7409442
     },
     "172509644983": {
      "maxRSS": 558280,
      "systemtime": 212500,
      "usertime": 7413460
     },
     "172509647109": {
      "maxRSS": 558280,
      "systemtime": 212501,
      "usertime": 7413480
     },
     "172509649206": {
      "maxRSS": 558280,
      "systemtime": 212501,
      "usertime": 7417503
     },
     "172509651288": {
      "maxRSS": 558280,
      "systemtime": 212502,
      "usertime": 7417524
     },
     "172509653433": {
      "maxRSS": 558280,
      "systemtime": 212503,
      "usertime": 7421571
     },
     "172509655570": {
      "maxRSS": 558280,
      "systemtime": 212504,
      "usertime": 7421618
     },
     "172509657649": {
      "maxRSS": 558280,
      "systemtime": 212504,
      "usertime": 7425638
     },
     "172509659719": {
      "maxRSS": 558280,
      "systemtime": 212505,
      "usertime": 7425650
     },
     "172509661808": {
      "maxRSS": 558280,
      "systemtime": 212505,
      "usertime": 7429668
     },
     "172509663912": {
      "maxRSS": 558280,
      "systemtime": 212506,
      "usertime": 7429701
     },
     "172509666068": {
      "maxRSS": 558280,
      "systemtime": 212508,
      "usertime": 7433777
     },
     "172509668219": {
      "maxRSS": 558280,
      "systemtime": 212509,
      "usertime": 7437829
     },
     "172509670330": {
      "maxRSS": 558280,
      "systemtime": 212509,
      "usertime": 7437846
     },
     "172509672446": {
      "maxRSS": 558280,
      "systemtime": 212509,
      "usertime": 7441851
     },
     "172509674537": {
      "maxRSS": 558280,
      "systemtime": 212510,
      "usertime": 7441871
     },
     "172509676654": {
      "maxRSS": 558280,
      "systemtime": 212510,
      "usertime": 7445891
     },
     "172509678768": {
      "maxRSS": 558280,
      "systemtime": 212511,
      "usertime": 7445931
     },
     "172509680968": {
      "maxRSS": 558280,
      "systemtime": 212514,
      "usertime": 7450048
     },
     "172509683073": {
      "maxRSS": 558280,
      "systemtime": 212515,
      "usertime": 7450078
     },
     "172509685197": {
      "maxRSS": 558280,
      "systemtime": 212515,
      "usertime": 7454070
     },
     "172509687334": {
      "maxRSS": 558280,
      "systemtime": 212515,
      "usertime": 7454095
     },
     "172509689498": {
      "maxRSS": 558280,
      "systemtime": 212516,
      "usertime": 7458135
     },
     "172509691626": {
      "maxRSS": 558280,
      "systemtime": 212517,
      "usertime": 7458155
     },
     "172509693744": {
      "maxRSS": 558280,
      "systemtime": 212518,
      "usertime": 7462195
     },
     "172509695901": {
      "maxRSS": 558280,
      "systemtime": 212518,
      "usertime": 7462213
     },
     "172509698156": {
      "maxRSS": 558280,
      "systemtime": 212519,
      "usertime": 7466236
     },
     "172509700242": {
      "maxRSS": 558280,
      "systemtime": 212519,
      "usertime": 7470256
     },
     "172509702338": {
      "maxRSS": 558280,
      "systemtime": 212519,
      "usertime": 7470278
     },
     "172509704530": {
      "maxRSS": 558280,
      "systemtime": 212520,
      "usertime": 7474317
     },
     "172509706634": {
      "maxRSS": 558280,
      "systemtime": 212521,
      "usertime": 7474355
     },
     "172509708757": {
      "maxRSS": 558280,
      "systemtime": 212521,
      "usertime": 7478366
     },
     "172509710847": {
      "maxRSS": 558280,
      "systemtime": 212522,
      "usertime": 7478386
     },
     "172509712973": {
      "maxRSS": 558280,
      "systemtime": 212522,
      "usertime": 7482410
     },
     "172509715054": {
      "maxRSS": 558280,
      "systemtime": 212523,
      "usertime": 7482432
     },
     "172509717165": {
      "maxRSS": 558280,
      "systemtime": 212524,
      "usertime": 7486461
     },
     "172509719427": {
      "maxRSS": 558280,
      "systemtime": 212525,
      "usertime": 7486514
     },
     "172509721556": {
      "maxRSS": 558280,
      "systemtime": 212527,
      "usertime": 7490599
     },
     "172509723637": {
      "maxRSS": 558280,
      "systemtime": 212528,
      "usertime": 7490618
     },
     "172509725745": {
      "maxRSS": 558280,
      "systemtime": 212528,
      "usertime": 7494601
     },
     "172509727840": {
      "maxRSS": 558280,
      "systemtime": 212528,
      "usertime": 7494625
     },
     "172509730064": {
      "maxRSS": 558280,
      "systemtime": 212529,
      "usertime": 7498666
     },
     "172509732146": {
      "maxRSS": 558280,
      "systemtime": 212529,
      "usertime": 7502674
     },
     "172509734260": {
      "maxRSS": 558280,
      "systemtime": 212530,
      "usertime": 7502713
     },
     "172509736349": {
      "maxRSS": 558280,
      "systemtime": 212530,
      "usertime": 7506741
     },
     "172509738476": {
      "maxRSS": 558280,
      "systemtime": 212531,
      "usertime": 7506774
     },
     "172509740593": {
      "maxRSS": 558280,
      "systemtime": 212532,
      "usertime": 7510831
     },
     "172509742686": {
      "maxRSS": 558280,
      "systemtime": 212533,
      "usertime": 7510858
     },
     "172509744891": {
      "maxRSS": 558280,
      "systemtime": 212533,
      "usertime": 7514877
     },
     "172509747030": {
      "maxRSS": 558280,
      "systemtime": 212534,
      "usertime": 7514915
     },
     "172509749142": {
      "maxRSS": 558280,
      "systemtime": 212535,
      "usertime": 7518936
     },
     "172509751232": {
      "maxRSS": 558280,
      "systemtime": 212535,
      "usertime": 7518960
     },
     "172509753411": {
      "maxRSS": 558280,
      "systemtime": 212536,
      "usertime": 7522983
     },
     "172509755644": {
      "maxRSS": 558280,
      "systemtime": 212537,
      "usertime": 7523012
     },
     "172509757741": {
      "maxRSS": 558280,
      "systemtime": 212537,
      "usertime": 7527036
     },
     "172509759859": {
      "maxRSS": 558280,
      "systemtime": 212538,
      "usertime": 7527082
     },
     "172509761944": {
      "maxRSS": 558280,
      "systemtime": 212540,
      "usertime": 7531161
     },
     "172509764067": {
      "maxRSS": 558280,
      "systemtime": 212540,
      "usertime": 7535145
     },
     "172509766153": {
      "maxRSS": 558280,
      "systemtime": 212540,
      "usertime": 7535167
     },
     "172509768259": {
      "maxRSS": 558280,
      "systemtime": 212541,
      "usertime": 7539203
     },
     "172509770394": {
      "maxRSS": 558280,
      "systemtime": 212542,
      "usertime": 7539246
     },
     "172509772515": {
      "maxRSS": 558280,
      "systemtime": 212542,
      "usertime": 7543270
     },
     "172509774720": {
      "maxRSS": 558280,
      "systemtime": 212545,
      "usertime": 7543360
     },
     "172509776878": {
      "maxRSS": 558280,
      "systemtime": 212546,
      "usertime": 7547398
     },
     "172509779022": {
      "maxRSS": 558280,
      "systemtime": 212547,
      "usertime": 7547432
     },
     "172509781265": {
      "maxRSS": 558280,
      "systemtime": 212547,
      "usertime": 7551468
     },
     "172509783395": {
      "maxRSS": 558280,
      "systemtime": 212548,
      "usertime": 7551497
     },
     "172509785579": {
      "maxRSS": 558280,
      "systemtime": 212550,
      "usertime": 7555572
     },
     "172509787736": {
      "maxRSS": 558280,
      "systemtime": 212552,
      "usertime": 7555641
     },
     "172509789844": {
      "maxRSS": 558280,
      "systemtime": 212552,
      "usertime": 7559637
     },
     "172509792063": {
      "maxRSS": 558280,
      "systemtime": 212552,
      "usertime": 7563671
     },
     "172509794225": {
      "maxRSS": 558280,
      "systemtime": 212553,
      "usertime": 7563711
     },
     "172509796371": {
      "maxRSS": 558280,
      "systemtime": 212554,
      "usertime": 7567736
     },
     "172509798531": {
      "maxRSS": 558280,
      "systemtime": 212555,
      "usertime": 7567768
     },
     "172509800671": {
      "maxRSS": 558280,
      "systemtime": 212556,
      "usertime": 7571822
     },
     "172509802921": {
      "maxRSS": 558280,
      "systemtime": 212557,
      "usertime": 7571855
     },
     "172509805163": {
      "maxRSS": 558280,
      "systemtime": 212558,
      "usertime": 7575892
     },
     "172509807342": {
      "maxRSS": 558280,
      "systemtime": 212558,
      "usertime": 7575916
     },
     "172509809492": {
      "maxRSS": 558280,
      "systemtime": 212559,
      "usertime": 7579937
     },
     "172509811684": {
      "maxRSS": 558280,
      "systemtime": 212560,
      "usertime": 7579970
     },
     "172509813900": {
      "maxRSS": 558280,
      "systemtime": 212561,
      "usertime": 7584029
     },
     "172509816092": {
      "maxRSS": 558280,
      "systemtime": 212561,
      "usertime": 7588054
     },
     "172509818265": {
      "maxRSS": 558280,
      "systemtime": 212562,
      "usertime": 7588078
     },
     "172509820401": {
      "maxRSS": 558280,
      "systemtime": 212562,
      "usertime": 7592101
     },
     "172509822578": {
      "maxRSS": 558280,
      "systemtime": 212563,
      "usertime": 7592119
     },
     "172509824755": {
      "maxRSS": 558280,
      "systemtime": 212563,
      "usertime": 7596136
     },
     "172509826952": {
      "maxRSS": 558280,
      "systemtime": 212563,
      "usertime": 7596152
     },
     "172509829156": {
      "maxRSS": 558280,
      "systemtime": 212564,
      "usertime": 7600196
     },
     "172509831342": {
      "maxRSS": 558280,
      "systemtime": 212565,
      "usertime": 7600216
     },
     "172509833489": {
      "maxRSS": 558280,
      "systemtime": 212566,
      "usertime": 7604251
     },
     "172509835619": {
      "maxRSS": 558280,
      "systemtime": 212567,
      "usertime": 7604299
     },
     "172509837740": {
      "maxRSS": 558280,
      "systemtime": 212575,
      "usertime": 7608581
     },
     "172509839866": {
      "maxRSS": 558280,
      "systemtime": 212575,
      "usertime": 7608607
     },
     "172509841994": {
      "maxRSS": 558280,
      "systemtime": 212575,
      "usertime": 7612412
     },
     "172509844072": {
      "maxRSS": 558280,
      "systemtime": 212575,
      "usertime": 7612437
     },
     "172509846222": {
      "maxRSS": 558280,
      "systemtime": 212575,
      "usertime": 7616544
     },
     "172509848369": {
      "maxRSS": 558280,
      "systemtime": 212575,
      "usertime": 7620499
     },
     "172509852482": {
      "maxRSS": 558280,
      "systemtime": 212575,
      "usertime": 7624520
     },
     "172509856661": {
      "maxRSS": 558280,
      "systemtime": 212575,
      "usertime": 7628541
     },
     "172509860823": {
      "maxRSS": 558280,
      "systemtime": 212575,
      "usertime": 7632591
     },
     "172509865004": {
      "maxRSS": 558280,
      "systemtime": 212575,
      "usertime": 7636604
     },
     "172509869090": {
      "maxRSS": 558280,
      "systemtime": 212575,
      "usertime": 7640623
     },
     "172509873174": {
      "maxRSS": 558280,
      "systemtime": 212575,
      "usertime": 7644644
     },
     "172509877259": {
      "maxRSS": 558280,
      "systemtime": 212575,
      "usertime": 7648660
     },
     "172509881332": {
      "maxRSS": 558280,
      "systemtime": 212575,
      "usertime": 7652674
     },
     "172509885560": {
      "maxRSS": 558280,
      "systemtime": 212575,
      "usertime": 7656722
     },
     "172509889673": {
      "maxRSS": 558280,
      "systemtime": 212577,
      "usertime": 7660814
     },
     "172509893749": {
      "maxRSS": 558280,
      "systemtime": 212577,
      "usertime": 7664758
     },
     "172509897892": {
      "maxRSS": 558280,
      "systemtime": 212577,
      "usertime": 7668784
     },
     "172509902031": {
      "maxRSS": 558280,
      "systemtime": 212582,
      "usertime": 7673018
     },
     "172509906142": {
      "maxRSS": 558280,
      "systemtime": 212582,
      "usertime": 7676892
     },
     "172509910257": {
      "maxRSS": 558280,
      "systemtime": 212582,
      "usertime": 7680903
     },
     "172509914366": {
      "maxRSS": 558280,
      "systemtime": 212582,
      "usertime": 7684953
     },
     "172509918442": {
      "maxRSS": 558280,
      "systemtime": 212582,
      "usertime": 7688969
     },
     "172509922516": {
      "maxRSS": 558280,
      "systemtime": 212582,
      "usertime": 7693057
     },
     "172509926698": {
      "maxRSS": 558280,
      "systemtime": 212582,
      "usertime": 7697067
     },
     "172509930994": {
      "maxRSS": 558280,
      "systemtime": 212582,
      "usertime": 7701110
     },
     "172509935165": {
      "maxRSS": 558280,
      "systemtime": 212582,
      "usertime": 7705101
     },
     "172509939380": {
      "maxRSS": 558280,
      "systemtime": 212583,
      "usertime": 7709162
     },
     "172509943556": {
      "maxRSS": 558280,
      "systemtime": 212583,
      "usertime": 7713178
     },
     "172509947828": {
      "maxRSS": 558280,
      "systemtime": 212583,
      "usertime": 7717197
     },
     "172509952031": {
      "maxRSS": 558280,
      "systemtime": 212583,
      "usertime": 7725218
     },
     "172509956117": {
      "maxRSS": 558280,
      "systemtime": 212584,
      "usertime": 7729241
     },
     "172509960201": {
      "maxRSS": 558280,
      "systemtime": 212584,
      "usertime": 7733262
     },
     "172509964357": {
      "maxRSS": 558280,
      "systemtime": 212585,
      "usertime": 7737303
     },
     "172509968561": {
      "maxRSS": 558280,
      "systemtime": 212585,
      "usertime": 7741331
     },
     "172509972736": {
      "maxRSS": 558280,
      "systemtime": 212585,
      "usertime": 7745343
     },
     "172509976908": {
      "maxRSS": 558280,
      "systemtime": 212586,
      "usertime": 7749366
     },
     "172509981207": {
      "maxRSS": 558280,
      "systemtime": 212586,
      "usertime": 7753387
     },
     "172509985380": {
      "maxRSS": 558280,
      "systemtime": 212588,
      "usertime": 7757486
     },
     "172509989577": {
      "maxRSS": 558280,
      "systemtime": 212588,
      "usertime": 7761449
     },
     "172509993761": {
      "maxRSS": 558280,
      "systemtime": 212588,
      "usertime": 7765467
     },
     "172509997865": {
      "maxRSS": 558280,
      "systemtime": 212588,
      "usertime": 7769486
     },
     "172510001976": {
      "maxRSS": 558280,
      "systemtime": 212588,
      "usertime": 7773536
     },
     "172510006200": {
      "maxRSS": 558280,
      "systemtime": 212591,
      "usertime": 7777627
     },
     "172510010313": {
      "maxRSS": 558280,
      "systemtime": 212591,
      "usertime": 7781581
     },
     "172510014433": {
      "maxRSS": 558280,
      "systemtime": 212591,
      "usertime": 7785609
     },
     "172510018674": {
      "maxRSS": 558280,
      "systemtime": 212591,
      "usertime": 7789662
     },
     "172510022787": {
      "maxRSS": 558280,
      "systemtime": 212591,
      "usertime": 7793688
     },
     "172510026948": {
      "maxRSS": 558280,
      "systemtime": 212591,
      "usertime": 7797710
     },
     "172510031122": {
      "maxRSS": 558280,
      "systemtime": 212592,
      "usertime": 7801752
     },
     "172510035421": {
      "maxRSS": 558280,
      "systemtime": 212592,
      "usertime": 7805744
     },
     "172510039597": {
      "maxRSS": 558280,
      "systemtime": 212592,
      "usertime": 7809769
     },
     "172510043801": {
      "maxRSS": 558280,
      "systemtime": 212593,
      "usertime": 7813810
     },
     "172510047977": {
      "maxRSS": 558280,
      "systemtime": 212593,
      "usertime": 7817828
     },
     "172510052225": {
      "maxRSS": 558280,
      "systemtime": 212593,
      "usertime": 7825850
     },
     "172510056353": {
      "maxRSS": 558280,
      "systemtime": 212593,
      "usertime": 7829874
     },
     "172510060553": {
      "maxRSS": 558280,
      "systemtime": 212593,
      "usertime": 7833885
     },
     "172510064731": {
      "maxRSS": 558280,
      "systemtime": 212595,
      "usertime": 7837967
     },
     "172510068937": {
      "maxRSS": 558280,
      "systemtime": 212595,
      "usertime": 7841939
     },
     "172510073064": {
      "maxRSS": 558280,
      "systemtime": 212595,
      "usertime": 7845959
     },
     "172510077275": {
      "maxRSS": 558280,
      "systemtime": 212595,
      "usertime": 7849980
     },
     "172510081363": {
      "maxRSS": 558280,
      "systemtime": 212595,
      "usertime": 7854001
     },
     "172510085623": {
      "maxRSS": 558280,
      "systemtime": 212595,
      "usertime": 7858022
     },
     "172510089813": {
      "maxRSS": 558280,
      "systemtime": 212596,
      "usertime": 7862045
     },
     "172510093949": {
      "maxRSS": 558280,
      "systemtime": 212596,
      "usertime": 7866085
     },
     "172510098128": {
      "maxRSS": 558280,
      "systemtime": 212598,
      "usertime": 7870148
     },
     "172510102251": {
      "maxRSS": 558280,
      "systemtime": 212599,
      "usertime": 7874188
     },
     "172510106486": {
      "maxRSS": 558280,
      "systemtime": 212601,
      "usertime": 7878276
     },
     "172510110578": {
      "maxRSS": 558280,
      "systemtime": 212601,
      "usertime": 7882231
     },
     "172510114713": {
      "maxRSS": 558280,
      "systemtime": 212601,
      "usertime": 7886271
     },
     "172510118810": {
      "maxRSS": 558280,
      "systemtime": 212601,
      "usertime": 7890295
     },
     "172510123032": {
      "maxRSS": 558280,
      "systemtime": 212603,
      "usertime": 7894407
     },
     "172510127186": {
      "maxRSS": 558280,
      "systemtime": 212603,
      "usertime": 7898370
     },
     "172510131354": {
      "maxRSS": 558280,
      "systemtime": 212603,
      "usertime": 7902390
     },
     "172510135514": {
      "maxRSS": 558280,
      "systemtime": 212603,
      "usertime": 7906409
     },
     "172510139691": {
      "maxRSS": 558280,
      "systemtime": 212603,
      "usertime": 7910429
     },
     "172510143794": {
      "maxRSS": 558280,
      "systemtime": 212603,
      "usertime": 7914447
     },
     "172510148083": {
      "maxRSS": 558280,
      "systemtime": 212603,
      "usertime": 7922489
     },
     "172510152171": {
      "maxRSS": 558280,
      "systemtime": 212603,
      "usertime": 7926517
     },
     "172510156255": {
      "maxRSS": 558280,
      "systemtime": 212604,
      "usertime": 7930540
     },
     "172510160327": {
      "maxRSS": 558280,
      "systemtime": 212604,
      "usertime": 7934553
     },
     "172510164431": {
      "maxRSS": 558280,
      "systemtime": 212604,
      "usertime": 7938566
     },
     "172510168534": {
      "maxRSS": 558280,
      "systemtime": 212604,
      "usertime": 7942584
     },
     "172510172664": {
      "maxRSS": 558280,
      "systemtime": 212605,
      "usertime": 7946621
     },
     "172510176739": {
      "maxRSS": 558280,
      "systemtime": 212605,
      "usertime": 7950637
     },
     "172510180812": {
      "maxRSS": 558280,
      "systemtime": 212605,
      "usertime": 7954652
     },
     "172510184956": {
      "maxRSS": 558280,
      "systemtime": 212606,
      "usertime": 7958685
     },
     "172510189031": {
      "maxRSS": 558280,
      "systemtime": 212606,
      "usertime": 7962701
     },
     "172510193113": {
      "maxRSS": 558280,
      "systemtime": 212606,
      "usertime": 7966720
     },
     "172510197236": {
      "maxRSS": 558280,
      "systemtime": 212606,
      "usertime": 7970754
     },
     "172510201341": {
      "maxRSS": 558280,
      "systemtime": 212609,
      "usertime": 7974847
     },
     "172510205420": {
      "maxRSS": 558280,
      "systemtime": 212609,
      "usertime": 7978792
     },
     "172510209603": {
      "maxRSS": 558280,
      "systemtime": 212609,
      "usertime": 7982822
     },
     "172510213794": {
      "maxRSS": 558280,
      "systemtime": 212609,
      "usertime": 7986877
     },
     "172510217969": {
      "maxRSS": 558280,
      "systemtime": 212610,
      "usertime": 7990927
     },
     "172510222094": {
      "maxRSS": 558280,
      "systemtime": 212610,
      "usertime": 7994953
     },
     "172510226234": {
      "maxRSS": 558408,
      "systemtime": 212610,
      "usertime": 7998984
     },
     "172510230476": {
      "maxRSS": 558408,
      "systemtime": 212611,
      "usertime": 8003006
     },
     "172510234638": {
      "maxRSS": 558408,
      "systemtime": 212611,
      "usertime": 8007034
     },
     "172510238770": {
      "maxRSS": 558408,
      "systemtime": 212612,
      "usertime": 8011073
     },
     "172510242945": {
      "maxRSS": 558408,
      "systemtime": 212612,
      "usertime": 8015089
     },
     "172510247137": {
      "maxRSS": 558408,
      "systemtime": 212612,
      "usertime": 8019113
     },
     "172510251240": {
      "maxRSS": 558408,
      "systemtime": 212613,
      "usertime": 8023161
     },
     "172510255347": {
      "maxRSS": 558408,
      "systemtime": 212613,
      "usertime": 8027173
     },
     "172510259425": {
      "maxRSS": 558408,
      "systemtime": 212614,
      "usertime": 8031193
     },
     "172510263544": {
      "maxRSS": 558408,
      "systemtime": 212614,
      "usertime": 8035220
     },
     "172510267656": {
      "maxRSS": 558408,
      "systemtime": 212614,
      "usertime": 8039233
     },
     "172510271833": {
      "maxRSS": 558408,
      "systemtime": 212614,
      "usertime": 8043253
     },
     "172510275957": {
      "maxRSS": 558408,
      "systemtime": 212616,
      "usertime": 8047317
     },
     "172510280068": {
      "maxRSS": 558408,
      "systemtime": 212616,
      "usertime": 8055329
     },
     "172510284141": {
      "maxRSS": 558408,
      "systemtime": 212616,
      "usertime": 8059352
     },
     "172510288214": {
      "maxRSS": 558408,
      "systemtime": 212616,
      "usertime": 8063360
     },
     "172510292282": {
      "maxRSS": 558408,
      "systemtime": 212616,
      "usertime": 8067371
     },
     "172510296365": {
      "maxRSS": 558408,
      "systemtime": 212616,
      "usertime": 8071398
     },
     "172510300565": {
      "maxRSS": 558408,
      "systemtime": 212617,
      "usertime": 8075470
     },
     "172510304668": {
      "maxRSS": 558408,
      "systemtime": 212618,
      "usertime": 8079496
     },
     "172510308778": {
      "maxRSS": 558408,
      "systemtime": 212618,
      "usertime": 8083506
     },
     "172510312856": {
      "maxRSS": 558408,
      "systemtime": 212618,
      "usertime": 8087527
     },
     "172510317068": {
      "maxRSS": 558408,
      "systemtime": 212619,
      "usertime": 8091558
     },
     "172510321208": {
      "maxRSS": 558408,
      "systemtime": 212619,
      "usertime": 8095602
     },
     "172510325374": {
      "maxRSS": 558408,
      "systemtime": 212620,
      "usertime": 8099642
     },
     "172510329629": {
      "maxRSS": 558408,
      "systemtime": 212622,
      "usertime": 8103731
     },
     "172510333858": {
      "maxRSS": 558408,
      "systemtime": 212622,
      "usertime": 8107755
     },
     "172510337959": {
      "maxRSS": 558408,
      "systemtime": 212623,
      "usertime": 8111786
     },
     "172510342051": {
      "maxRSS": 558408,
      "systemtime": 212623,
      "usertime": 8115814
     },
     "172510346275": {
      "maxRSS": 558408,
      "systemtime": 212624,
      "usertime": 8119847
     },
     "172510350383": {
      "maxRSS": 558408,
      "systemtime": 212624,
      "usertime": 8123862
     },
     "172510354522": {
      "maxRSS": 558408,
      "systemtime": 212625,
      "usertime": 8127903
     },
     "172510358608": {
      "maxRSS": 558408,
      "systemtime": 212625,
      "usertime": 8131917
     },
     "172510362801": {
      "maxRSS": 558408,
      "systemtime": 212625,
      "usertime": 8135951
     },
     "172510366928": {
      "maxRSS": 558408,
      "systemtime": 212628,
      "usertime": 8140054
     },
     "172510371044": {
      "maxRSS": 558408,
      "systemtime": 212628,
      "usertime": 8144005
     },
     "172510375134": {
      "maxRSS": 558408,
      "systemtime": 212628,
      "usertime": 8148034
     },
     "172510379284": {
      "maxRSS": 558408,
      "systemtime": 212628,
      "usertime": 8152091
     },
     "172510387388": {
      "maxRSS": 558408,
      "systemtime": 212628,
      "usertime": 8160134
     },
     "172510395483": {
      "maxRSS": 558408,
      "systemtime": 212629,
      "usertime": 8168166
     },
     "172510403571": {
      "maxRSS": 558408,
      "systemtime": 212629,
      "usertime": 8176191
     },
     "172510411673": {
      "maxRSS": 558408,
      "systemtime": 212629,
      "usertime": 8184224
     },
     "172510419799": {
      "maxRSS": 558408,
      "systemtime": 212629,
      "usertime": 8192255
     },
     "172510427989": {
      "maxRSS": 558408,
      "systemtime": 212630,
      "usertime": 8200324
     },
     "172510436137": {
      "maxRSS": 558408,
      "systemtime": 212630,
      "usertime": 8212419
     },
     "172510444248": {
      "maxRSS": 558408,
      "systemtime": 212630,
      "usertime": 8220435
     },
     "172510452405": {
      "maxRSS": 558408,
      "systemtime": 212630,
      "usertime": 8228569
     },
     "172510460556": {
      "maxRSS": 558408,
      "systemtime": 212630,
      "usertime": 8236496
     },
     "172510468797": {
      "maxRSS": 558408,
      "systemtime": 212630,
      "usertime": 8244542
     },
     "172510477100": {
      "maxRSS": 558408,
      "systemtime": 212630,
      "usertime": 8252576
     },
     "172510485403": {
      "maxRSS": 558408,
      "systemtime": 212630,
      "usertime": 8260642
     },
     "172510493587": {
      "maxRSS": 558408,
      "systemtime": 212630,
      "usertime": 8268672
     },
     "172510501679": {
      "maxRSS": 558408,
      "systemtime": 212630,
      "usertime": 8276695
     },
     "172510509945": {
      "maxRSS": 558408,
      "systemtime": 212630,
      "usertime": 8284727
     },
     "172510518141": {
      "maxRSS": 558408,
      "systemtime": 212630,
      "usertime": 8292762
     },
     "172510526270": {
      "maxRSS": 558408,
      "systemtime": 212630,
      "usertime": 8300802
     },
     "172510534635": {
      "maxRSS": 558408,
      "systemtime": 212630,
      "usertime": 8308929
     },
     "172510542865": {
      "maxRSS": 558408,
      "systemtime": 212630,
      "usertime": 8316907
     },
     "172510551095": {
      "maxRSS": 558408,
      "systemtime": 212630,
      "usertime": 8324958
     },
     "172510559264": {
      "maxRSS": 558408,
      "systemtime": 212630,
      "usertime": 8333033
     },
     "172510567455": {
      "maxRSS": 558408,
      "systemtime": 212630,
      "usertime": 8341084
     },
     "172510575624": {
      "maxRSS": 558408,
      "systemtime": 212630,
      "usertime": 8349138
     },
     "172510583917": {
      "maxRSS": 558408,
      "systemtime": 212630,
      "usertime": 8357221
     },
     "172510592181": {
      "maxRSS": 558408,
      "systemtime": 212630,
      "usertime": 8369271
     },
     "172510600397": {
      "maxRSS": 558408,
      "systemtime": 212630,
      "usertime": 8377323
     },
     "172510608604": {
      "maxRSS": 558408,
      "systemtime": 212630,
      "usertime": 8385377
     },
     "172510616731": {
      "maxRSS": 558408,
      "systemtime": 212630,
      "usertime": 8393413
     },
     "172510624922": {
      "maxRSS": 558408,
      "systemtime": 212630,
      "usertime": 8401481
     },
     "172510633089": {
      "maxRSS": 558408,
      "systemtime": 212630,
      "usertime": 8409564
     },
     "172510641195": {
      "maxRSS": 558408,
      "systemtime": 212630,
      "usertime": 8417609
     },
     "172510649400": {
      "maxRSS": 558408,
      "systemtime": 212630,
      "usertime": 8425668
     },
     "172510657655": {
      "maxRSS": 558408,
      "systemtime": 212630,
      "usertime": 8433744
     },
     "172510665835": {
      "maxRSS": 558408,
      "systemtime": 212630,
      "usertime": 8441816
     },
     "172510674055": {
      "maxRSS": 558408,
      "systemtime": 212630,
      "usertime": 8449845
     },
     "172510682287": {
      "maxRSS": 558408,
      "systemtime": 212630,
      "usertime": 8457911
     },
     "172510690436": {
      "maxRSS": 558408,
      "systemtime": 212630,
      "usertime": 8466010
     },
     "172510698613": {
      "maxRSS": 558408,
      "systemtime": 212630,
      "usertime": 8474034
     },
     "172510706790": {
      "maxRSS": 558408,
      "systemtime": 212630,
      "usertime": 8482096
     },
     "172510714980": {
      "maxRSS": 558408,
      "systemtime": 212630,
      "usertime": 8490147
     },
     "172510723120": {
      "maxRSS": 558408,
      "systemtime": 212630,
      "usertime": 8498266
     },
     "172510731417": {
      "maxRSS": 558408,
      "systemtime": 212630,
      "usertime": 8506254
     },
     "172510739658": {
      "maxRSS": 558408,
      "systemtime": 212630,
      "usertime": 8514380
     },
     "172510747837": {
      "maxRSS": 558408,
      "systemtime": 212630,
      "usertime": 8522389
     },
     "172510756028": {
      "maxRSS": 558408,
      "systemtime": 212630,
      "usertime": 8534435
     },
     "172510764239": {
      "maxRSS": 558408,
      "systemtime": 212630,
      "usertime": 8542533
     },
     "172510772433": {
      "maxRSS": 558408,
      "systemtime": 212630,
      "usertime": 8550514
     },
     "172510779584": {
      "maxRSS": 558408,
      "systemtime": 212646,
      "usertime": 8558003
     },
     "172510780766": {
      "maxRSS": 558408,
      "systemtime": 212646,
      "usertime": 8558602
     },
     "172510781885": {
      "maxRSS": 558408,
      "systemtime": 212646,
      "usertime": 8558626
     },
     "172510782992": {
      "maxRSS": 558408,
      "systemtime": 212646,
      "usertime": 8558655
     },
     "172510784058": {
      "maxRSS": 558408,
      "systemtime": 212646,
      "usertime": 8562690
     },
     "172510785205": {
      "maxRSS": 558408,
      "systemtime": 212646,
      "usertime": 8562718
     },
     "172510786337": {
      "maxRSS": 558408,
      "systemtime": 212646,
      "usertime": 8562763
     },
     "172510787514": {
      "maxRSS": 558408,
      "systemtime": 212646,
      "usertime": 8562833
     },
     "172510788633": {
      "maxRSS": 558408,
      "systemtime": 212646,
      "usertime": 8566855
     },
     "172510789748": {
      "maxRSS": 558408,
      "systemtime": 212646,
      "usertime": 8566874
     },
     "172510790835": {
      "maxRSS": 558408,
      "systemtime": 212646,
      "usertime": 8566896
     },
     "172510791948": {
      "maxRSS": 558408,
      "systemtime": 212646,
      "usertime": 8566915
     },
     "172510793131": {
      "maxRSS": 558408,
      "systemtime": 212646,
      "usertime": 8570937
     },
     "172510794284": {
      "maxRSS": 558408,
      "systemtime": 212646,
      "usertime": 8570992
     },
     "172510795406": {
      "maxRSS": 558408,
      "systemtime": 212646,
      "usertime": 8571037
     },
     "172510796498": {
      "maxRSS": 558408,
      "systemtime": 212646,
      "usertime": 8575088
     },
     "172510797621": {
      "maxRSS": 558408,
      "systemtime": 212646,
      "usertime": 8575136
     },
     "172510797802": {
      "maxRSS": 558408,
      "systemtime": 212646,
      "usertime": 8576914
     },
     "172510798892": {
      "maxRSS": 558408,
      "systemtime": 212646,
      "usertime": 8577241
     },
     "172510799985": {
      "maxRSS": 558408,
      "systemtime": 212646,
      "usertime": 8577254
     },
     "172510801155": {
      "maxRSS": 558408,
      "systemtime": 214650,
      "usertime": 8577254
     },
     "172510802329": {
      "maxRSS": 558408,
      "systemtime": 214672,
      "usertime": 8577254
     },
     "172510803544": {
      "maxRSS": 558408,
      "systemtime": 214708,
      "usertime": 8577254
     },
     "172510804617": {
      "maxRSS": 558408,
      "systemtime": 216491,
      "usertime": 8579487
     },
     "172510805719": {
      "maxRSS": 558408,
      "systemtime": 216491,
      "usertime": 8579496
     },
     "172510806822": {
      "maxRSS": 558408,
      "systemtime": 216492,
      "usertime": 8579508
     },
     "172510807958": {
      "maxRSS": 558408,
      "systemtime": 216493,
      "usertime": 8579552
     },
     "172510809064": {
      "maxRSS": 558408,
      "systemtime": 216493,
      "usertime": 8583568
     },
     "172510810199": {
      "maxRSS": 558408,
      "systemtime": 216494,
      "usertime": 8583593
     },
     "172510811304": {
      "maxRSS": 558408,
      "systemtime": 216494,
      "usertime": 8583622
     },
     "172510812395": {
      "maxRSS": 558408,
      "systemtime": 216495,
      "usertime": 8587656
     },
     "172510813504": {
      "maxRSS": 558408,
      "systemtime": 216495,
      "usertime": 8587673
     },
     "172510814626": {
      "maxRSS": 558408,
      "systemtime": 216497,
      "usertime": 8587719
     },
     "172510815757": {
      "maxRSS": 558408,
      "systemtime": 216497,
      "usertime": 8587745
     },
     "172510816862": {
      "maxRSS": 558408,
      "systemtime": 216497,
      "usertime": 8591751
     },
     "172510817954": {
      "maxRSS": 558408,
      "systemtime": 216498,
      "usertime": 8591772
     },
     "172510819058": {
      "maxRSS": 558408,
      "systemtime": 216498,
      "usertime": 8591795
     },
     "172510820107": {
      "maxRSS": 558408,
      "systemtime": 216499,
      "usertime": 8595816
     },
     "172510821415": {
      "maxRSS": 558408,
      "systemtime": 216500,
      "usertime": 8595859
     },
     "172510822519": {
      "maxRSS": 558408,
      "systemtime": 216500,
      "usertime": 8595870
     },
     "172510823620": {
      "maxRSS": 558408,
      "systemtime": 216500,
      "usertime": 8595880
     },
     "172510824719": {
      "maxRSS": 558408,
      "systemtime": 216500,
      "usertime": 8599888
     },
     "172510825786": {
      "maxRSS": 558408,
      "systemtime": 216500,
      "usertime": 8599897
     },
     "172510826853": {
      "maxRSS": 558408,
      "systemtime": 216501,
      "usertime": 8599907
     },
     "172510827931": {
      "maxRSS": 558408,
      "systemtime": 216501,
      "usertime": 8599922
     },
     "172510831008": {
      "maxRSS": 558408,
      "systemtime": 220585,
      "usertime": 8602834
     }
    }
   }
  }
 }
}
