{
 "root": {
  "program": {
   "configuration": {
    "": "/root/compiler/measurements/m3-5-headline/family/reachability_complement/n500/emit_guarded/transformed.dl",
    "fact-dir": "/root/compiler/fixtures/p2-scale-500",
    "include-dir": ".",
    "jobs": "1",
    "libraries": "functors",
    "library-dir": ".",
    "output-dir": "/root/compiler/measurements/m3-5-headline/family/reachability_complement/n500/dlc",
    "profile": "prof.log",
    "relationCount": "16",
    "ruleCount": "22",
    "version": "2.5",
    "warn": "all",
    "wno": "none"
   },
   "relation": {
    "edge": {
     "loadtime": { "start": 29334898844, "end": 29334899146},
     "num-tuples": 1000,
     "reads": 204000,
     "source-locator": "/root/compiler/measurements/m3-5-headline/family/reachability_complement/n500/emit_guarded/transformed.dl [1:7-1:11]"
    },
    "magic_reach_bf": {
     "maxRSS": {
      "post": 16368,
      "pre": 16368
     },
     "non-recursive-rule": {
      "magic_reach_bf(x) :- \n   sup_unreach_bf_r0_2(x,_).": {
       "atom-frequency": {
        "magic_reach_bf(x) :- \n   sup_unreach_bf_r0_2(x,_).": {
         "sup_unreach_bf_r0_2": {
          "level": 0,
          "num-tuples": 0
         }
        }
       },
       "maxRSS": {
        "post": 16368,
        "pre": 16368
       },
       "num-tuples": 1,
       "runtime": { "start": 29334899348, "end": 29334899356},
       "source-locator": "/root/compiler/measurements/m3-5-headline/family/reachability_complement/n500/emit_guarded/transformed.dl [41:1-41:46]"
      }
     },
     "num-tuples": 1,
     "reads": 0,
     "runtime": { "start": 29334899339, "end": 29334899365},
     "source-locator": "/root/compiler/measurements/m3-5-headline/family/reachability_complement/n500/emit_guarded/transformed.dl [21:7-21:21]"
    },
    "magic_unreach_bf": {
     "maxRSS": {
      "post": 16368,
      "pre": 16368
     },
     "non-recursive-rule": {
      "magic_unreach_bf(1).": {
       "maxRSS": {
        "post": 16368,
        "pre": 16368
       },
       "num-tuples": 1,
       "runtime": { "start": 29334899168, "end": 29334899172},
       "source-locator": "/root/compiler/measurements/m3-5-headline/family/reachability_complement/n500/emit_guarded/transformed.dl [51:1-51:21]"
      }
     },
     "num-tuples": 1,
     "reads": 0,
     "runtime": { "start": 29334899156, "end": 29334899181},
     "source-locator": "/root/compiler/measurements/m3-5-headline/family/reachability_complement/n500/emit_guarded/transformed.dl [28:7-28:23]"
    },
    "node": {
     "loadtime": { "start": 29334899186, "end": 29334899259},
     "num-tuples": 500,
     "reads": 1,
     "source-locator": "/root/compiler/measurements/m3-5-headline/family/reachability_complement/n500/emit_guarded/transformed.dl [3:7-3:11]"
    },
    "q_unreach": {
     "maxRSS": {
      "post": 18944,
      "pre": 18944
     },
     "non-recursive-rule": {
      "q_unreach(y) :- \n   sup_unreach_bf_r0_3(1,y).": {
       "atom-frequency": {
        "q_unreach(y) :- \n   sup_unreach_bf_r0_3(1,y).": {
         "sup_unreach_bf_r0_3": {
          "level": 0,
          "num-tuples": 0
         }
        }
       },
       "maxRSS": {
        "post": 18944,
        "pre": 18944
       },
       "num-tuples": 93,
       "runtime": { "start": 29334929894, "end": 29334929900},
       "source-locator": "/root/compiler/measurements/m3-5-headline/family/reachability_complement/n500/emit_guarded/transformed.dl [52:1-52:34]"
      }
     },
     "num-tuples": 93,
     "reads": 0,
     "runtime": { "start": 29334929884, "end": 29334929909},
     "savetime": { "start": 29334929914, "end": 29334930015},
     "source-locator": "/root/compiler/measurements/m3-5-headline/family/reachability_complement/n500/emit_guarded/transformed.dl [7:7-7:16]"
    },
    "reach_bb": {
     "maxRSS": {
      "post": 18944,
      "pre": 18944
     },
     "non-recursive-rule": {
      "reach_bb(x,y) :- \n   sup_reach_bb_r0_1(x,y).": {
       "atom-frequency": {
        "reach_bb(x,y) :- \n   sup_reach_bb_r0_1(x,y).": {
         "sup_reach_bb_r0_1": {
          "level": 0,
          "num-tuples": 0
         }
        }
       },
       "maxRSS": {
        "post": 18944,
        "pre": 18944
       },
       "num-tuples": 2,
       "runtime": { "start": 29334929762, "end": 29334929764},
       "source-locator": "/root/compiler/measurements/m3-5-headline/family/reachability_complement/n500/emit_guarded/transformed.dl [37:1-37:43]"
      },
      "reach_bb(x,y) :- \n   sup_reach_bb_r1_2(x,y).": {
       "atom-frequency": {
        "reach_bb(x,y) :- \n   sup_reach_bb_r1_2(x,y).": {
         "sup_reach_bb_r1_2": {
          "level": 0,
          "num-tuples": 0
         }
        }
       },
       "maxRSS": {
        "post": 18944,
        "pre": 18944
       },
       "num-tuples": 405,
       "runtime": { "start": 29334929781, "end": 29334929802},
       "source-locator": "/root/compiler/measurements/m3-5-headline/family/reachability_complement/n500/emit_guarded/transformed.dl [42:1-42:43]"
      }
     },
     "num-tuples": 407,
     "reads": 500,
     "runtime": { "start": 29334929741, "end": 29334929808},
     "source-locator": "/root/compiler/measurements/m3-5-headline/family/reachability_complement/n500/emit_guarded/transformed.dl [17:7-17:15]"
    },
    "reach_bf": {
     "iteration": {
      "0": {
       "copytime": { "start": 29334899577, "end": 29334899578},
       "maxRSS": {
        "post": 16368,
        "pre": 16368
       },
       "num-tuples": 0,
       "recursive-rule": {
        "reach_bf(x,y) :- \n   sup_reach_bf_r1_2(x,y).": {
         "0": {
          "atom-frequency": {
           "@new_reach_bf(x,y) :- \n   @delta_sup_reach_bf_r1_2(x,y).": {
            "@delta_sup_reach_bf_r1_2": {
             "level": 0,
             "num-tuples": 0
            }
           }
          },
          "maxRSS": {
           "post": 16368,
           "pre": 16368
          },
          "num-tuples": 0,
          "runtime": { "start": 29334899478, "end": 29334899479},
          "source-locator": "/root/compiler/measurements/m3-5-headline/family/reachability_complement/n500/emit_guarded/transformed.dl [50:1-50:43]"
         }
        }
       },
       "runtime": { "start": 29334899469, "end": 29334899489}
      },
      "1": {
       "copytime": { "start": 29334899704, "end": 29334899705},
       "maxRSS": {
        "post": 16368,
        "pre": 16368
       },
       "num-tuples": 0,
       "recursive-rule": {
        "reach_bf(x,y) :- \n   sup_reach_bf_r1_2(x,y).": {
         "0": {
          "maxRSS": {
           "post": 16368,
           "pre": 16368
          },
          "num-tuples": 0,
          "runtime": { "start": 29334899610, "end": 29334899611},
          "source-locator": "/root/compiler/measurements/m3-5-headline/family/reachability_complement/n500/emit_guarded/transformed.dl [50:1-50:43]"
         }
        }
       },
       "runtime": { "start": 29334899601, "end": 29334899619}
      },
      "10": {
       "copytime": { "start": 29334900708, "end": 29334900709},
       "maxRSS": {
        "post": 16368,
        "pre": 16368
       },
       "num-tuples": 0,
       "recursive-rule": {
        "reach_bf(x,y) :- \n   sup_reach_bf_r1_2(x,y).": {
         "0": {
          "maxRSS": {
           "post": 16368,
           "pre": 16368
          },
          "num-tuples": 0,
          "runtime": { "start": 29334900611, "end": 29334900611},
          "source-locator": "/root/compiler/measurements/m3-5-headline/family/reachability_complement/n500/emit_guarded/transformed.dl [50:1-50:43]"
         }
        }
       },
       "runtime": { "start": 29334900602, "end": 29334900620}
      },
      "11": {
       "copytime": { "start": 29334900786, "end": 29334900798},
       "maxRSS": {
        "post": 16368,
        "pre": 16368
       },
       "num-tuples": 41,
       "recursive-rule": {
        "reach_bf(x,y) :- \n   sup_reach_bf_r1_2(x,y).": {
         "0": {
          "maxRSS": {
           "post": 16368,
           "pre": 16368
          },
          "num-tuples": 41,
          "runtime": { "start": 29334900722, "end": 29334900727},
          "source-locator": "/root/compiler/measurements/m3-5-headline/family/reachability_complement/n500/emit_guarded/transformed.dl [50:1-50:43]"
         }
        }
       },
       "runtime": { "start": 29334900722, "end": 29334900734}
      },
      "12": {
       "copytime": { "start": 29334900930, "end": 29334900931},
       "maxRSS": {
        "post": 16368,
        "pre": 16368
       },
       "num-tuples": 0,
       "recursive-rule": {
        "reach_bf(x,y) :- \n   sup_reach_bf_r1_2(x,y).": {
         "0": {
          "maxRSS": {
           "post": 16368,
           "pre": 16368
          },
          "num-tuples": 0,
          "runtime": { "start": 29334900824, "end": 29334900824},
          "source-locator": "/root/compiler/measurements/m3-5-headline/family/reachability_complement/n500/emit_guarded/transformed.dl [50:1-50:43]"
         }
        }
       },
       "runtime": { "start": 29334900823, "end": 29334900833}
      },
      "13": {
       "copytime": { "start": 29334901088, "end": 29334901089},
       "maxRSS": {
        "post": 16368,
        "pre": 16368
       },
       "num-tuples": 0,
       "recursive-rule": {
        "reach_bf(x,y) :- \n   sup_reach_bf_r1_2(x,y).": {
         "0": {
          "maxRSS": {
           "post": 16368,
           "pre": 16368
          },
          "num-tuples": 0,
          "runtime": { "start": 29334900966, "end": 29334900967},
          "source-locator": "/root/compiler/measurements/m3-5-headline/family/reachability_complement/n500/emit_guarded/transformed.dl [50:1-50:43]"
         }
        }
       },
       "runtime": { "start": 29334900958, "end": 29334900975}
      },
      "14": {
       "copytime": { "start": 29334901228, "end": 29334901232},
       "maxRSS": {
        "post": 16368,
        "pre": 16368
       },
       "num-tuples": 59,
       "recursive-rule": {
        "reach_bf(x,y) :- \n   sup_reach_bf_r1_2(x,y).": {
         "0": {
          "maxRSS": {
           "post": 16368,
           "pre": 16368
          },
          "num-tuples": 59,
          "runtime": { "start": 29334901125, "end": 29334901131},
          "source-locator": "/root/compiler/measurements/m3-5-headline/family/reachability_complement/n500/emit_guarded/transformed.dl [50:1-50:43]"
         }
        }
       },
       "runtime": { "start": 29334901116, "end": 29334901141}
      },
      "15": {
       "copytime": { "start": 29334901365, "end": 29334901366},
       "maxRSS": {
        "post": 16368,
        "pre": 16368
       },
       "num-tuples": 0,
       "recursive-rule": {
        "reach_bf(x,y) :- \n   sup_reach_bf_r1_2(x,y).": {
         "0": {
          "maxRSS": {
           "post": 16368,
           "pre": 16368
          },
          "num-tuples": 0,
          "runtime": { "start": 29334901264, "end": 29334901264},
          "source-locator": "/root/compiler/measurements/m3-5-headline/family/reachability_complement/n500/emit_guarded/transformed.dl [50:1-50:43]"
         }
        }
       },
       "runtime": { "start": 29334901255, "end": 29334901273}
      },
      "16": {
       "copytime": { "start": 29334901508, "end": 29334901509},
       "maxRSS": {
        "post": 16368,
        "pre": 16368
       },
       "num-tuples": 0,
       "recursive-rule": {
        "reach_bf(x,y) :- \n   sup_reach_bf_r1_2(x,y).": {
         "0": {
          "maxRSS": {
           "post": 16368,
           "pre": 16368
          },
          "num-tuples": 0,
          "runtime": { "start": 29334901393, "end": 29334901394},
          "source-locator": "/root/compiler/measurements/m3-5-headline/family/reachability_complement/n500/emit_guarded/transformed.dl [50:1-50:43]"
         }
        }
       },
       "runtime": { "start": 29334901392, "end": 29334901402}
      },
      "17": {
       "copytime": { "start": 29334901649, "end": 29334901655},
       "maxRSS": {
        "post": 16368,
        "pre": 16368
       },
       "num-tuples": 69,
       "recursive-rule": {
        "reach_bf(x,y) :- \n   sup_reach_bf_r1_2(x,y).": {
         "0": {
          "maxRSS": {
           "post": 16368,
           "pre": 16368
          },
          "num-tuples": 69,
          "runtime": { "start": 29334901546, "end": 29334901554},
          "source-locator": "/root/compiler/measurements/m3-5-headline/family/reachability_complement/n500/emit_guarded/transformed.dl [50:1-50:43]"
         }
        }
       },
       "runtime": { "start": 29334901537, "end": 29334901563}
      },
      "18": {
       "copytime": { "start": 29334901792, "end": 29334901793},
       "maxRSS": {
        "post": 16368,
        "pre": 16368
       },
       "num-tuples": 0,
       "recursive-rule": {
        "reach_bf(x,y) :- \n   sup_reach_bf_r1_2(x,y).": {
         "0": {
          "maxRSS": {
           "post": 16368,
           "pre": 16368
          },
          "num-tuples": 0,
          "runtime": { "start": 29334901686, "end": 29334901687},
          "source-locator": "/root/compiler/measurements/m3-5-headline/family/reachability_complement/n500/emit_guarded/transformed.dl [50:1-50:43]"
         }
        }
       },
       "runtime": { "start": 29334901678, "end": 29334901696}
      },
      "19": {
       "copytime": { "start": 29334901959, "end": 29334901960},
       "maxRSS": {
        "post": 16368,
        "pre": 16368
       },
       "num-tuples": 0,
       "recursive-rule": {
        "reach_bf(x,y) :- \n   sup_reach_bf_r1_2(x,y).": {
         "0": {
          "maxRSS": {
           "post": 16368,
           "pre": 16368
          },
          "num-tuples": 0,
          "runtime": { "start": 29334901834, "end": 29334901835},
          "source-locator": "/root/compiler/measurements/m3-5-headline/family/reachability_complement/n500/emit_guarded/transformed.dl [50:1-50:43]"
         }
        }
       },
       "runtime": { "start": 29334901833, "end": 29334901841}
      },
      "2": {
       "copytime": { "start": 29334899831, "end": 29334899832},
       "maxRSS": {
        "post": 16368,
        "pre": 16368
       },
       "num-tuples": 3,
       "recursive-rule": {
        "reach_bf(x,y) :- \n   sup_reach_bf_r1_2(x,y).": {
         "0": {
          "maxRSS": {
           "post": 16368,
           "pre": 16368
          },
          "num-tuples": 3,
          "runtime": { "start": 29334899737, "end": 29334899739},
          "source-locator": "/root/compiler/measurements/m3-5-headline/family/reachability_complement/n500/emit_guarded/transformed.dl [50:1-50:43]"
         }
        }
       },
       "runtime": { "start": 29334899728, "end": 29334899746}
      },
      "20": {
       "copytime": { "start": 29334902066, "end": 29334902072},
       "maxRSS": {
        "post": 16368,
        "pre": 16368
       },
       "num-tuples": 71,
       "recursive-rule": {
        "reach_bf(x,y) :- \n   sup_reach_bf_r1_2(x,y).": {
         "0": {
          "maxRSS": {
           "post": 16368,
           "pre": 16368
          },
          "num-tuples": 71,
          "runtime": { "start": 29334901998, "end": 29334902007},
          "source-locator": "/root/compiler/measurements/m3-5-headline/family/reachability_complement/n500/emit_guarded/transformed.dl [50:1-50:43]"
         }
        }
       },
       "runtime": { "start": 29334901989, "end": 29334902016}
      },
      "21": {
       "copytime": { "start": 29334902173, "end": 29334902182},
       "maxRSS": {
        "post": 16368,
        "pre": 16368
       },
       "num-tuples": 0,
       "recursive-rule": {
        "reach_bf(x,y) :- \n   sup_reach_bf_r1_2(x,y).": {
         "0": {
          "maxRSS": {
           "post": 16368,
           "pre": 16368
          },
          "num-tuples": 0,
          "runtime": { "start": 29334902082, "end": 29334902083},
          "source-locator": "/root/compiler/measurements/m3-5-headline/family/reachability_complement/n500/emit_guarded/transformed.dl [50:1-50:43]"
         }
        }
       },
       "runtime": { "start": 29334902081, "end": 29334902090}
      },
      "22": {
       "copytime": { "start": 29334902335, "end": 29334902336},
       "maxRSS": {
        "post": 16368,
        "pre": 16368
       },
       "num-tuples": 0,
       "recursive-rule": {
        "reach_bf(x,y) :- \n   sup_reach_bf_r1_2(x,y).": {
         "0": {
          "maxRSS": {
           "post": 16368,
           "pre": 16368
          },
          "num-tuples": 0,
          "runtime": { "start": 29334902212, "end": 29334902213},
          "source-locator": "/root/compiler/measurements/m3-5-headline/family/reachability_complement/n500/emit_guarded/transformed.dl [50:1-50:43]"
         }
        }
       },
       "runtime": { "start": 29334902211, "end": 29334902220}
      },
      "23": {
       "copytime": { "start": 29334902455, "end": 29334902469},
       "maxRSS": {
        "post": 16368,
        "pre": 16368
       },
       "num-tuples": 63,
       "recursive-rule": {
        "reach_bf(x,y) :- \n   sup_reach_bf_r1_2(x,y).": {
         "0": {
          "maxRSS": {
           "post": 16368,
           "pre": 16368
          },
          "num-tuples": 63,
          "runtime": { "start": 29334902374, "end": 29334902384},
          "source-locator": "/root/compiler/measurements/m3-5-headline/family/reachability_complement/n500/emit_guarded/transformed.dl [50:1-50:43]"
         }
        }
       },
       "runtime": { "start": 29334902365, "end": 29334902392}
      },
      "24": {
       "copytime": { "start": 29334902565, "end": 29334902568},
       "maxRSS": {
        "post": 16368,
        "pre": 16368
       },
       "num-tuples": 0,
       "recursive-rule": {
        "reach_bf(x,y) :- \n   sup_reach_bf_r1_2(x,y).": {
         "0": {
          "maxRSS": {
           "post": 16368,
           "pre": 16368
          },
          "num-tuples": 0,
          "runtime": { "start": 29334902496, "end": 29334902496},
          "source-locator": "/root/compiler/measurements/m3-5-headline/family/reachability_complement/n500/emit_guarded/transformed.dl [50:1-50:43]"
         }
        }
       },
       "runtime": { "start": 29334902495, "end": 29334902504}
      },
      "25": {
       "copytime": { "start": 29334902705, "end": 29334902715},
       "maxRSS": {
        "post": 16368,
        "pre": 16368
       },
       "num-tuples": 0,
       "recursive-rule": {
        "reach_bf(x,y) :- \n   sup_reach_bf_r1_2(x,y).": {
         "0": {
          "maxRSS": {
           "post": 16368,
           "pre": 16368
          },
          "num-tuples": 0,
          "runtime": { "start": 29334902595, "end": 29334902596},
          "source-locator": "/root/compiler/measurements/m3-5-headline/family/reachability_complement/n500/emit_guarded/transformed.dl [50:1-50:43]"
         }
        }
       },
       "runtime": { "start": 29334902595, "end": 29334902604}
      },
      "26": {
       "copytime": { "start": 29334902822, "end": 29334902827},
       "maxRSS": {
        "post": 16368,
        "pre": 16368
       },
       "num-tuples": 37,
       "recursive-rule": {
        "reach_bf(x,y) :- \n   sup_reach_bf_r1_2(x,y).": {
         "0": {
          "maxRSS": {
           "post": 16368,
           "pre": 16368
          },
          "num-tuples": 37,
          "runtime": { "start": 29334902753, "end": 29334902759},
          "source-locator": "/root/compiler/measurements/m3-5-headline/family/reachability_complement/n500/emit_guarded/transformed.dl [50:1-50:43]"
         }
        }
       },
       "runtime": { "start": 29334902752, "end": 29334902768}
      },
      "27": {
       "copytime": { "start": 29334902940, "end": 29334902949},
       "maxRSS": {
        "post": 16368,
        "pre": 16368
       },
       "num-tuples": 0,
       "recursive-rule": {
        "reach_bf(x,y) :- \n   sup_reach_bf_r1_2(x,y).": {
         "0": {
          "maxRSS": {
           "post": 16368,
           "pre": 16368
          },
          "num-tuples": 0,
          "runtime": { "start": 29334902850, "end": 29334902851},
          "source-locator": "/root/compiler/measurements/m3-5-headline/family/reachability_complement/n500/emit_guarded/transformed.dl [50:1-50:43]"
         }
        }
       },
       "runtime": { "start": 29334902850, "end": 29334902857}
      },
      "28": {
       "copytime": { "start": 29334903088, "end": 29334903089},
       "maxRSS": {
        "post": 16368,
        "pre": 16368
       },
       "num-tuples": 0,
       "recursive-rule": {
        "reach_bf(x,y) :- \n   sup_reach_bf_r1_2(x,y).": {
         "0": {
          "maxRSS": {
           "post": 16368,
           "pre": 16368
          },
          "num-tuples": 0,
          "runtime": { "start": 29334902974, "end": 29334902975},
          "source-locator": "/root/compiler/measurements/m3-5-headline/family/reachability_complement/n500/emit_guarded/transformed.dl [50:1-50:43]"
         }
        }
       },
       "runtime": { "start": 29334902966, "end": 29334902985}
      },
      "29": {
       "copytime": { "start": 29334903215, "end": 29334903227},
       "maxRSS": {
        "post": 16368,
        "pre": 16368
       },
       "num-tuples": 21,
       "recursive-rule": {
        "reach_bf(x,y) :- \n   sup_reach_bf_r1_2(x,y).": {
         "0": {
          "maxRSS": {
           "post": 16368,
           "pre": 16368
          },
          "num-tuples": 21,
          "runtime": { "start": 29334903124, "end": 29334903128},
          "source-locator": "/root/compiler/measurements/m3-5-headline/family/reachability_complement/n500/emit_guarded/transformed.dl [50:1-50:43]"
         }
        }
       },
       "runtime": { "start": 29334903116, "end": 29334903137}
      },
      "3": {
       "copytime": { "start": 29334899956, "end": 29334899957},
       "maxRSS": {
        "post": 16368,
        "pre": 16368
       },
       "num-tuples": 0,
       "recursive-rule": {
        "reach_bf(x,y) :- \n   sup_reach_bf_r1_2(x,y).": {
         "0": {
          "maxRSS": {
           "post": 16368,
           "pre": 16368
          },
          "num-tuples": 0,
          "runtime": { "start": 29334899863, "end": 29334899864},
          "source-locator": "/root/compiler/measurements/m3-5-headline/family/reachability_complement/n500/emit_guarded/transformed.dl [50:1-50:43]"
         }
        }
       },
       "runtime": { "start": 29334899854, "end": 29334899871}
      },
      "30": {
       "copytime": { "start": 29334903365, "end": 29334903366},
       "maxRSS": {
        "post": 16368,
        "pre": 16368
       },
       "num-tuples": 0,
       "recursive-rule": {
        "reach_bf(x,y) :- \n   sup_reach_bf_r1_2(x,y).": {
         "0": {
          "maxRSS": {
           "post": 16368,
           "pre": 16368
          },
          "num-tuples": 0,
          "runtime": { "start": 29334903262, "end": 29334903262},
          "source-locator": "/root/compiler/measurements/m3-5-headline/family/reachability_complement/n500/emit_guarded/transformed.dl [50:1-50:43]"
         }
        }
       },
       "runtime": { "start": 29334903251, "end": 29334903272}
      },
      "31": {
       "copytime": { "start": 29334903493, "end": 29334903494},
       "maxRSS": {
        "post": 16368,
        "pre": 16368
       },
       "num-tuples": 0,
       "recursive-rule": {
        "reach_bf(x,y) :- \n   sup_reach_bf_r1_2(x,y).": {
         "0": {
          "maxRSS": {
           "post": 16368,
           "pre": 16368
          },
          "num-tuples": 0,
          "runtime": { "start": 29334903391, "end": 29334903392},
          "source-locator": "/root/compiler/measurements/m3-5-headline/family/reachability_complement/n500/emit_guarded/transformed.dl [50:1-50:43]"
         }
        }
       },
       "runtime": { "start": 29334903390, "end": 29334903399}
      },
      "32": {
       "copytime": { "start": 29334903626, "end": 29334903628},
       "maxRSS": {
        "post": 16368,
        "pre": 16368
       },
       "num-tuples": 8,
       "recursive-rule": {
        "reach_bf(x,y) :- \n   sup_reach_bf_r1_2(x,y).": {
         "0": {
          "maxRSS": {
           "post": 16368,
           "pre": 16368
          },
          "num-tuples": 8,
          "runtime": { "start": 29334903527, "end": 29334903529},
          "source-locator": "/root/compiler/measurements/m3-5-headline/family/reachability_complement/n500/emit_guarded/transformed.dl [50:1-50:43]"
         }
        }
       },
       "runtime": { "start": 29334903518, "end": 29334903537}
      },
      "33": {
       "copytime": { "start": 29334903757, "end": 29334903758},
       "maxRSS": {
        "post": 16368,
        "pre": 16368
       },
       "num-tuples": 0,
       "recursive-rule": {
        "reach_bf(x,y) :- \n   sup_reach_bf_r1_2(x,y).": {
         "0": {
          "maxRSS": {
           "post": 16368,
           "pre": 16368
          },
          "num-tuples": 0,
          "runtime": { "start": 29334903659, "end": 29334903660},
          "source-locator": "/root/compiler/measurements/m3-5-headline/family/reachability_complement/n500/emit_guarded/transformed.dl [50:1-50:43]"
         }
        }
       },
       "runtime": { "start": 29334903651, "end": 29334903669}
      },
      "34": {
       "copytime": { "start": 29334903893, "end": 29334903894},
       "maxRSS": {
        "post": 16368,
        "pre": 16368
       },
       "num-tuples": 0,
       "recursive-rule": {
        "reach_bf(x,y) :- \n   sup_reach_bf_r1_2(x,y).": {
         "0": {
          "maxRSS": {
           "post": 16368,
           "pre": 16368
          },
          "num-tuples": 0,
          "runtime": { "start": 29334903790, "end": 29334903791},
          "source-locator": "/root/compiler/measurements/m3-5-headline/family/reachability_complement/n500/emit_guarded/transformed.dl [50:1-50:43]"
         }
        }
       },
       "runtime": { "start": 29334903782, "end": 29334903800}
      },
      "35": {
       "copytime": { "start": 29334904033, "end": 29334904034},
       "maxRSS": {
        "post": 16368,
        "pre": 16368
       },
       "num-tuples": 4,
       "recursive-rule": {
        "reach_bf(x,y) :- \n   sup_reach_bf_r1_2(x,y).": {
         "0": {
          "maxRSS": {
           "post": 16368,
           "pre": 16368
          },
          "num-tuples": 4,
          "runtime": { "start": 29334903927, "end": 29334903929},
          "source-locator": "/root/compiler/measurements/m3-5-headline/family/reachability_complement/n500/emit_guarded/transformed.dl [50:1-50:43]"
         }
        }
       },
       "runtime": { "start": 29334903918, "end": 29334903937}
      },
      "36": {
       "copytime": { "start": 29334904143, "end": 29334904152},
       "maxRSS": {
        "post": 16368,
        "pre": 16368
       },
       "num-tuples": 0,
       "recursive-rule": {
        "reach_bf(x,y) :- \n   sup_reach_bf_r1_2(x,y).": {
         "0": {
          "maxRSS": {
           "post": 16368,
           "pre": 16368
          },
          "num-tuples": 0,
          "runtime": { "start": 29334904057, "end": 29334904057},
          "source-locator": "/root/compiler/measurements/m3-5-headline/family/reachability_complement/n500/emit_guarded/transformed.dl [50:1-50:43]"
         }
        }
       },
       "runtime": { "start": 29334904056, "end": 29334904064}
      },
      "37": {
       "copytime": { "start": 29334904264, "end": 29334904273},
       "maxRSS": {
        "post": 16368,
        "pre": 16368
       },
       "num-tuples": 0,
       "recursive-rule": {
        "reach_bf(x,y) :- \n   sup_reach_bf_r1_2(x,y).": {
         "0": {
          "maxRSS": {
           "post": 16368,
           "pre": 16368
          },
          "num-tuples": 0,
          "runtime": { "start": 29334904178, "end": 29334904179},
          "source-locator": "/root/compiler/measurements/m3-5-headline/family/reachability_complement/n500/emit_guarded/transformed.dl [50:1-50:43]"
         }
        }
       },
       "runtime": { "start": 29334904177, "end": 29334904187}
      },
      "38": {
       "copytime": { "start": 29334904400, "end": 29334904401},
       "maxRSS": {
        "post": 16368,
        "pre": 16368
       },
       "num-tuples": 2,
       "recursive-rule": {
        "reach_bf(x,y) :- \n   sup_reach_bf_r1_2(x,y).": {
         "0": {
          "maxRSS": {
           "post": 16368,
           "pre": 16368
          },
          "num-tuples": 2,
          "runtime": { "start": 29334904300, "end": 29334904302},
          "source-locator": "/root/compiler/measurements/m3-5-headline/family/reachability_complement/n500/emit_guarded/transformed.dl [50:1-50:43]"
         }
        }
       },
       "runtime": { "start": 29334904299, "end": 29334904309}
      },
      "39": {
       "copytime": { "start": 29334904498, "end": 29334904499},
       "maxRSS": {
        "post": 16368,
        "pre": 16368
       },
       "num-tuples": 0,
       "recursive-rule": {
        "reach_bf(x,y) :- \n   sup_reach_bf_r1_2(x,y).": {
         "0": {
          "maxRSS": {
           "post": 16368,
           "pre": 16368
          },
          "num-tuples": 0,
          "runtime": { "start": 29334904424, "end": 29334904425},
          "source-locator": "/root/compiler/measurements/m3-5-headline/family/reachability_complement/n500/emit_guarded/transformed.dl [50:1-50:43]"
         }
        }
       },
       "runtime": { "start": 29334904424, "end": 29334904432}
      },
      "4": {
       "copytime": { "start": 29334900063, "end": 29334900064},
       "maxRSS": {
        "post": 16368,
        "pre": 16368
       },
       "num-tuples": 0,
       "recursive-rule": {
        "reach_bf(x,y) :- \n   sup_reach_bf_r1_2(x,y).": {
         "0": {
          "maxRSS": {
           "post": 16368,
           "pre": 16368
          },
          "num-tuples": 0,
          "runtime": { "start": 29334899988, "end": 29334899989},
          "source-locator": "/root/compiler/measurements/m3-5-headline/family/reachability_complement/n500/emit_guarded/transformed.dl [50:1-50:43]"
         }
        }
       },
       "runtime": { "start": 29334899980, "end": 29334899997}
      },
      "40": {
       "maxRSS": {
        "post": 16368,
        "pre": 16368
       },
       "num-tuples": 0,
       "recursive-rule": {
        "reach_bf(x,y) :- \n   sup_reach_bf_r1_2(x,y).": {
         "0": {
          "maxRSS": {
           "post": 16368,
           "pre": 16368
          },
          "num-tuples": 0,
          "runtime": { "start": 29334904509, "end": 29334904510},
          "source-locator": "/root/compiler/measurements/m3-5-headline/family/reachability_complement/n500/emit_guarded/transformed.dl [50:1-50:43]"
         }
        }
       },
       "runtime": { "start": 29334904509, "end": 29334904516}
      },
      "5": {
       "copytime": { "start": 29334900110, "end": 29334900111},
       "maxRSS": {
        "post": 16368,
        "pre": 16368
       },
       "num-tuples": 8,
       "recursive-rule": {
        "reach_bf(x,y) :- \n   sup_reach_bf_r1_2(x,y).": {
         "0": {
          "maxRSS": {
           "post": 16368,
           "pre": 16368
          },
          "num-tuples": 8,
          "runtime": { "start": 29334900074, "end": 29334900075},
          "source-locator": "/root/compiler/measurements/m3-5-headline/family/reachability_complement/n500/emit_guarded/transformed.dl [50:1-50:43]"
         }
        }
       },
       "runtime": { "start": 29334900074, "end": 29334900080}
      },
      "6": {
       "copytime": { "start": 29334900188, "end": 29334900189},
       "maxRSS": {
        "post": 16368,
        "pre": 16368
       },
       "num-tuples": 0,
       "recursive-rule": {
        "reach_bf(x,y) :- \n   sup_reach_bf_r1_2(x,y).": {
         "0": {
          "maxRSS": {
           "post": 16368,
           "pre": 16368
          },
          "num-tuples": 0,
          "runtime": { "start": 29334900123, "end": 29334900123},
          "source-locator": "/root/compiler/measurements/m3-5-headline/family/reachability_complement/n500/emit_guarded/transformed.dl [50:1-50:43]"
         }
        }
       },
       "runtime": { "start": 29334900122, "end": 29334900128}
      },
      "7": {
       "copytime": { "start": 29334900322, "end": 29334900323},
       "maxRSS": {
        "post": 16368,
        "pre": 16368
       },
       "num-tuples": 0,
       "recursive-rule": {
        "reach_bf(x,y) :- \n   sup_reach_bf_r1_2(x,y).": {
         "0": {
          "maxRSS": {
           "post": 16368,
           "pre": 16368
          },
          "num-tuples": 0,
          "runtime": { "start": 29334900220, "end": 29334900221},
          "source-locator": "/root/compiler/measurements/m3-5-headline/family/reachability_complement/n500/emit_guarded/transformed.dl [50:1-50:43]"
         }
        }
       },
       "runtime": { "start": 29334900211, "end": 29334900230}
      },
      "8": {
       "copytime": { "start": 29334900456, "end": 29334900459},
       "maxRSS": {
        "post": 16368,
        "pre": 16368
       },
       "num-tuples": 19,
       "recursive-rule": {
        "reach_bf(x,y) :- \n   sup_reach_bf_r1_2(x,y).": {
         "0": {
          "maxRSS": {
           "post": 16368,
           "pre": 16368
          },
          "num-tuples": 19,
          "runtime": { "start": 29334900356, "end": 29334900359},
          "source-locator": "/root/compiler/measurements/m3-5-headline/family/reachability_complement/n500/emit_guarded/transformed.dl [50:1-50:43]"
         }
        }
       },
       "runtime": { "start": 29334900348, "end": 29334900368}
      },
      "9": {
       "copytime": { "start": 29334900577, "end": 29334900578},
       "maxRSS": {
        "post": 16368,
        "pre": 16368
       },
       "num-tuples": 0,
       "recursive-rule": {
        "reach_bf(x,y) :- \n   sup_reach_bf_r1_2(x,y).": {
         "0": {
          "maxRSS": {
           "post": 16368,
           "pre": 16368
          },
          "num-tuples": 0,
          "runtime": { "start": 29334900483, "end": 29334900483},
          "source-locator": "/root/compiler/measurements/m3-5-headline/family/reachability_complement/n500/emit_guarded/transformed.dl [50:1-50:43]"
         }
        }
       },
       "runtime": { "start": 29334900482, "end": 29334900490}
      }
     },
     "maxRSS": {
      "post": 16368,
      "pre": 16368
     },
     "non-recursive-rule": {
      "reach_bf(x,y) :- \n   sup_reach_bf_r0_1(x,y).": {
       "atom-frequency": {
        "reach_bf(x,y) :- \n   sup_reach_bf_r0_1(x,y).": {
         "sup_reach_bf_r0_1": {
          "level": 0,
          "num-tuples": 0
         }
        }
       },
       "maxRSS": {
        "post": 16368,
        "pre": 16368
       },
       "num-tuples": 2,
       "runtime": { "start": 29334899449, "end": 29334899450},
       "source-locator": "/root/compiler/measurements/m3-5-headline/family/reachability_complement/n500/emit_guarded/transformed.dl [45:1-45:43]"
      }
     },
     "num-tuples": 2,
     "reads": 407,
     "runtime": { "start": 29334899440, "end": 29334899458},
     "source-locator": "/root/compiler/measurements/m3-5-headline/family/reachability_complement/n500/emit_guarded/transformed.dl [24:7-24:15]"
    },
    "sup_reach_bb_r0_1": {
     "maxRSS": {
      "post": 16368,
      "pre": 16368
     },
     "non-recursive-rule": {
      "sup_reach_bb_r0_1(x,y) :- \n   sup_unreach_bf_r0_2(x,y),\n   edge(x,y).": {
       "atom-frequency": {
        "sup_reach_bb_r0_1(x,y) :- \n   sup_unreach_bf_r0_2(x,y),\n   edge(x,y).": {
         "sup_unreach_bf_r0_2": {
          "level": 0,
          "num-tuples": 0
         }
        }
       },
       "maxRSS": {
        "post": 16368,
        "pre": 16368
       },
       "num-tuples": 2,
       "runtime": { "start": 29334899379, "end": 29334899397},
       "source-locator": "/root/compiler/measurements/m3-5-headline/family/reachability_complement/n500/emit_guarded/transformed.dl [36:1-36:64]"
      }
     },
     "num-tuples": 2,
     "reads": 0,
     "runtime": { "start": 29334899370, "end": 29334899408},
     "source-locator": "/root/compiler/measurements/m3-5-headline/family/reachability_complement/n500/emit_guarded/transformed.dl [16:7-16:24]"
    },
    "sup_reach_bb_r1_1": {
     "maxRSS": {
      "post": 18944,
      "pre": 16368
     },
     "non-recursive-rule": {
      "sup_reach_bb_r1_1(x,y,z) :- \n   sup_unreach_bf_r0_2(x,y),\n   reach_bf(x,z).": {
       "atom-frequency": {
        "sup_reach_bb_r1_1(x,y,z) :- \n   sup_unreach_bf_r0_2(x,y),\n   reach_bf(x,z).": {
         "reach_bf": {
          "level": 1,
          "num-tuples": 0
         },
         "sup_unreach_bf_r0_2": {
          "level": 0,
          "num-tuples": 0
         }
        }
       },
       "maxRSS": {
        "post": 18944,
        "pre": 16368
       },
       "num-tuples": 203500,
       "runtime": { "start": 29334904610, "end": 29334920417},
       "source-locator": "/root/compiler/measurements/m3-5-headline/family/reachability_complement/n500/emit_guarded/transformed.dl [39:1-39:71]"
      }
     },
     "num-tuples": 203500,
     "reads": 0,
     "runtime": { "start": 29334904609, "end": 29334920558},
     "source-locator": "/root/compiler/measurements/m3-5-headline/family/reachability_complement/n500/emit_guarded/transformed.dl [19:7-19:24]"
    },
    "sup_reach_bb_r1_2": {
     "maxRSS": {
      "post": 18944,
      "pre": 18944
     },
     "non-recursive-rule": {
      "sup_reach_bb_r1_2(x,y) :- \n   sup_reach_bb_r1_1(x,y,z),\n   edge(z,y).": {
       "atom-frequency": {
        "sup_reach_bb_r1_2(x,y) :- \n   sup_reach_bb_r1_1(x,y,z),\n   edge(z,y).": {
         "sup_reach_bb_r1_1": {
          "level": 0,
          "num-tuples": 0
         }
        }
       },
       "maxRSS": {
        "post": 18944,
        "pre": 18944
       },
       "num-tuples": 407,
       "runtime": { "start": 29334920586, "end": 29334929175},
       "source-locator": "/root/compiler/measurements/m3-5-headline/family/reachability_complement/n500/emit_guarded/transformed.dl [40:1-40:67]"
      }
     },
     "num-tuples": 407,
     "reads": 0,
     "runtime": { "start": 29334920569, "end": 29334929190},
     "source-locator": "/root/compiler/measurements/m3-5-headline/family/reachability_complement/n500/emit_guarded/transformed.dl [20:7-20:24]"
    },
    "sup_reach_bf_r0_1": {
     "maxRSS": {
      "post": 16368,
      "pre": 16368
     },
     "non-recursive-rule": {
      "sup_reach_bf_r0_1(x,y) :- \n   magic_reach_bf(x),\n   edge(x,y).": {
       "atom-frequency": {
        "sup_reach_bf_r0_1(x,y) :- \n   magic_reach_bf(x),\n   edge(x,y).": {
         "edge": {
          "level": 1,
          "num-tuples": 0
         },
         "magic_reach_bf": {
          "level": 0,
          "num-tuples": 0
         }
        }
       },
       "maxRSS": {
        "post": 16368,
        "pre": 16368
       },
       "num-tuples": 2,
       "runtime": { "start": 29334899422, "end": 29334899426},
       "source-locator": "/root/compiler/measurements/m3-5-headline/family/reachability_complement/n500/emit_guarded/transformed.dl [44:1-44:61]"
      }
     },
     "num-tuples": 2,
     "reads": 0,
     "runtime": { "start": 29334899413, "end": 29334899435},
     "source-locator": "/root/compiler/measurements/m3-5-headline/family/reachability_complement/n500/emit_guarded/transformed.dl [23:7-23:24]"
    },
    "sup_reach_bf_r1_1": {
     "iteration": {
      "0": {
       "copytime": { "start": 29334899582, "end": 29334899591},
       "maxRSS": {
        "post": 16368,
        "pre": 16368
       },
       "num-tuples": 2,
       "recursive-rule": {
        "sup_reach_bf_r1_1(x,z) :- \n   magic_reach_bf(x),\n   reach_bf(x,z).": {
         "0": {
          "atom-frequency": {
           "@new_sup_reach_bf_r1_1(x,z) :- \n   magic_reach_bf(x),\n   @delta_reach_bf(x,z).": {
            "@delta_reach_bf": {
             "level": 1,
             "num-tuples": 0
            },
            "magic_reach_bf": {
             "level": 0,
             "num-tuples": 0
            }
           }
          },
          "maxRSS": {
           "post": 16368,
           "pre": 16368
          },
          "num-tuples": 2,
          "runtime": { "start": 29334899503, "end": 29334899505},
          "source-locator": "/root/compiler/measurements/m3-5-headline/family/reachability_complement/n500/emit_guarded/transformed.dl [47:1-47:65]"
         }
        }
       },
       "runtime": { "start": 29334899495, "end": 29334899514}
      },
      "1": {
       "copytime": { "start": 29334899709, "end": 29334899718},
       "maxRSS": {
        "post": 16368,
        "pre": 16368
       },
       "num-tuples": 0,
       "recursive-rule": {
        "sup_reach_bf_r1_1(x,z) :- \n   magic_reach_bf(x),\n   reach_bf(x,z).": {
         "0": {
          "maxRSS": {
           "post": 16368,
           "pre": 16368
          },
          "num-tuples": 0,
          "runtime": { "start": 29334899632, "end": 29334899632},
          "source-locator": "/root/compiler/measurements/m3-5-headline/family/reachability_complement/n500/emit_guarded/transformed.dl [47:1-47:65]"
         }
        }
       },
       "runtime": { "start": 29334899623, "end": 29334899641}
      },
      "10": {
       "copytime": { "start": 29334900712, "end": 29334900713},
       "maxRSS": {
        "post": 16368,
        "pre": 16368
       },
       "num-tuples": 0,
       "recursive-rule": {
        "sup_reach_bf_r1_1(x,z) :- \n   magic_reach_bf(x),\n   reach_bf(x,z).": {
         "0": {
          "maxRSS": {
           "post": 16368,
           "pre": 16368
          },
          "num-tuples": 0,
          "runtime": { "start": 29334900634, "end": 29334900634},
          "source-locator": "/root/compiler/measurements/m3-5-headline/family/reachability_complement/n500/emit_guarded/transformed.dl [47:1-47:65]"
         }
        }
       },
       "runtime": { "start": 29334900625, "end": 29334900643}
      },
      "11": {
       "copytime": { "start": 29334900804, "end": 29334900805},
       "maxRSS": {
        "post": 16368,
        "pre": 16368
       },
       "num-tuples": 0,
       "recursive-rule": {
        "sup_reach_bf_r1_1(x,z) :- \n   magic_reach_bf(x),\n   reach_bf(x,z).": {
         "0": {
          "maxRSS": {
           "post": 16368,
           "pre": 16368
          },
          "num-tuples": 0,
          "runtime": { "start": 29334900739, "end": 29334900740},
          "source-locator": "/root/compiler/measurements/m3-5-headline/family/reachability_complement/n500/emit_guarded/transformed.dl [47:1-47:65]"
         }
        }
       },
       "runtime": { "start": 29334900739, "end": 29334900745}
      },
      "12": {
       "copytime": { "start": 29334900936, "end": 29334900947},
       "maxRSS": {
        "post": 16368,
        "pre": 16368
       },
       "num-tuples": 41,
       "recursive-rule": {
        "sup_reach_bf_r1_1(x,z) :- \n   magic_reach_bf(x),\n   reach_bf(x,z).": {
         "0": {
          "maxRSS": {
           "post": 16368,
           "pre": 16368
          },
          "num-tuples": 41,
          "runtime": { "start": 29334900845, "end": 29334900851},
          "source-locator": "/root/compiler/measurements/m3-5-headline/family/reachability_complement/n500/emit_guarded/transformed.dl [47:1-47:65]"
         }
        }
       },
       "runtime": { "start": 29334900837, "end": 29334900859}
      },
      "13": {
       "copytime": { "start": 29334901093, "end": 29334901102},
       "maxRSS": {
        "post": 16368,
        "pre": 16368
       },
       "num-tuples": 0,
       "recursive-rule": {
        "sup_reach_bf_r1_1(x,z) :- \n   magic_reach_bf(x),\n   reach_bf(x,z).": {
         "0": {
          "maxRSS": {
           "post": 16368,
           "pre": 16368
          },
          "num-tuples": 0,
          "runtime": { "start": 29334900988, "end": 29334900989},
          "source-locator": "/root/compiler/measurements/m3-5-headline/family/reachability_complement/n500/emit_guarded/transformed.dl [47:1-47:65]"
         }
        }
       },
       "runtime": { "start": 29334900979, "end": 29334900999}
      },
      "14": {
       "copytime": { "start": 29334901236, "end": 29334901245},
       "maxRSS": {
        "post": 16368,
        "pre": 16368
       },
       "num-tuples": 0,
       "recursive-rule": {
        "sup_reach_bf_r1_1(x,z) :- \n   magic_reach_bf(x),\n   reach_bf(x,z).": {
         "0": {
          "maxRSS": {
           "post": 16368,
           "pre": 16368
          },
          "num-tuples": 0,
          "runtime": { "start": 29334901153, "end": 29334901154},
          "source-locator": "/root/compiler/measurements/m3-5-headline/family/reachability_complement/n500/emit_guarded/transformed.dl [47:1-47:65]"
         }
        }
       },
       "runtime": { "start": 29334901145, "end": 29334901164}
      },
      "15": {
       "copytime": { "start": 29334901370, "end": 29334901382},
       "maxRSS": {
        "post": 16368,
        "pre": 16368
       },
       "num-tuples": 59,
       "recursive-rule": {
        "sup_reach_bf_r1_1(x,z) :- \n   magic_reach_bf(x),\n   reach_bf(x,z).": {
         "0": {
          "maxRSS": {
           "post": 16368,
           "pre": 16368
          },
          "num-tuples": 59,
          "runtime": { "start": 29334901287, "end": 29334901294},
          "source-locator": "/root/compiler/measurements/m3-5-headline/family/reachability_complement/n500/emit_guarded/transformed.dl [47:1-47:65]"
         }
        }
       },
       "runtime": { "start": 29334901278, "end": 29334901303}
      },
      "16": {
       "copytime": { "start": 29334901513, "end": 29334901522},
       "maxRSS": {
        "post": 16368,
        "pre": 16368
       },
       "num-tuples": 0,
       "recursive-rule": {
        "sup_reach_bf_r1_1(x,z) :- \n   magic_reach_bf(x),\n   reach_bf(x,z).": {
         "0": {
          "maxRSS": {
           "post": 16368,
           "pre": 16368
          },
          "num-tuples": 0,
          "runtime": { "start": 29334901414, "end": 29334901415},
          "source-locator": "/root/compiler/measurements/m3-5-headline/family/reachability_complement/n500/emit_guarded/transformed.dl [47:1-47:65]"
         }
        }
       },
       "runtime": { "start": 29334901405, "end": 29334901424}
      },
      "17": {
       "copytime": { "start": 29334901659, "end": 29334901668},
       "maxRSS": {
        "post": 16368,
        "pre": 16368
       },
       "num-tuples": 0,
       "recursive-rule": {
        "sup_reach_bf_r1_1(x,z) :- \n   magic_reach_bf(x),\n   reach_bf(x,z).": {
         "0": {
          "maxRSS": {
           "post": 16368,
           "pre": 16368
          },
          "num-tuples": 0,
          "runtime": { "start": 29334901576, "end": 29334901577},
          "source-locator": "/root/compiler/measurements/m3-5-headline/family/reachability_complement/n500/emit_guarded/transformed.dl [47:1-47:65]"
         }
        }
       },
       "runtime": { "start": 29334901568, "end": 29334901587}
      },
      "18": {
       "copytime": { "start": 29334901797, "end": 29334901813},
       "maxRSS": {
        "post": 16368,
        "pre": 16368
       },
       "num-tuples": 69,
       "recursive-rule": {
        "sup_reach_bf_r1_1(x,z) :- \n   magic_reach_bf(x),\n   reach_bf(x,z).": {
         "0": {
          "maxRSS": {
           "post": 16368,
           "pre": 16368
          },
          "num-tuples": 69,
          "runtime": { "start": 29334901710, "end": 29334901719},
          "source-locator": "/root/compiler/measurements/m3-5-headline/family/reachability_complement/n500/emit_guarded/transformed.dl [47:1-47:65]"
         }
        }
       },
       "runtime": { "start": 29334901700, "end": 29334901728}
      },
      "19": {
       "copytime": { "start": 29334901964, "end": 29334901965},
       "maxRSS": {
        "post": 16368,
        "pre": 16368
       },
       "num-tuples": 0,
       "recursive-rule": {
        "sup_reach_bf_r1_1(x,z) :- \n   magic_reach_bf(x),\n   reach_bf(x,z).": {
         "0": {
          "maxRSS": {
           "post": 16368,
           "pre": 16368
          },
          "num-tuples": 0,
          "runtime": { "start": 29334901854, "end": 29334901854},
          "source-locator": "/root/compiler/measurements/m3-5-headline/family/reachability_complement/n500/emit_guarded/transformed.dl [47:1-47:65]"
         }
        }
       },
       "runtime": { "start": 29334901845, "end": 29334901864}
      },
      "2": {
       "copytime": { "start": 29334899836, "end": 29334899845},
       "maxRSS": {
        "post": 16368,
        "pre": 16368
       },
       "num-tuples": 0,
       "recursive-rule": {
        "sup_reach_bf_r1_1(x,z) :- \n   magic_reach_bf(x),\n   reach_bf(x,z).": {
         "0": {
          "maxRSS": {
           "post": 16368,
           "pre": 16368
          },
          "num-tuples": 0,
          "runtime": { "start": 29334899759, "end": 29334899760},
          "source-locator": "/root/compiler/measurements/m3-5-headline/family/reachability_complement/n500/emit_guarded/transformed.dl [47:1-47:65]"
         }
        }
       },
       "runtime": { "start": 29334899750, "end": 29334899768}
      },
      "20": {
       "copytime": { "start": 29334902075, "end": 29334902075},
       "maxRSS": {
        "post": 16368,
        "pre": 16368
       },
       "num-tuples": 0,
       "recursive-rule": {
        "sup_reach_bf_r1_1(x,z) :- \n   magic_reach_bf(x),\n   reach_bf(x,z).": {
         "0": {
          "maxRSS": {
           "post": 16368,
           "pre": 16368
          },
          "num-tuples": 0,
          "runtime": { "start": 29334902030, "end": 29334902031},
          "source-locator": "/root/compiler/measurements/m3-5-headline/family/reachability_complement/n500/emit_guarded/transformed.dl [47:1-47:65]"
         }
        }
       },
       "runtime": { "start": 29334902021, "end": 29334902039}
      },
      "21": {
       "copytime": { "start": 29334902187, "end": 29334902192},
       "maxRSS": {
        "post": 16368,
        "pre": 16368
       },
       "num-tuples": 71,
       "recursive-rule": {
        "sup_reach_bf_r1_1(x,z) :- \n   magic_reach_bf(x),\n   reach_bf(x,z).": {
         "0": {
          "maxRSS": {
           "post": 16368,
           "pre": 16368
          },
          "num-tuples": 71,
          "runtime": { "start": 29334902102, "end": 29334902111},
          "source-locator": "/root/compiler/measurements/m3-5-headline/family/reachability_complement/n500/emit_guarded/transformed.dl [47:1-47:65]"
         }
        }
       },
       "runtime": { "start": 29334902093, "end": 29334902121}
      },
      "22": {
       "copytime": { "start": 29334902340, "end": 29334902349},
       "maxRSS": {
        "post": 16368,
        "pre": 16368
       },
       "num-tuples": 0,
       "recursive-rule": {
        "sup_reach_bf_r1_1(x,z) :- \n   magic_reach_bf(x),\n   reach_bf(x,z).": {
         "0": {
          "maxRSS": {
           "post": 16368,
           "pre": 16368
          },
          "num-tuples": 0,
          "runtime": { "start": 29334902233, "end": 29334902234},
          "source-locator": "/root/compiler/measurements/m3-5-headline/family/reachability_complement/n500/emit_guarded/transformed.dl [47:1-47:65]"
         }
        }
       },
       "runtime": { "start": 29334902224, "end": 29334902244}
      },
      "23": {
       "copytime": { "start": 29334902474, "end": 29334902475},
       "maxRSS": {
        "post": 16368,
        "pre": 16368
       },
       "num-tuples": 0,
       "recursive-rule": {
        "sup_reach_bf_r1_1(x,z) :- \n   magic_reach_bf(x),\n   reach_bf(x,z).": {
         "0": {
          "maxRSS": {
           "post": 16368,
           "pre": 16368
          },
          "num-tuples": 0,
          "runtime": { "start": 29334902405, "end": 29334902406},
          "source-locator": "/root/compiler/measurements/m3-5-headline/family/reachability_complement/n500/emit_guarded/transformed.dl [47:1-47:65]"
         }
        }
       },
       "runtime": { "start": 29334902396, "end": 29334902416}
      },
      "24": {
       "copytime": { "start": 29334902572, "end": 29334902577},
       "maxRSS": {
        "post": 16368,
        "pre": 16368
       },
       "num-tuples": 63,
       "recursive-rule": {
        "sup_reach_bf_r1_1(x,z) :- \n   magic_reach_bf(x),\n   reach_bf(x,z).": {
         "0": {
          "maxRSS": {
           "post": 16368,
           "pre": 16368
          },
          "num-tuples": 63,
          "runtime": { "start": 29334902509, "end": 29334902517},
          "source-locator": "/root/compiler/measurements/m3-5-headline/family/reachability_complement/n500/emit_guarded/transformed.dl [47:1-47:65]"
         }
        }
       },
       "runtime": { "start": 29334902508, "end": 29334902524}
      },
      "25": {
       "copytime": { "start": 29334902720, "end": 29334902721},
       "maxRSS": {
        "post": 16368,
        "pre": 16368
       },
       "num-tuples": 0,
       "recursive-rule": {
        "sup_reach_bf_r1_1(x,z) :- \n   magic_reach_bf(x),\n   reach_bf(x,z).": {
         "0": {
          "maxRSS": {
           "post": 16368,
           "pre": 16368
          },
          "num-tuples": 0,
          "runtime": { "start": 29334902617, "end": 29334902618},
          "source-locator": "/root/compiler/measurements/m3-5-headline/family/reachability_complement/n500/emit_guarded/transformed.dl [47:1-47:65]"
         }
        }
       },
       "runtime": { "start": 29334902609, "end": 29334902629}
      },
      "26": {
       "copytime": { "start": 29334902830, "end": 29334902840},
       "maxRSS": {
        "post": 16368,
        "pre": 16368
       },
       "num-tuples": 0,
       "recursive-rule": {
        "sup_reach_bf_r1_1(x,z) :- \n   magic_reach_bf(x),\n   reach_bf(x,z).": {
         "0": {
          "maxRSS": {
           "post": 16368,
           "pre": 16368
          },
          "num-tuples": 0,
          "runtime": { "start": 29334902782, "end": 29334902783},
          "source-locator": "/root/compiler/measurements/m3-5-headline/family/reachability_complement/n500/emit_guarded/transformed.dl [47:1-47:65]"
         }
        }
       },
       "runtime": { "start": 29334902773, "end": 29334902792}
      },
      "27": {
       "copytime": { "start": 29334902954, "end": 29334902958},
       "maxRSS": {
        "post": 16368,
        "pre": 16368
       },
       "num-tuples": 37,
       "recursive-rule": {
        "sup_reach_bf_r1_1(x,z) :- \n   magic_reach_bf(x),\n   reach_bf(x,z).": {
         "0": {
          "maxRSS": {
           "post": 16368,
           "pre": 16368
          },
          "num-tuples": 37,
          "runtime": { "start": 29334902865, "end": 29334902877},
          "source-locator": "/root/compiler/measurements/m3-5-headline/family/reachability_complement/n500/emit_guarded/transformed.dl [47:1-47:65]"
         }
        }
       },
       "runtime": { "start": 29334902863, "end": 29334902886}
      },
      "28": {
       "copytime": { "start": 29334903093, "end": 29334903094},
       "maxRSS": {
        "post": 16368,
        "pre": 16368
       },
       "num-tuples": 0,
       "recursive-rule": {
        "sup_reach_bf_r1_1(x,z) :- \n   magic_reach_bf(x),\n   reach_bf(x,z).": {
         "0": {
          "maxRSS": {
           "post": 16368,
           "pre": 16368
          },
          "num-tuples": 0,
          "runtime": { "start": 29334902998, "end": 29334902999},
          "source-locator": "/root/compiler/measurements/m3-5-headline/family/reachability_complement/n500/emit_guarded/transformed.dl [47:1-47:65]"
         }
        }
       },
       "runtime": { "start": 29334902989, "end": 29334903008}
      },
      "29": {
       "copytime": { "start": 29334903232, "end": 29334903232},
       "maxRSS": {
        "post": 16368,
        "pre": 16368
       },
       "num-tuples": 0,
       "recursive-rule": {
        "sup_reach_bf_r1_1(x,z) :- \n   magic_reach_bf(x),\n   reach_bf(x,z).": {
         "0": {
          "maxRSS": {
           "post": 16368,
           "pre": 16368
          },
          "num-tuples": 0,
          "runtime": { "start": 29334903151, "end": 29334903152},
          "source-locator": "/root/compiler/measurements/m3-5-headline/family/reachability_complement/n500/emit_guarded/transformed.dl [47:1-47:65]"
         }
        }
       },
       "runtime": { "start": 29334903142, "end": 29334903161}
      },
      "3": {
       "copytime": { "start": 29334899961, "end": 29334899970},
       "maxRSS": {
        "post": 16368,
        "pre": 16368
       },
       "num-tuples": 3,
       "recursive-rule": {
        "sup_reach_bf_r1_1(x,z) :- \n   magic_reach_bf(x),\n   reach_bf(x,z).": {
         "0": {
          "maxRSS": {
           "post": 16368,
           "pre": 16368
          },
          "num-tuples": 3,
          "runtime": { "start": 29334899884, "end": 29334899886},
          "source-locator": "/root/compiler/measurements/m3-5-headline/family/reachability_complement/n500/emit_guarded/transformed.dl [47:1-47:65]"
         }
        }
       },
       "runtime": { "start": 29334899876, "end": 29334899894}
      },
      "30": {
       "copytime": { "start": 29334903370, "end": 29334903381},
       "maxRSS": {
        "post": 16368,
        "pre": 16368
       },
       "num-tuples": 21,
       "recursive-rule": {
        "sup_reach_bf_r1_1(x,z) :- \n   magic_reach_bf(x),\n   reach_bf(x,z).": {
         "0": {
          "maxRSS": {
           "post": 16368,
           "pre": 16368
          },
          "num-tuples": 21,
          "runtime": { "start": 29334903285, "end": 29334903289},
          "source-locator": "/root/compiler/measurements/m3-5-headline/family/reachability_complement/n500/emit_guarded/transformed.dl [47:1-47:65]"
         }
        }
       },
       "runtime": { "start": 29334903276, "end": 29334903299}
      },
      "31": {
       "copytime": { "start": 29334903498, "end": 29334903507},
       "maxRSS": {
        "post": 16368,
        "pre": 16368
       },
       "num-tuples": 0,
       "recursive-rule": {
        "sup_reach_bf_r1_1(x,z) :- \n   magic_reach_bf(x),\n   reach_bf(x,z).": {
         "0": {
          "maxRSS": {
           "post": 16368,
           "pre": 16368
          },
          "num-tuples": 0,
          "runtime": { "start": 29334903411, "end": 29334903412},
          "source-locator": "/root/compiler/measurements/m3-5-headline/family/reachability_complement/n500/emit_guarded/transformed.dl [47:1-47:65]"
         }
        }
       },
       "runtime": { "start": 29334903402, "end": 29334903422}
      },
      "32": {
       "copytime": { "start": 29334903632, "end": 29334903641},
       "maxRSS": {
        "post": 16368,
        "pre": 16368
       },
       "num-tuples": 0,
       "recursive-rule": {
        "sup_reach_bf_r1_1(x,z) :- \n   magic_reach_bf(x),\n   reach_bf(x,z).": {
         "0": {
          "maxRSS": {
           "post": 16368,
           "pre": 16368
          },
          "num-tuples": 0,
          "runtime": { "start": 29334903552, "end": 29334903553},
          "source-locator": "/root/compiler/measurements/m3-5-headline/family/reachability_complement/n500/emit_guarded/transformed.dl [47:1-47:65]"
         }
        }
       },
       "runtime": { "start": 29334903543, "end": 29334903562}
      },
      "33": {
       "copytime": { "start": 29334903762, "end": 29334903772},
       "maxRSS": {
        "post": 16368,
        "pre": 16368
       },
       "num-tuples": 8,
       "recursive-rule": {
        "sup_reach_bf_r1_1(x,z) :- \n   magic_reach_bf(x),\n   reach_bf(x,z).": {
         "0": {
          "maxRSS": {
           "post": 16368,
           "pre": 16368
          },
          "num-tuples": 8,
          "runtime": { "start": 29334903682, "end": 29334903684},
          "source-locator": "/root/compiler/measurements/m3-5-headline/family/reachability_complement/n500/emit_guarded/transformed.dl [47:1-47:65]"
         }
        }
       },
       "runtime": { "start": 29334903673, "end": 29334903693}
      },
      "34": {
       "copytime": { "start": 29334903898, "end": 29334903907},
       "maxRSS": {
        "post": 16368,
        "pre": 16368
       },
       "num-tuples": 0,
       "recursive-rule": {
        "sup_reach_bf_r1_1(x,z) :- \n   magic_reach_bf(x),\n   reach_bf(x,z).": {
         "0": {
          "maxRSS": {
           "post": 16368,
           "pre": 16368
          },
          "num-tuples": 0,
          "runtime": { "start": 29334903813, "end": 29334903814},
          "source-locator": "/root/compiler/measurements/m3-5-headline/family/reachability_complement/n500/emit_guarded/transformed.dl [47:1-47:65]"
         }
        }
       },
       "runtime": { "start": 29334903805, "end": 29334903825}
      },
      "35": {
       "copytime": { "start": 29334904037, "end": 29334904037},
       "maxRSS": {
        "post": 16368,
        "pre": 16368
       },
       "num-tuples": 0,
       "recursive-rule": {
        "sup_reach_bf_r1_1(x,z) :- \n   magic_reach_bf(x),\n   reach_bf(x,z).": {
         "0": {
          "maxRSS": {
           "post": 16368,
           "pre": 16368
          },
          "num-tuples": 0,
          "runtime": { "start": 29334903951, "end": 29334903951},
          "source-locator": "/root/compiler/measurements/m3-5-headline/family/reachability_complement/n500/emit_guarded/transformed.dl [47:1-47:65]"
         }
        }
       },
       "runtime": { "start": 29334903942, "end": 29334903961}
      },
      "36": {
       "copytime": { "start": 29334904157, "end": 29334904158},
       "maxRSS": {
        "post": 16368,
        "pre": 16368
       },
       "num-tuples": 4,
       "recursive-rule": {
        "sup_reach_bf_r1_1(x,z) :- \n   magic_reach_bf(x),\n   reach_bf(x,z).": {
         "0": {
          "maxRSS": {
           "post": 16368,
           "pre": 16368
          },
          "num-tuples": 4,
          "runtime": { "start": 29334904078, "end": 29334904080},
          "source-locator": "/root/compiler/measurements/m3-5-headline/family/reachability_complement/n500/emit_guarded/transformed.dl [47:1-47:65]"
         }
        }
       },
       "runtime": { "start": 29334904069, "end": 29334904088}
      },
      "37": {
       "copytime": { "start": 29334904279, "end": 29334904279},
       "maxRSS": {
        "post": 16368,
        "pre": 16368
       },
       "num-tuples": 0,
       "recursive-rule": {
        "sup_reach_bf_r1_1(x,z) :- \n   magic_reach_bf(x),\n   reach_bf(x,z).": {
         "0": {
          "maxRSS": {
           "post": 16368,
           "pre": 16368
          },
          "num-tuples": 0,
          "runtime": { "start": 29334904199, "end": 29334904200},
          "source-locator": "/root/compiler/measurements/m3-5-headline/family/reachability_complement/n500/emit_guarded/transformed.dl [47:1-47:65]"
         }
        }
       },
       "runtime": { "start": 29334904191, "end": 29334904209}
      },
      "38": {
       "copytime": { "start": 29334904405, "end": 29334904406},
       "maxRSS": {
        "post": 16368,
        "pre": 16368
       },
       "num-tuples": 0,
       "recursive-rule": {
        "sup_reach_bf_r1_1(x,z) :- \n   magic_reach_bf(x),\n   reach_bf(x,z).": {
         "0": {
          "maxRSS": {
           "post": 16368,
           "pre": 16368
          },
          "num-tuples": 0,
          "runtime": { "start": 29334904322, "end": 29334904323},
          "source-locator": "/root/compiler/measurements/m3-5-headline/family/reachability_complement/n500/emit_guarded/transformed.dl [47:1-47:65]"
         }
        }
       },
       "runtime": { "start": 29334904313, "end": 29334904333}
      },
      "39": {
       "copytime": { "start": 29334904502, "end": 29334904503},
       "maxRSS": {
        "post": 16368,
        "pre": 16368
       },
       "num-tuples": 2,
       "recursive-rule": {
        "sup_reach_bf_r1_1(x,z) :- \n   magic_reach_bf(x),\n   reach_bf(x,z).": {
         "0": {
          "maxRSS": {
           "post": 16368,
           "pre": 16368
          },
          "num-tuples": 2,
          "runtime": { "start": 29334904445, "end": 29334904447},
          "source-locator": "/root/compiler/measurements/m3-5-headline/family/reachability_complement/n500/emit_guarded/transformed.dl [47:1-47:65]"
         }
        }
       },
       "runtime": { "start": 29334904436, "end": 29334904456}
      },
      "4": {
       "copytime": { "start": 29334900067, "end": 29334900067},
       "maxRSS": {
        "post": 16368,
        "pre": 16368
       },
       "num-tuples": 0,
       "recursive-rule": {
        "sup_reach_bf_r1_1(x,z) :- \n   magic_reach_bf(x),\n   reach_bf(x,z).": {
         "0": {
          "maxRSS": {
           "post": 16368,
           "pre": 16368
          },
          "num-tuples": 0,
          "runtime": { "start": 29334900027, "end": 29334900028},
          "source-locator": "/root/compiler/measurements/m3-5-headline/family/reachability_complement/n500/emit_guarded/transformed.dl [47:1-47:65]"
         }
        }
       },
       "runtime": { "start": 29334900021, "end": 29334900036}
      },
      "40": {
       "maxRSS": {
        "post": 16368,
        "pre": 16368
       },
       "num-tuples": 0,
       "recursive-rule": {
        "sup_reach_bf_r1_1(x,z) :- \n   magic_reach_bf(x),\n   reach_bf(x,z).": {
         "0": {
          "maxRSS": {
           "post": 16368,
           "pre": 16368
          },
          "num-tuples": 0,
          "runtime": { "start": 29334904530, "end": 29334904531},
          "source-locator": "/root/compiler/measurements/m3-5-headline/family/reachability_complement/n500/emit_guarded/transformed.dl [47:1-47:65]"
         }
        }
       },
       "runtime": { "start": 29334904521, "end": 29334904540}
      },
      "5": {
       "copytime": { "start": 29334900114, "end": 29334900115},
       "maxRSS": {
        "post": 16368,
        "pre": 16368
       },
       "num-tuples": 0,
       "recursive-rule": {
        "sup_reach_bf_r1_1(x,z) :- \n   magic_reach_bf(x),\n   reach_bf(x,z).": {
         "0": {
          "maxRSS": {
           "post": 16368,
           "pre": 16368
          },
          "num-tuples": 0,
          "runtime": { "start": 29334900084, "end": 29334900084},
          "source-locator": "/root/compiler/measurements/m3-5-headline/family/reachability_complement/n500/emit_guarded/transformed.dl [47:1-47:65]"
         }
        }
       },
       "runtime": { "start": 29334900083, "end": 29334900089}
      },
      "6": {
       "copytime": { "start": 29334900192, "end": 29334900201},
       "maxRSS": {
        "post": 16368,
        "pre": 16368
       },
       "num-tuples": 8,
       "recursive-rule": {
        "sup_reach_bf_r1_1(x,z) :- \n   magic_reach_bf(x),\n   reach_bf(x,z).": {
         "0": {
          "maxRSS": {
           "post": 16368,
           "pre": 16368
          },
          "num-tuples": 8,
          "runtime": { "start": 29334900140, "end": 29334900142},
          "source-locator": "/root/compiler/measurements/m3-5-headline/family/reachability_complement/n500/emit_guarded/transformed.dl [47:1-47:65]"
         }
        }
       },
       "runtime": { "start": 29334900131, "end": 29334900150}
      },
      "7": {
       "copytime": { "start": 29334900327, "end": 29334900336},
       "maxRSS": {
        "post": 16368,
        "pre": 16368
       },
       "num-tuples": 0,
       "recursive-rule": {
        "sup_reach_bf_r1_1(x,z) :- \n   magic_reach_bf(x),\n   reach_bf(x,z).": {
         "0": {
          "maxRSS": {
           "post": 16368,
           "pre": 16368
          },
          "num-tuples": 0,
          "runtime": { "start": 29334900243, "end": 29334900244},
          "source-locator": "/root/compiler/measurements/m3-5-headline/family/reachability_complement/n500/emit_guarded/transformed.dl [47:1-47:65]"
         }
        }
       },
       "runtime": { "start": 29334900234, "end": 29334900254}
      },
      "8": {
       "copytime": { "start": 29334900463, "end": 29334900472},
       "maxRSS": {
        "post": 16368,
        "pre": 16368
       },
       "num-tuples": 0,
       "recursive-rule": {
        "sup_reach_bf_r1_1(x,z) :- \n   magic_reach_bf(x),\n   reach_bf(x,z).": {
         "0": {
          "maxRSS": {
           "post": 16368,
           "pre": 16368
          },
          "num-tuples": 0,
          "runtime": { "start": 29334900381, "end": 29334900381},
          "source-locator": "/root/compiler/measurements/m3-5-headline/family/reachability_complement/n500/emit_guarded/transformed.dl [47:1-47:65]"
         }
        }
       },
       "runtime": { "start": 29334900372, "end": 29334900390}
      },
      "9": {
       "copytime": { "start": 29334900582, "end": 29334900592},
       "maxRSS": {
        "post": 16368,
        "pre": 16368
       },
       "num-tuples": 19,
       "recursive-rule": {
        "sup_reach_bf_r1_1(x,z) :- \n   magic_reach_bf(x),\n   reach_bf(x,z).": {
         "0": {
          "maxRSS": {
           "post": 16368,
           "pre": 16368
          },
          "num-tuples": 19,
          "runtime": { "start": 29334900502, "end": 29334900505},
          "source-locator": "/root/compiler/measurements/m3-5-headline/family/reachability_complement/n500/emit_guarded/transformed.dl [47:1-47:65]"
         }
        }
       },
       "runtime": { "start": 29334900494, "end": 29334900514}
      }
     },
     "num-tuples": 0,
     "reads": 407,
     "source-locator": "/root/compiler/measurements/m3-5-headline/family/reachability_complement/n500/emit_guarded/transformed.dl [26:7-26:24]"
    },
    "sup_reach_bf_r1_2": {
     "iteration": {
      "0": {
       "copytime": { "start": 29334899596, "end": 29334899597},
       "maxRSS": {
        "post": 16368,
        "pre": 16368
       },
       "num-tuples": 0,
       "recursive-rule": {
        "sup_reach_bf_r1_2(x,y) :- \n   sup_reach_bf_r1_1(x,z),\n   edge(z,y).": {
         "0": {
          "atom-frequency": {
           "@new_sup_reach_bf_r1_2(x,y) :- \n   @delta_sup_reach_bf_r1_1(x,z),\n   edge(z,y).": {
            "@delta_sup_reach_bf_r1_1": {
             "level": 0,
             "num-tuples": 0
            },
            "edge": {
             "level": 1,
             "num-tuples": 0
            }
           }
          },
          "maxRSS": {
           "post": 16368,
           "pre": 16368
          },
          "num-tuples": 0,
          "runtime": { "start": 29334899528, "end": 29334899528},
          "source-locator": "/root/compiler/measurements/m3-5-headline/family/reachability_complement/n500/emit_guarded/transformed.dl [48:1-48:64]"
         }
        }
       },
       "runtime": { "start": 29334899519, "end": 29334899537}
      },
      "1": {
       "copytime": { "start": 29334899723, "end": 29334899724},
       "maxRSS": {
        "post": 16368,
        "pre": 16368
       },
       "num-tuples": 3,
       "recursive-rule": {
        "sup_reach_bf_r1_2(x,y) :- \n   sup_reach_bf_r1_1(x,z),\n   edge(z,y).": {
         "0": {
          "maxRSS": {
           "post": 16368,
           "pre": 16368
          },
          "num-tuples": 3,
          "runtime": { "start": 29334899654, "end": 29334899657},
          "source-locator": "/root/compiler/measurements/m3-5-headline/family/reachability_complement/n500/emit_guarded/transformed.dl [48:1-48:64]"
         }
        }
       },
       "runtime": { "start": 29334899645, "end": 29334899665}
      },
      "10": {
       "copytime": { "start": 29334900716, "end": 29334900719},
       "maxRSS": {
        "post": 16368,
        "pre": 16368
       },
       "num-tuples": 41,
       "recursive-rule": {
        "sup_reach_bf_r1_2(x,y) :- \n   sup_reach_bf_r1_1(x,z),\n   edge(z,y).": {
         "0": {
          "maxRSS": {
           "post": 16368,
           "pre": 16368
          },
          "num-tuples": 41,
          "runtime": { "start": 29334900656, "end": 29334900668},
          "source-locator": "/root/compiler/measurements/m3-5-headline/family/reachability_complement/n500/emit_guarded/transformed.dl [48:1-48:64]"
         }
        }
       },
       "runtime": { "start": 29334900648, "end": 29334900677}
      },
      "11": {
       "copytime": { "start": 29334900809, "end": 29334900818},
       "maxRSS": {
        "post": 16368,
        "pre": 16368
       },
       "num-tuples": 0,
       "recursive-rule": {
        "sup_reach_bf_r1_2(x,y) :- \n   sup_reach_bf_r1_1(x,z),\n   edge(z,y).": {
         "0": {
          "maxRSS": {
           "post": 16368,
           "pre": 16368
          },
          "num-tuples": 0,
          "runtime": { "start": 29334900750, "end": 29334900751},
          "source-locator": "/root/compiler/measurements/m3-5-headline/family/reachability_complement/n500/emit_guarded/transformed.dl [48:1-48:64]"
         }
        }
       },
       "runtime": { "start": 29334900748, "end": 29334900758}
      },
      "12": {
       "copytime": { "start": 29334900952, "end": 29334900953},
       "maxRSS": {
        "post": 16368,
        "pre": 16368
       },
       "num-tuples": 0,
       "recursive-rule": {
        "sup_reach_bf_r1_2(x,y) :- \n   sup_reach_bf_r1_1(x,z),\n   edge(z,y).": {
         "0": {
          "maxRSS": {
           "post": 16368,
           "pre": 16368
          },
          "num-tuples": 0,
          "runtime": { "start": 29334900881, "end": 29334900881},
          "source-locator": "/root/compiler/measurements/m3-5-headline/family/reachability_complement/n500/emit_guarded/transformed.dl [48:1-48:64]"
         }
        }
       },
       "runtime": { "start": 29334900865, "end": 29334900890}
      },
      "13": {
       "copytime": { "start": 29334901108, "end": 29334901112},
       "maxRSS": {
        "post": 16368,
        "pre": 16368
       },
       "num-tuples": 59,
       "recursive-rule": {
        "sup_reach_bf_r1_2(x,y) :- \n   sup_reach_bf_r1_1(x,z),\n   edge(z,y).": {
         "0": {
          "maxRSS": {
           "post": 16368,
           "pre": 16368
          },
          "num-tuples": 59,
          "runtime": { "start": 29334901012, "end": 29334901031},
          "source-locator": "/root/compiler/measurements/m3-5-headline/family/reachability_complement/n500/emit_guarded/transformed.dl [48:1-48:64]"
         }
        }
       },
       "runtime": { "start": 29334901003, "end": 29334901044}
      },
      "14": {
       "copytime": { "start": 29334901251, "end": 29334901251},
       "maxRSS": {
        "post": 16368,
        "pre": 16368
       },
       "num-tuples": 0,
       "recursive-rule": {
        "sup_reach_bf_r1_2(x,y) :- \n   sup_reach_bf_r1_1(x,z),\n   edge(z,y).": {
         "0": {
          "maxRSS": {
           "post": 16368,
           "pre": 16368
          },
          "num-tuples": 0,
          "runtime": { "start": 29334901178, "end": 29334901178},
          "source-locator": "/root/compiler/measurements/m3-5-headline/family/reachability_complement/n500/emit_guarded/transformed.dl [48:1-48:64]"
         }
        }
       },
       "runtime": { "start": 29334901169, "end": 29334901187}
      },
      "15": {
       "copytime": { "start": 29334901387, "end": 29334901389},
       "maxRSS": {
        "post": 16368,
        "pre": 16368
       },
       "num-tuples": 0,
       "recursive-rule": {
        "sup_reach_bf_r1_2(x,y) :- \n   sup_reach_bf_r1_1(x,z),\n   edge(z,y).": {
         "0": {
          "maxRSS": {
           "post": 16368,
           "pre": 16368
          },
          "num-tuples": 0,
          "runtime": { "start": 29334901316, "end": 29334901317},
          "source-locator": "/root/compiler/measurements/m3-5-headline/family/reachability_complement/n500/emit_guarded/transformed.dl [48:1-48:64]"
         }
        }
       },
       "runtime": { "start": 29334901307, "end": 29334901327}
      },
      "16": {
       "copytime": { "start": 29334901528, "end": 29334901534},
       "maxRSS": {
        "post": 16368,
        "pre": 16368
       },
       "num-tuples": 69,
       "recursive-rule": {
        "sup_reach_bf_r1_2(x,y) :- \n   sup_reach_bf_r1_1(x,z),\n   edge(z,y).": {
         "0": {
          "maxRSS": {
           "post": 16368,
           "pre": 16368
          },
          "num-tuples": 69,
          "runtime": { "start": 29334901438, "end": 29334901460},
          "source-locator": "/root/compiler/measurements/m3-5-headline/family/reachability_complement/n500/emit_guarded/transformed.dl [48:1-48:64]"
         }
        }
       },
       "runtime": { "start": 29334901429, "end": 29334901470}
      },
      "17": {
       "copytime": { "start": 29334901673, "end": 29334901674},
       "maxRSS": {
        "post": 16368,
        "pre": 16368
       },
       "num-tuples": 0,
       "recursive-rule": {
        "sup_reach_bf_r1_2(x,y) :- \n   sup_reach_bf_r1_1(x,z),\n   edge(z,y).": {
         "0": {
          "maxRSS": {
           "post": 16368,
           "pre": 16368
          },
          "num-tuples": 0,
          "runtime": { "start": 29334901600, "end": 29334901600},
          "source-locator": "/root/compiler/measurements/m3-5-headline/family/reachability_complement/n500/emit_guarded/transformed.dl [48:1-48:64]"
         }
        }
       },
       "runtime": { "start": 29334901591, "end": 29334901609}
      },
      "18": {
       "copytime": { "start": 29334901819, "end": 29334901828},
       "maxRSS": {
        "post": 16368,
        "pre": 16368
       },
       "num-tuples": 0,
       "recursive-rule": {
        "sup_reach_bf_r1_2(x,y) :- \n   sup_reach_bf_r1_1(x,z),\n   edge(z,y).": {
         "0": {
          "maxRSS": {
           "post": 16368,
           "pre": 16368
          },
          "num-tuples": 0,
          "runtime": { "start": 29334901742, "end": 29334901743},
          "source-locator": "/root/compiler/measurements/m3-5-headline/family/reachability_complement/n500/emit_guarded/transformed.dl [48:1-48:64]"
         }
        }
       },
       "runtime": { "start": 29334901734, "end": 29334901752}
      },
      "19": {
       "copytime": { "start": 29334901968, "end": 29334901984},
       "maxRSS": {
        "post": 16368,
        "pre": 16368
       },
       "num-tuples": 73,
       "recursive-rule": {
        "sup_reach_bf_r1_2(x,y) :- \n   sup_reach_bf_r1_1(x,z),\n   edge(z,y).": {
         "0": {
          "maxRSS": {
           "post": 16368,
           "pre": 16368
          },
          "num-tuples": 73,
          "runtime": { "start": 29334901878, "end": 29334901908},
          "source-locator": "/root/compiler/measurements/m3-5-headline/family/reachability_complement/n500/emit_guarded/transformed.dl [48:1-48:64]"
         }
        }
       },
       "runtime": { "start": 29334901869, "end": 29334901917}
      },
      "2": {
       "copytime": { "start": 29334899850, "end": 29334899851},
       "maxRSS": {
        "post": 16368,
        "pre": 16368
       },
       "num-tuples": 0,
       "recursive-rule": {
        "sup_reach_bf_r1_2(x,y) :- \n   sup_reach_bf_r1_1(x,z),\n   edge(z,y).": {
         "0": {
          "maxRSS": {
           "post": 16368,
           "pre": 16368
          },
          "num-tuples": 0,
          "runtime": { "start": 29334899781, "end": 29334899782},
          "source-locator": "/root/compiler/measurements/m3-5-headline/family/reachability_complement/n500/emit_guarded/transformed.dl [48:1-48:64]"
         }
        }
       },
       "runtime": { "start": 29334899773, "end": 29334899791}
      },
      "20": {
       "copytime": { "start": 29334902078, "end": 29334902078},
       "maxRSS": {
        "post": 16368,
        "pre": 16368
       },
       "num-tuples": 0,
       "recursive-rule": {
        "sup_reach_bf_r1_2(x,y) :- \n   sup_reach_bf_r1_1(x,z),\n   edge(z,y).": {
         "0": {
          "maxRSS": {
           "post": 16368,
           "pre": 16368
          },
          "num-tuples": 0,
          "runtime": { "start": 29334902044, "end": 29334902045},
          "source-locator": "/root/compiler/measurements/m3-5-headline/family/reachability_complement/n500/emit_guarded/transformed.dl [48:1-48:64]"
         }
        }
       },
       "runtime": { "start": 29334902044, "end": 29334902051}
      },
      "21": {
       "copytime": { "start": 29334902196, "end": 29334902206},
       "maxRSS": {
        "post": 16368,
        "pre": 16368
       },
       "num-tuples": 0,
       "recursive-rule": {
        "sup_reach_bf_r1_2(x,y) :- \n   sup_reach_bf_r1_1(x,z),\n   edge(z,y).": {
         "0": {
          "maxRSS": {
           "post": 16368,
           "pre": 16368
          },
          "num-tuples": 0,
          "runtime": { "start": 29334902134, "end": 29334902135},
          "source-locator": "/root/compiler/measurements/m3-5-headline/family/reachability_complement/n500/emit_guarded/transformed.dl [48:1-48:64]"
         }
        }
       },
       "runtime": { "start": 29334902125, "end": 29334902144}
      },
      "22": {
       "copytime": { "start": 29334902355, "end": 29334902361},
       "maxRSS": {
        "post": 16368,
        "pre": 16368
       },
       "num-tuples": 63,
       "recursive-rule": {
        "sup_reach_bf_r1_2(x,y) :- \n   sup_reach_bf_r1_1(x,z),\n   edge(z,y).": {
         "0": {
          "maxRSS": {
           "post": 16368,
           "pre": 16368
          },
          "num-tuples": 63,
          "runtime": { "start": 29334902258, "end": 29334902285},
          "source-locator": "/root/compiler/measurements/m3-5-headline/family/reachability_complement/n500/emit_guarded/transformed.dl [48:1-48:64]"
         }
        }
       },
       "runtime": { "start": 29334902249, "end": 29334902295}
      },
      "23": {
       "copytime": { "start": 29334902480, "end": 29334902489},
       "maxRSS": {
        "post": 16368,
        "pre": 16368
       },
       "num-tuples": 0,
       "recursive-rule": {
        "sup_reach_bf_r1_2(x,y) :- \n   sup_reach_bf_r1_1(x,z),\n   edge(z,y).": {
         "0": {
          "maxRSS": {
           "post": 16368,
           "pre": 16368
          },
          "num-tuples": 0,
          "runtime": { "start": 29334902421, "end": 29334902422},
          "source-locator": "/root/compiler/measurements/m3-5-headline/family/reachability_complement/n500/emit_guarded/transformed.dl [48:1-48:64]"
         }
        }
       },
       "runtime": { "start": 29334902421, "end": 29334902428}
      },
      "24": {
       "copytime": { "start": 29334902580, "end": 29334902589},
       "maxRSS": {
        "post": 16368,
        "pre": 16368
       },
       "num-tuples": 0,
       "recursive-rule": {
        "sup_reach_bf_r1_2(x,y) :- \n   sup_reach_bf_r1_1(x,z),\n   edge(z,y).": {
         "0": {
          "maxRSS": {
           "post": 16368,
           "pre": 16368
          },
          "num-tuples": 0,
          "runtime": { "start": 29334902531, "end": 29334902531},
          "source-locator": "/root/compiler/measurements/m3-5-headline/family/reachability_complement/n500/emit_guarded/transformed.dl [48:1-48:64]"
         }
        }
       },
       "runtime": { "start": 29334902530, "end": 29334902536}
      },
      "25": {
       "copytime": { "start": 29334902734, "end": 29334902747},
       "maxRSS": {
        "post": 16368,
        "pre": 16368
       },
       "num-tuples": 37,
       "recursive-rule": {
        "sup_reach_bf_r1_2(x,y) :- \n   sup_reach_bf_r1_1(x,z),\n   edge(z,y).": {
         "0": {
          "maxRSS": {
           "post": 16368,
           "pre": 16368
          },
          "num-tuples": 37,
          "runtime": { "start": 29334902642, "end": 29334902666},
          "source-locator": "/root/compiler/measurements/m3-5-headline/family/reachability_complement/n500/emit_guarded/transformed.dl [48:1-48:64]"
         }
        }
       },
       "runtime": { "start": 29334902633, "end": 29334902677}
      },
      "26": {
       "copytime": { "start": 29334902845, "end": 29334902846},
       "maxRSS": {
        "post": 16368,
        "pre": 16368
       },
       "num-tuples": 0,
       "recursive-rule": {
        "sup_reach_bf_r1_2(x,y) :- \n   sup_reach_bf_r1_1(x,z),\n   edge(z,y).": {
         "0": {
          "maxRSS": {
           "post": 16368,
           "pre": 16368
          },
          "num-tuples": 0,
          "runtime": { "start": 29334902798, "end": 29334902798},
          "source-locator": "/root/compiler/measurements/m3-5-headline/family/reachability_complement/n500/emit_guarded/transformed.dl [48:1-48:64]"
         }
        }
       },
       "runtime": { "start": 29334902797, "end": 29334902804}
      },
      "27": {
       "copytime": { "start": 29334902962, "end": 29334902962},
       "maxRSS": {
        "post": 16368,
        "pre": 16368
       },
       "num-tuples": 0,
       "recursive-rule": {
        "sup_reach_bf_r1_2(x,y) :- \n   sup_reach_bf_r1_1(x,z),\n   edge(z,y).": {
         "0": {
          "maxRSS": {
           "post": 16368,
           "pre": 16368
          },
          "num-tuples": 0,
          "runtime": { "start": 29334902899, "end": 29334902900},
          "source-locator": "/root/compiler/measurements/m3-5-headline/family/reachability_complement/n500/emit_guarded/transformed.dl [48:1-48:64]"
         }
        }
       },
       "runtime": { "start": 29334902890, "end": 29334902911}
      },
      "28": {
       "copytime": { "start": 29334903098, "end": 29334903110},
       "maxRSS": {
        "post": 16368,
        "pre": 16368
       },
       "num-tuples": 21,
       "recursive-rule": {
        "sup_reach_bf_r1_2(x,y) :- \n   sup_reach_bf_r1_1(x,z),\n   edge(z,y).": {
         "0": {
          "maxRSS": {
           "post": 16368,
           "pre": 16368
          },
          "num-tuples": 21,
          "runtime": { "start": 29334903022, "end": 29334903038},
          "source-locator": "/root/compiler/measurements/m3-5-headline/family/reachability_complement/n500/emit_guarded/transformed.dl [48:1-48:64]"
         }
        }
       },
       "runtime": { "start": 29334903013, "end": 29334903047}
      },
      "29": {
       "copytime": { "start": 29334903236, "end": 29334903246},
       "maxRSS": {
        "post": 16368,
        "pre": 16368
       },
       "num-tuples": 0,
       "recursive-rule": {
        "sup_reach_bf_r1_2(x,y) :- \n   sup_reach_bf_r1_1(x,z),\n   edge(z,y).": {
         "0": {
          "maxRSS": {
           "post": 16368,
           "pre": 16368
          },
          "num-tuples": 0,
          "runtime": { "start": 29334903175, "end": 29334903175},
          "source-locator": "/root/compiler/measurements/m3-5-headline/family/reachability_complement/n500/emit_guarded/transformed.dl [48:1-48:64]"
         }
        }
       },
       "runtime": { "start": 29334903166, "end": 29334903186}
      },
      "3": {
       "copytime": { "start": 29334899975, "end": 29334899976},
       "maxRSS": {
        "post": 16368,
        "pre": 16368
       },
       "num-tuples": 0,
       "recursive-rule": {
        "sup_reach_bf_r1_2(x,y) :- \n   sup_reach_bf_r1_1(x,z),\n   edge(z,y).": {
         "0": {
          "maxRSS": {
           "post": 16368,
           "pre": 16368
          },
          "num-tuples": 0,
          "runtime": { "start": 29334899908, "end": 29334899909},
          "source-locator": "/root/compiler/measurements/m3-5-headline/family/reachability_complement/n500/emit_guarded/transformed.dl [48:1-48:64]"
         }
        }
       },
       "runtime": { "start": 29334899899, "end": 29334899917}
      },
      "30": {
       "copytime": { "start": 29334903386, "end": 29334903387},
       "maxRSS": {
        "post": 16368,
        "pre": 16368
       },
       "num-tuples": 0,
       "recursive-rule": {
        "sup_reach_bf_r1_2(x,y) :- \n   sup_reach_bf_r1_1(x,z),\n   edge(z,y).": {
         "0": {
          "maxRSS": {
           "post": 16368,
           "pre": 16368
          },
          "num-tuples": 0,
          "runtime": { "start": 29334903312, "end": 29334903313},
          "source-locator": "/root/compiler/measurements/m3-5-headline/family/reachability_complement/n500/emit_guarded/transformed.dl [48:1-48:64]"
         }
        }
       },
       "runtime": { "start": 29334903303, "end": 29334903322}
      },
      "31": {
       "copytime": { "start": 29334903513, "end": 29334903514},
       "maxRSS": {
        "post": 16368,
        "pre": 16368
       },
       "num-tuples": 8,
       "recursive-rule": {
        "sup_reach_bf_r1_2(x,y) :- \n   sup_reach_bf_r1_1(x,z),\n   edge(z,y).": {
         "0": {
          "maxRSS": {
           "post": 16368,
           "pre": 16368
          },
          "num-tuples": 8,
          "runtime": { "start": 29334903435, "end": 29334903443},
          "source-locator": "/root/compiler/measurements/m3-5-headline/family/reachability_complement/n500/emit_guarded/transformed.dl [48:1-48:64]"
         }
        }
       },
       "runtime": { "start": 29334903426, "end": 29334903454}
      },
      "32": {
       "copytime": { "start": 29334903646, "end": 29334903647},
       "maxRSS": {
        "post": 16368,
        "pre": 16368
       },
       "num-tuples": 0,
       "recursive-rule": {
        "sup_reach_bf_r1_2(x,y) :- \n   sup_reach_bf_r1_1(x,z),\n   edge(z,y).": {
         "0": {
          "maxRSS": {
           "post": 16368,
           "pre": 16368
          },
          "num-tuples": 0,
          "runtime": { "start": 29334903575, "end": 29334903576},
          "source-locator": "/root/compiler/measurements/m3-5-headline/family/reachability_complement/n500/emit_guarded/transformed.dl [48:1-48:64]"
         }
        }
       },
       "runtime": { "start": 29334903566, "end": 29334903586}
      },
      "33": {
       "copytime": { "start": 29334903777, "end": 29334903778},
       "maxRSS": {
        "post": 16368,
        "pre": 16368
       },
       "num-tuples": 0,
       "recursive-rule": {
        "sup_reach_bf_r1_2(x,y) :- \n   sup_reach_bf_r1_1(x,z),\n   edge(z,y).": {
         "0": {
          "maxRSS": {
           "post": 16368,
           "pre": 16368
          },
          "num-tuples": 0,
          "runtime": { "start": 29334903708, "end": 29334903708},
          "source-locator": "/root/compiler/measurements/m3-5-headline/family/reachability_complement/n500/emit_guarded/transformed.dl [48:1-48:64]"
         }
        }
       },
       "runtime": { "start": 29334903699, "end": 29334903717}
      },
      "34": {
       "copytime": { "start": 29334903913, "end": 29334903914},
       "maxRSS": {
        "post": 16368,
        "pre": 16368
       },
       "num-tuples": 4,
       "recursive-rule": {
        "sup_reach_bf_r1_2(x,y) :- \n   sup_reach_bf_r1_1(x,z),\n   edge(z,y).": {
         "0": {
          "maxRSS": {
           "post": 16368,
           "pre": 16368
          },
          "num-tuples": 4,
          "runtime": { "start": 29334903838, "end": 29334903843},
          "source-locator": "/root/compiler/measurements/m3-5-headline/family/reachability_complement/n500/emit_guarded/transformed.dl [48:1-48:64]"
         }
        }
       },
       "runtime": { "start": 29334903829, "end": 29334903852}
      },
      "35": {
       "copytime": { "start": 29334904040, "end": 29334904051},
       "maxRSS": {
        "post": 16368,
        "pre": 16368
       },
       "num-tuples": 0,
       "recursive-rule": {
        "sup_reach_bf_r1_2(x,y) :- \n   sup_reach_bf_r1_1(x,z),\n   edge(z,y).": {
         "0": {
          "maxRSS": {
           "post": 16368,
           "pre": 16368
          },
          "num-tuples": 0,
          "runtime": { "start": 29334903975, "end": 29334903976},
          "source-locator": "/root/compiler/measurements/m3-5-headline/family/reachability_complement/n500/emit_guarded/transformed.dl [48:1-48:64]"
         }
        }
       },
       "runtime": { "start": 29334903966, "end": 29334903986}
      },
      "36": {
       "copytime": { "start": 29334904162, "end": 29334904172},
       "maxRSS": {
        "post": 16368,
        "pre": 16368
       },
       "num-tuples": 0,
       "recursive-rule": {
        "sup_reach_bf_r1_2(x,y) :- \n   sup_reach_bf_r1_1(x,z),\n   edge(z,y).": {
         "0": {
          "maxRSS": {
           "post": 16368,
           "pre": 16368
          },
          "num-tuples": 0,
          "runtime": { "start": 29334904102, "end": 29334904103},
          "source-locator": "/root/compiler/measurements/m3-5-headline/family/reachability_complement/n500/emit_guarded/transformed.dl [48:1-48:64]"
         }
        }
       },
       "runtime": { "start": 29334904093, "end": 29334904114}
      },
      "37": {
       "copytime": { "start": 29334904284, "end": 29334904293},
       "maxRSS": {
        "post": 16368,
        "pre": 16368
       },
       "num-tuples": 2,
       "recursive-rule": {
        "sup_reach_bf_r1_2(x,y) :- \n   sup_reach_bf_r1_1(x,z),\n   edge(z,y).": {
         "0": {
          "maxRSS": {
           "post": 16368,
           "pre": 16368
          },
          "num-tuples": 2,
          "runtime": { "start": 29334904224, "end": 29334904226},
          "source-locator": "/root/compiler/measurements/m3-5-headline/family/reachability_complement/n500/emit_guarded/transformed.dl [48:1-48:64]"
         }
        }
       },
       "runtime": { "start": 29334904215, "end": 29334904236}
      },
      "38": {
       "copytime": { "start": 29334904409, "end": 29334904418},
       "maxRSS": {
        "post": 16368,
        "pre": 16368
       },
       "num-tuples": 0,
       "recursive-rule": {
        "sup_reach_bf_r1_2(x,y) :- \n   sup_reach_bf_r1_1(x,z),\n   edge(z,y).": {
         "0": {
          "maxRSS": {
           "post": 16368,
           "pre": 16368
          },
          "num-tuples": 0,
          "runtime": { "start": 29334904347, "end": 29334904347},
          "source-locator": "/root/compiler/measurements/m3-5-headline/family/reachability_complement/n500/emit_guarded/transformed.dl [48:1-48:64]"
         }
        }
       },
       "runtime": { "start": 29334904338, "end": 29334904356}
      },
      "39": {
       "copytime": { "start": 29334904505, "end": 29334904506},
       "maxRSS": {
        "post": 16368,
        "pre": 16368
       },
       "num-tuples": 0,
       "recursive-rule": {
        "sup_reach_bf_r1_2(x,y) :- \n   sup_reach_bf_r1_1(x,z),\n   edge(z,y).": {
         "0": {
          "maxRSS": {
           "post": 16368,
           "pre": 16368
          },
          "num-tuples": 0,
          "runtime": { "start": 29334904471, "end": 29334904471},
          "source-locator": "/root/compiler/measurements/m3-5-headline/family/reachability_complement/n500/emit_guarded/transformed.dl [48:1-48:64]"
         }
        }
       },
       "runtime": { "start": 29334904461, "end": 29334904482}
      },
      "4": {
       "copytime": { "start": 29334900070, "end": 29334900071},
       "maxRSS": {
        "post": 16368,
        "pre": 16368
       },
       "num-tuples": 8,
       "recursive-rule": {
        "sup_reach_bf_r1_2(x,y) :- \n   sup_reach_bf_r1_1(x,z),\n   edge(z,y).": {
         "0": {
          "maxRSS": {
           "post": 16368,
           "pre": 16368
          },
          "num-tuples": 8,
          "runtime": { "start": 29334900041, "end": 29334900044},
          "source-locator": "/root/compiler/measurements/m3-5-headline/family/reachability_complement/n500/emit_guarded/transformed.dl [48:1-48:64]"
         }
        }
       },
       "runtime": { "start": 29334900041, "end": 29334900049}
      },
      "40": {
       "maxRSS": {
        "post": 16368,
        "pre": 16368
       },
       "num-tuples": 0,
       "recursive-rule": {
        "sup_reach_bf_r1_2(x,y) :- \n   sup_reach_bf_r1_1(x,z),\n   edge(z,y).": {
         "0": {
          "maxRSS": {
           "post": 16368,
           "pre": 16368
          },
          "num-tuples": 0,
          "runtime": { "start": 29334904554, "end": 29334904555},
          "source-locator": "/root/compiler/measurements/m3-5-headline/family/reachability_complement/n500/emit_guarded/transformed.dl [48:1-48:64]"
         }
        }
       },
       "runtime": { "start": 29334904545, "end": 29334904566}
      },
      "5": {
       "copytime": { "start": 29334900117, "end": 29334900120},
       "maxRSS": {
        "post": 16368,
        "pre": 16368
       },
       "num-tuples": 0,
       "recursive-rule": {
        "sup_reach_bf_r1_2(x,y) :- \n   sup_reach_bf_r1_1(x,z),\n   edge(z,y).": {
         "0": {
          "maxRSS": {
           "post": 16368,
           "pre": 16368
          },
          "num-tuples": 0,
          "runtime": { "start": 29334900092, "end": 29334900093},
          "source-locator": "/root/compiler/measurements/m3-5-headline/family/reachability_complement/n500/emit_guarded/transformed.dl [48:1-48:64]"
         }
        }
       },
       "runtime": { "start": 29334900092, "end": 29334900097}
      },
      "6": {
       "copytime": { "start": 29334900207, "end": 29334900207},
       "maxRSS": {
        "post": 16368,
        "pre": 16368
       },
       "num-tuples": 0,
       "recursive-rule": {
        "sup_reach_bf_r1_2(x,y) :- \n   sup_reach_bf_r1_1(x,z),\n   edge(z,y).": {
         "0": {
          "maxRSS": {
           "post": 16368,
           "pre": 16368
          },
          "num-tuples": 0,
          "runtime": { "start": 29334900156, "end": 29334900156},
          "source-locator": "/root/compiler/measurements/m3-5-headline/family/reachability_complement/n500/emit_guarded/transformed.dl [48:1-48:64]"
         }
        }
       },
       "runtime": { "start": 29334900155, "end": 29334900162}
      },
      "7": {
       "copytime": { "start": 29334900341, "end": 29334900344},
       "maxRSS": {
        "post": 16368,
        "pre": 16368
       },
       "num-tuples": 19,
       "recursive-rule": {
        "sup_reach_bf_r1_2(x,y) :- \n   sup_reach_bf_r1_1(x,z),\n   edge(z,y).": {
         "0": {
          "maxRSS": {
           "post": 16368,
           "pre": 16368
          },
          "num-tuples": 19,
          "runtime": { "start": 29334900267, "end": 29334900273},
          "source-locator": "/root/compiler/measurements/m3-5-headline/family/reachability_complement/n500/emit_guarded/transformed.dl [48:1-48:64]"
         }
        }
       },
       "runtime": { "start": 29334900258, "end": 29334900283}
      },
      "8": {
       "copytime": { "start": 29334900477, "end": 29334900478},
       "maxRSS": {
        "post": 16368,
        "pre": 16368
       },
       "num-tuples": 0,
       "recursive-rule": {
        "sup_reach_bf_r1_2(x,y) :- \n   sup_reach_bf_r1_1(x,z),\n   edge(z,y).": {
         "0": {
          "maxRSS": {
           "post": 16368,
           "pre": 16368
          },
          "num-tuples": 0,
          "runtime": { "start": 29334900404, "end": 29334900405},
          "source-locator": "/root/compiler/measurements/m3-5-headline/family/reachability_complement/n500/emit_guarded/transformed.dl [48:1-48:64]"
         }
        }
       },
       "runtime": { "start": 29334900395, "end": 29334900414}
      },
      "9": {
       "copytime": { "start": 29334900597, "end": 29334900598},
       "maxRSS": {
        "post": 16368,
        "pre": 16368
       },
       "num-tuples": 0,
       "recursive-rule": {
        "sup_reach_bf_r1_2(x,y) :- \n   sup_reach_bf_r1_1(x,z),\n   edge(z,y).": {
         "0": {
          "maxRSS": {
           "post": 16368,
           "pre": 16368
          },
          "num-tuples": 0,
          "runtime": { "start": 29334900527, "end": 29334900528},
          "source-locator": "/root/compiler/measurements/m3-5-headline/family/reachability_complement/n500/emit_guarded/transformed.dl [48:1-48:64]"
         }
        }
       },
       "runtime": { "start": 29334900519, "end": 29334900538}
      }
     },
     "num-tuples": 0,
     "reads": 816,
     "source-locator": "/root/compiler/measurements/m3-5-headline/family/reachability_complement/n500/emit_guarded/transformed.dl [27:7-27:24]"
    },
    "sup_unreach_bf_r0_1": {
     "maxRSS": {
      "post": 16368,
      "pre": 16368
     },
     "non-recursive-rule": {
      "sup_unreach_bf_r0_1(x) :- \n   magic_unreach_bf(x),\n   node(x).": {
       "atom-frequency": {
        "sup_unreach_bf_r0_1(x) :- \n   magic_unreach_bf(x),\n   node(x).": {
         "magic_unreach_bf": {
          "level": 0,
          "num-tuples": 0
         }
        }
       },
       "maxRSS": {
        "post": 16368,
        "pre": 16368
       },
       "num-tuples": 1,
       "runtime": { "start": 29334899276, "end": 29334899282},
       "source-locator": "/root/compiler/measurements/m3-5-headline/family/reachability_complement/n500/emit_guarded/transformed.dl [30:1-30:59]"
      }
     },
     "num-tuples": 1,
     "reads": 0,
     "runtime": { "start": 29334899266, "end": 29334899292},
     "source-locator": "/root/compiler/measurements/m3-5-headline/family/reachability_complement/n500/emit_guarded/transformed.dl [10:7-10:26]"
    },
    "sup_unreach_bf_r0_2": {
     "maxRSS": {
      "post": 16368,
      "pre": 16368
     },
     "non-recursive-rule": {
      "sup_unreach_bf_r0_2(x,y) :- \n   sup_unreach_bf_r0_1(x),\n   node(y).": {
       "atom-frequency": {
        "sup_unreach_bf_r0_2(x,y) :- \n   sup_unreach_bf_r0_1(x),\n   node(y).": {
         "node": {
          "level": 1,
          "num-tuples": 0
         },
         "sup_unreach_bf_r0_1": {
          "level": 0,
          "num-tuples": 0
         }
        }
       },
       "maxRSS": {
        "post": 16368,
        "pre": 16368
       },
       "num-tuples": 500,
       "runtime": { "start": 29334899306, "end": 29334899326},
       "source-locator": "/root/compiler/measurements/m3-5-headline/family/reachability_complement/n500/emit_guarded/transformed.dl [31:1-31:62]"
      }
     },
     "num-tuples": 500,
     "reads": 0,
     "runtime": { "start": 29334899297, "end": 29334899334},
     "source-locator": "/root/compiler/measurements/m3-5-headline/family/reachability_complement/n500/emit_guarded/transformed.dl [11:7-11:26]"
    },
    "sup_unreach_bf_r0_3": {
     "maxRSS": {
      "post": 18944,
      "pre": 18944
     },
     "non-recursive-rule": {
      "sup_unreach_bf_r0_3(x,y) :- \n   sup_unreach_bf_r0_2(x,y),\n   !reach_bb(x,y).": {
       "atom-frequency": {
        "sup_unreach_bf_r0_3(x,y) :- \n   sup_unreach_bf_r0_2(x,y),\n   !reach_bb(x,y).": {
         "sup_unreach_bf_r0_2": {
          "level": 0,
          "num-tuples": 0
         }
        }
       },
       "maxRSS": {
        "post": 18944,
        "pre": 18944
       },
       "num-tuples": 93,
       "runtime": { "start": 29334929835, "end": 29334929868},
       "source-locator": "/root/compiler/measurements/m3-5-headline/family/reachability_complement/n500/emit_guarded/transformed.dl [32:1-32:73]"
      }
     },
     "num-tuples": 93,
     "reads": 0,
     "runtime": { "start": 29334929825, "end": 29334929877},
     "source-locator": "/root/compiler/measurements/m3-5-headline/family/reachability_complement/n500/emit_guarded/transformed.dl [12:7-12:26]"
    }
   },
   "runtime": { "start": 29334898828, "end": 29334930020},
   "starttime": { "time": 29334898788},
   "usage": {
    "timepoint": {
     "29334898800": {
      "maxRSS": 16368,
      "systemtime": 1623,
      "usertime": 1623
     },
     "29334898848": {
      "maxRSS": 16368,
      "systemtime": 3045,
      "usertime": 3045
     },
     "29334899173": {
      "maxRSS": 16368,
      "systemtime": 3211,
      "usertime": 3211
     },
     "29334899200": {
      "maxRSS": 16368,
      "systemtime": 3222,
      "usertime": 3222
     },
     "29334899280": {
      "maxRSS": 16368,
      "systemtime": 3269,
      "usertime": 3269
     },
     "29334899311": {
      "maxRSS": 16368,
      "systemtime": 3287,
      "usertime": 3287
     },
     "29334899353": {
      "maxRSS": 16368,
      "systemtime": 3311,
      "usertime": 3311
     },
     "29334899383": {
      "maxRSS": 16368,
      "systemtime": 3329,
      "usertime": 3329
     },
     "29334899426": {
      "maxRSS": 16368,
      "systemtime": 3356,
      "usertime": 3356
     },
     "29334899453": {
      "maxRSS": 16368,
      "systemtime": 3370,
      "usertime": 3370
     },
     "29334899482": {
      "maxRSS": 16368,
      "systemtime": 3387,
      "usertime": 3387
     },
     "29334899508": {
      "maxRSS": 16368,
      "systemtime": 3403,
      "usertime": 3403
     },
     "29334899532": {
      "maxRSS": 16368,
      "systemtime": 3417,
      "usertime": 3417
     },
     "29334899555": {
      "maxRSS": 16368,
      "systemtime": 3431,
      "usertime": 3431
     },
     "29334899575": {
      "maxRSS": 16368,
      "systemtime": 3445,
      "usertime": 3445
     },
     "29334899595": {
      "maxRSS": 16368,
      "systemtime": 3457,
      "usertime": 3457
     },
     "29334899614": {
      "maxRSS": 16368,
      "systemtime": 3470,
      "usertime": 3470
     },
     "29334899636": {
      "maxRSS": 16368,
      "systemtime": 3483,
      "usertime": 3483
     },
     "29334899658": {
      "maxRSS": 16368,
      "systemtime": 3498,
      "usertime": 3498
     },
     "29334899683": {
      "maxRSS": 16368,
      "systemtime": 3512,
      "usertime": 3512
     },
     "29334899702": {
      "maxRSS": 16368,
      "systemtime": 3524,
      "usertime": 3524
     },
     "29334899722": {
      "maxRSS": 16368,
      "systemtime": 3537,
      "usertime": 3537
     },
     "29334899741": {
      "maxRSS": 16368,
      "systemtime": 3550,
      "usertime": 3550
     },
     "29334899763": {
      "maxRSS": 16368,
      "systemtime": 3563,
      "usertime": 3563
     },
     "29334899786": {
      "maxRSS": 16368,
      "systemtime": 3577,
      "usertime": 3577
     },
     "29334899808": {
      "maxRSS": 16368,
      "systemtime": 3591,
      "usertime": 3591
     },
     "29334899828": {
      "maxRSS": 16368,
      "systemtime": 3604,
      "usertime": 3604
     },
     "29334899849": {
      "maxRSS": 16368,
      "systemtime": 3617,
      "usertime": 3617
     },
     "29334899867": {
      "maxRSS": 16368,
      "systemtime": 3629,
      "usertime": 3629
     },
     "29334899889": {
      "maxRSS": 16368,
      "systemtime": 3643,
      "usertime": 3643
     },
     "29334899912": {
      "maxRSS": 16368,
      "systemtime": 3657,
      "usertime": 3657
     },
     "29334899935": {
      "maxRSS": 16368,
      "systemtime": 3671,
      "usertime": 3671
     },
     "29334899954": {
      "maxRSS": 16368,
      "systemtime": 3683,
      "usertime": 3683
     },
     "29334899974": {
      "maxRSS": 16368,
      "systemtime": 3696,
      "usertime": 3696
     },
     "29334899993": {
      "maxRSS": 16368,
      "systemtime": 3708,
      "usertime": 3708
     },
     "29334900093": {
      "maxRSS": 16368,
      "systemtime": 3714,
      "usertime": 3826
     },
     "29334900122": {
      "maxRSS": 16368,
      "systemtime": 3714,
      "usertime": 3877
     },
     "29334900146": {
      "maxRSS": 16368,
      "systemtime": 3714,
      "usertime": 3905
     },
     "29334900180": {
      "maxRSS": 16368,
      "systemtime": 3714,
      "usertime": 3958
     },
     "29334900186": {
      "maxRSS": 16368,
      "systemtime": 3714,
      "usertime": 3969
     },
     "29334900188": {
      "maxRSS": 16368,
      "systemtime": 3714,
      "usertime": 3974
     },
     "29334900206": {
      "maxRSS": 16368,
      "systemtime": 3714,
      "usertime": 3993
     },
     "29334900226": {
      "maxRSS": 16368,
      "systemtime": 3714,
      "usertime": 4019
     },
     "29334900248": {
      "maxRSS": 16368,
      "systemtime": 3714,
      "usertime": 4050
     },
     "29334900273": {
      "maxRSS": 16368,
      "systemtime": 3714,
      "usertime": 4085
     },
     "29334900302": {
      "maxRSS": 16368,
      "systemtime": 3714,
      "usertime": 4117
     },
     "29334900321": {
      "maxRSS": 16368,
      "systemtime": 3714,
      "usertime": 4144
     },
     "29334900341": {
      "maxRSS": 16368,
      "systemtime": 3714,
      "usertime": 4171
     },
     "29334900362": {
      "maxRSS": 16368,
      "systemtime": 3714,
      "usertime": 4201
     },
     "29334900386": {
      "maxRSS": 16368,
      "systemtime": 3714,
      "usertime": 4230
     },
     "29334900410": {
      "maxRSS": 16368,
      "systemtime": 3714,
      "usertime": 4261
     },
     "29334900436": {
      "maxRSS": 16368,
      "systemtime": 3714,
      "usertime": 4294
     },
     "29334900455": {
      "maxRSS": 16368,
      "systemtime": 3714,
      "usertime": 4320
     },
     "29334900477": {
      "maxRSS": 16368,
      "systemtime": 3714,
      "usertime": 4349
     },
     "29334900484": {
      "maxRSS": 16368,
      "systemtime": 3714,
      "usertime": 4366
     },
     "29334900507": {
      "maxRSS": 16368,
      "systemtime": 3714,
      "usertime": 4393
     },
     "29334900533": {
      "maxRSS": 16368,
      "systemtime": 3714,
      "usertime": 4423
     },
     "29334900557": {
      "maxRSS": 16368,
      "systemtime": 3714,
      "usertime": 4461
     },
     "29334900576": {
      "maxRSS": 16368,
      "systemtime": 3714,
      "usertime": 4481
     },
     "29334900595": {
      "maxRSS": 16368,
      "systemtime": 3714,
      "usertime": 4509
     },
     "29334900616": {
      "maxRSS": 16368,
      "systemtime": 3714,
      "usertime": 4535
     },
     "29334900639": {
      "maxRSS": 16368,
      "systemtime": 3714,
      "usertime": 4565
     },
     "29334900662": {
      "maxRSS": 16368,
      "systemtime": 3714,
      "usertime": 4594
     },
     "29334900738": {
      "maxRSS": 16368,
      "systemtime": 3714,
      "usertime": 4693
     },
     "29334900754": {
      "maxRSS": 16368,
      "systemtime": 3714,
      "usertime": 4722
     },
     "29334900778": {
      "maxRSS": 16368,
      "systemtime": 3714,
      "usertime": 4756
     },
     "29334900801": {
      "maxRSS": 16368,
      "systemtime": 3714,
      "usertime": 4785
     },
     "29334900823": {
      "maxRSS": 16368,
      "systemtime": 3714,
      "usertime": 4812
     },
     "29334900851": {
      "maxRSS": 16368,
      "systemtime": 3714,
      "usertime": 4851
     },
     "29334900886": {
      "maxRSS": 16368,
      "systemtime": 3714,
      "usertime": 4889
     },
     "29334900910": {
      "maxRSS": 16368,
      "systemtime": 3714,
      "usertime": 4927
     },
     "29334900930": {
      "maxRSS": 16368,
      "systemtime": 3714,
      "usertime": 4948
     },
     "29334900950": {
      "maxRSS": 16368,
      "systemtime": 3714,
      "usertime": 4977
     },
     "29334900972": {
      "maxRSS": 16368,
      "systemtime": 3714,
      "usertime": 5004
     },
     "29334900994": {
      "maxRSS": 16368,
      "systemtime": 3714,
      "usertime": 5033
     },
     "29334901018": {
      "maxRSS": 16368,
      "systemtime": 3714,
      "usertime": 5064
     },
     "29334901064": {
      "maxRSS": 16368,
      "systemtime": 3714,
      "usertime": 5118
     },
     "29334901087": {
      "maxRSS": 16368,
      "systemtime": 3714,
      "usertime": 5152
     },
     "29334901107": {
      "maxRSS": 16368,
      "systemtime": 3714,
      "usertime": 5179
     },
     "29334901130": {
      "maxRSS": 16368,
      "systemtime": 3714,
      "usertime": 5208
     },
     "29334901159": {
      "maxRSS": 16368,
      "systemtime": 3714,
      "usertime": 5244
     },
     "29334901183": {
      "maxRSS": 16368,
      "systemtime": 3714,
      "usertime": 5275
     },
     "29334901207": {
      "maxRSS": 16368,
      "systemtime": 3714,
      "usertime": 5306
     },
     "29334901226": {
      "maxRSS": 16368,
      "systemtime": 3714,
      "usertime": 5333
     },
     "29334901250": {
      "maxRSS": 16368,
      "systemtime": 3714,
      "usertime": 5363
     },
     "29334901269": {
      "maxRSS": 16368,
      "systemtime": 3714,
      "usertime": 5389
     },
     "29334901292": {
      "maxRSS": 16368,
      "systemtime": 3714,
      "usertime": 5419
     },
     "29334901321": {
      "maxRSS": 16368,
      "systemtime": 3714,
      "usertime": 5456
     },
     "29334901345": {
      "maxRSS": 16368,
      "systemtime": 3714,
      "usertime": 5487
     },
     "29334901364": {
      "maxRSS": 16368,
      "systemtime": 3714,
      "usertime": 5513
     },
     "29334901384": {
      "maxRSS": 16368,
      "systemtime": 3714,
      "usertime": 5542
     },
     "29334901390": {
      "maxRSS": 16368,
      "systemtime": 3714,
      "usertime": 5554
     },
     "29334901394": {
      "maxRSS": 16368,
      "systemtime": 3714,
      "usertime": 5564
     },
     "29334901419": {
      "maxRSS": 16368,
      "systemtime": 3714,
      "usertime": 5591
     },
     "29334901443": {
      "maxRSS": 16368,
      "systemtime": 3714,
      "usertime": 5621
     },
     "29334901489": {
      "maxRSS": 16368,
      "systemtime": 3714,
      "usertime": 5680
     },
     "29334901508": {
      "maxRSS": 16368,
      "systemtime": 3714,
      "usertime": 5700
     },
     "29334901527": {
      "maxRSS": 16368,
      "systemtime": 3714,
      "usertime": 5727
     },
     "29334901551": {
      "maxRSS": 16368,
      "systemtime": 3714,
      "usertime": 5758
     },
     "29334901581": {
      "maxRSS": 16368,
      "systemtime": 3714,
      "usertime": 5795
     },
     "29334901605": {
      "maxRSS": 16368,
      "systemtime": 3714,
      "usertime": 5825
     },
     "29334901629": {
      "maxRSS": 16368,
      "systemtime": 3714,
      "usertime": 5856
     },
     "29334901648": {
      "maxRSS": 16368,
      "systemtime": 3714,
      "usertime": 5882
     },
     "29334901673": {
      "maxRSS": 16368,
      "systemtime": 3714,
      "usertime": 5914
     },
     "29334901692": {
      "maxRSS": 16368,
      "systemtime": 3714,
      "usertime": 5940
     },
     "29334901716": {
      "maxRSS": 16368,
      "systemtime": 3714,
      "usertime": 5970
     },
     "29334901748": {
      "maxRSS": 16368,
      "systemtime": 3714,
      "usertime": 6010
     },
     "29334901771": {
      "maxRSS": 16368,
      "systemtime": 3714,
      "usertime": 6040
     },
     "29334901791": {
      "maxRSS": 16368,
      "systemtime": 3714,
      "usertime": 6067
     },
     "29334901811": {
      "maxRSS": 16368,
      "systemtime": 3714,
      "usertime": 6086
     },
     "29334901833": {
      "maxRSS": 16368,
      "systemtime": 3714,
      "usertime": 6123
     },
     "29334901859": {
      "maxRSS": 16368,
      "systemtime": 3714,
      "usertime": 6157
     },
     "29334901884": {
      "maxRSS": 16368,
      "systemtime": 3714,
      "usertime": 6188
     },
     "29334901937": {
      "maxRSS": 16368,
      "systemtime": 3714,
      "usertime": 6248
     },
     "29334901960": {
      "maxRSS": 16368,
      "systemtime": 3714,
      "usertime": 6287
     },
     "29334901982": {
      "maxRSS": 16368,
      "systemtime": 3714,
      "usertime": 6303
     },
     "29334902006": {
      "maxRSS": 16368,
      "systemtime": 3714,
      "usertime": 6343
     },
     "29334902061": {
      "maxRSS": 16368,
      "systemtime": 3714,
      "usertime": 6430
     },
     "29334902083": {
      "maxRSS": 16368,
      "systemtime": 3714,
      "usertime": 6471
     },
     "29334902109": {
      "maxRSS": 16368,
      "systemtime": 3714,
      "usertime": 6498
     },
     "29334902139": {
      "maxRSS": 16368,
      "systemtime": 3714,
      "usertime": 6541
     },
     "29334902163": {
      "maxRSS": 16368,
      "systemtime": 3714,
      "usertime": 6574
     },
     "29334902187": {
      "maxRSS": 16368,
      "systemtime": 3714,
      "usertime": 6615
     },
     "29334902210": {
      "maxRSS": 16368,
      "systemtime": 3714,
      "usertime": 6641
     },
     "29334902238": {
      "maxRSS": 16368,
      "systemtime": 3714,
      "usertime": 6676
     },
     "29334902263": {
      "maxRSS": 16368,
      "systemtime": 3714,
      "usertime": 6708
     },
     "29334902313": {
      "maxRSS": 16368,
      "systemtime": 3714,
      "usertime": 6767
     },
     "29334902334": {
      "maxRSS": 16368,
      "systemtime": 3714,
      "usertime": 6794
     },
     "29334902354": {
      "maxRSS": 16368,
      "systemtime": 3714,
      "usertime": 6822
     },
     "29334902381": {
      "maxRSS": 16368,
      "systemtime": 3714,
      "usertime": 6855
     },
     "29334902415": {
      "maxRSS": 16368,
      "systemtime": 3714,
      "usertime": 6898
     },
     "29334902447": {
      "maxRSS": 16368,
      "systemtime": 3714,
      "usertime": 6951
     },
     "29334902472": {
      "maxRSS": 16368,
      "systemtime": 3714,
      "usertime": 6985
     },
     "29334902513": {
      "maxRSS": 16368,
      "systemtime": 3714,
      "usertime": 7043
     },
     "29334902536": {
      "maxRSS": 16368,
      "systemtime": 3714,
      "usertime": 7093
     },
     "29334902560": {
      "maxRSS": 16368,
      "systemtime": 3714,
      "usertime": 7128
     },
     "29334902574": {
      "maxRSS": 16368,
      "systemtime": 3714,
      "usertime": 7146
     },
     "29334902596": {
      "maxRSS": 16368,
      "systemtime": 3714,
      "usertime": 7180
     },
     "29334902623": {
      "maxRSS": 16368,
      "systemtime": 3714,
      "usertime": 7217
     },
     "29334902650": {
      "maxRSS": 16368,
      "systemtime": 3714,
      "usertime": 7253
     },
     "29334902698": {
      "maxRSS": 16368,
      "systemtime": 3714,
      "usertime": 7315
     },
     "29334902719": {
      "maxRSS": 16368,
      "systemtime": 3714,
      "usertime": 7342
     },
     "29334902748": {
      "maxRSS": 16368,
      "systemtime": 3714,
      "usertime": 7381
     },
     "29334902754": {
      "maxRSS": 16368,
      "systemtime": 3714,
      "usertime": 7394
     },
     "29334902803": {
      "maxRSS": 16368,
      "systemtime": 3720,
      "usertime": 7441
     },
     "29334902814": {
      "maxRSS": 16368,
      "systemtime": 3729,
      "usertime": 7458
     },
     "29334902821": {
      "maxRSS": 16368,
      "systemtime": 3733,
      "usertime": 7466
     },
     "29334902845": {
      "maxRSS": 16368,
      "systemtime": 3742,
      "usertime": 7484
     },
     "29334902868": {
      "maxRSS": 16368,
      "systemtime": 3757,
      "usertime": 7514
     },
     "29334902907": {
      "maxRSS": 16368,
      "systemtime": 3771,
      "usertime": 7543
     },
     "29334902930": {
      "maxRSS": 16368,
      "systemtime": 3783,
      "usertime": 7566
     },
     "29334902957": {
      "maxRSS": 16368,
      "systemtime": 3797,
      "usertime": 7595
     },
     "29334902979": {
      "maxRSS": 16368,
      "systemtime": 3806,
      "usertime": 7612
     },
     "29334903003": {
      "maxRSS": 16368,
      "systemtime": 3815,
      "usertime": 7631
     },
     "29334903027": {
      "maxRSS": 16368,
      "systemtime": 3825,
      "usertime": 7651
     },
     "29334903066": {
      "maxRSS": 16368,
      "systemtime": 3840,
      "usertime": 7680
     },
     "29334903086": {
      "maxRSS": 16368,
      "systemtime": 3849,
      "usertime": 7698
     },
     "29334903094": {
      "maxRSS": 16368,
      "systemtime": 3855,
      "usertime": 7711
     },
     "29334903112": {
      "maxRSS": 16368,
      "systemtime": 3862,
      "usertime": 7724
     },
     "29334903130": {
      "maxRSS": 16368,
      "systemtime": 3870,
      "usertime": 7741
     },
     "29334903155": {
      "maxRSS": 16368,
      "systemtime": 3880,
      "usertime": 7760
     },
     "29334903180": {
      "maxRSS": 16368,
      "systemtime": 3890,
      "usertime": 7780
     },
     "29334903206": {
      "maxRSS": 16368,
      "systemtime": 3902,
      "usertime": 7805
     },
     "29334903228": {
      "maxRSS": 16368,
      "systemtime": 3912,
      "usertime": 7824
     },
     "29334903252": {
      "maxRSS": 16368,
      "systemtime": 3923,
      "usertime": 7846
     },
     "29334903289": {
      "maxRSS": 16368,
      "systemtime": 3940,
      "usertime": 7881
     },
     "29334903317": {
      "maxRSS": 16368,
      "systemtime": 3950,
      "usertime": 7901
     },
     "29334903340": {
      "maxRSS": 16368,
      "systemtime": 3960,
      "usertime": 7920
     },
     "29334903363": {
      "maxRSS": 16368,
      "systemtime": 3969,
      "usertime": 7939
     },
     "29334903387": {
      "maxRSS": 16368,
      "systemtime": 3982,
      "usertime": 7964
     },
     "29334903415": {
      "maxRSS": 16368,
      "systemtime": 3995,
      "usertime": 7990
     },
     "29334903439": {
      "maxRSS": 16368,
      "systemtime": 4004,
      "usertime": 8009
     },
     "29334903472": {
      "maxRSS": 16368,
      "systemtime": 4017,
      "usertime": 8034
     },
     "29334903492": {
      "maxRSS": 16368,
      "systemtime": 4025,
      "usertime": 8051
     },
     "29334903511": {
      "maxRSS": 16368,
      "systemtime": 4034,
      "usertime": 8069
     },
     "29334903532": {
      "maxRSS": 16368,
      "systemtime": 4043,
      "usertime": 8087
     },
     "29334903556": {
      "maxRSS": 16368,
      "systemtime": 4054,
      "usertime": 8108
     },
     "29334903580": {
      "maxRSS": 16368,
      "systemtime": 4063,
      "usertime": 8127
     },
     "29334903605": {
      "maxRSS": 16368,
      "systemtime": 4073,
      "usertime": 8147
     },
     "29334903624": {
      "maxRSS": 16368,
      "systemtime": 4082,
      "usertime": 8164
     },
     "29334903645": {
      "maxRSS": 16368,
      "systemtime": 4091,
      "usertime": 8182
     },
     "29334903664": {
      "maxRSS": 16368,
      "systemtime": 4099,
      "usertime": 8198
     },
     "29334903686": {
      "maxRSS": 16368,
      "systemtime": 4109,
      "usertime": 8219
     },
     "29334903712": {
      "maxRSS": 16368,
      "systemtime": 4119,
      "usertime": 8239
     },
     "29334903735": {
      "maxRSS": 16368,
      "systemtime": 4129,
      "usertime": 8258
     },
     "29334903755": {
      "maxRSS": 16368,
      "systemtime": 4137,
      "usertime": 8275
     },
     "29334903776": {
      "maxRSS": 16368,
      "systemtime": 4146,
      "usertime": 8293
     },
     "29334903795": {
      "maxRSS": 16368,
      "systemtime": 4154,
      "usertime": 8309
     },
     "29334903818": {
      "maxRSS": 16368,
      "systemtime": 4164,
      "usertime": 8329
     },
     "29334903843": {
      "maxRSS": 16368,
      "systemtime": 4176,
      "usertime": 8352
     },
     "29334903872": {
      "maxRSS": 16368,
      "systemtime": 4186,
      "usertime": 8372
     },
     "29334903891": {
      "maxRSS": 16368,
      "systemtime": 4194,
      "usertime": 8389
     },
     "29334903912": {
      "maxRSS": 16368,
      "systemtime": 4203,
      "usertime": 8407
     },
     "29334903932": {
      "maxRSS": 16368,
      "systemtime": 4212,
      "usertime": 8425
     },
     "29334903955": {
      "maxRSS": 16368,
      "systemtime": 4222,
      "usertime": 8444
     },
     "29334903981": {
      "maxRSS": 16368,
      "systemtime": 4233,
      "usertime": 8466
     },
     "29334904021": {
      "maxRSS": 16368,
      "systemtime": 4241,
      "usertime": 8510
     },
     "29334904036": {
      "maxRSS": 16368,
      "systemtime": 4241,
      "usertime": 8537
     },
     "29334904055": {
      "maxRSS": 16368,
      "systemtime": 4241,
      "usertime": 8562
     },
     "29334904085": {
      "maxRSS": 16368,
      "systemtime": 4241,
      "usertime": 8602
     },
     "29334904107": {
      "maxRSS": 16368,
      "systemtime": 4241,
      "usertime": 8633
     },
     "29334904137": {
      "maxRSS": 16368,
      "systemtime": 4241,
      "usertime": 8677
     },
     "29334904157": {
      "maxRSS": 16368,
      "systemtime": 4241,
      "usertime": 8710
     },
     "29334904177": {
      "maxRSS": 16368,
      "systemtime": 4241,
      "usertime": 8730
     },
     "29334904205": {
      "maxRSS": 16368,
      "systemtime": 4241,
      "usertime": 8766
     },
     "29334904229": {
      "maxRSS": 16368,
      "systemtime": 4241,
      "usertime": 8799
     },
     "29334904254": {
      "maxRSS": 16368,
      "systemtime": 4241,
      "usertime": 8829
     },
     "29334904278": {
      "maxRSS": 16368,
      "systemtime": 4241,
      "usertime": 8863
     },
     "29334904298": {
      "maxRSS": 16368,
      "systemtime": 4241,
      "usertime": 8890
     },
     "29334904327": {
      "maxRSS": 16368,
      "systemtime": 4241,
      "usertime": 8927
     },
     "29334904352": {
      "maxRSS": 16368,
      "systemtime": 4241,
      "usertime": 8958
     },
     "29334904379": {
      "maxRSS": 16368,
      "systemtime": 4241,
      "usertime": 8991
     },
     "29334904401": {
      "maxRSS": 16368,
      "systemtime": 4241,
      "usertime": 9025
     },
     "29334904423": {
      "maxRSS": 16368,
      "systemtime": 4241,
      "usertime": 9052
     },
     "29334904450": {
      "maxRSS": 16368,
      "systemtime": 4241,
      "usertime": 9088
     },
     "29334904511": {
      "maxRSS": 16368,
      "systemtime": 4241,
      "usertime": 9169
     },
     "29334904538": {
      "maxRSS": 16368,
      "systemtime": 4241,
      "usertime": 9200
     },
     "29334904559": {
      "maxRSS": 16368,
      "systemtime": 4241,
      "usertime": 9233
     },
     "29334904585": {
      "maxRSS": 16368,
      "systemtime": 4241,
      "usertime": 9264
     },
     "29334904604": {
      "maxRSS": 16368,
      "systemtime": 4241,
      "usertime": 9291
     },
     "29334905676": {
      "maxRSS": 16368,
      "systemtime": 4241,
      "usertime": 9314
     },
     "29334906741": {
      "maxRSS": 16368,
      "systemtime": 4241,
      "usertime": 9322
     },
     "29334907807": {
      "maxRSS": 16368,
      "systemtime": 4241,
      "usertime": 9330
     },
     "29334908883": {
      "maxRSS": 16368,
      "systemtime": 4241,
      "usertime": 12736
     },
     "29334909995": {
      "maxRSS": 16368,
      "systemtime": 4241,
      "usertime": 12756
     },
     "29334911064": {
      "maxRSS": 16368,
      "systemtime": 4241,
      "usertime": 12766
     },
     "29334912147": {
      "maxRSS": 16368,
      "systemtime": 4241,
      "usertime": 16821
     },
     "29334913213": {
      "maxRSS": 16512,
      "systemtime": 4241,
      "usertime": 16829
     },
     "29334914284": {
      "maxRSS": 16896,
      "systemtime": 4241,
      "usertime": 16839
     },
     "29334915354": {
      "maxRSS": 17280,
      "systemtime": 4241,
      "usertime": 16852
     },
     "29334916461": {
      "maxRSS": 17664,
      "systemtime": 4241,
      "usertime": 20854
     },
     "29334917530": {
      "maxRSS": 18048,
      "systemtime": 4241,
      "usertime": 20865
     },
     "29334918622": {
      "maxRSS": 18432,
      "systemtime": 4241,
      "usertime": 20891
     },
     "29334919696": {
      "maxRSS": 18816,
      "systemtime": 4241,
      "usertime": 20906
     },
     "29334920593": {
      "maxRSS": 18944,
      "systemtime": 4241,
      "usertime": 25494
     },
     "29334921662": {
      "maxRSS": 18944,
      "systemtime": 4241,
      "usertime": 25505
     },
     "29334922729": {
      "maxRSS": 18944,
      "systemtime": 4241,
      "usertime": 25515
     },
     "29334923801": {
      "maxRSS": 18944,
      "systemtime": 4241,
      "usertime": 25524
     },
     "29334924915": {
      "maxRSS": 18944,
      "systemtime": 4241,
      "usertime": 28974
     },
     "29334926022": {
      "maxRSS": 18944,
      "systemtime": 4241,
      "usertime": 29002
     },
     "29334927127": {
      "maxRSS": 18944,
      "systemtime": 4241,
      "usertime": 29015
     },
     "29334928206": {
      "maxRSS": 18944,
      "systemtime": 4241,
      "usertime": 33129
     },
     "29334929311": {
      "maxRSS": 18944,
      "systemtime": 4241,
      "usertime": 34226
     },
     "29334929783": {
      "maxRSS": 18944,
      "systemtime": 4241,
      "usertime": 34831
     },
     "29334929843": {
      "maxRSS": 18944,
      "systemtime": 4241,
      "usertime": 34901
     },
     "29334929902": {
      "maxRSS": 18944,
      "systemtime": 4241,
      "usertime": 34989
     },
     "29334929929": {
      "maxRSS": 18944,
      "systemtime": 4241,
      "usertime": 35011
     }
    }
   }
  }
 }
}
