{
 "root": {
  "program": {
   "configuration": {
    "": "/root/compiler/tests/corpus/BENCHMARK_FAMILY/ancestor_nonancestor.dl",
    "fact-dir": "/root/compiler/fixtures/benchmark-family/ancestor_nonancestor/n8000",
    "include-dir": ".",
    "jobs": "1",
    "libraries": "functors",
    "library-dir": ".",
    "magic-transform": "*",
    "output-dir": "/root/compiler/measurements/night02-t4/ancestor_nonancestor/n8000-souffle",
    "profile": "prof.log",
    "relationCount": "4",
    "ruleCount": "7",
    "version": "2.5",
    "warn": "all",
    "wno": "none"
   },
   "relation": {
    "@magic.nonancestor.{bf}": {
     "maxRSS": {
      "post": 16676,
      "pre": 16676
     },
     "non-recursive-rule": {
      "@magic.nonancestor.{bf}(1).": {
       "maxRSS": {
        "post": 16676,
        "pre": 16676
       },
       "num-tuples": 1,
       "runtime": { "start": 172835829013, "end": 172835829018},
       "source-locator": " [1:1-1:1]"
      }
     },
     "num-tuples": 1,
     "runtime": { "start": 172835829010, "end": 172835829026},
     "source-locator": " [1:1-1:1]"
    },
    "@neglabel.ancestor": {
     "iteration": {
      "0": {
       "copytime": { "start": 172835843195, "end": 172835846201},
       "maxRSS": {
        "post": 16676,
        "pre": 16676
       },
       "num-tuples": 34737,
       "recursive-rule": {
        "@neglabel.ancestor(x,y) :- \n   parent(x,z),\n   @neglabel.ancestor(z,y).": {
         "0": {
          "atom-frequency": {
           "@new_@neglabel.ancestor(x,y) :- \n   parent(x,z),\n   @delta_@neglabel.ancestor(z,y).": {
            "@delta_@neglabel.ancestor": {
             "level": 1,
             "num-tuples": 0
            },
            "parent": {
             "level": 0,
             "num-tuples": 0
            }
           }
          },
          "maxRSS": {
           "post": 16676,
           "pre": 16676
          },
          "num-tuples": 34737,
          "runtime": { "start": 172835835678, "end": 172835843141},
          "source-locator": " [1:1-1:1]"
         }
        }
       },
       "runtime": { "start": 172835835662, "end": 172835843159}
      },
      "1": {
       "copytime": { "start": 172835860006, "end": 172835866783},
       "maxRSS": {
        "post": 16676,
        "pre": 16676
       },
       "num-tuples": 73294,
       "recursive-rule": {
        "@neglabel.ancestor(x,y) :- \n   parent(x,z),\n   @neglabel.ancestor(z,y).": {
         "0": {
          "maxRSS": {
           "post": 16676,
           "pre": 16676
          },
          "num-tuples": 73294,
          "runtime": { "start": 172835846227, "end": 172835859920},
          "source-locator": " [1:1-1:1]"
         }
        }
       },
       "runtime": { "start": 172835846211, "end": 172835859953}
      },
      "10": {
       "copytime": { "start": 172836956613, "end": 172837108431},
       "maxRSS": {
        "post": 152156,
        "pre": 137052
       },
       "num-tuples": 1380055,
       "recursive-rule": {
        "@neglabel.ancestor(x,y) :- \n   parent(x,z),\n   @neglabel.ancestor(z,y).": {
         "0": {
          "maxRSS": {
           "post": 152156,
           "pre": 137052
          },
          "num-tuples": 1380055,
          "runtime": { "start": 172836738947, "end": 172836954451},
          "source-locator": " [1:1-1:1]"
         }
        }
       },
       "runtime": { "start": 172836738924, "end": 172836955382}
      },
      "11": {
       "copytime": { "start": 172837392945, "end": 172837589697},
       "maxRSS": {
        "post": 205404,
        "pre": 187996
       },
       "num-tuples": 1792059,
       "recursive-rule": {
        "@neglabel.ancestor(x,y) :- \n   parent(x,z),\n   @neglabel.ancestor(z,y).": {
         "0": {
          "maxRSS": {
           "post": 205404,
           "pre": 187996
          },
          "num-tuples": 1792059,
          "runtime": { "start": 172837108469, "end": 172837389556},
          "source-locator": " [1:1-1:1]"
         }
        }
       },
       "runtime": { "start": 172837108450, "end": 172837390710}
      },
      "12": {
       "copytime": { "start": 172837953682, "end": 172838195453},
       "maxRSS": {
        "post": 269532,
        "pre": 252380
       },
       "num-tuples": 2176683,
       "recursive-rule": {
        "@neglabel.ancestor(x,y) :- \n   parent(x,z),\n   @neglabel.ancestor(z,y).": {
         "0": {
          "maxRSS": {
           "post": 269532,
           "pre": 252380
          },
          "num-tuples": 2176683,
          "runtime": { "start": 172837589723, "end": 172837949860},
          "source-locator": " [1:1-1:1]"
         }
        }
       },
       "runtime": { "start": 172837589713, "end": 172837951180}
      },
      "13": {
       "copytime": { "start": 172838622499, "end": 172838929672},
       "maxRSS": {
        "post": 341084,
        "pre": 327132
       },
       "num-tuples": 2452237,
       "recursive-rule": {
        "@neglabel.ancestor(x,y) :- \n   parent(x,z),\n   @neglabel.ancestor(z,y).": {
         "0": {
          "maxRSS": {
           "post": 341084,
           "pre": 327132
          },
          "num-tuples": 2452237,
          "runtime": { "start": 172838195497, "end": 172838617575},
          "source-locator": " [1:1-1:1]"
         }
        }
       },
       "runtime": { "start": 172838195472, "end": 172838619304}
      },
      "14": {
       "copytime": { "start": 172839406744, "end": 172839710318},
       "maxRSS": {
        "post": 414300,
        "pre": 406748
       },
       "num-tuples": 2556739,
       "recursive-rule": {
        "@neglabel.ancestor(x,y) :- \n   parent(x,z),\n   @neglabel.ancestor(z,y).": {
         "0": {
          "maxRSS": {
           "post": 414300,
           "pre": 406748
          },
          "num-tuples": 2556739,
          "runtime": { "start": 172838929726, "end": 172839401923},
          "source-locator": " [1:1-1:1]"
         }
        }
       },
       "runtime": { "start": 172838929695, "end": 172839403538}
      },
      "15": {
       "copytime": { "start": 172840198209, "end": 172840526118},
       "maxRSS": {
        "post": 484316,
        "pre": 484188
       },
       "num-tuples": 2467553,
       "recursive-rule": {
        "@neglabel.ancestor(x,y) :- \n   parent(x,z),\n   @neglabel.ancestor(z,y).": {
         "0": {
          "maxRSS": {
           "post": 484316,
           "pre": 484188
          },
          "num-tuples": 2467553,
          "runtime": { "start": 172839710370, "end": 172840193174},
          "source-locator": " [1:1-1:1]"
         }
        }
       },
       "runtime": { "start": 172839710342, "end": 172840194990}
      },
      "16": {
       "copytime": { "start": 172841016538, "end": 172841321227},
       "maxRSS": {
        "post": 552412,
        "pre": 552284
       },
       "num-tuples": 2217139,
       "recursive-rule": {
        "@neglabel.ancestor(x,y) :- \n   parent(x,z),\n   @neglabel.ancestor(z,y).": {
         "0": {
          "maxRSS": {
           "post": 552412,
           "pre": 552284
          },
          "num-tuples": 2217139,
          "runtime": { "start": 172840526161, "end": 172841011251},
          "source-locator": " [1:1-1:1]"
         }
        }
       },
       "runtime": { "start": 172840526138, "end": 172841013130}
      },
      "17": {
       "copytime": { "start": 172841757206, "end": 172842035002},
       "maxRSS": {
        "post": 607196,
        "pre": 607068
       },
       "num-tuples": 1870570,
       "recursive-rule": {
        "@neglabel.ancestor(x,y) :- \n   parent(x,z),\n   @neglabel.ancestor(z,y).": {
         "0": {
          "maxRSS": {
           "post": 607196,
           "pre": 607068
          },
          "num-tuples": 1870570,
          "runtime": { "start": 172841321266, "end": 172841753737},
          "source-locator": " [1:1-1:1]"
         }
        }
       },
       "runtime": { "start": 172841321245, "end": 172841754893}
      },
      "18": {
       "copytime": { "start": 172842626705, "end": 172842846763},
       "maxRSS": {
        "post": 648028,
        "pre": 647900
       },
       "num-tuples": 1492169,
       "recursive-rule": {
        "@neglabel.ancestor(x,y) :- \n   parent(x,z),\n   @neglabel.ancestor(z,y).": {
         "0": {
          "maxRSS": {
           "post": 648028,
           "pre": 647900
          },
          "num-tuples": 1492169,
          "runtime": { "start": 172842035086, "end": 172842623591},
          "source-locator": " [1:1-1:1]"
         }
        }
       },
       "runtime": { "start": 172842035040, "end": 172842624822}
      },
      "19": {
       "copytime": { "start": 172843325974, "end": 172843533525},
       "maxRSS": {
        "post": 676188,
        "pre": 676060
       },
       "num-tuples": 1135661,
       "recursive-rule": {
        "@neglabel.ancestor(x,y) :- \n   parent(x,z),\n   @neglabel.ancestor(z,y).": {
         "0": {
          "maxRSS": {
           "post": 676188,
           "pre": 676060
          },
          "num-tuples": 1135661,
          "runtime": { "start": 172842846811, "end": 172843322602},
          "source-locator": " [1:1-1:1]"
         }
        }
       },
       "runtime": { "start": 172842846782, "end": 172843323478}
      },
      "2": {
       "copytime": { "start": 172835889680, "end": 172835901369},
       "maxRSS": {
        "post": 20188,
        "pre": 18268
       },
       "num-tuples": 124349,
       "recursive-rule": {
        "@neglabel.ancestor(x,y) :- \n   parent(x,z),\n   @neglabel.ancestor(z,y).": {
         "0": {
          "maxRSS": {
           "post": 20188,
           "pre": 18268
          },
          "num-tuples": 124349,
          "runtime": { "start": 172835866822, "end": 172835889542},
          "source-locator": " [1:1-1:1]"
         }
        }
       },
       "runtime": { "start": 172835866796, "end": 172835889593}
      },
      "20": {
       "copytime": { "start": 172843790910, "end": 172843929769},
       "maxRSS": {
        "post": 694748,
        "pre": 694620
       },
       "num-tuples": 829866,
       "recursive-rule": {
        "@neglabel.ancestor(x,y) :- \n   parent(x,z),\n   @neglabel.ancestor(z,y).": {
         "0": {
          "maxRSS": {
           "post": 694748,
           "pre": 694620
          },
          "num-tuples": 829866,
          "runtime": { "start": 172843533575, "end": 172843789830},
          "source-locator": " [1:1-1:1]"
         }
        }
       },
       "runtime": { "start": 172843533548, "end": 172843790331}
      },
      "21": {
       "copytime": { "start": 172844249106, "end": 172844440108},
       "maxRSS": {
        "post": 706268,
        "pre": 706140
       },
       "num-tuples": 587479,
       "recursive-rule": {
        "@neglabel.ancestor(x,y) :- \n   parent(x,z),\n   @neglabel.ancestor(z,y).": {
         "0": {
          "maxRSS": {
           "post": 706268,
           "pre": 706140
          },
          "num-tuples": 587479,
          "runtime": { "start": 172843929807, "end": 172844247854},
          "source-locator": " [1:1-1:1]"
         }
        }
       },
       "runtime": { "start": 172843929786, "end": 172844248544}
      },
      "22": {
       "copytime": { "start": 172844653326, "end": 172844739196},
       "maxRSS": {
        "post": 713180,
        "pre": 713052
       },
       "num-tuples": 402234,
       "recursive-rule": {
        "@neglabel.ancestor(x,y) :- \n   parent(x,z),\n   @neglabel.ancestor(z,y).": {
         "0": {
          "maxRSS": {
           "post": 713180,
           "pre": 713052
          },
          "num-tuples": 402234,
          "runtime": { "start": 172844440153, "end": 172844652859},
          "source-locator": " [1:1-1:1]"
         }
        }
       },
       "runtime": { "start": 172844440132, "end": 172844653062}
      },
      "23": {
       "copytime": { "start": 172844862427, "end": 172844924051},
       "maxRSS": {
        "post": 717276,
        "pre": 717148
       },
       "num-tuples": 266292,
       "recursive-rule": {
        "@neglabel.ancestor(x,y) :- \n   parent(x,z),\n   @neglabel.ancestor(z,y).": {
         "0": {
          "maxRSS": {
           "post": 717276,
           "pre": 717148
          },
          "num-tuples": 266292,
          "runtime": { "start": 172844739240, "end": 172844862127},
          "source-locator": " [1:1-1:1]"
         }
        }
       },
       "runtime": { "start": 172844739214, "end": 172844862257}
      },
      "24": {
       "copytime": { "start": 172845015623, "end": 172845060528},
       "maxRSS": {
        "post": 719196,
        "pre": 719196
       },
       "num-tuples": 171883,
       "recursive-rule": {
        "@neglabel.ancestor(x,y) :- \n   parent(x,z),\n   @neglabel.ancestor(z,y).": {
         "0": {
          "maxRSS": {
           "post": 719196,
           "pre": 719196
          },
          "num-tuples": 171883,
          "runtime": { "start": 172844924086, "end": 172845015430},
          "source-locator": " [1:1-1:1]"
         }
        }
       },
       "runtime": { "start": 172844924071, "end": 172845015509}
      },
      "25": {
       "copytime": { "start": 172845125530, "end": 172845156665},
       "maxRSS": {
        "post": 720220,
        "pre": 720220
       },
       "num-tuples": 107530,
       "recursive-rule": {
        "@neglabel.ancestor(x,y) :- \n   parent(x,z),\n   @neglabel.ancestor(z,y).": {
         "0": {
          "maxRSS": {
           "post": 720220,
           "pre": 720220
          },
          "num-tuples": 107530,
          "runtime": { "start": 172845060569, "end": 172845125420},
          "source-locator": " [1:1-1:1]"
         }
        }
       },
       "runtime": { "start": 172845060545, "end": 172845125464}
      },
      "26": {
       "copytime": { "start": 172845204761, "end": 172845226981},
       "maxRSS": {
        "post": 720604,
        "pre": 720604
       },
       "num-tuples": 65553,
       "recursive-rule": {
        "@neglabel.ancestor(x,y) :- \n   parent(x,z),\n   @neglabel.ancestor(z,y).": {
         "0": {
          "maxRSS": {
           "post": 720604,
           "pre": 720604
          },
          "num-tuples": 65553,
          "runtime": { "start": 172845156702, "end": 172845204685},
          "source-locator": " [1:1-1:1]"
         }
        }
       },
       "runtime": { "start": 172845156681, "end": 172845204712}
      },
      "27": {
       "copytime": { "start": 172845260587, "end": 172845274336},
       "maxRSS": {
        "post": 720604,
        "pre": 720604
       },
       "num-tuples": 39039,
       "recursive-rule": {
        "@neglabel.ancestor(x,y) :- \n   parent(x,z),\n   @neglabel.ancestor(z,y).": {
         "0": {
          "maxRSS": {
           "post": 720604,
           "pre": 720604
          },
          "num-tuples": 39039,
          "runtime": { "start": 172845227022, "end": 172845260526},
          "source-locator": " [1:1-1:1]"
         }
        }
       },
       "runtime": { "start": 172845226998, "end": 172845260548}
      },
      "28": {
       "copytime": { "start": 172845297181, "end": 172845306146},
       "maxRSS": {
        "post": 720604,
        "pre": 720604
       },
       "num-tuples": 22723,
       "recursive-rule": {
        "@neglabel.ancestor(x,y) :- \n   parent(x,z),\n   @neglabel.ancestor(z,y).": {
         "0": {
          "maxRSS": {
           "post": 720604,
           "pre": 720604
          },
          "num-tuples": 22723,
          "runtime": { "start": 172845274376, "end": 172845297128},
          "source-locator": " [1:1-1:1]"
         }
        }
       },
       "runtime": { "start": 172845274351, "end": 172845297148}
      },
      "29": {
       "copytime": { "start": 172845321206, "end": 172845326511},
       "maxRSS": {
        "post": 720604,
        "pre": 720604
       },
       "num-tuples": 12879,
       "recursive-rule": {
        "@neglabel.ancestor(x,y) :- \n   parent(x,z),\n   @neglabel.ancestor(z,y).": {
         "0": {
          "maxRSS": {
           "post": 720604,
           "pre": 720604
          },
          "num-tuples": 12879,
          "runtime": { "start": 172845306178, "end": 172845321156},
          "source-locator": " [1:1-1:1]"
         }
        }
       },
       "runtime": { "start": 172845306160, "end": 172845321174}
      },
      "3": {
       "copytime": { "start": 172835932169, "end": 172835947862},
       "maxRSS": {
        "post": 25180,
        "pre": 23260
       },
       "num-tuples": 161316,
       "recursive-rule": {
        "@neglabel.ancestor(x,y) :- \n   parent(x,z),\n   @neglabel.ancestor(z,y).": {
         "0": {
          "maxRSS": {
           "post": 25180,
           "pre": 23260
          },
          "num-tuples": 161316,
          "runtime": { "start": 172835901404, "end": 172835931981},
          "source-locator": " [1:1-1:1]"
         }
        }
       },
       "runtime": { "start": 172835901382, "end": 172835932059}
      },
      "30": {
       "copytime": { "start": 172845336665, "end": 172845339846},
       "maxRSS": {
        "post": 720604,
        "pre": 720604
       },
       "num-tuples": 7193,
       "recursive-rule": {
        "@neglabel.ancestor(x,y) :- \n   parent(x,z),\n   @neglabel.ancestor(z,y).": {
         "0": {
          "maxRSS": {
           "post": 720604,
           "pre": 720604
          },
          "num-tuples": 7193,
          "runtime": { "start": 172845326542, "end": 172845336615},
          "source-locator": " [1:1-1:1]"
         }
        }
       },
       "runtime": { "start": 172845326524, "end": 172845336634}
      },
      "31": {
       "copytime": { "start": 172845346431, "end": 172845348345},
       "maxRSS": {
        "post": 720604,
        "pre": 720604
       },
       "num-tuples": 3918,
       "recursive-rule": {
        "@neglabel.ancestor(x,y) :- \n   parent(x,z),\n   @neglabel.ancestor(z,y).": {
         "0": {
          "maxRSS": {
           "post": 720604,
           "pre": 720604
          },
          "num-tuples": 3918,
          "runtime": { "start": 172845339878, "end": 172845346384},
          "source-locator": " [1:1-1:1]"
         }
        }
       },
       "runtime": { "start": 172845339859, "end": 172845346400}
      },
      "32": {
       "copytime": { "start": 172845352943, "end": 172845354014},
       "maxRSS": {
        "post": 720604,
        "pre": 720604
       },
       "num-tuples": 2047,
       "recursive-rule": {
        "@neglabel.ancestor(x,y) :- \n   parent(x,z),\n   @neglabel.ancestor(z,y).": {
         "0": {
          "maxRSS": {
           "post": 720604,
           "pre": 720604
          },
          "num-tuples": 2047,
          "runtime": { "start": 172845348372, "end": 172845352892},
          "source-locator": " [1:1-1:1]"
         }
        }
       },
       "runtime": { "start": 172845348357, "end": 172845352910}
      },
      "33": {
       "copytime": { "start": 172845356860, "end": 172845357208},
       "maxRSS": {
        "post": 720604,
        "pre": 720604
       },
       "num-tuples": 1047,
       "recursive-rule": {
        "@neglabel.ancestor(x,y) :- \n   parent(x,z),\n   @neglabel.ancestor(z,y).": {
         "0": {
          "maxRSS": {
           "post": 720604,
           "pre": 720604
          },
          "num-tuples": 1047,
          "runtime": { "start": 172845354030, "end": 172845356823},
          "source-locator": " [1:1-1:1]"
         }
        }
       },
       "runtime": { "start": 172845354026, "end": 172845356836}
      },
      "34": {
       "copytime": { "start": 172845359049, "end": 172845359240},
       "maxRSS": {
        "post": 720604,
        "pre": 720604
       },
       "num-tuples": 517,
       "recursive-rule": {
        "@neglabel.ancestor(x,y) :- \n   parent(x,z),\n   @neglabel.ancestor(z,y).": {
         "0": {
          "maxRSS": {
           "post": 720604,
           "pre": 720604
          },
          "num-tuples": 517,
          "runtime": { "start": 172845357233, "end": 172845359006},
          "source-locator": " [1:1-1:1]"
         }
        }
       },
       "runtime": { "start": 172845357216, "end": 172845359019}
      },
      "35": {
       "copytime": { "start": 172845360530, "end": 172845360616},
       "maxRSS": {
        "post": 720604,
        "pre": 720604
       },
       "num-tuples": 246,
       "recursive-rule": {
        "@neglabel.ancestor(x,y) :- \n   parent(x,z),\n   @neglabel.ancestor(z,y).": {
         "0": {
          "maxRSS": {
           "post": 720604,
           "pre": 720604
          },
          "num-tuples": 246,
          "runtime": { "start": 172845359261, "end": 172845360485},
          "source-locator": " [1:1-1:1]"
         }
        }
       },
       "runtime": { "start": 172845359248, "end": 172845360500}
      },
      "36": {
       "copytime": { "start": 172845361671, "end": 172845361711},
       "maxRSS": {
        "post": 720604,
        "pre": 720604
       },
       "num-tuples": 119,
       "recursive-rule": {
        "@neglabel.ancestor(x,y) :- \n   parent(x,z),\n   @neglabel.ancestor(z,y).": {
         "0": {
          "maxRSS": {
           "post": 720604,
           "pre": 720604
          },
          "num-tuples": 119,
          "runtime": { "start": 172845360633, "end": 172845361633},
          "source-locator": " [1:1-1:1]"
         }
        }
       },
       "runtime": { "start": 172845360621, "end": 172845361646}
      },
      "37": {
       "copytime": { "start": 172845362489, "end": 172845362507},
       "maxRSS": {
        "post": 720604,
        "pre": 720604
       },
       "num-tuples": 56,
       "recursive-rule": {
        "@neglabel.ancestor(x,y) :- \n   parent(x,z),\n   @neglabel.ancestor(z,y).": {
         "0": {
          "maxRSS": {
           "post": 720604,
           "pre": 720604
          },
          "num-tuples": 56,
          "runtime": { "start": 172845361726, "end": 172845362452},
          "source-locator": " [1:1-1:1]"
         }
        }
       },
       "runtime": { "start": 172845361716, "end": 172845362462}
      },
      "38": {
       "copytime": { "start": 172845363180, "end": 172845363197},
       "maxRSS": {
        "post": 720604,
        "pre": 720604
       },
       "num-tuples": 27,
       "recursive-rule": {
        "@neglabel.ancestor(x,y) :- \n   parent(x,z),\n   @neglabel.ancestor(z,y).": {
         "0": {
          "maxRSS": {
           "post": 720604,
           "pre": 720604
          },
          "num-tuples": 27,
          "runtime": { "start": 172845362512, "end": 172845363131},
          "source-locator": " [1:1-1:1]"
         }
        }
       },
       "runtime": { "start": 172845362511, "end": 172845363144}
      },
      "39": {
       "copytime": { "start": 172845363868, "end": 172845363874},
       "maxRSS": {
        "post": 720604,
        "pre": 720604
       },
       "num-tuples": 13,
       "recursive-rule": {
        "@neglabel.ancestor(x,y) :- \n   parent(x,z),\n   @neglabel.ancestor(z,y).": {
         "0": {
          "maxRSS": {
           "post": 720604,
           "pre": 720604
          },
          "num-tuples": 13,
          "runtime": { "start": 172845363217, "end": 172845363828},
          "source-locator": " [1:1-1:1]"
         }
        }
       },
       "runtime": { "start": 172845363203, "end": 172845363843}
      },
      "4": {
       "copytime": { "start": 172835985046, "end": 172836005550},
       "maxRSS": {
        "post": 30556,
        "pre": 29276
       },
       "num-tuples": 183958,
       "recursive-rule": {
        "@neglabel.ancestor(x,y) :- \n   parent(x,z),\n   @neglabel.ancestor(z,y).": {
         "0": {
          "maxRSS": {
           "post": 30556,
           "pre": 29276
          },
          "num-tuples": 183958,
          "runtime": { "start": 172835947896, "end": 172835984839},
          "source-locator": " [1:1-1:1]"
         }
        }
       },
       "runtime": { "start": 172835947875, "end": 172835984923}
      },
      "40": {
       "copytime": { "start": 172845364336, "end": 172845364339},
       "maxRSS": {
        "post": 720604,
        "pre": 720604
       },
       "num-tuples": 8,
       "recursive-rule": {
        "@neglabel.ancestor(x,y) :- \n   parent(x,z),\n   @neglabel.ancestor(z,y).": {
         "0": {
          "maxRSS": {
           "post": 720604,
           "pre": 720604
          },
          "num-tuples": 8,
          "runtime": { "start": 172845363879, "end": 172845364304},
          "source-locator": " [1:1-1:1]"
         }
        }
       },
       "runtime": { "start": 172845363879, "end": 172845364315}
      },
      "41": {
       "copytime": { "start": 172845364761, "end": 172845364764},
       "maxRSS": {
        "post": 720604,
        "pre": 720604
       },
       "num-tuples": 4,
       "recursive-rule": {
        "@neglabel.ancestor(x,y) :- \n   parent(x,z),\n   @neglabel.ancestor(z,y).": {
         "0": {
          "maxRSS": {
           "post": 720604,
           "pre": 720604
          },
          "num-tuples": 4,
          "runtime": { "start": 172845364344, "end": 172845364733},
          "source-locator": " [1:1-1:1]"
         }
        }
       },
       "runtime": { "start": 172845364343, "end": 172845364741}
      },
      "42": {
       "copytime": { "start": 172845365115, "end": 172845365116},
       "maxRSS": {
        "post": 720604,
        "pre": 720604
       },
       "num-tuples": 1,
       "recursive-rule": {
        "@neglabel.ancestor(x,y) :- \n   parent(x,z),\n   @neglabel.ancestor(z,y).": {
         "0": {
          "maxRSS": {
           "post": 720604,
           "pre": 720604
          },
          "num-tuples": 1,
          "runtime": { "start": 172845364768, "end": 172845365085},
          "source-locator": " [1:1-1:1]"
         }
        }
       },
       "runtime": { "start": 172845364768, "end": 172845365094}
      },
      "43": {
       "maxRSS": {
        "post": 720604,
        "pre": 720604
       },
       "num-tuples": 0,
       "recursive-rule": {
        "@neglabel.ancestor(x,y) :- \n   parent(x,z),\n   @neglabel.ancestor(z,y).": {
         "0": {
          "maxRSS": {
           "post": 720604,
           "pre": 720604
          },
          "num-tuples": 0,
          "runtime": { "start": 172845365121, "end": 172845365392},
          "source-locator": " [1:1-1:1]"
         }
        }
       },
       "runtime": { "start": 172845365120, "end": 172845365400}
      },
      "5": {
       "copytime": { "start": 172836047476, "end": 172836072141},
       "maxRSS": {
        "post": 37084,
        "pre": 35548
       },
       "num-tuples": 227516,
       "recursive-rule": {
        "@neglabel.ancestor(x,y) :- \n   parent(x,z),\n   @neglabel.ancestor(z,y).": {
         "0": {
          "maxRSS": {
           "post": 37084,
           "pre": 35548
          },
          "num-tuples": 227516,
          "runtime": { "start": 172836005591, "end": 172836047187},
          "source-locator": " [1:1-1:1]"
         }
        }
       },
       "runtime": { "start": 172836005565, "end": 172836047309}
      },
      "6": {
       "copytime": { "start": 172836126589, "end": 172836159349},
       "maxRSS": {
        "post": 46172,
        "pre": 43228
       },
       "num-tuples": 318991,
       "recursive-rule": {
        "@neglabel.ancestor(x,y) :- \n   parent(x,z),\n   @neglabel.ancestor(z,y).": {
         "0": {
          "maxRSS": {
           "post": 46172,
           "pre": 43228
          },
          "num-tuples": 318991,
          "runtime": { "start": 172836072195, "end": 172836126200},
          "source-locator": " [1:1-1:1]"
         }
        }
       },
       "runtime": { "start": 172836072159, "end": 172836126371}
      },
      "7": {
       "copytime": { "start": 172836241751, "end": 172836296147},
       "maxRSS": {
        "post": 60124,
        "pre": 54620
       },
       "num-tuples": 472091,
       "recursive-rule": {
        "@neglabel.ancestor(x,y) :- \n   parent(x,z),\n   @neglabel.ancestor(z,y).": {
         "0": {
          "maxRSS": {
           "post": 60124,
           "pre": 54620
          },
          "num-tuples": 472091,
          "runtime": { "start": 172836159389, "end": 172836240621},
          "source-locator": " [1:1-1:1]"
         }
        }
       },
       "runtime": { "start": 172836159364, "end": 172836241037}
      },
      "8": {
       "copytime": { "start": 172836406956, "end": 172836479661},
       "maxRSS": {
        "post": 80988,
        "pre": 72412
       },
       "num-tuples": 698043,
       "recursive-rule": {
        "@neglabel.ancestor(x,y) :- \n   parent(x,z),\n   @neglabel.ancestor(z,y).": {
         "0": {
          "maxRSS": {
           "post": 80988,
           "pre": 72412
          },
          "num-tuples": 698043,
          "runtime": { "start": 172836296187, "end": 172836406080},
          "source-locator": " [1:1-1:1]"
         }
        }
       },
       "runtime": { "start": 172836296164, "end": 172836406485}
      },
      "9": {
       "copytime": { "start": 172836635000, "end": 172836738908},
       "maxRSS": {
        "post": 110940,
        "pre": 98908
       },
       "num-tuples": 1003772,
       "recursive-rule": {
        "@neglabel.ancestor(x,y) :- \n   parent(x,z),\n   @neglabel.ancestor(z,y).": {
         "0": {
          "maxRSS": {
           "post": 110940,
           "pre": 98908
          },
          "num-tuples": 1003772,
          "runtime": { "start": 172836479697, "end": 172836633577},
          "source-locator": " [1:1-1:1]"
         }
        }
       },
       "runtime": { "start": 172836479677, "end": 172836634229}
      }
     },
     "maxRSS": {
      "post": 16676,
      "pre": 16676
     },
     "non-recursive-rule": {
      "@neglabel.ancestor(x,y) :- \n   parent(x,y).": {
       "atom-frequency": {
        "@neglabel.ancestor(x,y) :- \n   parent(x,y).": {
         "parent": {
          "level": 0,
          "num-tuples": 0
         }
        }
       },
       "maxRSS": {
        "post": 16676,
        "pre": 16676
       },
       "num-tuples": 16000,
       "runtime": { "start": 172835834022, "end": 172835834854},
       "source-locator": " [1:1-1:1]"
      }
     },
     "num-tuples": 16000,
     "runtime": { "start": 172835834009, "end": 172835834866},
     "source-locator": "/root/compiler/tests/corpus/BENCHMARK_FAMILY/ancestor_nonancestor.dl [20:7-20:15]"
    },
    "nonancestor.{bf}": {
     "maxRSS": {
      "post": 720604,
      "pre": 720604
     },
     "non-recursive-rule": {
      "nonancestor.{bf}(x,y) :- \n   @magic.nonancestor.{bf}(x),\n   person(x),\n   person(y),\n   !@neglabel.ancestor(x,y).": {
       "atom-frequency": {
        "nonancestor.{bf}(x,y) :- \n   @magic.nonancestor.{bf}(x),\n   person(x),\n   person(y),\n   !@neglabel.ancestor(x,y).": {
         "@magic.nonancestor.{bf}": {
          "level": 0,
          "num-tuples": 0
         },
         "person": {
          "level": 2,
          "num-tuples": 0
         }
        }
       },
       "maxRSS": {
        "post": 720604,
        "pre": 720604
       },
       "num-tuples": 7950,
       "runtime": { "start": 172845365472, "end": 172845365953},
       "source-locator": " [1:1-1:1]"
      }
     },
     "num-tuples": 7950,
     "reads": 0,
     "runtime": { "start": 172845365462, "end": 172845365964},
     "source-locator": " [1:1-1:1]"
    },
    "parent": {
     "loadtime": { "start": 172835829031, "end": 172835833226},
     "num-tuples": 16000,
     "reads": 0,
     "source-locator": "/root/compiler/tests/corpus/BENCHMARK_FAMILY/ancestor_nonancestor.dl [15:7-15:13]"
    },
    "person": {
     "loadtime": { "start": 172835833240, "end": 172835834001},
     "num-tuples": 8000,
     "reads": 1,
     "source-locator": "/root/compiler/tests/corpus/BENCHMARK_FAMILY/ancestor_nonancestor.dl [17:7-17:13]"
    },
    "q_nonancestor": {
     "maxRSS": {
      "post": 720732,
      "pre": 720732
     },
     "non-recursive-rule": {
      "q_nonancestor(y) :- \n   nonancestor.{bf}(@abdul0,y),\n   @abdul0 = 1.": {
       "atom-frequency": {
        "q_nonancestor(y) :- \n   nonancestor.{bf}(@abdul0,y),\n   @abdul0 = 1.": {
         "nonancestor.{bf}": {
          "level": 0,
          "num-tuples": 0
         }
        }
       },
       "maxRSS": {
        "post": 720732,
        "pre": 720732
       },
       "num-tuples": 7950,
       "runtime": { "start": 172845445529, "end": 172845445786},
       "source-locator": " [1:1-1:1]"
      }
     },
     "num-tuples": 7950,
     "reads": 0,
     "runtime": { "start": 172845445525, "end": 172845445799},
     "savetime": { "start": 172845445804, "end": 172845446642},
     "source-locator": "/root/compiler/tests/corpus/BENCHMARK_FAMILY/ancestor_nonancestor.dl [27:7-27:20]"
    }
   },
   "runtime": { "start": 172835829004, "end": 172845446666},
   "starttime": { "time": 172835828968},
   "usage": {
    "timepoint": {
     "172835828985": {
      "maxRSS": 16676,
      "systemtime": 3200,
      "usertime": 3200
     },
     "172835830142": {
      "maxRSS": 16676,
      "systemtime": 3746,
      "usertime": 3746
     },
     "172835831263": {
      "maxRSS": 16676,
      "systemtime": 3753,
      "usertime": 3753
     },
     "172835832334": {
      "maxRSS": 16676,
      "systemtime": 3753,
      "usertime": 6740
     },
     "172835833261": {
      "maxRSS": 16676,
      "systemtime": 3913,
      "usertime": 7827
     },
     "172835834043": {
      "maxRSS": 16676,
      "systemtime": 4178,
      "usertime": 8357
     },
     "172835835148": {
      "maxRSS": 16676,
      "systemtime": 4463,
      "usertime": 8927
     },
     "172835835712": {
      "maxRSS": 16676,
      "systemtime": 4741,
      "usertime": 9482
     },
     "172835836806": {
      "maxRSS": 16676,
      "systemtime": 4741,
      "usertime": 9840
     },
     "172835837898": {
      "maxRSS": 16676,
      "systemtime": 4741,
      "usertime": 9859
     },
     "172835838979": {
      "maxRSS": 16676,
      "systemtime": 4741,
      "usertime": 9877
     },
     "172835840135": {
      "maxRSS": 16676,
      "systemtime": 4741,
      "usertime": 13927
     },
     "172835841212": {
      "maxRSS": 16676,
      "systemtime": 4741,
      "usertime": 13941
     },
     "172835842310": {
      "maxRSS": 16676,
      "systemtime": 4741,
      "usertime": 13957
     },
     "172835843232": {
      "maxRSS": 16676,
      "systemtime": 4741,
      "usertime": 17155
     },
     "172835844304": {
      "maxRSS": 16676,
      "systemtime": 4741,
      "usertime": 17976
     },
     "172835845424": {
      "maxRSS": 16676,
      "systemtime": 4741,
      "usertime": 17992
     },
     "172835846266": {
      "maxRSS": 16676,
      "systemtime": 4741,
      "usertime": 20229
     },
     "172835847370": {
      "maxRSS": 16676,
      "systemtime": 4741,
      "usertime": 20242
     },
     "172835848447": {
      "maxRSS": 16676,
      "systemtime": 4741,
      "usertime": 22031
     },
     "172835849530": {
      "maxRSS": 16676,
      "systemtime": 4741,
      "usertime": 22048
     },
     "172835850615": {
      "maxRSS": 16676,
      "systemtime": 4741,
      "usertime": 22061
     },
     "172835851723": {
      "maxRSS": 16676,
      "systemtime": 4741,
      "usertime": 22078
     },
     "172835852819": {
      "maxRSS": 16676,
      "systemtime": 4741,
      "usertime": 26109
     },
     "172835853924": {
      "maxRSS": 16676,
      "systemtime": 4741,
      "usertime": 26140
     },
     "172835855018": {
      "maxRSS": 16676,
      "systemtime": 4741,
      "usertime": 26164
     },
     "172835856134": {
      "maxRSS": 16676,
      "systemtime": 4741,
      "usertime": 30227
     },
     "172835857209": {
      "maxRSS": 16676,
      "systemtime": 4741,
      "usertime": 30242
     },
     "172835858294": {
      "maxRSS": 16676,
      "systemtime": 4741,
      "usertime": 30261
     },
     "172835859417": {
      "maxRSS": 16676,
      "systemtime": 4741,
      "usertime": 30287
     },
     "172835860030": {
      "maxRSS": 16676,
      "systemtime": 4741,
      "usertime": 34303
     },
     "172835860036": {
      "maxRSS": 16676,
      "systemtime": 4741,
      "usertime": 34325
     },
     "172835861123": {
      "maxRSS": 16732,
      "systemtime": 4741,
      "usertime": 34336
     },
     "172835862195": {
      "maxRSS": 16988,
      "systemtime": 4741,
      "usertime": 34349
     },
     "172835863265": {
      "maxRSS": 17244,
      "systemtime": 4741,
      "usertime": 34360
     },
     "172835864356": {
      "maxRSS": 17628,
      "systemtime": 4741,
      "usertime": 38362
     },
     "172835865427": {
      "maxRSS": 17884,
      "systemtime": 4741,
      "usertime": 38374
     },
     "172835866510": {
      "maxRSS": 18268,
      "systemtime": 4741,
      "usertime": 38410
     },
     "172835866835": {
      "maxRSS": 18268,
      "systemtime": 4741,
      "usertime": 41258
     },
     "172835867915": {
      "maxRSS": 18268,
      "systemtime": 4741,
      "usertime": 41274
     },
     "172835868991": {
      "maxRSS": 18268,
      "systemtime": 4741,
      "usertime": 42475
     },
     "172835870062": {
      "maxRSS": 18268,
      "systemtime": 4741,
      "usertime": 42487
     },
     "172835871152": {
      "maxRSS": 18268,
      "systemtime": 4741,
      "usertime": 42501
     },
     "172835872231": {
      "maxRSS": 18268,
      "systemtime": 4741,
      "usertime": 46515
     },
     "172835873307": {
      "maxRSS": 18396,
      "systemtime": 4741,
      "usertime": 46530
     },
     "172835874458": {
      "maxRSS": 18524,
      "systemtime": 4741,
      "usertime": 46588
     },
     "172835875541": {
      "maxRSS": 18524,
      "systemtime": 4741,
      "usertime": 46604
     },
     "172835876616": {
      "maxRSS": 18652,
      "systemtime": 4741,
      "usertime": 50683
     },
     "172835877696": {
      "maxRSS": 18780,
      "systemtime": 4741,
      "usertime": 50699
     },
     "172835878772": {
      "maxRSS": 18908,
      "systemtime": 4741,
      "usertime": 50714
     },
     "172835879900": {
      "maxRSS": 19036,
      "systemtime": 4741,
      "usertime": 50749
     },
     "172835880979": {
      "maxRSS": 19164,
      "systemtime": 4741,
      "usertime": 54705
     },
     "172835882046": {
      "maxRSS": 19292,
      "systemtime": 4741,
      "usertime": 54714
     },
     "172835883119": {
      "maxRSS": 19420,
      "systemtime": 4741,
      "usertime": 54725
     },
     "172835884198": {
      "maxRSS": 19548,
      "systemtime": 4741,
      "usertime": 58736
     },
     "172835885296": {
      "maxRSS": 19676,
      "systemtime": 4741,
      "usertime": 58769
     },
     "172835886381": {
      "maxRSS": 19804,
      "systemtime": 4741,
      "usertime": 58783
     },
     "172835887460": {
      "maxRSS": 19932,
      "systemtime": 4741,
      "usertime": 58799
     },
     "172835888535": {
      "maxRSS": 20060,
      "systemtime": 4741,
      "usertime": 62811
     },
     "172835889600": {
      "maxRSS": 20188,
      "systemtime": 4741,
      "usertime": 64372
     },
     "172835889652": {
      "maxRSS": 20188,
      "systemtime": 4741,
      "usertime": 64469
     },
     "172835889735": {
      "maxRSS": 20188,
      "systemtime": 4741,
      "usertime": 64538
     },
     "172835890866": {
      "maxRSS": 20444,
      "systemtime": 4741,
      "usertime": 64553
     },
     "172835892032": {
      "maxRSS": 20828,
      "systemtime": 4741,
      "usertime": 66881
     },
     "172835893144": {
      "maxRSS": 21084,
      "systemtime": 4741,
      "usertime": 66897
     },
     "172835894249": {
      "maxRSS": 21340,
      "systemtime": 4741,
      "usertime": 66911
     },
     "172835895350": {
      "maxRSS": 21724,
      "systemtime": 4741,
      "usertime": 66920
     },
     "172835896416": {
      "maxRSS": 21980,
      "systemtime": 4741,
      "usertime": 70925
     },
     "172835897481": {
      "maxRSS": 22236,
      "systemtime": 4741,
      "usertime": 70932
     },
     "172835898546": {
      "maxRSS": 22492,
      "systemtime": 4741,
      "usertime": 70940
     },
     "172835899630": {
      "maxRSS": 22876,
      "systemtime": 4741,
      "usertime": 70956
     },
     "172835900744": {
      "maxRSS": 23132,
      "systemtime": 4741,
      "usertime": 74972
     },
     "172835901441": {
      "maxRSS": 23260,
      "systemtime": 4741,
      "usertime": 76396
     },
     "172835902549": {
      "maxRSS": 23260,
      "systemtime": 4741,
      "usertime": 76411
     },
     "172835903647": {
      "maxRSS": 23260,
      "systemtime": 4741,
      "usertime": 76418
     },
     "172835904759": {
      "maxRSS": 23260,
      "systemtime": 4741,
      "usertime": 79040
     },
     "172835905860": {
      "maxRSS": 23260,
      "systemtime": 4741,
      "usertime": 79051
     },
     "172835906945": {
      "maxRSS": 23260,
      "systemtime": 4741,
      "usertime": 79064
     },
     "172835908034": {
      "maxRSS": 23260,
      "systemtime": 4741,
      "usertime": 83083
     },
     "172835909155": {
      "maxRSS": 23260,
      "systemtime": 4741,
      "usertime": 83102
     },
     "172835910238": {
      "maxRSS": 23260,
      "systemtime": 4741,
      "usertime": 83117
     },
     "172835911315": {
      "maxRSS": 23260,
      "systemtime": 4741,
      "usertime": 83130
     },
     "172835912396": {
      "maxRSS": 23260,
      "systemtime": 4741,
      "usertime": 87146
     },
     "172835913522": {
      "maxRSS": 23260,
      "systemtime": 4741,
      "usertime": 87161
     },
     "172835914600": {
      "maxRSS": 23260,
      "systemtime": 4741,
      "usertime": 87175
     },
     "172835915684": {
      "maxRSS": 23388,
      "systemtime": 4741,
      "usertime": 87192
     },
     "172835916812": {
      "maxRSS": 23516,
      "systemtime": 4741,
      "usertime": 91233
     },
     "172835917896": {
      "maxRSS": 23644,
      "systemtime": 4741,
      "usertime": 91252
     },
     "172835918973": {
      "maxRSS": 23772,
      "systemtime": 4741,
      "usertime": 91270
     },
     "172835920014": {
      "maxRSS": 23900,
      "systemtime": 4741,
      "usertime": 95259
     },
     "172835921081": {
      "maxRSS": 24028,
      "systemtime": 4741,
      "usertime": 95268
     },
     "172835922146": {
      "maxRSS": 24156,
      "systemtime": 4741,
      "usertime": 95276
     },
     "172835923278": {
      "maxRSS": 24156,
      "systemtime": 4741,
      "usertime": 95297
     },
     "172835924441": {
      "maxRSS": 24284,
      "systemtime": 4741,
      "usertime": 99330
     },
     "172835925540": {
      "maxRSS": 24412,
      "systemtime": 4741,
      "usertime": 99361
     },
     "172835926721": {
      "maxRSS": 24540,
      "systemtime": 4741,
      "usertime": 99382
     },
     "172835927799": {
      "maxRSS": 24668,
      "systemtime": 4741,
      "usertime": 99397
     },
     "172835928881": {
      "maxRSS": 24796,
      "systemtime": 4741,
      "usertime": 103412
     },
     "172835929956": {
      "maxRSS": 24924,
      "systemtime": 4741,
      "usertime": 103425
     },
     "172835931050": {
      "maxRSS": 25052,
      "systemtime": 4741,
      "usertime": 103456
     },
     "172835932129": {
      "maxRSS": 25180,
      "systemtime": 4741,
      "usertime": 107587
     },
     "172835932223": {
      "maxRSS": 25180,
      "systemtime": 4741,
      "usertime": 107677
     },
     "172835933329": {
      "maxRSS": 25436,
      "systemtime": 4741,
      "usertime": 107687
     },
     "172835934397": {
      "maxRSS": 25820,
      "systemtime": 4741,
      "usertime": 107698
     },
     "172835935499": {
      "maxRSS": 26076,
      "systemtime": 4741,
      "usertime": 107707
     },
     "172835936599": {
      "maxRSS": 26332,
      "systemtime": 4741,
      "usertime": 111519
     },
     "172835937697": {
      "maxRSS": 26716,
      "systemtime": 4741,
      "usertime": 111527
     },
     "172835938817": {
      "maxRSS": 26972,
      "systemtime": 4741,
      "usertime": 111548
     },
     "172835939925": {
      "maxRSS": 27228,
      "systemtime": 4741,
      "usertime": 111579
     },
     "172835941031": {
      "maxRSS": 27612,
      "systemtime": 4741,
      "usertime": 115649
     },
     "172835942111": {
      "maxRSS": 27868,
      "systemtime": 4741,
      "usertime": 115659
     },
     "172835943182": {
      "maxRSS": 28124,
      "systemtime": 4741,
      "usertime": 115669
     },
     "172835944264": {
      "maxRSS": 28380,
      "systemtime": 4741,
      "usertime": 119628
     },
     "172835945346": {
      "maxRSS": 28764,
      "systemtime": 4741,
      "usertime": 119648
     },
     "172835946433": {
      "maxRSS": 29020,
      "systemtime": 4741,
      "usertime": 119698
     },
     "172835947518": {
      "maxRSS": 29276,
      "systemtime": 4741,
      "usertime": 119726
     },
     "172835947914": {
      "maxRSS": 29276,
      "systemtime": 4741,
      "usertime": 123625
     },
     "172835948983": {
      "maxRSS": 29276,
      "systemtime": 4741,
      "usertime": 123742
     },
     "172835950056": {
      "maxRSS": 29276,
      "systemtime": 4741,
      "usertime": 123755
     },
     "172835951146": {
      "maxRSS": 29276,
      "systemtime": 4741,
      "usertime": 123787
     },
     "172835952236": {
      "maxRSS": 29276,
      "systemtime": 4741,
      "usertime": 127801
     },
     "172835953305": {
      "maxRSS": 29276,
      "systemtime": 4741,
      "usertime": 127811
     },
     "172835954391": {
      "maxRSS": 29276,
      "systemtime": 4741,
      "usertime": 127821
     },
     "172835955476": {
      "maxRSS": 29276,
      "systemtime": 4741,
      "usertime": 127837
     },
     "172835956557": {
      "maxRSS": 29276,
      "systemtime": 4741,
      "usertime": 131859
     },
     "172835957656": {
      "maxRSS": 29276,
      "systemtime": 4741,
      "usertime": 131883
     },
     "172835958789": {
      "maxRSS": 29276,
      "systemtime": 4741,
      "usertime": 131921
     },
     "172835959888": {
      "maxRSS": 29276,
      "systemtime": 4741,
      "usertime": 131941
     },
     "172835960973": {
      "maxRSS": 29276,
      "systemtime": 4741,
      "usertime": 135954
     },
     "172835962045": {
      "maxRSS": 29276,
      "systemtime": 4741,
      "usertime": 135964
     },
     "172835963121": {
      "maxRSS": 29276,
      "systemtime": 4741,
      "usertime": 135976
     },
     "172835964202": {
      "maxRSS": 29276,
      "systemtime": 4741,
      "usertime": 139982
     },
     "172835965296": {
      "maxRSS": 29276,
      "systemtime": 4741,
      "usertime": 140017
     },
     "172835966377": {
      "maxRSS": 29276,
      "systemtime": 4741,
      "usertime": 140031
     },
     "172835967495": {
      "maxRSS": 29276,
      "systemtime": 4741,
      "usertime": 140050
     },
     "172835968570": {
      "maxRSS": 29276,
      "systemtime": 4741,
      "usertime": 144064
     },
     "172835969657": {
      "maxRSS": 29276,
      "systemtime": 4741,
      "usertime": 144075
     },
     "172835970734": {
      "maxRSS": 29276,
      "systemtime": 4741,
      "usertime": 144087
     },
     "172835971866": {
      "maxRSS": 29276,
      "systemtime": 4741,
      "usertime": 144117
     },
     "172835972989": {
      "maxRSS": 29404,
      "systemtime": 4741,
      "usertime": 148132
     },
     "172835974068": {
      "maxRSS": 29532,
      "systemtime": 4741,
      "usertime": 148147
     },
     "172835975199": {
      "maxRSS": 29660,
      "systemtime": 4741,
      "usertime": 148168
     },
     "172835976274": {
      "maxRSS": 29788,
      "systemtime": 4741,
      "usertime": 152290
     },
     "172835977349": {
      "maxRSS": 29788,
      "systemtime": 4741,
      "usertime": 152302
     },
     "172835978427": {
      "maxRSS": 29916,
      "systemtime": 4741,
      "usertime": 152314
     },
     "172835979506": {
      "maxRSS": 30044,
      "systemtime": 4741,
      "usertime": 152331
     },
     "172835980581": {
      "maxRSS": 30172,
      "systemtime": 4741,
      "usertime": 156229
     },
     "172835981650": {
      "maxRSS": 30300,
      "systemtime": 4741,
      "usertime": 156240
     },
     "172835982726": {
      "maxRSS": 30428,
      "systemtime": 4741,
      "usertime": 156252
     },
     "172835983806": {
      "maxRSS": 30556,
      "systemtime": 4741,
      "usertime": 156268
     },
     "172835984913": {
      "maxRSS": 30556,
      "systemtime": 4741,
      "usertime": 161122
     },
     "172835984998": {
      "maxRSS": 30556,
      "systemtime": 4741,
      "usertime": 161277
     },
     "172835985107": {
      "maxRSS": 30556,
      "systemtime": 4741,
      "usertime": 161381
     },
     "172835986174": {
      "maxRSS": 30812,
      "systemtime": 4741,
      "usertime": 161390
     },
     "172835987253": {
      "maxRSS": 31196,
      "systemtime": 4741,
      "usertime": 161400
     },
     "172835988336": {
      "maxRSS": 31452,
      "systemtime": 4741,
      "usertime": 164327
     },
     "172835989404": {
      "maxRSS": 31708,
      "systemtime": 4741,
      "usertime": 164338
     },
     "172835990506": {
      "maxRSS": 31964,
      "systemtime": 4741,
      "usertime": 164369
     },
     "172835991628": {
      "maxRSS": 32092,
      "systemtime": 4741,
      "usertime": 164388
     },
     "172835992717": {
      "maxRSS": 32348,
      "systemtime": 8055,
      "usertime": 165133
     },
     "172835993802": {
      "maxRSS": 32476,
      "systemtime": 8056,
      "usertime": 165151
     },
     "172835994872": {
      "maxRSS": 32860,
      "systemtime": 8056,
      "usertime": 165162
     },
     "172835995936": {
      "maxRSS": 33116,
      "systemtime": 8057,
      "usertime": 165169
     },
     "172835997031": {
      "maxRSS": 33372,
      "systemtime": 8057,
      "usertime": 169172
     },
     "172835998098": {
      "maxRSS": 33628,
      "systemtime": 8057,
      "usertime": 169181
     },
     "172835999163": {
      "maxRSS": 33884,
      "systemtime": 8057,
      "usertime": 169188
     },
     "172836000243": {
      "maxRSS": 34268,
      "systemtime": 8057,
      "usertime": 173194
     },
     "172836001321": {
      "maxRSS": 34524,
      "systemtime": 8057,
      "usertime": 173209
     },
     "172836002392": {
      "maxRSS": 34780,
      "systemtime": 8057,
      "usertime": 173222
     },
     "172836003459": {
      "maxRSS": 35036,
      "systemtime": 8057,
      "usertime": 173231
     },
     "172836004558": {
      "maxRSS": 35292,
      "systemtime": 8057,
      "usertime": 177258
     },
     "172836005628": {
      "maxRSS": 35548,
      "systemtime": 8126,
      "usertime": 178789
     },
     "172836006734": {
      "maxRSS": 35548,
      "systemtime": 8127,
      "usertime": 178801
     },
     "172836007817": {
      "maxRSS": 35548,
      "systemtime": 8128,
      "usertime": 178820
     },
     "172836008923": {
      "maxRSS": 35548,
      "systemtime": 8128,
      "usertime": 181333
     },
     "172836010015": {
      "maxRSS": 35548,
      "systemtime": 8128,
      "usertime": 181352
     },
     "172836011101": {
      "maxRSS": 35548,
      "systemtime": 8128,
      "usertime": 181373
     },
     "172836012194": {
      "maxRSS": 35548,
      "systemtime": 8128,
      "usertime": 185316
     },
     "172836013299": {
      "maxRSS": 35548,
      "systemtime": 8128,
      "usertime": 185330
     },
     "172836014406": {
      "maxRSS": 35548,
      "systemtime": 8128,
      "usertime": 185344
     },
     "172836015508": {
      "maxRSS": 35548,
      "systemtime": 8128,
      "usertime": 185353
     },
     "172836016586": {
      "maxRSS": 35548,
      "systemtime": 8128,
      "usertime": 189361
     },
     "172836017678": {
      "maxRSS": 35548,
      "systemtime": 8128,
      "usertime": 189390
     },
     "172836018764": {
      "maxRSS": 35548,
      "systemtime": 8128,
      "usertime": 189409
     },
     "172836019869": {
      "maxRSS": 35548,
      "systemtime": 8128,
      "usertime": 189421
     },
     "172836020937": {
      "maxRSS": 35548,
      "systemtime": 8128,
      "usertime": 193430
     },
     "172836022045": {
      "maxRSS": 35548,
      "systemtime": 8128,
      "usertime": 193446
     },
     "172836023144": {
      "maxRSS": 35548,
      "systemtime": 8128,
      "usertime": 193462
     },
     "172836024239": {
      "maxRSS": 35548,
      "systemtime": 8128,
      "usertime": 197486
     },
     "172836025349": {
      "maxRSS": 35548,
      "systemtime": 8128,
      "usertime": 197502
     },
     "172836026462": {
      "maxRSS": 35548,
      "systemtime": 8128,
      "usertime": 197525
     },
     "172836027563": {
      "maxRSS": 35548,
      "systemtime": 8128,
      "usertime": 197534
     },
     "172836028656": {
      "maxRSS": 35548,
      "systemtime": 8128,
      "usertime": 201556
     },
     "172836029769": {
      "maxRSS": 35548,
      "systemtime": 8128,
      "usertime": 201572
     },
     "172836030877": {
      "maxRSS": 35548,
      "systemtime": 8128,
      "usertime": 201588
     },
     "172836032022": {
      "maxRSS": 35548,
      "systemtime": 8128,
      "usertime": 205623
     },
     "172836033104": {
      "maxRSS": 35548,
      "systemtime": 8128,
      "usertime": 205638
     },
     "172836034278": {
      "maxRSS": 35548,
      "systemtime": 8128,
      "usertime": 205657
     },
     "172836035385": {
      "maxRSS": 35676,
      "systemtime": 8128,
      "usertime": 205673
     },
     "172836036492": {
      "maxRSS": 35804,
      "systemtime": 8128,
      "usertime": 209688
     },
     "172836037592": {
      "maxRSS": 35932,
      "systemtime": 8128,
      "usertime": 209698
     },
     "172836038691": {
      "maxRSS": 36060,
      "systemtime": 8128,
      "usertime": 209730
     },
     "172836039782": {
      "maxRSS": 36188,
      "systemtime": 8128,
      "usertime": 209753
     },
     "172836040859": {
      "maxRSS": 36316,
      "systemtime": 8128,
      "usertime": 213791
     },
     "172836041967": {
      "maxRSS": 36444,
      "systemtime": 8128,
      "usertime": 213805
     },
     "172836043040": {
      "maxRSS": 36572,
      "systemtime": 8128,
      "usertime": 213819
     },
     "172836044108": {
      "maxRSS": 36700,
      "systemtime": 8128,
      "usertime": 217818
     },
     "172836045231": {
      "maxRSS": 36956,
      "systemtime": 8128,
      "usertime": 217849
     },
     "172836046335": {
      "maxRSS": 37084,
      "systemtime": 8128,
      "usertime": 217860
     },
     "172836047435": {
      "maxRSS": 37084,
      "systemtime": 8192,
      "usertime": 221192
     },
     "172836047559": {
      "maxRSS": 37084,
      "systemtime": 8197,
      "usertime": 221332
     },
     "172836048659": {
      "maxRSS": 37340,
      "systemtime": 8197,
      "usertime": 221812
     },
     "172836049731": {
      "maxRSS": 37724,
      "systemtime": 8197,
      "usertime": 221824
     },
     "172836050843": {
      "maxRSS": 37980,
      "systemtime": 8197,
      "usertime": 221879
     },
     "172836051913": {
      "maxRSS": 38236,
      "systemtime": 8197,
      "usertime": 221890
     },
     "172836052986": {
      "maxRSS": 38492,
      "systemtime": 8197,
      "usertime": 225904
     },
     "172836054055": {
      "maxRSS": 38876,
      "systemtime": 8197,
      "usertime": 225915
     },
     "172836055141": {
      "maxRSS": 39132,
      "systemtime": 8197,
      "usertime": 225933
     },
     "172836056223": {
      "maxRSS": 39388,
      "systemtime": 8197,
      "usertime": 229966
     },
     "172836057298": {
      "maxRSS": 39644,
      "systemtime": 8197,
      "usertime": 229982
     },
     "172836058395": {
      "maxRSS": 39900,
      "systemtime": 8197,
      "usertime": 230011
     },
     "172836059479": {
      "maxRSS": 40156,
      "systemtime": 8197,
      "usertime": 230026
     },
     "172836060577": {
      "maxRSS": 40412,
      "systemtime": 8197,
      "usertime": 234057
     },
     "172836061656": {
      "maxRSS": 40796,
      "systemtime": 8197,
      "usertime": 234073
     },
     "172836062737": {
      "maxRSS": 41052,
      "systemtime": 8197,
      "usertime": 234089
     },
     "172836063829": {
      "maxRSS": 41308,
      "systemtime": 8197,
      "usertime": 234120
     },
     "172836064918": {
      "maxRSS": 41564,
      "systemtime": 8197,
      "usertime": 238133
     },
     "172836065992": {
      "maxRSS": 41820,
      "systemtime": 8197,
      "usertime": 238147
     },
     "172836067065": {
      "maxRSS": 42204,
      "systemtime": 8197,
      "usertime": 238162
     },
     "172836068152": {
      "maxRSS": 42460,
      "systemtime": 8197,
      "usertime": 242179
     },
     "172836069237": {
      "maxRSS": 42716,
      "systemtime": 8197,
      "usertime": 242191
     },
     "172836070345": {
      "maxRSS": 42972,
      "systemtime": 8197,
      "usertime": 242223
     },
     "172836071463": {
      "maxRSS": 43228,
      "systemtime": 8197,
      "usertime": 242258
     },
     "172836072194": {
      "maxRSS": 43228,
      "systemtime": 8202,
      "usertime": 246424
     },
     "172836073309": {
      "maxRSS": 43228,
      "systemtime": 8202,
      "usertime": 246480
     },
     "172836074466": {
      "maxRSS": 43228,
      "systemtime": 8202,
      "usertime": 246509
     },
     "172836075715": {
      "maxRSS": 43228,
      "systemtime": 8202,
      "usertime": 246533
     },
     "172836076837": {
      "maxRSS": 43228,
      "systemtime": 8202,
      "usertime": 250394
     },
     "172836077990": {
      "maxRSS": 43228,
      "systemtime": 8202,
      "usertime": 250452
     },
     "172836079066": {
      "maxRSS": 43228,
      "systemtime": 8202,
      "usertime": 250469
     },
     "172836080139": {
      "maxRSS": 43228,
      "systemtime": 8202,
      "usertime": 254462
     },
     "172836081245": {
      "maxRSS": 43228,
      "systemtime": 8202,
      "usertime": 254478
     },
     "172836082343": {
      "maxRSS": 43228,
      "systemtime": 8202,
      "usertime": 254512
     },
     "172836083429": {
      "maxRSS": 43228,
      "systemtime": 8202,
      "usertime": 254530
     },
     "172836084514": {
      "maxRSS": 43228,
      "systemtime": 8202,
      "usertime": 258553
     },
     "172836085616": {
      "maxRSS": 43228,
      "systemtime": 8202,
      "usertime": 258589
     },
     "172836086706": {
      "maxRSS": 43228,
      "systemtime": 8202,
      "usertime": 258603
     },
     "172836087845": {
      "maxRSS": 43228,
      "systemtime": 8202,
      "usertime": 258618
     },
     "172836088929": {
      "maxRSS": 43228,
      "systemtime": 8202,
      "usertime": 262630
     },
     "172836089999": {
      "maxRSS": 43228,
      "systemtime": 8202,
      "usertime": 262642
     },
     "172836091119": {
      "maxRSS": 43228,
      "systemtime": 8202,
      "usertime": 262658
     },
     "172836092225": {
      "maxRSS": 43228,
      "systemtime": 8202,
      "usertime": 266709
     },
     "172836093301": {
      "maxRSS": 43228,
      "systemtime": 8202,
      "usertime": 266724
     },
     "172836094382": {
      "maxRSS": 43228,
      "systemtime": 8202,
      "usertime": 266742
     },
     "172836095459": {
      "maxRSS": 43228,
      "systemtime": 8202,
      "usertime": 266757
     },
     "172836096533": {
      "maxRSS": 43228,
      "systemtime": 8202,
      "usertime": 270765
     },
     "172836097608": {
      "maxRSS": 43228,
      "systemtime": 8202,
      "usertime": 270777
     },
     "172836098701": {
      "maxRSS": 43228,
      "systemtime": 8202,
      "usertime": 270810
     },
     "172836099780": {
      "maxRSS": 43228,
      "systemtime": 8202,
      "usertime": 270826
     },
     "172836100860": {
      "maxRSS": 43228,
      "systemtime": 8202,
      "usertime": 274842
     },
     "172836101938": {
      "maxRSS": 43228,
      "systemtime": 8202,
      "usertime": 274859
     },
     "172836103016": {
      "maxRSS": 43356,
      "systemtime": 8202,
      "usertime": 274872
     },
     "172836104085": {
      "maxRSS": 43484,
      "systemtime": 8202,
      "usertime": 278882
     },
     "172836105165": {
      "maxRSS": 43612,
      "systemtime": 8202,
      "usertime": 278904
     },
     "172836106251": {
      "maxRSS": 43740,
      "systemtime": 8202,
      "usertime": 278920
     },
     "172836107347": {
      "maxRSS": 43868,
      "systemtime": 8202,
      "usertime": 278942
     },
     "172836108427": {
      "maxRSS": 43996,
      "systemtime": 8202,
      "usertime": 282966
     },
     "172836109505": {
      "maxRSS": 44124,
      "systemtime": 8202,
      "usertime": 282983
     },
     "172836110582": {
      "maxRSS": 44252,
      "systemtime": 8202,
      "usertime": 282999
     },
     "172836111674": {
      "maxRSS": 44380,
      "systemtime": 8202,
      "usertime": 283028
     },
     "172836112755": {
      "maxRSS": 44508,
      "systemtime": 8202,
      "usertime": 287041
     },
     "172836113832": {
      "maxRSS": 44636,
      "systemtime": 8202,
      "usertime": 287055
     },
     "172836114902": {
      "maxRSS": 44764,
      "systemtime": 8202,
      "usertime": 287068
     },
     "172836115989": {
      "maxRSS": 44892,
      "systemtime": 8202,
      "usertime": 287080
     },
     "172836117080": {
      "maxRSS": 45020,
      "systemtime": 8202,
      "usertime": 291683
     },
     "172836118160": {
      "maxRSS": 45276,
      "systemtime": 8202,
      "usertime": 291698
     },
     "172836119244": {
      "maxRSS": 45404,
      "systemtime": 8202,
      "usertime": 291723
     },
     "172836120314": {
      "maxRSS": 45532,
      "systemtime": 8202,
      "usertime": 295137
     },
     "172836121396": {
      "maxRSS": 45660,
      "systemtime": 8202,
      "usertime": 295153
     },
     "172836122493": {
      "maxRSS": 45788,
      "systemtime": 8202,
      "usertime": 295175
     },
     "172836123580": {
      "maxRSS": 45916,
      "systemtime": 8202,
      "usertime": 295197
     },
     "172836124661": {
      "maxRSS": 46044,
      "systemtime": 8202,
      "usertime": 299214
     },
     "172836125787": {
      "maxRSS": 46172,
      "systemtime": 8202,
      "usertime": 299243
     },
     "172836126538": {
      "maxRSS": 46172,
      "systemtime": 8202,
      "usertime": 301751
     },
     "172836126706": {
      "maxRSS": 46172,
      "systemtime": 8202,
      "usertime": 301954
     },
     "172836127815": {
      "maxRSS": 46556,
      "systemtime": 8202,
      "usertime": 301968
     },
     "172836128916": {
      "maxRSS": 46812,
      "systemtime": 8202,
      "usertime": 303319
     },
     "172836129981": {
      "maxRSS": 47068,
      "systemtime": 8202,
      "usertime": 303326
     },
     "172836131059": {
      "maxRSS": 47324,
      "systemtime": 8202,
      "usertime": 303347
     },
     "172836132132": {
      "maxRSS": 47580,
      "systemtime": 8202,
      "usertime": 307343
     },
     "172836133219": {
      "maxRSS": 47964,
      "systemtime": 8202,
      "usertime": 307370
     },
     "172836134339": {
      "maxRSS": 48220,
      "systemtime": 8202,
      "usertime": 307395
     },
     "172836135444": {
      "maxRSS": 48476,
      "systemtime": 8202,
      "usertime": 307408
     },
     "172836136515": {
      "maxRSS": 48732,
      "systemtime": 8202,
      "usertime": 311421
     },
     "172836137606": {
      "maxRSS": 49116,
      "systemtime": 8202,
      "usertime": 311445
     },
     "172836138681": {
      "maxRSS": 49372,
      "systemtime": 8202,
      "usertime": 311462
     },
     "172836139746": {
      "maxRSS": 49628,
      "systemtime": 8202,
      "usertime": 311470
     },
     "172836140817": {
      "maxRSS": 49884,
      "systemtime": 8202,
      "usertime": 315479
     },
     "172836141897": {
      "maxRSS": 50268,
      "systemtime": 8202,
      "usertime": 315494
     },
     "172836142969": {
      "maxRSS": 50524,
      "systemtime": 8202,
      "usertime": 315507
     },
     "172836144016": {
      "maxRSS": 50780,
      "systemtime": 8202,
      "usertime": 319516
     },
     "172836145096": {
      "maxRSS": 51036,
      "systemtime": 8202,
      "usertime": 319537
     },
     "172836146163": {
      "maxRSS": 51292,
      "systemtime": 8202,
      "usertime": 319547
     },
     "172836147273": {
      "maxRSS": 51676,
      "systemtime": 8202,
      "usertime": 319560
     },
     "172836148342": {
      "maxRSS": 51932,
      "systemtime": 8202,
      "usertime": 323568
     },
     "172836149457": {
      "maxRSS": 52188,
      "systemtime": 8202,
      "usertime": 323585
     },
     "172836150555": {
      "maxRSS": 52444,
      "systemtime": 8202,
      "usertime": 323593
     },
     "172836151663": {
      "maxRSS": 52828,
      "systemtime": 8202,
      "usertime": 323610
     },
     "172836152751": {
      "maxRSS": 53084,
      "systemtime": 8202,
      "usertime": 327628
     },
     "172836153832": {
      "maxRSS": 53340,
      "systemtime": 8202,
      "usertime": 327647
     },
     "172836154911": {
      "maxRSS": 53596,
      "systemtime": 8202,
      "usertime": 327662
     },
     "172836156026": {
      "maxRSS": 53852,
      "systemtime": 8202,
      "usertime": 331711
     },
     "172836157206": {
      "maxRSS": 54236,
      "systemtime": 8202,
      "usertime": 331728
     },
     "172836158341": {
      "maxRSS": 54492,
      "systemtime": 8202,
      "usertime": 331765
     },
     "172836159433": {
      "maxRSS": 54620,
      "systemtime": 8202,
      "usertime": 335145
     },
     "172836160561": {
      "maxRSS": 54620,
      "systemtime": 8202,
      "usertime": 335779
     },
     "172836161627": {
      "maxRSS": 54620,
      "systemtime": 8202,
      "usertime": 335788
     },
     "172836162738": {
      "maxRSS": 54620,
      "systemtime": 8202,
      "usertime": 335809
     },
     "172836163848": {
      "maxRSS": 54620,
      "systemtime": 8202,
      "usertime": 335825
     },
     "172836164981": {
      "maxRSS": 54620,
      "systemtime": 8202,
      "usertime": 339871
     },
     "172836166071": {
      "maxRSS": 54620,
      "systemtime": 8202,
      "usertime": 339887
     },
     "172836167171": {
      "maxRSS": 54620,
      "systemtime": 8202,
      "usertime": 339906
     },
     "172836168254": {
      "maxRSS": 54620,
      "systemtime": 8202,
      "usertime": 343926
     },
     "172836169336": {
      "maxRSS": 54620,
      "systemtime": 8202,
      "usertime": 343941
     },
     "172836170428": {
      "maxRSS": 54620,
      "systemtime": 8202,
      "usertime": 343975
     },
     "172836171503": {
      "maxRSS": 54620,
      "systemtime": 8202,
      "usertime": 343987
     },
     "172836172605": {
      "maxRSS": 54620,
      "systemtime": 8202,
      "usertime": 348023
     },
     "172836173715": {
      "maxRSS": 54620,
      "systemtime": 8202,
      "usertime": 348045
     },
     "172836174800": {
      "maxRSS": 54620,
      "systemtime": 8202,
      "usertime": 348060
     },
     "172836175872": {
      "maxRSS": 54620,
      "systemtime": 8202,
      "usertime": 348073
     },
     "172836176975": {
      "maxRSS": 54620,
      "systemtime": 8202,
      "usertime": 352077
     },
     "172836178072": {
      "maxRSS": 54620,
      "systemtime": 8202,
      "usertime": 352096
     },
     "172836179186": {
      "maxRSS": 54620,
      "systemtime": 8202,
      "usertime": 352131
     },
     "172836180278": {
      "maxRSS": 54620,
      "systemtime": 8202,
      "usertime": 356165
     },
     "172836181380": {
      "maxRSS": 54620,
      "systemtime": 8202,
      "usertime": 356190
     },
     "172836182478": {
      "maxRSS": 54620,
      "systemtime": 8202,
      "usertime": 356216
     },
     "172836183610": {
      "maxRSS": 54620,
      "systemtime": 8202,
      "usertime": 356246
     },
     "172836184697": {
      "maxRSS": 54620,
      "systemtime": 8202,
      "usertime": 360266
     },
     "172836185820": {
      "maxRSS": 54620,
      "systemtime": 8202,
      "usertime": 360316
     },
     "172836186928": {
      "maxRSS": 54620,
      "systemtime": 8202,
      "usertime": 360337
     },
     "172836188026": {
      "maxRSS": 54620,
      "systemtime": 8202,
      "usertime": 364378
     },
     "172836189139": {
      "maxRSS": 54620,
      "systemtime": 8202,
      "usertime": 364392
     },
     "172836190239": {
      "maxRSS": 54620,
      "systemtime": 8202,
      "usertime": 364402
     },
     "172836191319": {
      "maxRSS": 54620,
      "systemtime": 8202,
      "usertime": 364415
     },
     "172836192423": {
      "maxRSS": 54620,
      "systemtime": 8202,
      "usertime": 368450
     },
     "172836193496": {
      "maxRSS": 54620,
      "systemtime": 8202,
      "usertime": 368463
     },
     "172836194570": {
      "maxRSS": 54748,
      "systemtime": 8202,
      "usertime": 368476
     },
     "172836195637": {
      "maxRSS": 54876,
      "systemtime": 8202,
      "usertime": 368485
     },
     "172836196719": {
      "maxRSS": 55132,
      "systemtime": 8202,
      "usertime": 372494
     },
     "172836197795": {
      "maxRSS": 55260,
      "systemtime": 8202,
      "usertime": 372508
     },
     "172836198863": {
      "maxRSS": 55388,
      "systemtime": 8202,
      "usertime": 372518
     },
     "172836199958": {
      "maxRSS": 55516,
      "systemtime": 8202,
      "usertime": 372544
     },
     "172836201036": {
      "maxRSS": 55644,
      "systemtime": 8202,
      "usertime": 376558
     },
     "172836202108": {
      "maxRSS": 55772,
      "systemtime": 8202,
      "usertime": 376571
     },
     "172836203188": {
      "maxRSS": 56028,
      "systemtime": 8202,
      "usertime": 376586
     },
     "172836204267": {
      "maxRSS": 56156,
      "systemtime": 8202,
      "usertime": 380608
     },
     "172836205340": {
      "maxRSS": 56284,
      "systemtime": 8202,
      "usertime": 380621
     },
     "172836206456": {
      "maxRSS": 56412,
      "systemtime": 8202,
      "usertime": 380675
     },
     "172836207529": {
      "maxRSS": 56540,
      "systemtime": 8202,
      "usertime": 380689
     },
     "172836208659": {
      "maxRSS": 56668,
      "systemtime": 8202,
      "usertime": 384727
     },
     "172836209763": {
      "maxRSS": 56796,
      "systemtime": 8202,
      "usertime": 384744
     },
     "172836210841": {
      "maxRSS": 57052,
      "systemtime": 8202,
      "usertime": 384759
     },
     "172836211920": {
      "maxRSS": 57180,
      "systemtime": 8202,
      "usertime": 384775
     },
     "172836213041": {
      "maxRSS": 57308,
      "systemtime": 8202,
      "usertime": 388791
     },
     "172836214131": {
      "maxRSS": 57436,
      "systemtime": 8202,
      "usertime": 388804
     },
     "172836215207": {
      "maxRSS": 57564,
      "systemtime": 8202,
      "usertime": 388819
     },
     "172836216291": {
      "maxRSS": 57692,
      "systemtime": 8202,
      "usertime": 392842
     },
     "172836217393": {
      "maxRSS": 57948,
      "systemtime": 8202,
      "usertime": 392868
     },
     "172836218484": {
      "maxRSS": 57948,
      "systemtime": 8202,
      "usertime": 392895
     },
     "172836219586": {
      "maxRSS": 58076,
      "systemtime": 8202,
      "usertime": 392938
     },
     "172836220678": {
      "maxRSS": 58204,
      "systemtime": 8202,
      "usertime": 396964
     },
     "172836221756": {
      "maxRSS": 58332,
      "systemtime": 8202,
      "usertime": 396981
     },
     "172836222827": {
      "maxRSS": 58588,
      "systemtime": 8202,
      "usertime": 396994
     },
     "172836223912": {
      "maxRSS": 58716,
      "systemtime": 8202,
      "usertime": 397009
     },
     "172836225017": {
      "maxRSS": 58844,
      "systemtime": 8202,
      "usertime": 401031
     },
     "172836226108": {
      "maxRSS": 58972,
      "systemtime": 8202,
      "usertime": 401054
     },
     "172836227241": {
      "maxRSS": 59100,
      "systemtime": 8202,
      "usertime": 401110
     },
     "172836229969": {
      "maxRSS": 59100,
      "systemtime": 8202,
      "usertime": 406782
     },
     "172836231207": {
      "maxRSS": 59228,
      "systemtime": 8202,
      "usertime": 406884
     },
     "172836232599": {
      "maxRSS": 59356,
      "systemtime": 8202,
      "usertime": 409324
     },
     "172836233791": {
      "maxRSS": 59484,
      "systemtime": 8202,
      "usertime": 409404
     },
     "172836234974": {
      "maxRSS": 59612,
      "systemtime": 8202,
      "usertime": 409439
     },
     "172836236085": {
      "maxRSS": 59612,
      "systemtime": 12165,
      "usertime": 409569
     },
     "172836237166": {
      "maxRSS": 59740,
      "systemtime": 12166,
      "usertime": 409588
     },
     "172836238270": {
      "maxRSS": 59868,
      "systemtime": 12167,
      "usertime": 409629
     },
     "172836239365": {
      "maxRSS": 59996,
      "systemtime": 12167,
      "usertime": 409653
     },
     "172836240530": {
      "maxRSS": 60124,
      "systemtime": 12173,
      "usertime": 413891
     },
     "172836241535": {
      "maxRSS": 60124,
      "systemtime": 12211,
      "usertime": 415184
     },
     "172836241993": {
      "maxRSS": 60124,
      "systemtime": 12225,
      "usertime": 415675
     },
     "172836243259": {
      "maxRSS": 60380,
      "systemtime": 12227,
      "usertime": 415742
     },
     "172836244362": {
      "maxRSS": 60636,
      "systemtime": 12227,
      "usertime": 417850
     },
     "172836245488": {
      "maxRSS": 60892,
      "systemtime": 12227,
      "usertime": 417878
     },
     "172836246586": {
      "maxRSS": 61148,
      "systemtime": 12227,
      "usertime": 417899
     },
     "172836247681": {
      "maxRSS": 61404,
      "systemtime": 12227,
      "usertime": 417919
     },
     "172836248792": {
      "maxRSS": 61660,
      "systemtime": 12227,
      "usertime": 421956
     },
     "172836249905": {
      "maxRSS": 61916,
      "systemtime": 12227,
      "usertime": 421988
     },
     "172836251057": {
      "maxRSS": 62172,
      "systemtime": 12227,
      "usertime": 422026
     },
     "172836252151": {
      "maxRSS": 62428,
      "systemtime": 12227,
      "usertime": 426056
     },
     "172836253241": {
      "maxRSS": 62684,
      "systemtime": 12227,
      "usertime": 426079
     },
     "172836254326": {
      "maxRSS": 62940,
      "systemtime": 12227,
      "usertime": 426125
     },
     "172836255434": {
      "maxRSS": 63324,
      "systemtime": 12227,
      "usertime": 426145
     },
     "172836256542": {
      "maxRSS": 63580,
      "systemtime": 12227,
      "usertime": 430205
     },
     "172836257659": {
      "maxRSS": 63836,
      "systemtime": 12227,
      "usertime": 430254
     },
     "172836258752": {
      "maxRSS": 64092,
      "systemtime": 12227,
      "usertime": 430278
     },
     "172836259857": {
      "maxRSS": 64348,
      "systemtime": 12227,
      "usertime": 430305
     },
     "172836260966": {
      "maxRSS": 64604,
      "systemtime": 12227,
      "usertime": 434350
     },
     "172836262072": {
      "maxRSS": 64860,
      "systemtime": 12227,
      "usertime": 434378
     },
     "172836263213": {
      "maxRSS": 65116,
      "systemtime": 12227,
      "usertime": 434439
     },
     "172836264309": {
      "maxRSS": 65244,
      "systemtime": 12227,
      "usertime": 438462
     },
     "172836265430": {
      "maxRSS": 65500,
      "systemtime": 12227,
      "usertime": 438490
     },
     "172836266528": {
      "maxRSS": 65756,
      "systemtime": 12227,
      "usertime": 438515
     },
     "172836267643": {
      "maxRSS": 65884,
      "systemtime": 12227,
      "usertime": 438547
     },
     "172836268814": {
      "maxRSS": 66140,
      "systemtime": 12227,
      "usertime": 442579
     },
     "172836269944": {
      "maxRSS": 66396,
      "systemtime": 12227,
      "usertime": 442615
     },
     "172836271050": {
      "maxRSS": 66652,
      "systemtime": 12227,
      "usertime": 442626
     },
     "172836272159": {
      "maxRSS": 66908,
      "systemtime": 12227,
      "usertime": 446663
     },
     "172836273252": {
      "maxRSS": 67164,
      "systemtime": 12227,
      "usertime": 446688
     },
     "172836274334": {
      "maxRSS": 67420,
      "systemtime": 12227,
      "usertime": 446708
     },
     "172836275510": {
      "maxRSS": 67676,
      "systemtime": 12227,
      "usertime": 446772
     },
     "172836276623": {
      "maxRSS": 67932,
      "systemtime": 12227,
      "usertime": 450822
     },
     "172836277722": {
      "maxRSS": 68188,
      "systemtime": 12227,
      "usertime": 450844
     },
     "172836278814": {
      "maxRSS": 68572,
      "systemtime": 12227,
      "usertime": 450865
     },
     "172836279917": {
      "maxRSS": 68828,
      "systemtime": 12227,
      "usertime": 450893
     },
     "172836280998": {
      "maxRSS": 69084,
      "systemtime": 12227,
      "usertime": 454913
     },
     "172836282080": {
      "maxRSS": 69340,
      "systemtime": 12227,
      "usertime": 454929
     },
     "172836283162": {
      "maxRSS": 69596,
      "systemtime": 12227,
      "usertime": 454948
     },
     "172836284281": {
      "maxRSS": 69852,
      "systemtime": 12227,
      "usertime": 458996
     },
     "172836285393": {
      "maxRSS": 70108,
      "systemtime": 12227,
      "usertime": 459025
     },
     "172836286516": {
      "maxRSS": 70364,
      "systemtime": 12227,
      "usertime": 459058
     },
     "172836287606": {
      "maxRSS": 70620,
      "systemtime": 12227,
      "usertime": 459080
     },
     "172836288697": {
      "maxRSS": 70876,
      "systemtime": 12227,
      "usertime": 463101
     },
     "172836289786": {
      "maxRSS": 71132,
      "systemtime": 12227,
      "usertime": 463123
     },
     "172836290914": {
      "maxRSS": 71516,
      "systemtime": 12227,
      "usertime": 463190
     },
     "172836292026": {
      "maxRSS": 71772,
      "systemtime": 12227,
      "usertime": 467225
     },
     "172836293112": {
      "maxRSS": 72028,
      "systemtime": 12227,
      "usertime": 467249
     },
     "172836294195": {
      "maxRSS": 72284,
      "systemtime": 12227,
      "usertime": 467266
     },
     "172836295266": {
      "maxRSS": 72412,
      "systemtime": 12227,
      "usertime": 467278
     },
     "172836296193": {
      "maxRSS": 72412,
      "systemtime": 12286,
      "usertime": 471405
     },
     "172836297297": {
      "maxRSS": 72412,
      "systemtime": 12286,
      "usertime": 471450
     },
     "172836298364": {
      "maxRSS": 72412,
      "systemtime": 12286,
      "usertime": 471459
     },
     "172836299479": {
      "maxRSS": 72412,
      "systemtime": 12286,
      "usertime": 471473
     },
     "172836300567": {
      "maxRSS": 72412,
      "systemtime": 12286,
      "usertime": 475316
     },
     "172836301675": {
      "maxRSS": 72412,
      "systemtime": 12286,
      "usertime": 475351
     },
     "172836302751": {
      "maxRSS": 72412,
      "systemtime": 12286,
      "usertime": 475365
     },
     "172836303885": {
      "maxRSS": 72412,
      "systemtime": 12286,
      "usertime": 475405
     },
     "172836304962": {
      "maxRSS": 72412,
      "systemtime": 12286,
      "usertime": 479420
     },
     "172836306072": {
      "maxRSS": 72412,
      "systemtime": 12286,
      "usertime": 479439
     },
     "172836307162": {
      "maxRSS": 72412,
      "systemtime": 12286,
      "usertime": 479453
     },
     "172836308243": {
      "maxRSS": 72412,
      "systemtime": 12286,
      "usertime": 483477
     },
     "172836309373": {
      "maxRSS": 72412,
      "systemtime": 12286,
      "usertime": 483495
     },
     "172836310463": {
      "maxRSS": 72412,
      "systemtime": 12286,
      "usertime": 483515
     },
     "172836311562": {
      "maxRSS": 72412,
      "systemtime": 12286,
      "usertime": 483550
     },
     "172836312651": {
      "maxRSS": 72412,
      "systemtime": 12286,
      "usertime": 487554
     },
     "172836313720": {
      "maxRSS": 72412,
      "systemtime": 12286,
      "usertime": 487565
     },
     "172836314788": {
      "maxRSS": 72412,
      "systemtime": 12286,
      "usertime": 487573
     },
     "172836315853": {
      "maxRSS": 72412,
      "systemtime": 12286,
      "usertime": 487580
     },
     "172836316955": {
      "maxRSS": 72412,
      "systemtime": 12286,
      "usertime": 491589
     },
     "172836318051": {
      "maxRSS": 72412,
      "systemtime": 12286,
      "usertime": 491619
     },
     "172836319157": {
      "maxRSS": 72412,
      "systemtime": 12286,
      "usertime": 491635
     },
     "172836320228": {
      "maxRSS": 72412,
      "systemtime": 12286,
      "usertime": 495646
     },
     "172836321329": {
      "maxRSS": 72412,
      "systemtime": 12286,
      "usertime": 495657
     },
     "172836322443": {
      "maxRSS": 72412,
      "systemtime": 12286,
      "usertime": 495669
     },
     "172836323567": {
      "maxRSS": 72412,
      "systemtime": 12286,
      "usertime": 495700
     },
     "172836324672": {
      "maxRSS": 72412,
      "systemtime": 12286,
      "usertime": 499735
     },
     "172836325807": {
      "maxRSS": 72412,
      "systemtime": 12286,
      "usertime": 499759
     },
     "172836326987": {
      "maxRSS": 72412,
      "systemtime": 12286,
      "usertime": 499779
     },
     "172836328039": {
      "maxRSS": 72412,
      "systemtime": 12286,
      "usertime": 503801
     },
     "172836329145": {
      "maxRSS": 72412,
      "systemtime": 12286,
      "usertime": 503815
     },
     "172836330251": {
      "maxRSS": 72412,
      "systemtime": 12286,
      "usertime": 503825
     },
     "172836331338": {
      "maxRSS": 72412,
      "systemtime": 12286,
      "usertime": 503854
     },
     "172836332410": {
      "maxRSS": 72412,
      "systemtime": 12286,
      "usertime": 507861
     },
     "172836333486": {
      "maxRSS": 72412,
      "systemtime": 12286,
      "usertime": 507875
     },
     "172836334556": {
      "maxRSS": 72412,
      "systemtime": 12286,
      "usertime": 507887
     },
     "172836335625": {
      "maxRSS": 72412,
      "systemtime": 12286,
      "usertime": 507896
     },
     "172836336730": {
      "maxRSS": 72412,
      "systemtime": 12286,
      "usertime": 511907
     },
     "172836337831": {
      "maxRSS": 72412,
      "systemtime": 12286,
      "usertime": 511917
     },
     "172836338951": {
      "maxRSS": 72412,
      "systemtime": 12286,
      "usertime": 511942
     },
     "172836340016": {
      "maxRSS": 72412,
      "systemtime": 12286,
      "usertime": 515947
     },
     "172836341090": {
      "maxRSS": 72412,
      "systemtime": 12286,
      "usertime": 515960
     },
     "172836342171": {
      "maxRSS": 72412,
      "systemtime": 12286,
      "usertime": 515979
     },
     "172836343268": {
      "maxRSS": 72540,
      "systemtime": 12286,
      "usertime": 515999
     },
     "172836344342": {
      "maxRSS": 72668,
      "systemtime": 12286,
      "usertime": 520029
     },
     "172836345466": {
      "maxRSS": 72796,
      "systemtime": 12286,
      "usertime": 520069
     },
     "172836346565": {
      "maxRSS": 73052,
      "systemtime": 12286,
      "usertime": 520076
     },
     "172836347665": {
      "maxRSS": 73180,
      "systemtime": 12286,
      "usertime": 520083
     },
     "172836348770": {
      "maxRSS": 73308,
      "systemtime": 12286,
      "usertime": 524092
     },
     "172836349845": {
      "maxRSS": 73436,
      "systemtime": 12286,
      "usertime": 524104
     },
     "172836350956": {
      "maxRSS": 73564,
      "systemtime": 12286,
      "usertime": 524117
     },
     "172836352060": {
      "maxRSS": 73820,
      "systemtime": 12286,
      "usertime": 528117
     },
     "172836353158": {
      "maxRSS": 73948,
      "systemtime": 12286,
      "usertime": 528124
     },
     "172836354260": {
      "maxRSS": 74076,
      "systemtime": 12286,
      "usertime": 528134
     },
     "172836355369": {
      "maxRSS": 74204,
      "systemtime": 12286,
      "usertime": 528149
     },
     "172836356469": {
      "maxRSS": 74332,
      "systemtime": 12286,
      "usertime": 532156
     },
     "172836357571": {
      "maxRSS": 74588,
      "systemtime": 12286,
      "usertime": 532165
     },
     "172836358656": {
      "maxRSS": 74716,
      "systemtime": 12286,
      "usertime": 532189
     },
     "172836359730": {
      "maxRSS": 74716,
      "systemtime": 12286,
      "usertime": 532204
     },
     "172836360809": {
      "maxRSS": 74844,
      "systemtime": 12286,
      "usertime": 536216
     },
     "172836361875": {
      "maxRSS": 74972,
      "systemtime": 12286,
      "usertime": 536224
     },
     "172836362976": {
      "maxRSS": 75100,
      "systemtime": 12286,
      "usertime": 536232
     },
     "172836364046": {
      "maxRSS": 75356,
      "systemtime": 12286,
      "usertime": 540238
     },
     "172836365122": {
      "maxRSS": 75484,
      "systemtime": 12286,
      "usertime": 540250
     },
     "172836366247": {
      "maxRSS": 75612,
      "systemtime": 12286,
      "usertime": 540288
     },
     "172836367335": {
      "maxRSS": 75740,
      "systemtime": 12286,
      "usertime": 540309
     },
     "172836368445": {
      "maxRSS": 75868,
      "systemtime": 12286,
      "usertime": 544328
     },
     "172836369596": {
      "maxRSS": 75868,
      "systemtime": 12286,
      "usertime": 544346
     },
     "172836370714": {
      "maxRSS": 75996,
      "systemtime": 12286,
      "usertime": 544364
     },
     "172836371826": {
      "maxRSS": 76252,
      "systemtime": 12286,
      "usertime": 544386
     },
     "172836372974": {
      "maxRSS": 76380,
      "systemtime": 12286,
      "usertime": 548435
     },
     "172836374099": {
      "maxRSS": 76508,
      "systemtime": 12286,
      "usertime": 548469
     },
     "172836375180": {
      "maxRSS": 76636,
      "systemtime": 12286,
      "usertime": 548485
     },
     "172836376254": {
      "maxRSS": 76764,
      "systemtime": 12286,
      "usertime": 552481
     },
     "172836377321": {
      "maxRSS": 77020,
      "systemtime": 12286,
      "usertime": 552491
     },
     "172836378426": {
      "maxRSS": 77148,
      "systemtime": 12286,
      "usertime": 552503
     },
     "172836379540": {
      "maxRSS": 77276,
      "systemtime": 12286,
      "usertime": 552527
     },
     "172836380641": {
      "maxRSS": 77404,
      "systemtime": 12286,
      "usertime": 556534
     },
     "172836381706": {
      "maxRSS": 77660,
      "systemtime": 12286,
      "usertime": 556541
     },
     "172836382791": {
      "maxRSS": 77788,
      "systemtime": 12286,
      "usertime": 556557
     },
     "172836383891": {
      "maxRSS": 77916,
      "systemtime": 12286,
      "usertime": 556582
     },
     "172836384990": {
      "maxRSS": 78044,
      "systemtime": 12286,
      "usertime": 560607
     },
     "172836386093": {
      "maxRSS": 78172,
      "systemtime": 12286,
      "usertime": 560639
     },
     "172836387184": {
      "maxRSS": 78300,
      "systemtime": 12286,
      "usertime": 560656
     },
     "172836388258": {
      "maxRSS": 78556,
      "systemtime": 12286,
      "usertime": 564665
     },
     "172836389365": {
      "maxRSS": 78684,
      "systemtime": 12286,
      "usertime": 564682
     },
     "172836390450": {
      "maxRSS": 78812,
      "systemtime": 12286,
      "usertime": 564696
     },
     "172836391535": {
      "maxRSS": 78940,
      "systemtime": 12286,
      "usertime": 564710
     },
     "172836392628": {
      "maxRSS": 79068,
      "systemtime": 12286,
      "usertime": 568737
     },
     "172836393713": {
      "maxRSS": 79196,
      "systemtime": 12286,
      "usertime": 568758
     },
     "172836394830": {
      "maxRSS": 79452,
      "systemtime": 12286,
      "usertime": 568775
     },
     "172836395915": {
      "maxRSS": 79580,
      "systemtime": 12286,
      "usertime": 568788
     },
     "172836396987": {
      "maxRSS": 79708,
      "systemtime": 12286,
      "usertime": 572799
     },
     "172836398064": {
      "maxRSS": 79836,
      "systemtime": 12286,
      "usertime": 572810
     },
     "172836399141": {
      "maxRSS": 80092,
      "systemtime": 12286,
      "usertime": 572820
     },
     "172836400232": {
      "maxRSS": 80220,
      "systemtime": 12286,
      "usertime": 576856
     },
     "172836401312": {
      "maxRSS": 80348,
      "systemtime": 12286,
      "usertime": 576872
     },
     "172836402394": {
      "maxRSS": 80476,
      "systemtime": 12286,
      "usertime": 576886
     },
     "172836403465": {
      "maxRSS": 80604,
      "systemtime": 12286,
      "usertime": 576898
     },
     "172836404541": {
      "maxRSS": 80860,
      "systemtime": 12286,
      "usertime": 580896
     },
     "172836405610": {
      "maxRSS": 80988,
      "systemtime": 12286,
      "usertime": 580907
     },
     "172836406729": {
      "maxRSS": 80988,
      "systemtime": 12286,
      "usertime": 583647
     },
     "172836407219": {
      "maxRSS": 80988,
      "systemtime": 12286,
      "usertime": 584102
     },
     "172836408294": {
      "maxRSS": 81244,
      "systemtime": 12286,
      "usertime": 584966
     },
     "172836409404": {
      "maxRSS": 81500,
      "systemtime": 12286,
      "usertime": 584983
     },
     "172836410513": {
      "maxRSS": 81884,
      "systemtime": 12286,
      "usertime": 585000
     },
     "172836411579": {
      "maxRSS": 82140,
      "systemtime": 12286,
      "usertime": 585008
     },
     "172836412715": {
      "maxRSS": 82396,
      "systemtime": 12286,
      "usertime": 589073
     },
     "172836413826": {
      "maxRSS": 82780,
      "systemtime": 12286,
      "usertime": 589096
     },
     "172836414927": {
      "maxRSS": 83036,
      "systemtime": 12286,
      "usertime": 589105
     },
     "172836416031": {
      "maxRSS": 83292,
      "systemtime": 12286,
      "usertime": 593111
     },
     "172836417118": {
      "maxRSS": 83548,
      "systemtime": 12286,
      "usertime": 593121
     },
     "172836418190": {
      "maxRSS": 83932,
      "systemtime": 12286,
      "usertime": 593134
     },
     "172836419308": {
      "maxRSS": 84188,
      "systemtime": 12286,
      "usertime": 593159
     },
     "172836420392": {
      "maxRSS": 84444,
      "systemtime": 12286,
      "usertime": 597190
     },
     "172836421493": {
      "maxRSS": 84700,
      "systemtime": 12286,
      "usertime": 597204
     },
     "172836422584": {
      "maxRSS": 85084,
      "systemtime": 12286,
      "usertime": 597234
     },
     "172836423692": {
      "maxRSS": 85340,
      "systemtime": 12286,
      "usertime": 597245
     },
     "172836424772": {
      "maxRSS": 85596,
      "systemtime": 12286,
      "usertime": 601315
     },
     "172836425853": {
      "maxRSS": 85852,
      "systemtime": 12286,
      "usertime": 601331
     },
     "172836426973": {
      "maxRSS": 86108,
      "systemtime": 12286,
      "usertime": 601358
     },
     "172836428076": {
      "maxRSS": 86492,
      "systemtime": 12286,
      "usertime": 605312
     },
     "172836429191": {
      "maxRSS": 86748,
      "systemtime": 12286,
      "usertime": 605329
     },
     "172836430268": {
      "maxRSS": 87004,
      "systemtime": 12286,
      "usertime": 605343
     },
     "172836431372": {
      "maxRSS": 87260,
      "systemtime": 12286,
      "usertime": 605353
     },
     "172836432481": {
      "maxRSS": 87516,
      "systemtime": 12286,
      "usertime": 609372
     },
     "172836433591": {
      "maxRSS": 87900,
      "systemtime": 12286,
      "usertime": 609417
     },
     "172836434667": {
      "maxRSS": 88156,
      "systemtime": 12286,
      "usertime": 609431
     },
     "172836435739": {
      "maxRSS": 88412,
      "systemtime": 12286,
      "usertime": 609443
     },
     "172836436815": {
      "maxRSS": 88668,
      "systemtime": 12286,
      "usertime": 613454
     },
     "172836437883": {
      "maxRSS": 88924,
      "systemtime": 12286,
      "usertime": 613464
     },
     "172836438961": {
      "maxRSS": 89180,
      "systemtime": 12286,
      "usertime": 613477
     },
     "172836440056": {
      "maxRSS": 89436,
      "systemtime": 12286,
      "usertime": 617524
     },
     "172836441135": {
      "maxRSS": 89820,
      "systemtime": 12286,
      "usertime": 617540
     },
     "172836442306": {
      "maxRSS": 90076,
      "systemtime": 12286,
      "usertime": 617613
     },
     "172836443450": {
      "maxRSS": 90332,
      "systemtime": 12286,
      "usertime": 617630
     },
     "172836444566": {
      "maxRSS": 90588,
      "systemtime": 12286,
      "usertime": 621641
     },
     "172836445651": {
      "maxRSS": 90844,
      "systemtime": 12286,
      "usertime": 621654
     },
     "172836446731": {
      "maxRSS": 91100,
      "systemtime": 12286,
      "usertime": 621678
     },
     "172836447801": {
      "maxRSS": 91484,
      "systemtime": 12286,
      "usertime": 621689
     },
     "172836448870": {
      "maxRSS": 91740,
      "systemtime": 12286,
      "usertime": 625697
     },
     "172836449947": {
      "maxRSS": 91996,
      "systemtime": 12286,
      "usertime": 625711
     },
     "172836451032": {
      "maxRSS": 92252,
      "systemtime": 12286,
      "usertime": 625730
     },
     "172836452117": {
      "maxRSS": 92508,
      "systemtime": 12286,
      "usertime": 629751
     },
     "172836453229": {
      "maxRSS": 92764,
      "systemtime": 12286,
      "usertime": 629766
     },
     "172836454328": {
      "maxRSS": 93020,
      "systemtime": 12286,
      "usertime": 629798
     },
     "172836455410": {
      "maxRSS": 93276,
      "systemtime": 12286,
      "usertime": 629814
     },
     "172836456482": {
      "maxRSS": 93532,
      "systemtime": 12286,
      "usertime": 633825
     },
     "172836457558": {
      "maxRSS": 93788,
      "systemtime": 12286,
      "usertime": 633838
     },
     "172836458643": {
      "maxRSS": 94044,
      "systemtime": 12286,
      "usertime": 633857
     },
     "172836459739": {
      "maxRSS": 94300,
      "systemtime": 12286,
      "usertime": 633872
     },
     "172836460847": {
      "maxRSS": 94556,
      "systemtime": 12286,
      "usertime": 637920
     },
     "172836461924": {
      "maxRSS": 94812,
      "systemtime": 12286,
      "usertime": 637932
     },
     "172836463009": {
      "maxRSS": 95196,
      "systemtime": 12286,
      "usertime": 637945
     },
     "172836464114": {
      "maxRSS": 95452,
      "systemtime": 12286,
      "usertime": 641972
     },
     "172836465196": {
      "maxRSS": 95708,
      "systemtime": 12286,
      "usertime": 641984
     },
     "172836466292": {
      "maxRSS": 95964,
      "systemtime": 12286,
      "usertime": 642017
     },
     "172836467387": {
      "maxRSS": 96220,
      "systemtime": 12286,
      "usertime": 642043
     },
     "172836468473": {
      "maxRSS": 96476,
      "systemtime": 12286,
      "usertime": 646070
     },
     "172836469545": {
      "maxRSS": 96732,
      "systemtime": 12286,
      "usertime": 646081
     },
     "172836470627": {
      "maxRSS": 97116,
      "systemtime": 12286,
      "usertime": 646091
     },
     "172836471742": {
      "maxRSS": 97372,
      "systemtime": 12286,
      "usertime": 646104
     },
     "172836472857": {
      "maxRSS": 97628,
      "systemtime": 12286,
      "usertime": 650106
     },
     "172836473947": {
      "maxRSS": 97884,
      "systemtime": 12286,
      "usertime": 650131
     },
     "172836475027": {
      "maxRSS": 98140,
      "systemtime": 12286,
      "usertime": 650147
     },
     "172836476101": {
      "maxRSS": 98524,
      "systemtime": 16254,
      "usertime": 650195
     },
     "172836477185": {
      "maxRSS": 98780,
      "systemtime": 16255,
      "usertime": 650208
     },
     "172836478255": {
      "maxRSS": 98908,
      "systemtime": 16255,
      "usertime": 650219
     },
     "172836479337": {
      "maxRSS": 98908,
      "systemtime": 16333,
      "usertime": 653332
     },
     "172836479721": {
      "maxRSS": 98908,
      "systemtime": 16346,
      "usertime": 653840
     },
     "172836480804": {
      "maxRSS": 99036,
      "systemtime": 16346,
      "usertime": 654172
     },
     "172836481879": {
      "maxRSS": 99036,
      "systemtime": 16346,
      "usertime": 654183
     },
     "172836482998": {
      "maxRSS": 99036,
      "systemtime": 16346,
      "usertime": 654238
     },
     "172836484025": {
      "maxRSS": 99036,
      "systemtime": 16346,
      "usertime": 658253
     },
     "172836485097": {
      "maxRSS": 99036,
      "systemtime": 16346,
      "usertime": 658264
     },
     "172836486203": {
      "maxRSS": 99036,
      "systemtime": 16346,
      "usertime": 658276
     },
     "172836487337": {
      "maxRSS": 99036,
      "systemtime": 16346,
      "usertime": 658317
     },
     "172836488437": {
      "maxRSS": 99036,
      "systemtime": 16346,
      "usertime": 662325
     },
     "172836489540": {
      "maxRSS": 99036,
      "systemtime": 16346,
      "usertime": 662333
     },
     "172836490642": {
      "maxRSS": 99036,
      "systemtime": 16346,
      "usertime": 662341
     },
     "172836491746": {
      "maxRSS": 99036,
      "systemtime": 16346,
      "usertime": 662349
     },
     "172836492854": {
      "maxRSS": 99036,
      "systemtime": 16346,
      "usertime": 666367
     },
     "172836493952": {
      "maxRSS": 99036,
      "systemtime": 16346,
      "usertime": 666401
     },
     "172836495031": {
      "maxRSS": 99036,
      "systemtime": 16346,
      "usertime": 666418
     },
     "172836496110": {
      "maxRSS": 99036,
      "systemtime": 16346,
      "usertime": 670435
     },
     "172836497181": {
      "maxRSS": 99036,
      "systemtime": 16346,
      "usertime": 670447
     },
     "172836498283": {
      "maxRSS": 99036,
      "systemtime": 16346,
      "usertime": 670457
     },
     "172836499370": {
      "maxRSS": 99036,
      "systemtime": 16346,
      "usertime": 670466
     },
     "172836500526": {
      "maxRSS": 99036,
      "systemtime": 16346,
      "usertime": 674522
     },
     "172836501617": {
      "maxRSS": 99036,
      "systemtime": 16346,
      "usertime": 674550
     },
     "172836502701": {
      "maxRSS": 99036,
      "systemtime": 16346,
      "usertime": 674567
     },
     "172836503783": {
      "maxRSS": 99036,
      "systemtime": 16346,
      "usertime": 674583
     },
     "172836504891": {
      "maxRSS": 99036,
      "systemtime": 16346,
      "usertime": 678604
     },
     "172836505961": {
      "maxRSS": 99036,
      "systemtime": 16346,
      "usertime": 678614
     },
     "172836507028": {
      "maxRSS": 99036,
      "systemtime": 16346,
      "usertime": 678624
     },
     "172836508116": {
      "maxRSS": 99036,
      "systemtime": 16346,
      "usertime": 682645
     },
     "172836509222": {
      "maxRSS": 99036,
      "systemtime": 16346,
      "usertime": 682658
     },
     "172836510320": {
      "maxRSS": 99036,
      "systemtime": 16346,
      "usertime": 682665
     },
     "172836511427": {
      "maxRSS": 99036,
      "systemtime": 16346,
      "usertime": 682682
     },
     "172836512536": {
      "maxRSS": 99036,
      "systemtime": 16346,
      "usertime": 686697
     },
     "172836513637": {
      "maxRSS": 99036,
      "systemtime": 16346,
      "usertime": 686706
     },
     "172836514755": {
      "maxRSS": 99036,
      "systemtime": 16346,
      "usertime": 686733
     },
     "172836515853": {
      "maxRSS": 99036,
      "systemtime": 16346,
      "usertime": 686740
     },
     "172836516939": {
      "maxRSS": 99036,
      "systemtime": 16346,
      "usertime": 690763
     },
     "172836518029": {
      "maxRSS": 99036,
      "systemtime": 16346,
      "usertime": 690783
     },
     "172836519119": {
      "maxRSS": 99036,
      "systemtime": 16346,
      "usertime": 690807
     },
     "172836520206": {
      "maxRSS": 99036,
      "systemtime": 16346,
      "usertime": 694830
     },
     "172836521360": {
      "maxRSS": 99036,
      "systemtime": 16346,
      "usertime": 694876
     },
     "172836522443": {
      "maxRSS": 99036,
      "systemtime": 16346,
      "usertime": 694894
     },
     "172836523545": {
      "maxRSS": 99036,
      "systemtime": 16346,
      "usertime": 694911
     },
     "172836524633": {
      "maxRSS": 99036,
      "systemtime": 16346,
      "usertime": 698927
     },
     "172836525726": {
      "maxRSS": 99036,
      "systemtime": 16346,
      "usertime": 698948
     },
     "172836526833": {
      "maxRSS": 99036,
      "systemtime": 16346,
      "usertime": 698975
     },
     "172836527951": {
      "maxRSS": 99036,
      "systemtime": 16346,
      "usertime": 699033
     },
     "172836529030": {
      "maxRSS": 99036,
      "systemtime": 16346,
      "usertime": 703044
     },
     "172836530111": {
      "maxRSS": 99036,
      "systemtime": 16346,
      "usertime": 703057
     },
     "172836531209": {
      "maxRSS": 99036,
      "systemtime": 16346,
      "usertime": 703082
     },
     "172836532318": {
      "maxRSS": 99036,
      "systemtime": 16346,
      "usertime": 707110
     },
     "172836533431": {
      "maxRSS": 99036,
      "systemtime": 16346,
      "usertime": 707129
     },
     "172836534515": {
      "maxRSS": 99036,
      "systemtime": 16346,
      "usertime": 707148
     },
     "172836535607": {
      "maxRSS": 99036,
      "systemtime": 16346,
      "usertime": 707180
     },
     "172836536716": {
      "maxRSS": 99036,
      "systemtime": 16346,
      "usertime": 711192
     },
     "172836537827": {
      "maxRSS": 99036,
      "systemtime": 16346,
      "usertime": 711205
     },
     "172836538910": {
      "maxRSS": 99036,
      "systemtime": 16346,
      "usertime": 711216
     },
     "172836539993": {
      "maxRSS": 99036,
      "systemtime": 16346,
      "usertime": 711229
     },
     "172836541112": {
      "maxRSS": 99036,
      "systemtime": 16346,
      "usertime": 715260
     },
     "172836542274": {
      "maxRSS": 99036,
      "systemtime": 16346,
      "usertime": 715321
     },
     "172836543382": {
      "maxRSS": 99036,
      "systemtime": 16346,
      "usertime": 715334
     },
     "172836544488": {
      "maxRSS": 99036,
      "systemtime": 16346,
      "usertime": 719398
     },
     "172836545555": {
      "maxRSS": 99036,
      "systemtime": 16346,
      "usertime": 719408
     },
     "172836546677": {
      "maxRSS": 99036,
      "systemtime": 16346,
      "usertime": 719442
     },
     "172836547784": {
      "maxRSS": 99036,
      "systemtime": 16346,
      "usertime": 719457
     },
     "172836548889": {
      "maxRSS": 99164,
      "systemtime": 16346,
      "usertime": 723434
     },
     "172836549993": {
      "maxRSS": 99292,
      "systemtime": 16346,
      "usertime": 723464
     },
     "172836551093": {
      "maxRSS": 99548,
      "systemtime": 16346,
      "usertime": 723494
     },
     "172836552175": {
      "maxRSS": 99676,
      "systemtime": 16346,
      "usertime": 727526
     },
     "172836553291": {
      "maxRSS": 99804,
      "systemtime": 16346,
      "usertime": 727545
     },
     "172836554407": {
      "maxRSS": 99932,
      "systemtime": 16346,
      "usertime": 727567
     },
     "172836555502": {
      "maxRSS": 100060,
      "systemtime": 16346,
      "usertime": 727604
     },
     "172836556599": {
      "maxRSS": 100316,
      "systemtime": 16346,
      "usertime": 731625
     },
     "172836557672": {
      "maxRSS": 100444,
      "systemtime": 16346,
      "usertime": 731639
     },
     "172836558763": {
      "maxRSS": 100572,
      "systemtime": 16346,
      "usertime": 731659
     },
     "172836559846": {
      "maxRSS": 100700,
      "systemtime": 16346,
      "usertime": 731682
     },
     "172836560929": {
      "maxRSS": 100956,
      "systemtime": 16346,
      "usertime": 735717
     },
     "172836562006": {
      "maxRSS": 101084,
      "systemtime": 16346,
      "usertime": 735733
     },
     "172836563120": {
      "maxRSS": 101212,
      "systemtime": 16346,
      "usertime": 735772
     },
     "172836564209": {
      "maxRSS": 101340,
      "systemtime": 16346,
      "usertime": 739814
     },
     "172836565290": {
      "maxRSS": 101468,
      "systemtime": 16346,
      "usertime": 739832
     },
     "172836566390": {
      "maxRSS": 101596,
      "systemtime": 16346,
      "usertime": 739858
     },
     "172836567517": {
      "maxRSS": 101724,
      "systemtime": 16346,
      "usertime": 739900
     },
     "172836568601": {
      "maxRSS": 101852,
      "systemtime": 16346,
      "usertime": 743891
     },
     "172836569725": {
      "maxRSS": 102108,
      "systemtime": 16346,
      "usertime": 743922
     },
     "172836570827": {
      "maxRSS": 102236,
      "systemtime": 16346,
      "usertime": 743931
     },
     "172836571936": {
      "maxRSS": 102364,
      "systemtime": 16346,
      "usertime": 743949
     },
     "172836573050": {
      "maxRSS": 102492,
      "systemtime": 16346,
      "usertime": 747957
     },
     "172836574155": {
      "maxRSS": 102748,
      "systemtime": 16346,
      "usertime": 747969
     },
     "172836575225": {
      "maxRSS": 102876,
      "systemtime": 16346,
      "usertime": 747979
     },
     "172836576305": {
      "maxRSS": 103004,
      "systemtime": 16346,
      "usertime": 752002
     },
     "172836577414": {
      "maxRSS": 103132,
      "systemtime": 16346,
      "usertime": 752016
     },
     "172836578525": {
      "maxRSS": 103388,
      "systemtime": 16346,
      "usertime": 752038
     },
     "172836579593": {
      "maxRSS": 103516,
      "systemtime": 16346,
      "usertime": 752049
     },
     "172836580694": {
      "maxRSS": 103644,
      "systemtime": 16346,
      "usertime": 756055
     },
     "172836581766": {
      "maxRSS": 103772,
      "systemtime": 16346,
      "usertime": 756066
     },
     "172836582852": {
      "maxRSS": 103900,
      "systemtime": 16346,
      "usertime": 756091
     },
     "172836583943": {
      "maxRSS": 104156,
      "systemtime": 16346,
      "usertime": 756106
     },
     "172836585019": {
      "maxRSS": 104284,
      "systemtime": 16346,
      "usertime": 760137
     },
     "172836586101": {
      "maxRSS": 104412,
      "systemtime": 16346,
      "usertime": 760153
     },
     "172836587203": {
      "maxRSS": 104540,
      "systemtime": 16346,
      "usertime": 760191
     },
     "172836588302": {
      "maxRSS": 104668,
      "systemtime": 16346,
      "usertime": 764193
     },
     "172836589420": {
      "maxRSS": 104796,
      "systemtime": 16346,
      "usertime": 764210
     },
     "172836590521": {
      "maxRSS": 105052,
      "systemtime": 16346,
      "usertime": 764243
     },
     "172836591596": {
      "maxRSS": 105180,
      "systemtime": 16346,
      "usertime": 764259
     },
     "172836592671": {
      "maxRSS": 105308,
      "systemtime": 16346,
      "usertime": 768273
     },
     "172836593780": {
      "maxRSS": 105436,
      "systemtime": 16346,
      "usertime": 768291
     },
     "172836594865": {
      "maxRSS": 105692,
      "systemtime": 16346,
      "usertime": 768304
     },
     "172836595964": {
      "maxRSS": 105820,
      "systemtime": 16346,
      "usertime": 768321
     },
     "172836597067": {
      "maxRSS": 105948,
      "systemtime": 16346,
      "usertime": 772353
     },
     "172836598148": {
      "maxRSS": 106076,
      "systemtime": 16346,
      "usertime": 772365
     },
     "172836599226": {
      "maxRSS": 106204,
      "systemtime": 16346,
      "usertime": 772380
     },
     "172836600302": {
      "maxRSS": 106332,
      "systemtime": 16346,
      "usertime": 776399
     },
     "172836601394": {
      "maxRSS": 106460,
      "systemtime": 16346,
      "usertime": 776418
     },
     "172836602471": {
      "maxRSS": 106716,
      "systemtime": 16346,
      "usertime": 776435
     },
     "172836603598": {
      "maxRSS": 106844,
      "systemtime": 16346,
      "usertime": 776486
     },
     "172836604673": {
      "maxRSS": 106972,
      "systemtime": 16346,
      "usertime": 780503
     },
     "172836605764": {
      "maxRSS": 107100,
      "systemtime": 16346,
      "usertime": 780518
     },
     "172836606840": {
      "maxRSS": 107228,
      "systemtime": 16346,
      "usertime": 780532
     },
     "172836607918": {
      "maxRSS": 107484,
      "systemtime": 16346,
      "usertime": 780545
     },
     "172836608998": {
      "maxRSS": 107612,
      "systemtime": 16346,
      "usertime": 784558
     },
     "172836610084": {
      "maxRSS": 107740,
      "systemtime": 16346,
      "usertime": 784584
     },
     "172836611192": {
      "maxRSS": 107868,
      "systemtime": 16346,
      "usertime": 784604
     },
     "172836612262": {
      "maxRSS": 107996,
      "systemtime": 16346,
      "usertime": 788611
     },
     "172836613371": {
      "maxRSS": 108252,
      "systemtime": 16346,
      "usertime": 788621
     },
     "172836614476": {
      "maxRSS": 108380,
      "systemtime": 16346,
      "usertime": 788632
     },
     "172836615557": {
      "maxRSS": 108508,
      "systemtime": 16346,
      "usertime": 788647
     },
     "172836616646": {
      "maxRSS": 108636,
      "systemtime": 16346,
      "usertime": 792667
     },
     "172836617769": {
      "maxRSS": 108764,
      "systemtime": 16346,
      "usertime": 792697
     },
     "172836618868": {
      "maxRSS": 109020,
      "systemtime": 16346,
      "usertime": 792705
     },
     "172836620971": {
      "maxRSS": 109276,
      "systemtime": 16346,
      "usertime": 796712
     },
     "172836623080": {
      "maxRSS": 109532,
      "systemtime": 16346,
      "usertime": 796724
     },
     "172836625168": {
      "maxRSS": 109916,
      "systemtime": 16346,
      "usertime": 800738
     },
     "172836627282": {
      "maxRSS": 110172,
      "systemtime": 16346,
      "usertime": 800757
     },
     "172836629420": {
      "maxRSS": 110428,
      "systemtime": 20225,
      "usertime": 800919
     },
     "172836631543": {
      "maxRSS": 110812,
      "systemtime": 20225,
      "usertime": 800937
     },
     "172836633633": {
      "maxRSS": 110940,
      "systemtime": 20264,
      "usertime": 806524
     },
     "172836634661": {
      "maxRSS": 110940,
      "systemtime": 20290,
      "usertime": 807564
     },
     "172836635337": {
      "maxRSS": 110940,
      "systemtime": 20306,
      "usertime": 808216
     },
     "172836636444": {
      "maxRSS": 111324,
      "systemtime": 20306,
      "usertime": 808931
     },
     "172836637560": {
      "maxRSS": 111580,
      "systemtime": 20306,
      "usertime": 808955
     },
     "172836638631": {
      "maxRSS": 111836,
      "systemtime": 20306,
      "usertime": 808966
     },
     "172836639724": {
      "maxRSS": 112220,
      "systemtime": 20306,
      "usertime": 809000
     },
     "172836640840": {
      "maxRSS": 112476,
      "systemtime": 20306,
      "usertime": 813018
     },
     "172836641919": {
      "maxRSS": 112604,
      "systemtime": 20306,
      "usertime": 813032
     },
     "172836642994": {
      "maxRSS": 112860,
      "systemtime": 20306,
      "usertime": 813047
     },
     "172836644064": {
      "maxRSS": 113116,
      "systemtime": 24272,
      "usertime": 813115
     },
     "172836645142": {
      "maxRSS": 113372,
      "systemtime": 24272,
      "usertime": 813130
     },
     "172836646212": {
      "maxRSS": 113756,
      "systemtime": 24272,
      "usertime": 813140
     },
     "172836647312": {
      "maxRSS": 114012,
      "systemtime": 24273,
      "usertime": 813155
     },
     "172836648396": {
      "maxRSS": 114268,
      "systemtime": 24273,
      "usertime": 817171
     },
     "172836649473": {
      "maxRSS": 114524,
      "systemtime": 24273,
      "usertime": 817185
     },
     "172836650603": {
      "maxRSS": 114908,
      "systemtime": 24273,
      "usertime": 817219
     },
     "172836651724": {
      "maxRSS": 115164,
      "systemtime": 24274,
      "usertime": 817242
     },
     "172836652828": {
      "maxRSS": 115420,
      "systemtime": 24275,
      "usertime": 821307
     },
     "172836653895": {
      "maxRSS": 115676,
      "systemtime": 24275,
      "usertime": 821316
     },
     "172836655002": {
      "maxRSS": 116060,
      "systemtime": 24275,
      "usertime": 821329
     },
     "172836656024": {
      "maxRSS": 116316,
      "systemtime": 24275,
      "usertime": 825280
     },
     "172836657105": {
      "maxRSS": 116572,
      "systemtime": 24275,
      "usertime": 825295
     },
     "172836658196": {
      "maxRSS": 116828,
      "systemtime": 24275,
      "usertime": 825319
     },
     "172836659281": {
      "maxRSS": 117084,
      "systemtime": 24275,
      "usertime": 825337
     },
     "172836660352": {
      "maxRSS": 117468,
      "systemtime": 24275,
      "usertime": 829351
     },
     "172836661450": {
      "maxRSS": 117724,
      "systemtime": 24275,
      "usertime": 829359
     },
     "172836662519": {
      "maxRSS": 117980,
      "systemtime": 24275,
      "usertime": 829368
     },
     "172836663587": {
      "maxRSS": 118236,
      "systemtime": 24275,
      "usertime": 829378
     },
     "172836664702": {
      "maxRSS": 118492,
      "systemtime": 24275,
      "usertime": 833397
     },
     "172836665800": {
      "maxRSS": 118876,
      "systemtime": 24275,
      "usertime": 833404
     },
     "172836666906": {
      "maxRSS": 119132,
      "systemtime": 24275,
      "usertime": 833415
     },
     "172836667976": {
      "maxRSS": 119388,
      "systemtime": 24275,
      "usertime": 833426
     },
     "172836669055": {
      "maxRSS": 119644,
      "systemtime": 24275,
      "usertime": 837440
     },
     "172836670140": {
      "maxRSS": 120028,
      "systemtime": 24275,
      "usertime": 837457
     },
     "172836671289": {
      "maxRSS": 120284,
      "systemtime": 24275,
      "usertime": 837508
     },
     "172836672390": {
      "maxRSS": 120540,
      "systemtime": 24275,
      "usertime": 841531
     },
     "172836673501": {
      "maxRSS": 120796,
      "systemtime": 24275,
      "usertime": 841542
     },
     "172836674589": {
      "maxRSS": 121180,
      "systemtime": 24275,
      "usertime": 841557
     },
     "172836675676": {
      "maxRSS": 121436,
      "systemtime": 24276,
      "usertime": 841573
     },
     "172836676763": {
      "maxRSS": 121692,
      "systemtime": 24276,
      "usertime": 845586
     },
     "172836677849": {
      "maxRSS": 121948,
      "systemtime": 24276,
      "usertime": 845610
     },
     "172836678972": {
      "maxRSS": 122204,
      "systemtime": 24276,
      "usertime": 845634
     },
     "172836680066": {
      "maxRSS": 122588,
      "systemtime": 24276,
      "usertime": 849659
     },
     "172836681133": {
      "maxRSS": 122844,
      "systemtime": 24276,
      "usertime": 849667
     },
     "172836682215": {
      "maxRSS": 123100,
      "systemtime": 24276,
      "usertime": 849678
     },
     "172836683317": {
      "maxRSS": 123228,
      "systemtime": 24277,
      "usertime": 849717
     },
     "172836684420": {
      "maxRSS": 123612,
      "systemtime": 24277,
      "usertime": 853740
     },
     "172836685515": {
      "maxRSS": 123868,
      "systemtime": 24277,
      "usertime": 853769
     },
     "172836686609": {
      "maxRSS": 124124,
      "systemtime": 24278,
      "usertime": 853800
     },
     "172836687715": {
      "maxRSS": 124380,
      "systemtime": 24279,
      "usertime": 853829
     },
     "172836688789": {
      "maxRSS": 124636,
      "systemtime": 24279,
      "usertime": 857836
     },
     "172836689867": {
      "maxRSS": 125020,
      "systemtime": 24279,
      "usertime": 857850
     },
     "172836690973": {
      "maxRSS": 125276,
      "systemtime": 24279,
      "usertime": 857862
     },
     "172836692063": {
      "maxRSS": 125532,
      "systemtime": 24279,
      "usertime": 861885
     },
     "172836693182": {
      "maxRSS": 125788,
      "systemtime": 24279,
      "usertime": 861899
     },
     "172836694273": {
      "maxRSS": 126172,
      "systemtime": 24279,
      "usertime": 861917
     },
     "172836695364": {
      "maxRSS": 126428,
      "systemtime": 24279,
      "usertime": 861930
     },
     "172836696442": {
      "maxRSS": 126684,
      "systemtime": 24279,
      "usertime": 865942
     },
     "172836697575": {
      "maxRSS": 126940,
      "systemtime": 24279,
      "usertime": 865963
     },
     "172836698705": {
      "maxRSS": 127196,
      "systemtime": 24280,
      "usertime": 866020
     },
     "172836699856": {
      "maxRSS": 127580,
      "systemtime": 24282,
      "usertime": 866069
     },
     "172836700981": {
      "maxRSS": 127836,
      "systemtime": 24282,
      "usertime": 870102
     },
     "172836702069": {
      "maxRSS": 128092,
      "systemtime": 24282,
      "usertime": 870116
     },
     "172836703140": {
      "maxRSS": 128348,
      "systemtime": 24282,
      "usertime": 870126
     },
     "172836704216": {
      "maxRSS": 128732,
      "systemtime": 24282,
      "usertime": 874128
     },
     "172836705302": {
      "maxRSS": 129116,
      "systemtime": 24282,
      "usertime": 874155
     },
     "172836706379": {
      "maxRSS": 129372,
      "systemtime": 24282,
      "usertime": 874169
     },
     "172836707454": {
      "maxRSS": 129628,
      "systemtime": 24282,
      "usertime": 874183
     },
     "172836708563": {
      "maxRSS": 129884,
      "systemtime": 28319,
      "usertime": 874183
     },
     "172836709671": {
      "maxRSS": 130268,
      "systemtime": 28330,
      "usertime": 874185
     },
     "172836710774": {
      "maxRSS": 130524,
      "systemtime": 28330,
      "usertime": 874193
     },
     "172836711885": {
      "maxRSS": 130780,
      "systemtime": 28330,
      "usertime": 874209
     },
     "172836713002": {
      "maxRSS": 131036,
      "systemtime": 28330,
      "usertime": 878202
     },
     "172836714071": {
      "maxRSS": 131420,
      "systemtime": 28330,
      "usertime": 878211
     },
     "172836715150": {
      "maxRSS": 131676,
      "systemtime": 28330,
      "usertime": 878225
     },
     "172836716237": {
      "maxRSS": 131932,
      "systemtime": 28330,
      "usertime": 882245
     },
     "172836717328": {
      "maxRSS": 132188,
      "systemtime": 28330,
      "usertime": 882264
     },
     "172836718414": {
      "maxRSS": 132444,
      "systemtime": 28330,
      "usertime": 882283
     },
     "172836719514": {
      "maxRSS": 132700,
      "systemtime": 28331,
      "usertime": 882316
     },
     "172836720599": {
      "maxRSS": 132956,
      "systemtime": 28331,
      "usertime": 886335
     },
     "172836721682": {
      "maxRSS": 133212,
      "systemtime": 28331,
      "usertime": 886346
     },
     "172836722753": {
      "maxRSS": 133596,
      "systemtime": 28331,
      "usertime": 886358
     },
     "172836723861": {
      "maxRSS": 133852,
      "systemtime": 28331,
      "usertime": 886374
     },
     "172836724940": {
      "maxRSS": 134108,
      "systemtime": 28331,
      "usertime": 890381
     },
     "172836726056": {
      "maxRSS": 134364,
      "systemtime": 28331,
      "usertime": 890405
     },
     "172836727156": {
      "maxRSS": 134620,
      "systemtime": 28331,
      "usertime": 890412
     },
     "172836728225": {
      "maxRSS": 134876,
      "systemtime": 28331,
      "usertime": 894421
     },
     "172836729326": {
      "maxRSS": 135260,
      "systemtime": 28331,
      "usertime": 894432
     },
     "172836730398": {
      "maxRSS": 135516,
      "systemtime": 28331,
      "usertime": 894443
     },
     "172836731467": {
      "maxRSS": 135772,
      "systemtime": 28331,
      "usertime": 894455
     },
     "172836732558": {
      "maxRSS": 136028,
      "systemtime": 28331,
      "usertime": 898481
     },
     "172836733643": {
      "maxRSS": 136284,
      "systemtime": 28331,
      "usertime": 898500
     },
     "172836734727": {
      "maxRSS": 136540,
      "systemtime": 28331,
      "usertime": 898515
     },
     "172836735807": {
      "maxRSS": 136796,
      "systemtime": 28332,
      "usertime": 898529
     },
     "172836736919": {
      "maxRSS": 137052,
      "systemtime": 28332,
      "usertime": 902550
     },
     "172836737993": {
      "maxRSS": 137052,
      "systemtime": 28332,
      "usertime": 902565
     },
     "172836738987": {
      "maxRSS": 137052,
      "systemtime": 28421,
      "usertime": 905436
     },
     "172836740025": {
      "maxRSS": 137052,
      "systemtime": 28421,
      "usertime": 906527
     },
     "172836741120": {
      "maxRSS": 137052,
      "systemtime": 28421,
      "usertime": 906561
     },
     "172836742200": {
      "maxRSS": 137052,
      "systemtime": 28421,
      "usertime": 906574
     },
     "172836743279": {
      "maxRSS": 137052,
      "systemtime": 28421,
      "usertime": 906588
     },
     "172836744377": {
      "maxRSS": 137052,
      "systemtime": 28421,
      "usertime": 910625
     },
     "172836745453": {
      "maxRSS": 137052,
      "systemtime": 28421,
      "usertime": 910639
     },
     "172836746545": {
      "maxRSS": 137052,
      "systemtime": 28421,
      "usertime": 910668
     },
     "172836747624": {
      "maxRSS": 137052,
      "systemtime": 28421,
      "usertime": 910686
     },
     "172836748706": {
      "maxRSS": 137052,
      "systemtime": 28421,
      "usertime": 914701
     },
     "172836749789": {
      "maxRSS": 137052,
      "systemtime": 28421,
      "usertime": 914717
     },
     "172836750871": {
      "maxRSS": 137052,
      "systemtime": 28421,
      "usertime": 914734
     },
     "172836751942": {
      "maxRSS": 137052,
      "systemtime": 28421,
      "usertime": 914747
     },
     "172836753066": {
      "maxRSS": 137052,
      "systemtime": 28421,
      "usertime": 918783
     },
     "172836754174": {
      "maxRSS": 137052,
      "systemtime": 28421,
      "usertime": 918798
     },
     "172836755276": {
      "maxRSS": 137052,
      "systemtime": 28421,
      "usertime": 918807
     },
     "172836756357": {
      "maxRSS": 137052,
      "systemtime": 28421,
      "usertime": 922813
     },
     "172836757464": {
      "maxRSS": 137052,
      "systemtime": 28421,
      "usertime": 922828
     },
     "172836758557": {
      "maxRSS": 137052,
      "systemtime": 28421,
      "usertime": 922841
     },
     "172836759660": {
      "maxRSS": 137052,
      "systemtime": 28421,
      "usertime": 922876
     },
     "172836760748": {
      "maxRSS": 137052,
      "systemtime": 28421,
      "usertime": 926916
     },
     "172836761853": {
      "maxRSS": 137052,
      "systemtime": 28421,
      "usertime": 926931
     },
     "172836762935": {
      "maxRSS": 137052,
      "systemtime": 28421,
      "usertime": 926944
     },
     "172836764030": {
      "maxRSS": 137052,
      "systemtime": 28421,
      "usertime": 930951
     },
     "172836765100": {
      "maxRSS": 137052,
      "systemtime": 28421,
      "usertime": 930963
     },
     "172836766199": {
      "maxRSS": 137052,
      "systemtime": 28421,
      "usertime": 930978
     },
     "172836767316": {
      "maxRSS": 137052,
      "systemtime": 28421,
      "usertime": 931032
     },
     "172836768395": {
      "maxRSS": 137052,
      "systemtime": 28421,
      "usertime": 935048
     },
     "172836769500": {
      "maxRSS": 137052,
      "systemtime": 28421,
      "usertime": 935059
     },
     "172836770602": {
      "maxRSS": 137052,
      "systemtime": 28421,
      "usertime": 935069
     },
     "172836771699": {
      "maxRSS": 137052,
      "systemtime": 28421,
      "usertime": 935076
     },
     "172836772777": {
      "maxRSS": 137052,
      "systemtime": 28421,
      "usertime": 939090
     },
     "172836773884": {
      "maxRSS": 137052,
      "systemtime": 28421,
      "usertime": 939136
     },
     "172836774965": {
      "maxRSS": 137052,
      "systemtime": 28421,
      "usertime": 939152
     },
     "172836776047": {
      "maxRSS": 137052,
      "systemtime": 28421,
      "usertime": 943181
     },
     "172836777154": {
      "maxRSS": 137052,
      "systemtime": 28421,
      "usertime": 943195
     },
     "172836778234": {
      "maxRSS": 137052,
      "systemtime": 28421,
      "usertime": 943212
     },
     "172836779310": {
      "maxRSS": 137052,
      "systemtime": 28421,
      "usertime": 943229
     },
     "172836780403": {
      "maxRSS": 137052,
      "systemtime": 28421,
      "usertime": 947269
     },
     "172836781500": {
      "maxRSS": 137052,
      "systemtime": 28421,
      "usertime": 947284
     },
     "172836782583": {
      "maxRSS": 137052,
      "systemtime": 28421,
      "usertime": 947301
     },
     "172836783658": {
      "maxRSS": 137052,
      "systemtime": 28421,
      "usertime": 947316
     },
     "172836784730": {
      "maxRSS": 137052,
      "systemtime": 28421,
      "usertime": 951322
     },
     "172836785813": {
      "maxRSS": 137052,
      "systemtime": 28421,
      "usertime": 951334
     },
     "172836786917": {
      "maxRSS": 137052,
      "systemtime": 28421,
      "usertime": 951365
     },
     "172836787998": {
      "maxRSS": 137052,
      "systemtime": 28421,
      "usertime": 951377
     },
     "172836789094": {
      "maxRSS": 137052,
      "systemtime": 28421,
      "usertime": 955413
     },
     "172836790170": {
      "maxRSS": 137052,
      "systemtime": 28421,
      "usertime": 955427
     },
     "172836791260": {
      "maxRSS": 137052,
      "systemtime": 28421,
      "usertime": 955443
     },
     "172836792415": {
      "maxRSS": 137052,
      "systemtime": 28421,
      "usertime": 959474
     },
     "172836793521": {
      "maxRSS": 137052,
      "systemtime": 28421,
      "usertime": 959486
     },
     "172836794641": {
      "maxRSS": 137052,
      "systemtime": 28421,
      "usertime": 959516
     },
     "172836795746": {
      "maxRSS": 137052,
      "systemtime": 28421,
      "usertime": 959527
     },
     "172836796816": {
      "maxRSS": 137052,
      "systemtime": 28421,
      "usertime": 963529
     },
     "172836797923": {
      "maxRSS": 137052,
      "systemtime": 28421,
      "usertime": 963542
     },
     "172836799003": {
      "maxRSS": 137052,
      "systemtime": 28421,
      "usertime": 963556
     },
     "172836800085": {
      "maxRSS": 137052,
      "systemtime": 28421,
      "usertime": 967579
     },
     "172836801234": {
      "maxRSS": 137052,
      "systemtime": 28421,
      "usertime": 967635
     },
     "172836802371": {
      "maxRSS": 137052,
      "systemtime": 28421,
      "usertime": 967648
     },
     "172836803448": {
      "maxRSS": 137052,
      "systemtime": 28421,
      "usertime": 967662
     },
     "172836804553": {
      "maxRSS": 137052,
      "systemtime": 28421,
      "usertime": 971673
     },
     "172836805625": {
      "maxRSS": 137052,
      "systemtime": 28421,
      "usertime": 971685
     },
     "172836806701": {
      "maxRSS": 137052,
      "systemtime": 28421,
      "usertime": 971699
     },
     "172836807795": {
      "maxRSS": 137052,
      "systemtime": 28421,
      "usertime": 971726
     },
     "172836808873": {
      "maxRSS": 137052,
      "systemtime": 28421,
      "usertime": 975740
     },
     "172836809943": {
      "maxRSS": 137052,
      "systemtime": 28421,
      "usertime": 975751
     },
     "172836811020": {
      "maxRSS": 137052,
      "systemtime": 28421,
      "usertime": 975765
     },
     "172836812092": {
      "maxRSS": 137052,
      "systemtime": 28421,
      "usertime": 979776
     },
     "172836813162": {
      "maxRSS": 137052,
      "systemtime": 28421,
      "usertime": 979788
     },
     "172836814243": {
      "maxRSS": 137052,
      "systemtime": 28421,
      "usertime": 979808
     },
     "172836815330": {
      "maxRSS": 137052,
      "systemtime": 28421,
      "usertime": 979822
     },
     "172836816416": {
      "maxRSS": 137052,
      "systemtime": 28421,
      "usertime": 983864
     },
     "172836817514": {
      "maxRSS": 137052,
      "systemtime": 28421,
      "usertime": 983887
     },
     "172836818590": {
      "maxRSS": 137052,
      "systemtime": 28421,
      "usertime": 983902
     },
     "172836819668": {
      "maxRSS": 137052,
      "systemtime": 28421,
      "usertime": 983917
     },
     "172836820775": {
      "maxRSS": 137052,
      "systemtime": 28421,
      "usertime": 987912
     },
     "172836821896": {
      "maxRSS": 137052,
      "systemtime": 28421,
      "usertime": 987941
     },
     "172836822975": {
      "maxRSS": 137052,
      "systemtime": 28421,
      "usertime": 987954
     },
     "172836824024": {
      "maxRSS": 137052,
      "systemtime": 28421,
      "usertime": 991968
     },
     "172836825108": {
      "maxRSS": 137052,
      "systemtime": 28421,
      "usertime": 991985
     },
     "172836826216": {
      "maxRSS": 137052,
      "systemtime": 28421,
      "usertime": 991996
     },
     "172836827289": {
      "maxRSS": 137052,
      "systemtime": 28421,
      "usertime": 992007
     },
     "172836828395": {
      "maxRSS": 137052,
      "systemtime": 28421,
      "usertime": 996048
     },
     "172836829469": {
      "maxRSS": 137052,
      "systemtime": 28421,
      "usertime": 996063
     },
     "172836830567": {
      "maxRSS": 137052,
      "systemtime": 28421,
      "usertime": 996101
     },
     "172836831670": {
      "maxRSS": 137052,
      "systemtime": 28421,
      "usertime": 996113
     },
     "172836832741": {
      "maxRSS": 137052,
      "systemtime": 28421,
      "usertime": 1000125
     },
     "172836833851": {
      "maxRSS": 137052,
      "systemtime": 28421,
      "usertime": 1000138
     },
     "172836834956": {
      "maxRSS": 137052,
      "systemtime": 28421,
      "usertime": 1000184
     },
     "172836836039": {
      "maxRSS": 137052,
      "systemtime": 28421,
      "usertime": 1004196
     },
     "172836837110": {
      "maxRSS": 137052,
      "systemtime": 28421,
      "usertime": 1004209
     },
     "172836838216": {
      "maxRSS": 137052,
      "systemtime": 28421,
      "usertime": 1004221
     },
     "172836839297": {
      "maxRSS": 137052,
      "systemtime": 28421,
      "usertime": 1004235
     },
     "172836840378": {
      "maxRSS": 137052,
      "systemtime": 28421,
      "usertime": 1008248
     },
     "172836841468": {
      "maxRSS": 137052,
      "systemtime": 28421,
      "usertime": 1008275
     },
     "172836842549": {
      "maxRSS": 137052,
      "systemtime": 28421,
      "usertime": 1008289
     },
     "172836843629": {
      "maxRSS": 137180,
      "systemtime": 28421,
      "usertime": 1008304
     },
     "172836844742": {
      "maxRSS": 137436,
      "systemtime": 28421,
      "usertime": 1012317
     },
     "172836845834": {
      "maxRSS": 137564,
      "systemtime": 28421,
      "usertime": 1012340
     },
     "172836846945": {
      "maxRSS": 137692,
      "systemtime": 28421,
      "usertime": 1012364
     },
     "172836848026": {
      "maxRSS": 137820,
      "systemtime": 28421,
      "usertime": 1016381
     },
     "172836849118": {
      "maxRSS": 137948,
      "systemtime": 28421,
      "usertime": 1016413
     },
     "172836850202": {
      "maxRSS": 138076,
      "systemtime": 28421,
      "usertime": 1016430
     },
     "172836851279": {
      "maxRSS": 138332,
      "systemtime": 28421,
      "usertime": 1016446
     },
     "172836852349": {
      "maxRSS": 138460,
      "systemtime": 28421,
      "usertime": 1020506
     },
     "172836853466": {
      "maxRSS": 138588,
      "systemtime": 28421,
      "usertime": 1020519
     },
     "172836854570": {
      "maxRSS": 138716,
      "systemtime": 28421,
      "usertime": 1020530
     },
     "172836855660": {
      "maxRSS": 138844,
      "systemtime": 28421,
      "usertime": 1020556
     },
     "172836856736": {
      "maxRSS": 139100,
      "systemtime": 28421,
      "usertime": 1024522
     },
     "172836857818": {
      "maxRSS": 139228,
      "systemtime": 28421,
      "usertime": 1024538
     },
     "172836858903": {
      "maxRSS": 139356,
      "systemtime": 28421,
      "usertime": 1024557
     },
     "172836859977": {
      "maxRSS": 139484,
      "systemtime": 28421,
      "usertime": 1024571
     },
     "172836861089": {
      "maxRSS": 139612,
      "systemtime": 28421,
      "usertime": 1028590
     },
     "172836862221": {
      "maxRSS": 139868,
      "systemtime": 28421,
      "usertime": 1028630
     },
     "172836863327": {
      "maxRSS": 139996,
      "systemtime": 28421,
      "usertime": 1028640
     },
     "172836864443": {
      "maxRSS": 140124,
      "systemtime": 28421,
      "usertime": 1032664
     },
     "172836865545": {
      "maxRSS": 140252,
      "systemtime": 28421,
      "usertime": 1032672
     },
     "172836866640": {
      "maxRSS": 140380,
      "systemtime": 28421,
      "usertime": 1032690
     },
     "172836867731": {
      "maxRSS": 140508,
      "systemtime": 28421,
      "usertime": 1032715
     },
     "172836868884": {
      "maxRSS": 140764,
      "systemtime": 28421,
      "usertime": 1036777
     },
     "172836869955": {
      "maxRSS": 140892,
      "systemtime": 28421,
      "usertime": 1036790
     },
     "172836871023": {
      "maxRSS": 141020,
      "systemtime": 28421,
      "usertime": 1036800
     },
     "172836872047": {
      "maxRSS": 141148,
      "systemtime": 28421,
      "usertime": 1040804
     },
     "172836873128": {
      "maxRSS": 141276,
      "systemtime": 28421,
      "usertime": 1040814
     },
     "172836874211": {
      "maxRSS": 141404,
      "systemtime": 28421,
      "usertime": 1040827
     },
     "172836875288": {
      "maxRSS": 141660,
      "systemtime": 28421,
      "usertime": 1040841
     },
     "172836876376": {
      "maxRSS": 141788,
      "systemtime": 28421,
      "usertime": 1044916
     },
     "172836877502": {
      "maxRSS": 141916,
      "systemtime": 28421,
      "usertime": 1044929
     },
     "172836879591": {
      "maxRSS": 142172,
      "systemtime": 28421,
      "usertime": 1044944
     },
     "172836881702": {
      "maxRSS": 142556,
      "systemtime": 28421,
      "usertime": 1048911
     },
     "172836883813": {
      "maxRSS": 142812,
      "systemtime": 28421,
      "usertime": 1048928
     },
     "172836885896": {
      "maxRSS": 143068,
      "systemtime": 28421,
      "usertime": 1052953
     },
     "172836888025": {
      "maxRSS": 143324,
      "systemtime": 28421,
      "usertime": 1056983
     },
     "172836890132": {
      "maxRSS": 143708,
      "systemtime": 28421,
      "usertime": 1056997
     },
     "172836892211": {
      "maxRSS": 143964,
      "systemtime": 28421,
      "usertime": 1061069
     },
     "172836894287": {
      "maxRSS": 144220,
      "systemtime": 28421,
      "usertime": 1061083
     },
     "172836896360": {
      "maxRSS": 144476,
      "systemtime": 28421,
      "usertime": 1065037
     },
     "172836898439": {
      "maxRSS": 144732,
      "systemtime": 28421,
      "usertime": 1065051
     },
     "172836900537": {
      "maxRSS": 145116,
      "systemtime": 28421,
      "usertime": 1069083
     },
     "172836902611": {
      "maxRSS": 145372,
      "systemtime": 28421,
      "usertime": 1069098
     },
     "172836904692": {
      "maxRSS": 145628,
      "systemtime": 28421,
      "usertime": 1073113
     },
     "172836906774": {
      "maxRSS": 146012,
      "systemtime": 28421,
      "usertime": 1073131
     },
     "172836908915": {
      "maxRSS": 146268,
      "systemtime": 28421,
      "usertime": 1077151
     },
     "172836911021": {
      "maxRSS": 146524,
      "systemtime": 28421,
      "usertime": 1077163
     },
     "172836913136": {
      "maxRSS": 146908,
      "systemtime": 28421,
      "usertime": 1081186
     },
     "172836915223": {
      "maxRSS": 147036,
      "systemtime": 28421,
      "usertime": 1081206
     },
     "172836917342": {
      "maxRSS": 147292,
      "systemtime": 28421,
      "usertime": 1085271
     },
     "172836919451": {
      "maxRSS": 147676,
      "systemtime": 28421,
      "usertime": 1085290
     },
     "172836921566": {
      "maxRSS": 147932,
      "systemtime": 28421,
      "usertime": 1089272
     },
     "172836923672": {
      "maxRSS": 148188,
      "systemtime": 28421,
      "usertime": 1089294
     },
     "172836925792": {
      "maxRSS": 148444,
      "systemtime": 28421,
      "usertime": 1093310
     },
     "172836927917": {
      "maxRSS": 148700,
      "systemtime": 28421,
      "usertime": 1093340
     },
     "172836930046": {
      "maxRSS": 148956,
      "systemtime": 28421,
      "usertime": 1097354
     },
     "172836932131": {
      "maxRSS": 149340,
      "systemtime": 28421,
      "usertime": 1101372
     },
     "172836934278": {
      "maxRSS": 149596,
      "systemtime": 28421,
      "usertime": 1101395
     },
     "172836936433": {
      "maxRSS": 149852,
      "systemtime": 28421,
      "usertime": 1105425
     },
     "172836938559": {
      "maxRSS": 150108,
      "systemtime": 28421,
      "usertime": 1105457
     },
     "172836940741": {
      "maxRSS": 150492,
      "systemtime": 28421,
      "usertime": 1109484
     },
     "172836942919": {
      "maxRSS": 150748,
      "systemtime": 28421,
      "usertime": 1109500
     },
     "172836945087": {
      "maxRSS": 151004,
      "systemtime": 28421,
      "usertime": 1113518
     },
     "172836947170": {
      "maxRSS": 151388,
      "systemtime": 28421,
      "usertime": 1113535
     },
     "172836949270": {
      "maxRSS": 151644,
      "systemtime": 28421,
      "usertime": 1117558
     },
     "172836951386": {
      "maxRSS": 151900,
      "systemtime": 28421,
      "usertime": 1117578
     },
     "172836953555": {
      "maxRSS": 152156,
      "systemtime": 28421,
      "usertime": 1121648
     },
     "172836955698": {
      "maxRSS": 152156,
      "systemtime": 28421,
      "usertime": 1124161
     },
     "172836956029": {
      "maxRSS": 152156,
      "systemtime": 28458,
      "usertime": 1125682
     },
     "172836957141": {
      "maxRSS": 152156,
      "systemtime": 28492,
      "usertime": 1125682
     },
     "172836957173": {
      "maxRSS": 152156,
      "systemtime": 29617,
      "usertime": 1125682
     },
     "172836958251": {
      "maxRSS": 152412,
      "systemtime": 29629,
      "usertime": 1125682
     },
     "172836959420": {
      "maxRSS": 152796,
      "systemtime": 29692,
      "usertime": 1125682
     },
     "172836960542": {
      "maxRSS": 153180,
      "systemtime": 32584,
      "usertime": 1125682
     },
     "172836961646": {
      "maxRSS": 153436,
      "systemtime": 32596,
      "usertime": 1125682
     },
     "172836962725": {
      "maxRSS": 153692,
      "systemtime": 32608,
      "usertime": 1125682
     },
     "172836963828": {
      "maxRSS": 153948,
      "systemtime": 32620,
      "usertime": 1125682
     },
     "172836964963": {
      "maxRSS": 154204,
      "systemtime": 36322,
      "usertime": 1125997
     },
     "172836966049": {
      "maxRSS": 154460,
      "systemtime": 36322,
      "usertime": 1126012
     },
     "172836967139": {
      "maxRSS": 154716,
      "systemtime": 36323,
      "usertime": 1126039
     },
     "172836968218": {
      "maxRSS": 154972,
      "systemtime": 36323,
      "usertime": 1130054
     },
     "172836969327": {
      "maxRSS": 155228,
      "systemtime": 36323,
      "usertime": 1130067
     },
     "172836970427": {
      "maxRSS": 155612,
      "systemtime": 36324,
      "usertime": 1130081
     },
     "172836971508": {
      "maxRSS": 155868,
      "systemtime": 36324,
      "usertime": 1130094
     },
     "172836972604": {
      "maxRSS": 156124,
      "systemtime": 36324,
      "usertime": 1134126
     },
     "172836973729": {
      "maxRSS": 156380,
      "systemtime": 36325,
      "usertime": 1134155
     },
     "172836974827": {
      "maxRSS": 156636,
      "systemtime": 36326,
      "usertime": 1134179
     },
     "172836975943": {
      "maxRSS": 156892,
      "systemtime": 36326,
      "usertime": 1134202
     },
     "172836977042": {
      "maxRSS": 157148,
      "systemtime": 36326,
      "usertime": 1138211
     },
     "172836978153": {
      "maxRSS": 157404,
      "systemtime": 36326,
      "usertime": 1138220
     },
     "172836979258": {
      "maxRSS": 157660,
      "systemtime": 36326,
      "usertime": 1138230
     },
     "172836980336": {
      "maxRSS": 157916,
      "systemtime": 36326,
      "usertime": 1142249
     },
     "172836981413": {
      "maxRSS": 158172,
      "systemtime": 36326,
      "usertime": 1142262
     },
     "172836982522": {
      "maxRSS": 158428,
      "systemtime": 36327,
      "usertime": 1142288
     },
     "172836983649": {
      "maxRSS": 158684,
      "systemtime": 36327,
      "usertime": 1142311
     },
     "172836984793": {
      "maxRSS": 159068,
      "systemtime": 36327,
      "usertime": 1146339
     },
     "172836985907": {
      "maxRSS": 159324,
      "systemtime": 36328,
      "usertime": 1146356
     },
     "172836987006": {
      "maxRSS": 159580,
      "systemtime": 36329,
      "usertime": 1146386
     },
     "172836988035": {
      "maxRSS": 159836,
      "systemtime": 36329,
      "usertime": 1150397
     },
     "172836989148": {
      "maxRSS": 160092,
      "systemtime": 36329,
      "usertime": 1150421
     },
     "172836990265": {
      "maxRSS": 160348,
      "systemtime": 36329,
      "usertime": 1150435
     },
     "172836991352": {
      "maxRSS": 160604,
      "systemtime": 36329,
      "usertime": 1150448
     },
     "172836992459": {
      "maxRSS": 160860,
      "systemtime": 36330,
      "usertime": 1154512
     },
     "172836993560": {
      "maxRSS": 161244,
      "systemtime": 36332,
      "usertime": 1154553
     },
     "172836994642": {
      "maxRSS": 161500,
      "systemtime": 36332,
      "usertime": 1154571
     },
     "172836995720": {
      "maxRSS": 161756,
      "systemtime": 36333,
      "usertime": 1154585
     },
     "172836996833": {
      "maxRSS": 162012,
      "systemtime": 36333,
      "usertime": 1158565
     },
     "172836997917": {
      "maxRSS": 162268,
      "systemtime": 36333,
      "usertime": 1158581
     },
     "172836998996": {
      "maxRSS": 162524,
      "systemtime": 36333,
      "usertime": 1158598
     },
     "172837000060": {
      "maxRSS": 162780,
      "systemtime": 36333,
      "usertime": 1162650
     },
     "172837001193": {
      "maxRSS": 163164,
      "systemtime": 36334,
      "usertime": 1162707
     },
     "172837002275": {
      "maxRSS": 163420,
      "systemtime": 36335,
      "usertime": 1162725
     },
     "172837003387": {
      "maxRSS": 163676,
      "systemtime": 36335,
      "usertime": 1162741
     },
     "172837004472": {
      "maxRSS": 163932,
      "systemtime": 36335,
      "usertime": 1166751
     },
     "172837005550": {
      "maxRSS": 164188,
      "systemtime": 36335,
      "usertime": 1166767
     },
     "172837006651": {
      "maxRSS": 164572,
      "systemtime": 36335,
      "usertime": 1166778
     },
     "172837007775": {
      "maxRSS": 164828,
      "systemtime": 36336,
      "usertime": 1166820
     },
     "172837008868": {
      "maxRSS": 165084,
      "systemtime": 36336,
      "usertime": 1170853
     },
     "172837009948": {
      "maxRSS": 165340,
      "systemtime": 36337,
      "usertime": 1170866
     },
     "172837011031": {
      "maxRSS": 165596,
      "systemtime": 36337,
      "usertime": 1170877
     },
     "172837012067": {
      "maxRSS": 165724,
      "systemtime": 36337,
      "usertime": 1170890
     },
     "172837013147": {
      "maxRSS": 165724,
      "systemtime": 40377,
      "usertime": 1170950
     },
     "172837014247": {
      "maxRSS": 165852,
      "systemtime": 40378,
      "usertime": 1170980
     },
     "172837015329": {
      "maxRSS": 165980,
      "systemtime": 40379,
      "usertime": 1170995
     },
     "172837016409": {
      "maxRSS": 165980,
      "systemtime": 44391,
      "usertime": 1170995
     },
     "172837017492": {
      "maxRSS": 166108,
      "systemtime": 44408,
      "usertime": 1170995
     },
     "172837018572": {
      "maxRSS": 166108,
      "systemtime": 44417,
      "usertime": 1171003
     },
     "172837019662": {
      "maxRSS": 166364,
      "systemtime": 44417,
      "usertime": 1171017
     },
     "172837020751": {
      "maxRSS": 166620,
      "systemtime": 44417,
      "usertime": 1174962
     },
     "172837021864": {
      "maxRSS": 167004,
      "systemtime": 44417,
      "usertime": 1174977
     },
     "172837022933": {
      "maxRSS": 167260,
      "systemtime": 44417,
      "usertime": 1174988
     },
     "172837024054": {
      "maxRSS": 167516,
      "systemtime": 44417,
      "usertime": 1179009
     },
     "172837025163": {
      "maxRSS": 167772,
      "systemtime": 44417,
      "usertime": 1179023
     },
     "172837026268": {
      "maxRSS": 168156,
      "systemtime": 44417,
      "usertime": 1179035
     },
     "172837027336": {
      "maxRSS": 168412,
      "systemtime": 44417,
      "usertime": 1179044
     },
     "172837028437": {
      "maxRSS": 168668,
      "systemtime": 44417,
      "usertime": 1183085
     },
     "172837029526": {
      "maxRSS": 168924,
      "systemtime": 44417,
      "usertime": 1183101
     },
     "172837030608": {
      "maxRSS": 169180,
      "systemtime": 44417,
      "usertime": 1183119
     },
     "172837031694": {
      "maxRSS": 169436,
      "systemtime": 44418,
      "usertime": 1183134
     },
     "172837032774": {
      "maxRSS": 169692,
      "systemtime": 44418,
      "usertime": 1187152
     },
     "172837033888": {
      "maxRSS": 169948,
      "systemtime": 44418,
      "usertime": 1187168
     },
     "172837034981": {
      "maxRSS": 170332,
      "systemtime": 44419,
      "usertime": 1187217
     },
     "172837036086": {
      "maxRSS": 170588,
      "systemtime": 48432,
      "usertime": 1187217
     },
     "172837037197": {
      "maxRSS": 170844,
      "systemtime": 48446,
      "usertime": 1187217
     },
     "172837038294": {
      "maxRSS": 171100,
      "systemtime": 48455,
      "usertime": 1187217
     },
     "172837039391": {
      "maxRSS": 171356,
      "systemtime": 48458,
      "usertime": 1187221
     },
     "172837040489": {
      "maxRSS": 171740,
      "systemtime": 48458,
      "usertime": 1191228
     },
     "172837041574": {
      "maxRSS": 171996,
      "systemtime": 48458,
      "usertime": 1191250
     },
     "172837042646": {
      "maxRSS": 172252,
      "systemtime": 48458,
      "usertime": 1191263
     },
     "172837043748": {
      "maxRSS": 172508,
      "systemtime": 48458,
      "usertime": 1191274
     },
     "172837044827": {
      "maxRSS": 172764,
      "systemtime": 48458,
      "usertime": 1195285
     },
     "172837045900": {
      "maxRSS": 173020,
      "systemtime": 48458,
      "usertime": 1195298
     },
     "172837046971": {
      "maxRSS": 173276,
      "systemtime": 48458,
      "usertime": 1195310
     },
     "172837048048": {
      "maxRSS": 173660,
      "systemtime": 48458,
      "usertime": 1199336
     },
     "172837049115": {
      "maxRSS": 173916,
      "systemtime": 48458,
      "usertime": 1199346
     },
     "172837050240": {
      "maxRSS": 174172,
      "systemtime": 48459,
      "usertime": 1199367
     },
     "172837051320": {
      "maxRSS": 174428,
      "systemtime": 48460,
      "usertime": 1199390
     },
     "172837052408": {
      "maxRSS": 174684,
      "systemtime": 48460,
      "usertime": 1203395
     },
     "172837053512": {
      "maxRSS": 174940,
      "systemtime": 48460,
      "usertime": 1203406
     },
     "172837054624": {
      "maxRSS": 175324,
      "systemtime": 48460,
      "usertime": 1203424
     },
     "172837055740": {
      "maxRSS": 175580,
      "systemtime": 48460,
      "usertime": 1203445
     },
     "172837056854": {
      "maxRSS": 175836,
      "systemtime": 48460,
      "usertime": 1207465
     },
     "172837057923": {
      "maxRSS": 176092,
      "systemtime": 48460,
      "usertime": 1207476
     },
     "172837058998": {
      "maxRSS": 176348,
      "systemtime": 48461,
      "usertime": 1207489
     },
     "172837060052": {
      "maxRSS": 176604,
      "systemtime": 48461,
      "usertime": 1211502
     },
     "172837061136": {
      "maxRSS": 176860,
      "systemtime": 48461,
      "usertime": 1211515
     },
     "172837062273": {
      "maxRSS": 177244,
      "systemtime": 48462,
      "usertime": 1211560
     },
     "172837063371": {
      "maxRSS": 177500,
      "systemtime": 48462,
      "usertime": 1211574
     },
     "172837064484": {
      "maxRSS": 177756,
      "systemtime": 48462,
      "usertime": 1215593
     },
     "172837065576": {
      "maxRSS": 178140,
      "systemtime": 48463,
      "usertime": 1215625
     },
     "172837066665": {
      "maxRSS": 178396,
      "systemtime": 48464,
      "usertime": 1215639
     },
     "172837067774": {
      "maxRSS": 178652,
      "systemtime": 48464,
      "usertime": 1215656
     },
     "172837068864": {
      "maxRSS": 178908,
      "systemtime": 52492,
      "usertime": 1215656
     },
     "172837069934": {
      "maxRSS": 179164,
      "systemtime": 52503,
      "usertime": 1215657
     },
     "172837071022": {
      "maxRSS": 179548,
      "systemtime": 52504,
      "usertime": 1215686
     },
     "172837072091": {
      "maxRSS": 179804,
      "systemtime": 52504,
      "usertime": 1219694
     },
     "172837073164": {
      "maxRSS": 180060,
      "systemtime": 52504,
      "usertime": 1219706
     },
     "172837074245": {
      "maxRSS": 180316,
      "systemtime": 52504,
      "usertime": 1219716
     },
     "172837075351": {
      "maxRSS": 180572,
      "systemtime": 52506,
      "usertime": 1219757
     },
     "172837076453": {
      "maxRSS": 180828,
      "systemtime": 56537,
      "usertime": 1219757
     },
     "172837077537": {
      "maxRSS": 181084,
      "systemtime": 56545,
      "usertime": 1219765
     },
     "172837078618": {
      "maxRSS": 181468,
      "systemtime": 56546,
      "usertime": 1219782
     },
     "172837079724": {
      "maxRSS": 181724,
      "systemtime": 56547,
      "usertime": 1219801
     },
     "172837080805": {
      "maxRSS": 181980,
      "systemtime": 56547,
      "usertime": 1223820
     },
     "172837081878": {
      "maxRSS": 182236,
      "systemtime": 56547,
      "usertime": 1223834
     },
     "172837082982": {
      "maxRSS": 182492,
      "systemtime": 56548,
      "usertime": 1223865
     },
     "172837084033": {
      "maxRSS": 182748,
      "systemtime": 56548,
      "usertime": 1227882
     },
     "172837085173": {
      "maxRSS": 183132,
      "systemtime": 56548,
      "usertime": 1227901
     },
     "172837086287": {
      "maxRSS": 183388,
      "systemtime": 56549,
      "usertime": 1227921
     },
     "172837087397": {
      "maxRSS": 183644,
      "systemtime": 56549,
      "usertime": 1227934
     },
     "172837088518": {
      "maxRSS": 183900,
      "systemtime": 56549,
      "usertime": 1231960
     },
     "172837089637": {
      "maxRSS": 184284,
      "systemtime": 56550,
      "usertime": 1231988
     },
     "172837090725": {
      "maxRSS": 184540,
      "systemtime": 56550,
      "usertime": 1232002
     },
     "172837091812": {
      "maxRSS": 184668,
      "systemtime": 56551,
      "usertime": 1232017
     },
     "172837092888": {
      "maxRSS": 185052,
      "systemtime": 56552,
      "usertime": 1236082
     },
     "172837094003": {
      "maxRSS": 185308,
      "systemtime": 56553,
      "usertime": 1236098
     },
     "172837095133": {
      "maxRSS": 185564,
      "systemtime": 56554,
      "usertime": 1236113
     },
     "172837096218": {
      "maxRSS": 185820,
      "systemtime": 56554,
      "usertime": 1240089
     },
     "172837098333": {
      "maxRSS": 186332,
      "systemtime": 56554,
      "usertime": 1240111
     },
     "172837100469": {
      "maxRSS": 186844,
      "systemtime": 60579,
      "usertime": 1240111
     },
     "172837102549": {
      "maxRSS": 187484,
      "systemtime": 60591,
      "usertime": 1240115
     },
     "172837104654": {
      "maxRSS": 187996,
      "systemtime": 60591,
      "usertime": 1244127
     },
     "172837106737": {
      "maxRSS": 187996,
      "systemtime": 60591,
      "usertime": 1244141
     },
     "172837108486": {
      "maxRSS": 187996,
      "systemtime": 60741,
      "usertime": 1248488
     },
     "172837109615": {
      "maxRSS": 187996,
      "systemtime": 60741,
      "usertime": 1248520
     },
     "172837110730": {
      "maxRSS": 187996,
      "systemtime": 60741,
      "usertime": 1248534
     },
     "172837111797": {
      "maxRSS": 187996,
      "systemtime": 60741,
      "usertime": 1248542
     },
     "172837112882": {
      "maxRSS": 187996,
      "systemtime": 60741,
      "usertime": 1252095
     },
     "172837113957": {
      "maxRSS": 187996,
      "systemtime": 60741,
      "usertime": 1252109
     },
     "172837115065": {
      "maxRSS": 187996,
      "systemtime": 60741,
      "usertime": 1252128
     },
     "172837116197": {
      "maxRSS": 187996,
      "systemtime": 60741,
      "usertime": 1256158
     },
     "172837117316": {
      "maxRSS": 187996,
      "systemtime": 60741,
      "usertime": 1256174
     },
     "172837118395": {
      "maxRSS": 187996,
      "systemtime": 60741,
      "usertime": 1256190
     },
     "172837119502": {
      "maxRSS": 187996,
      "systemtime": 60741,
      "usertime": 1256206
     },
     "172837120591": {
      "maxRSS": 187996,
      "systemtime": 60741,
      "usertime": 1260219
     },
     "172837121678": {
      "maxRSS": 187996,
      "systemtime": 60741,
      "usertime": 1260232
     },
     "172837122780": {
      "maxRSS": 187996,
      "systemtime": 60741,
      "usertime": 1260272
     },
     "172837123889": {
      "maxRSS": 187996,
      "systemtime": 60741,
      "usertime": 1260286
     },
     "172837124970": {
      "maxRSS": 187996,
      "systemtime": 60741,
      "usertime": 1264299
     },
     "172837126051": {
      "maxRSS": 187996,
      "systemtime": 60741,
      "usertime": 1264313
     },
     "172837127121": {
      "maxRSS": 187996,
      "systemtime": 60741,
      "usertime": 1264325
     },
     "172837128203": {
      "maxRSS": 187996,
      "systemtime": 60741,
      "usertime": 1268336
     },
     "172837129288": {
      "maxRSS": 187996,
      "systemtime": 60741,
      "usertime": 1268361
     },
     "172837130365": {
      "maxRSS": 187996,
      "systemtime": 60741,
      "usertime": 1268375
     },
     "172837131436": {
      "maxRSS": 187996,
      "systemtime": 60741,
      "usertime": 1268388
     },
     "172837132607": {
      "maxRSS": 187996,
      "systemtime": 60741,
      "usertime": 1272472
     },
     "172837133700": {
      "maxRSS": 187996,
      "systemtime": 60741,
      "usertime": 1272493
     },
     "172837134816": {
      "maxRSS": 187996,
      "systemtime": 60741,
      "usertime": 1272513
     },
     "172837135920": {
      "maxRSS": 187996,
      "systemtime": 60741,
      "usertime": 1272554
     },
     "172837137048": {
      "maxRSS": 187996,
      "systemtime": 60741,
      "usertime": 1276508
     },
     "172837138144": {
      "maxRSS": 187996,
      "systemtime": 60741,
      "usertime": 1276521
     },
     "172837139213": {
      "maxRSS": 187996,
      "systemtime": 60741,
      "usertime": 1276532
     },
     "172837140284": {
      "maxRSS": 187996,
      "systemtime": 60741,
      "usertime": 1280539
     },
     "172837141368": {
      "maxRSS": 187996,
      "systemtime": 60741,
      "usertime": 1280555
     },
     "172837142461": {
      "maxRSS": 187996,
      "systemtime": 60741,
      "usertime": 1280569
     },
     "172837143589": {
      "maxRSS": 187996,
      "systemtime": 60741,
      "usertime": 1280605
     },
     "172837144659": {
      "maxRSS": 187996,
      "systemtime": 60741,
      "usertime": 1284616
     },
     "172837145724": {
      "maxRSS": 187996,
      "systemtime": 60741,
      "usertime": 1284624
     },
     "172837146789": {
      "maxRSS": 187996,
      "systemtime": 60741,
      "usertime": 1284631
     },
     "172837147892": {
      "maxRSS": 187996,
      "systemtime": 60741,
      "usertime": 1284643
     },
     "172837149023": {
      "maxRSS": 187996,
      "systemtime": 60741,
      "usertime": 1288672
     },
     "172837150141": {
      "maxRSS": 187996,
      "systemtime": 60741,
      "usertime": 1288698
     },
     "172837151244": {
      "maxRSS": 187996,
      "systemtime": 60741,
      "usertime": 1288709
     },
     "172837152313": {
      "maxRSS": 187996,
      "systemtime": 60741,
      "usertime": 1292721
     },
     "172837153425": {
      "maxRSS": 187996,
      "systemtime": 60741,
      "usertime": 1292736
     },
     "172837154525": {
      "maxRSS": 187996,
      "systemtime": 60741,
      "usertime": 1292745
     },
     "172837155633": {
      "maxRSS": 187996,
      "systemtime": 60741,
      "usertime": 1292763
     },
     "172837156731": {
      "maxRSS": 187996,
      "systemtime": 60741,
      "usertime": 1296787
     },
     "172837157812": {
      "maxRSS": 187996,
      "systemtime": 60741,
      "usertime": 1296803
     },
     "172837158888": {
      "maxRSS": 187996,
      "systemtime": 60741,
      "usertime": 1296818
     },
     "172837159961": {
      "maxRSS": 187996,
      "systemtime": 60741,
      "usertime": 1296832
     },
     "172837161033": {
      "maxRSS": 187996,
      "systemtime": 60741,
      "usertime": 1300845
     },
     "172837162103": {
      "maxRSS": 187996,
      "systemtime": 60741,
      "usertime": 1300856
     },
     "172837163187": {
      "maxRSS": 187996,
      "systemtime": 60741,
      "usertime": 1300881
     },
     "172837164286": {
      "maxRSS": 187996,
      "systemtime": 60741,
      "usertime": 1304904
     },
     "172837165387": {
      "maxRSS": 187996,
      "systemtime": 60741,
      "usertime": 1304935
     },
     "172837166479": {
      "maxRSS": 187996,
      "systemtime": 60741,
      "usertime": 1304958
     },
     "172837167554": {
      "maxRSS": 187996,
      "systemtime": 60741,
      "usertime": 1304973
     },
     "172837168622": {
      "maxRSS": 187996,
      "systemtime": 60741,
      "usertime": 1308982
     },
     "172837169688": {
      "maxRSS": 187996,
      "systemtime": 60741,
      "usertime": 1308991
     },
     "172837170774": {
      "maxRSS": 187996,
      "systemtime": 60741,
      "usertime": 1309019
     },
     "172837171851": {
      "maxRSS": 187996,
      "systemtime": 60741,
      "usertime": 1309033
     },
     "172837172951": {
      "maxRSS": 187996,
      "systemtime": 60741,
      "usertime": 1313068
     },
     "172837174021": {
      "maxRSS": 187996,
      "systemtime": 60741,
      "usertime": 1313081
     },
     "172837175131": {
      "maxRSS": 187996,
      "systemtime": 60741,
      "usertime": 1313094
     },
     "172837176215": {
      "maxRSS": 187996,
      "systemtime": 60741,
      "usertime": 1317121
     },
     "172837177319": {
      "maxRSS": 187996,
      "systemtime": 60741,
      "usertime": 1317168
     },
     "172837178419": {
      "maxRSS": 187996,
      "systemtime": 60741,
      "usertime": 1317176
     },
     "172837179524": {
      "maxRSS": 187996,
      "systemtime": 60741,
      "usertime": 1317189
     },
     "172837180607": {
      "maxRSS": 187996,
      "systemtime": 60741,
      "usertime": 1321207
     },
     "172837181685": {
      "maxRSS": 187996,
      "systemtime": 60741,
      "usertime": 1321226
     },
     "172837182757": {
      "maxRSS": 187996,
      "systemtime": 60741,
      "usertime": 1321239
     },
     "172837183906": {
      "maxRSS": 188124,
      "systemtime": 60741,
      "usertime": 1321271
     },
     "172837185014": {
      "maxRSS": 188124,
      "systemtime": 60741,
      "usertime": 1325284
     },
     "172837186112": {
      "maxRSS": 188124,
      "systemtime": 60741,
      "usertime": 1325292
     },
     "172837187219": {
      "maxRSS": 188124,
      "systemtime": 60741,
      "usertime": 1325307
     },
     "172837188285": {
      "maxRSS": 188124,
      "systemtime": 60741,
      "usertime": 1329314
     },
     "172837189383": {
      "maxRSS": 188124,
      "systemtime": 60741,
      "usertime": 1329322
     },
     "172837190494": {
      "maxRSS": 188124,
      "systemtime": 60741,
      "usertime": 1329341
     },
     "172837191560": {
      "maxRSS": 188124,
      "systemtime": 60741,
      "usertime": 1329349
     },
     "172837192637": {
      "maxRSS": 188124,
      "systemtime": 60741,
      "usertime": 1333361
     },
     "172837193746": {
      "maxRSS": 188124,
      "systemtime": 60741,
      "usertime": 1333379
     },
     "172837194851": {
      "maxRSS": 188124,
      "systemtime": 60741,
      "usertime": 1333390
     },
     "172837195935": {
      "maxRSS": 188124,
      "systemtime": 60741,
      "usertime": 1333404
     },
     "172837197013": {
      "maxRSS": 188124,
      "systemtime": 60741,
      "usertime": 1337471
     },
     "172837198119": {
      "maxRSS": 188124,
      "systemtime": 60741,
      "usertime": 1337504
     },
     "172837199198": {
      "maxRSS": 188124,
      "systemtime": 60741,
      "usertime": 1337520
     },
     "172837200282": {
      "maxRSS": 188124,
      "systemtime": 60741,
      "usertime": 1341489
     },
     "172837201416": {
      "maxRSS": 188124,
      "systemtime": 60741,
      "usertime": 1341508
     },
     "172837202493": {
      "maxRSS": 188124,
      "systemtime": 60741,
      "usertime": 1341522
     },
     "172837203614": {
      "maxRSS": 188124,
      "systemtime": 60741,
      "usertime": 1341534
     },
     "172837204706": {
      "maxRSS": 188124,
      "systemtime": 60741,
      "usertime": 1345565
     },
     "172837205805": {
      "maxRSS": 188124,
      "systemtime": 60741,
      "usertime": 1345575
     },
     "172837206907": {
      "maxRSS": 188124,
      "systemtime": 60741,
      "usertime": 1345584
     },
     "172837207978": {
      "maxRSS": 188124,
      "systemtime": 60741,
      "usertime": 1345595
     },
     "172837209060": {
      "maxRSS": 188124,
      "systemtime": 60741,
      "usertime": 1349611
     },
     "172837210138": {
      "maxRSS": 188124,
      "systemtime": 60741,
      "usertime": 1349626
     },
     "172837211234": {
      "maxRSS": 188124,
      "systemtime": 60741,
      "usertime": 1349664
     },
     "172837212376": {
      "maxRSS": 188124,
      "systemtime": 60741,
      "usertime": 1353674
     },
     "172837213478": {
      "maxRSS": 188124,
      "systemtime": 60741,
      "usertime": 1353700
     },
     "172837214577": {
      "maxRSS": 188124,
      "systemtime": 60741,
      "usertime": 1353710
     },
     "172837215646": {
      "maxRSS": 188124,
      "systemtime": 60741,
      "usertime": 1353720
     },
     "172837216734": {
      "maxRSS": 188124,
      "systemtime": 60741,
      "usertime": 1357737
     },
     "172837217825": {
      "maxRSS": 188124,
      "systemtime": 60741,
      "usertime": 1357769
     },
     "172837218928": {
      "maxRSS": 188124,
      "systemtime": 60741,
      "usertime": 1357781
     },
     "172837220053": {
      "maxRSS": 188124,
      "systemtime": 60741,
      "usertime": 1361792
     },
     "172837221155": {
      "maxRSS": 188124,
      "systemtime": 60741,
      "usertime": 1361803
     },
     "172837222264": {
      "maxRSS": 188124,
      "systemtime": 60741,
      "usertime": 1361829
     },
     "172837223345": {
      "maxRSS": 188124,
      "systemtime": 60741,
      "usertime": 1361842
     },
     "172837224430": {
      "maxRSS": 188124,
      "systemtime": 60741,
      "usertime": 1365876
     },
     "172837225557": {
      "maxRSS": 188124,
      "systemtime": 60741,
      "usertime": 1365932
     },
     "172837226642": {
      "maxRSS": 188124,
      "systemtime": 60741,
      "usertime": 1365950
     },
     "172837227730": {
      "maxRSS": 188124,
      "systemtime": 60741,
      "usertime": 1365967
     },
     "172837228846": {
      "maxRSS": 188124,
      "systemtime": 60741,
      "usertime": 1369962
     },
     "172837229929": {
      "maxRSS": 188124,
      "systemtime": 60741,
      "usertime": 1369980
     },
     "172837231001": {
      "maxRSS": 188124,
      "systemtime": 60741,
      "usertime": 1369993
     },
     "172837232089": {
      "maxRSS": 188124,
      "systemtime": 60741,
      "usertime": 1374003
     },
     "172837233170": {
      "maxRSS": 188124,
      "systemtime": 60741,
      "usertime": 1374018
     },
     "172837234281": {
      "maxRSS": 188124,
      "systemtime": 60741,
      "usertime": 1374034
     },
     "172837235389": {
      "maxRSS": 188124,
      "systemtime": 60741,
      "usertime": 1374047
     },
     "172837236463": {
      "maxRSS": 188124,
      "systemtime": 60741,
      "usertime": 1378074
     },
     "172837237579": {
      "maxRSS": 188124,
      "systemtime": 60741,
      "usertime": 1378101
     },
     "172837238697": {
      "maxRSS": 188124,
      "systemtime": 60741,
      "usertime": 1378126
     },
     "172837239801": {
      "maxRSS": 188124,
      "systemtime": 60741,
      "usertime": 1378139
     },
     "172837240899": {
      "maxRSS": 188124,
      "systemtime": 60741,
      "usertime": 1382127
     },
     "172837241969": {
      "maxRSS": 188124,
      "systemtime": 60741,
      "usertime": 1382137
     },
     "172837243085": {
      "maxRSS": 188124,
      "systemtime": 60741,
      "usertime": 1382161
     },
     "172837244163": {
      "maxRSS": 188124,
      "systemtime": 60741,
      "usertime": 1386175
     },
     "172837245283": {
      "maxRSS": 188124,
      "systemtime": 60741,
      "usertime": 1386198
     },
     "172837246383": {
      "maxRSS": 188124,
      "systemtime": 60741,
      "usertime": 1386205
     },
     "172837247470": {
      "maxRSS": 188124,
      "systemtime": 60741,
      "usertime": 1386219
     },
     "172837249561": {
      "maxRSS": 188124,
      "systemtime": 60741,
      "usertime": 1390243
     },
     "172837251660": {
      "maxRSS": 188124,
      "systemtime": 60741,
      "usertime": 1390264
     },
     "172837253765": {
      "maxRSS": 188124,
      "systemtime": 60741,
      "usertime": 1394302
     },
     "172837255879": {
      "maxRSS": 188124,
      "systemtime": 60741,
      "usertime": 1394319
     },
     "172837257979": {
      "maxRSS": 188124,
      "systemtime": 60741,
      "usertime": 1398351
     },
     "172837260031": {
      "maxRSS": 188124,
      "systemtime": 60741,
      "usertime": 1402390
     },
     "172837262110": {
      "maxRSS": 188252,
      "systemtime": 60741,
      "usertime": 1402406
     },
     "172837264197": {
      "maxRSS": 188508,
      "systemtime": 60741,
      "usertime": 1406405
     },
     "172837266282": {
      "maxRSS": 188764,
      "systemtime": 60741,
      "usertime": 1406424
     },
     "172837268359": {
      "maxRSS": 189148,
      "systemtime": 60741,
      "usertime": 1410441
     },
     "172837270451": {
      "maxRSS": 189404,
      "systemtime": 60741,
      "usertime": 1410474
     },
     "172837272528": {
      "maxRSS": 189660,
      "systemtime": 60741,
      "usertime": 1414488
     },
     "172837274609": {
      "maxRSS": 189916,
      "systemtime": 60741,
      "usertime": 1414505
     },
     "172837276743": {
      "maxRSS": 190300,
      "systemtime": 60741,
      "usertime": 1418524
     },
     "172837278852": {
      "maxRSS": 190556,
      "systemtime": 60741,
      "usertime": 1418539
     },
     "172837280929": {
      "maxRSS": 190812,
      "systemtime": 60741,
      "usertime": 1422556
     },
     "172837283029": {
      "maxRSS": 191068,
      "systemtime": 60741,
      "usertime": 1422590
     },
     "172837285111": {
      "maxRSS": 191324,
      "systemtime": 60741,
      "usertime": 1426605
     },
     "172837287225": {
      "maxRSS": 191708,
      "systemtime": 60741,
      "usertime": 1426621
     },
     "172837289342": {
      "maxRSS": 191964,
      "systemtime": 60741,
      "usertime": 1430650
     },
     "172837291421": {
      "maxRSS": 192220,
      "systemtime": 60741,
      "usertime": 1430665
     },
     "172837293542": {
      "maxRSS": 192476,
      "systemtime": 60741,
      "usertime": 1434687
     },
     "172837295692": {
      "maxRSS": 192860,
      "systemtime": 60741,
      "usertime": 1434717
     },
     "172837297801": {
      "maxRSS": 193116,
      "systemtime": 60741,
      "usertime": 1438777
     },
     "172837299877": {
      "maxRSS": 193372,
      "systemtime": 60741,
      "usertime": 1438790
     },
     "172837301981": {
      "maxRSS": 193756,
      "systemtime": 60741,
      "usertime": 1442742
     },
     "172837304053": {
      "maxRSS": 194012,
      "systemtime": 60741,
      "usertime": 1446752
     },
     "172837306155": {
      "maxRSS": 194268,
      "systemtime": 60741,
      "usertime": 1446765
     },
     "172837308270": {
      "maxRSS": 194524,
      "systemtime": 60741,
      "usertime": 1450809
     },
     "172837310362": {
      "maxRSS": 194908,
      "systemtime": 60741,
      "usertime": 1450832
     },
     "172837312455": {
      "maxRSS": 195164,
      "systemtime": 60741,
      "usertime": 1454854
     },
     "172837314579": {
      "maxRSS": 195420,
      "systemtime": 60741,
      "usertime": 1454884
     },
     "172837316663": {
      "maxRSS": 195676,
      "systemtime": 60741,
      "usertime": 1458902
     },
     "172837318776": {
      "maxRSS": 195932,
      "systemtime": 60741,
      "usertime": 1458922
     },
     "172837320884": {
      "maxRSS": 196316,
      "systemtime": 60741,
      "usertime": 1462993
     },
     "172837322974": {
      "maxRSS": 196572,
      "systemtime": 60741,
      "usertime": 1463021
     },
     "172837325060": {
      "maxRSS": 196828,
      "systemtime": 60741,
      "usertime": 1466981
     },
     "172837327190": {
      "maxRSS": 197212,
      "systemtime": 60741,
      "usertime": 1466999
     },
     "172837329303": {
      "maxRSS": 197468,
      "systemtime": 60741,
      "usertime": 1471015
     },
     "172837331407": {
      "maxRSS": 197724,
      "systemtime": 60741,
      "usertime": 1471028
     },
     "172837333498": {
      "maxRSS": 197980,
      "systemtime": 60741,
      "usertime": 1475042
     },
     "172837335609": {
      "maxRSS": 198236,
      "systemtime": 60741,
      "usertime": 1475077
     },
     "172837337694": {
      "maxRSS": 198492,
      "systemtime": 60741,
      "usertime": 1479098
     },
     "172837339766": {
      "maxRSS": 198876,
      "systemtime": 60741,
      "usertime": 1479112
     },
     "172837341908": {
      "maxRSS": 199132,
      "systemtime": 60741,
      "usertime": 1483126
     },
     "172837344024": {
      "maxRSS": 199388,
      "systemtime": 60741,
      "usertime": 1487141
     },
     "172837346127": {
      "maxRSS": 199644,
      "systemtime": 60741,
      "usertime": 1487152
     },
     "172837348208": {
      "maxRSS": 200028,
      "systemtime": 60741,
      "usertime": 1491171
     },
     "172837350291": {
      "maxRSS": 200284,
      "systemtime": 60741,
      "usertime": 1491184
     },
     "172837352386": {
      "maxRSS": 200540,
      "systemtime": 60741,
      "usertime": 1495217
     },
     "172837354508": {
      "maxRSS": 200796,
      "systemtime": 60741,
      "usertime": 1495243
     },
     "172837356581": {
      "maxRSS": 201052,
      "systemtime": 60741,
      "usertime": 1499244
     },
     "172837358686": {
      "maxRSS": 201308,
      "systemtime": 60741,
      "usertime": 1499280
     },
     "172837360806": {
      "maxRSS": 201692,
      "systemtime": 60741,
      "usertime": 1503338
     },
     "172837362885": {
      "maxRSS": 201948,
      "systemtime": 60741,
      "usertime": 1503353
     },
     "172837364987": {
      "maxRSS": 202204,
      "systemtime": 60741,
      "usertime": 1507360
     },
     "172837367113": {
      "maxRSS": 202460,
      "systemtime": 60741,
      "usertime": 1507380
     },
     "172837369204": {
      "maxRSS": 202716,
      "systemtime": 60741,
      "usertime": 1511408
     },
     "172837371281": {
      "maxRSS": 203100,
      "systemtime": 60741,
      "usertime": 1511425
     },
     "172837373360": {
      "maxRSS": 203356,
      "systemtime": 60741,
      "usertime": 1515435
     },
     "172837375478": {
      "maxRSS": 203612,
      "systemtime": 60741,
      "usertime": 1515487
     },
     "172837377593": {
      "maxRSS": 203868,
      "systemtime": 60741,
      "usertime": 1519520
     },
     "172837379697": {
      "maxRSS": 204252,
      "systemtime": 60741,
      "usertime": 1519532
     },
     "172837381798": {
      "maxRSS": 204508,
      "systemtime": 60741,
      "usertime": 1523526
     },
     "172837383909": {
      "maxRSS": 204764,
      "systemtime": 60741,
      "usertime": 1523540
     },
     "172837386013": {
      "maxRSS": 205020,
      "systemtime": 60741,
      "usertime": 1527552
     },
     "172837388053": {
      "maxRSS": 205404,
      "systemtime": 60741,
      "usertime": 1531572
     },
     "172837390158": {
      "maxRSS": 205404,
      "systemtime": 60741,
      "usertime": 1533160
     },
     "172837391861": {
      "maxRSS": 205404,
      "systemtime": 60768,
      "usertime": 1535416
     },
     "172837392941": {
      "maxRSS": 205404,
      "systemtime": 60768,
      "usertime": 1535595
     },
     "172837394051": {
      "maxRSS": 205404,
      "systemtime": 60768,
      "usertime": 1537616
     },
     "172837395131": {
      "maxRSS": 205660,
      "systemtime": 60768,
      "usertime": 1537631
     },
     "172837396234": {
      "maxRSS": 206044,
      "systemtime": 60768,
      "usertime": 1539659
     },
     "172837397347": {
      "maxRSS": 206300,
      "systemtime": 60768,
      "usertime": 1539673
     },
     "172837398456": {
      "maxRSS": 206556,
      "systemtime": 60768,
      "usertime": 1539693
     },
     "172837399574": {
      "maxRSS": 206812,
      "systemtime": 60768,
      "usertime": 1539706
     },
     "172837400662": {
      "maxRSS": 207068,
      "systemtime": 60768,
      "usertime": 1543723
     },
     "172837401776": {
      "maxRSS": 207324,
      "systemtime": 60768,
      "usertime": 1543743
     },
     "172837402868": {
      "maxRSS": 207580,
      "systemtime": 60768,
      "usertime": 1543770
     },
     "172837403959": {
      "maxRSS": 207836,
      "systemtime": 60768,
      "usertime": 1543785
     },
     "172837405038": {
      "maxRSS": 208092,
      "systemtime": 60768,
      "usertime": 1547794
     },
     "172837406121": {
      "maxRSS": 208348,
      "systemtime": 60768,
      "usertime": 1547806
     },
     "172837407207": {
      "maxRSS": 208604,
      "systemtime": 60768,
      "usertime": 1547817
     },
     "172837408310": {
      "maxRSS": 208860,
      "systemtime": 60768,
      "usertime": 1551830
     },
     "172837409394": {
      "maxRSS": 209116,
      "systemtime": 60768,
      "usertime": 1551844
     },
     "172837410508": {
      "maxRSS": 209500,
      "systemtime": 60768,
      "usertime": 1551888
     },
     "172837411616": {
      "maxRSS": 209756,
      "systemtime": 60768,
      "usertime": 1551937
     },
     "172837412686": {
      "maxRSS": 210012,
      "systemtime": 60768,
      "usertime": 1555947
     },
     "172837413753": {
      "maxRSS": 210268,
      "systemtime": 60768,
      "usertime": 1555957
     },
     "172837414819": {
      "maxRSS": 210524,
      "systemtime": 60768,
      "usertime": 1555964
     },
     "172837415900": {
      "maxRSS": 210780,
      "systemtime": 60768,
      "usertime": 1555978
     },
     "172837417031": {
      "maxRSS": 211036,
      "systemtime": 60768,
      "usertime": 1560010
     },
     "172837418119": {
      "maxRSS": 211292,
      "systemtime": 60768,
      "usertime": 1560028
     },
     "172837419235": {
      "maxRSS": 211676,
      "systemtime": 60768,
      "usertime": 1560049
     },
     "172837420317": {
      "maxRSS": 211932,
      "systemtime": 60768,
      "usertime": 1564066
     },
     "172837421441": {
      "maxRSS": 212188,
      "systemtime": 60768,
      "usertime": 1564081
     },
     "172837422514": {
      "maxRSS": 212444,
      "systemtime": 60768,
      "usertime": 1564096
     },
     "172837423633": {
      "maxRSS": 212700,
      "systemtime": 60768,
      "usertime": 1564124
     },
     "172837424717": {
      "maxRSS": 212956,
      "systemtime": 60768,
      "usertime": 1568137
     },
     "172837425834": {
      "maxRSS": 213212,
      "systemtime": 60768,
      "usertime": 1568173
     },
     "172837426951": {
      "maxRSS": 213596,
      "systemtime": 60768,
      "usertime": 1568190
     },
     "172837428052": {
      "maxRSS": 213852,
      "systemtime": 60768,
      "usertime": 1572221
     },
     "172837429138": {
      "maxRSS": 214108,
      "systemtime": 60768,
      "usertime": 1572234
     },
     "172837430302": {
      "maxRSS": 214364,
      "systemtime": 60768,
      "usertime": 1572307
     },
     "172837431407": {
      "maxRSS": 214620,
      "systemtime": 60768,
      "usertime": 1572322
     },
     "172837432481": {
      "maxRSS": 214876,
      "systemtime": 60768,
      "usertime": 1576333
     },
     "172837433564": {
      "maxRSS": 215260,
      "systemtime": 60768,
      "usertime": 1576349
     },
     "172837434640": {
      "maxRSS": 215516,
      "systemtime": 60768,
      "usertime": 1576365
     },
     "172837435711": {
      "maxRSS": 215772,
      "systemtime": 60768,
      "usertime": 1576378
     },
     "172837436781": {
      "maxRSS": 216028,
      "systemtime": 60768,
      "usertime": 1580389
     },
     "172837437897": {
      "maxRSS": 216284,
      "systemtime": 60768,
      "usertime": 1580413
     },
     "172837439007": {
      "maxRSS": 216540,
      "systemtime": 60768,
      "usertime": 1580428
     },
     "172837440109": {
      "maxRSS": 216924,
      "systemtime": 60768,
      "usertime": 1584464
     },
     "172837441187": {
      "maxRSS": 217180,
      "systemtime": 60768,
      "usertime": 1584479
     },
     "172837442271": {
      "maxRSS": 217436,
      "systemtime": 60768,
      "usertime": 1584496
     },
     "172837443344": {
      "maxRSS": 217692,
      "systemtime": 60768,
      "usertime": 1584510
     },
     "172837444464": {
      "maxRSS": 217948,
      "systemtime": 60768,
      "usertime": 1588591
     },
     "172837445562": {
      "maxRSS": 218204,
      "systemtime": 60768,
      "usertime": 1588600
     },
     "172837446629": {
      "maxRSS": 218588,
      "systemtime": 60768,
      "usertime": 1588610
     },
     "172837447731": {
      "maxRSS": 218844,
      "systemtime": 60768,
      "usertime": 1588619
     },
     "172837448807": {
      "maxRSS": 219100,
      "systemtime": 60768,
      "usertime": 1592574
     },
     "172837449892": {
      "maxRSS": 219356,
      "systemtime": 60768,
      "usertime": 1592592
     },
     "172837450984": {
      "maxRSS": 219612,
      "systemtime": 60768,
      "usertime": 1592622
     },
     "172837452038": {
      "maxRSS": 219868,
      "systemtime": 60768,
      "usertime": 1596642
     },
     "172837453121": {
      "maxRSS": 220124,
      "systemtime": 60768,
      "usertime": 1596656
     },
     "172837454201": {
      "maxRSS": 220508,
      "systemtime": 60768,
      "usertime": 1596672
     },
     "172837455313": {
      "maxRSS": 220764,
      "systemtime": 60768,
      "usertime": 1596688
     },
     "172837456394": {
      "maxRSS": 221020,
      "systemtime": 60768,
      "usertime": 1600696
     },
     "172837457489": {
      "maxRSS": 221276,
      "systemtime": 60768,
      "usertime": 1600728
     },
     "172837458568": {
      "maxRSS": 221532,
      "systemtime": 60768,
      "usertime": 1600743
     },
     "172837459643": {
      "maxRSS": 221916,
      "systemtime": 60768,
      "usertime": 1600757
     },
     "172837460735": {
      "maxRSS": 222172,
      "systemtime": 60768,
      "usertime": 1604790
     },
     "172837461837": {
      "maxRSS": 222428,
      "systemtime": 60768,
      "usertime": 1604802
     },
     "172837462936": {
      "maxRSS": 222684,
      "systemtime": 60768,
      "usertime": 1604810
     },
     "172837464047": {
      "maxRSS": 222940,
      "systemtime": 60768,
      "usertime": 1608818
     },
     "172837465168": {
      "maxRSS": 223324,
      "systemtime": 60768,
      "usertime": 1608846
     },
     "172837466236": {
      "maxRSS": 223580,
      "systemtime": 60768,
      "usertime": 1608855
     },
     "172837467356": {
      "maxRSS": 223836,
      "systemtime": 60768,
      "usertime": 1608871
     },
     "172837468455": {
      "maxRSS": 224092,
      "systemtime": 60768,
      "usertime": 1612893
     },
     "172837469527": {
      "maxRSS": 224348,
      "systemtime": 60768,
      "usertime": 1612907
     },
     "172837470606": {
      "maxRSS": 224604,
      "systemtime": 60768,
      "usertime": 1612918
     },
     "172837471709": {
      "maxRSS": 225116,
      "systemtime": 60768,
      "usertime": 1612963
     },
     "172837472790": {
      "maxRSS": 225372,
      "systemtime": 60768,
      "usertime": 1616975
     },
     "172837473865": {
      "maxRSS": 225628,
      "systemtime": 60768,
      "usertime": 1616989
     },
     "172837474946": {
      "maxRSS": 225884,
      "systemtime": 60768,
      "usertime": 1617004
     },
     "172837476021": {
      "maxRSS": 226140,
      "systemtime": 60768,
      "usertime": 1621020
     },
     "172837477097": {
      "maxRSS": 226396,
      "systemtime": 60768,
      "usertime": 1621034
     },
     "172837478210": {
      "maxRSS": 226652,
      "systemtime": 60768,
      "usertime": 1621078
     },
     "172837479284": {
      "maxRSS": 226908,
      "systemtime": 60768,
      "usertime": 1621090
     },
     "172837480362": {
      "maxRSS": 227164,
      "systemtime": 60768,
      "usertime": 1625106
     },
     "172837481436": {
      "maxRSS": 227420,
      "systemtime": 60768,
      "usertime": 1625119
     },
     "172837482514": {
      "maxRSS": 227676,
      "systemtime": 60768,
      "usertime": 1625133
     },
     "172837483598": {
      "maxRSS": 227932,
      "systemtime": 60768,
      "usertime": 1625148
     },
     "172837484697": {
      "maxRSS": 228188,
      "systemtime": 60768,
      "usertime": 1629180
     },
     "172837485771": {
      "maxRSS": 228444,
      "systemtime": 60768,
      "usertime": 1629193
     },
     "172837486851": {
      "maxRSS": 228700,
      "systemtime": 60768,
      "usertime": 1629207
     },
     "172837487928": {
      "maxRSS": 228956,
      "systemtime": 60768,
      "usertime": 1629221
     },
     "172837489036": {
      "maxRSS": 229212,
      "systemtime": 60768,
      "usertime": 1633234
     },
     "172837490115": {
      "maxRSS": 229468,
      "systemtime": 60768,
      "usertime": 1633247
     },
     "172837491193": {
      "maxRSS": 229724,
      "systemtime": 60768,
      "usertime": 1633261
     },
     "172837492296": {
      "maxRSS": 229980,
      "systemtime": 64688,
      "usertime": 1633386
     },
     "172837493370": {
      "maxRSS": 230236,
      "systemtime": 64689,
      "usertime": 1633399
     },
     "172837494450": {
      "maxRSS": 230492,
      "systemtime": 64689,
      "usertime": 1633413
     },
     "172837495548": {
      "maxRSS": 230876,
      "systemtime": 64690,
      "usertime": 1633446
     },
     "172837496624": {
      "maxRSS": 231004,
      "systemtime": 64690,
      "usertime": 1637460
     },
     "172837497709": {
      "maxRSS": 231388,
      "systemtime": 64690,
      "usertime": 1637475
     },
     "172837498798": {
      "maxRSS": 231516,
      "systemtime": 64691,
      "usertime": 1637498
     },
     "172837499883": {
      "maxRSS": 231772,
      "systemtime": 64691,
      "usertime": 1637515
     },
     "172837501089": {
      "maxRSS": 232156,
      "systemtime": 64691,
      "usertime": 1641540
     },
     "172837502216": {
      "maxRSS": 232412,
      "systemtime": 64692,
      "usertime": 1641570
     },
     "172837503324": {
      "maxRSS": 232668,
      "systemtime": 64692,
      "usertime": 1641582
     },
     "172837504403": {
      "maxRSS": 232924,
      "systemtime": 64692,
      "usertime": 1645595
     },
     "172837505544": {
      "maxRSS": 233180,
      "systemtime": 64693,
      "usertime": 1645639
     },
     "172837506649": {
      "maxRSS": 233436,
      "systemtime": 64693,
      "usertime": 1645651
     },
     "172837507769": {
      "maxRSS": 233692,
      "systemtime": 64694,
      "usertime": 1645668
     },
     "172837508869": {
      "maxRSS": 233948,
      "systemtime": 64694,
      "usertime": 1649683
     },
     "172837509949": {
      "maxRSS": 234204,
      "systemtime": 64694,
      "usertime": 1649697
     },
     "172837511034": {
      "maxRSS": 234460,
      "systemtime": 64694,
      "usertime": 1649709
     },
     "172837512146": {
      "maxRSS": 234716,
      "systemtime": 64694,
      "usertime": 1653756
     },
     "172837513252": {
      "maxRSS": 234972,
      "systemtime": 64695,
      "usertime": 1653769
     },
     "172837514361": {
      "maxRSS": 235228,
      "systemtime": 64695,
      "usertime": 1653783
     },
     "172837515478": {
      "maxRSS": 235484,
      "systemtime": 64696,
      "usertime": 1653798
     },
     "172837516558": {
      "maxRSS": 235740,
      "systemtime": 64696,
      "usertime": 1657843
     },
     "172837517638": {
      "maxRSS": 236124,
      "systemtime": 64696,
      "usertime": 1657857
     },
     "172837518746": {
      "maxRSS": 236380,
      "systemtime": 64697,
      "usertime": 1657871
     },
     "172837519853": {
      "maxRSS": 236636,
      "systemtime": 64698,
      "usertime": 1657896
     },
     "172837520986": {
      "maxRSS": 236892,
      "systemtime": 64698,
      "usertime": 1661886
     },
     "172837522058": {
      "maxRSS": 237148,
      "systemtime": 64698,
      "usertime": 1661898
     },
     "172837523130": {
      "maxRSS": 237404,
      "systemtime": 64698,
      "usertime": 1661910
     },
     "172837524202": {
      "maxRSS": 237660,
      "systemtime": 64698,
      "usertime": 1665918
     },
     "172837525289": {
      "maxRSS": 238044,
      "systemtime": 64698,
      "usertime": 1665932
     },
     "172837526381": {
      "maxRSS": 238300,
      "systemtime": 64698,
      "usertime": 1665961
     },
     "172837527465": {
      "maxRSS": 238556,
      "systemtime": 64698,
      "usertime": 1665978
     },
     "172837528569": {
      "maxRSS": 238812,
      "systemtime": 64698,
      "usertime": 1669990
     },
     "172837529637": {
      "maxRSS": 239068,
      "systemtime": 64698,
      "usertime": 1670000
     },
     "172837530717": {
      "maxRSS": 239324,
      "systemtime": 64698,
      "usertime": 1670014
     },
     "172837531907": {
      "maxRSS": 239708,
      "systemtime": 64698,
      "usertime": 1670033
     },
     "172837533009": {
      "maxRSS": 239964,
      "systemtime": 64698,
      "usertime": 1674083
     },
     "172837535089": {
      "maxRSS": 240476,
      "systemtime": 64699,
      "usertime": 1674098
     },
     "172837537167": {
      "maxRSS": 240988,
      "systemtime": 64699,
      "usertime": 1678094
     },
     "172837539283": {
      "maxRSS": 241500,
      "systemtime": 64699,
      "usertime": 1678109
     },
     "172837541369": {
      "maxRSS": 242012,
      "systemtime": 64699,
      "usertime": 1682123
     },
     "172837543447": {
      "maxRSS": 242524,
      "systemtime": 64699,
      "usertime": 1682137
     },
     "172837545546": {
      "maxRSS": 243036,
      "systemtime": 64699,
      "usertime": 1686164
     },
     "172837547648": {
      "maxRSS": 243548,
      "systemtime": 64699,
      "usertime": 1686199
     },
     "172837549760": {
      "maxRSS": 244060,
      "systemtime": 64699,
      "usertime": 1690229
     },
     "172837551877": {
      "maxRSS": 244316,
      "systemtime": 64699,
      "usertime": 1690258
     },
     "172837553985": {
      "maxRSS": 244828,
      "systemtime": 64699,
      "usertime": 1694289
     },
     "172837556060": {
      "maxRSS": 245340,
      "systemtime": 64699,
      "usertime": 1698335
     },
     "172837558151": {
      "maxRSS": 245852,
      "systemtime": 64699,
      "usertime": 1698357
     },
     "172837560265": {
      "maxRSS": 246364,
      "systemtime": 64699,
      "usertime": 1702372
     },
     "172837562363": {
      "maxRSS": 246876,
      "systemtime": 64699,
      "usertime": 1702402
     },
     "172837564495": {
      "maxRSS": 247388,
      "systemtime": 64699,
      "usertime": 1706439
     },
     "172837566611": {
      "maxRSS": 247900,
      "systemtime": 64700,
      "usertime": 1706479
     },
     "172837568711": {
      "maxRSS": 248540,
      "systemtime": 64700,
      "usertime": 1710506
     },
     "172837570819": {
      "maxRSS": 249052,
      "systemtime": 64701,
      "usertime": 1710548
     },
     "172837572912": {
      "maxRSS": 249564,
      "systemtime": 64701,
      "usertime": 1714580
     },
     "172837575014": {
      "maxRSS": 249948,
      "systemtime": 64701,
      "usertime": 1714602
     },
     "172837577150": {
      "maxRSS": 250460,
      "systemtime": 68746,
      "usertime": 1714615
     },
     "172837579244": {
      "maxRSS": 250844,
      "systemtime": 68747,
      "usertime": 1714635
     },
     "172837581353": {
      "maxRSS": 251356,
      "systemtime": 68747,
      "usertime": 1718639
     },
     "172837583461": {
      "maxRSS": 251868,
      "systemtime": 68747,
      "usertime": 1718658
     },
     "172837585583": {
      "maxRSS": 252380,
      "systemtime": 68747,
      "usertime": 1722698
     },
     "172837587662": {
      "maxRSS": 252380,
      "systemtime": 68747,
      "usertime": 1722716
     },
     "172837589746": {
      "maxRSS": 252380,
      "systemtime": 68811,
      "usertime": 1728385
     },
     "172837590862": {
      "maxRSS": 252380,
      "systemtime": 68812,
      "usertime": 1728403
     },
     "172837591955": {
      "maxRSS": 252380,
      "systemtime": 68812,
      "usertime": 1728420
     },
     "172837593038": {
      "maxRSS": 252380,
      "systemtime": 68812,
      "usertime": 1730725
     },
     "172837594167": {
      "maxRSS": 252380,
      "systemtime": 68812,
      "usertime": 1730759
     },
     "172837595271": {
      "maxRSS": 252380,
      "systemtime": 68812,
      "usertime": 1730767
     },
     "172837596347": {
      "maxRSS": 252380,
      "systemtime": 68812,
      "usertime": 1734775
     },
     "172837597448": {
      "maxRSS": 252380,
      "systemtime": 68812,
      "usertime": 1734783
     },
     "172837598551": {
      "maxRSS": 252380,
      "systemtime": 68812,
      "usertime": 1734791
     },
     "172837599676": {
      "maxRSS": 252380,
      "systemtime": 68812,
      "usertime": 1734806
     },
     "172837600760": {
      "maxRSS": 252380,
      "systemtime": 68812,
      "usertime": 1738836
     },
     "172837601881": {
      "maxRSS": 252380,
      "systemtime": 68812,
      "usertime": 1738876
     },
     "172837602988": {
      "maxRSS": 252380,
      "systemtime": 68812,
      "usertime": 1738909
     },
     "172837604035": {
      "maxRSS": 252380,
      "systemtime": 68812,
      "usertime": 1742912
     },
     "172837605123": {
      "maxRSS": 252380,
      "systemtime": 68812,
      "usertime": 1742939
     },
     "172837606239": {
      "maxRSS": 252380,
      "systemtime": 68812,
      "usertime": 1742982
     },
     "172837607325": {
      "maxRSS": 252380,
      "systemtime": 68812,
      "usertime": 1743005
     },
     "172837608460": {
      "maxRSS": 252380,
      "systemtime": 68812,
      "usertime": 1747040
     },
     "172837609560": {
      "maxRSS": 252380,
      "systemtime": 68812,
      "usertime": 1747050
     },
     "172837610658": {
      "maxRSS": 252380,
      "systemtime": 68812,
      "usertime": 1747058
     },
     "172837611767": {
      "maxRSS": 252380,
      "systemtime": 68812,
      "usertime": 1747072
     },
     "172837612841": {
      "maxRSS": 252380,
      "systemtime": 68812,
      "usertime": 1751082
     },
     "172837613952": {
      "maxRSS": 252380,
      "systemtime": 68812,
      "usertime": 1751097
     },
     "172837615120": {
      "maxRSS": 252380,
      "systemtime": 68812,
      "usertime": 1751153
     },
     "172837616217": {
      "maxRSS": 252380,
      "systemtime": 68812,
      "usertime": 1755185
     },
     "172837617330": {
      "maxRSS": 252380,
      "systemtime": 68812,
      "usertime": 1755203
     },
     "172837618437": {
      "maxRSS": 252380,
      "systemtime": 68812,
      "usertime": 1755215
     },
     "172837619513": {
      "maxRSS": 252380,
      "systemtime": 68812,
      "usertime": 1755227
     },
     "172837620607": {
      "maxRSS": 252380,
      "systemtime": 68812,
      "usertime": 1759240
     },
     "172837621692": {
      "maxRSS": 252380,
      "systemtime": 68812,
      "usertime": 1759268
     },
     "172837622787": {
      "maxRSS": 252380,
      "systemtime": 68812,
      "usertime": 1759281
     },
     "172837623862": {
      "maxRSS": 252380,
      "systemtime": 68812,
      "usertime": 1759295
     },
     "172837624943": {
      "maxRSS": 252380,
      "systemtime": 68812,
      "usertime": 1763309
     },
     "172837626029": {
      "maxRSS": 252380,
      "systemtime": 68812,
      "usertime": 1763323
     },
     "172837627115": {
      "maxRSS": 252380,
      "systemtime": 68812,
      "usertime": 1763337
     },
     "172837628196": {
      "maxRSS": 252380,
      "systemtime": 68812,
      "usertime": 1767351
     },
     "172837629321": {
      "maxRSS": 252380,
      "systemtime": 68812,
      "usertime": 1767396
     },
     "172837630392": {
      "maxRSS": 252380,
      "systemtime": 68812,
      "usertime": 1767409
     },
     "172837631520": {
      "maxRSS": 252380,
      "systemtime": 68812,
      "usertime": 1767422
     },
     "172837632603": {
      "maxRSS": 252380,
      "systemtime": 68812,
      "usertime": 1771447
     },
     "172837633748": {
      "maxRSS": 252380,
      "systemtime": 68812,
      "usertime": 1771466
     },
     "172837634863": {
      "maxRSS": 252380,
      "systemtime": 68812,
      "usertime": 1771481
     },
     "172837635983": {
      "maxRSS": 252380,
      "systemtime": 68812,
      "usertime": 1771509
     },
     "172837637089": {
      "maxRSS": 252380,
      "systemtime": 68812,
      "usertime": 1775521
     },
     "172837638187": {
      "maxRSS": 252380,
      "systemtime": 68812,
      "usertime": 1775528
     },
     "172837639291": {
      "maxRSS": 252380,
      "systemtime": 68812,
      "usertime": 1775541
     },
     "172837640500": {
      "maxRSS": 252380,
      "systemtime": 68812,
      "usertime": 1779562
     },
     "172837641578": {
      "maxRSS": 252380,
      "systemtime": 68812,
      "usertime": 1779578
     },
     "172837642701": {
      "maxRSS": 252380,
      "systemtime": 68812,
      "usertime": 1779604
     },
     "172837643806": {
      "maxRSS": 252380,
      "systemtime": 68812,
      "usertime": 1779613
     },
     "172837644906": {
      "maxRSS": 252380,
      "systemtime": 68812,
      "usertime": 1783628
     },
     "172837646006": {
      "maxRSS": 252380,
      "systemtime": 68812,
      "usertime": 1783637
     },
     "172837647108": {
      "maxRSS": 252380,
      "systemtime": 68812,
      "usertime": 1783650
     },
     "172837648193": {
      "maxRSS": 252380,
      "systemtime": 68812,
      "usertime": 1787654
     },
     "172837649313": {
      "maxRSS": 252380,
      "systemtime": 68812,
      "usertime": 1787680
     },
     "172837650397": {
      "maxRSS": 252380,
      "systemtime": 68812,
      "usertime": 1787696
     },
     "172837651487": {
      "maxRSS": 252380,
      "systemtime": 68812,
      "usertime": 1787723
     },
     "172837652572": {
      "maxRSS": 252380,
      "systemtime": 68812,
      "usertime": 1791738
     },
     "172837653676": {
      "maxRSS": 252380,
      "systemtime": 68812,
      "usertime": 1791753
     },
     "172837654749": {
      "maxRSS": 252380,
      "systemtime": 68812,
      "usertime": 1791766
     },
     "172837655833": {
      "maxRSS": 252380,
      "systemtime": 68812,
      "usertime": 1791791
     },
     "172837656905": {
      "maxRSS": 252380,
      "systemtime": 68812,
      "usertime": 1795802
     },
     "172837657989": {
      "maxRSS": 252380,
      "systemtime": 68812,
      "usertime": 1795814
     },
     "172837659063": {
      "maxRSS": 252380,
      "systemtime": 68812,
      "usertime": 1795828
     },
     "172837660147": {
      "maxRSS": 252380,
      "systemtime": 68812,
      "usertime": 1799844
     },
     "172837661277": {
      "maxRSS": 252380,
      "systemtime": 68812,
      "usertime": 1799882
     },
     "172837662363": {
      "maxRSS": 252380,
      "systemtime": 68812,
      "usertime": 1799899
     },
     "172837663522": {
      "maxRSS": 252380,
      "systemtime": 68812,
      "usertime": 1799948
     },
     "172837664629": {
      "maxRSS": 252380,
      "systemtime": 68812,
      "usertime": 1803962
     },
     "172837665698": {
      "maxRSS": 252380,
      "systemtime": 68812,
      "usertime": 1803973
     },
     "172837666773": {
      "maxRSS": 252380,
      "systemtime": 68812,
      "usertime": 1803986
     },
     "172837667882": {
      "maxRSS": 252380,
      "systemtime": 68812,
      "usertime": 1803999
     },
     "172837668993": {
      "maxRSS": 252380,
      "systemtime": 68812,
      "usertime": 1808063
     },
     "172837670119": {
      "maxRSS": 252380,
      "systemtime": 68812,
      "usertime": 1808096
     },
     "172837671198": {
      "maxRSS": 252380,
      "systemtime": 68812,
      "usertime": 1808108
     },
     "172837672281": {
      "maxRSS": 252380,
      "systemtime": 68812,
      "usertime": 1812071
     },
     "172837673353": {
      "maxRSS": 252380,
      "systemtime": 68812,
      "usertime": 1812084
     },
     "172837674451": {
      "maxRSS": 252380,
      "systemtime": 68812,
      "usertime": 1812099
     },
     "172837675593": {
      "maxRSS": 252380,
      "systemtime": 68812,
      "usertime": 1812140
     },
     "172837676725": {
      "maxRSS": 252380,
      "systemtime": 68812,
      "usertime": 1816170
     },
     "172837677796": {
      "maxRSS": 252380,
      "systemtime": 68812,
      "usertime": 1816181
     },
     "172837678869": {
      "maxRSS": 252380,
      "systemtime": 68812,
      "usertime": 1816193
     },
     "172837679939": {
      "maxRSS": 252380,
      "systemtime": 68812,
      "usertime": 1816205
     },
     "172837681015": {
      "maxRSS": 252380,
      "systemtime": 68812,
      "usertime": 1820215
     },
     "172837682099": {
      "maxRSS": 252380,
      "systemtime": 68812,
      "usertime": 1820228
     },
     "172837683200": {
      "maxRSS": 252380,
      "systemtime": 68812,
      "usertime": 1820263
     },
     "172837684280": {
      "maxRSS": 252380,
      "systemtime": 68812,
      "usertime": 1824279
     },
     "172837685362": {
      "maxRSS": 252380,
      "systemtime": 68812,
      "usertime": 1824295
     },
     "172837686474": {
      "maxRSS": 252380,
      "systemtime": 68812,
      "usertime": 1824311
     },
     "172837687554": {
      "maxRSS": 252380,
      "systemtime": 68812,
      "usertime": 1824326
     },
     "172837688657": {
      "maxRSS": 252380,
      "systemtime": 68812,
      "usertime": 1828335
     },
     "172837689725": {
      "maxRSS": 252380,
      "systemtime": 68812,
      "usertime": 1828345
     },
     "172837690851": {
      "maxRSS": 252380,
      "systemtime": 68812,
      "usertime": 1828370
     },
     "172837691927": {
      "maxRSS": 252380,
      "systemtime": 68812,
      "usertime": 1828385
     },
     "172837693038": {
      "maxRSS": 252380,
      "systemtime": 68812,
      "usertime": 1832400
     },
     "172837694142": {
      "maxRSS": 252380,
      "systemtime": 68812,
      "usertime": 1832412
     },
     "172837695245": {
      "maxRSS": 252380,
      "systemtime": 68812,
      "usertime": 1832423
     },
     "172837696310": {
      "maxRSS": 252380,
      "systemtime": 68812,
      "usertime": 1836428
     },
     "172837697423": {
      "maxRSS": 252380,
      "systemtime": 68812,
      "usertime": 1836450
     },
     "172837698525": {
      "maxRSS": 252380,
      "systemtime": 68812,
      "usertime": 1836459
     },
     "172837699598": {
      "maxRSS": 252380,
      "systemtime": 68812,
      "usertime": 1836470
     },
     "172837700669": {
      "maxRSS": 252380,
      "systemtime": 68812,
      "usertime": 1840483
     },
     "172837701778": {
      "maxRSS": 252380,
      "systemtime": 68812,
      "usertime": 1840499
     },
     "172837702845": {
      "maxRSS": 252380,
      "systemtime": 68812,
      "usertime": 1840508
     },
     "172837703959": {
      "maxRSS": 252380,
      "systemtime": 68812,
      "usertime": 1840532
     },
     "172837705028": {
      "maxRSS": 252380,
      "systemtime": 68812,
      "usertime": 1844539
     },
     "172837706096": {
      "maxRSS": 252380,
      "systemtime": 68812,
      "usertime": 1844550
     },
     "172837707164": {
      "maxRSS": 252380,
      "systemtime": 68812,
      "usertime": 1844559
     },
     "172837708243": {
      "maxRSS": 252380,
      "systemtime": 68812,
      "usertime": 1848605
     },
     "172837709328": {
      "maxRSS": 252380,
      "systemtime": 68812,
      "usertime": 1848622
     },
     "172837710416": {
      "maxRSS": 252380,
      "systemtime": 68812,
      "usertime": 1848652
     },
     "172837711525": {
      "maxRSS": 252380,
      "systemtime": 68812,
      "usertime": 1848666
     },
     "172837712606": {
      "maxRSS": 252380,
      "systemtime": 68812,
      "usertime": 1852655
     },
     "172837713686": {
      "maxRSS": 252380,
      "systemtime": 68812,
      "usertime": 1852671
     },
     "172837714760": {
      "maxRSS": 252380,
      "systemtime": 68812,
      "usertime": 1852686
     },
     "172837715856": {
      "maxRSS": 252380,
      "systemtime": 68812,
      "usertime": 1852699
     },
     "172837716936": {
      "maxRSS": 252380,
      "systemtime": 68812,
      "usertime": 1856709
     },
     "172837718071": {
      "maxRSS": 252380,
      "systemtime": 68812,
      "usertime": 1856742
     },
     "172837719149": {
      "maxRSS": 252380,
      "systemtime": 68812,
      "usertime": 1856757
     },
     "172837720229": {
      "maxRSS": 252380,
      "systemtime": 68812,
      "usertime": 1860771
     },
     "172837721309": {
      "maxRSS": 252380,
      "systemtime": 68812,
      "usertime": 1860787
     },
     "172837722381": {
      "maxRSS": 252380,
      "systemtime": 68812,
      "usertime": 1860801
     },
     "172837723488": {
      "maxRSS": 252380,
      "systemtime": 68812,
      "usertime": 1860812
     },
     "172837724582": {
      "maxRSS": 252380,
      "systemtime": 68812,
      "usertime": 1864846
     },
     "172837725664": {
      "maxRSS": 252380,
      "systemtime": 68812,
      "usertime": 1864862
     },
     "172837726737": {
      "maxRSS": 252380,
      "systemtime": 68812,
      "usertime": 1864874
     },
     "172837727812": {
      "maxRSS": 252380,
      "systemtime": 68812,
      "usertime": 1864886
     },
     "172837728919": {
      "maxRSS": 252380,
      "systemtime": 68812,
      "usertime": 1868897
     },
     "172837731024": {
      "maxRSS": 252380,
      "systemtime": 68812,
      "usertime": 1868909
     },
     "172837733144": {
      "maxRSS": 252380,
      "systemtime": 68812,
      "usertime": 1872947
     },
     "172837735269": {
      "maxRSS": 252380,
      "systemtime": 68812,
      "usertime": 1872978
     },
     "172837737412": {
      "maxRSS": 252380,
      "systemtime": 68812,
      "usertime": 1877006
     },
     "172837739533": {
      "maxRSS": 252380,
      "systemtime": 68812,
      "usertime": 1877038
     },
     "172837741623": {
      "maxRSS": 252380,
      "systemtime": 68812,
      "usertime": 1881058
     },
     "172837743755": {
      "maxRSS": 252380,
      "systemtime": 68812,
      "usertime": 1881080
     },
     "172837745896": {
      "maxRSS": 252380,
      "systemtime": 68812,
      "usertime": 1885122
     },
     "172837748008": {
      "maxRSS": 252380,
      "systemtime": 68812,
      "usertime": 1889131
     },
     "172837750088": {
      "maxRSS": 252380,
      "systemtime": 68812,
      "usertime": 1889141
     },
     "172837752168": {
      "maxRSS": 252380,
      "systemtime": 68812,
      "usertime": 1893160
     },
     "172837754245": {
      "maxRSS": 252380,
      "systemtime": 68812,
      "usertime": 1893178
     },
     "172837756327": {
      "maxRSS": 252380,
      "systemtime": 68812,
      "usertime": 1897193
     },
     "172837758413": {
      "maxRSS": 252380,
      "systemtime": 68812,
      "usertime": 1897212
     },
     "172837760562": {
      "maxRSS": 252380,
      "systemtime": 68812,
      "usertime": 1901271
     },
     "172837762636": {
      "maxRSS": 252380,
      "systemtime": 68812,
      "usertime": 1901285
     },
     "172837764706": {
      "maxRSS": 252380,
      "systemtime": 68812,
      "usertime": 1905294
     },
     "172837766785": {
      "maxRSS": 252380,
      "systemtime": 68812,
      "usertime": 1905309
     },
     "172837768864": {
      "maxRSS": 252380,
      "systemtime": 68812,
      "usertime": 1909331
     },
     "172837770938": {
      "maxRSS": 252380,
      "systemtime": 68812,
      "usertime": 1909345
     },
     "172837773033": {
      "maxRSS": 252380,
      "systemtime": 68812,
      "usertime": 1913375
     },
     "172837775119": {
      "maxRSS": 252380,
      "systemtime": 68812,
      "usertime": 1913397
     },
     "172837777247": {
      "maxRSS": 252380,
      "systemtime": 68812,
      "usertime": 1917419
     },
     "172837779359": {
      "maxRSS": 252380,
      "systemtime": 68812,
      "usertime": 1917438
     },
     "172837781476": {
      "maxRSS": 252380,
      "systemtime": 68812,
      "usertime": 1921461
     },
     "172837783586": {
      "maxRSS": 252380,
      "systemtime": 68812,
      "usertime": 1921476
     },
     "172837785687": {
      "maxRSS": 252380,
      "systemtime": 68812,
      "usertime": 1925518
     },
     "172837787797": {
      "maxRSS": 252380,
      "systemtime": 68812,
      "usertime": 1925532
     },
     "172837789901": {
      "maxRSS": 252380,
      "systemtime": 68812,
      "usertime": 1929537
     },
     "172837792020": {
      "maxRSS": 252380,
      "systemtime": 68812,
      "usertime": 1929574
     },
     "172837794114": {
      "maxRSS": 252380,
      "systemtime": 68812,
      "usertime": 1933630
     },
     "172837796195": {
      "maxRSS": 252380,
      "systemtime": 68812,
      "usertime": 1937625
     },
     "172837798337": {
      "maxRSS": 252380,
      "systemtime": 68812,
      "usertime": 1937670
     },
     "172837800445": {
      "maxRSS": 252380,
      "systemtime": 68812,
      "usertime": 1941680
     },
     "172837802552": {
      "maxRSS": 252380,
      "systemtime": 68812,
      "usertime": 1941694
     },
     "172837804619": {
      "maxRSS": 252380,
      "systemtime": 68812,
      "usertime": 1945700
     },
     "172837806708": {
      "maxRSS": 252380,
      "systemtime": 68812,
      "usertime": 1945714
     },
     "172837808834": {
      "maxRSS": 252380,
      "systemtime": 68812,
      "usertime": 1949748
     },
     "172837810917": {
      "maxRSS": 252380,
      "systemtime": 68812,
      "usertime": 1949768
     },
     "172837813047": {
      "maxRSS": 252380,
      "systemtime": 68812,
      "usertime": 1953811
     },
     "172837815132": {
      "maxRSS": 252508,
      "systemtime": 68812,
      "usertime": 1953825
     },
     "172837817246": {
      "maxRSS": 252764,
      "systemtime": 68812,
      "usertime": 1957837
     },
     "172837819351": {
      "maxRSS": 253148,
      "systemtime": 68812,
      "usertime": 1957851
     },
     "172837821474": {
      "maxRSS": 253404,
      "systemtime": 68812,
      "usertime": 1961883
     },
     "172837823586": {
      "maxRSS": 253660,
      "systemtime": 68812,
      "usertime": 1961914
     },
     "172837825718": {
      "maxRSS": 253916,
      "systemtime": 68812,
      "usertime": 1965952
     },
     "172837827801": {
      "maxRSS": 254172,
      "systemtime": 68812,
      "usertime": 1965965
     },
     "172837829877": {
      "maxRSS": 254428,
      "systemtime": 68812,
      "usertime": 1969976
     },
     "172837832022": {
      "maxRSS": 254684,
      "systemtime": 68812,
      "usertime": 1973989
     },
     "172837834143": {
      "maxRSS": 254940,
      "systemtime": 68812,
      "usertime": 1974007
     },
     "172837836223": {
      "maxRSS": 255196,
      "systemtime": 68812,
      "usertime": 1978024
     },
     "172837838342": {
      "maxRSS": 255580,
      "systemtime": 68812,
      "usertime": 1978051
     },
     "172837840416": {
      "maxRSS": 255836,
      "systemtime": 68812,
      "usertime": 1982065
     },
     "172837842503": {
      "maxRSS": 256092,
      "systemtime": 68812,
      "usertime": 1982086
     },
     "172837844630": {
      "maxRSS": 256348,
      "systemtime": 68812,
      "usertime": 1986122
     },
     "172837846754": {
      "maxRSS": 256604,
      "systemtime": 68812,
      "usertime": 1986140
     },
     "172837848869": {
      "maxRSS": 256860,
      "systemtime": 72669,
      "usertime": 1986303
     },
     "172837850993": {
      "maxRSS": 257116,
      "systemtime": 72671,
      "usertime": 1986351
     },
     "172837853120": {
      "maxRSS": 257500,
      "systemtime": 72671,
      "usertime": 1990370
     },
     "172837855202": {
      "maxRSS": 257756,
      "systemtime": 72671,
      "usertime": 1990388
     },
     "172837857320": {
      "maxRSS": 258012,
      "systemtime": 72671,
      "usertime": 1994405
     },
     "172837859434": {
      "maxRSS": 258268,
      "systemtime": 72671,
      "usertime": 1994420
     },
     "172837861541": {
      "maxRSS": 258524,
      "systemtime": 72671,
      "usertime": 1998429
     },
     "172837863681": {
      "maxRSS": 258780,
      "systemtime": 72671,
      "usertime": 1998450
     },
     "172837865810": {
      "maxRSS": 259164,
      "systemtime": 72671,
      "usertime": 2002481
     },
     "172837867917": {
      "maxRSS": 259420,
      "systemtime": 72671,
      "usertime": 2002496
     },
     "172837870049": {
      "maxRSS": 259676,
      "systemtime": 72671,
      "usertime": 2006539
     },
     "172837872150": {
      "maxRSS": 259932,
      "systemtime": 72671,
      "usertime": 2010567
     },
     "172837874265": {
      "maxRSS": 260188,
      "systemtime": 72671,
      "usertime": 2010588
     },
     "172837876345": {
      "maxRSS": 260444,
      "systemtime": 72671,
      "usertime": 2014604
     },
     "172837878473": {
      "maxRSS": 260700,
      "systemtime": 72672,
      "usertime": 2014641
     },
     "172837880611": {
      "maxRSS": 260956,
      "systemtime": 72672,
      "usertime": 2018664
     },
     "172837882698": {
      "maxRSS": 261212,
      "systemtime": 72672,
      "usertime": 2018681
     },
     "172837884821": {
      "maxRSS": 261468,
      "systemtime": 72672,
      "usertime": 2022708
     },
     "172837886937": {
      "maxRSS": 261724,
      "systemtime": 72673,
      "usertime": 2022735
     },
     "172837889050": {
      "maxRSS": 261980,
      "systemtime": 72673,
      "usertime": 2026752
     },
     "172837891143": {
      "maxRSS": 262236,
      "systemtime": 72673,
      "usertime": 2026784
     },
     "172837893227": {
      "maxRSS": 262492,
      "systemtime": 72673,
      "usertime": 2030801
     },
     "172837895389": {
      "maxRSS": 262748,
      "systemtime": 72674,
      "usertime": 2030838
     },
     "172837897485": {
      "maxRSS": 263004,
      "systemtime": 72674,
      "usertime": 2034862
     },
     "172837899582": {
      "maxRSS": 263260,
      "systemtime": 72674,
      "usertime": 2034888
     },
     "172837901712": {
      "maxRSS": 263516,
      "systemtime": 72674,
      "usertime": 2038926
     },
     "172837903808": {
      "maxRSS": 263772,
      "systemtime": 72675,
      "usertime": 2038961
     },
     "172837905908": {
      "maxRSS": 264028,
      "systemtime": 72675,
      "usertime": 2042996
     },
     "172837907984": {
      "maxRSS": 264284,
      "systemtime": 72676,
      "usertime": 2043011
     },
     "172837910141": {
      "maxRSS": 264540,
      "systemtime": 72676,
      "usertime": 2047048
     },
     "172837912211": {
      "maxRSS": 264924,
      "systemtime": 72676,
      "usertime": 2051060
     },
     "172837914335": {
      "maxRSS": 265052,
      "systemtime": 72676,
      "usertime": 2051075
     },
     "172837916425": {
      "maxRSS": 265308,
      "systemtime": 72676,
      "usertime": 2055109
     },
     "172837918586": {
      "maxRSS": 265692,
      "systemtime": 72678,
      "usertime": 2055176
     },
     "172837920721": {
      "maxRSS": 265948,
      "systemtime": 72678,
      "usertime": 2059182
     },
     "172837922808": {
      "maxRSS": 266204,
      "systemtime": 72678,
      "usertime": 2059199
     },
     "172837924892": {
      "maxRSS": 266460,
      "systemtime": 76692,
      "usertime": 2059199
     },
     "172837926971": {
      "maxRSS": 266716,
      "systemtime": 76707,
      "usertime": 2059199
     },
     "172837929080": {
      "maxRSS": 266972,
      "systemtime": 76714,
      "usertime": 2063206
     },
     "172837931168": {
      "maxRSS": 267228,
      "systemtime": 76715,
      "usertime": 2063232
     },
     "172837933257": {
      "maxRSS": 267612,
      "systemtime": 76716,
      "usertime": 2067309
     },
     "172837935370": {
      "maxRSS": 267868,
      "systemtime": 76717,
      "usertime": 2067325
     },
     "172837937482": {
      "maxRSS": 268124,
      "systemtime": 76717,
      "usertime": 2071282
     },
     "172837939601": {
      "maxRSS": 268380,
      "systemtime": 76717,
      "usertime": 2071299
     },
     "172837941712": {
      "maxRSS": 268636,
      "systemtime": 76717,
      "usertime": 2075313
     },
     "172837943797": {
      "maxRSS": 268892,
      "systemtime": 76717,
      "usertime": 2075339
     },
     "172837945880": {
      "maxRSS": 269276,
      "systemtime": 76717,
      "usertime": 2079352
     },
     "172837947958": {
      "maxRSS": 269532,
      "systemtime": 76717,
      "usertime": 2079368
     },
     "172837950043": {
      "maxRSS": 269532,
      "systemtime": 76780,
      "usertime": 2085204
     },
     "172837952118": {
      "maxRSS": 269532,
      "systemtime": 76780,
      "usertime": 2087342
     },
     "172837952479": {
      "maxRSS": 269532,
      "systemtime": 76780,
      "usertime": 2087820
     },
     "172837953667": {
      "maxRSS": 269532,
      "systemtime": 76780,
      "usertime": 2087934
     },
     "172837954750": {
      "maxRSS": 269532,
      "systemtime": 76780,
      "usertime": 2087951
     },
     "172837954846": {
      "maxRSS": 269532,
      "systemtime": 76818,
      "usertime": 2090273
     },
     "172837955934": {
      "maxRSS": 269788,
      "systemtime": 76818,
      "usertime": 2090283
     },
     "172837957030": {
      "maxRSS": 270172,
      "systemtime": 78021,
      "usertime": 2090283
     },
     "172837958105": {
      "maxRSS": 270428,
      "systemtime": 78035,
      "usertime": 2090283
     },
     "172837959187": {
      "maxRSS": 270684,
      "systemtime": 78049,
      "usertime": 2090283
     },
     "172837960276": {
      "maxRSS": 270940,
      "systemtime": 80756,
      "usertime": 2091602
     },
     "172837961354": {
      "maxRSS": 271196,
      "systemtime": 80757,
      "usertime": 2091615
     },
     "172837962432": {
      "maxRSS": 271452,
      "systemtime": 80757,
      "usertime": 2091631
     },
     "172837963509": {
      "maxRSS": 271836,
      "systemtime": 80758,
      "usertime": 2091646
     },
     "172837964623": {
      "maxRSS": 272092,
      "systemtime": 80758,
      "usertime": 2095695
     },
     "172837965729": {
      "maxRSS": 272348,
      "systemtime": 80759,
      "usertime": 2095707
     },
     "172837966825": {
      "maxRSS": 272604,
      "systemtime": 80760,
      "usertime": 2095731
     },
     "172837967897": {
      "maxRSS": 272860,
      "systemtime": 80760,
      "usertime": 2095744
     },
     "172837968997": {
      "maxRSS": 273244,
      "systemtime": 80760,
      "usertime": 2099727
     },
     "172837970100": {
      "maxRSS": 273500,
      "systemtime": 80760,
      "usertime": 2099739
     },
     "172837971167": {
      "maxRSS": 273756,
      "systemtime": 80760,
      "usertime": 2099747
     },
     "172837972235": {
      "maxRSS": 274012,
      "systemtime": 80760,
      "usertime": 2103755
     },
     "172837973324": {
      "maxRSS": 274268,
      "systemtime": 80760,
      "usertime": 2103778
     },
     "172837974405": {
      "maxRSS": 274524,
      "systemtime": 80760,
      "usertime": 2103793
     },
     "172837975512": {
      "maxRSS": 274780,
      "systemtime": 80760,
      "usertime": 2103809
     },
     "172837976600": {
      "maxRSS": 275036,
      "systemtime": 80760,
      "usertime": 2107831
     },
     "172837977697": {
      "maxRSS": 275292,
      "systemtime": 80760,
      "usertime": 2107852
     },
     "172837978815": {
      "maxRSS": 275548,
      "systemtime": 80761,
      "usertime": 2107873
     },
     "172837979932": {
      "maxRSS": 275804,
      "systemtime": 80762,
      "usertime": 2107904
     },
     "172837981023": {
      "maxRSS": 276060,
      "systemtime": 84778,
      "usertime": 2107904
     },
     "172837982104": {
      "maxRSS": 276316,
      "systemtime": 84790,
      "usertime": 2107904
     },
     "172837983205": {
      "maxRSS": 276572,
      "systemtime": 84801,
      "usertime": 2107928
     },
     "172837984285": {
      "maxRSS": 276700,
      "systemtime": 88828,
      "usertime": 2107928
     },
     "172837985365": {
      "maxRSS": 276956,
      "systemtime": 88840,
      "usertime": 2107935
     },
     "172837986450": {
      "maxRSS": 277084,
      "systemtime": 88840,
      "usertime": 2107950
     },
     "172837987576": {
      "maxRSS": 277468,
      "systemtime": 88842,
      "usertime": 2107978
     },
     "172837988680": {
      "maxRSS": 277724,
      "systemtime": 88842,
      "usertime": 2111975
     },
     "172837989748": {
      "maxRSS": 277980,
      "systemtime": 88842,
      "usertime": 2111986
     },
     "172837990814": {
      "maxRSS": 278236,
      "systemtime": 88842,
      "usertime": 2111994
     },
     "172837991923": {
      "maxRSS": 278492,
      "systemtime": 88842,
      "usertime": 2112008
     },
     "172837993006": {
      "maxRSS": 278748,
      "systemtime": 88842,
      "usertime": 2116031
     },
     "172837994123": {
      "maxRSS": 279004,
      "systemtime": 88842,
      "usertime": 2116056
     },
     "172837995191": {
      "maxRSS": 279260,
      "systemtime": 88842,
      "usertime": 2116065
     },
     "172837996268": {
      "maxRSS": 279516,
      "systemtime": 88842,
      "usertime": 2120070
     },
     "172837997348": {
      "maxRSS": 279772,
      "systemtime": 88842,
      "usertime": 2120082
     },
     "172837998458": {
      "maxRSS": 280028,
      "systemtime": 88842,
      "usertime": 2120098
     },
     "172837999539": {
      "maxRSS": 280284,
      "systemtime": 88842,
      "usertime": 2120114
     },
     "172838000648": {
      "maxRSS": 280540,
      "systemtime": 88842,
      "usertime": 2124144
     },
     "172838001726": {
      "maxRSS": 280796,
      "systemtime": 88843,
      "usertime": 2124160
     },
     "172838002805": {
      "maxRSS": 281052,
      "systemtime": 88843,
      "usertime": 2124174
     },
     "172838003897": {
      "maxRSS": 281436,
      "systemtime": 88845,
      "usertime": 2124206
     },
     "172838004985": {
      "maxRSS": 281692,
      "systemtime": 88845,
      "usertime": 2128245
     },
     "172838006056": {
      "maxRSS": 281948,
      "systemtime": 88845,
      "usertime": 2128256
     },
     "172838007156": {
      "maxRSS": 282204,
      "systemtime": 88847,
      "usertime": 2128296
     },
     "172838008242": {
      "maxRSS": 282460,
      "systemtime": 88847,
      "usertime": 2132301
     },
     "172838009326": {
      "maxRSS": 282716,
      "systemtime": 88847,
      "usertime": 2132323
     },
     "172838010405": {
      "maxRSS": 282972,
      "systemtime": 88847,
      "usertime": 2132342
     },
     "172838011487": {
      "maxRSS": 283228,
      "systemtime": 88848,
      "usertime": 2132359
     },
     "172838012575": {
      "maxRSS": 283484,
      "systemtime": 92863,
      "usertime": 2132359
     },
     "172838013647": {
      "maxRSS": 283740,
      "systemtime": 92877,
      "usertime": 2132359
     },
     "172838014769": {
      "maxRSS": 284124,
      "systemtime": 92887,
      "usertime": 2132378
     },
     "172838015849": {
      "maxRSS": 284252,
      "systemtime": 92888,
      "usertime": 2132391
     },
     "172838017027": {
      "maxRSS": 284508,
      "systemtime": 92888,
      "usertime": 2136409
     },
     "172838018170": {
      "maxRSS": 284892,
      "systemtime": 92888,
      "usertime": 2136430
     },
     "172838019287": {
      "maxRSS": 285148,
      "systemtime": 92888,
      "usertime": 2136446
     },
     "172838020401": {
      "maxRSS": 285404,
      "systemtime": 92888,
      "usertime": 2140475
     },
     "172838021481": {
      "maxRSS": 285660,
      "systemtime": 92889,
      "usertime": 2140497
     },
     "172838022554": {
      "maxRSS": 285916,
      "systemtime": 92889,
      "usertime": 2140507
     },
     "172838023694": {
      "maxRSS": 286300,
      "systemtime": 92891,
      "usertime": 2140551
     },
     "172838024786": {
      "maxRSS": 286556,
      "systemtime": 92891,
      "usertime": 2144565
     },
     "172838025864": {
      "maxRSS": 286812,
      "systemtime": 92891,
      "usertime": 2144580
     },
     "172838026969": {
      "maxRSS": 287068,
      "systemtime": 92892,
      "usertime": 2144596
     },
     "172838028021": {
      "maxRSS": 287324,
      "systemtime": 92892,
      "usertime": 2148638
     },
     "172838029124": {
      "maxRSS": 287580,
      "systemtime": 92892,
      "usertime": 2148647
     },
     "172838030224": {
      "maxRSS": 287836,
      "systemtime": 92892,
      "usertime": 2148655
     },
     "172838031326": {
      "maxRSS": 288092,
      "systemtime": 92893,
      "usertime": 2148665
     },
     "172838032405": {
      "maxRSS": 288348,
      "systemtime": 92893,
      "usertime": 2152677
     },
     "172838033483": {
      "maxRSS": 288604,
      "systemtime": 92893,
      "usertime": 2152693
     },
     "172838034594": {
      "maxRSS": 288988,
      "systemtime": 92894,
      "usertime": 2152738
     },
     "172838035664": {
      "maxRSS": 289244,
      "systemtime": 92895,
      "usertime": 2152750
     },
     "172838036732": {
      "maxRSS": 289500,
      "systemtime": 92895,
      "usertime": 2156764
     },
     "172838037799": {
      "maxRSS": 289756,
      "systemtime": 92895,
      "usertime": 2156773
     },
     "172838038904": {
      "maxRSS": 290140,
      "systemtime": 92895,
      "usertime": 2156786
     },
     "172838039973": {
      "maxRSS": 290396,
      "systemtime": 92895,
      "usertime": 2156796
     },
     "172838041103": {
      "maxRSS": 290652,
      "systemtime": 92895,
      "usertime": 2160829
     },
     "172838042196": {
      "maxRSS": 290908,
      "systemtime": 92896,
      "usertime": 2160854
     },
     "172838043303": {
      "maxRSS": 291164,
      "systemtime": 92897,
      "usertime": 2160866
     },
     "172838044374": {
      "maxRSS": 291420,
      "systemtime": 92897,
      "usertime": 2164877
     },
     "172838045441": {
      "maxRSS": 291676,
      "systemtime": 92897,
      "usertime": 2164888
     },
     "172838046542": {
      "maxRSS": 291932,
      "systemtime": 92897,
      "usertime": 2164897
     },
     "172838047642": {
      "maxRSS": 292188,
      "systemtime": 92897,
      "usertime": 2164906
     },
     "172838048774": {
      "maxRSS": 292444,
      "systemtime": 92897,
      "usertime": 2168944
     },
     "172838049861": {
      "maxRSS": 292700,
      "systemtime": 92897,
      "usertime": 2168964
     },
     "172838050945": {
      "maxRSS": 292956,
      "systemtime": 92898,
      "usertime": 2168982
     },
     "172838052061": {
      "maxRSS": 293340,
      "systemtime": 96913,
      "usertime": 2168982
     },
     "172838053158": {
      "maxRSS": 293596,
      "systemtime": 96938,
      "usertime": 2168990
     },
     "172838054230": {
      "maxRSS": 293852,
      "systemtime": 96938,
      "usertime": 2169000
     },
     "172838055340": {
      "maxRSS": 294108,
      "systemtime": 96940,
      "usertime": 2169044
     },
     "172838056422": {
      "maxRSS": 294364,
      "systemtime": 96940,
      "usertime": 2173058
     },
     "172838057537": {
      "maxRSS": 294620,
      "systemtime": 96940,
      "usertime": 2173086
     },
     "172838058653": {
      "maxRSS": 295004,
      "systemtime": 96942,
      "usertime": 2173137
     },
     "172838059731": {
      "maxRSS": 295260,
      "systemtime": 96943,
      "usertime": 2173152
     },
     "172838060834": {
      "maxRSS": 295516,
      "systemtime": 96943,
      "usertime": 2177162
     },
     "172838061946": {
      "maxRSS": 295772,
      "systemtime": 96943,
      "usertime": 2177182
     },
     "172838063061": {
      "maxRSS": 296028,
      "systemtime": 96943,
      "usertime": 2177195
     },
     "172838064141": {
      "maxRSS": 296284,
      "systemtime": 100963,
      "usertime": 2177195
     },
     "172838065288": {
      "maxRSS": 296540,
      "systemtime": 100980,
      "usertime": 2177195
     },
     "172838066362": {
      "maxRSS": 296796,
      "systemtime": 100983,
      "usertime": 2177206
     },
     "172838067438": {
      "maxRSS": 297180,
      "systemtime": 100984,
      "usertime": 2177220
     },
     "172838068597": {
      "maxRSS": 297436,
      "systemtime": 100985,
      "usertime": 2181283
     },
     "172838069704": {
      "maxRSS": 297692,
      "systemtime": 100985,
      "usertime": 2181294
     },
     "172838070809": {
      "maxRSS": 297948,
      "systemtime": 100986,
      "usertime": 2181304
     },
     "172838071900": {
      "maxRSS": 298332,
      "systemtime": 100986,
      "usertime": 2181314
     },
     "172838072971": {
      "maxRSS": 298588,
      "systemtime": 100986,
      "usertime": 2185324
     },
     "172838074040": {
      "maxRSS": 298844,
      "systemtime": 100986,
      "usertime": 2185335
     },
     "172838075145": {
      "maxRSS": 299100,
      "systemtime": 100987,
      "usertime": 2185367
     },
     "172838076248": {
      "maxRSS": 299356,
      "systemtime": 100987,
      "usertime": 2189419
     },
     "172838077350": {
      "maxRSS": 299612,
      "systemtime": 100988,
      "usertime": 2189429
     },
     "172838078451": {
      "maxRSS": 299868,
      "systemtime": 100988,
      "usertime": 2189436
     },
     "172838079528": {
      "maxRSS": 300124,
      "systemtime": 100989,
      "usertime": 2189447
     },
     "172838080604": {
      "maxRSS": 300380,
      "systemtime": 100989,
      "usertime": 2193456
     },
     "172838081684": {
      "maxRSS": 300764,
      "systemtime": 100989,
      "usertime": 2193474
     },
     "172838082808": {
      "maxRSS": 301020,
      "systemtime": 100991,
      "usertime": 2193527
     },
     "172838083891": {
      "maxRSS": 301276,
      "systemtime": 100991,
      "usertime": 2193544
     },
     "172838084967": {
      "maxRSS": 301532,
      "systemtime": 100991,
      "usertime": 2197557
     },
     "172838086086": {
      "maxRSS": 301788,
      "systemtime": 100991,
      "usertime": 2197584
     },
     "172838087199": {
      "maxRSS": 302172,
      "systemtime": 100992,
      "usertime": 2197601
     },
     "172838088273": {
      "maxRSS": 302428,
      "systemtime": 100992,
      "usertime": 2201615
     },
     "172838089381": {
      "maxRSS": 302684,
      "systemtime": 100993,
      "usertime": 2201660
     },
     "172838090456": {
      "maxRSS": 302940,
      "systemtime": 100994,
      "usertime": 2201673
     },
     "172838091535": {
      "maxRSS": 303196,
      "systemtime": 100994,
      "usertime": 2201686
     },
     "172838092618": {
      "maxRSS": 303452,
      "systemtime": 100994,
      "usertime": 2205711
     },
     "172838093710": {
      "maxRSS": 303708,
      "systemtime": 100995,
      "usertime": 2205731
     },
     "172838095786": {
      "maxRSS": 304220,
      "systemtime": 100995,
      "usertime": 2205745
     },
     "172838097905": {
      "maxRSS": 304732,
      "systemtime": 100995,
      "usertime": 2209760
     },
     "172838099986": {
      "maxRSS": 305244,
      "systemtime": 100995,
      "usertime": 2209777
     },
     "172838102098": {
      "maxRSS": 305756,
      "systemtime": 100995,
      "usertime": 2213799
     },
     "172838104165": {
      "maxRSS": 306268,
      "systemtime": 100995,
      "usertime": 2217797
     },
     "172838106269": {
      "maxRSS": 306908,
      "systemtime": 100995,
      "usertime": 2217810
     },
     "172838108404": {
      "maxRSS": 307420,
      "systemtime": 100995,
      "usertime": 2221844
     },
     "172838110495": {
      "maxRSS": 307932,
      "systemtime": 100995,
      "usertime": 2221865
     },
     "172838112589": {
      "maxRSS": 308444,
      "systemtime": 100995,
      "usertime": 2225898
     },
     "172838114697": {
      "maxRSS": 308956,
      "systemtime": 100995,
      "usertime": 2225913
     },
     "172838116772": {
      "maxRSS": 309340,
      "systemtime": 100995,
      "usertime": 2229929
     },
     "172838118877": {
      "maxRSS": 309852,
      "systemtime": 100995,
      "usertime": 2229944
     },
     "172838120983": {
      "maxRSS": 310364,
      "systemtime": 100995,
      "usertime": 2233955
     },
     "172838123056": {
      "maxRSS": 310876,
      "systemtime": 100995,
      "usertime": 2233966
     },
     "172838125147": {
      "maxRSS": 311388,
      "systemtime": 100995,
      "usertime": 2237994
     },
     "172838127221": {
      "maxRSS": 312028,
      "systemtime": 100995,
      "usertime": 2238009
     },
     "172838129297": {
      "maxRSS": 312540,
      "systemtime": 100995,
      "usertime": 2242022
     },
     "172838131399": {
      "maxRSS": 312924,
      "systemtime": 100995,
      "usertime": 2242039
     },
     "172838133486": {
      "maxRSS": 313436,
      "systemtime": 100995,
      "usertime": 2246060
     },
     "172838135568": {
      "maxRSS": 313948,
      "systemtime": 100995,
      "usertime": 2246079
     },
     "172838137664": {
      "maxRSS": 314460,
      "systemtime": 100995,
      "usertime": 2250110
     },
     "172838139735": {
      "maxRSS": 314972,
      "systemtime": 100995,
      "usertime": 2250122
     },
     "172838141808": {
      "maxRSS": 315484,
      "systemtime": 100995,
      "usertime": 2254132
     },
     "172838143922": {
      "maxRSS": 315996,
      "systemtime": 100995,
      "usertime": 2254154
     },
     "172838146001": {
      "maxRSS": 316508,
      "systemtime": 100995,
      "usertime": 2258170
     },
     "172838148025": {
      "maxRSS": 317020,
      "systemtime": 100995,
      "usertime": 2262184
     },
     "172838150115": {
      "maxRSS": 317532,
      "systemtime": 100995,
      "usertime": 2262215
     },
     "172838152188": {
      "maxRSS": 318044,
      "systemtime": 100995,
      "usertime": 2266243
     },
     "172838154257": {
      "maxRSS": 318556,
      "systemtime": 100995,
      "usertime": 2266254
     },
     "172838156327": {
      "maxRSS": 319068,
      "systemtime": 100995,
      "usertime": 2270251
     },
     "172838158404": {
      "maxRSS": 319580,
      "systemtime": 100995,
      "usertime": 2270267
     },
     "172838160491": {
      "maxRSS": 320092,
      "systemtime": 100995,
      "usertime": 2274286
     },
     "172838162586": {
      "maxRSS": 320604,
      "systemtime": 100995,
      "usertime": 2274303
     },
     "172838164688": {
      "maxRSS": 321116,
      "systemtime": 100995,
      "usertime": 2278337
     },
     "172838166776": {
      "maxRSS": 321628,
      "systemtime": 100995,
      "usertime": 2278358
     },
     "172838168861": {
      "maxRSS": 322140,
      "systemtime": 100995,
      "usertime": 2282376
     },
     "172838170942": {
      "maxRSS": 322780,
      "systemtime": 100995,
      "usertime": 2282392
     },
     "172838173023": {
      "maxRSS": 323292,
      "systemtime": 100995,
      "usertime": 2286408
     },
     "172838175106": {
      "maxRSS": 323804,
      "systemtime": 100995,
      "usertime": 2286425
     },
     "172838177199": {
      "maxRSS": 324316,
      "systemtime": 100995,
      "usertime": 2290505
     },
     "172838179301": {
      "maxRSS": 324828,
      "systemtime": 100995,
      "usertime": 2290523
     },
     "172838181397": {
      "maxRSS": 325340,
      "systemtime": 100995,
      "usertime": 2294526
     },
     "172838183499": {
      "maxRSS": 325852,
      "systemtime": 100995,
      "usertime": 2294543
     },
     "172838185588": {
      "maxRSS": 326364,
      "systemtime": 100995,
      "usertime": 2298543
     },
     "172838187663": {
      "maxRSS": 326876,
      "systemtime": 100995,
      "usertime": 2298557
     },
     "172838189752": {
      "maxRSS": 327132,
      "systemtime": 100995,
      "usertime": 2302585
     },
     "172838191836": {
      "maxRSS": 327132,
      "systemtime": 100995,
      "usertime": 2302603
     },
     "172838193937": {
      "maxRSS": 327132,
      "systemtime": 101069,
      "usertime": 2308427
     },
     "172838195508": {
      "maxRSS": 327132,
      "systemtime": 101138,
      "usertime": 2310002
     },
     "172838196593": {
      "maxRSS": 327132,
      "systemtime": 101138,
      "usertime": 2310545
     },
     "172838197680": {
      "maxRSS": 327132,
      "systemtime": 101138,
      "usertime": 2310564
     },
     "172838198789": {
      "maxRSS": 327132,
      "systemtime": 101138,
      "usertime": 2310600
     },
     "172838199870": {
      "maxRSS": 327132,
      "systemtime": 101138,
      "usertime": 2310615
     },
     "172838200956": {
      "maxRSS": 327132,
      "systemtime": 101138,
      "usertime": 2314622
     },
     "172838202032": {
      "maxRSS": 327132,
      "systemtime": 101138,
      "usertime": 2314638
     },
     "172838203111": {
      "maxRSS": 327132,
      "systemtime": 101138,
      "usertime": 2314654
     },
     "172838204183": {
      "maxRSS": 327132,
      "systemtime": 101138,
      "usertime": 2318665
     },
     "172838205250": {
      "maxRSS": 327132,
      "systemtime": 101138,
      "usertime": 2318675
     },
     "172838206340": {
      "maxRSS": 327132,
      "systemtime": 101138,
      "usertime": 2318705
     },
     "172838207421": {
      "maxRSS": 327132,
      "systemtime": 101138,
      "usertime": 2318721
     },
     "172838208701": {
      "maxRSS": 327132,
      "systemtime": 101138,
      "usertime": 2322740
     },
     "172838209795": {
      "maxRSS": 327132,
      "systemtime": 101138,
      "usertime": 2322760
     },
     "172838210881": {
      "maxRSS": 327132,
      "systemtime": 101138,
      "usertime": 2322775
     },
     "172838211973": {
      "maxRSS": 327132,
      "systemtime": 101138,
      "usertime": 2322789
     },
     "172838213068": {
      "maxRSS": 327132,
      "systemtime": 101138,
      "usertime": 2326823
     },
     "172838214149": {
      "maxRSS": 327132,
      "systemtime": 101138,
      "usertime": 2326839
     },
     "172838215231": {
      "maxRSS": 327132,
      "systemtime": 101138,
      "usertime": 2326855
     },
     "172838216311": {
      "maxRSS": 327132,
      "systemtime": 101138,
      "usertime": 2330954
     },
     "172838217390": {
      "maxRSS": 327132,
      "systemtime": 101138,
      "usertime": 2330969
     },
     "172838218503": {
      "maxRSS": 327132,
      "systemtime": 101138,
      "usertime": 2330982
     },
     "172838219594": {
      "maxRSS": 327132,
      "systemtime": 101138,
      "usertime": 2331011
     },
     "172838220705": {
      "maxRSS": 327132,
      "systemtime": 101138,
      "usertime": 2334942
     },
     "172838221784": {
      "maxRSS": 327132,
      "systemtime": 101138,
      "usertime": 2334957
     },
     "172838222865": {
      "maxRSS": 327132,
      "systemtime": 101138,
      "usertime": 2334970
     },
     "172838223941": {
      "maxRSS": 327132,
      "systemtime": 101138,
      "usertime": 2334985
     },
     "172838225023": {
      "maxRSS": 327132,
      "systemtime": 101138,
      "usertime": 2338999
     },
     "172838226144": {
      "maxRSS": 327132,
      "systemtime": 101138,
      "usertime": 2339037
     },
     "172838227227": {
      "maxRSS": 327132,
      "systemtime": 101138,
      "usertime": 2339055
     },
     "172838228311": {
      "maxRSS": 327132,
      "systemtime": 101138,
      "usertime": 2343078
     },
     "172838229388": {
      "maxRSS": 327132,
      "systemtime": 101138,
      "usertime": 2343094
     },
     "172838230509": {
      "maxRSS": 327132,
      "systemtime": 101138,
      "usertime": 2343118
     },
     "172838231582": {
      "maxRSS": 327132,
      "systemtime": 101138,
      "usertime": 2343131
     },
     "172838232661": {
      "maxRSS": 327132,
      "systemtime": 101138,
      "usertime": 2347189
     },
     "172838233771": {
      "maxRSS": 327132,
      "systemtime": 101138,
      "usertime": 2347235
     },
     "172838234846": {
      "maxRSS": 327132,
      "systemtime": 101138,
      "usertime": 2347251
     },
     "172838235924": {
      "maxRSS": 327132,
      "systemtime": 101138,
      "usertime": 2347262
     },
     "172838236996": {
      "maxRSS": 327132,
      "systemtime": 101138,
      "usertime": 2351230
     },
     "172838238076": {
      "maxRSS": 327132,
      "systemtime": 101138,
      "usertime": 2351245
     },
     "172838239155": {
      "maxRSS": 327132,
      "systemtime": 101138,
      "usertime": 2351259
     },
     "172838240247": {
      "maxRSS": 327132,
      "systemtime": 101138,
      "usertime": 2355283
     },
     "172838241340": {
      "maxRSS": 327132,
      "systemtime": 101138,
      "usertime": 2355295
     },
     "172838242456": {
      "maxRSS": 327132,
      "systemtime": 101138,
      "usertime": 2355311
     },
     "172838243564": {
      "maxRSS": 327132,
      "systemtime": 101138,
      "usertime": 2355326
     },
     "172838244633": {
      "maxRSS": 327132,
      "systemtime": 101138,
      "usertime": 2359335
     },
     "172838245698": {
      "maxRSS": 327132,
      "systemtime": 101138,
      "usertime": 2359342
     },
     "172838246776": {
      "maxRSS": 327132,
      "systemtime": 101138,
      "usertime": 2359363
     },
     "172838247844": {
      "maxRSS": 327132,
      "systemtime": 101138,
      "usertime": 2359373
     },
     "172838248941": {
      "maxRSS": 327132,
      "systemtime": 101138,
      "usertime": 2363391
     },
     "172838250057": {
      "maxRSS": 327132,
      "systemtime": 101138,
      "usertime": 2363413
     },
     "172838251127": {
      "maxRSS": 327132,
      "systemtime": 101138,
      "usertime": 2363425
     },
     "172838252196": {
      "maxRSS": 327132,
      "systemtime": 101138,
      "usertime": 2367444
     },
     "172838253282": {
      "maxRSS": 327132,
      "systemtime": 101138,
      "usertime": 2367472
     },
     "172838254352": {
      "maxRSS": 327132,
      "systemtime": 101138,
      "usertime": 2367485
     },
     "172838255427": {
      "maxRSS": 327132,
      "systemtime": 101138,
      "usertime": 2367498
     },
     "172838256512": {
      "maxRSS": 327132,
      "systemtime": 101138,
      "usertime": 2371505
     },
     "172838257589": {
      "maxRSS": 327132,
      "systemtime": 101138,
      "usertime": 2371520
     },
     "172838258713": {
      "maxRSS": 327132,
      "systemtime": 101138,
      "usertime": 2371553
     },
     "172838259791": {
      "maxRSS": 327132,
      "systemtime": 101138,
      "usertime": 2371568
     },
     "172838260909": {
      "maxRSS": 327132,
      "systemtime": 101138,
      "usertime": 2375592
     },
     "172838261977": {
      "maxRSS": 327132,
      "systemtime": 101138,
      "usertime": 2375602
     },
     "172838263053": {
      "maxRSS": 327132,
      "systemtime": 101138,
      "usertime": 2375614
     },
     "172838264134": {
      "maxRSS": 327132,
      "systemtime": 101138,
      "usertime": 2379632
     },
     "172838265246": {
      "maxRSS": 327132,
      "systemtime": 101138,
      "usertime": 2379649
     },
     "172838266328": {
      "maxRSS": 327132,
      "systemtime": 101138,
      "usertime": 2379666
     },
     "172838267421": {
      "maxRSS": 327132,
      "systemtime": 101138,
      "usertime": 2379701
     },
     "172838268497": {
      "maxRSS": 327132,
      "systemtime": 101138,
      "usertime": 2383716
     },
     "172838269570": {
      "maxRSS": 327132,
      "systemtime": 101138,
      "usertime": 2383730
     },
     "172838270642": {
      "maxRSS": 327132,
      "systemtime": 101138,
      "usertime": 2383742
     },
     "172838271720": {
      "maxRSS": 327132,
      "systemtime": 101138,
      "usertime": 2383757
     },
     "172838272797": {
      "maxRSS": 327132,
      "systemtime": 101138,
      "usertime": 2387772
     },
     "172838273893": {
      "maxRSS": 327132,
      "systemtime": 101138,
      "usertime": 2387803
     },
     "172838274972": {
      "maxRSS": 327132,
      "systemtime": 101138,
      "usertime": 2387817
     },
     "172838276034": {
      "maxRSS": 327132,
      "systemtime": 101138,
      "usertime": 2391844
     },
     "172838277103": {
      "maxRSS": 327132,
      "systemtime": 101138,
      "usertime": 2391854
     },
     "172838278208": {
      "maxRSS": 327132,
      "systemtime": 101138,
      "usertime": 2391868
     },
     "172838279342": {
      "maxRSS": 327132,
      "systemtime": 101138,
      "usertime": 2391885
     },
     "172838280447": {
      "maxRSS": 327132,
      "systemtime": 101138,
      "usertime": 2395930
     },
     "172838281517": {
      "maxRSS": 327132,
      "systemtime": 101138,
      "usertime": 2395942
     },
     "172838282584": {
      "maxRSS": 327132,
      "systemtime": 101138,
      "usertime": 2395951
     },
     "172838283693": {
      "maxRSS": 327132,
      "systemtime": 101138,
      "usertime": 2395962
     },
     "172838284776": {
      "maxRSS": 327132,
      "systemtime": 101138,
      "usertime": 2399973
     },
     "172838285880": {
      "maxRSS": 327132,
      "systemtime": 101138,
      "usertime": 2399982
     },
     "172838286948": {
      "maxRSS": 327132,
      "systemtime": 101138,
      "usertime": 2399992
     },
     "172838288055": {
      "maxRSS": 327132,
      "systemtime": 101138,
      "usertime": 2404017
     },
     "172838289149": {
      "maxRSS": 327132,
      "systemtime": 101138,
      "usertime": 2404049
     },
     "172838290261": {
      "maxRSS": 327132,
      "systemtime": 101138,
      "usertime": 2404067
     },
     "172838291356": {
      "maxRSS": 327132,
      "systemtime": 101138,
      "usertime": 2404083
     },
     "172838292461": {
      "maxRSS": 327132,
      "systemtime": 101138,
      "usertime": 2408112
     },
     "172838293541": {
      "maxRSS": 327132,
      "systemtime": 101138,
      "usertime": 2408124
     },
     "172838294621": {
      "maxRSS": 327132,
      "systemtime": 101138,
      "usertime": 2408146
     },
     "172838295698": {
      "maxRSS": 327132,
      "systemtime": 101138,
      "usertime": 2408158
     },
     "172838296797": {
      "maxRSS": 327132,
      "systemtime": 101138,
      "usertime": 2412181
     },
     "172838297893": {
      "maxRSS": 327132,
      "systemtime": 101138,
      "usertime": 2412207
     },
     "172838298987": {
      "maxRSS": 327132,
      "systemtime": 101138,
      "usertime": 2412232
     },
     "172838300025": {
      "maxRSS": 327132,
      "systemtime": 101138,
      "usertime": 2416236
     },
     "172838301132": {
      "maxRSS": 327260,
      "systemtime": 101138,
      "usertime": 2416275
     },
     "172838302226": {
      "maxRSS": 327260,
      "systemtime": 101138,
      "usertime": 2416307
     },
     "172838303304": {
      "maxRSS": 327260,
      "systemtime": 101138,
      "usertime": 2416321
     },
     "172838304381": {
      "maxRSS": 327260,
      "systemtime": 101138,
      "usertime": 2420333
     },
     "172838305490": {
      "maxRSS": 327260,
      "systemtime": 101138,
      "usertime": 2420346
     },
     "172838306569": {
      "maxRSS": 327260,
      "systemtime": 101138,
      "usertime": 2420363
     },
     "172838307673": {
      "maxRSS": 327260,
      "systemtime": 101138,
      "usertime": 2420409
     },
     "172838308766": {
      "maxRSS": 327260,
      "systemtime": 101138,
      "usertime": 2424485
     },
     "172838309869": {
      "maxRSS": 327260,
      "systemtime": 101138,
      "usertime": 2424506
     },
     "172838310942": {
      "maxRSS": 327260,
      "systemtime": 101138,
      "usertime": 2424520
     },
     "172838312015": {
      "maxRSS": 327260,
      "systemtime": 101138,
      "usertime": 2428473
     },
     "172838313119": {
      "maxRSS": 327260,
      "systemtime": 101138,
      "usertime": 2428499
     },
     "172838314230": {
      "maxRSS": 327260,
      "systemtime": 101138,
      "usertime": 2428518
     },
     "172838315370": {
      "maxRSS": 327260,
      "systemtime": 101138,
      "usertime": 2428564
     },
     "172838316447": {
      "maxRSS": 327260,
      "systemtime": 101138,
      "usertime": 2432575
     },
     "172838317527": {
      "maxRSS": 327260,
      "systemtime": 101138,
      "usertime": 2432592
     },
     "172838318607": {
      "maxRSS": 327260,
      "systemtime": 101138,
      "usertime": 2432607
     },
     "172838319688": {
      "maxRSS": 327260,
      "systemtime": 101138,
      "usertime": 2432621
     },
     "172838320766": {
      "maxRSS": 327260,
      "systemtime": 101138,
      "usertime": 2436641
     },
     "172838321861": {
      "maxRSS": 327260,
      "systemtime": 101138,
      "usertime": 2436664
     },
     "172838322930": {
      "maxRSS": 327260,
      "systemtime": 101138,
      "usertime": 2436674
     },
     "172838323998": {
      "maxRSS": 327260,
      "systemtime": 101138,
      "usertime": 2436684
     },
     "172838325115": {
      "maxRSS": 327260,
      "systemtime": 101138,
      "usertime": 2440693
     },
     "172838326220": {
      "maxRSS": 327260,
      "systemtime": 101138,
      "usertime": 2440705
     },
     "172838327325": {
      "maxRSS": 327260,
      "systemtime": 101138,
      "usertime": 2440715
     },
     "172838328414": {
      "maxRSS": 327260,
      "systemtime": 101138,
      "usertime": 2444742
     },
     "172838329486": {
      "maxRSS": 327260,
      "systemtime": 101138,
      "usertime": 2444756
     },
     "172838330587": {
      "maxRSS": 327260,
      "systemtime": 101138,
      "usertime": 2444765
     },
     "172838331689": {
      "maxRSS": 327260,
      "systemtime": 101138,
      "usertime": 2444776
     },
     "172838332779": {
      "maxRSS": 327260,
      "systemtime": 101138,
      "usertime": 2448788
     },
     "172838333892": {
      "maxRSS": 327260,
      "systemtime": 101138,
      "usertime": 2448809
     },
     "172838335985": {
      "maxRSS": 327260,
      "systemtime": 101138,
      "usertime": 2448839
     },
     "172838338062": {
      "maxRSS": 327260,
      "systemtime": 101138,
      "usertime": 2452852
     },
     "172838340139": {
      "maxRSS": 327260,
      "systemtime": 101138,
      "usertime": 2456866
     },
     "172838342248": {
      "maxRSS": 327260,
      "systemtime": 101138,
      "usertime": 2456880
     },
     "172838344318": {
      "maxRSS": 327260,
      "systemtime": 101138,
      "usertime": 2460892
     },
     "172838346418": {
      "maxRSS": 327260,
      "systemtime": 101138,
      "usertime": 2460901
     },
     "172838348503": {
      "maxRSS": 327260,
      "systemtime": 101138,
      "usertime": 2464932
     },
     "172838350644": {
      "maxRSS": 327260,
      "systemtime": 101138,
      "usertime": 2465004
     },
     "172838352733": {
      "maxRSS": 327260,
      "systemtime": 101138,
      "usertime": 2469013
     },
     "172838354859": {
      "maxRSS": 327260,
      "systemtime": 101138,
      "usertime": 2469032
     },
     "172838356933": {
      "maxRSS": 327260,
      "systemtime": 101138,
      "usertime": 2473040
     },
     "172838359042": {
      "maxRSS": 327260,
      "systemtime": 101138,
      "usertime": 2473054
     },
     "172838361135": {
      "maxRSS": 327260,
      "systemtime": 101138,
      "usertime": 2477087
     },
     "172838363269": {
      "maxRSS": 327260,
      "systemtime": 101138,
      "usertime": 2477128
     },
     "172838365339": {
      "maxRSS": 327260,
      "systemtime": 101138,
      "usertime": 2481138
     },
     "172838367424": {
      "maxRSS": 327260,
      "systemtime": 101138,
      "usertime": 2481156
     },
     "172838369510": {
      "maxRSS": 327260,
      "systemtime": 101138,
      "usertime": 2485186
     },
     "172838371622": {
      "maxRSS": 327260,
      "systemtime": 101138,
      "usertime": 2485201
     },
     "172838373728": {
      "maxRSS": 327260,
      "systemtime": 101138,
      "usertime": 2489208
     },
     "172838375830": {
      "maxRSS": 327260,
      "systemtime": 101138,
      "usertime": 2489244
     },
     "172838377910": {
      "maxRSS": 327260,
      "systemtime": 101138,
      "usertime": 2493262
     },
     "172838379985": {
      "maxRSS": 327260,
      "systemtime": 101138,
      "usertime": 2493276
     },
     "172838382061": {
      "maxRSS": 327260,
      "systemtime": 101138,
      "usertime": 2497285
     },
     "172838384150": {
      "maxRSS": 327260,
      "systemtime": 101138,
      "usertime": 2501341
     },
     "172838386290": {
      "maxRSS": 327260,
      "systemtime": 101138,
      "usertime": 2501372
     },
     "172838388399": {
      "maxRSS": 327260,
      "systemtime": 101138,
      "usertime": 2505388
     },
     "172838390484": {
      "maxRSS": 327260,
      "systemtime": 101138,
      "usertime": 2505408
     },
     "172838392561": {
      "maxRSS": 327260,
      "systemtime": 101138,
      "usertime": 2509419
     },
     "172838394632": {
      "maxRSS": 327260,
      "systemtime": 101138,
      "usertime": 2509432
     },
     "172838396702": {
      "maxRSS": 327260,
      "systemtime": 101138,
      "usertime": 2513437
     },
     "172838398799": {
      "maxRSS": 327260,
      "systemtime": 101138,
      "usertime": 2513452
     },
     "172838400907": {
      "maxRSS": 327260,
      "systemtime": 101138,
      "usertime": 2517498
     },
     "172838402992": {
      "maxRSS": 327260,
      "systemtime": 101138,
      "usertime": 2517524
     },
     "172838405097": {
      "maxRSS": 327260,
      "systemtime": 101138,
      "usertime": 2521533
     },
     "172838407197": {
      "maxRSS": 327260,
      "systemtime": 101138,
      "usertime": 2521541
     },
     "172838409278": {
      "maxRSS": 327260,
      "systemtime": 101138,
      "usertime": 2525554
     },
     "172838411389": {
      "maxRSS": 327260,
      "systemtime": 101138,
      "usertime": 2525569
     },
     "172838413492": {
      "maxRSS": 327260,
      "systemtime": 101138,
      "usertime": 2529577
     },
     "172838415637": {
      "maxRSS": 327260,
      "systemtime": 101138,
      "usertime": 2529627
     },
     "172838417741": {
      "maxRSS": 327260,
      "systemtime": 101138,
      "usertime": 2533665
     },
     "172838419863": {
      "maxRSS": 327260,
      "systemtime": 101138,
      "usertime": 2533693
     },
     "172838421971": {
      "maxRSS": 327260,
      "systemtime": 101138,
      "usertime": 2537705
     },
     "172838424047": {
      "maxRSS": 327260,
      "systemtime": 101138,
      "usertime": 2541713
     },
     "172838426153": {
      "maxRSS": 327260,
      "systemtime": 101138,
      "usertime": 2541725
     },
     "172838428241": {
      "maxRSS": 327260,
      "systemtime": 101138,
      "usertime": 2545753
     },
     "172838430363": {
      "maxRSS": 327260,
      "systemtime": 101138,
      "usertime": 2545765
     },
     "172838432484": {
      "maxRSS": 327260,
      "systemtime": 101138,
      "usertime": 2549794
     },
     "172838434573": {
      "maxRSS": 327260,
      "systemtime": 101138,
      "usertime": 2549817
     },
     "172838436662": {
      "maxRSS": 327260,
      "systemtime": 101138,
      "usertime": 2553838
     },
     "172838438785": {
      "maxRSS": 327260,
      "systemtime": 101138,
      "usertime": 2553871
     },
     "172838440912": {
      "maxRSS": 327260,
      "systemtime": 101138,
      "usertime": 2557899
     },
     "172838442987": {
      "maxRSS": 327260,
      "systemtime": 101138,
      "usertime": 2557910
     },
     "172838445065": {
      "maxRSS": 327260,
      "systemtime": 101138,
      "usertime": 2561940
     },
     "172838447151": {
      "maxRSS": 327260,
      "systemtime": 101138,
      "usertime": 2561954
     },
     "172838449225": {
      "maxRSS": 327260,
      "systemtime": 101138,
      "usertime": 2565952
     },
     "172838451306": {
      "maxRSS": 327260,
      "systemtime": 101138,
      "usertime": 2565968
     },
     "172838453457": {
      "maxRSS": 327260,
      "systemtime": 101138,
      "usertime": 2570024
     },
     "172838455537": {
      "maxRSS": 327260,
      "systemtime": 101138,
      "usertime": 2570040
     },
     "172838457617": {
      "maxRSS": 327260,
      "systemtime": 101138,
      "usertime": 2574053
     },
     "172838459705": {
      "maxRSS": 327260,
      "systemtime": 101138,
      "usertime": 2574068
     },
     "172838461820": {
      "maxRSS": 327260,
      "systemtime": 101138,
      "usertime": 2578092
     },
     "172838463892": {
      "maxRSS": 327260,
      "systemtime": 101138,
      "usertime": 2578104
     },
     "172838465997": {
      "maxRSS": 327260,
      "systemtime": 101138,
      "usertime": 2582110
     },
     "172838468096": {
      "maxRSS": 327260,
      "systemtime": 101138,
      "usertime": 2586151
     },
     "172838470183": {
      "maxRSS": 327260,
      "systemtime": 101138,
      "usertime": 2586173
     },
     "172838472287": {
      "maxRSS": 327260,
      "systemtime": 101138,
      "usertime": 2590207
     },
     "172838474395": {
      "maxRSS": 327260,
      "systemtime": 101138,
      "usertime": 2590236
     },
     "172838476531": {
      "maxRSS": 327260,
      "systemtime": 101138,
      "usertime": 2594279
     },
     "172838478605": {
      "maxRSS": 327260,
      "systemtime": 101138,
      "usertime": 2594293
     },
     "172838480730": {
      "maxRSS": 327260,
      "systemtime": 101138,
      "usertime": 2598323
     },
     "172838482820": {
      "maxRSS": 327260,
      "systemtime": 101138,
      "usertime": 2598336
     },
     "172838484899": {
      "maxRSS": 327260,
      "systemtime": 101138,
      "usertime": 2602355
     },
     "172838486981": {
      "maxRSS": 327260,
      "systemtime": 101138,
      "usertime": 2602375
     },
     "172838489074": {
      "maxRSS": 327260,
      "systemtime": 101138,
      "usertime": 2606391
     },
     "172838491160": {
      "maxRSS": 327260,
      "systemtime": 101138,
      "usertime": 2606407
     },
     "172838493259": {
      "maxRSS": 327260,
      "systemtime": 101138,
      "usertime": 2610443
     },
     "172838495332": {
      "maxRSS": 327260,
      "systemtime": 101138,
      "usertime": 2610458
     },
     "172838497408": {
      "maxRSS": 327260,
      "systemtime": 101138,
      "usertime": 2614466
     },
     "172838499487": {
      "maxRSS": 327260,
      "systemtime": 101138,
      "usertime": 2614485
     },
     "172838501607": {
      "maxRSS": 327388,
      "systemtime": 101138,
      "usertime": 2618534
     },
     "172838503682": {
      "maxRSS": 327644,
      "systemtime": 101138,
      "usertime": 2618550
     },
     "172838505765": {
      "maxRSS": 327900,
      "systemtime": 101138,
      "usertime": 2622544
     },
     "172838507841": {
      "maxRSS": 328284,
      "systemtime": 101138,
      "usertime": 2622556
     },
     "172838509950": {
      "maxRSS": 328540,
      "systemtime": 101138,
      "usertime": 2626569
     },
     "172838512027": {
      "maxRSS": 328668,
      "systemtime": 101138,
      "usertime": 2630584
     },
     "172838514103": {
      "maxRSS": 328924,
      "systemtime": 101138,
      "usertime": 2630599
     },
     "172838516188": {
      "maxRSS": 329180,
      "systemtime": 101138,
      "usertime": 2634615
     },
     "172838518293": {
      "maxRSS": 329564,
      "systemtime": 101138,
      "usertime": 2634641
     },
     "172838520399": {
      "maxRSS": 329820,
      "systemtime": 101138,
      "usertime": 2638686
     },
     "172838522494": {
      "maxRSS": 330076,
      "systemtime": 101138,
      "usertime": 2638704
     },
     "172838524603": {
      "maxRSS": 330332,
      "systemtime": 101138,
      "usertime": 2642731
     },
     "172838526729": {
      "maxRSS": 330588,
      "systemtime": 101138,
      "usertime": 2642759
     },
     "172838528808": {
      "maxRSS": 330844,
      "systemtime": 101138,
      "usertime": 2646774
     },
     "172838530901": {
      "maxRSS": 331100,
      "systemtime": 101138,
      "usertime": 2646792
     },
     "172838533019": {
      "maxRSS": 331356,
      "systemtime": 101138,
      "usertime": 2650842
     },
     "172838535104": {
      "maxRSS": 331612,
      "systemtime": 101138,
      "usertime": 2650866
     },
     "172838537215": {
      "maxRSS": 331868,
      "systemtime": 101138,
      "usertime": 2654884
     },
     "172838539287": {
      "maxRSS": 332124,
      "systemtime": 101138,
      "usertime": 2654898
     },
     "172838541367": {
      "maxRSS": 332380,
      "systemtime": 101138,
      "usertime": 2658911
     },
     "172838543459": {
      "maxRSS": 332636,
      "systemtime": 101138,
      "usertime": 2658932
     },
     "172838545589": {
      "maxRSS": 332764,
      "systemtime": 101138,
      "usertime": 2662999
     },
     "172838547674": {
      "maxRSS": 333020,
      "systemtime": 101138,
      "usertime": 2663017
     },
     "172838549765": {
      "maxRSS": 333276,
      "systemtime": 101138,
      "usertime": 2667043
     },
     "172838551859": {
      "maxRSS": 333532,
      "systemtime": 101138,
      "usertime": 2667071
     },
     "172838553976": {
      "maxRSS": 333788,
      "systemtime": 101138,
      "usertime": 2671106
     },
     "172838556034": {
      "maxRSS": 334044,
      "systemtime": 101138,
      "usertime": 2675133
     },
     "172838558163": {
      "maxRSS": 334300,
      "systemtime": 101138,
      "usertime": 2675177
     },
     "172838560253": {
      "maxRSS": 334556,
      "systemtime": 101138,
      "usertime": 2679216
     },
     "172838562352": {
      "maxRSS": 334812,
      "systemtime": 101138,
      "usertime": 2679240
     },
     "172838564440": {
      "maxRSS": 334940,
      "systemtime": 101138,
      "usertime": 2683267
     },
     "172838566540": {
      "maxRSS": 335196,
      "systemtime": 101138,
      "usertime": 2683293
     },
     "172838568623": {
      "maxRSS": 335452,
      "systemtime": 101138,
      "usertime": 2687313
     },
     "172838570708": {
      "maxRSS": 335708,
      "systemtime": 101138,
      "usertime": 2687332
     },
     "172838572805": {
      "maxRSS": 335964,
      "systemtime": 101138,
      "usertime": 2691352
     },
     "172838574881": {
      "maxRSS": 336220,
      "systemtime": 101138,
      "usertime": 2691369
     },
     "172838576995": {
      "maxRSS": 336476,
      "systemtime": 101138,
      "usertime": 2695384
     },
     "172838579085": {
      "maxRSS": 336732,
      "systemtime": 101138,
      "usertime": 2695402
     },
     "172838581191": {
      "maxRSS": 336988,
      "systemtime": 101138,
      "usertime": 2699419
     },
     "172838583275": {
      "maxRSS": 337244,
      "systemtime": 101138,
      "usertime": 2699438
     },
     "172838585376": {
      "maxRSS": 337500,
      "systemtime": 101138,
      "usertime": 2703481
     },
     "172838587468": {
      "maxRSS": 337756,
      "systemtime": 101138,
      "usertime": 2703506
     },
     "172838589571": {
      "maxRSS": 338012,
      "systemtime": 101138,
      "usertime": 2707538
     },
     "172838591665": {
      "maxRSS": 338140,
      "systemtime": 101138,
      "usertime": 2707568
     },
     "172838593759": {
      "maxRSS": 338524,
      "systemtime": 101138,
      "usertime": 2711591
     },
     "172838595852": {
      "maxRSS": 338780,
      "systemtime": 101138,
      "usertime": 2711616
     },
     "172838597999": {
      "maxRSS": 339036,
      "systemtime": 101138,
      "usertime": 2715687
     },
     "172838600052": {
      "maxRSS": 339164,
      "systemtime": 101138,
      "usertime": 2719740
     },
     "172838602146": {
      "maxRSS": 339420,
      "systemtime": 101138,
      "usertime": 2719773
     },
     "172838606251": {
      "maxRSS": 339932,
      "systemtime": 101138,
      "usertime": 2723788
     },
     "172838610359": {
      "maxRSS": 340444,
      "systemtime": 101138,
      "usertime": 2727824
     },
     "172838614466": {
      "maxRSS": 340956,
      "systemtime": 104926,
      "usertime": 2728088
     },
     "172838618611": {
      "maxRSS": 341084,
      "systemtime": 105064,
      "usertime": 2733604
     },
     "172838620965": {
      "maxRSS": 341084,
      "systemtime": 105064,
      "usertime": 2736981
     },
     "172838622062": {
      "maxRSS": 341084,
      "systemtime": 105064,
      "usertime": 2737018
     },
     "172838623208": {
      "maxRSS": 341084,
      "systemtime": 105064,
      "usertime": 2737076
     },
     "172838624190": {
      "maxRSS": 341084,
      "systemtime": 105064,
      "usertime": 2740332
     },
     "172838625279": {
      "maxRSS": 341340,
      "systemtime": 105064,
      "usertime": 2740357
     },
     "172838626378": {
      "maxRSS": 341596,
      "systemtime": 105064,
      "usertime": 2740397
     },
     "172838627505": {
      "maxRSS": 341852,
      "systemtime": 105064,
      "usertime": 2740451
     },
     "172838628583": {
      "maxRSS": 342108,
      "systemtime": 105064,
      "usertime": 2744373
     },
     "172838629673": {
      "maxRSS": 342364,
      "systemtime": 105064,
      "usertime": 2744391
     },
     "172838630750": {
      "maxRSS": 342748,
      "systemtime": 105064,
      "usertime": 2744407
     },
     "172838631852": {
      "maxRSS": 343004,
      "systemtime": 105064,
      "usertime": 2744423
     },
     "172838632947": {
      "maxRSS": 343260,
      "systemtime": 105064,
      "usertime": 2748388
     },
     "172838634112": {
      "maxRSS": 343516,
      "systemtime": 105064,
      "usertime": 2748456
     },
     "172838635218": {
      "maxRSS": 343772,
      "systemtime": 105064,
      "usertime": 2748485
     },
     "172838636297": {
      "maxRSS": 344028,
      "systemtime": 105064,
      "usertime": 2752504
     },
     "172838637392": {
      "maxRSS": 344284,
      "systemtime": 105064,
      "usertime": 2752520
     },
     "172838638487": {
      "maxRSS": 344540,
      "systemtime": 105064,
      "usertime": 2752538
     },
     "172838639562": {
      "maxRSS": 344924,
      "systemtime": 105064,
      "usertime": 2752553
     },
     "172838640657": {
      "maxRSS": 345180,
      "systemtime": 105064,
      "usertime": 2756584
     },
     "172838641740": {
      "maxRSS": 345436,
      "systemtime": 105064,
      "usertime": 2756605
     },
     "172838642846": {
      "maxRSS": 345692,
      "systemtime": 105064,
      "usertime": 2756625
     },
     "172838643953": {
      "maxRSS": 345948,
      "systemtime": 105064,
      "usertime": 2756648
     },
     "172838645064": {
      "maxRSS": 346204,
      "systemtime": 105064,
      "usertime": 2760670
     },
     "172838646144": {
      "maxRSS": 346460,
      "systemtime": 105064,
      "usertime": 2760688
     },
     "172838647231": {
      "maxRSS": 346716,
      "systemtime": 105064,
      "usertime": 2760718
     },
     "172838648298": {
      "maxRSS": 346972,
      "systemtime": 105064,
      "usertime": 2764772
     },
     "172838649376": {
      "maxRSS": 347228,
      "systemtime": 105064,
      "usertime": 2764788
     },
     "172838650489": {
      "maxRSS": 347484,
      "systemtime": 105064,
      "usertime": 2764832
     },
     "172838651569": {
      "maxRSS": 347740,
      "systemtime": 105064,
      "usertime": 2764851
     },
     "172838652685": {
      "maxRSS": 347996,
      "systemtime": 105064,
      "usertime": 2768820
     },
     "172838653797": {
      "maxRSS": 348252,
      "systemtime": 105064,
      "usertime": 2768838
     },
     "172838654917": {
      "maxRSS": 348508,
      "systemtime": 105064,
      "usertime": 2768868
     },
     "172838656045": {
      "maxRSS": 348764,
      "systemtime": 105064,
      "usertime": 2772879
     },
     "172838657140": {
      "maxRSS": 349020,
      "systemtime": 105064,
      "usertime": 2772897
     },
     "172838658225": {
      "maxRSS": 349148,
      "systemtime": 105064,
      "usertime": 2772918
     },
     "172838659310": {
      "maxRSS": 349404,
      "systemtime": 105064,
      "usertime": 2772941
     },
     "172838660413": {
      "maxRSS": 349660,
      "systemtime": 105064,
      "usertime": 2776980
     },
     "172838661534": {
      "maxRSS": 350044,
      "systemtime": 105064,
      "usertime": 2777034
     },
     "172838662630": {
      "maxRSS": 350300,
      "systemtime": 105064,
      "usertime": 2777052
     },
     "172838663706": {
      "maxRSS": 350556,
      "systemtime": 105064,
      "usertime": 2777069
     },
     "172838664788": {
      "maxRSS": 350684,
      "systemtime": 105064,
      "usertime": 2781084
     },
     "172838665871": {
      "maxRSS": 350940,
      "systemtime": 105064,
      "usertime": 2781101
     },
     "172838666995": {
      "maxRSS": 351196,
      "systemtime": 105064,
      "usertime": 2781125
     },
     "172838668089": {
      "maxRSS": 351324,
      "systemtime": 105064,
      "usertime": 2785161
     },
     "172838669171": {
      "maxRSS": 351580,
      "systemtime": 105064,
      "usertime": 2785177
     },
     "172838670255": {
      "maxRSS": 351836,
      "systemtime": 105064,
      "usertime": 2785197
     },
     "172838671330": {
      "maxRSS": 352092,
      "systemtime": 105064,
      "usertime": 2785211
     },
     "172838672404": {
      "maxRSS": 352348,
      "systemtime": 105064,
      "usertime": 2789223
     },
     "172838673487": {
      "maxRSS": 352604,
      "systemtime": 105064,
      "usertime": 2789241
     },
     "172838674593": {
      "maxRSS": 352732,
      "systemtime": 105064,
      "usertime": 2789280
     },
     "172838675705": {
      "maxRSS": 352988,
      "systemtime": 105064,
      "usertime": 2789296
     },
     "172838676788": {
      "maxRSS": 353244,
      "systemtime": 105064,
      "usertime": 2793311
     },
     "172838677860": {
      "maxRSS": 353500,
      "systemtime": 105064,
      "usertime": 2793324
     },
     "172838678926": {
      "maxRSS": 353756,
      "systemtime": 105064,
      "usertime": 2793333
     },
     "172838679994": {
      "maxRSS": 354012,
      "systemtime": 105064,
      "usertime": 2793343
     },
     "172838681065": {
      "maxRSS": 354268,
      "systemtime": 108841,
      "usertime": 2793595
     },
     "172838682173": {
      "maxRSS": 354396,
      "systemtime": 108842,
      "usertime": 2793636
     },
     "172838683262": {
      "maxRSS": 354652,
      "systemtime": 108843,
      "usertime": 2793659
     },
     "172838684364": {
      "maxRSS": 354908,
      "systemtime": 112875,
      "usertime": 2793661
     },
     "172838685449": {
      "maxRSS": 355164,
      "systemtime": 112876,
      "usertime": 2793681
     },
     "172838686538": {
      "maxRSS": 355420,
      "systemtime": 112876,
      "usertime": 2793698
     },
     "172838687618": {
      "maxRSS": 355548,
      "systemtime": 112877,
      "usertime": 2793713
     },
     "172838688726": {
      "maxRSS": 355804,
      "systemtime": 112877,
      "usertime": 2797746
     },
     "172838689823": {
      "maxRSS": 356060,
      "systemtime": 112878,
      "usertime": 2797770
     },
     "172838690956": {
      "maxRSS": 356316,
      "systemtime": 112879,
      "usertime": 2797792
     },
     "172838692048": {
      "maxRSS": 356572,
      "systemtime": 112879,
      "usertime": 2801824
     },
     "172838693135": {
      "maxRSS": 356828,
      "systemtime": 112880,
      "usertime": 2801843
     },
     "172838694224": {
      "maxRSS": 356956,
      "systemtime": 112880,
      "usertime": 2801858
     },
     "172838695347": {
      "maxRSS": 357212,
      "systemtime": 112882,
      "usertime": 2801908
     },
     "172838696512": {
      "maxRSS": 357468,
      "systemtime": 112883,
      "usertime": 2805954
     },
     "172838697600": {
      "maxRSS": 357724,
      "systemtime": 112884,
      "usertime": 2805977
     },
     "172838698683": {
      "maxRSS": 357980,
      "systemtime": 112884,
      "usertime": 2805997
     },
     "172838699772": {
      "maxRSS": 358236,
      "systemtime": 112885,
      "usertime": 2806018
     },
     "172838700907": {
      "maxRSS": 358364,
      "systemtime": 112886,
      "usertime": 2810058
     },
     "172838702060": {
      "maxRSS": 358620,
      "systemtime": 112888,
      "usertime": 2810118
     },
     "172838703141": {
      "maxRSS": 358876,
      "systemtime": 112889,
      "usertime": 2810134
     },
     "172838704225": {
      "maxRSS": 359132,
      "systemtime": 112889,
      "usertime": 2814151
     },
     "172838705334": {
      "maxRSS": 359388,
      "systemtime": 112889,
      "usertime": 2814165
     },
     "172838706442": {
      "maxRSS": 359644,
      "systemtime": 112889,
      "usertime": 2814179
     },
     "172838707548": {
      "maxRSS": 359900,
      "systemtime": 112890,
      "usertime": 2814194
     },
     "172838708676": {
      "maxRSS": 360028,
      "systemtime": 112890,
      "usertime": 2818225
     },
     "172838709823": {
      "maxRSS": 360284,
      "systemtime": 112892,
      "usertime": 2818280
     },
     "172838710924": {
      "maxRSS": 360540,
      "systemtime": 112892,
      "usertime": 2818289
     },
     "172838711994": {
      "maxRSS": 360796,
      "systemtime": 112893,
      "usertime": 2818298
     },
     "172838713104": {
      "maxRSS": 361052,
      "systemtime": 112893,
      "usertime": 2822316
     },
     "172838714194": {
      "maxRSS": 361180,
      "systemtime": 112893,
      "usertime": 2822339
     },
     "172838715282": {
      "maxRSS": 361436,
      "systemtime": 112894,
      "usertime": 2822361
     },
     "172838716392": {
      "maxRSS": 361564,
      "systemtime": 112895,
      "usertime": 2826409
     },
     "172838717480": {
      "maxRSS": 361820,
      "systemtime": 112896,
      "usertime": 2826433
     },
     "172838718572": {
      "maxRSS": 362076,
      "systemtime": 112896,
      "usertime": 2826455
     },
     "172838719689": {
      "maxRSS": 362332,
      "systemtime": 112897,
      "usertime": 2826471
     },
     "172838720797": {
      "maxRSS": 362588,
      "systemtime": 112897,
      "usertime": 2830485
     },
     "172838721866": {
      "maxRSS": 362716,
      "systemtime": 112897,
      "usertime": 2830496
     },
     "172838722974": {
      "maxRSS": 362972,
      "systemtime": 112899,
      "usertime": 2830544
     },
     "172838724030": {
      "maxRSS": 363228,
      "systemtime": 112899,
      "usertime": 2834560
     },
     "172838725143": {
      "maxRSS": 363484,
      "systemtime": 112899,
      "usertime": 2834578
     },
     "172838726250": {
      "maxRSS": 363740,
      "systemtime": 112899,
      "usertime": 2834592
     },
     "172838727349": {
      "maxRSS": 363868,
      "systemtime": 112900,
      "usertime": 2834602
     },
     "172838728482": {
      "maxRSS": 364124,
      "systemtime": 112900,
      "usertime": 2838621
     },
     "172838729670": {
      "maxRSS": 364380,
      "systemtime": 112902,
      "usertime": 2838685
     },
     "172838730741": {
      "maxRSS": 364636,
      "systemtime": 112902,
      "usertime": 2838697
     },
     "172838731847": {
      "maxRSS": 364892,
      "systemtime": 112903,
      "usertime": 2838709
     },
     "172838732954": {
      "maxRSS": 365148,
      "systemtime": 112903,
      "usertime": 2842736
     },
     "172838734111": {
      "maxRSS": 365404,
      "systemtime": 112903,
      "usertime": 2842756
     },
     "172838735194": {
      "maxRSS": 365660,
      "systemtime": 112904,
      "usertime": 2842770
     },
     "172838736274": {
      "maxRSS": 365916,
      "systemtime": 112904,
      "usertime": 2846786
     },
     "172838737378": {
      "maxRSS": 366172,
      "systemtime": 112905,
      "usertime": 2846829
     },
     "172838738449": {
      "maxRSS": 366428,
      "systemtime": 112905,
      "usertime": 2846842
     },
     "172838739521": {
      "maxRSS": 366556,
      "systemtime": 112906,
      "usertime": 2846854
     },
     "172838740638": {
      "maxRSS": 366812,
      "systemtime": 112906,
      "usertime": 2850873
     },
     "172838741768": {
      "maxRSS": 367068,
      "systemtime": 112907,
      "usertime": 2850901
     },
     "172838742870": {
      "maxRSS": 367324,
      "systemtime": 112907,
      "usertime": 2850925
     },
     "172838743977": {
      "maxRSS": 367580,
      "systemtime": 112909,
      "usertime": 2850970
     },
     "172838745092": {
      "maxRSS": 367836,
      "systemtime": 112911,
      "usertime": 2855046
     },
     "172838746201": {
      "maxRSS": 368092,
      "systemtime": 112912,
      "usertime": 2855062
     },
     "172838747308": {
      "maxRSS": 368348,
      "systemtime": 112912,
      "usertime": 2855073
     },
     "172838748386": {
      "maxRSS": 368604,
      "systemtime": 112912,
      "usertime": 2859037
     },
     "172838749482": {
      "maxRSS": 368860,
      "systemtime": 112912,
      "usertime": 2859058
     },
     "172838750618": {
      "maxRSS": 369116,
      "systemtime": 112912,
      "usertime": 2859095
     },
     "172838751688": {
      "maxRSS": 369244,
      "systemtime": 112912,
      "usertime": 2859107
     },
     "172838752770": {
      "maxRSS": 369500,
      "systemtime": 112912,
      "usertime": 2863122
     },
     "172838753904": {
      "maxRSS": 369756,
      "systemtime": 112913,
      "usertime": 2863164
     },
     "172838754991": {
      "maxRSS": 370012,
      "systemtime": 112914,
      "usertime": 2863179
     },
     "172838756030": {
      "maxRSS": 370268,
      "systemtime": 112914,
      "usertime": 2867193
     },
     "172838757174": {
      "maxRSS": 370524,
      "systemtime": 112915,
      "usertime": 2867237
     },
     "172838758256": {
      "maxRSS": 370780,
      "systemtime": 112915,
      "usertime": 2867253
     },
     "172838759349": {
      "maxRSS": 371036,
      "systemtime": 112916,
      "usertime": 2867277
     },
     "172838760433": {
      "maxRSS": 371164,
      "systemtime": 112916,
      "usertime": 2871306
     },
     "172838761508": {
      "maxRSS": 371420,
      "systemtime": 112917,
      "usertime": 2871321
     },
     "172838762584": {
      "maxRSS": 371676,
      "systemtime": 112917,
      "usertime": 2871334
     },
     "172838763691": {
      "maxRSS": 371932,
      "systemtime": 112918,
      "usertime": 2871349
     },
     "172838765813": {
      "maxRSS": 372444,
      "systemtime": 112918,
      "usertime": 2875391
     },
     "172838767902": {
      "maxRSS": 372828,
      "systemtime": 112919,
      "usertime": 2875413
     },
     "172838769993": {
      "maxRSS": 373340,
      "systemtime": 112919,
      "usertime": 2879435
     },
     "172838772021": {
      "maxRSS": 373724,
      "systemtime": 112919,
      "usertime": 2883452
     },
     "172838774109": {
      "maxRSS": 374236,
      "systemtime": 112919,
      "usertime": 2883473
     },
     "172838776204": {
      "maxRSS": 374620,
      "systemtime": 116952,
      "usertime": 2883481
     },
     "172838778358": {
      "maxRSS": 375132,
      "systemtime": 116955,
      "usertime": 2883549
     },
     "172838780447": {
      "maxRSS": 375644,
      "systemtime": 120972,
      "usertime": 2883549
     },
     "172838782543": {
      "maxRSS": 376028,
      "systemtime": 120988,
      "usertime": 2883558
     },
     "172838784739": {
      "maxRSS": 376540,
      "systemtime": 120991,
      "usertime": 2887666
     },
     "172838786830": {
      "maxRSS": 377052,
      "systemtime": 120992,
      "usertime": 2887690
     },
     "172838788949": {
      "maxRSS": 377564,
      "systemtime": 125011,
      "usertime": 2887690
     },
     "172838791055": {
      "maxRSS": 377948,
      "systemtime": 125026,
      "usertime": 2887714
     },
     "172838793139": {
      "maxRSS": 378460,
      "systemtime": 125026,
      "usertime": 2891737
     },
     "172838795242": {
      "maxRSS": 378972,
      "systemtime": 125027,
      "usertime": 2891759
     },
     "172838797355": {
      "maxRSS": 379356,
      "systemtime": 129049,
      "usertime": 2891759
     },
     "172838799482": {
      "maxRSS": 379868,
      "systemtime": 129061,
      "usertime": 2891783
     },
     "172838801599": {
      "maxRSS": 380252,
      "systemtime": 129062,
      "usertime": 2895837
     },
     "172838803754": {
      "maxRSS": 380764,
      "systemtime": 129064,
      "usertime": 2895884
     },
     "172838805841": {
      "maxRSS": 381276,
      "systemtime": 129064,
      "usertime": 2899896
     },
     "172838807959": {
      "maxRSS": 381788,
      "systemtime": 129064,
      "usertime": 2899922
     },
     "172838810048": {
      "maxRSS": 382172,
      "systemtime": 129064,
      "usertime": 2903953
     },
     "172838812136": {
      "maxRSS": 382684,
      "systemtime": 129064,
      "usertime": 2907972
     },
     "172838814232": {
      "maxRSS": 383068,
      "systemtime": 129064,
      "usertime": 2907994
     },
     "172838816347": {
      "maxRSS": 383452,
      "systemtime": 129065,
      "usertime": 2912044
     },
     "172838818464": {
      "maxRSS": 383964,
      "systemtime": 129067,
      "usertime": 2912081
     },
     "172838820593": {
      "maxRSS": 384348,
      "systemtime": 129067,
      "usertime": 2916112
     },
     "172838822676": {
      "maxRSS": 384860,
      "systemtime": 129067,
      "usertime": 2916128
     },
     "172838824772": {
      "maxRSS": 385372,
      "systemtime": 129067,
      "usertime": 2920150
     },
     "172838826927": {
      "maxRSS": 385756,
      "systemtime": 129068,
      "usertime": 2920176
     },
     "172838829044": {
      "maxRSS": 386268,
      "systemtime": 129068,
      "usertime": 2924198
     },
     "172838831175": {
      "maxRSS": 386652,
      "systemtime": 129069,
      "usertime": 2924241
     },
     "172838833272": {
      "maxRSS": 387164,
      "systemtime": 129069,
      "usertime": 2928272
     },
     "172838835384": {
      "maxRSS": 387548,
      "systemtime": 129070,
      "usertime": 2928288
     },
     "172838837472": {
      "maxRSS": 388060,
      "systemtime": 129070,
      "usertime": 2932308
     },
     "172838839566": {
      "maxRSS": 388572,
      "systemtime": 129071,
      "usertime": 2932333
     },
     "172838841670": {
      "maxRSS": 389084,
      "systemtime": 129071,
      "usertime": 2936356
     },
     "172838843779": {
      "maxRSS": 389468,
      "systemtime": 129072,
      "usertime": 2936399
     },
     "172838845875": {
      "maxRSS": 389980,
      "systemtime": 129072,
      "usertime": 2940425
     },
     "172838848021": {
      "maxRSS": 390492,
      "systemtime": 129072,
      "usertime": 2944465
     },
     "172838850115": {
      "maxRSS": 391004,
      "systemtime": 129073,
      "usertime": 2944490
     },
     "172838852205": {
      "maxRSS": 391388,
      "systemtime": 129073,
      "usertime": 2948514
     },
     "172838854292": {
      "maxRSS": 391900,
      "systemtime": 129074,
      "usertime": 2948534
     },
     "172838856419": {
      "maxRSS": 392412,
      "systemtime": 129074,
      "usertime": 2952571
     },
     "172838858507": {
      "maxRSS": 392796,
      "systemtime": 129075,
      "usertime": 2952594
     },
     "172838860591": {
      "maxRSS": 393308,
      "systemtime": 129075,
      "usertime": 2956616
     },
     "172838862680": {
      "maxRSS": 393692,
      "systemtime": 129075,
      "usertime": 2956637
     },
     "172838864819": {
      "maxRSS": 394204,
      "systemtime": 129075,
      "usertime": 2960673
     },
     "172838866913": {
      "maxRSS": 394716,
      "systemtime": 129076,
      "usertime": 2960695
     },
     "172838869045": {
      "maxRSS": 395100,
      "systemtime": 129076,
      "usertime": 2964733
     },
     "172838871156": {
      "maxRSS": 395612,
      "systemtime": 129077,
      "usertime": 2964749
     },
     "172838873274": {
      "maxRSS": 396124,
      "systemtime": 129077,
      "usertime": 2968770
     },
     "172838875377": {
      "maxRSS": 396508,
      "systemtime": 129078,
      "usertime": 2968804
     },
     "172838877482": {
      "maxRSS": 396892,
      "systemtime": 133112,
      "usertime": 2968810
     },
     "172838879567": {
      "maxRSS": 397404,
      "systemtime": 133113,
      "usertime": 2968833
     },
     "172838881689": {
      "maxRSS": 397916,
      "systemtime": 133113,
      "usertime": 2972861
     },
     "172838883798": {
      "maxRSS": 398300,
      "systemtime": 133115,
      "usertime": 2972905
     },
     "172838885880": {
      "maxRSS": 398812,
      "systemtime": 133115,
      "usertime": 2976921
     },
     "172838887952": {
      "maxRSS": 399196,
      "systemtime": 133115,
      "usertime": 2976936
     },
     "172838890024": {
      "maxRSS": 399708,
      "systemtime": 133115,
      "usertime": 2980947
     },
     "172838892063": {
      "maxRSS": 400220,
      "systemtime": 133115,
      "usertime": 2984961
     },
     "172838894194": {
      "maxRSS": 400476,
      "systemtime": 133115,
      "usertime": 2984996
     },
     "172838896319": {
      "maxRSS": 400988,
      "systemtime": 133115,
      "usertime": 2989047
     },
     "172838898431": {
      "maxRSS": 401500,
      "systemtime": 133116,
      "usertime": 2989078
     },
     "172838900546": {
      "maxRSS": 401884,
      "systemtime": 133116,
      "usertime": 2993097
     },
     "172838902668": {
      "maxRSS": 402396,
      "systemtime": 133117,
      "usertime": 2993116
     },
     "172838904748": {
      "maxRSS": 402908,
      "systemtime": 133117,
      "usertime": 2997133
     },
     "172838906833": {
      "maxRSS": 403292,
      "systemtime": 133117,
      "usertime": 2997154
     },
     "172838908934": {
      "maxRSS": 403804,
      "systemtime": 137151,
      "usertime": 2997165
     },
     "172838911040": {
      "maxRSS": 404316,
      "systemtime": 137152,
      "usertime": 2997188
     },
     "172838913153": {
      "maxRSS": 404700,
      "systemtime": 141174,
      "usertime": 2997188
     },
     "172838915291": {
      "maxRSS": 405212,
      "systemtime": 141187,
      "usertime": 2997207
     },
     "172838917394": {
      "maxRSS": 405596,
      "systemtime": 141187,
      "usertime": 3001252
     },
     "172838919494": {
      "maxRSS": 405980,
      "systemtime": 141189,
      "usertime": 3001288
     },
     "172838921604": {
      "maxRSS": 406492,
      "systemtime": 141189,
      "usertime": 3005329
     },
     "172838923721": {
      "maxRSS": 406748,
      "systemtime": 141191,
      "usertime": 3005359
     },
     "172838925822": {
      "maxRSS": 406748,
      "systemtime": 141191,
      "usertime": 3009393
     },
     "172838927917": {
      "maxRSS": 406748,
      "systemtime": 141192,
      "usertime": 3009418
     },
     "172838929741": {
      "maxRSS": 406748,
      "systemtime": 141369,
      "usertime": 3014980
     },
     "172838930828": {
      "maxRSS": 406748,
      "systemtime": 141369,
      "usertime": 3015002
     },
     "172838931911": {
      "maxRSS": 406748,
      "systemtime": 141369,
      "usertime": 3015022
     },
     "172838933099": {
      "maxRSS": 406748,
      "systemtime": 141369,
      "usertime": 3017347
     },
     "172838934297": {
      "maxRSS": 406748,
      "systemtime": 141369,
      "usertime": 3017368
     },
     "172838935405": {
      "maxRSS": 406748,
      "systemtime": 141369,
      "usertime": 3017383
     },
     "172838936477": {
      "maxRSS": 406748,
      "systemtime": 141369,
      "usertime": 3021401
     },
     "172838937557": {
      "maxRSS": 406748,
      "systemtime": 141369,
      "usertime": 3021417
     },
     "172838938631": {
      "maxRSS": 406748,
      "systemtime": 141369,
      "usertime": 3021432
     },
     "172838939730": {
      "maxRSS": 406748,
      "systemtime": 141369,
      "usertime": 3021466
     },
     "172838940805": {
      "maxRSS": 406748,
      "systemtime": 141369,
      "usertime": 3025474
     },
     "172838941891": {
      "maxRSS": 406748,
      "systemtime": 141369,
      "usertime": 3025493
     },
     "172838942972": {
      "maxRSS": 406748,
      "systemtime": 141369,
      "usertime": 3025511
     },
     "172838944065": {
      "maxRSS": 406748,
      "systemtime": 141369,
      "usertime": 3029528
     },
     "172838945155": {
      "maxRSS": 406748,
      "systemtime": 141369,
      "usertime": 3029548
     },
     "172838946263": {
      "maxRSS": 406748,
      "systemtime": 141369,
      "usertime": 3029592
     },
     "172838947339": {
      "maxRSS": 406748,
      "systemtime": 141369,
      "usertime": 3029609
     },
     "172838948442": {
      "maxRSS": 406748,
      "systemtime": 141369,
      "usertime": 3033646
     },
     "172838949542": {
      "maxRSS": 406748,
      "systemtime": 141369,
      "usertime": 3033665
     },
     "172838950621": {
      "maxRSS": 406748,
      "systemtime": 141369,
      "usertime": 3033683
     },
     "172838951695": {
      "maxRSS": 406748,
      "systemtime": 141369,
      "usertime": 3033697
     },
     "172838952818": {
      "maxRSS": 406748,
      "systemtime": 141369,
      "usertime": 3037753
     },
     "172838953894": {
      "maxRSS": 406748,
      "systemtime": 141369,
      "usertime": 3037770
     },
     "172838954974": {
      "maxRSS": 406748,
      "systemtime": 141369,
      "usertime": 3037787
     },
     "172838956018": {
      "maxRSS": 406748,
      "systemtime": 141369,
      "usertime": 3041801
     },
     "172838957089": {
      "maxRSS": 406748,
      "systemtime": 141369,
      "usertime": 3041813
     },
     "172838958164": {
      "maxRSS": 406748,
      "systemtime": 141369,
      "usertime": 3041828
     },
     "172838959241": {
      "maxRSS": 406748,
      "systemtime": 141369,
      "usertime": 3041845
     },
     "172838960349": {
      "maxRSS": 406876,
      "systemtime": 141369,
      "usertime": 3045909
     },
     "172838961438": {
      "maxRSS": 406876,
      "systemtime": 141369,
      "usertime": 3045931
     },
     "172838962528": {
      "maxRSS": 406876,
      "systemtime": 141369,
      "usertime": 3045953
     },
     "172838963625": {
      "maxRSS": 406876,
      "systemtime": 141369,
      "usertime": 3045974
     },
     "172838964716": {
      "maxRSS": 406876,
      "systemtime": 141369,
      "usertime": 3049967
     },
     "172838965796": {
      "maxRSS": 406876,
      "systemtime": 141369,
      "usertime": 3049983
     },
     "172838966922": {
      "maxRSS": 406876,
      "systemtime": 141369,
      "usertime": 3050025
     },
     "172838968036": {
      "maxRSS": 406876,
      "systemtime": 141369,
      "usertime": 3054044
     },
     "172838969117": {
      "maxRSS": 406876,
      "systemtime": 141369,
      "usertime": 3054061
     },
     "172838970216": {
      "maxRSS": 406876,
      "systemtime": 141369,
      "usertime": 3054077
     },
     "172838971328": {
      "maxRSS": 406876,
      "systemtime": 141369,
      "usertime": 3054100
     },
     "172838972417": {
      "maxRSS": 406876,
      "systemtime": 141369,
      "usertime": 3058114
     },
     "172838973554": {
      "maxRSS": 406876,
      "systemtime": 141369,
      "usertime": 3058159
     },
     "172838974641": {
      "maxRSS": 406876,
      "systemtime": 141369,
      "usertime": 3058179
     },
     "172838975738": {
      "maxRSS": 406876,
      "systemtime": 141369,
      "usertime": 3058199
     },
     "172838976852": {
      "maxRSS": 406876,
      "systemtime": 141369,
      "usertime": 3062219
     },
     "172838977929": {
      "maxRSS": 406876,
      "systemtime": 141369,
      "usertime": 3062234
     },
     "172838979009": {
      "maxRSS": 406876,
      "systemtime": 141369,
      "usertime": 3062250
     },
     "172838980113": {
      "maxRSS": 406876,
      "systemtime": 141369,
      "usertime": 3066283
     },
     "172838981195": {
      "maxRSS": 406876,
      "systemtime": 141369,
      "usertime": 3066300
     },
     "172838982275": {
      "maxRSS": 406876,
      "systemtime": 141369,
      "usertime": 3066318
     },
     "172838983362": {
      "maxRSS": 406876,
      "systemtime": 141369,
      "usertime": 3066337
     },
     "172838984468": {
      "maxRSS": 406876,
      "systemtime": 141369,
      "usertime": 3070359
     },
     "172838985544": {
      "maxRSS": 406876,
      "systemtime": 141369,
      "usertime": 3070375
     },
     "172838986658": {
      "maxRSS": 406876,
      "systemtime": 141369,
      "usertime": 3070392
     },
     "172838987793": {
      "maxRSS": 406876,
      "systemtime": 141369,
      "usertime": 3070432
     },
     "172838988901": {
      "maxRSS": 406876,
      "systemtime": 141369,
      "usertime": 3074472
     },
     "172838989995": {
      "maxRSS": 406876,
      "systemtime": 141369,
      "usertime": 3074487
     },
     "172838991093": {
      "maxRSS": 406876,
      "systemtime": 141369,
      "usertime": 3074509
     },
     "172838992181": {
      "maxRSS": 406876,
      "systemtime": 141369,
      "usertime": 3078532
     },
     "172838993258": {
      "maxRSS": 406876,
      "systemtime": 141369,
      "usertime": 3078545
     },
     "172838994354": {
      "maxRSS": 406876,
      "systemtime": 141369,
      "usertime": 3078581
     },
     "172838995428": {
      "maxRSS": 406876,
      "systemtime": 141369,
      "usertime": 3078596
     },
     "172838996512": {
      "maxRSS": 406876,
      "systemtime": 141369,
      "usertime": 3082616
     },
     "172838997600": {
      "maxRSS": 406876,
      "systemtime": 141369,
      "usertime": 3082638
     },
     "172838998701": {
      "maxRSS": 406876,
      "systemtime": 141369,
      "usertime": 3082662
     },
     "172838999784": {
      "maxRSS": 406876,
      "systemtime": 141369,
      "usertime": 3082683
     },
     "172839000908": {
      "maxRSS": 406876,
      "systemtime": 141369,
      "usertime": 3086721
     },
     "172839001995": {
      "maxRSS": 406876,
      "systemtime": 141369,
      "usertime": 3086733
     },
     "172839003086": {
      "maxRSS": 406876,
      "systemtime": 141369,
      "usertime": 3086749
     },
     "172839004166": {
      "maxRSS": 406876,
      "systemtime": 141369,
      "usertime": 3090761
     },
     "172839005247": {
      "maxRSS": 406876,
      "systemtime": 141369,
      "usertime": 3090776
     },
     "172839006369": {
      "maxRSS": 406876,
      "systemtime": 141369,
      "usertime": 3090793
     },
     "172839007508": {
      "maxRSS": 406876,
      "systemtime": 141369,
      "usertime": 3090826
     },
     "172839008616": {
      "maxRSS": 406876,
      "systemtime": 141369,
      "usertime": 3094837
     },
     "172839009706": {
      "maxRSS": 406876,
      "systemtime": 141369,
      "usertime": 3094853
     },
     "172839010807": {
      "maxRSS": 406876,
      "systemtime": 141369,
      "usertime": 3094869
     },
     "172839011893": {
      "maxRSS": 406876,
      "systemtime": 141369,
      "usertime": 3094888
     },
     "172839012982": {
      "maxRSS": 406876,
      "systemtime": 141369,
      "usertime": 3098905
     },
     "172839014070": {
      "maxRSS": 406876,
      "systemtime": 141369,
      "usertime": 3098926
     },
     "172839015191": {
      "maxRSS": 406876,
      "systemtime": 141369,
      "usertime": 3098966
     },
     "172839016273": {
      "maxRSS": 406876,
      "systemtime": 141369,
      "usertime": 3102988
     },
     "172839017362": {
      "maxRSS": 406876,
      "systemtime": 141369,
      "usertime": 3103004
     },
     "172839018441": {
      "maxRSS": 406876,
      "systemtime": 141369,
      "usertime": 3103020
     },
     "172839019559": {
      "maxRSS": 406876,
      "systemtime": 141369,
      "usertime": 3103038
     },
     "172839020636": {
      "maxRSS": 406876,
      "systemtime": 141369,
      "usertime": 3107058
     },
     "172839021727": {
      "maxRSS": 406876,
      "systemtime": 141369,
      "usertime": 3107091
     },
     "172839022811": {
      "maxRSS": 406876,
      "systemtime": 141369,
      "usertime": 3107105
     },
     "172839023920": {
      "maxRSS": 406876,
      "systemtime": 141369,
      "usertime": 3107120
     },
     "172839024997": {
      "maxRSS": 406876,
      "systemtime": 141369,
      "usertime": 3111127
     },
     "172839026072": {
      "maxRSS": 406876,
      "systemtime": 141369,
      "usertime": 3111142
     },
     "172839027151": {
      "maxRSS": 406876,
      "systemtime": 141369,
      "usertime": 3111157
     },
     "172839028260": {
      "maxRSS": 406876,
      "systemtime": 141369,
      "usertime": 3115198
     },
     "172839029356": {
      "maxRSS": 406876,
      "systemtime": 141369,
      "usertime": 3115223
     },
     "172839030476": {
      "maxRSS": 406876,
      "systemtime": 141369,
      "usertime": 3115245
     },
     "172839031596": {
      "maxRSS": 406876,
      "systemtime": 141369,
      "usertime": 3115271
     },
     "172839032684": {
      "maxRSS": 406876,
      "systemtime": 141369,
      "usertime": 3119291
     },
     "172839033772": {
      "maxRSS": 406876,
      "systemtime": 141369,
      "usertime": 3119310
     },
     "172839034877": {
      "maxRSS": 406876,
      "systemtime": 141369,
      "usertime": 3119351
     },
     "172839035951": {
      "maxRSS": 406876,
      "systemtime": 141369,
      "usertime": 3119365
     },
     "172839037064": {
      "maxRSS": 406876,
      "systemtime": 141369,
      "usertime": 3123387
     },
     "172839038172": {
      "maxRSS": 406876,
      "systemtime": 141369,
      "usertime": 3123402
     },
     "172839039276": {
      "maxRSS": 406876,
      "systemtime": 141369,
      "usertime": 3123415
     },
     "172839040344": {
      "maxRSS": 406876,
      "systemtime": 141369,
      "usertime": 3127420
     },
     "172839041451": {
      "maxRSS": 406876,
      "systemtime": 141369,
      "usertime": 3127460
     },
     "172839042596": {
      "maxRSS": 406876,
      "systemtime": 141369,
      "usertime": 3127505
     },
     "172839043678": {
      "maxRSS": 406876,
      "systemtime": 141369,
      "usertime": 3127524
     },
     "172839044775": {
      "maxRSS": 406876,
      "systemtime": 141369,
      "usertime": 3131544
     },
     "172839045861": {
      "maxRSS": 406876,
      "systemtime": 141369,
      "usertime": 3131560
     },
     "172839046935": {
      "maxRSS": 406876,
      "systemtime": 141369,
      "usertime": 3131575
     },
     "172839048027": {
      "maxRSS": 406876,
      "systemtime": 141369,
      "usertime": 3135585
     },
     "172839049144": {
      "maxRSS": 406876,
      "systemtime": 141369,
      "usertime": 3135637
     },
     "172839050221": {
      "maxRSS": 406876,
      "systemtime": 141369,
      "usertime": 3135653
     },
     "172839051332": {
      "maxRSS": 406876,
      "systemtime": 141369,
      "usertime": 3135673
     },
     "172839052415": {
      "maxRSS": 406876,
      "systemtime": 141369,
      "usertime": 3139690
     },
     "172839053496": {
      "maxRSS": 406876,
      "systemtime": 141369,
      "usertime": 3139705
     },
     "172839054609": {
      "maxRSS": 406876,
      "systemtime": 141369,
      "usertime": 3139721
     },
     "172839055721": {
      "maxRSS": 406876,
      "systemtime": 141369,
      "usertime": 3139770
     },
     "172839056804": {
      "maxRSS": 406876,
      "systemtime": 141369,
      "usertime": 3143788
     },
     "172839057889": {
      "maxRSS": 406876,
      "systemtime": 141369,
      "usertime": 3143807
     },
     "172839058992": {
      "maxRSS": 406876,
      "systemtime": 141369,
      "usertime": 3143824
     },
     "172839060066": {
      "maxRSS": 406876,
      "systemtime": 141369,
      "usertime": 3147847
     },
     "172839061147": {
      "maxRSS": 406876,
      "systemtime": 141369,
      "usertime": 3147863
     },
     "172839062256": {
      "maxRSS": 406876,
      "systemtime": 141369,
      "usertime": 3147911
     },
     "172839063336": {
      "maxRSS": 406876,
      "systemtime": 141369,
      "usertime": 3147927
     },
     "172839064418": {
      "maxRSS": 406876,
      "systemtime": 141369,
      "usertime": 3151939
     },
     "172839065524": {
      "maxRSS": 406876,
      "systemtime": 141369,
      "usertime": 3151963
     },
     "172839066615": {
      "maxRSS": 406876,
      "systemtime": 141369,
      "usertime": 3151989
     },
     "172839067719": {
      "maxRSS": 406876,
      "systemtime": 141369,
      "usertime": 3152001
     },
     "172839068829": {
      "maxRSS": 406876,
      "systemtime": 141369,
      "usertime": 3156015
     },
     "172839070944": {
      "maxRSS": 406876,
      "systemtime": 141369,
      "usertime": 3156068
     },
     "172839073034": {
      "maxRSS": 406876,
      "systemtime": 141369,
      "usertime": 3160090
     },
     "172839075160": {
      "maxRSS": 406876,
      "systemtime": 141369,
      "usertime": 3160114
     },
     "172839077247": {
      "maxRSS": 406876,
      "systemtime": 141369,
      "usertime": 3164196
     },
     "172839079342": {
      "maxRSS": 406876,
      "systemtime": 141369,
      "usertime": 3164216
     },
     "172839081444": {
      "maxRSS": 406876,
      "systemtime": 141369,
      "usertime": 3168183
     },
     "172839083562": {
      "maxRSS": 406876,
      "systemtime": 141369,
      "usertime": 3168230
     },
     "172839085650": {
      "maxRSS": 406876,
      "systemtime": 141369,
      "usertime": 3172251
     },
     "172839087750": {
      "maxRSS": 406876,
      "systemtime": 141369,
      "usertime": 3172271
     },
     "172839089862": {
      "maxRSS": 406876,
      "systemtime": 141369,
      "usertime": 3176286
     },
     "172839091960": {
      "maxRSS": 406876,
      "systemtime": 141369,
      "usertime": 3176314
     },
     "172839094079": {
      "maxRSS": 406876,
      "systemtime": 141369,
      "usertime": 3180368
     },
     "172839096194": {
      "maxRSS": 406876,
      "systemtime": 141369,
      "usertime": 3184416
     },
     "172839098291": {
      "maxRSS": 406876,
      "systemtime": 141369,
      "usertime": 3184443
     },
     "172839100378": {
      "maxRSS": 406876,
      "systemtime": 141369,
      "usertime": 3188476
     },
     "172839102498": {
      "maxRSS": 406876,
      "systemtime": 141369,
      "usertime": 3188504
     },
     "172839104615": {
      "maxRSS": 406876,
      "systemtime": 141369,
      "usertime": 3192521
     },
     "172839106743": {
      "maxRSS": 406876,
      "systemtime": 141369,
      "usertime": 3192545
     },
     "172839108871": {
      "maxRSS": 406876,
      "systemtime": 141369,
      "usertime": 3196598
     },
     "172839110963": {
      "maxRSS": 406876,
      "systemtime": 141369,
      "usertime": 3196622
     },
     "172839113053": {
      "maxRSS": 406876,
      "systemtime": 141369,
      "usertime": 3200636
     },
     "172839115149": {
      "maxRSS": 406876,
      "systemtime": 141369,
      "usertime": 3200659
     },
     "172839117242": {
      "maxRSS": 406876,
      "systemtime": 141369,
      "usertime": 3204701
     },
     "172839119326": {
      "maxRSS": 406876,
      "systemtime": 141369,
      "usertime": 3204724
     },
     "172839121472": {
      "maxRSS": 406876,
      "systemtime": 141369,
      "usertime": 3208770
     },
     "172839123583": {
      "maxRSS": 406876,
      "systemtime": 141369,
      "usertime": 3208819
     },
     "172839125670": {
      "maxRSS": 406876,
      "systemtime": 141369,
      "usertime": 3212824
     },
     "172839127807": {
      "maxRSS": 406876,
      "systemtime": 141369,
      "usertime": 3212866
     },
     "172839129933": {
      "maxRSS": 406876,
      "systemtime": 141369,
      "usertime": 3216887
     },
     "172839132051": {
      "maxRSS": 406876,
      "systemtime": 141369,
      "usertime": 3220968
     },
     "172839134146": {
      "maxRSS": 406876,
      "systemtime": 141369,
      "usertime": 3220995
     },
     "172839136253": {
      "maxRSS": 406876,
      "systemtime": 141369,
      "usertime": 3225004
     },
     "172839138363": {
      "maxRSS": 406876,
      "systemtime": 141369,
      "usertime": 3225029
     },
     "172839140445": {
      "maxRSS": 406876,
      "systemtime": 141369,
      "usertime": 3229043
     },
     "172839142548": {
      "maxRSS": 406876,
      "systemtime": 141369,
      "usertime": 3229085
     },
     "172839144662": {
      "maxRSS": 406876,
      "systemtime": 141369,
      "usertime": 3233106
     },
     "172839146765": {
      "maxRSS": 406876,
      "systemtime": 141369,
      "usertime": 3233131
     },
     "172839148877": {
      "maxRSS": 406876,
      "systemtime": 141369,
      "usertime": 3237185
     },
     "172839150985": {
      "maxRSS": 406876,
      "systemtime": 141369,
      "usertime": 3237210
     },
     "172839153078": {
      "maxRSS": 406876,
      "systemtime": 141369,
      "usertime": 3241232
     },
     "172839155161": {
      "maxRSS": 406876,
      "systemtime": 141369,
      "usertime": 3241253
     },
     "172839157251": {
      "maxRSS": 406876,
      "systemtime": 141369,
      "usertime": 3245278
     },
     "172839159344": {
      "maxRSS": 406876,
      "systemtime": 141369,
      "usertime": 3245307
     },
     "172839161463": {
      "maxRSS": 406876,
      "systemtime": 141369,
      "usertime": 3249363
     },
     "172839163570": {
      "maxRSS": 406876,
      "systemtime": 141369,
      "usertime": 3249394
     },
     "172839165716": {
      "maxRSS": 406876,
      "systemtime": 141369,
      "usertime": 3253439
     },
     "172839167848": {
      "maxRSS": 406876,
      "systemtime": 141369,
      "usertime": 3253469
     },
     "172839169984": {
      "maxRSS": 406876,
      "systemtime": 141369,
      "usertime": 3257498
     },
     "172839172028": {
      "maxRSS": 406876,
      "systemtime": 141369,
      "usertime": 3261517
     },
     "172839174113": {
      "maxRSS": 406876,
      "systemtime": 141369,
      "usertime": 3261539
     },
     "172839176249": {
      "maxRSS": 406876,
      "systemtime": 141369,
      "usertime": 3265601
     },
     "172839178341": {
      "maxRSS": 406876,
      "systemtime": 141369,
      "usertime": 3265628
     },
     "172839180438": {
      "maxRSS": 406876,
      "systemtime": 141369,
      "usertime": 3269641
     },
     "172839182526": {
      "maxRSS": 406876,
      "systemtime": 141369,
      "usertime": 3269661
     },
     "172839184614": {
      "maxRSS": 406876,
      "systemtime": 141369,
      "usertime": 3273678
     },
     "172839186692": {
      "maxRSS": 406876,
      "systemtime": 141369,
      "usertime": 3273695
     },
     "172839188789": {
      "maxRSS": 406876,
      "systemtime": 141369,
      "usertime": 3277732
     },
     "172839190874": {
      "maxRSS": 406876,
      "systemtime": 141369,
      "usertime": 3277755
     },
     "172839192996": {
      "maxRSS": 406876,
      "systemtime": 141369,
      "usertime": 3281782
     },
     "172839195170": {
      "maxRSS": 406876,
      "systemtime": 141369,
      "usertime": 3281813
     },
     "172839197259": {
      "maxRSS": 406876,
      "systemtime": 141369,
      "usertime": 3285840
     },
     "172839199377": {
      "maxRSS": 406876,
      "systemtime": 141369,
      "usertime": 3285865
     },
     "172839201493": {
      "maxRSS": 406876,
      "systemtime": 141369,
      "usertime": 3289911
     },
     "172839203625": {
      "maxRSS": 406876,
      "systemtime": 141369,
      "usertime": 3289938
     },
     "172839205706": {
      "maxRSS": 406876,
      "systemtime": 141369,
      "usertime": 3293957
     },
     "172839207798": {
      "maxRSS": 406876,
      "systemtime": 141369,
      "usertime": 3293974
     },
     "172839209905": {
      "maxRSS": 406876,
      "systemtime": 141369,
      "usertime": 3298009
     },
     "172839212035": {
      "maxRSS": 406876,
      "systemtime": 145156,
      "usertime": 3298287
     },
     "172839214199": {
      "maxRSS": 406876,
      "systemtime": 145159,
      "usertime": 3298338
     },
     "172839216320": {
      "maxRSS": 406876,
      "systemtime": 145159,
      "usertime": 3302363
     },
     "172839218416": {
      "maxRSS": 406876,
      "systemtime": 145160,
      "usertime": 3302390
     },
     "172839220528": {
      "maxRSS": 406876,
      "systemtime": 145160,
      "usertime": 3306404
     },
     "172839222638": {
      "maxRSS": 406876,
      "systemtime": 145160,
      "usertime": 3306421
     },
     "172839224723": {
      "maxRSS": 406876,
      "systemtime": 145160,
      "usertime": 3310439
     },
     "172839226851": {
      "maxRSS": 406876,
      "systemtime": 145161,
      "usertime": 3310480
     },
     "172839228947": {
      "maxRSS": 406876,
      "systemtime": 145161,
      "usertime": 3314517
     },
     "172839231038": {
      "maxRSS": 406876,
      "systemtime": 145162,
      "usertime": 3314546
     },
     "172839233133": {
      "maxRSS": 406876,
      "systemtime": 145162,
      "usertime": 3318582
     },
     "172839235233": {
      "maxRSS": 406876,
      "systemtime": 145163,
      "usertime": 3318606
     },
     "172839237362": {
      "maxRSS": 406876,
      "systemtime": 145163,
      "usertime": 3322630
     },
     "172839239468": {
      "maxRSS": 406876,
      "systemtime": 145164,
      "usertime": 3322646
     },
     "172839241585": {
      "maxRSS": 406876,
      "systemtime": 145164,
      "usertime": 3326682
     },
     "172839243703": {
      "maxRSS": 406876,
      "systemtime": 145165,
      "usertime": 3326709
     },
     "172839245796": {
      "maxRSS": 406876,
      "systemtime": 145165,
      "usertime": 3330741
     },
     "172839247882": {
      "maxRSS": 406876,
      "systemtime": 145166,
      "usertime": 3330766
     },
     "172839249988": {
      "maxRSS": 406876,
      "systemtime": 145166,
      "usertime": 3334787
     },
     "172839252060": {
      "maxRSS": 406876,
      "systemtime": 145168,
      "usertime": 3334832
     },
     "172839254208": {
      "maxRSS": 406876,
      "systemtime": 145172,
      "usertime": 3338965
     },
     "172839256287": {
      "maxRSS": 406876,
      "systemtime": 145172,
      "usertime": 3342904
     },
     "172839258369": {
      "maxRSS": 406876,
      "systemtime": 145172,
      "usertime": 3342925
     },
     "172839260452": {
      "maxRSS": 406876,
      "systemtime": 145172,
      "usertime": 3346955
     },
     "172839262541": {
      "maxRSS": 406876,
      "systemtime": 145172,
      "usertime": 3346976
     },
     "172839264626": {
      "maxRSS": 406876,
      "systemtime": 145172,
      "usertime": 3350992
     },
     "172839266732": {
      "maxRSS": 406876,
      "systemtime": 145172,
      "usertime": 3351037
     },
     "172839268822": {
      "maxRSS": 406876,
      "systemtime": 145172,
      "usertime": 3355054
     },
     "172839270896": {
      "maxRSS": 406876,
      "systemtime": 145172,
      "usertime": 3355069
     },
     "172839272981": {
      "maxRSS": 406876,
      "systemtime": 145172,
      "usertime": 3359083
     },
     "172839275066": {
      "maxRSS": 406876,
      "systemtime": 145172,
      "usertime": 3359104
     },
     "172839277159": {
      "maxRSS": 406876,
      "systemtime": 145173,
      "usertime": 3363187
     },
     "172839279297": {
      "maxRSS": 407004,
      "systemtime": 145176,
      "usertime": 3363251
     },
     "172839281391": {
      "maxRSS": 407004,
      "systemtime": 145176,
      "usertime": 3367233
     },
     "172839283537": {
      "maxRSS": 407004,
      "systemtime": 145176,
      "usertime": 3367273
     },
     "172839285640": {
      "maxRSS": 407004,
      "systemtime": 145176,
      "usertime": 3371302
     },
     "172839287742": {
      "maxRSS": 407004,
      "systemtime": 145176,
      "usertime": 3371328
     },
     "172839289828": {
      "maxRSS": 407004,
      "systemtime": 145176,
      "usertime": 3375354
     },
     "172839291956": {
      "maxRSS": 407004,
      "systemtime": 145177,
      "usertime": 3375385
     },
     "172839294067": {
      "maxRSS": 407004,
      "systemtime": 145178,
      "usertime": 3379431
     },
     "172839296167": {
      "maxRSS": 407004,
      "systemtime": 145180,
      "usertime": 3383515
     },
     "172839298278": {
      "maxRSS": 407004,
      "systemtime": 145181,
      "usertime": 3383535
     },
     "172839300386": {
      "maxRSS": 407004,
      "systemtime": 145181,
      "usertime": 3387494
     },
     "172839302501": {
      "maxRSS": 407004,
      "systemtime": 145181,
      "usertime": 3387516
     },
     "172839304618": {
      "maxRSS": 407004,
      "systemtime": 145181,
      "usertime": 3391537
     },
     "172839306757": {
      "maxRSS": 407004,
      "systemtime": 145181,
      "usertime": 3391579
     },
     "172839308878": {
      "maxRSS": 407004,
      "systemtime": 145181,
      "usertime": 3395607
     },
     "172839310979": {
      "maxRSS": 407004,
      "systemtime": 145181,
      "usertime": 3395632
     },
     "172839313075": {
      "maxRSS": 407004,
      "systemtime": 145181,
      "usertime": 3399663
     },
     "172839315191": {
      "maxRSS": 407004,
      "systemtime": 145182,
      "usertime": 3399680
     },
     "172839317310": {
      "maxRSS": 407004,
      "systemtime": 145182,
      "usertime": 3403694
     },
     "172839319418": {
      "maxRSS": 407004,
      "systemtime": 145183,
      "usertime": 3403743
     },
     "172839321519": {
      "maxRSS": 407004,
      "systemtime": 145183,
      "usertime": 3407752
     },
     "172839323614": {
      "maxRSS": 407004,
      "systemtime": 145183,
      "usertime": 3407778
     },
     "172839325736": {
      "maxRSS": 407004,
      "systemtime": 145183,
      "usertime": 3411803
     },
     "172839327891": {
      "maxRSS": 407004,
      "systemtime": 145185,
      "usertime": 3411853
     },
     "172839330025": {
      "maxRSS": 407004,
      "systemtime": 145185,
      "usertime": 3415892
     },
     "172839332135": {
      "maxRSS": 407004,
      "systemtime": 145185,
      "usertime": 3419934
     },
     "172839334261": {
      "maxRSS": 407132,
      "systemtime": 145187,
      "usertime": 3419961
     },
     "172839336345": {
      "maxRSS": 407388,
      "systemtime": 145187,
      "usertime": 3423985
     },
     "172839338424": {
      "maxRSS": 407644,
      "systemtime": 145187,
      "usertime": 3424004
     },
     "172839342525": {
      "maxRSS": 408028,
      "systemtime": 145187,
      "usertime": 3428031
     },
     "172839346627": {
      "maxRSS": 408412,
      "systemtime": 145187,
      "usertime": 3432072
     },
     "172839350746": {
      "maxRSS": 408924,
      "systemtime": 145187,
      "usertime": 3436104
     },
     "172839354860": {
      "maxRSS": 409308,
      "systemtime": 145188,
      "usertime": 3440165
     },
     "172839358985": {
      "maxRSS": 409820,
      "systemtime": 149210,
      "usertime": 3440165
     },
     "172839363076": {
      "maxRSS": 410204,
      "systemtime": 149220,
      "usertime": 3444180
     },
     "172839367189": {
      "maxRSS": 410716,
      "systemtime": 149221,
      "usertime": 3448217
     },
     "172839371313": {
      "maxRSS": 411100,
      "systemtime": 149222,
      "usertime": 3452272
     },
     "172839375454": {
      "maxRSS": 411484,
      "systemtime": 149223,
      "usertime": 3456331
     },
     "172839379595": {
      "maxRSS": 411996,
      "systemtime": 149224,
      "usertime": 3460391
     },
     "172839383703": {
      "maxRSS": 412508,
      "systemtime": 149224,
      "usertime": 3464423
     },
     "172839387809": {
      "maxRSS": 413020,
      "systemtime": 149224,
      "usertime": 3468459
     },
     "172839391926": {
      "maxRSS": 413404,
      "systemtime": 149224,
      "usertime": 3472493
     },
     "172839396031": {
      "maxRSS": 413788,
      "systemtime": 149224,
      "usertime": 3480526
     },
     "172839400129": {
      "maxRSS": 414300,
      "systemtime": 149224,
      "usertime": 3484559
     },
     "172839404247": {
      "maxRSS": 414300,
      "systemtime": 149304,
      "usertime": 3488540
     },
     "172839405186": {
      "maxRSS": 414300,
      "systemtime": 149304,
      "usertime": 3489731
     },
     "172839406271": {
      "maxRSS": 414300,
      "systemtime": 149304,
      "usertime": 3489751
     },
     "172839407383": {
      "maxRSS": 414300,
      "systemtime": 149304,
      "usertime": 3489770
     },
     "172839408430": {
      "maxRSS": 414300,
      "systemtime": 149304,
      "usertime": 3492997
     },
     "172839409540": {
      "maxRSS": 414556,
      "systemtime": 149304,
      "usertime": 3493017
     },
     "172839410682": {
      "maxRSS": 414940,
      "systemtime": 149304,
      "usertime": 3493069
     },
     "172839411759": {
      "maxRSS": 415196,
      "systemtime": 149304,
      "usertime": 3493084
     },
     "172839412835": {
      "maxRSS": 415452,
      "systemtime": 149304,
      "usertime": 3496711
     },
     "172839413908": {
      "maxRSS": 415708,
      "systemtime": 149304,
      "usertime": 3496725
     },
     "172839414980": {
      "maxRSS": 415964,
      "systemtime": 149304,
      "usertime": 3496739
     },
     "172839416045": {
      "maxRSS": 416092,
      "systemtime": 153262,
      "usertime": 3496807
     },
     "172839417138": {
      "maxRSS": 416348,
      "systemtime": 153263,
      "usertime": 3496834
     },
     "172839418272": {
      "maxRSS": 416604,
      "systemtime": 153265,
      "usertime": 3496874
     },
     "172839419377": {
      "maxRSS": 416860,
      "systemtime": 153266,
      "usertime": 3496888
     },
     "172839420488": {
      "maxRSS": 417116,
      "systemtime": 153266,
      "usertime": 3500902
     },
     "172839421637": {
      "maxRSS": 417372,
      "systemtime": 153266,
      "usertime": 3500922
     },
     "172839422729": {
      "maxRSS": 417628,
      "systemtime": 153266,
      "usertime": 3500938
     },
     "172839423867": {
      "maxRSS": 417884,
      "systemtime": 153268,
      "usertime": 3500976
     },
     "172839424985": {
      "maxRSS": 418140,
      "systemtime": 153268,
      "usertime": 3505008
     },
     "172839426068": {
      "maxRSS": 418396,
      "systemtime": 153269,
      "usertime": 3505025
     },
     "172839427173": {
      "maxRSS": 418780,
      "systemtime": 153270,
      "usertime": 3505053
     },
     "172839428279": {
      "maxRSS": 419036,
      "systemtime": 153270,
      "usertime": 3509088
     },
     "172839429391": {
      "maxRSS": 419292,
      "systemtime": 153271,
      "usertime": 3509104
     },
     "172839430488": {
      "maxRSS": 419548,
      "systemtime": 153272,
      "usertime": 3509125
     },
     "172839431617": {
      "maxRSS": 419676,
      "systemtime": 153274,
      "usertime": 3509177
     },
     "172839432767": {
      "maxRSS": 419932,
      "systemtime": 153274,
      "usertime": 3513214
     },
     "172839433885": {
      "maxRSS": 420188,
      "systemtime": 153275,
      "usertime": 3513240
     },
     "172839434983": {
      "maxRSS": 420444,
      "systemtime": 153277,
      "usertime": 3513270
     },
     "172839436057": {
      "maxRSS": 420700,
      "systemtime": 153277,
      "usertime": 3517283
     },
     "172839437153": {
      "maxRSS": 421084,
      "systemtime": 153277,
      "usertime": 3517295
     },
     "172839438310": {
      "maxRSS": 421340,
      "systemtime": 153278,
      "usertime": 3517349
     },
     "172839439385": {
      "maxRSS": 421596,
      "systemtime": 153279,
      "usertime": 3517364
     },
     "172839440494": {
      "maxRSS": 421852,
      "systemtime": 153279,
      "usertime": 3521374
     },
     "172839441581": {
      "maxRSS": 422108,
      "systemtime": 153279,
      "usertime": 3521393
     },
     "172839442674": {
      "maxRSS": 422364,
      "systemtime": 153280,
      "usertime": 3521412
     },
     "172839443771": {
      "maxRSS": 422620,
      "systemtime": 153280,
      "usertime": 3521428
     },
     "172839444844": {
      "maxRSS": 422876,
      "systemtime": 153280,
      "usertime": 3525442
     },
     "172839446039": {
      "maxRSS": 423260,
      "systemtime": 153281,
      "usertime": 3525477
     },
     "172839447145": {
      "maxRSS": 423516,
      "systemtime": 153282,
      "usertime": 3525497
     },
     "172839448230": {
      "maxRSS": 423772,
      "systemtime": 153282,
      "usertime": 3529514
     },
     "172839449314": {
      "maxRSS": 424028,
      "systemtime": 153282,
      "usertime": 3529531
     },
     "172839450394": {
      "maxRSS": 424156,
      "systemtime": 153283,
      "usertime": 3529550
     },
     "172839451502": {
      "maxRSS": 424540,
      "systemtime": 153283,
      "usertime": 3529565
     },
     "172839452617": {
      "maxRSS": 424796,
      "systemtime": 153283,
      "usertime": 3533592
     },
     "172839453727": {
      "maxRSS": 425052,
      "systemtime": 153284,
      "usertime": 3533606
     },
     "172839454833": {
      "maxRSS": 425308,
      "systemtime": 153284,
      "usertime": 3533620
     },
     "172839455947": {
      "maxRSS": 425564,
      "systemtime": 153285,
      "usertime": 3533637
     },
     "172839457057": {
      "maxRSS": 425820,
      "systemtime": 153285,
      "usertime": 3537652
     },
     "172839458161": {
      "maxRSS": 426076,
      "systemtime": 153286,
      "usertime": 3537688
     },
     "172839459291": {
      "maxRSS": 426332,
      "systemtime": 153287,
      "usertime": 3537722
     },
     "172839460371": {
      "maxRSS": 426588,
      "systemtime": 153287,
      "usertime": 3541736
     },
     "172839461467": {
      "maxRSS": 426844,
      "systemtime": 153287,
      "usertime": 3541757
     },
     "172839462560": {
      "maxRSS": 427100,
      "systemtime": 153288,
      "usertime": 3541775
     },
     "172839463680": {
      "maxRSS": 427356,
      "systemtime": 153289,
      "usertime": 3541793
     },
     "172839464784": {
      "maxRSS": 427612,
      "systemtime": 153289,
      "usertime": 3545818
     },
     "172839465904": {
      "maxRSS": 427868,
      "systemtime": 153290,
      "usertime": 3545846
     },
     "172839466989": {
      "maxRSS": 428124,
      "systemtime": 153291,
      "usertime": 3545866
     },
     "172839468053": {
      "maxRSS": 428380,
      "systemtime": 153291,
      "usertime": 3549878
     },
     "172839469173": {
      "maxRSS": 428636,
      "systemtime": 153291,
      "usertime": 3549900
     },
     "172839470279": {
      "maxRSS": 428892,
      "systemtime": 153291,
      "usertime": 3549913
     },
     "172839471350": {
      "maxRSS": 429148,
      "systemtime": 153292,
      "usertime": 3549924
     },
     "172839472445": {
      "maxRSS": 429404,
      "systemtime": 153292,
      "usertime": 3553943
     },
     "172839473551": {
      "maxRSS": 429660,
      "systemtime": 153293,
      "usertime": 3553982
     },
     "172839474637": {
      "maxRSS": 429916,
      "systemtime": 153294,
      "usertime": 3554001
     },
     "172839475796": {
      "maxRSS": 430172,
      "systemtime": 153294,
      "usertime": 3554019
     },
     "172839476908": {
      "maxRSS": 430428,
      "systemtime": 153294,
      "usertime": 3558038
     },
     "172839478019": {
      "maxRSS": 430684,
      "systemtime": 153295,
      "usertime": 3558062
     },
     "172839479141": {
      "maxRSS": 430940,
      "systemtime": 153296,
      "usertime": 3558091
     },
     "172839480243": {
      "maxRSS": 431196,
      "systemtime": 153296,
      "usertime": 3562126
     },
     "172839481334": {
      "maxRSS": 431452,
      "systemtime": 153297,
      "usertime": 3562143
     },
     "172839482425": {
      "maxRSS": 431708,
      "systemtime": 153298,
      "usertime": 3562164
     },
     "172839483513": {
      "maxRSS": 431964,
      "systemtime": 153299,
      "usertime": 3562185
     },
     "172839484585": {
      "maxRSS": 432220,
      "systemtime": 153299,
      "usertime": 3566196
     },
     "172839485655": {
      "maxRSS": 432476,
      "systemtime": 153299,
      "usertime": 3566209
     },
     "172839486739": {
      "maxRSS": 432732,
      "systemtime": 153299,
      "usertime": 3566233
     },
     "172839487853": {
      "maxRSS": 432988,
      "systemtime": 153300,
      "usertime": 3566252
     },
     "172839488934": {
      "maxRSS": 433244,
      "systemtime": 153300,
      "usertime": 3570269
     },
     "172839490047": {
      "maxRSS": 433500,
      "systemtime": 153300,
      "usertime": 3570293
     },
     "172839491122": {
      "maxRSS": 433756,
      "systemtime": 153301,
      "usertime": 3570305
     },
     "172839492205": {
      "maxRSS": 434012,
      "systemtime": 153301,
      "usertime": 3574324
     },
     "172839493318": {
      "maxRSS": 434268,
      "systemtime": 153302,
      "usertime": 3574364
     },
     "172839494506": {
      "maxRSS": 434524,
      "systemtime": 153303,
      "usertime": 3574385
     },
     "172839495603": {
      "maxRSS": 434780,
      "systemtime": 153304,
      "usertime": 3574422
     },
     "172839496687": {
      "maxRSS": 435036,
      "systemtime": 153306,
      "usertime": 3578495
     },
     "172839497885": {
      "maxRSS": 435420,
      "systemtime": 153307,
      "usertime": 3578512
     },
     "172839498990": {
      "maxRSS": 435676,
      "systemtime": 153308,
      "usertime": 3578552
     },
     "172839500026": {
      "maxRSS": 435804,
      "systemtime": 157271,
      "usertime": 3578552
     },
     "172839501152": {
      "maxRSS": 436188,
      "systemtime": 157303,
      "usertime": 3578552
     },
     "172839502223": {
      "maxRSS": 436444,
      "systemtime": 157313,
      "usertime": 3578552
     },
     "172839503303": {
      "maxRSS": 436700,
      "systemtime": 157329,
      "usertime": 3578552
     },
     "172839504374": {
      "maxRSS": 436956,
      "systemtime": 157341,
      "usertime": 3582551
     },
     "172839505453": {
      "maxRSS": 437212,
      "systemtime": 157342,
      "usertime": 3582561
     },
     "172839506538": {
      "maxRSS": 437468,
      "systemtime": 157342,
      "usertime": 3582574
     },
     "172839507637": {
      "maxRSS": 437724,
      "systemtime": 157344,
      "usertime": 3582608
     },
     "172839508782": {
      "maxRSS": 437980,
      "systemtime": 157344,
      "usertime": 3586629
     },
     "172839509873": {
      "maxRSS": 438236,
      "systemtime": 157344,
      "usertime": 3586646
     },
     "172839510958": {
      "maxRSS": 438492,
      "systemtime": 157345,
      "usertime": 3586663
     },
     "172839512036": {
      "maxRSS": 438748,
      "systemtime": 157345,
      "usertime": 3590692
     },
     "172839513117": {
      "maxRSS": 439004,
      "systemtime": 157345,
      "usertime": 3590710
     },
     "172839514250": {
      "maxRSS": 439260,
      "systemtime": 157347,
      "usertime": 3590745
     },
     "172839515332": {
      "maxRSS": 439516,
      "systemtime": 157347,
      "usertime": 3590761
     },
     "172839516446": {
      "maxRSS": 439900,
      "systemtime": 157347,
      "usertime": 3594794
     },
     "172839517532": {
      "maxRSS": 440156,
      "systemtime": 157348,
      "usertime": 3594815
     },
     "172839518605": {
      "maxRSS": 440412,
      "systemtime": 157349,
      "usertime": 3594829
     },
     "172839519740": {
      "maxRSS": 440668,
      "systemtime": 157350,
      "usertime": 3594844
     },
     "172839520945": {
      "maxRSS": 440924,
      "systemtime": 157350,
      "usertime": 3598883
     },
     "172839522123": {
      "maxRSS": 441180,
      "systemtime": 157351,
      "usertime": 3598900
     },
     "172839523234": {
      "maxRSS": 441564,
      "systemtime": 157351,
      "usertime": 3598916
     },
     "172839524306": {
      "maxRSS": 441820,
      "systemtime": 157351,
      "usertime": 3602928
     },
     "172839525426": {
      "maxRSS": 442076,
      "systemtime": 157353,
      "usertime": 3602982
     },
     "172839526512": {
      "maxRSS": 442332,
      "systemtime": 157353,
      "usertime": 3603002
     },
     "172839527591": {
      "maxRSS": 442588,
      "systemtime": 157354,
      "usertime": 3603018
     },
     "172839528719": {
      "maxRSS": 442844,
      "systemtime": 157354,
      "usertime": 3607052
     },
     "172839529794": {
      "maxRSS": 443100,
      "systemtime": 157355,
      "usertime": 3607067
     },
     "172839530935": {
      "maxRSS": 443356,
      "systemtime": 157356,
      "usertime": 3607105
     },
     "172839532055": {
      "maxRSS": 443612,
      "systemtime": 157356,
      "usertime": 3611133
     },
     "172839533167": {
      "maxRSS": 443740,
      "systemtime": 157358,
      "usertime": 3611165
     },
     "172839534251": {
      "maxRSS": 443996,
      "systemtime": 157359,
      "usertime": 3611188
     },
     "172839535377": {
      "maxRSS": 444252,
      "systemtime": 157361,
      "usertime": 3611246
     },
     "172839536466": {
      "maxRSS": 444508,
      "systemtime": 157361,
      "usertime": 3615268
     },
     "172839537581": {
      "maxRSS": 444764,
      "systemtime": 157361,
      "usertime": 3615288
     },
     "172839538661": {
      "maxRSS": 445148,
      "systemtime": 157362,
      "usertime": 3615304
     },
     "172839539750": {
      "maxRSS": 445404,
      "systemtime": 157364,
      "usertime": 3615344
     },
     "172839540889": {
      "maxRSS": 445660,
      "systemtime": 157364,
      "usertime": 3619351
     },
     "172839542025": {
      "maxRSS": 445916,
      "systemtime": 157364,
      "usertime": 3619386
     },
     "172839543104": {
      "maxRSS": 446172,
      "systemtime": 157365,
      "usertime": 3619401
     },
     "172839544174": {
      "maxRSS": 446428,
      "systemtime": 157365,
      "usertime": 3623414
     },
     "172839545253": {
      "maxRSS": 446684,
      "systemtime": 157365,
      "usertime": 3623429
     },
     "172839546367": {
      "maxRSS": 446812,
      "systemtime": 157366,
      "usertime": 3623458
     },
     "172839547491": {
      "maxRSS": 447196,
      "systemtime": 157367,
      "usertime": 3623485
     },
     "172839548606": {
      "maxRSS": 447452,
      "systemtime": 157367,
      "usertime": 3627524
     },
     "172839550690": {
      "maxRSS": 447836,
      "systemtime": 157368,
      "usertime": 3627542
     },
     "172839552800": {
      "maxRSS": 448348,
      "systemtime": 157368,
      "usertime": 3631586
     },
     "172839554952": {
      "maxRSS": 448860,
      "systemtime": 157370,
      "usertime": 3631632
     },
     "172839557083": {
      "maxRSS": 449372,
      "systemtime": 157370,
      "usertime": 3635629
     },
     "172839559166": {
      "maxRSS": 449884,
      "systemtime": 157370,
      "usertime": 3635648
     },
     "172839561256": {
      "maxRSS": 450396,
      "systemtime": 157370,
      "usertime": 3639667
     },
     "172839563401": {
      "maxRSS": 450908,
      "systemtime": 157372,
      "usertime": 3639741
     },
     "172839565512": {
      "maxRSS": 451420,
      "systemtime": 157372,
      "usertime": 3643780
     },
     "172839567635": {
      "maxRSS": 451804,
      "systemtime": 157373,
      "usertime": 3643810
     },
     "172839569732": {
      "maxRSS": 452316,
      "systemtime": 157373,
      "usertime": 3647845
     },
     "172839571826": {
      "maxRSS": 452828,
      "systemtime": 157374,
      "usertime": 3647870
     },
     "172839573971": {
      "maxRSS": 453340,
      "systemtime": 161410,
      "usertime": 3647886
     },
     "172839576057": {
      "maxRSS": 453852,
      "systemtime": 165447,
      "usertime": 3647911
     },
     "172839578168": {
      "maxRSS": 454364,
      "systemtime": 165448,
      "usertime": 3647945
     },
     "172839580258": {
      "maxRSS": 454876,
      "systemtime": 165448,
      "usertime": 3651965
     },
     "172839582390": {
      "maxRSS": 455388,
      "systemtime": 165449,
      "usertime": 3651991
     },
     "172839584489": {
      "maxRSS": 455772,
      "systemtime": 165449,
      "usertime": 3656021
     },
     "172839586599": {
      "maxRSS": 456412,
      "systemtime": 165450,
      "usertime": 3656052
     },
     "172839588739": {
      "maxRSS": 456924,
      "systemtime": 165450,
      "usertime": 3660098
     },
     "172839590833": {
      "maxRSS": 457436,
      "systemtime": 165452,
      "usertime": 3660122
     },
     "172839592936": {
      "maxRSS": 457948,
      "systemtime": 165452,
      "usertime": 3664143
     },
     "172839595015": {
      "maxRSS": 458332,
      "systemtime": 165452,
      "usertime": 3664162
     },
     "172839597126": {
      "maxRSS": 458972,
      "systemtime": 165452,
      "usertime": 3668179
     },
     "172839599218": {
      "maxRSS": 459356,
      "systemtime": 165452,
      "usertime": 3668200
     },
     "172839601361": {
      "maxRSS": 459996,
      "systemtime": 165452,
      "usertime": 3672243
     },
     "172839603474": {
      "maxRSS": 460508,
      "systemtime": 165453,
      "usertime": 3672261
     },
     "172839605585": {
      "maxRSS": 461020,
      "systemtime": 165453,
      "usertime": 3676275
     },
     "172839607695": {
      "maxRSS": 461532,
      "systemtime": 165453,
      "usertime": 3676287
     },
     "172839609809": {
      "maxRSS": 462044,
      "systemtime": 165453,
      "usertime": 3680308
     },
     "172839611920": {
      "maxRSS": 462556,
      "systemtime": 165453,
      "usertime": 3680325
     },
     "172839614043": {
      "maxRSS": 463068,
      "systemtime": 165453,
      "usertime": 3684343
     },
     "172839616155": {
      "maxRSS": 463580,
      "systemtime": 165453,
      "usertime": 3688399
     },
     "172839618270": {
      "maxRSS": 464092,
      "systemtime": 165455,
      "usertime": 3688446
     },
     "172839620356": {
      "maxRSS": 464604,
      "systemtime": 165455,
      "usertime": 3692463
     },
     "172839622475": {
      "maxRSS": 465116,
      "systemtime": 165455,
      "usertime": 3692493
     },
     "172839624564": {
      "maxRSS": 465628,
      "systemtime": 165456,
      "usertime": 3696533
     },
     "172839626718": {
      "maxRSS": 466140,
      "systemtime": 165457,
      "usertime": 3696561
     },
     "172839628865": {
      "maxRSS": 466652,
      "systemtime": 165457,
      "usertime": 3700598
     },
     "172839630951": {
      "maxRSS": 467164,
      "systemtime": 165458,
      "usertime": 3700616
     },
     "172839633053": {
      "maxRSS": 467676,
      "systemtime": 165458,
      "usertime": 3704632
     },
     "172839635146": {
      "maxRSS": 468188,
      "systemtime": 165458,
      "usertime": 3704660
     },
     "172839637242": {
      "maxRSS": 468700,
      "systemtime": 165458,
      "usertime": 3708690
     },
     "172839639332": {
      "maxRSS": 469212,
      "systemtime": 165459,
      "usertime": 3708718
     },
     "172839641454": {
      "maxRSS": 469724,
      "systemtime": 169495,
      "usertime": 3708733
     },
     "172839643554": {
      "maxRSS": 470236,
      "systemtime": 169497,
      "usertime": 3708770
     },
     "172839645672": {
      "maxRSS": 470748,
      "systemtime": 169498,
      "usertime": 3712821
     },
     "172839647798": {
      "maxRSS": 471260,
      "systemtime": 169500,
      "usertime": 3712876
     },
     "172839649907": {
      "maxRSS": 471772,
      "systemtime": 169500,
      "usertime": 3716911
     },
     "172839652049": {
      "maxRSS": 472284,
      "systemtime": 169500,
      "usertime": 3720932
     },
     "172839654152": {
      "maxRSS": 472796,
      "systemtime": 169501,
      "usertime": 3720970
     },
     "172839656234": {
      "maxRSS": 473308,
      "systemtime": 169501,
      "usertime": 3724986
     },
     "172839658316": {
      "maxRSS": 473820,
      "systemtime": 169501,
      "usertime": 3725006
     },
     "172839660414": {
      "maxRSS": 474332,
      "systemtime": 169501,
      "usertime": 3729036
     },
     "172839662528": {
      "maxRSS": 474844,
      "systemtime": 169503,
      "usertime": 3729080
     },
     "172839664638": {
      "maxRSS": 475356,
      "systemtime": 169504,
      "usertime": 3733130
     },
     "172839666757": {
      "maxRSS": 475868,
      "systemtime": 169506,
      "usertime": 3733179
     },
     "172839668858": {
      "maxRSS": 476380,
      "systemtime": 169506,
      "usertime": 3737210
     },
     "172839670949": {
      "maxRSS": 476892,
      "systemtime": 169507,
      "usertime": 3737236
     },
     "172839673039": {
      "maxRSS": 477404,
      "systemtime": 169507,
      "usertime": 3741272
     },
     "172839675129": {
      "maxRSS": 477916,
      "systemtime": 169508,
      "usertime": 3741295
     },
     "172839677251": {
      "maxRSS": 478428,
      "systemtime": 169508,
      "usertime": 3745314
     },
     "172839679348": {
      "maxRSS": 478940,
      "systemtime": 169509,
      "usertime": 3745345
     },
     "172839681451": {
      "maxRSS": 479452,
      "systemtime": 169509,
      "usertime": 3749384
     },
     "172839683558": {
      "maxRSS": 479964,
      "systemtime": 169510,
      "usertime": 3749407
     },
     "172839685647": {
      "maxRSS": 480348,
      "systemtime": 169510,
      "usertime": 3753431
     },
     "172839687735": {
      "maxRSS": 480988,
      "systemtime": 169510,
      "usertime": 3753454
     },
     "172839694507": {
      "maxRSS": 482396,
      "systemtime": 169510,
      "usertime": 3761487
     },
     "172839696596": {
      "maxRSS": 482908,
      "systemtime": 169510,
      "usertime": 3765521
     },
     "172839698724": {
      "maxRSS": 483420,
      "systemtime": 169511,
      "usertime": 3765587
     },
     "172839700856": {
      "maxRSS": 483932,
      "systemtime": 169511,
      "usertime": 3769608
     },
     "172839702942": {
      "maxRSS": 484188,
      "systemtime": 169512,
      "usertime": 3769629
     },
     "172839705094": {
      "maxRSS": 484188,
      "systemtime": 169512,
      "usertime": 3773661
     },
     "172839707228": {
      "maxRSS": 484188,
      "systemtime": 169513,
      "usertime": 3773693
     },
     "172839709357": {
      "maxRSS": 484188,
      "systemtime": 169537,
      "usertime": 3778269
     },
     "172839710388": {
      "maxRSS": 484188,
      "systemtime": 169616,
      "usertime": 3780029
     },
     "172839711477": {
      "maxRSS": 484188,
      "systemtime": 169617,
      "usertime": 3780047
     },
     "172839712556": {
      "maxRSS": 484188,
      "systemtime": 169617,
      "usertime": 3781703
     },
     "172839713659": {
      "maxRSS": 484188,
      "systemtime": 169617,
      "usertime": 3781720
     },
     "172839714771": {
      "maxRSS": 484188,
      "systemtime": 169617,
      "usertime": 3781763
     },
     "172839715888": {
      "maxRSS": 484188,
      "systemtime": 169617,
      "usertime": 3781788
     },
     "172839717032": {
      "maxRSS": 484188,
      "systemtime": 169617,
      "usertime": 3785832
     },
     "172839718152": {
      "maxRSS": 484188,
      "systemtime": 169617,
      "usertime": 3785846
     },
     "172839719255": {
      "maxRSS": 484188,
      "systemtime": 169617,
      "usertime": 3785856
     },
     "172839720332": {
      "maxRSS": 484188,
      "systemtime": 169617,
      "usertime": 3789869
     },
     "172839721437": {
      "maxRSS": 484188,
      "systemtime": 169617,
      "usertime": 3789883
     },
     "172839722545": {
      "maxRSS": 484188,
      "systemtime": 169617,
      "usertime": 3789898
     },
     "172839723662": {
      "maxRSS": 484188,
      "systemtime": 169617,
      "usertime": 3789922
     },
     "172839724767": {
      "maxRSS": 484188,
      "systemtime": 169617,
      "usertime": 3793959
     },
     "172839725878": {
      "maxRSS": 484188,
      "systemtime": 169617,
      "usertime": 3793976
     },
     "172839726976": {
      "maxRSS": 484188,
      "systemtime": 169617,
      "usertime": 3793983
     },
     "172839728053": {
      "maxRSS": 484188,
      "systemtime": 169617,
      "usertime": 3797991
     },
     "172839729139": {
      "maxRSS": 484188,
      "systemtime": 169617,
      "usertime": 3798011
     },
     "172839730257": {
      "maxRSS": 484188,
      "systemtime": 169617,
      "usertime": 3798043
     },
     "172839731354": {
      "maxRSS": 484188,
      "systemtime": 169617,
      "usertime": 3798081
     },
     "172839732439": {
      "maxRSS": 484188,
      "systemtime": 169617,
      "usertime": 3802106
     },
     "172839733531": {
      "maxRSS": 484188,
      "systemtime": 169617,
      "usertime": 3802128
     },
     "172839734611": {
      "maxRSS": 484188,
      "systemtime": 169617,
      "usertime": 3802149
     },
     "172839735721": {
      "maxRSS": 484188,
      "systemtime": 169617,
      "usertime": 3802168
     },
     "172839736800": {
      "maxRSS": 484188,
      "systemtime": 169617,
      "usertime": 3806190
     },
     "172839737921": {
      "maxRSS": 484188,
      "systemtime": 169617,
      "usertime": 3806230
     },
     "172839738996": {
      "maxRSS": 484188,
      "systemtime": 169617,
      "usertime": 3806245
     },
     "172839740087": {
      "maxRSS": 484188,
      "systemtime": 169617,
      "usertime": 3810252
     },
     "172839741163": {
      "maxRSS": 484188,
      "systemtime": 169617,
      "usertime": 3810267
     },
     "172839742307": {
      "maxRSS": 484188,
      "systemtime": 169617,
      "usertime": 3810288
     },
     "172839743394": {
      "maxRSS": 484188,
      "systemtime": 169617,
      "usertime": 3810311
     },
     "172839744498": {
      "maxRSS": 484188,
      "systemtime": 169617,
      "usertime": 3814353
     },
     "172839745613": {
      "maxRSS": 484188,
      "systemtime": 169617,
      "usertime": 3814368
     },
     "172839746719": {
      "maxRSS": 484188,
      "systemtime": 169617,
      "usertime": 3814379
     },
     "172839747828": {
      "maxRSS": 484188,
      "systemtime": 169617,
      "usertime": 3814394
     },
     "172839748936": {
      "maxRSS": 484188,
      "systemtime": 169617,
      "usertime": 3818406
     },
     "172839750012": {
      "maxRSS": 484188,
      "systemtime": 169617,
      "usertime": 3818424
     },
     "172839751118": {
      "maxRSS": 484188,
      "systemtime": 169617,
      "usertime": 3818440
     },
     "172839752220": {
      "maxRSS": 484188,
      "systemtime": 169617,
      "usertime": 3822476
     },
     "172839753307": {
      "maxRSS": 484188,
      "systemtime": 169617,
      "usertime": 3822499
     },
     "172839754418": {
      "maxRSS": 484188,
      "systemtime": 169617,
      "usertime": 3822522
     },
     "172839755522": {
      "maxRSS": 484188,
      "systemtime": 169617,
      "usertime": 3822533
     },
     "172839756623": {
      "maxRSS": 484188,
      "systemtime": 169617,
      "usertime": 3826540
     },
     "172839757763": {
      "maxRSS": 484188,
      "systemtime": 169617,
      "usertime": 3826560
     },
     "172839758884": {
      "maxRSS": 484188,
      "systemtime": 169617,
      "usertime": 3826618
     },
     "172839759966": {
      "maxRSS": 484188,
      "systemtime": 169617,
      "usertime": 3826638
     },
     "172839761064": {
      "maxRSS": 484188,
      "systemtime": 169617,
      "usertime": 3830658
     },
     "172839762141": {
      "maxRSS": 484188,
      "systemtime": 169617,
      "usertime": 3830676
     },
     "172839763224": {
      "maxRSS": 484188,
      "systemtime": 169617,
      "usertime": 3830695
     },
     "172839764308": {
      "maxRSS": 484188,
      "systemtime": 169617,
      "usertime": 3834711
     },
     "172839765436": {
      "maxRSS": 484188,
      "systemtime": 169617,
      "usertime": 3834744
     },
     "172839766518": {
      "maxRSS": 484188,
      "systemtime": 169617,
      "usertime": 3834759
     },
     "172839767616": {
      "maxRSS": 484188,
      "systemtime": 169617,
      "usertime": 3834785
     },
     "172839768695": {
      "maxRSS": 484188,
      "systemtime": 169617,
      "usertime": 3838802
     },
     "172839769803": {
      "maxRSS": 484188,
      "systemtime": 169617,
      "usertime": 3838816
     },
     "172839770922": {
      "maxRSS": 484188,
      "systemtime": 169617,
      "usertime": 3838827
     },
     "172839772041": {
      "maxRSS": 484188,
      "systemtime": 169617,
      "usertime": 3842875
     },
     "172839773142": {
      "maxRSS": 484188,
      "systemtime": 169617,
      "usertime": 3842892
     },
     "172839774256": {
      "maxRSS": 484188,
      "systemtime": 169617,
      "usertime": 3842910
     },
     "172839775348": {
      "maxRSS": 484188,
      "systemtime": 169617,
      "usertime": 3842933
     },
     "172839776446": {
      "maxRSS": 484188,
      "systemtime": 169617,
      "usertime": 3846970
     },
     "172839777543": {
      "maxRSS": 484188,
      "systemtime": 169617,
      "usertime": 3846997
     },
     "172839778637": {
      "maxRSS": 484188,
      "systemtime": 169617,
      "usertime": 3847025
     },
     "172839779781": {
      "maxRSS": 484188,
      "systemtime": 169617,
      "usertime": 3847073
     },
     "172839780889": {
      "maxRSS": 484188,
      "systemtime": 169617,
      "usertime": 3851085
     },
     "172839781965": {
      "maxRSS": 484188,
      "systemtime": 169617,
      "usertime": 3851100
     },
     "172839783056": {
      "maxRSS": 484188,
      "systemtime": 169617,
      "usertime": 3851120
     },
     "172839784141": {
      "maxRSS": 484188,
      "systemtime": 169617,
      "usertime": 3855138
     },
     "172839785226": {
      "maxRSS": 484188,
      "systemtime": 169617,
      "usertime": 3855159
     },
     "172839786325": {
      "maxRSS": 484188,
      "systemtime": 169617,
      "usertime": 3855198
     },
     "172839787399": {
      "maxRSS": 484188,
      "systemtime": 169617,
      "usertime": 3855213
     },
     "172839788513": {
      "maxRSS": 484188,
      "systemtime": 169617,
      "usertime": 3859230
     },
     "172839789634": {
      "maxRSS": 484188,
      "systemtime": 169617,
      "usertime": 3859252
     },
     "172839790721": {
      "maxRSS": 484188,
      "systemtime": 169617,
      "usertime": 3859274
     },
     "172839791823": {
      "maxRSS": 484188,
      "systemtime": 169617,
      "usertime": 3859297
     },
     "172839792946": {
      "maxRSS": 484188,
      "systemtime": 169617,
      "usertime": 3863361
     },
     "172839794060": {
      "maxRSS": 484188,
      "systemtime": 169617,
      "usertime": 3863387
     },
     "172839795133": {
      "maxRSS": 484188,
      "systemtime": 169617,
      "usertime": 3863402
     },
     "172839796203": {
      "maxRSS": 484188,
      "systemtime": 169617,
      "usertime": 3867407
     },
     "172839797275": {
      "maxRSS": 484188,
      "systemtime": 169617,
      "usertime": 3867420
     },
     "172839798360": {
      "maxRSS": 484188,
      "systemtime": 169617,
      "usertime": 3867438
     },
     "172839799466": {
      "maxRSS": 484188,
      "systemtime": 169617,
      "usertime": 3867483
     },
     "172839800617": {
      "maxRSS": 484188,
      "systemtime": 169617,
      "usertime": 3871509
     },
     "172839801745": {
      "maxRSS": 484188,
      "systemtime": 169617,
      "usertime": 3871529
     },
     "172839802821": {
      "maxRSS": 484188,
      "systemtime": 169617,
      "usertime": 3871546
     },
     "172839803897": {
      "maxRSS": 484188,
      "systemtime": 169617,
      "usertime": 3871558
     },
     "172839804984": {
      "maxRSS": 484188,
      "systemtime": 169617,
      "usertime": 3875570
     },
     "172839806070": {
      "maxRSS": 484188,
      "systemtime": 169617,
      "usertime": 3875588
     },
     "172839807180": {
      "maxRSS": 484188,
      "systemtime": 169617,
      "usertime": 3875633
     },
     "172839808285": {
      "maxRSS": 484188,
      "systemtime": 169617,
      "usertime": 3879653
     },
     "172839809370": {
      "maxRSS": 484188,
      "systemtime": 169617,
      "usertime": 3879675
     },
     "172839810450": {
      "maxRSS": 484188,
      "systemtime": 169617,
      "usertime": 3879692
     },
     "172839811523": {
      "maxRSS": 484188,
      "systemtime": 169617,
      "usertime": 3879706
     },
     "172839812625": {
      "maxRSS": 484188,
      "systemtime": 169617,
      "usertime": 3883724
     },
     "172839813742": {
      "maxRSS": 484188,
      "systemtime": 169617,
      "usertime": 3883769
     },
     "172839814836": {
      "maxRSS": 484188,
      "systemtime": 169617,
      "usertime": 3883793
     },
     "172839815989": {
      "maxRSS": 484188,
      "systemtime": 169617,
      "usertime": 3883822
     },
     "172839817113": {
      "maxRSS": 484188,
      "systemtime": 169617,
      "usertime": 3887902
     },
     "172839818196": {
      "maxRSS": 484188,
      "systemtime": 169617,
      "usertime": 3887920
     },
     "172839819316": {
      "maxRSS": 484188,
      "systemtime": 169617,
      "usertime": 3887946
     },
     "172839820433": {
      "maxRSS": 484188,
      "systemtime": 169617,
      "usertime": 3891924
     },
     "172839821524": {
      "maxRSS": 484188,
      "systemtime": 169617,
      "usertime": 3891938
     },
     "172839822611": {
      "maxRSS": 484188,
      "systemtime": 169617,
      "usertime": 3891951
     },
     "172839823772": {
      "maxRSS": 484188,
      "systemtime": 169617,
      "usertime": 3891986
     },
     "172839824852": {
      "maxRSS": 484188,
      "systemtime": 169617,
      "usertime": 3895999
     },
     "172839825933": {
      "maxRSS": 484188,
      "systemtime": 169617,
      "usertime": 3896015
     },
     "172839827074": {
      "maxRSS": 484188,
      "systemtime": 169617,
      "usertime": 3896053
     },
     "172839828191": {
      "maxRSS": 484188,
      "systemtime": 169617,
      "usertime": 3900071
     },
     "172839829281": {
      "maxRSS": 484188,
      "systemtime": 169617,
      "usertime": 3900086
     },
     "172839830366": {
      "maxRSS": 484188,
      "systemtime": 169617,
      "usertime": 3900105
     },
     "172839831448": {
      "maxRSS": 484188,
      "systemtime": 169617,
      "usertime": 3900127
     },
     "172839832572": {
      "maxRSS": 484188,
      "systemtime": 169617,
      "usertime": 3904157
     },
     "172839833690": {
      "maxRSS": 484188,
      "systemtime": 169617,
      "usertime": 3904177
     },
     "172839834803": {
      "maxRSS": 484188,
      "systemtime": 169617,
      "usertime": 3904215
     },
     "172839835917": {
      "maxRSS": 484188,
      "systemtime": 169617,
      "usertime": 3904239
     },
     "172839837038": {
      "maxRSS": 484188,
      "systemtime": 169617,
      "usertime": 3908253
     },
     "172839838130": {
      "maxRSS": 484188,
      "systemtime": 169617,
      "usertime": 3908272
     },
     "172839839212": {
      "maxRSS": 484188,
      "systemtime": 169617,
      "usertime": 3908283
     },
     "172839840296": {
      "maxRSS": 484188,
      "systemtime": 169617,
      "usertime": 3912292
     },
     "172839841393": {
      "maxRSS": 484188,
      "systemtime": 169617,
      "usertime": 3912324
     },
     "172839842502": {
      "maxRSS": 484188,
      "systemtime": 169617,
      "usertime": 3912339
     },
     "172839843585": {
      "maxRSS": 484188,
      "systemtime": 169617,
      "usertime": 3912352
     },
     "172839844666": {
      "maxRSS": 484188,
      "systemtime": 169617,
      "usertime": 3916364
     },
     "172839845765": {
      "maxRSS": 484188,
      "systemtime": 169617,
      "usertime": 3916389
     },
     "172839846853": {
      "maxRSS": 484188,
      "systemtime": 169617,
      "usertime": 3916412
     },
     "172839847951": {
      "maxRSS": 484188,
      "systemtime": 169617,
      "usertime": 3916451
     },
     "172839849061": {
      "maxRSS": 484188,
      "systemtime": 169617,
      "usertime": 3920471
     },
     "172839850146": {
      "maxRSS": 484188,
      "systemtime": 169617,
      "usertime": 3920488
     },
     "172839852223": {
      "maxRSS": 484188,
      "systemtime": 169617,
      "usertime": 3924502
     },
     "172839854298": {
      "maxRSS": 484188,
      "systemtime": 169617,
      "usertime": 3924517
     },
     "172839856388": {
      "maxRSS": 484188,
      "systemtime": 169617,
      "usertime": 3928533
     },
     "172839858495": {
      "maxRSS": 484188,
      "systemtime": 169617,
      "usertime": 3928573
     },
     "172839860613": {
      "maxRSS": 484188,
      "systemtime": 169617,
      "usertime": 3932596
     },
     "172839862726": {
      "maxRSS": 484188,
      "systemtime": 169617,
      "usertime": 3932621
     },
     "172839864842": {
      "maxRSS": 484188,
      "systemtime": 169617,
      "usertime": 3936675
     },
     "172839866966": {
      "maxRSS": 484188,
      "systemtime": 169617,
      "usertime": 3936703
     },
     "172839869060": {
      "maxRSS": 484188,
      "systemtime": 169617,
      "usertime": 3940737
     },
     "172839871141": {
      "maxRSS": 484188,
      "systemtime": 169617,
      "usertime": 3940758
     },
     "172839873260": {
      "maxRSS": 484188,
      "systemtime": 169617,
      "usertime": 3944795
     },
     "172839875357": {
      "maxRSS": 484188,
      "systemtime": 169617,
      "usertime": 3944820
     },
     "172839877456": {
      "maxRSS": 484188,
      "systemtime": 169617,
      "usertime": 3948846
     },
     "172839879601": {
      "maxRSS": 484188,
      "systemtime": 169617,
      "usertime": 3948875
     },
     "172839881723": {
      "maxRSS": 484188,
      "systemtime": 169617,
      "usertime": 3952902
     },
     "172839883818": {
      "maxRSS": 484188,
      "systemtime": 169617,
      "usertime": 3952920
     },
     "172839885960": {
      "maxRSS": 484188,
      "systemtime": 169617,
      "usertime": 3956968
     },
     "172839888056": {
      "maxRSS": 484188,
      "systemtime": 169617,
      "usertime": 3960988
     },
     "172839890194": {
      "maxRSS": 484188,
      "systemtime": 169617,
      "usertime": 3961026
     },
     "172839892311": {
      "maxRSS": 484188,
      "systemtime": 169617,
      "usertime": 3965065
     },
     "172839894429": {
      "maxRSS": 484188,
      "systemtime": 169617,
      "usertime": 3965099
     },
     "172839896567": {
      "maxRSS": 484188,
      "systemtime": 169617,
      "usertime": 3969134
     },
     "172839898734": {
      "maxRSS": 484188,
      "systemtime": 169617,
      "usertime": 3969207
     },
     "172839900859": {
      "maxRSS": 484188,
      "systemtime": 169617,
      "usertime": 3973238
     },
     "172839902950": {
      "maxRSS": 484188,
      "systemtime": 169617,
      "usertime": 3973265
     },
     "172839905039": {
      "maxRSS": 484188,
      "systemtime": 169617,
      "usertime": 3977291
     },
     "172839907120": {
      "maxRSS": 484188,
      "systemtime": 169617,
      "usertime": 3977312
     },
     "172839909218": {
      "maxRSS": 484188,
      "systemtime": 169617,
      "usertime": 3981338
     },
     "172839911336": {
      "maxRSS": 484188,
      "systemtime": 169617,
      "usertime": 3981389
     },
     "172839913428": {
      "maxRSS": 484188,
      "systemtime": 169617,
      "usertime": 3985417
     },
     "172839915574": {
      "maxRSS": 484188,
      "systemtime": 169617,
      "usertime": 3985455
     },
     "172839917679": {
      "maxRSS": 484188,
      "systemtime": 169617,
      "usertime": 3989483
     },
     "172839919805": {
      "maxRSS": 484188,
      "systemtime": 169617,
      "usertime": 3989537
     },
     "172839921928": {
      "maxRSS": 484188,
      "systemtime": 169617,
      "usertime": 3993576
     },
     "172839924048": {
      "maxRSS": 484188,
      "systemtime": 169617,
      "usertime": 3997591
     },
     "172839926150": {
      "maxRSS": 484188,
      "systemtime": 169617,
      "usertime": 3997629
     },
     "172839928234": {
      "maxRSS": 484188,
      "systemtime": 169617,
      "usertime": 4001647
     },
     "172839930314": {
      "maxRSS": 484188,
      "systemtime": 169617,
      "usertime": 4001666
     },
     "172839932408": {
      "maxRSS": 484188,
      "systemtime": 169617,
      "usertime": 4005691
     },
     "172839934538": {
      "maxRSS": 484188,
      "systemtime": 169617,
      "usertime": 4005725
     },
     "172839936634": {
      "maxRSS": 484188,
      "systemtime": 169617,
      "usertime": 4009756
     },
     "172839938750": {
      "maxRSS": 484188,
      "systemtime": 169617,
      "usertime": 4009806
     },
     "172839940868": {
      "maxRSS": 484188,
      "systemtime": 169617,
      "usertime": 4013830
     },
     "172839942963": {
      "maxRSS": 484188,
      "systemtime": 169617,
      "usertime": 4013856
     },
     "172839945094": {
      "maxRSS": 484188,
      "systemtime": 169617,
      "usertime": 4017889
     },
     "172839947196": {
      "maxRSS": 484188,
      "systemtime": 169617,
      "usertime": 4017912
     },
     "172839949367": {
      "maxRSS": 484188,
      "systemtime": 169617,
      "usertime": 4021933
     },
     "172839951501": {
      "maxRSS": 484188,
      "systemtime": 169617,
      "usertime": 4021979
     },
     "172839953639": {
      "maxRSS": 484188,
      "systemtime": 169617,
      "usertime": 4026004
     },
     "172839955750": {
      "maxRSS": 484188,
      "systemtime": 169617,
      "usertime": 4026030
     },
     "172839957836": {
      "maxRSS": 484188,
      "systemtime": 169617,
      "usertime": 4030051
     },
     "172839959955": {
      "maxRSS": 484188,
      "systemtime": 169617,
      "usertime": 4030070
     },
     "172839962066": {
      "maxRSS": 484188,
      "systemtime": 169617,
      "usertime": 4034093
     },
     "172839964179": {
      "maxRSS": 484188,
      "systemtime": 169617,
      "usertime": 4038137
     },
     "172839966272": {
      "maxRSS": 484188,
      "systemtime": 169617,
      "usertime": 4038163
     },
     "172839968383": {
      "maxRSS": 484188,
      "systemtime": 169617,
      "usertime": 4042204
     },
     "172839970466": {
      "maxRSS": 484188,
      "systemtime": 169617,
      "usertime": 4042226
     },
     "172839972588": {
      "maxRSS": 484188,
      "systemtime": 169617,
      "usertime": 4046253
     },
     "172839974686": {
      "maxRSS": 484188,
      "systemtime": 169617,
      "usertime": 4046282
     },
     "172839976797": {
      "maxRSS": 484188,
      "systemtime": 169617,
      "usertime": 4050329
     },
     "172839978913": {
      "maxRSS": 484188,
      "systemtime": 169617,
      "usertime": 4050374
     },
     "172839981010": {
      "maxRSS": 484188,
      "systemtime": 169617,
      "usertime": 4054405
     },
     "172839983163": {
      "maxRSS": 484188,
      "systemtime": 169617,
      "usertime": 4054443
     },
     "172839985294": {
      "maxRSS": 484188,
      "systemtime": 169617,
      "usertime": 4058478
     },
     "172839987413": {
      "maxRSS": 484188,
      "systemtime": 169617,
      "usertime": 4058502
     },
     "172839989505": {
      "maxRSS": 484188,
      "systemtime": 169617,
      "usertime": 4062523
     },
     "172839991617": {
      "maxRSS": 484316,
      "systemtime": 169617,
      "usertime": 4062566
     },
     "172839993727": {
      "maxRSS": 484316,
      "systemtime": 169617,
      "usertime": 4066597
     },
     "172839995816": {
      "maxRSS": 484316,
      "systemtime": 169617,
      "usertime": 4066618
     },
     "172839997904": {
      "maxRSS": 484316,
      "systemtime": 169617,
      "usertime": 4070642
     },
     "172839999999": {
      "maxRSS": 484316,
      "systemtime": 173483,
      "usertime": 4070816
     },
     "172840002108": {
      "maxRSS": 484316,
      "systemtime": 173484,
      "usertime": 4070839
     },
     "172840004210": {
      "maxRSS": 484316,
      "systemtime": 173485,
      "usertime": 4074880
     },
     "172840006325": {
      "maxRSS": 484316,
      "systemtime": 173485,
      "usertime": 4074900
     },
     "172840008408": {
      "maxRSS": 484316,
      "systemtime": 173485,
      "usertime": 4078922
     },
     "172840010561": {
      "maxRSS": 484316,
      "systemtime": 173486,
      "usertime": 4078948
     },
     "172840012659": {
      "maxRSS": 484316,
      "systemtime": 173486,
      "usertime": 4082978
     },
     "172840014748": {
      "maxRSS": 484316,
      "systemtime": 173487,
      "usertime": 4082998
     },
     "172840016860": {
      "maxRSS": 484316,
      "systemtime": 173487,
      "usertime": 4087037
     },
     "172840018951": {
      "maxRSS": 484316,
      "systemtime": 173488,
      "usertime": 4087057
     },
     "172840021035": {
      "maxRSS": 484316,
      "systemtime": 173488,
      "usertime": 4091079
     },
     "172840023127": {
      "maxRSS": 484316,
      "systemtime": 173488,
      "usertime": 4091102
     },
     "172840025240": {
      "maxRSS": 484316,
      "systemtime": 173488,
      "usertime": 4095117
     },
     "172840027338": {
      "maxRSS": 484316,
      "systemtime": 173488,
      "usertime": 4095137
     },
     "172840029487": {
      "maxRSS": 484316,
      "systemtime": 173488,
      "usertime": 4099165
     },
     "172840031627": {
      "maxRSS": 484316,
      "systemtime": 173490,
      "usertime": 4099226
     },
     "172840033787": {
      "maxRSS": 484316,
      "systemtime": 173491,
      "usertime": 4103271
     },
     "172840035935": {
      "maxRSS": 484316,
      "systemtime": 173493,
      "usertime": 4103319
     },
     "172840038023": {
      "maxRSS": 484316,
      "systemtime": 173493,
      "usertime": 4107329
     },
     "172840040092": {
      "maxRSS": 484316,
      "systemtime": 173493,
      "usertime": 4111362
     },
     "172840042181": {
      "maxRSS": 484316,
      "systemtime": 173493,
      "usertime": 4111382
     },
     "172840044279": {
      "maxRSS": 484316,
      "systemtime": 173493,
      "usertime": 4115409
     },
     "172840046375": {
      "maxRSS": 484316,
      "systemtime": 173493,
      "usertime": 4115433
     },
     "172840048488": {
      "maxRSS": 484316,
      "systemtime": 173493,
      "usertime": 4119444
     },
     "172840050574": {
      "maxRSS": 484316,
      "systemtime": 173493,
      "usertime": 4119469
     },
     "172840052652": {
      "maxRSS": 484316,
      "systemtime": 173493,
      "usertime": 4123488
     },
     "172840054731": {
      "maxRSS": 484316,
      "systemtime": 173493,
      "usertime": 4123506
     },
     "172840056833": {
      "maxRSS": 484316,
      "systemtime": 173493,
      "usertime": 4127542
     },
     "172840058920": {
      "maxRSS": 484316,
      "systemtime": 173494,
      "usertime": 4127562
     },
     "172840061068": {
      "maxRSS": 484316,
      "systemtime": 173494,
      "usertime": 4131599
     },
     "172840063277": {
      "maxRSS": 484316,
      "systemtime": 173497,
      "usertime": 4131653
     },
     "172840065362": {
      "maxRSS": 484316,
      "systemtime": 173497,
      "usertime": 4135674
     },
     "172840067447": {
      "maxRSS": 484316,
      "systemtime": 173497,
      "usertime": 4135692
     },
     "172840069557": {
      "maxRSS": 484316,
      "systemtime": 173497,
      "usertime": 4139733
     },
     "172840071638": {
      "maxRSS": 484316,
      "systemtime": 173498,
      "usertime": 4139751
     },
     "172840073761": {
      "maxRSS": 484316,
      "systemtime": 173498,
      "usertime": 4143774
     },
     "172840075854": {
      "maxRSS": 484316,
      "systemtime": 173498,
      "usertime": 4143790
     },
     "172840077964": {
      "maxRSS": 484316,
      "systemtime": 173498,
      "usertime": 4147808
     },
     "172840080038": {
      "maxRSS": 484316,
      "systemtime": 173498,
      "usertime": 4151833
     },
     "172840082141": {
      "maxRSS": 484316,
      "systemtime": 173499,
      "usertime": 4151873
     },
     "172840084260": {
      "maxRSS": 484316,
      "systemtime": 173499,
      "usertime": 4155923
     },
     "172840086339": {
      "maxRSS": 484316,
      "systemtime": 173500,
      "usertime": 4155941
     },
     "172840088420": {
      "maxRSS": 484316,
      "systemtime": 173500,
      "usertime": 4159961
     },
     "172840090538": {
      "maxRSS": 484316,
      "systemtime": 173500,
      "usertime": 4159981
     },
     "172840092628": {
      "maxRSS": 484316,
      "systemtime": 173500,
      "usertime": 4164005
     },
     "172840094718": {
      "maxRSS": 484316,
      "systemtime": 173501,
      "usertime": 4164028
     },
     "172840096834": {
      "maxRSS": 484316,
      "systemtime": 173501,
      "usertime": 4168071
     },
     "172840098925": {
      "maxRSS": 484316,
      "systemtime": 173502,
      "usertime": 4168090
     },
     "172840101047": {
      "maxRSS": 484316,
      "systemtime": 173502,
      "usertime": 4172106
     },
     "172840103130": {
      "maxRSS": 484316,
      "systemtime": 173502,
      "usertime": 4172123
     },
     "172840105227": {
      "maxRSS": 484316,
      "systemtime": 173502,
      "usertime": 4176159
     },
     "172840107317": {
      "maxRSS": 484316,
      "systemtime": 173503,
      "usertime": 4176176
     },
     "172840109456": {
      "maxRSS": 484316,
      "systemtime": 173503,
      "usertime": 4180228
     },
     "172840111551": {
      "maxRSS": 484316,
      "systemtime": 173504,
      "usertime": 4180245
     },
     "172840113630": {
      "maxRSS": 484316,
      "systemtime": 173524,
      "usertime": 4184769
     },
     "172840115713": {
      "maxRSS": 484316,
      "systemtime": 173525,
      "usertime": 4184787
     },
     "172840117834": {
      "maxRSS": 484316,
      "systemtime": 173525,
      "usertime": 4188267
     },
     "172840119913": {
      "maxRSS": 484316,
      "systemtime": 173525,
      "usertime": 4188284
     },
     "172840124047": {
      "maxRSS": 484316,
      "systemtime": 173525,
      "usertime": 4196322
     },
     "172840128132": {
      "maxRSS": 484316,
      "systemtime": 173525,
      "usertime": 4200350
     },
     "172840132227": {
      "maxRSS": 484316,
      "systemtime": 173525,
      "usertime": 4204380
     },
     "172840136320": {
      "maxRSS": 484316,
      "systemtime": 173525,
      "usertime": 4208419
     },
     "172840140407": {
      "maxRSS": 484316,
      "systemtime": 173525,
      "usertime": 4212431
     },
     "172840144509": {
      "maxRSS": 484316,
      "systemtime": 173525,
      "usertime": 4216459
     },
     "172840148640": {
      "maxRSS": 484316,
      "systemtime": 173525,
      "usertime": 4220507
     },
     "172840152758": {
      "maxRSS": 484316,
      "systemtime": 173525,
      "usertime": 4224536
     },
     "172840156894": {
      "maxRSS": 484316,
      "systemtime": 173525,
      "usertime": 4228574
     },
     "172840161021": {
      "maxRSS": 484316,
      "systemtime": 173525,
      "usertime": 4232610
     },
     "172840165155": {
      "maxRSS": 484316,
      "systemtime": 173525,
      "usertime": 4236683
     },
     "172840169292": {
      "maxRSS": 484316,
      "systemtime": 173525,
      "usertime": 4240697
     },
     "172840173417": {
      "maxRSS": 484316,
      "systemtime": 173525,
      "usertime": 4244718
     },
     "172840177535": {
      "maxRSS": 484316,
      "systemtime": 173525,
      "usertime": 4248768
     },
     "172840181663": {
      "maxRSS": 484316,
      "systemtime": 173525,
      "usertime": 4252800
     },
     "172840185793": {
      "maxRSS": 484316,
      "systemtime": 173525,
      "usertime": 4256829
     },
     "172840189908": {
      "maxRSS": 484316,
      "systemtime": 173525,
      "usertime": 4260859
     },
     "172840194023": {
      "maxRSS": 484316,
      "systemtime": 173635,
      "usertime": 4265986
     },
     "172840196764": {
      "maxRSS": 484316,
      "systemtime": 173635,
      "usertime": 4269574
     },
     "172840197916": {
      "maxRSS": 484316,
      "systemtime": 173635,
      "usertime": 4269629
     },
     "172840199038": {
      "maxRSS": 484316,
      "systemtime": 173635,
      "usertime": 4269652
     },
     "172840199732": {
      "maxRSS": 484316,
      "systemtime": 173650,
      "usertime": 4272604
     },
     "172840200820": {
      "maxRSS": 484316,
      "systemtime": 173650,
      "usertime": 4272932
     },
     "172840201903": {
      "maxRSS": 484316,
      "systemtime": 173650,
      "usertime": 4272950
     },
     "172840203002": {
      "maxRSS": 484444,
      "systemtime": 173650,
      "usertime": 4272969
     },
     "172840204069": {
      "maxRSS": 484700,
      "systemtime": 173650,
      "usertime": 4277009
     },
     "172840205174": {
      "maxRSS": 484956,
      "systemtime": 173650,
      "usertime": 4277022
     },
     "172840206247": {
      "maxRSS": 485212,
      "systemtime": 173650,
      "usertime": 4277034
     },
     "172840207338": {
      "maxRSS": 485468,
      "systemtime": 173650,
      "usertime": 4277054
     },
     "172840208431": {
      "maxRSS": 485724,
      "systemtime": 173650,
      "usertime": 4281080
     },
     "172840209552": {
      "maxRSS": 485980,
      "systemtime": 173650,
      "usertime": 4281103
     },
     "172840210644": {
      "maxRSS": 486236,
      "systemtime": 173650,
      "usertime": 4281135
     },
     "172840211731": {
      "maxRSS": 486492,
      "systemtime": 173650,
      "usertime": 4281148
     },
     "172840212864": {
      "maxRSS": 486748,
      "systemtime": 173650,
      "usertime": 4285160
     },
     "172840213945": {
      "maxRSS": 487004,
      "systemtime": 173650,
      "usertime": 4285179
     },
     "172840215022": {
      "maxRSS": 487260,
      "systemtime": 173650,
      "usertime": 4285194
     },
     "172840216098": {
      "maxRSS": 487516,
      "systemtime": 173650,
      "usertime": 4289223
     },
     "172840217211": {
      "maxRSS": 487772,
      "systemtime": 173650,
      "usertime": 4289243
     },
     "172840218303": {
      "maxRSS": 487900,
      "systemtime": 173650,
      "usertime": 4289275
     },
     "172840219401": {
      "maxRSS": 488156,
      "systemtime": 173650,
      "usertime": 4289293
     },
     "172840220482": {
      "maxRSS": 488412,
      "systemtime": 173650,
      "usertime": 4293311
     },
     "172840221561": {
      "maxRSS": 488668,
      "systemtime": 173650,
      "usertime": 4293328
     },
     "172840222677": {
      "maxRSS": 488924,
      "systemtime": 173650,
      "usertime": 4293353
     },
     "172840223788": {
      "maxRSS": 489052,
      "systemtime": 173650,
      "usertime": 4293368
     },
     "172840224902": {
      "maxRSS": 489180,
      "systemtime": 173650,
      "usertime": 4297417
     },
     "172840225992": {
      "maxRSS": 489436,
      "systemtime": 173650,
      "usertime": 4297441
     },
     "172840227089": {
      "maxRSS": 489564,
      "systemtime": 173650,
      "usertime": 4297466
     },
     "172840228172": {
      "maxRSS": 489820,
      "systemtime": 173650,
      "usertime": 4301494
     },
     "172840229250": {
      "maxRSS": 489948,
      "systemtime": 173650,
      "usertime": 4301511
     },
     "172840230322": {
      "maxRSS": 490204,
      "systemtime": 173650,
      "usertime": 4301524
     },
     "172840231430": {
      "maxRSS": 490460,
      "systemtime": 173650,
      "usertime": 4301565
     },
     "172840232526": {
      "maxRSS": 490716,
      "systemtime": 173650,
      "usertime": 4305587
     },
     "172840233619": {
      "maxRSS": 490972,
      "systemtime": 173650,
      "usertime": 4305613
     },
     "172840234709": {
      "maxRSS": 491228,
      "systemtime": 173650,
      "usertime": 4305636
     },
     "172840235796": {
      "maxRSS": 491484,
      "systemtime": 173650,
      "usertime": 4305657
     },
     "172840236908": {
      "maxRSS": 491612,
      "systemtime": 173650,
      "usertime": 4309671
     },
     "172840238040": {
      "maxRSS": 491868,
      "systemtime": 173650,
      "usertime": 4309702
     },
     "172840239113": {
      "maxRSS": 492124,
      "systemtime": 173650,
      "usertime": 4309717
     },
     "172840240209": {
      "maxRSS": 492380,
      "systemtime": 173650,
      "usertime": 4313730
     },
     "172840241302": {
      "maxRSS": 492636,
      "systemtime": 173650,
      "usertime": 4313749
     },
     "172840242399": {
      "maxRSS": 492892,
      "systemtime": 173650,
      "usertime": 4313773
     },
     "172840243486": {
      "maxRSS": 493020,
      "systemtime": 173650,
      "usertime": 4313791
     },
     "172840244596": {
      "maxRSS": 493276,
      "systemtime": 173650,
      "usertime": 4317838
     },
     "172840245689": {
      "maxRSS": 493532,
      "systemtime": 173650,
      "usertime": 4317868
     },
     "172840246761": {
      "maxRSS": 493788,
      "systemtime": 173650,
      "usertime": 4317881
     },
     "172840247849": {
      "maxRSS": 494044,
      "systemtime": 173650,
      "usertime": 4317910
     },
     "172840248923": {
      "maxRSS": 494300,
      "systemtime": 173650,
      "usertime": 4321919
     },
     "172840250020": {
      "maxRSS": 494556,
      "systemtime": 173650,
      "usertime": 4321957
     },
     "172840251094": {
      "maxRSS": 494684,
      "systemtime": 173650,
      "usertime": 4321972
     },
     "172840252189": {
      "maxRSS": 494940,
      "systemtime": 173650,
      "usertime": 4326003
     },
     "172840253299": {
      "maxRSS": 495196,
      "systemtime": 173650,
      "usertime": 4326039
     },
     "172840254377": {
      "maxRSS": 495452,
      "systemtime": 173650,
      "usertime": 4326055
     },
     "172840255456": {
      "maxRSS": 495708,
      "systemtime": 173650,
      "usertime": 4326071
     },
     "172840256562": {
      "maxRSS": 495836,
      "systemtime": 173650,
      "usertime": 4330083
     },
     "172840257651": {
      "maxRSS": 496092,
      "systemtime": 173650,
      "usertime": 4330101
     },
     "172840258761": {
      "maxRSS": 496348,
      "systemtime": 173650,
      "usertime": 4330142
     },
     "172840259843": {
      "maxRSS": 496604,
      "systemtime": 173650,
      "usertime": 4330161
     },
     "172840260950": {
      "maxRSS": 496860,
      "systemtime": 173650,
      "usertime": 4334179
     },
     "172840262023": {
      "maxRSS": 497116,
      "systemtime": 173650,
      "usertime": 4334192
     },
     "172840263090": {
      "maxRSS": 497372,
      "systemtime": 173650,
      "usertime": 4334201
     },
     "172840264157": {
      "maxRSS": 497500,
      "systemtime": 173650,
      "usertime": 4338206
     },
     "172840265249": {
      "maxRSS": 497756,
      "systemtime": 173650,
      "usertime": 4338234
     },
     "172840266465": {
      "maxRSS": 498012,
      "systemtime": 173650,
      "usertime": 4338253
     },
     "172840267549": {
      "maxRSS": 498268,
      "systemtime": 173650,
      "usertime": 4338270
     },
     "172840268630": {
      "maxRSS": 498524,
      "systemtime": 173650,
      "usertime": 4342289
     },
     "172840269722": {
      "maxRSS": 498780,
      "systemtime": 173650,
      "usertime": 4342306
     },
     "172840270904": {
      "maxRSS": 498908,
      "systemtime": 173650,
      "usertime": 4342321
     },
     "172840272048": {
      "maxRSS": 499164,
      "systemtime": 173650,
      "usertime": 4346356
     },
     "172840273141": {
      "maxRSS": 499420,
      "systemtime": 173650,
      "usertime": 4346389
     },
     "172840274210": {
      "maxRSS": 499676,
      "systemtime": 173650,
      "usertime": 4346400
     },
     "172840275352": {
      "maxRSS": 499932,
      "systemtime": 173650,
      "usertime": 4346427
     },
     "172840276462": {
      "maxRSS": 500188,
      "systemtime": 173650,
      "usertime": 4350448
     },
     "172840277543": {
      "maxRSS": 500444,
      "systemtime": 173650,
      "usertime": 4350464
     },
     "172840278629": {
      "maxRSS": 500700,
      "systemtime": 173650,
      "usertime": 4350483
     },
     "172840279730": {
      "maxRSS": 500828,
      "systemtime": 173650,
      "usertime": 4350519
     },
     "172840280840": {
      "maxRSS": 501084,
      "systemtime": 173650,
      "usertime": 4354549
     },
     "172840281968": {
      "maxRSS": 501340,
      "systemtime": 173650,
      "usertime": 4354595
     },
     "172840283066": {
      "maxRSS": 501596,
      "systemtime": 173650,
      "usertime": 4354621
     },
     "172840284176": {
      "maxRSS": 501852,
      "systemtime": 173650,
      "usertime": 4358654
     },
     "172840285299": {
      "maxRSS": 501980,
      "systemtime": 173650,
      "usertime": 4358680
     },
     "172840286407": {
      "maxRSS": 502236,
      "systemtime": 173650,
      "usertime": 4358723
     },
     "172840287490": {
      "maxRSS": 502492,
      "systemtime": 173650,
      "usertime": 4358743
     },
     "172840288574": {
      "maxRSS": 502748,
      "systemtime": 177582,
      "usertime": 4358833
     },
     "172840289658": {
      "maxRSS": 503004,
      "systemtime": 177582,
      "usertime": 4358850
     },
     "172840290733": {
      "maxRSS": 503132,
      "systemtime": 177583,
      "usertime": 4358864
     },
     "172840291822": {
      "maxRSS": 503388,
      "systemtime": 177584,
      "usertime": 4358883
     },
     "172840292948": {
      "maxRSS": 503644,
      "systemtime": 177584,
      "usertime": 4362920
     },
     "172840294049": {
      "maxRSS": 503900,
      "systemtime": 177584,
      "usertime": 4362938
     },
     "172840295123": {
      "maxRSS": 504156,
      "systemtime": 177585,
      "usertime": 4362952
     },
     "172840296198": {
      "maxRSS": 504284,
      "systemtime": 181595,
      "usertime": 4362952
     },
     "172840297303": {
      "maxRSS": 504540,
      "systemtime": 181622,
      "usertime": 4362966
     },
     "172840298379": {
      "maxRSS": 504796,
      "systemtime": 181622,
      "usertime": 4362983
     },
     "172840299458": {
      "maxRSS": 505052,
      "systemtime": 181623,
      "usertime": 4363000
     },
     "172840300598": {
      "maxRSS": 505308,
      "systemtime": 185660,
      "usertime": 4363013
     },
     "172840301675": {
      "maxRSS": 505564,
      "systemtime": 185660,
      "usertime": 4363028
     },
     "172840302744": {
      "maxRSS": 505820,
      "systemtime": 185661,
      "usertime": 4363037
     },
     "172840303818": {
      "maxRSS": 505948,
      "systemtime": 185661,
      "usertime": 4363050
     },
     "172840304929": {
      "maxRSS": 506204,
      "systemtime": 185661,
      "usertime": 4367058
     },
     "172840305998": {
      "maxRSS": 506460,
      "systemtime": 185661,
      "usertime": 4367068
     },
     "172840307101": {
      "maxRSS": 506716,
      "systemtime": 185662,
      "usertime": 4367104
     },
     "172840308182": {
      "maxRSS": 506972,
      "systemtime": 185662,
      "usertime": 4371124
     },
     "172840309307": {
      "maxRSS": 507228,
      "systemtime": 185662,
      "usertime": 4371142
     },
     "172840310398": {
      "maxRSS": 507484,
      "systemtime": 185663,
      "usertime": 4371161
     },
     "172840311500": {
      "maxRSS": 507612,
      "systemtime": 185664,
      "usertime": 4371180
     },
     "172840312588": {
      "maxRSS": 507868,
      "systemtime": 185664,
      "usertime": 4375204
     },
     "172840313754": {
      "maxRSS": 508124,
      "systemtime": 185665,
      "usertime": 4375243
     },
     "172840314867": {
      "maxRSS": 508380,
      "systemtime": 185666,
      "usertime": 4375262
     },
     "172840315950": {
      "maxRSS": 508636,
      "systemtime": 185666,
      "usertime": 4375275
     },
     "172840317063": {
      "maxRSS": 508892,
      "systemtime": 185666,
      "usertime": 4379289
     },
     "172840318168": {
      "maxRSS": 509148,
      "systemtime": 185666,
      "usertime": 4379302
     },
     "172840319274": {
      "maxRSS": 509404,
      "systemtime": 185666,
      "usertime": 4379315
     },
     "172840320390": {
      "maxRSS": 509660,
      "systemtime": 185666,
      "usertime": 4383334
     },
     "172840321494": {
      "maxRSS": 509916,
      "systemtime": 185666,
      "usertime": 4383345
     },
     "172840322599": {
      "maxRSS": 510172,
      "systemtime": 185667,
      "usertime": 4383358
     },
     "172840323740": {
      "maxRSS": 510428,
      "systemtime": 185668,
      "usertime": 4383393
     },
     "172840324829": {
      "maxRSS": 510684,
      "systemtime": 185668,
      "usertime": 4387418
     },
     "172840325948": {
      "maxRSS": 510812,
      "systemtime": 185669,
      "usertime": 4387442
     },
     "172840327037": {
      "maxRSS": 511068,
      "systemtime": 185670,
      "usertime": 4387463
     },
     "172840328132": {
      "maxRSS": 511452,
      "systemtime": 185670,
      "usertime": 4391506
     },
     "172840329220": {
      "maxRSS": 511708,
      "systemtime": 185671,
      "usertime": 4391526
     },
     "172840330341": {
      "maxRSS": 511836,
      "systemtime": 185672,
      "usertime": 4391550
     },
     "172840331458": {
      "maxRSS": 512092,
      "systemtime": 185673,
      "usertime": 4391573
     },
     "172840332564": {
      "maxRSS": 512348,
      "systemtime": 185673,
      "usertime": 4395580
     },
     "172840333650": {
      "maxRSS": 512604,
      "systemtime": 185673,
      "usertime": 4395596
     },
     "172840334754": {
      "maxRSS": 512860,
      "systemtime": 185674,
      "usertime": 4395633
     },
     "172840335827": {
      "maxRSS": 513116,
      "systemtime": 185674,
      "usertime": 4395648
     },
     "172840336936": {
      "maxRSS": 513372,
      "systemtime": 185674,
      "usertime": 4399660
     },
     "172840338050": {
      "maxRSS": 513628,
      "systemtime": 185674,
      "usertime": 4399678
     },
     "172840339168": {
      "maxRSS": 513884,
      "systemtime": 185675,
      "usertime": 4399696
     },
     "172840341255": {
      "maxRSS": 514268,
      "systemtime": 185675,
      "usertime": 4403713
     },
     "172840343379": {
      "maxRSS": 514780,
      "systemtime": 185676,
      "usertime": 4403764
     },
     "172840345539": {
      "maxRSS": 515164,
      "systemtime": 189710,
      "usertime": 4403764
     },
     "172840347654": {
      "maxRSS": 515676,
      "systemtime": 189713,
      "usertime": 4403778
     },
     "172840349753": {
      "maxRSS": 516060,
      "systemtime": 189713,
      "usertime": 4407790
     },
     "172840351878": {
      "maxRSS": 516572,
      "systemtime": 189713,
      "usertime": 4407816
     },
     "172840353985": {
      "maxRSS": 516956,
      "systemtime": 189713,
      "usertime": 4411840
     },
     "172840356092": {
      "maxRSS": 517468,
      "systemtime": 189713,
      "usertime": 4415876
     },
     "172840358174": {
      "maxRSS": 517980,
      "systemtime": 189713,
      "usertime": 4415895
     },
     "172840360259": {
      "maxRSS": 518364,
      "systemtime": 189713,
      "usertime": 4419914
     },
     "172840362372": {
      "maxRSS": 518876,
      "systemtime": 189713,
      "usertime": 4419932
     },
     "172840364448": {
      "maxRSS": 519388,
      "systemtime": 189713,
      "usertime": 4423950
     },
     "172840366535": {
      "maxRSS": 519772,
      "systemtime": 189714,
      "usertime": 4423972
     },
     "172840368652": {
      "maxRSS": 520284,
      "systemtime": 189714,
      "usertime": 4428007
     },
     "172840370798": {
      "maxRSS": 520796,
      "systemtime": 189716,
      "usertime": 4428054
     },
     "172840372931": {
      "maxRSS": 521180,
      "systemtime": 189716,
      "usertime": 4432074
     },
     "172840375024": {
      "maxRSS": 521692,
      "systemtime": 189716,
      "usertime": 4432093
     },
     "172840377179": {
      "maxRSS": 522076,
      "systemtime": 189716,
      "usertime": 4436120
     },
     "172840379299": {
      "maxRSS": 522460,
      "systemtime": 189717,
      "usertime": 4436149
     },
     "172840381430": {
      "maxRSS": 522972,
      "systemtime": 189717,
      "usertime": 4440183
     },
     "172840383553": {
      "maxRSS": 523484,
      "systemtime": 189718,
      "usertime": 4440228
     },
     "172840385663": {
      "maxRSS": 523868,
      "systemtime": 189718,
      "usertime": 4444266
     },
     "172840387754": {
      "maxRSS": 524380,
      "systemtime": 189719,
      "usertime": 4444290
     },
     "172840389838": {
      "maxRSS": 524764,
      "systemtime": 189719,
      "usertime": 4448310
     },
     "172840391933": {
      "maxRSS": 525276,
      "systemtime": 189720,
      "usertime": 4448333
     },
     "172840394057": {
      "maxRSS": 525788,
      "systemtime": 189720,
      "usertime": 4452364
     },
     "172840396153": {
      "maxRSS": 526172,
      "systemtime": 189720,
      "usertime": 4456401
     },
     "172840398231": {
      "maxRSS": 526684,
      "systemtime": 189720,
      "usertime": 4456418
     },
     "172840400401": {
      "maxRSS": 527068,
      "systemtime": 189720,
      "usertime": 4460448
     },
     "172840402501": {
      "maxRSS": 527452,
      "systemtime": 189721,
      "usertime": 4460476
     },
     "172840404628": {
      "maxRSS": 527964,
      "systemtime": 189721,
      "usertime": 4464505
     },
     "172840406702": {
      "maxRSS": 528348,
      "systemtime": 189721,
      "usertime": 4464520
     },
     "172840408844": {
      "maxRSS": 528860,
      "systemtime": 189722,
      "usertime": 4468558
     },
     "172840410967": {
      "maxRSS": 529372,
      "systemtime": 189722,
      "usertime": 4468578
     },
     "172840413053": {
      "maxRSS": 529884,
      "systemtime": 193756,
      "usertime": 4468578
     },
     "172840415138": {
      "maxRSS": 530268,
      "systemtime": 193760,
      "usertime": 4468598
     },
     "172840417241": {
      "maxRSS": 530652,
      "systemtime": 193760,
      "usertime": 4472614
     },
     "172840419328": {
      "maxRSS": 531164,
      "systemtime": 193760,
      "usertime": 4472637
     },
     "172840421414": {
      "maxRSS": 531676,
      "systemtime": 193762,
      "usertime": 4476710
     },
     "172840423560": {
      "maxRSS": 532060,
      "systemtime": 193763,
      "usertime": 4476753
     },
     "172840425650": {
      "maxRSS": 532572,
      "systemtime": 193763,
      "usertime": 4480709
     },
     "172840427731": {
      "maxRSS": 532956,
      "systemtime": 193763,
      "usertime": 4480726
     },
     "172840429823": {
      "maxRSS": 533468,
      "systemtime": 193763,
      "usertime": 4484747
     },
     "172840431907": {
      "maxRSS": 533852,
      "systemtime": 193763,
      "usertime": 4484771
     },
     "172840434066": {
      "maxRSS": 534364,
      "systemtime": 193763,
      "usertime": 4488798
     },
     "172840436163": {
      "maxRSS": 534748,
      "systemtime": 193763,
      "usertime": 4492836
     },
     "172840438236": {
      "maxRSS": 535260,
      "systemtime": 193763,
      "usertime": 4492849
     },
     "172840440312": {
      "maxRSS": 535644,
      "systemtime": 197798,
      "usertime": 4492850
     },
     "172840442421": {
      "maxRSS": 536156,
      "systemtime": 197800,
      "usertime": 4492889
     },
     "172840444532": {
      "maxRSS": 536540,
      "systemtime": 197800,
      "usertime": 4496905
     },
     "172840446661": {
      "maxRSS": 537052,
      "systemtime": 197800,
      "usertime": 4496935
     },
     "172840448810": {
      "maxRSS": 537436,
      "systemtime": 197801,
      "usertime": 4500996
     },
     "172840450901": {
      "maxRSS": 537820,
      "systemtime": 197802,
      "usertime": 4501021
     },
     "172840452989": {
      "maxRSS": 538332,
      "systemtime": 197802,
      "usertime": 4505039
     },
     "172840455122": {
      "maxRSS": 538716,
      "systemtime": 197803,
      "usertime": 4505066
     },
     "172840457237": {
      "maxRSS": 539228,
      "systemtime": 197803,
      "usertime": 4509086
     },
     "172840459364": {
      "maxRSS": 539612,
      "systemtime": 197803,
      "usertime": 4509110
     },
     "172840461488": {
      "maxRSS": 539996,
      "systemtime": 197804,
      "usertime": 4513161
     },
     "172840463574": {
      "maxRSS": 540508,
      "systemtime": 197805,
      "usertime": 4513185
     },
     "172840465702": {
      "maxRSS": 540892,
      "systemtime": 197805,
      "usertime": 4517206
     },
     "172840467826": {
      "maxRSS": 541276,
      "systemtime": 197805,
      "usertime": 4517230
     },
     "172840469945": {
      "maxRSS": 541788,
      "systemtime": 197805,
      "usertime": 4521253
     },
     "172840472036": {
      "maxRSS": 542300,
      "systemtime": 201823,
      "usertime": 4521253
     },
     "172840474120": {
      "maxRSS": 542684,
      "systemtime": 201841,
      "usertime": 4521255
     },
     "172840476216": {
      "maxRSS": 543068,
      "systemtime": 201841,
      "usertime": 4525286
     },
     "172840478291": {
      "maxRSS": 543580,
      "systemtime": 201842,
      "usertime": 4525301
     },
     "172840480364": {
      "maxRSS": 543964,
      "systemtime": 205852,
      "usertime": 4525301
     },
     "172840482441": {
      "maxRSS": 544476,
      "systemtime": 205868,
      "usertime": 4525301
     },
     "172840484549": {
      "maxRSS": 544860,
      "systemtime": 205878,
      "usertime": 4529332
     },
     "172840486660": {
      "maxRSS": 545244,
      "systemtime": 205879,
      "usertime": 4529357
     },
     "172840488797": {
      "maxRSS": 545756,
      "systemtime": 205880,
      "usertime": 4533408
     },
     "172840490880": {
      "maxRSS": 546268,
      "systemtime": 205881,
      "usertime": 4533427
     },
     "172840492959": {
      "maxRSS": 546652,
      "systemtime": 205881,
      "usertime": 4537441
     },
     "172840495048": {
      "maxRSS": 547164,
      "systemtime": 205881,
      "usertime": 4537463
     },
     "172840497152": {
      "maxRSS": 547676,
      "systemtime": 205881,
      "usertime": 4541501
     },
     "172840499239": {
      "maxRSS": 548060,
      "systemtime": 205882,
      "usertime": 4541521
     },
     "172840501361": {
      "maxRSS": 548572,
      "systemtime": 205882,
      "usertime": 4545567
     },
     "172840503465": {
      "maxRSS": 549084,
      "systemtime": 205884,
      "usertime": 4545598
     },
     "172840505666": {
      "maxRSS": 549468,
      "systemtime": 209911,
      "usertime": 4545598
     },
     "172840507796": {
      "maxRSS": 549980,
      "systemtime": 209921,
      "usertime": 4545613
     },
     "172840509886": {
      "maxRSS": 550364,
      "systemtime": 209921,
      "usertime": 4549639
     },
     "172840511971": {
      "maxRSS": 550876,
      "systemtime": 209922,
      "usertime": 4549663
     },
     "172840514136": {
      "maxRSS": 551388,
      "systemtime": 213779,
      "usertime": 4549873
     },
     "172840516224": {
      "maxRSS": 551772,
      "systemtime": 213779,
      "usertime": 4553897
     },
     "172840518352": {
      "maxRSS": 552284,
      "systemtime": 213780,
      "usertime": 4553932
     },
     "172840520439": {
      "maxRSS": 552284,
      "systemtime": 213780,
      "usertime": 4557955
     },
     "172840522525": {
      "maxRSS": 552284,
      "systemtime": 213781,
      "usertime": 4557979
     },
     "172840524627": {
      "maxRSS": 552284,
      "systemtime": 213804,
      "usertime": 4562501
     },
     "172840526171": {
      "maxRSS": 552284,
      "systemtime": 213879,
      "usertime": 4564114
     },
     "172840527258": {
      "maxRSS": 552284,
      "systemtime": 213880,
      "usertime": 4564138
     },
     "172840528339": {
      "maxRSS": 552284,
      "systemtime": 213880,
      "usertime": 4566004
     },
     "172840529425": {
      "maxRSS": 552284,
      "systemtime": 213880,
      "usertime": 4566023
     },
     "172840530507": {
      "maxRSS": 552284,
      "systemtime": 213880,
      "usertime": 4566041
     },
     "172840531589": {
      "maxRSS": 552284,
      "systemtime": 213880,
      "usertime": 4566059
     },
     "172840532680": {
      "maxRSS": 552284,
      "systemtime": 213880,
      "usertime": 4570100
     },
     "172840533794": {
      "maxRSS": 552284,
      "systemtime": 213880,
      "usertime": 4570147
     },
     "172840534916": {
      "maxRSS": 552284,
      "systemtime": 213880,
      "usertime": 4570203
     },
     "172840535995": {
      "maxRSS": 552284,
      "systemtime": 213880,
      "usertime": 4570221
     },
     "172840537123": {
      "maxRSS": 552284,
      "systemtime": 213880,
      "usertime": 4574238
     },
     "172840538194": {
      "maxRSS": 552284,
      "systemtime": 213880,
      "usertime": 4574250
     },
     "172840539262": {
      "maxRSS": 552284,
      "systemtime": 213880,
      "usertime": 4574259
     },
     "172840540361": {
      "maxRSS": 552284,
      "systemtime": 213880,
      "usertime": 4578299
     },
     "172840541457": {
      "maxRSS": 552284,
      "systemtime": 213880,
      "usertime": 4578335
     },
     "172840542599": {
      "maxRSS": 552284,
      "systemtime": 213880,
      "usertime": 4578368
     },
     "172840543686": {
      "maxRSS": 552284,
      "systemtime": 213880,
      "usertime": 4578389
     },
     "172840544790": {
      "maxRSS": 552284,
      "systemtime": 213880,
      "usertime": 4582427
     },
     "172840545869": {
      "maxRSS": 552284,
      "systemtime": 213880,
      "usertime": 4582445
     },
     "172840546995": {
      "maxRSS": 552284,
      "systemtime": 213880,
      "usertime": 4582510
     },
     "172840548038": {
      "maxRSS": 552284,
      "systemtime": 213880,
      "usertime": 4586542
     },
     "172840549182": {
      "maxRSS": 552284,
      "systemtime": 213880,
      "usertime": 4586584
     },
     "172840550287": {
      "maxRSS": 552284,
      "systemtime": 213880,
      "usertime": 4586615
     },
     "172840551382": {
      "maxRSS": 552284,
      "systemtime": 213880,
      "usertime": 4586641
     },
     "172840552493": {
      "maxRSS": 552284,
      "systemtime": 213880,
      "usertime": 4590667
     },
     "172840553628": {
      "maxRSS": 552284,
      "systemtime": 213880,
      "usertime": 4590722
     },
     "172840554784": {
      "maxRSS": 552284,
      "systemtime": 213880,
      "usertime": 4590748
     },
     "172840555905": {
      "maxRSS": 552284,
      "systemtime": 213880,
      "usertime": 4590774
     },
     "172840557007": {
      "maxRSS": 552284,
      "systemtime": 213880,
      "usertime": 4594789
     },
     "172840558099": {
      "maxRSS": 552284,
      "systemtime": 213880,
      "usertime": 4594810
     },
     "172840559194": {
      "maxRSS": 552284,
      "systemtime": 213880,
      "usertime": 4594837
     },
     "172840560276": {
      "maxRSS": 552284,
      "systemtime": 213880,
      "usertime": 4598861
     },
     "172840561382": {
      "maxRSS": 552284,
      "systemtime": 213880,
      "usertime": 4598902
     },
     "172840562460": {
      "maxRSS": 552284,
      "systemtime": 213880,
      "usertime": 4598918
     },
     "172840563550": {
      "maxRSS": 552284,
      "systemtime": 213880,
      "usertime": 4598933
     },
     "172840564674": {
      "maxRSS": 552284,
      "systemtime": 213880,
      "usertime": 4602979
     },
     "172840565767": {
      "maxRSS": 552284,
      "systemtime": 213880,
      "usertime": 4602996
     },
     "172840566851": {
      "maxRSS": 552284,
      "systemtime": 213880,
      "usertime": 4603020
     },
     "172840567987": {
      "maxRSS": 552284,
      "systemtime": 213880,
      "usertime": 4603088
     },
     "172840569076": {
      "maxRSS": 552284,
      "systemtime": 217488,
      "usertime": 4603499
     },
     "172840570153": {
      "maxRSS": 552284,
      "systemtime": 217489,
      "usertime": 4603517
     },
     "172840571236": {
      "maxRSS": 552284,
      "systemtime": 217489,
      "usertime": 4603535
     },
     "172840572318": {
      "maxRSS": 552284,
      "systemtime": 217490,
      "usertime": 4607571
     },
     "172840573392": {
      "maxRSS": 552284,
      "systemtime": 217490,
      "usertime": 4607583
     },
     "172840574493": {
      "maxRSS": 552284,
      "systemtime": 217492,
      "usertime": 4607623
     },
     "172840575577": {
      "maxRSS": 552284,
      "systemtime": 217493,
      "usertime": 4607641
     },
     "172840576662": {
      "maxRSS": 552284,
      "systemtime": 217493,
      "usertime": 4611643
     },
     "172840577734": {
      "maxRSS": 552284,
      "systemtime": 217493,
      "usertime": 4611656
     },
     "172840578877": {
      "maxRSS": 552284,
      "systemtime": 217493,
      "usertime": 4611674
     },
     "172840580029": {
      "maxRSS": 552284,
      "systemtime": 217493,
      "usertime": 4615690
     },
     "172840581188": {
      "maxRSS": 552284,
      "systemtime": 217495,
      "usertime": 4615730
     },
     "172840582324": {
      "maxRSS": 552284,
      "systemtime": 217496,
      "usertime": 4615768
     },
     "172840583417": {
      "maxRSS": 552284,
      "systemtime": 217497,
      "usertime": 4615790
     },
     "172840584497": {
      "maxRSS": 552284,
      "systemtime": 217498,
      "usertime": 4619818
     },
     "172840585595": {
      "maxRSS": 552284,
      "systemtime": 217498,
      "usertime": 4619839
     },
     "172840586678": {
      "maxRSS": 552284,
      "systemtime": 217499,
      "usertime": 4619860
     },
     "172840587764": {
      "maxRSS": 552284,
      "systemtime": 217500,
      "usertime": 4619877
     },
     "172840588880": {
      "maxRSS": 552284,
      "systemtime": 217501,
      "usertime": 4623911
     },
     "172840589959": {
      "maxRSS": 552284,
      "systemtime": 217501,
      "usertime": 4623926
     },
     "172840591037": {
      "maxRSS": 552284,
      "systemtime": 217502,
      "usertime": 4623942
     },
     "172840592115": {
      "maxRSS": 552284,
      "systemtime": 217502,
      "usertime": 4627961
     },
     "172840593221": {
      "maxRSS": 552284,
      "systemtime": 217502,
      "usertime": 4627978
     },
     "172840594362": {
      "maxRSS": 552284,
      "systemtime": 217503,
      "usertime": 4627998
     },
     "172840595498": {
      "maxRSS": 552284,
      "systemtime": 217505,
      "usertime": 4628040
     },
     "172840596607": {
      "maxRSS": 552284,
      "systemtime": 217505,
      "usertime": 4632057
     },
     "172840597679": {
      "maxRSS": 552284,
      "systemtime": 217505,
      "usertime": 4632070
     },
     "172840598749": {
      "maxRSS": 552284,
      "systemtime": 217506,
      "usertime": 4632081
     },
     "172840599863": {
      "maxRSS": 552284,
      "systemtime": 217507,
      "usertime": 4632101
     },
     "172840600985": {
      "maxRSS": 552284,
      "systemtime": 217507,
      "usertime": 4636129
     },
     "172840602130": {
      "maxRSS": 552284,
      "systemtime": 217509,
      "usertime": 4636179
     },
     "172840603201": {
      "maxRSS": 552284,
      "systemtime": 217510,
      "usertime": 4636190
     },
     "172840604275": {
      "maxRSS": 552284,
      "systemtime": 217510,
      "usertime": 4640198
     },
     "172840605377": {
      "maxRSS": 552284,
      "systemtime": 217510,
      "usertime": 4640210
     },
     "172840606484": {
      "maxRSS": 552284,
      "systemtime": 217510,
      "usertime": 4640224
     },
     "172840607591": {
      "maxRSS": 552284,
      "systemtime": 217511,
      "usertime": 4640236
     },
     "172840608722": {
      "maxRSS": 552284,
      "systemtime": 217511,
      "usertime": 4644270
     },
     "172840609836": {
      "maxRSS": 552284,
      "systemtime": 217512,
      "usertime": 4644290
     },
     "172840610939": {
      "maxRSS": 552284,
      "systemtime": 217512,
      "usertime": 4644301
     },
     "172840612061": {
      "maxRSS": 552284,
      "systemtime": 217512,
      "usertime": 4648309
     },
     "172840613127": {
      "maxRSS": 552284,
      "systemtime": 217512,
      "usertime": 4648318
     },
     "172840614228": {
      "maxRSS": 552284,
      "systemtime": 217512,
      "usertime": 4648327
     },
     "172840615310": {
      "maxRSS": 552284,
      "systemtime": 217513,
      "usertime": 4648342
     },
     "172840616425": {
      "maxRSS": 552284,
      "systemtime": 217514,
      "usertime": 4652394
     },
     "172840617549": {
      "maxRSS": 552284,
      "systemtime": 217515,
      "usertime": 4652420
     },
     "172840618657": {
      "maxRSS": 552284,
      "systemtime": 217516,
      "usertime": 4652434
     },
     "172840619754": {
      "maxRSS": 552284,
      "systemtime": 217516,
      "usertime": 4652442
     },
     "172840620862": {
      "maxRSS": 552284,
      "systemtime": 217516,
      "usertime": 4656451
     },
     "172840621965": {
      "maxRSS": 552284,
      "systemtime": 217516,
      "usertime": 4656469
     },
     "172840623076": {
      "maxRSS": 552284,
      "systemtime": 217518,
      "usertime": 4656509
     },
     "172840624146": {
      "maxRSS": 552284,
      "systemtime": 217518,
      "usertime": 4660521
     },
     "172840625264": {
      "maxRSS": 552284,
      "systemtime": 217518,
      "usertime": 4660536
     },
     "172840626370": {
      "maxRSS": 552284,
      "systemtime": 217519,
      "usertime": 4660550
     },
     "172840627470": {
      "maxRSS": 552284,
      "systemtime": 217519,
      "usertime": 4660557
     },
     "172840628574": {
      "maxRSS": 552284,
      "systemtime": 217519,
      "usertime": 4664567
     },
     "172840629705": {
      "maxRSS": 552284,
      "systemtime": 217520,
      "usertime": 4664600
     },
     "172840630786": {
      "maxRSS": 552284,
      "systemtime": 217520,
      "usertime": 4664615
     },
     "172840631907": {
      "maxRSS": 552284,
      "systemtime": 217522,
      "usertime": 4664646
     },
     "172840632988": {
      "maxRSS": 552284,
      "systemtime": 217522,
      "usertime": 4668664
     },
     "172840634132": {
      "maxRSS": 552284,
      "systemtime": 217523,
      "usertime": 4668703
     },
     "172840635263": {
      "maxRSS": 552284,
      "systemtime": 217525,
      "usertime": 4668744
     },
     "172840636359": {
      "maxRSS": 552412,
      "systemtime": 217526,
      "usertime": 4672780
     },
     "172840637463": {
      "maxRSS": 552412,
      "systemtime": 217526,
      "usertime": 4672791
     },
     "172840638566": {
      "maxRSS": 552412,
      "systemtime": 217527,
      "usertime": 4672803
     },
     "172840639670": {
      "maxRSS": 552412,
      "systemtime": 217527,
      "usertime": 4672815
     },
     "172840640780": {
      "maxRSS": 552412,
      "systemtime": 217527,
      "usertime": 4676826
     },
     "172840641894": {
      "maxRSS": 552412,
      "systemtime": 217527,
      "usertime": 4676844
     },
     "172840642999": {
      "maxRSS": 552412,
      "systemtime": 217528,
      "usertime": 4676860
     },
     "172840644050": {
      "maxRSS": 552412,
      "systemtime": 217529,
      "usertime": 4680902
     },
     "172840645152": {
      "maxRSS": 552412,
      "systemtime": 217529,
      "usertime": 4680911
     },
     "172840646251": {
      "maxRSS": 552412,
      "systemtime": 217530,
      "usertime": 4680926
     },
     "172840647362": {
      "maxRSS": 552412,
      "systemtime": 217531,
      "usertime": 4680946
     },
     "172840648507": {
      "maxRSS": 552412,
      "systemtime": 217531,
      "usertime": 4684970
     },
     "172840649635": {
      "maxRSS": 552412,
      "systemtime": 217533,
      "usertime": 4685019
     },
     "172840650828": {
      "maxRSS": 552412,
      "systemtime": 217536,
      "usertime": 4685098
     },
     "172840651939": {
      "maxRSS": 552412,
      "systemtime": 217538,
      "usertime": 4685132
     },
     "172840653035": {
      "maxRSS": 552412,
      "systemtime": 217538,
      "usertime": 4689160
     },
     "172840654122": {
      "maxRSS": 552412,
      "systemtime": 217539,
      "usertime": 4689187
     },
     "172840655204": {
      "maxRSS": 552412,
      "systemtime": 217540,
      "usertime": 4689205
     },
     "172840656355": {
      "maxRSS": 552412,
      "systemtime": 217542,
      "usertime": 4693269
     },
     "172840657449": {
      "maxRSS": 552412,
      "systemtime": 217543,
      "usertime": 4693300
     },
     "172840658546": {
      "maxRSS": 552412,
      "systemtime": 217544,
      "usertime": 4693328
     },
     "172840659641": {
      "maxRSS": 552412,
      "systemtime": 217545,
      "usertime": 4693351
     },
     "172840660739": {
      "maxRSS": 552412,
      "systemtime": 217545,
      "usertime": 4697366
     },
     "172840661839": {
      "maxRSS": 552412,
      "systemtime": 217546,
      "usertime": 4697388
     },
     "172840662952": {
      "maxRSS": 552412,
      "systemtime": 217548,
      "usertime": 4697433
     },
     "172840664035": {
      "maxRSS": 552412,
      "systemtime": 217550,
      "usertime": 4697489
     },
     "172840665119": {
      "maxRSS": 552412,
      "systemtime": 217551,
      "usertime": 4701524
     },
     "172840666224": {
      "maxRSS": 552412,
      "systemtime": 217552,
      "usertime": 4701555
     },
     "172840668348": {
      "maxRSS": 552412,
      "systemtime": 217552,
      "usertime": 4705558
     },
     "172840670437": {
      "maxRSS": 552412,
      "systemtime": 217552,
      "usertime": 4705587
     },
     "172840672539": {
      "maxRSS": 552412,
      "systemtime": 217552,
      "usertime": 4709606
     },
     "172840674630": {
      "maxRSS": 552412,
      "systemtime": 217553,
      "usertime": 4709629
     },
     "172840676735": {
      "maxRSS": 552412,
      "systemtime": 217555,
      "usertime": 4713695
     },
     "172840678821": {
      "maxRSS": 552412,
      "systemtime": 217556,
      "usertime": 4713718
     },
     "172840680926": {
      "maxRSS": 552412,
      "systemtime": 217556,
      "usertime": 4717722
     },
     "172840683046": {
      "maxRSS": 552412,
      "systemtime": 217556,
      "usertime": 4717755
     },
     "172840685142": {
      "maxRSS": 552412,
      "systemtime": 217556,
      "usertime": 4721786
     },
     "172840687248": {
      "maxRSS": 552412,
      "systemtime": 217558,
      "usertime": 4721822
     },
     "172840689345": {
      "maxRSS": 552412,
      "systemtime": 217558,
      "usertime": 4725851
     },
     "172840691435": {
      "maxRSS": 552412,
      "systemtime": 217559,
      "usertime": 4725873
     },
     "172840693522": {
      "maxRSS": 552412,
      "systemtime": 217559,
      "usertime": 4729894
     },
     "172840695623": {
      "maxRSS": 552412,
      "systemtime": 217560,
      "usertime": 4729915
     },
     "172840697721": {
      "maxRSS": 552412,
      "systemtime": 217560,
      "usertime": 4733949
     },
     "172840699816": {
      "maxRSS": 552412,
      "systemtime": 217561,
      "usertime": 4733978
     },
     "172840701924": {
      "maxRSS": 552412,
      "systemtime": 217563,
      "usertime": 4738048
     },
     "172840704023": {
      "maxRSS": 552412,
      "systemtime": 217563,
      "usertime": 4742039
     },
     "172840706109": {
      "maxRSS": 552412,
      "systemtime": 217563,
      "usertime": 4742058
     },
     "172840708196": {
      "maxRSS": 552412,
      "systemtime": 217563,
      "usertime": 4746082
     },
     "172840710277": {
      "maxRSS": 552412,
      "systemtime": 217563,
      "usertime": 4746104
     },
     "172840712364": {
      "maxRSS": 552412,
      "systemtime": 217563,
      "usertime": 4750122
     },
     "172840714495": {
      "maxRSS": 552412,
      "systemtime": 217565,
      "usertime": 4750183
     },
     "172840716652": {
      "maxRSS": 552412,
      "systemtime": 217565,
      "usertime": 4754201
     },
     "172840718738": {
      "maxRSS": 552412,
      "systemtime": 217566,
      "usertime": 4754221
     },
     "172840720854": {
      "maxRSS": 552412,
      "systemtime": 217566,
      "usertime": 4758257
     },
     "172840722965": {
      "maxRSS": 552412,
      "systemtime": 217567,
      "usertime": 4758276
     },
     "172840725084": {
      "maxRSS": 552412,
      "systemtime": 217567,
      "usertime": 4762288
     },
     "172840727202": {
      "maxRSS": 552412,
      "systemtime": 217567,
      "usertime": 4762312
     },
     "172840729315": {
      "maxRSS": 552412,
      "systemtime": 217567,
      "usertime": 4766349
     },
     "172840731437": {
      "maxRSS": 552412,
      "systemtime": 217569,
      "usertime": 4766373
     },
     "172840733590": {
      "maxRSS": 552412,
      "systemtime": 217569,
      "usertime": 4770421
     },
     "172840735702": {
      "maxRSS": 552412,
      "systemtime": 217570,
      "usertime": 4770445
     },
     "172840737781": {
      "maxRSS": 552412,
      "systemtime": 217570,
      "usertime": 4774458
     },
     "172840739868": {
      "maxRSS": 552412,
      "systemtime": 217571,
      "usertime": 4774481
     },
     "172840741974": {
      "maxRSS": 552412,
      "systemtime": 217571,
      "usertime": 4778518
     },
     "172840744058": {
      "maxRSS": 552412,
      "systemtime": 217572,
      "usertime": 4782574
     },
     "172840746169": {
      "maxRSS": 552412,
      "systemtime": 217574,
      "usertime": 4782610
     },
     "172840748263": {
      "maxRSS": 552412,
      "systemtime": 217574,
      "usertime": 4786609
     },
     "172840750393": {
      "maxRSS": 552412,
      "systemtime": 217574,
      "usertime": 4786646
     },
     "172840752515": {
      "maxRSS": 552412,
      "systemtime": 217574,
      "usertime": 4790668
     },
     "172840754649": {
      "maxRSS": 552412,
      "systemtime": 217576,
      "usertime": 4790714
     },
     "172840756741": {
      "maxRSS": 552412,
      "systemtime": 217576,
      "usertime": 4794724
     },
     "172840758857": {
      "maxRSS": 552412,
      "systemtime": 217576,
      "usertime": 4794742
     },
     "172840760938": {
      "maxRSS": 552412,
      "systemtime": 217579,
      "usertime": 4798827
     },
     "172840763026": {
      "maxRSS": 552412,
      "systemtime": 217580,
      "usertime": 4798854
     },
     "172840765149": {
      "maxRSS": 552412,
      "systemtime": 217580,
      "usertime": 4802816
     },
     "172840767297": {
      "maxRSS": 552412,
      "systemtime": 217580,
      "usertime": 4802870
     },
     "172840769383": {
      "maxRSS": 552412,
      "systemtime": 217580,
      "usertime": 4806911
     },
     "172840771502": {
      "maxRSS": 552412,
      "systemtime": 217581,
      "usertime": 4806934
     },
     "172840773588": {
      "maxRSS": 552412,
      "systemtime": 217581,
      "usertime": 4810933
     },
     "172840775719": {
      "maxRSS": 552412,
      "systemtime": 217581,
      "usertime": 4810963
     },
     "172840777823": {
      "maxRSS": 552412,
      "systemtime": 217582,
      "usertime": 4815015
     },
     "172840779919": {
      "maxRSS": 552412,
      "systemtime": 217583,
      "usertime": 4815044
     },
     "172840782053": {
      "maxRSS": 552412,
      "systemtime": 217586,
      "usertime": 4819129
     },
     "172840784152": {
      "maxRSS": 552412,
      "systemtime": 217586,
      "usertime": 4823149
     },
     "172840786263": {
      "maxRSS": 552412,
      "systemtime": 217587,
      "usertime": 4823180
     },
     "172840788352": {
      "maxRSS": 552412,
      "systemtime": 217587,
      "usertime": 4827188
     },
     "172840790441": {
      "maxRSS": 552412,
      "systemtime": 217587,
      "usertime": 4827213
     },
     "172840792536": {
      "maxRSS": 552412,
      "systemtime": 217587,
      "usertime": 4831237
     },
     "172840794687": {
      "maxRSS": 552412,
      "systemtime": 217590,
      "usertime": 4831320
     },
     "172840796783": {
      "maxRSS": 552412,
      "systemtime": 217590,
      "usertime": 4835344
     },
     "172840798889": {
      "maxRSS": 552412,
      "systemtime": 217591,
      "usertime": 4835366
     },
     "172840800984": {
      "maxRSS": 552412,
      "systemtime": 217591,
      "usertime": 4839406
     },
     "172840803067": {
      "maxRSS": 552412,
      "systemtime": 217592,
      "usertime": 4839428
     },
     "172840805175": {
      "maxRSS": 552412,
      "systemtime": 217592,
      "usertime": 4843449
     },
     "172840807287": {
      "maxRSS": 552412,
      "systemtime": 217594,
      "usertime": 4843496
     },
     "172840809380": {
      "maxRSS": 552412,
      "systemtime": 217594,
      "usertime": 4847513
     },
     "172840811469": {
      "maxRSS": 552412,
      "systemtime": 217595,
      "usertime": 4847537
     },
     "172840813556": {
      "maxRSS": 552412,
      "systemtime": 217595,
      "usertime": 4851559
     },
     "172840815649": {
      "maxRSS": 552412,
      "systemtime": 217596,
      "usertime": 4851586
     },
     "172840817747": {
      "maxRSS": 552412,
      "systemtime": 217596,
      "usertime": 4855626
     },
     "172840819870": {
      "maxRSS": 552412,
      "systemtime": 217598,
      "usertime": 4855675
     },
     "172840821953": {
      "maxRSS": 552412,
      "systemtime": 217598,
      "usertime": 4859691
     },
     "172840824026": {
      "maxRSS": 552412,
      "systemtime": 217598,
      "usertime": 4863705
     },
     "172840826123": {
      "maxRSS": 552412,
      "systemtime": 217598,
      "usertime": 4863727
     },
     "172840828207": {
      "maxRSS": 552412,
      "systemtime": 217598,
      "usertime": 4867746
     },
     "172840830315": {
      "maxRSS": 552412,
      "systemtime": 217599,
      "usertime": 4867787
     },
     "172840832406": {
      "maxRSS": 552412,
      "systemtime": 217599,
      "usertime": 4871812
     },
     "172840834564": {
      "maxRSS": 552412,
      "systemtime": 217601,
      "usertime": 4871865
     },
     "172840836649": {
      "maxRSS": 552412,
      "systemtime": 217601,
      "usertime": 4875892
     },
     "172840838732": {
      "maxRSS": 552412,
      "systemtime": 217602,
      "usertime": 4875913
     },
     "172840840855": {
      "maxRSS": 552412,
      "systemtime": 217602,
      "usertime": 4879938
     },
     "172840842989": {
      "maxRSS": 552412,
      "systemtime": 217603,
      "usertime": 4879961
     },
     "172840845079": {
      "maxRSS": 552412,
      "systemtime": 217603,
      "usertime": 4883987
     },
     "172840847191": {
      "maxRSS": 552412,
      "systemtime": 217605,
      "usertime": 4884028
     },
     "172840849306": {
      "maxRSS": 552412,
      "systemtime": 217605,
      "usertime": 4888046
     },
     "172840851389": {
      "maxRSS": 552412,
      "systemtime": 217605,
      "usertime": 4888067
     },
     "172840853480": {
      "maxRSS": 552412,
      "systemtime": 217605,
      "usertime": 4892093
     },
     "172840855568": {
      "maxRSS": 552412,
      "systemtime": 217606,
      "usertime": 4892116
     },
     "172840857655": {
      "maxRSS": 552412,
      "systemtime": 217606,
      "usertime": 4896140
     },
     "172840859775": {
      "maxRSS": 552412,
      "systemtime": 217608,
      "usertime": 4896184
     },
     "172840861859": {
      "maxRSS": 552412,
      "systemtime": 217608,
      "usertime": 4900209
     },
     "172840863982": {
      "maxRSS": 552412,
      "systemtime": 217609,
      "usertime": 4900253
     },
     "172840866081": {
      "maxRSS": 552412,
      "systemtime": 217609,
      "usertime": 4904282
     },
     "172840868178": {
      "maxRSS": 552412,
      "systemtime": 217609,
      "usertime": 4908312
     },
     "172840870290": {
      "maxRSS": 552412,
      "systemtime": 217611,
      "usertime": 4908338
     },
     "172840872422": {
      "maxRSS": 552412,
      "systemtime": 217611,
      "usertime": 4912383
     },
     "172840874510": {
      "maxRSS": 552412,
      "systemtime": 217612,
      "usertime": 4912402
     },
     "172840876590": {
      "maxRSS": 552412,
      "systemtime": 217612,
      "usertime": 4916434
     },
     "172840878684": {
      "maxRSS": 552412,
      "systemtime": 217613,
      "usertime": 4916455
     },
     "172840880772": {
      "maxRSS": 552412,
      "systemtime": 217613,
      "usertime": 4920471
     },
     "172840882855": {
      "maxRSS": 552412,
      "systemtime": 217613,
      "usertime": 4920492
     },
     "172840884942": {
      "maxRSS": 552412,
      "systemtime": 217613,
      "usertime": 4924513
     },
     "172840887062": {
      "maxRSS": 552412,
      "systemtime": 217615,
      "usertime": 4924555
     },
     "172840889146": {
      "maxRSS": 552412,
      "systemtime": 217615,
      "usertime": 4928573
     },
     "172840891237": {
      "maxRSS": 552412,
      "systemtime": 217615,
      "usertime": 4928596
     },
     "172840893326": {
      "maxRSS": 552412,
      "systemtime": 217615,
      "usertime": 4932625
     },
     "172840895435": {
      "maxRSS": 552412,
      "systemtime": 217616,
      "usertime": 4932647
     },
     "172840897523": {
      "maxRSS": 552412,
      "systemtime": 217616,
      "usertime": 4936681
     },
     "172840899638": {
      "maxRSS": 552412,
      "systemtime": 217618,
      "usertime": 4936727
     },
     "172840901736": {
      "maxRSS": 552412,
      "systemtime": 217618,
      "usertime": 4940749
     },
     "172840903823": {
      "maxRSS": 552412,
      "systemtime": 217619,
      "usertime": 4940773
     },
     "172840905905": {
      "maxRSS": 552412,
      "systemtime": 217619,
      "usertime": 4944790
     },
     "172840907984": {
      "maxRSS": 552412,
      "systemtime": 217619,
      "usertime": 4944806
     },
     "172840910104": {
      "maxRSS": 552412,
      "systemtime": 217619,
      "usertime": 4948825
     },
     "172840912236": {
      "maxRSS": 552412,
      "systemtime": 217620,
      "usertime": 4952891
     },
     "172840914327": {
      "maxRSS": 552412,
      "systemtime": 217621,
      "usertime": 4952913
     },
     "172840916419": {
      "maxRSS": 552412,
      "systemtime": 217622,
      "usertime": 4956965
     },
     "172840918553": {
      "maxRSS": 552412,
      "systemtime": 217624,
      "usertime": 4956995
     },
     "172840920644": {
      "maxRSS": 552412,
      "systemtime": 217624,
      "usertime": 4961008
     },
     "172840922748": {
      "maxRSS": 552412,
      "systemtime": 217624,
      "usertime": 4961029
     },
     "172840924866": {
      "maxRSS": 552412,
      "systemtime": 217624,
      "usertime": 4965060
     },
     "172840926987": {
      "maxRSS": 552412,
      "systemtime": 217625,
      "usertime": 4965085
     },
     "172840929077": {
      "maxRSS": 552412,
      "systemtime": 217625,
      "usertime": 4969100
     },
     "172840931157": {
      "maxRSS": 552412,
      "systemtime": 217625,
      "usertime": 4969116
     },
     "172840933268": {
      "maxRSS": 552412,
      "systemtime": 217625,
      "usertime": 4973145
     },
     "172840935389": {
      "maxRSS": 552412,
      "systemtime": 217626,
      "usertime": 4973172
     },
     "172840939501": {
      "maxRSS": 552412,
      "systemtime": 217627,
      "usertime": 4977217
     },
     "172840943621": {
      "maxRSS": 552412,
      "systemtime": 217628,
      "usertime": 4981266
     },
     "172840947718": {
      "maxRSS": 552412,
      "systemtime": 217628,
      "usertime": 4985300
     },
     "172840951814": {
      "maxRSS": 552412,
      "systemtime": 217628,
      "usertime": 4989336
     },
     "172840955930": {
      "maxRSS": 552412,
      "systemtime": 217628,
      "usertime": 4993364
     },
     "172840960036": {
      "maxRSS": 552412,
      "systemtime": 217628,
      "usertime": 5001395
     },
     "172840964131": {
      "maxRSS": 552412,
      "systemtime": 217629,
      "usertime": 5005471
     },
     "172840968251": {
      "maxRSS": 552412,
      "systemtime": 217629,
      "usertime": 5009476
     },
     "172840972341": {
      "maxRSS": 552412,
      "systemtime": 217629,
      "usertime": 5013500
     },
     "172840976453": {
      "maxRSS": 552412,
      "systemtime": 217629,
      "usertime": 5017544
     },
     "172840980577": {
      "maxRSS": 552412,
      "systemtime": 217629,
      "usertime": 5021581
     },
     "172840984697": {
      "maxRSS": 552412,
      "systemtime": 217629,
      "usertime": 5025616
     },
     "172840988818": {
      "maxRSS": 552412,
      "systemtime": 217629,
      "usertime": 5029660
     },
     "172840992989": {
      "maxRSS": 552412,
      "systemtime": 217632,
      "usertime": 5033761
     },
     "172840997105": {
      "maxRSS": 552412,
      "systemtime": 217633,
      "usertime": 5037809
     },
     "172841001212": {
      "maxRSS": 552412,
      "systemtime": 217637,
      "usertime": 5041940
     },
     "172841005333": {
      "maxRSS": 552412,
      "systemtime": 217637,
      "usertime": 5045889
     },
     "172841009475": {
      "maxRSS": 552412,
      "systemtime": 217696,
      "usertime": 5051358
     },
     "172841013608": {
      "maxRSS": 552412,
      "systemtime": 217772,
      "usertime": 5053875
     },
     "172841014846": {
      "maxRSS": 552412,
      "systemtime": 217772,
      "usertime": 5056745
     },
     "172841015952": {
      "maxRSS": 552412,
      "systemtime": 217772,
      "usertime": 5056778
     },
     "172841017060": {
      "maxRSS": 552412,
      "systemtime": 217772,
      "usertime": 5058010
     },
     "172841018162": {
      "maxRSS": 552412,
      "systemtime": 217772,
      "usertime": 5058039
     },
     "172841018234": {
      "maxRSS": 552412,
      "systemtime": 217772,
      "usertime": 5060232
     },
     "172841019316": {
      "maxRSS": 552412,
      "systemtime": 217772,
      "usertime": 5060251
     },
     "172841020434": {
      "maxRSS": 552412,
      "systemtime": 217772,
      "usertime": 5062140
     },
     "172841021537": {
      "maxRSS": 552412,
      "systemtime": 217772,
      "usertime": 5062166
     },
     "172841022657": {
      "maxRSS": 552412,
      "systemtime": 217772,
      "usertime": 5062201
     },
     "172841023748": {
      "maxRSS": 552412,
      "systemtime": 217772,
      "usertime": 5062225
     },
     "172841024864": {
      "maxRSS": 552412,
      "systemtime": 217772,
      "usertime": 5066284
     },
     "172841025981": {
      "maxRSS": 552412,
      "systemtime": 217772,
      "usertime": 5066313
     },
     "172841027062": {
      "maxRSS": 552412,
      "systemtime": 217772,
      "usertime": 5066336
     },
     "172841028164": {
      "maxRSS": 552412,
      "systemtime": 217772,
      "usertime": 5070335
     },
     "172841029268": {
      "maxRSS": 552412,
      "systemtime": 217772,
      "usertime": 5070371
     },
     "172841030371": {
      "maxRSS": 552412,
      "systemtime": 217772,
      "usertime": 5070395
     },
     "172841031470": {
      "maxRSS": 552412,
      "systemtime": 217772,
      "usertime": 5070424
     },
     "172841032566": {
      "maxRSS": 552412,
      "systemtime": 217772,
      "usertime": 5074454
     },
     "172841033680": {
      "maxRSS": 552412,
      "systemtime": 217772,
      "usertime": 5074487
     },
     "172841034813": {
      "maxRSS": 552412,
      "systemtime": 217772,
      "usertime": 5074553
     },
     "172841035921": {
      "maxRSS": 552412,
      "systemtime": 217772,
      "usertime": 5074579
     },
     "172841037009": {
      "maxRSS": 552412,
      "systemtime": 217772,
      "usertime": 5078610
     },
     "172841038098": {
      "maxRSS": 552412,
      "systemtime": 217772,
      "usertime": 5078634
     },
     "172841039187": {
      "maxRSS": 552412,
      "systemtime": 217772,
      "usertime": 5078657
     },
     "172841040324": {
      "maxRSS": 552412,
      "systemtime": 217772,
      "usertime": 5082670
     },
     "172841041455": {
      "maxRSS": 552412,
      "systemtime": 217772,
      "usertime": 5082721
     },
     "172841042566": {
      "maxRSS": 552412,
      "systemtime": 217772,
      "usertime": 5082752
     },
     "172841043680": {
      "maxRSS": 552412,
      "systemtime": 217772,
      "usertime": 5082777
     },
     "172841044799": {
      "maxRSS": 552412,
      "systemtime": 217772,
      "usertime": 5086863
     },
     "172841045925": {
      "maxRSS": 552412,
      "systemtime": 217772,
      "usertime": 5086892
     },
     "172841047029": {
      "maxRSS": 552412,
      "systemtime": 217772,
      "usertime": 5086904
     },
     "172841048128": {
      "maxRSS": 552412,
      "systemtime": 217772,
      "usertime": 5090881
     },
     "172841049248": {
      "maxRSS": 552412,
      "systemtime": 217772,
      "usertime": 5090899
     },
     "172841050340": {
      "maxRSS": 552412,
      "systemtime": 217772,
      "usertime": 5090924
     },
     "172841051421": {
      "maxRSS": 552412,
      "systemtime": 217772,
      "usertime": 5090942
     },
     "172841052496": {
      "maxRSS": 552412,
      "systemtime": 217772,
      "usertime": 5094954
     },
     "172841053572": {
      "maxRSS": 552412,
      "systemtime": 217772,
      "usertime": 5094969
     },
     "172841054645": {
      "maxRSS": 552540,
      "systemtime": 217772,
      "usertime": 5094984
     },
     "172841055733": {
      "maxRSS": 552796,
      "systemtime": 217772,
      "usertime": 5095014
     },
     "172841056806": {
      "maxRSS": 553052,
      "systemtime": 217772,
      "usertime": 5099020
     },
     "172841057878": {
      "maxRSS": 553180,
      "systemtime": 217772,
      "usertime": 5099033
     },
     "172841058962": {
      "maxRSS": 553436,
      "systemtime": 217772,
      "usertime": 5099052
     },
     "172841060030": {
      "maxRSS": 553692,
      "systemtime": 217772,
      "usertime": 5103070
     },
     "172841061106": {
      "maxRSS": 553948,
      "systemtime": 217772,
      "usertime": 5103083
     },
     "172841062207": {
      "maxRSS": 554204,
      "systemtime": 217772,
      "usertime": 5103118
     },
     "172841063290": {
      "maxRSS": 554332,
      "systemtime": 217772,
      "usertime": 5103135
     },
     "172841064379": {
      "maxRSS": 554588,
      "systemtime": 217772,
      "usertime": 5107162
     },
     "172841065464": {
      "maxRSS": 554844,
      "systemtime": 217772,
      "usertime": 5107184
     },
     "172841066549": {
      "maxRSS": 555100,
      "systemtime": 217772,
      "usertime": 5107204
     },
     "172841067665": {
      "maxRSS": 555228,
      "systemtime": 217772,
      "usertime": 5107226
     },
     "172841068767": {
      "maxRSS": 555484,
      "systemtime": 217772,
      "usertime": 5111257
     },
     "172841069854": {
      "maxRSS": 555740,
      "systemtime": 217772,
      "usertime": 5111275
     },
     "172841071007": {
      "maxRSS": 555996,
      "systemtime": 217772,
      "usertime": 5111295
     },
     "172841072083": {
      "maxRSS": 556252,
      "systemtime": 217772,
      "usertime": 5115312
     },
     "172841073158": {
      "maxRSS": 556508,
      "systemtime": 217772,
      "usertime": 5115328
     },
     "172841074305": {
      "maxRSS": 556764,
      "systemtime": 217772,
      "usertime": 5115353
     },
     "172841075446": {
      "maxRSS": 556892,
      "systemtime": 217772,
      "usertime": 5115398
     },
     "172841076525": {
      "maxRSS": 557148,
      "systemtime": 217772,
      "usertime": 5119416
     },
     "172841077631": {
      "maxRSS": 557404,
      "systemtime": 217772,
      "usertime": 5119430
     },
     "172841078727": {
      "maxRSS": 557660,
      "systemtime": 217772,
      "usertime": 5119444
     },
     "172841079849": {
      "maxRSS": 557788,
      "systemtime": 217772,
      "usertime": 5119466
     },
     "172841080975": {
      "maxRSS": 558044,
      "systemtime": 217772,
      "usertime": 5123500
     },
     "172841082055": {
      "maxRSS": 558172,
      "systemtime": 217772,
      "usertime": 5123518
     },
     "172841083182": {
      "maxRSS": 558428,
      "systemtime": 217772,
      "usertime": 5123575
     },
     "172841084266": {
      "maxRSS": 558684,
      "systemtime": 217772,
      "usertime": 5127589
     },
     "172841085347": {
      "maxRSS": 558940,
      "systemtime": 217772,
      "usertime": 5127606
     },
     "172841086421": {
      "maxRSS": 559068,
      "systemtime": 217772,
      "usertime": 5127620
     },
     "172841087491": {
      "maxRSS": 559324,
      "systemtime": 217772,
      "usertime": 5127631
     },
     "172841088599": {
      "maxRSS": 559580,
      "systemtime": 217772,
      "usertime": 5131645
     },
     "172841089736": {
      "maxRSS": 559836,
      "systemtime": 217772,
      "usertime": 5131689
     },
     "172841090871": {
      "maxRSS": 560092,
      "systemtime": 217772,
      "usertime": 5131711
     },
     "172841091950": {
      "maxRSS": 560348,
      "systemtime": 217772,
      "usertime": 5131727
     },
     "172841093024": {
      "maxRSS": 560476,
      "systemtime": 217772,
      "usertime": 5135738
     },
     "172841094103": {
      "maxRSS": 560732,
      "systemtime": 217772,
      "usertime": 5135752
     },
     "172841095194": {
      "maxRSS": 560988,
      "systemtime": 217772,
      "usertime": 5135772
     },
     "172841096291": {
      "maxRSS": 561116,
      "systemtime": 221721,
      "usertime": 5135880
     },
     "172841097401": {
      "maxRSS": 561372,
      "systemtime": 221722,
      "usertime": 5135896
     },
     "172841098476": {
      "maxRSS": 561628,
      "systemtime": 221723,
      "usertime": 5135912
     },
     "172841099561": {
      "maxRSS": 561884,
      "systemtime": 221723,
      "usertime": 5135928
     },
     "172841100653": {
      "maxRSS": 562012,
      "systemtime": 225735,
      "usertime": 5135928
     },
     "172841101734": {
      "maxRSS": 562268,
      "systemtime": 225753,
      "usertime": 5135928
     },
     "172841102834": {
      "maxRSS": 562524,
      "systemtime": 225756,
      "usertime": 5135955
     },
     "172841103933": {
      "maxRSS": 562780,
      "systemtime": 225757,
      "usertime": 5135987
     },
     "172841105013": {
      "maxRSS": 563036,
      "systemtime": 225757,
      "usertime": 5139988
     },
     "172841106094": {
      "maxRSS": 563164,
      "systemtime": 225757,
      "usertime": 5140004
     },
     "172841107176": {
      "maxRSS": 563420,
      "systemtime": 225757,
      "usertime": 5140021
     },
     "172841108259": {
      "maxRSS": 563676,
      "systemtime": 225757,
      "usertime": 5144037
     },
     "172841109370": {
      "maxRSS": 563932,
      "systemtime": 225757,
      "usertime": 5144053
     },
     "172841110481": {
      "maxRSS": 564316,
      "systemtime": 225759,
      "usertime": 5144085
     },
     "172841111564": {
      "maxRSS": 564444,
      "systemtime": 225759,
      "usertime": 5144102
     },
     "172841112680": {
      "maxRSS": 564700,
      "systemtime": 225761,
      "usertime": 5148164
     },
     "172841113796": {
      "maxRSS": 564956,
      "systemtime": 225762,
      "usertime": 5148184
     },
     "172841114867": {
      "maxRSS": 565212,
      "systemtime": 225762,
      "usertime": 5148197
     },
     "172841115972": {
      "maxRSS": 565340,
      "systemtime": 225763,
      "usertime": 5148207
     },
     "172841117108": {
      "maxRSS": 565596,
      "systemtime": 225763,
      "usertime": 5152244
     },
     "172841118183": {
      "maxRSS": 565852,
      "systemtime": 225764,
      "usertime": 5152260
     },
     "172841119255": {
      "maxRSS": 566108,
      "systemtime": 225764,
      "usertime": 5152272
     },
     "172841120329": {
      "maxRSS": 566364,
      "systemtime": 225764,
      "usertime": 5156276
     },
     "172841121469": {
      "maxRSS": 566620,
      "systemtime": 225764,
      "usertime": 5156303
     },
     "172841122550": {
      "maxRSS": 566748,
      "systemtime": 225765,
      "usertime": 5156319
     },
     "172841123655": {
      "maxRSS": 567004,
      "systemtime": 225767,
      "usertime": 5156363
     },
     "172841124744": {
      "maxRSS": 567260,
      "systemtime": 225767,
      "usertime": 5160379
     },
     "172841125836": {
      "maxRSS": 567516,
      "systemtime": 225767,
      "usertime": 5160407
     },
     "172841126956": {
      "maxRSS": 567644,
      "systemtime": 225769,
      "usertime": 5160439
     },
     "172841128030": {
      "maxRSS": 567900,
      "systemtime": 225769,
      "usertime": 5164464
     },
     "172841129106": {
      "maxRSS": 568156,
      "systemtime": 225769,
      "usertime": 5164479
     },
     "172841130214": {
      "maxRSS": 568412,
      "systemtime": 225771,
      "usertime": 5164521
     },
     "172841131303": {
      "maxRSS": 568668,
      "systemtime": 225772,
      "usertime": 5164556
     },
     "172841132431": {
      "maxRSS": 568924,
      "systemtime": 225772,
      "usertime": 5168575
     },
     "172841133521": {
      "maxRSS": 569180,
      "systemtime": 225773,
      "usertime": 5168598
     },
     "172841134640": {
      "maxRSS": 569436,
      "systemtime": 225774,
      "usertime": 5168619
     },
     "172841135735": {
      "maxRSS": 569564,
      "systemtime": 225775,
      "usertime": 5168637
     },
     "172841136861": {
      "maxRSS": 569820,
      "systemtime": 229790,
      "usertime": 5168637
     },
     "172841137990": {
      "maxRSS": 570076,
      "systemtime": 229807,
      "usertime": 5168659
     },
     "172841139096": {
      "maxRSS": 570332,
      "systemtime": 229808,
      "usertime": 5168675
     },
     "172841140168": {
      "maxRSS": 570588,
      "systemtime": 229808,
      "usertime": 5172686
     },
     "172841141257": {
      "maxRSS": 570844,
      "systemtime": 229808,
      "usertime": 5172698
     },
     "172841142352": {
      "maxRSS": 571100,
      "systemtime": 229808,
      "usertime": 5172714
     },
     "172841143430": {
      "maxRSS": 571228,
      "systemtime": 229809,
      "usertime": 5172731
     },
     "172841144560": {
      "maxRSS": 571484,
      "systemtime": 229809,
      "usertime": 5176763
     },
     "172841145667": {
      "maxRSS": 571740,
      "systemtime": 229810,
      "usertime": 5176776
     },
     "172841146770": {
      "maxRSS": 571996,
      "systemtime": 229810,
      "usertime": 5176786
     },
     "172841147884": {
      "maxRSS": 572252,
      "systemtime": 229811,
      "usertime": 5176805
     },
     "172841149020": {
      "maxRSS": 572508,
      "systemtime": 229811,
      "usertime": 5180835
     },
     "172841150130": {
      "maxRSS": 572636,
      "systemtime": 229812,
      "usertime": 5180860
     },
     "172841151233": {
      "maxRSS": 572892,
      "systemtime": 229814,
      "usertime": 5180897
     },
     "172841152308": {
      "maxRSS": 573148,
      "systemtime": 233845,
      "usertime": 5180897
     },
     "172841153394": {
      "maxRSS": 573404,
      "systemtime": 233846,
      "usertime": 5180913
     },
     "172841154467": {
      "maxRSS": 573532,
      "systemtime": 233847,
      "usertime": 5180926
     },
     "172841155546": {
      "maxRSS": 573788,
      "systemtime": 233847,
      "usertime": 5180940
     },
     "172841156640": {
      "maxRSS": 574044,
      "systemtime": 233847,
      "usertime": 5184959
     },
     "172841157741": {
      "maxRSS": 574300,
      "systemtime": 233848,
      "usertime": 5184992
     },
     "172841159842": {
      "maxRSS": 574684,
      "systemtime": 233849,
      "usertime": 5185013
     },
     "172841161936": {
      "maxRSS": 575196,
      "systemtime": 233849,
      "usertime": 5189038
     },
     "172841164071": {
      "maxRSS": 575580,
      "systemtime": 237882,
      "usertime": 5189053
     },
     "172841166186": {
      "maxRSS": 575964,
      "systemtime": 237883,
      "usertime": 5189087
     },
     "172841168293": {
      "maxRSS": 576476,
      "systemtime": 237883,
      "usertime": 5193102
     },
     "172841170393": {
      "maxRSS": 576860,
      "systemtime": 237883,
      "usertime": 5193122
     },
     "172841172526": {
      "maxRSS": 577372,
      "systemtime": 237885,
      "usertime": 5197188
     },
     "172841174664": {
      "maxRSS": 577756,
      "systemtime": 237886,
      "usertime": 5197217
     },
     "172841176750": {
      "maxRSS": 578268,
      "systemtime": 237886,
      "usertime": 5201243
     },
     "172841178831": {
      "maxRSS": 578780,
      "systemtime": 237887,
      "usertime": 5201261
     },
     "172841180916": {
      "maxRSS": 579164,
      "systemtime": 237887,
      "usertime": 5205278
     },
     "172841183006": {
      "maxRSS": 579548,
      "systemtime": 237887,
      "usertime": 5205302
     },
     "172841185115": {
      "maxRSS": 580060,
      "systemtime": 237888,
      "usertime": 5209347
     },
     "172841187234": {
      "maxRSS": 580572,
      "systemtime": 237889,
      "usertime": 5209368
     },
     "172841189352": {
      "maxRSS": 580956,
      "systemtime": 237889,
      "usertime": 5213390
     },
     "172841191452": {
      "maxRSS": 581468,
      "systemtime": 237889,
      "usertime": 5213413
     },
     "172841193537": {
      "maxRSS": 581852,
      "systemtime": 237889,
      "usertime": 5217436
     },
     "172841195626": {
      "maxRSS": 582236,
      "systemtime": 237890,
      "usertime": 5217459
     },
     "172841197751": {
      "maxRSS": 582748,
      "systemtime": 241923,
      "usertime": 5217491
     },
     "172841199849": {
      "maxRSS": 583132,
      "systemtime": 241925,
      "usertime": 5217516
     },
     "172841201978": {
      "maxRSS": 583516,
      "systemtime": 241925,
      "usertime": 5221539
     },
     "172841204061": {
      "maxRSS": 584028,
      "systemtime": 241925,
      "usertime": 5225552
     },
     "172841206147": {
      "maxRSS": 584412,
      "systemtime": 241925,
      "usertime": 5225571
     },
     "172841208234": {
      "maxRSS": 584796,
      "systemtime": 241925,
      "usertime": 5229601
     },
     "172841210360": {
      "maxRSS": 585308,
      "systemtime": 241926,
      "usertime": 5229634
     },
     "172841212449": {
      "maxRSS": 585820,
      "systemtime": 241926,
      "usertime": 5233649
     },
     "172841214540": {
      "maxRSS": 586204,
      "systemtime": 241926,
      "usertime": 5233674
     },
     "172841216639": {
      "maxRSS": 586588,
      "systemtime": 241927,
      "usertime": 5237731
     },
     "172841218801": {
      "maxRSS": 586972,
      "systemtime": 241929,
      "usertime": 5237766
     },
     "172841220927": {
      "maxRSS": 587484,
      "systemtime": 241929,
      "usertime": 5241798
     },
     "172841223029": {
      "maxRSS": 587868,
      "systemtime": 241930,
      "usertime": 5241826
     },
     "172841225143": {
      "maxRSS": 588380,
      "systemtime": 241931,
      "usertime": 5245872
     },
     "172841227233": {
      "maxRSS": 588892,
      "systemtime": 241932,
      "usertime": 5245896
     },
     "172841229316": {
      "maxRSS": 589276,
      "systemtime": 241932,
      "usertime": 5249913
     },
     "172841231432": {
      "maxRSS": 589660,
      "systemtime": 241932,
      "usertime": 5249931
     },
     "172841233548": {
      "maxRSS": 590044,
      "systemtime": 241932,
      "usertime": 5253977
     },
     "172841235633": {
      "maxRSS": 590556,
      "systemtime": 241933,
      "usertime": 5253997
     },
     "172841237738": {
      "maxRSS": 590940,
      "systemtime": 241933,
      "usertime": 5258031
     },
     "172841239821": {
      "maxRSS": 591324,
      "systemtime": 241934,
      "usertime": 5258049
     },
     "172841241939": {
      "maxRSS": 591836,
      "systemtime": 241934,
      "usertime": 5262065
     },
     "172841244031": {
      "maxRSS": 592220,
      "systemtime": 241934,
      "usertime": 5266080
     },
     "172841246119": {
      "maxRSS": 592604,
      "systemtime": 241934,
      "usertime": 5266096
     },
     "172841248210": {
      "maxRSS": 593116,
      "systemtime": 241934,
      "usertime": 5270126
     },
     "172841250322": {
      "maxRSS": 593500,
      "systemtime": 241935,
      "usertime": 5270168
     },
     "172841252409": {
      "maxRSS": 593884,
      "systemtime": 241935,
      "usertime": 5274184
     },
     "172841254491": {
      "maxRSS": 594396,
      "systemtime": 241935,
      "usertime": 5274203
     },
     "172841256581": {
      "maxRSS": 594780,
      "systemtime": 241935,
      "usertime": 5278225
     },
     "172841258675": {
      "maxRSS": 595292,
      "systemtime": 241936,
      "usertime": 5278249
     },
     "172841260770": {
      "maxRSS": 595676,
      "systemtime": 241936,
      "usertime": 5282276
     },
     "172841262883": {
      "maxRSS": 596188,
      "systemtime": 241938,
      "usertime": 5282314
     },
     "172841264984": {
      "maxRSS": 596572,
      "systemtime": 241938,
      "usertime": 5286340
     },
     "172841267079": {
      "maxRSS": 597084,
      "systemtime": 241939,
      "usertime": 5286370
     },
     "172841269174": {
      "maxRSS": 597468,
      "systemtime": 241939,
      "usertime": 5290399
     },
     "172841271252": {
      "maxRSS": 597852,
      "systemtime": 241939,
      "usertime": 5290417
     },
     "172841273338": {
      "maxRSS": 598364,
      "systemtime": 241939,
      "usertime": 5294432
     },
     "172841275447": {
      "maxRSS": 598748,
      "systemtime": 241940,
      "usertime": 5294473
     },
     "172841277558": {
      "maxRSS": 599260,
      "systemtime": 241941,
      "usertime": 5298518
     },
     "172841279647": {
      "maxRSS": 599644,
      "systemtime": 241942,
      "usertime": 5298540
     },
     "172841281856": {
      "maxRSS": 600156,
      "systemtime": 241944,
      "usertime": 5302619
     },
     "172841283981": {
      "maxRSS": 600668,
      "systemtime": 241945,
      "usertime": 5302637
     },
     "172841286066": {
      "maxRSS": 601052,
      "systemtime": 241945,
      "usertime": 5306651
     },
     "172841288143": {
      "maxRSS": 601564,
      "systemtime": 245976,
      "usertime": 5306651
     },
     "172841290248": {
      "maxRSS": 601948,
      "systemtime": 245978,
      "usertime": 5306690
     },
     "172841292335": {
      "maxRSS": 602332,
      "systemtime": 245978,
      "usertime": 5310698
     },
     "172841294446": {
      "maxRSS": 602844,
      "systemtime": 245978,
      "usertime": 5310722
     },
     "172841296541": {
      "maxRSS": 603228,
      "systemtime": 245979,
      "usertime": 5314764
     },
     "172841298630": {
      "maxRSS": 603740,
      "systemtime": 245979,
      "usertime": 5314779
     },
     "172841300706": {
      "maxRSS": 604124,
      "systemtime": 245979,
      "usertime": 5318769
     },
     "172841302838": {
      "maxRSS": 604636,
      "systemtime": 245979,
      "usertime": 5318806
     },
     "172841304917": {
      "maxRSS": 605020,
      "systemtime": 250000,
      "usertime": 5318806
     },
     "172841307007": {
      "maxRSS": 605532,
      "systemtime": 250012,
      "usertime": 5318814
     },
     "172841309091": {
      "maxRSS": 605916,
      "systemtime": 250012,
      "usertime": 5322831
     },
     "172841311180": {
      "maxRSS": 606428,
      "systemtime": 250012,
      "usertime": 5322849
     },
     "172841313261": {
      "maxRSS": 606812,
      "systemtime": 254039,
      "usertime": 5322849
     },
     "172841315428": {
      "maxRSS": 607068,
      "systemtime": 254047,
      "usertime": 5322908
     },
     "172841317513": {
      "maxRSS": 607068,
      "systemtime": 254047,
      "usertime": 5326923
     },
     "172841319631": {
      "maxRSS": 607068,
      "systemtime": 254048,
      "usertime": 5326945
     },
     "172841321274": {
      "maxRSS": 607068,
      "systemtime": 254221,
      "usertime": 5332045
     },
     "172841322357": {
      "maxRSS": 607068,
      "systemtime": 254221,
      "usertime": 5332059
     },
     "172841323437": {
      "maxRSS": 607068,
      "systemtime": 254221,
      "usertime": 5332075
     },
     "172841324539": {
      "maxRSS": 607068,
      "systemtime": 254221,
      "usertime": 5334854
     },
     "172841325677": {
      "maxRSS": 607068,
      "systemtime": 254221,
      "usertime": 5334900
     },
     "172841326787": {
      "maxRSS": 607068,
      "systemtime": 254221,
      "usertime": 5334925
     },
     "172841327869": {
      "maxRSS": 607068,
      "systemtime": 254221,
      "usertime": 5334943
     },
     "172841328946": {
      "maxRSS": 607068,
      "systemtime": 254221,
      "usertime": 5338958
     },
     "172841330021": {
      "maxRSS": 607068,
      "systemtime": 254221,
      "usertime": 5338972
     },
     "172841331099": {
      "maxRSS": 607068,
      "systemtime": 254221,
      "usertime": 5338988
     },
     "172841332199": {
      "maxRSS": 607068,
      "systemtime": 254221,
      "usertime": 5343021
     },
     "172841333279": {
      "maxRSS": 607068,
      "systemtime": 254221,
      "usertime": 5343037
     },
     "172841334360": {
      "maxRSS": 607068,
      "systemtime": 254221,
      "usertime": 5343054
     },
     "172841335456": {
      "maxRSS": 607068,
      "systemtime": 254221,
      "usertime": 5343070
     },
     "172841336543": {
      "maxRSS": 607068,
      "systemtime": 254221,
      "usertime": 5347088
     },
     "172841337622": {
      "maxRSS": 607068,
      "systemtime": 254221,
      "usertime": 5347103
     },
     "172841338726": {
      "maxRSS": 607068,
      "systemtime": 254221,
      "usertime": 5347135
     },
     "172841339825": {
      "maxRSS": 607068,
      "systemtime": 254221,
      "usertime": 5347149
     },
     "172841340927": {
      "maxRSS": 607068,
      "systemtime": 254221,
      "usertime": 5351187
     },
     "172841342006": {
      "maxRSS": 607068,
      "systemtime": 254221,
      "usertime": 5351204
     },
     "172841343152": {
      "maxRSS": 607068,
      "systemtime": 254221,
      "usertime": 5351226
     },
     "172841344258": {
      "maxRSS": 607068,
      "systemtime": 254221,
      "usertime": 5355250
     },
     "172841345422": {
      "maxRSS": 607068,
      "systemtime": 254221,
      "usertime": 5355304
     },
     "172841346513": {
      "maxRSS": 607068,
      "systemtime": 254221,
      "usertime": 5355321
     },
     "172841347601": {
      "maxRSS": 607068,
      "systemtime": 254221,
      "usertime": 5355335
     },
     "172841348695": {
      "maxRSS": 607068,
      "systemtime": 254221,
      "usertime": 5359345
     },
     "172841349785": {
      "maxRSS": 607068,
      "systemtime": 254221,
      "usertime": 5359362
     },
     "172841350864": {
      "maxRSS": 607068,
      "systemtime": 254221,
      "usertime": 5359380
     },
     "172841351974": {
      "maxRSS": 607068,
      "systemtime": 254221,
      "usertime": 5359413
     },
     "172841353056": {
      "maxRSS": 607068,
      "systemtime": 254221,
      "usertime": 5363434
     },
     "172841354165": {
      "maxRSS": 607068,
      "systemtime": 254221,
      "usertime": 5363449
     },
     "172841355267": {
      "maxRSS": 607068,
      "systemtime": 254221,
      "usertime": 5363487
     },
     "172841356344": {
      "maxRSS": 607068,
      "systemtime": 254221,
      "usertime": 5367506
     },
     "172841357427": {
      "maxRSS": 607068,
      "systemtime": 254221,
      "usertime": 5367522
     },
     "172841358504": {
      "maxRSS": 607068,
      "systemtime": 254221,
      "usertime": 5367539
     },
     "172841359615": {
      "maxRSS": 607068,
      "systemtime": 254221,
      "usertime": 5367575
     },
     "172841360714": {
      "maxRSS": 607068,
      "systemtime": 254221,
      "usertime": 5371600
     },
     "172841361862": {
      "maxRSS": 607068,
      "systemtime": 254221,
      "usertime": 5371627
     },
     "172841362935": {
      "maxRSS": 607068,
      "systemtime": 254221,
      "usertime": 5371641
     },
     "172841364019": {
      "maxRSS": 607068,
      "systemtime": 254221,
      "usertime": 5375648
     },
     "172841365184": {
      "maxRSS": 607068,
      "systemtime": 254221,
      "usertime": 5375679
     },
     "172841366286": {
      "maxRSS": 607068,
      "systemtime": 254221,
      "usertime": 5375715
     },
     "172841367397": {
      "maxRSS": 607068,
      "systemtime": 254221,
      "usertime": 5375734
     },
     "172841368479": {
      "maxRSS": 607068,
      "systemtime": 254221,
      "usertime": 5379754
     },
     "172841369568": {
      "maxRSS": 607068,
      "systemtime": 254221,
      "usertime": 5379775
     },
     "172841370683": {
      "maxRSS": 607068,
      "systemtime": 254221,
      "usertime": 5379792
     },
     "172841371765": {
      "maxRSS": 607068,
      "systemtime": 254221,
      "usertime": 5379806
     },
     "172841372924": {
      "maxRSS": 607068,
      "systemtime": 254221,
      "usertime": 5383853
     },
     "172841374005": {
      "maxRSS": 607068,
      "systemtime": 254221,
      "usertime": 5383873
     },
     "172841375112": {
      "maxRSS": 607068,
      "systemtime": 254221,
      "usertime": 5383898
     },
     "172841376195": {
      "maxRSS": 607068,
      "systemtime": 254221,
      "usertime": 5387919
     },
     "172841377305": {
      "maxRSS": 607068,
      "systemtime": 254221,
      "usertime": 5387937
     },
     "172841378406": {
      "maxRSS": 607068,
      "systemtime": 254221,
      "usertime": 5387946
     },
     "172841379535": {
      "maxRSS": 607068,
      "systemtime": 254221,
      "usertime": 5387980
     },
     "172841380605": {
      "maxRSS": 607068,
      "systemtime": 254221,
      "usertime": 5391985
     },
     "172841381673": {
      "maxRSS": 607068,
      "systemtime": 254221,
      "usertime": 5391995
     },
     "172841382764": {
      "maxRSS": 607068,
      "systemtime": 254221,
      "usertime": 5392009
     },
     "172841383881": {
      "maxRSS": 607068,
      "systemtime": 254221,
      "usertime": 5392029
     },
     "172841385003": {
      "maxRSS": 607068,
      "systemtime": 254221,
      "usertime": 5396058
     },
     "172841386133": {
      "maxRSS": 607068,
      "systemtime": 254221,
      "usertime": 5396088
     },
     "172841387233": {
      "maxRSS": 607068,
      "systemtime": 254221,
      "usertime": 5396125
     },
     "172841388305": {
      "maxRSS": 607068,
      "systemtime": 254221,
      "usertime": 5400137
     },
     "172841389381": {
      "maxRSS": 607068,
      "systemtime": 254221,
      "usertime": 5400150
     },
     "172841390463": {
      "maxRSS": 607068,
      "systemtime": 254221,
      "usertime": 5400165
     },
     "172841391548": {
      "maxRSS": 607068,
      "systemtime": 254221,
      "usertime": 5400182
     },
     "172841392638": {
      "maxRSS": 607068,
      "systemtime": 254221,
      "usertime": 5404200
     },
     "172841393734": {
      "maxRSS": 607068,
      "systemtime": 254221,
      "usertime": 5404233
     },
     "172841394814": {
      "maxRSS": 607068,
      "systemtime": 254221,
      "usertime": 5404246
     },
     "172841395885": {
      "maxRSS": 607068,
      "systemtime": 254221,
      "usertime": 5404257
     },
     "172841396956": {
      "maxRSS": 607068,
      "systemtime": 254221,
      "usertime": 5408265
     },
     "172841398026": {
      "maxRSS": 607068,
      "systemtime": 254221,
      "usertime": 5408276
     },
     "172841399108": {
      "maxRSS": 607068,
      "systemtime": 254221,
      "usertime": 5408295
     },
     "172841400209": {
      "maxRSS": 607068,
      "systemtime": 254221,
      "usertime": 5412337
     },
     "172841401281": {
      "maxRSS": 607068,
      "systemtime": 254221,
      "usertime": 5412351
     },
     "172841402404": {
      "maxRSS": 607068,
      "systemtime": 254221,
      "usertime": 5412386
     },
     "172841403522": {
      "maxRSS": 607068,
      "systemtime": 254221,
      "usertime": 5412416
     },
     "172841404635": {
      "maxRSS": 607068,
      "systemtime": 254221,
      "usertime": 5416430
     },
     "172841405735": {
      "maxRSS": 607068,
      "systemtime": 254221,
      "usertime": 5416439
     },
     "172841406823": {
      "maxRSS": 607196,
      "systemtime": 254221,
      "usertime": 5416467
     },
     "172841407908": {
      "maxRSS": 607196,
      "systemtime": 254221,
      "usertime": 5416483
     },
     "172841408990": {
      "maxRSS": 607196,
      "systemtime": 254221,
      "usertime": 5420500
     },
     "172841410108": {
      "maxRSS": 607196,
      "systemtime": 254221,
      "usertime": 5420530
     },
     "172841411219": {
      "maxRSS": 607196,
      "systemtime": 254221,
      "usertime": 5420545
     },
     "172841412297": {
      "maxRSS": 607196,
      "systemtime": 254221,
      "usertime": 5424560
     },
     "172841413384": {
      "maxRSS": 607196,
      "systemtime": 254221,
      "usertime": 5424581
     },
     "172841414520": {
      "maxRSS": 607196,
      "systemtime": 254221,
      "usertime": 5424622
     },
     "172841415592": {
      "maxRSS": 607196,
      "systemtime": 254221,
      "usertime": 5424635
     },
     "172841416682": {
      "maxRSS": 607196,
      "systemtime": 254221,
      "usertime": 5428650
     },
     "172841417761": {
      "maxRSS": 607196,
      "systemtime": 254221,
      "usertime": 5428670
     },
     "172841418836": {
      "maxRSS": 607196,
      "systemtime": 254221,
      "usertime": 5428685
     },
     "172841419914": {
      "maxRSS": 607196,
      "systemtime": 254221,
      "usertime": 5428700
     },
     "172841421010": {
      "maxRSS": 607196,
      "systemtime": 254221,
      "usertime": 5432738
     },
     "172841422097": {
      "maxRSS": 607196,
      "systemtime": 254221,
      "usertime": 5432774
     },
     "172841423198": {
      "maxRSS": 607196,
      "systemtime": 254221,
      "usertime": 5432789
     },
     "172841424271": {
      "maxRSS": 607196,
      "systemtime": 254221,
      "usertime": 5436798
     },
     "172841425376": {
      "maxRSS": 607196,
      "systemtime": 254221,
      "usertime": 5436810
     },
     "172841426488": {
      "maxRSS": 607196,
      "systemtime": 254221,
      "usertime": 5436825
     },
     "172841427619": {
      "maxRSS": 607196,
      "systemtime": 254221,
      "usertime": 5436861
     },
     "172841428699": {
      "maxRSS": 607196,
      "systemtime": 254221,
      "usertime": 5440879
     },
     "172841429789": {
      "maxRSS": 607196,
      "systemtime": 254221,
      "usertime": 5440903
     },
     "172841430869": {
      "maxRSS": 607196,
      "systemtime": 254221,
      "usertime": 5440920
     },
     "172841431957": {
      "maxRSS": 607196,
      "systemtime": 254221,
      "usertime": 5440936
     },
     "172841433046": {
      "maxRSS": 607196,
      "systemtime": 254221,
      "usertime": 5444953
     },
     "172841434174": {
      "maxRSS": 607196,
      "systemtime": 254221,
      "usertime": 5444986
     },
     "172841435259": {
      "maxRSS": 607196,
      "systemtime": 254221,
      "usertime": 5445003
     },
     "172841436361": {
      "maxRSS": 607196,
      "systemtime": 254221,
      "usertime": 5449031
     },
     "172841437447": {
      "maxRSS": 607196,
      "systemtime": 254221,
      "usertime": 5449045
     },
     "172841438529": {
      "maxRSS": 607196,
      "systemtime": 254221,
      "usertime": 5449059
     },
     "172841439625": {
      "maxRSS": 607196,
      "systemtime": 254221,
      "usertime": 5449073
     },
     "172841440740": {
      "maxRSS": 607196,
      "systemtime": 254221,
      "usertime": 5453083
     },
     "172841441843": {
      "maxRSS": 607196,
      "systemtime": 254221,
      "usertime": 5453124
     },
     "172841442934": {
      "maxRSS": 607196,
      "systemtime": 254221,
      "usertime": 5453143
     },
     "172841444099": {
      "maxRSS": 607196,
      "systemtime": 254221,
      "usertime": 5457171
     },
     "172841445219": {
      "maxRSS": 607196,
      "systemtime": 254221,
      "usertime": 5457189
     },
     "172841446302": {
      "maxRSS": 607196,
      "systemtime": 254221,
      "usertime": 5457206
     },
     "172841447386": {
      "maxRSS": 607196,
      "systemtime": 254221,
      "usertime": 5457223
     },
     "172841448487": {
      "maxRSS": 607196,
      "systemtime": 254221,
      "usertime": 5461269
     },
     "172841449574": {
      "maxRSS": 607196,
      "systemtime": 254221,
      "usertime": 5461287
     },
     "172841450658": {
      "maxRSS": 607196,
      "systemtime": 254221,
      "usertime": 5461305
     },
     "172841451746": {
      "maxRSS": 607196,
      "systemtime": 254221,
      "usertime": 5461326
     },
     "172841452837": {
      "maxRSS": 607196,
      "systemtime": 254221,
      "usertime": 5465330
     },
     "172841453949": {
      "maxRSS": 607196,
      "systemtime": 254221,
      "usertime": 5465347
     },
     "172841455047": {
      "maxRSS": 607196,
      "systemtime": 254221,
      "usertime": 5465384
     },
     "172841456125": {
      "maxRSS": 607196,
      "systemtime": 254221,
      "usertime": 5469396
     },
     "172841457212": {
      "maxRSS": 607196,
      "systemtime": 254221,
      "usertime": 5469411
     },
     "172841458300": {
      "maxRSS": 607196,
      "systemtime": 254221,
      "usertime": 5469431
     },
     "172841459401": {
      "maxRSS": 607196,
      "systemtime": 254221,
      "usertime": 5469451
     },
     "172841460510": {
      "maxRSS": 607196,
      "systemtime": 254221,
      "usertime": 5473500
     },
     "172841462684": {
      "maxRSS": 607196,
      "systemtime": 254221,
      "usertime": 5473555
     },
     "172841464768": {
      "maxRSS": 607196,
      "systemtime": 254221,
      "usertime": 5477563
     },
     "172841466856": {
      "maxRSS": 607196,
      "systemtime": 254221,
      "usertime": 5477587
     },
     "172841468943": {
      "maxRSS": 607196,
      "systemtime": 254221,
      "usertime": 5481610
     },
     "172841471032": {
      "maxRSS": 607196,
      "systemtime": 254221,
      "usertime": 5481635
     },
     "172841473153": {
      "maxRSS": 607196,
      "systemtime": 254221,
      "usertime": 5485686
     },
     "172841475242": {
      "maxRSS": 607196,
      "systemtime": 254221,
      "usertime": 5485713
     },
     "172841477379": {
      "maxRSS": 607196,
      "systemtime": 254221,
      "usertime": 5489758
     },
     "172841479457": {
      "maxRSS": 607196,
      "systemtime": 254221,
      "usertime": 5489776
     },
     "172841481574": {
      "maxRSS": 607196,
      "systemtime": 254221,
      "usertime": 5493794
     },
     "172841483666": {
      "maxRSS": 607196,
      "systemtime": 254221,
      "usertime": 5493818
     },
     "172841485775": {
      "maxRSS": 607196,
      "systemtime": 254221,
      "usertime": 5497859
     },
     "172841487911": {
      "maxRSS": 607196,
      "systemtime": 254221,
      "usertime": 5497902
     },
     "172841490060": {
      "maxRSS": 607196,
      "systemtime": 254221,
      "usertime": 5501943
     },
     "172841492146": {
      "maxRSS": 607196,
      "systemtime": 254221,
      "usertime": 5505961
     },
     "172841494235": {
      "maxRSS": 607196,
      "systemtime": 254221,
      "usertime": 5505979
     },
     "172841496344": {
      "maxRSS": 607196,
      "systemtime": 254221,
      "usertime": 5510021
     },
     "172841498464": {
      "maxRSS": 607196,
      "systemtime": 254221,
      "usertime": 5510048
     },
     "172841500570": {
      "maxRSS": 607196,
      "systemtime": 254221,
      "usertime": 5514108
     },
     "172841502682": {
      "maxRSS": 607196,
      "systemtime": 254221,
      "usertime": 5514156
     },
     "172841504765": {
      "maxRSS": 607196,
      "systemtime": 254221,
      "usertime": 5518148
     },
     "172841506850": {
      "maxRSS": 607196,
      "systemtime": 254221,
      "usertime": 5518170
     },
     "172841508941": {
      "maxRSS": 607196,
      "systemtime": 254221,
      "usertime": 5522192
     },
     "172841511064": {
      "maxRSS": 607196,
      "systemtime": 254221,
      "usertime": 5522213
     },
     "172841513147": {
      "maxRSS": 607196,
      "systemtime": 254221,
      "usertime": 5526229
     },
     "172841515346": {
      "maxRSS": 607196,
      "systemtime": 254221,
      "usertime": 5526294
     },
     "172841517438": {
      "maxRSS": 607196,
      "systemtime": 254221,
      "usertime": 5530387
     },
     "172841519557": {
      "maxRSS": 607196,
      "systemtime": 254221,
      "usertime": 5530406
     },
     "172841521642": {
      "maxRSS": 607196,
      "systemtime": 254221,
      "usertime": 5534353
     },
     "172841523758": {
      "maxRSS": 607196,
      "systemtime": 254221,
      "usertime": 5534373
     },
     "172841525882": {
      "maxRSS": 607196,
      "systemtime": 254221,
      "usertime": 5538399
     },
     "172841527991": {
      "maxRSS": 607196,
      "systemtime": 254221,
      "usertime": 5538416
     },
     "172841530106": {
      "maxRSS": 607196,
      "systemtime": 257989,
      "usertime": 5538705
     },
     "172841532183": {
      "maxRSS": 607196,
      "systemtime": 257989,
      "usertime": 5542722
     },
     "172841534271": {
      "maxRSS": 607196,
      "systemtime": 257989,
      "usertime": 5542741
     },
     "172841536376": {
      "maxRSS": 607196,
      "systemtime": 257989,
      "usertime": 5546782
     },
     "172841538492": {
      "maxRSS": 607196,
      "systemtime": 257990,
      "usertime": 5546803
     },
     "172841540604": {
      "maxRSS": 607196,
      "systemtime": 257990,
      "usertime": 5550824
     },
     "172841542710": {
      "maxRSS": 607196,
      "systemtime": 257992,
      "usertime": 5550864
     },
     "172841544799": {
      "maxRSS": 607196,
      "systemtime": 257992,
      "usertime": 5554885
     },
     "172841546915": {
      "maxRSS": 607196,
      "systemtime": 257992,
      "usertime": 5554904
     },
     "172841549002": {
      "maxRSS": 607196,
      "systemtime": 257992,
      "usertime": 5558929
     },
     "172841551104": {
      "maxRSS": 607196,
      "systemtime": 257993,
      "usertime": 5558956
     },
     "172841553197": {
      "maxRSS": 607196,
      "systemtime": 257993,
      "usertime": 5562983
     },
     "172841555343": {
      "maxRSS": 607196,
      "systemtime": 257995,
      "usertime": 5563026
     },
     "172841557457": {
      "maxRSS": 607196,
      "systemtime": 257995,
      "usertime": 5567053
     },
     "172841559572": {
      "maxRSS": 607196,
      "systemtime": 257996,
      "usertime": 5567078
     },
     "172841561673": {
      "maxRSS": 607196,
      "systemtime": 257996,
      "usertime": 5571109
     },
     "172841563765": {
      "maxRSS": 607196,
      "systemtime": 257997,
      "usertime": 5571132
     },
     "172841565847": {
      "maxRSS": 607196,
      "systemtime": 257997,
      "usertime": 5575153
     },
     "172841568030": {
      "maxRSS": 607196,
      "systemtime": 257998,
      "usertime": 5579218
     },
     "172841570129": {
      "maxRSS": 607196,
      "systemtime": 257999,
      "usertime": 5579247
     },
     "172841572213": {
      "maxRSS": 607196,
      "systemtime": 257999,
      "usertime": 5583270
     },
     "172841574292": {
      "maxRSS": 607196,
      "systemtime": 258000,
      "usertime": 5583287
     },
     "172841576372": {
      "maxRSS": 607196,
      "systemtime": 258000,
      "usertime": 5587310
     },
     "172841578513": {
      "maxRSS": 607196,
      "systemtime": 258001,
      "usertime": 5587353
     },
     "172841580598": {
      "maxRSS": 607196,
      "systemtime": 258001,
      "usertime": 5591365
     },
     "172841582700": {
      "maxRSS": 607196,
      "systemtime": 258002,
      "usertime": 5591404
     },
     "172841584781": {
      "maxRSS": 607196,
      "systemtime": 258002,
      "usertime": 5595431
     },
     "172841586877": {
      "maxRSS": 607196,
      "systemtime": 258003,
      "usertime": 5595456
     },
     "172841588987": {
      "maxRSS": 607196,
      "systemtime": 258003,
      "usertime": 5599483
     },
     "172841591108": {
      "maxRSS": 607196,
      "systemtime": 258005,
      "usertime": 5599516
     },
     "172841593242": {
      "maxRSS": 607196,
      "systemtime": 258005,
      "usertime": 5603558
     },
     "172841595417": {
      "maxRSS": 607196,
      "systemtime": 258009,
      "usertime": 5603641
     },
     "172841597545": {
      "maxRSS": 607196,
      "systemtime": 258009,
      "usertime": 5607679
     },
     "172841599676": {
      "maxRSS": 607196,
      "systemtime": 258011,
      "usertime": 5607708
     },
     "172841601778": {
      "maxRSS": 607196,
      "systemtime": 258011,
      "usertime": 5611733
     },
     "172841603891": {
      "maxRSS": 607196,
      "systemtime": 258011,
      "usertime": 5611757
     },
     "172841605979": {
      "maxRSS": 607196,
      "systemtime": 258011,
      "usertime": 5615786
     },
     "172841608038": {
      "maxRSS": 607196,
      "systemtime": 258012,
      "usertime": 5619827
     },
     "172841610195": {
      "maxRSS": 607196,
      "systemtime": 258014,
      "usertime": 5619872
     },
     "172841612282": {
      "maxRSS": 607196,
      "systemtime": 258014,
      "usertime": 5623895
     },
     "172841614362": {
      "maxRSS": 607196,
      "systemtime": 258014,
      "usertime": 5623915
     },
     "172841616444": {
      "maxRSS": 607196,
      "systemtime": 258014,
      "usertime": 5627928
     },
     "172841618541": {
      "maxRSS": 607196,
      "systemtime": 258014,
      "usertime": 5627952
     },
     "172841620732": {
      "maxRSS": 607196,
      "systemtime": 258016,
      "usertime": 5632025
     },
     "172841622813": {
      "maxRSS": 607196,
      "systemtime": 258017,
      "usertime": 5632045
     },
     "172841624892": {
      "maxRSS": 607196,
      "systemtime": 258017,
      "usertime": 5636057
     },
     "172841627005": {
      "maxRSS": 607196,
      "systemtime": 258017,
      "usertime": 5636078
     },
     "172841629111": {
      "maxRSS": 607196,
      "systemtime": 258017,
      "usertime": 5640090
     },
     "172841631214": {
      "maxRSS": 607196,
      "systemtime": 258017,
      "usertime": 5640099
     },
     "172841633298": {
      "maxRSS": 607196,
      "systemtime": 258017,
      "usertime": 5644116
     },
     "172841635428": {
      "maxRSS": 607196,
      "systemtime": 258018,
      "usertime": 5644154
     },
     "172841637536": {
      "maxRSS": 607196,
      "systemtime": 258018,
      "usertime": 5648168
     },
     "172841639657": {
      "maxRSS": 607196,
      "systemtime": 258018,
      "usertime": 5648188
     },
     "172841641744": {
      "maxRSS": 607196,
      "systemtime": 258019,
      "usertime": 5652233
     },
     "172841643849": {
      "maxRSS": 607196,
      "systemtime": 258020,
      "usertime": 5652270
     },
     "172841645964": {
      "maxRSS": 607196,
      "systemtime": 258020,
      "usertime": 5656275
     },
     "172841648035": {
      "maxRSS": 607196,
      "systemtime": 258020,
      "usertime": 5660298
     },
     "172841650139": {
      "maxRSS": 607196,
      "systemtime": 258020,
      "usertime": 5660331
     },
     "172841652232": {
      "maxRSS": 607196,
      "systemtime": 258020,
      "usertime": 5664358
     },
     "172841654320": {
      "maxRSS": 607196,
      "systemtime": 258021,
      "usertime": 5664380
     },
     "172841656433": {
      "maxRSS": 607196,
      "systemtime": 258021,
      "usertime": 5668395
     },
     "172841658550": {
      "maxRSS": 607196,
      "systemtime": 258021,
      "usertime": 5668413
     },
     "172841660651": {
      "maxRSS": 607196,
      "systemtime": 258022,
      "usertime": 5672454
     },
     "172841662733": {
      "maxRSS": 607196,
      "systemtime": 258023,
      "usertime": 5672474
     },
     "172841664886": {
      "maxRSS": 607196,
      "systemtime": 258023,
      "usertime": 5676511
     },
     "172841666991": {
      "maxRSS": 607196,
      "systemtime": 258024,
      "usertime": 5676543
     },
     "172841669088": {
      "maxRSS": 607196,
      "systemtime": 258024,
      "usertime": 5680571
     },
     "172841671177": {
      "maxRSS": 607196,
      "systemtime": 258025,
      "usertime": 5680591
     },
     "172841673287": {
      "maxRSS": 607196,
      "systemtime": 258025,
      "usertime": 5684630
     },
     "172841675399": {
      "maxRSS": 607196,
      "systemtime": 258027,
      "usertime": 5684659
     },
     "172841677533": {
      "maxRSS": 607196,
      "systemtime": 258028,
      "usertime": 5688715
     },
     "172841679626": {
      "maxRSS": 607196,
      "systemtime": 258029,
      "usertime": 5688740
     },
     "172841681729": {
      "maxRSS": 607196,
      "systemtime": 258029,
      "usertime": 5692724
     },
     "172841683825": {
      "maxRSS": 607196,
      "systemtime": 258029,
      "usertime": 5692743
     },
     "172841685929": {
      "maxRSS": 607196,
      "systemtime": 258029,
      "usertime": 5696780
     },
     "172841688087": {
      "maxRSS": 607196,
      "systemtime": 258029,
      "usertime": 5700820
     },
     "172841690212": {
      "maxRSS": 607196,
      "systemtime": 258029,
      "usertime": 5700840
     },
     "172841692299": {
      "maxRSS": 607196,
      "systemtime": 258029,
      "usertime": 5704866
     },
     "172841694383": {
      "maxRSS": 607196,
      "systemtime": 258030,
      "usertime": 5704889
     },
     "172841696468": {
      "maxRSS": 607196,
      "systemtime": 258030,
      "usertime": 5708904
     },
     "172841698570": {
      "maxRSS": 607196,
      "systemtime": 258030,
      "usertime": 5708934
     },
     "172841700727": {
      "maxRSS": 607196,
      "systemtime": 258033,
      "usertime": 5713017
     },
     "172841702871": {
      "maxRSS": 607196,
      "systemtime": 258035,
      "usertime": 5713074
     },
     "172841704976": {
      "maxRSS": 607196,
      "systemtime": 258035,
      "usertime": 5717092
     },
     "172841707064": {
      "maxRSS": 607196,
      "systemtime": 258036,
      "usertime": 5717114
     },
     "172841709228": {
      "maxRSS": 607196,
      "systemtime": 258036,
      "usertime": 5721158
     },
     "172841711315": {
      "maxRSS": 607196,
      "systemtime": 258037,
      "usertime": 5721177
     },
     "172841713446": {
      "maxRSS": 607196,
      "systemtime": 258037,
      "usertime": 5725213
     },
     "172841715572": {
      "maxRSS": 607196,
      "systemtime": 258039,
      "usertime": 5725242
     },
     "172841717668": {
      "maxRSS": 607196,
      "systemtime": 258039,
      "usertime": 5729270
     },
     "172841719795": {
      "maxRSS": 607196,
      "systemtime": 258040,
      "usertime": 5729297
     },
     "172841721922": {
      "maxRSS": 607196,
      "systemtime": 258040,
      "usertime": 5733333
     },
     "172841724085": {
      "maxRSS": 607196,
      "systemtime": 258040,
      "usertime": 5737340
     },
     "172841726196": {
      "maxRSS": 607196,
      "systemtime": 258041,
      "usertime": 5737381
     },
     "172841728279": {
      "maxRSS": 607196,
      "systemtime": 258041,
      "usertime": 5741399
     },
     "172841730373": {
      "maxRSS": 607196,
      "systemtime": 258041,
      "usertime": 5741425
     },
     "172841734467": {
      "maxRSS": 607196,
      "systemtime": 258041,
      "usertime": 5745454
     },
     "172841738563": {
      "maxRSS": 607196,
      "systemtime": 258041,
      "usertime": 5749486
     },
     "172841742689": {
      "maxRSS": 607196,
      "systemtime": 258041,
      "usertime": 5753513
     },
     "172841746786": {
      "maxRSS": 607196,
      "systemtime": 258041,
      "usertime": 5757545
     },
     "172841750912": {
      "maxRSS": 607196,
      "systemtime": 258042,
      "usertime": 5761598
     },
     "172841755084": {
      "maxRSS": 607196,
      "systemtime": 258117,
      "usertime": 5767311
     },
     "172841756087": {
      "maxRSS": 607196,
      "systemtime": 258117,
      "usertime": 5769651
     },
     "172841757222": {
      "maxRSS": 607196,
      "systemtime": 258117,
      "usertime": 5769687
     },
     "172841758305": {
      "maxRSS": 607196,
      "systemtime": 258117,
      "usertime": 5769709
     },
     "172841758467": {
      "maxRSS": 607196,
      "systemtime": 258149,
      "usertime": 5772056
     },
     "172841759566": {
      "maxRSS": 607196,
      "systemtime": 258150,
      "usertime": 5772093
     },
     "172841760673": {
      "maxRSS": 607196,
      "systemtime": 258150,
      "usertime": 5773699
     },
     "172841761750": {
      "maxRSS": 607196,
      "systemtime": 258150,
      "usertime": 5773714
     },
     "172841762844": {
      "maxRSS": 607196,
      "systemtime": 258150,
      "usertime": 5773740
     },
     "172841763936": {
      "maxRSS": 607196,
      "systemtime": 258150,
      "usertime": 5773765
     },
     "172841765024": {
      "maxRSS": 607196,
      "systemtime": 258150,
      "usertime": 5777775
     },
     "172841766140": {
      "maxRSS": 607196,
      "systemtime": 258150,
      "usertime": 5777820
     },
     "172841767224": {
      "maxRSS": 607196,
      "systemtime": 258150,
      "usertime": 5777843
     },
     "172841768308": {
      "maxRSS": 607196,
      "systemtime": 258150,
      "usertime": 5781859
     },
     "172841769428": {
      "maxRSS": 607196,
      "systemtime": 258150,
      "usertime": 5781876
     },
     "172841770549": {
      "maxRSS": 607196,
      "systemtime": 258150,
      "usertime": 5781896
     },
     "172841771664": {
      "maxRSS": 607196,
      "systemtime": 258150,
      "usertime": 5781913
     },
     "172841772799": {
      "maxRSS": 607324,
      "systemtime": 258150,
      "usertime": 5785952
     },
     "172841773884": {
      "maxRSS": 607324,
      "systemtime": 258150,
      "usertime": 5785967
     },
     "172841774968": {
      "maxRSS": 607324,
      "systemtime": 258150,
      "usertime": 5785984
     },
     "172841776060": {
      "maxRSS": 607324,
      "systemtime": 258150,
      "usertime": 5790003
     },
     "172841777141": {
      "maxRSS": 607324,
      "systemtime": 258150,
      "usertime": 5790020
     },
     "172841778229": {
      "maxRSS": 607324,
      "systemtime": 258150,
      "usertime": 5790039
     },
     "172841779401": {
      "maxRSS": 607324,
      "systemtime": 258150,
      "usertime": 5790082
     },
     "172841780499": {
      "maxRSS": 607324,
      "systemtime": 258150,
      "usertime": 5794108
     },
     "172841781586": {
      "maxRSS": 607324,
      "systemtime": 258150,
      "usertime": 5794127
     },
     "172841782687": {
      "maxRSS": 607324,
      "systemtime": 258150,
      "usertime": 5794168
     },
     "172841783836": {
      "maxRSS": 607324,
      "systemtime": 258150,
      "usertime": 5794207
     },
     "172841784955": {
      "maxRSS": 607324,
      "systemtime": 258150,
      "usertime": 5798223
     },
     "172841786064": {
      "maxRSS": 607324,
      "systemtime": 258150,
      "usertime": 5798234
     },
     "172841787194": {
      "maxRSS": 607324,
      "systemtime": 258150,
      "usertime": 5798271
     },
     "172841788268": {
      "maxRSS": 607324,
      "systemtime": 258150,
      "usertime": 5802284
     },
     "172841789373": {
      "maxRSS": 607324,
      "systemtime": 258150,
      "usertime": 5802297
     },
     "172841790475": {
      "maxRSS": 607324,
      "systemtime": 258150,
      "usertime": 5802306
     },
     "172841791562": {
      "maxRSS": 607324,
      "systemtime": 258150,
      "usertime": 5802324
     },
     "172841792670": {
      "maxRSS": 607324,
      "systemtime": 258150,
      "usertime": 5806340
     },
     "172841793787": {
      "maxRSS": 607324,
      "systemtime": 258150,
      "usertime": 5806389
     },
     "172841794932": {
      "maxRSS": 607324,
      "systemtime": 258150,
      "usertime": 5806425
     },
     "172841796063": {
      "maxRSS": 607324,
      "systemtime": 258150,
      "usertime": 5810445
     },
     "172841797168": {
      "maxRSS": 607324,
      "systemtime": 258150,
      "usertime": 5810461
     },
     "172841798252": {
      "maxRSS": 607324,
      "systemtime": 258150,
      "usertime": 5810476
     },
     "172841799349": {
      "maxRSS": 607324,
      "systemtime": 258150,
      "usertime": 5810496
     },
     "172841800460": {
      "maxRSS": 607324,
      "systemtime": 258150,
      "usertime": 5814555
     },
     "172841801545": {
      "maxRSS": 607324,
      "systemtime": 258150,
      "usertime": 5814574
     },
     "172841802653": {
      "maxRSS": 607324,
      "systemtime": 258150,
      "usertime": 5814588
     },
     "172841803738": {
      "maxRSS": 607324,
      "systemtime": 258150,
      "usertime": 5814614
     },
     "172841804878": {
      "maxRSS": 607324,
      "systemtime": 258150,
      "usertime": 5818645
     },
     "172841805989": {
      "maxRSS": 607324,
      "systemtime": 258150,
      "usertime": 5818664
     },
     "172841807094": {
      "maxRSS": 607324,
      "systemtime": 258150,
      "usertime": 5818703
     },
     "172841808170": {
      "maxRSS": 607324,
      "systemtime": 258150,
      "usertime": 5822715
     },
     "172841809277": {
      "maxRSS": 607324,
      "systemtime": 258150,
      "usertime": 5822731
     },
     "172841810415": {
      "maxRSS": 607324,
      "systemtime": 258150,
      "usertime": 5822774
     },
     "172841811511": {
      "maxRSS": 607324,
      "systemtime": 258150,
      "usertime": 5822791
     },
     "172841812597": {
      "maxRSS": 607324,
      "systemtime": 258150,
      "usertime": 5826810
     },
     "172841813766": {
      "maxRSS": 607324,
      "systemtime": 258150,
      "usertime": 5826832
     },
     "172841815006": {
      "maxRSS": 607452,
      "systemtime": 258150,
      "usertime": 5826907
     },
     "172841816054": {
      "maxRSS": 607708,
      "systemtime": 258150,
      "usertime": 5830950
     },
     "172841817171": {
      "maxRSS": 607836,
      "systemtime": 258150,
      "usertime": 5830969
     },
     "172841818267": {
      "maxRSS": 608092,
      "systemtime": 258150,
      "usertime": 5830987
     },
     "172841819340": {
      "maxRSS": 608348,
      "systemtime": 258150,
      "usertime": 5831002
     },
     "172841820444": {
      "maxRSS": 608604,
      "systemtime": 258150,
      "usertime": 5835001
     },
     "172841821567": {
      "maxRSS": 608732,
      "systemtime": 258150,
      "usertime": 5835032
     },
     "172841822639": {
      "maxRSS": 608988,
      "systemtime": 258150,
      "usertime": 5835046
     },
     "172841823741": {
      "maxRSS": 609244,
      "systemtime": 258150,
      "usertime": 5835060
     },
     "172841824828": {
      "maxRSS": 609500,
      "systemtime": 258150,
      "usertime": 5839081
     },
     "172841825947": {
      "maxRSS": 609628,
      "systemtime": 258150,
      "usertime": 5839106
     },
     "172841827042": {
      "maxRSS": 609884,
      "systemtime": 258150,
      "usertime": 5839122
     },
     "172841828143": {
      "maxRSS": 610140,
      "systemtime": 262118,
      "usertime": 5839193
     },
     "172841829238": {
      "maxRSS": 610396,
      "systemtime": 262119,
      "usertime": 5839219
     },
     "172841830326": {
      "maxRSS": 610524,
      "systemtime": 262120,
      "usertime": 5839242
     },
     "172841831441": {
      "maxRSS": 610780,
      "systemtime": 262121,
      "usertime": 5839257
     },
     "172841832520": {
      "maxRSS": 611036,
      "systemtime": 262121,
      "usertime": 5843263
     },
     "172841833596": {
      "maxRSS": 611292,
      "systemtime": 262121,
      "usertime": 5843278
     },
     "172841834713": {
      "maxRSS": 611548,
      "systemtime": 262123,
      "usertime": 5843328
     },
     "172841835823": {
      "maxRSS": 611676,
      "systemtime": 262123,
      "usertime": 5843343
     },
     "172841836916": {
      "maxRSS": 611932,
      "systemtime": 262123,
      "usertime": 5847359
     },
     "172841838062": {
      "maxRSS": 612188,
      "systemtime": 262123,
      "usertime": 5847380
     },
     "172841839165": {
      "maxRSS": 612444,
      "systemtime": 262125,
      "usertime": 5847418
     },
     "172841840240": {
      "maxRSS": 612700,
      "systemtime": 262125,
      "usertime": 5851433
     },
     "172841841326": {
      "maxRSS": 612828,
      "systemtime": 262125,
      "usertime": 5851450
     },
     "172841842455": {
      "maxRSS": 613084,
      "systemtime": 262127,
      "usertime": 5851502
     },
     "172841843529": {
      "maxRSS": 613340,
      "systemtime": 262128,
      "usertime": 5851517
     },
     "172841844621": {
      "maxRSS": 613596,
      "systemtime": 262128,
      "usertime": 5855539
     },
     "172841845731": {
      "maxRSS": 613724,
      "systemtime": 262130,
      "usertime": 5855581
     },
     "172841846826": {
      "maxRSS": 613980,
      "systemtime": 262131,
      "usertime": 5855609
     },
     "172841847949": {
      "maxRSS": 614236,
      "systemtime": 262132,
      "usertime": 5855626
     },
     "172841849070": {
      "maxRSS": 614492,
      "systemtime": 262132,
      "usertime": 5859699
     },
     "172841850215": {
      "maxRSS": 614748,
      "systemtime": 262132,
      "usertime": 5859742
     },
     "172841851331": {
      "maxRSS": 615004,
      "systemtime": 262132,
      "usertime": 5859762
     },
     "172841852442": {
      "maxRSS": 615132,
      "systemtime": 262132,
      "usertime": 5863779
     },
     "172841853542": {
      "maxRSS": 615388,
      "systemtime": 262132,
      "usertime": 5863798
     },
     "172841854616": {
      "maxRSS": 615644,
      "systemtime": 262132,
      "usertime": 5863813
     },
     "172841855730": {
      "maxRSS": 615900,
      "systemtime": 262132,
      "usertime": 5863842
     },
     "172841856808": {
      "maxRSS": 616028,
      "systemtime": 262132,
      "usertime": 5867855
     },
     "172841857890": {
      "maxRSS": 616284,
      "systemtime": 262132,
      "usertime": 5867872
     },
     "172841859020": {
      "maxRSS": 616540,
      "systemtime": 262132,
      "usertime": 5867891
     },
     "172841860097": {
      "maxRSS": 616796,
      "systemtime": 262132,
      "usertime": 5871913
     },
     "172841861207": {
      "maxRSS": 617052,
      "systemtime": 262132,
      "usertime": 5871930
     },
     "172841862334": {
      "maxRSS": 617180,
      "systemtime": 262132,
      "usertime": 5871960
     },
     "172841863408": {
      "maxRSS": 617436,
      "systemtime": 262132,
      "usertime": 5871974
     },
     "172841864552": {
      "maxRSS": 617692,
      "systemtime": 262132,
      "usertime": 5875991
     },
     "172841865661": {
      "maxRSS": 617948,
      "systemtime": 262132,
      "usertime": 5876010
     },
     "172841866746": {
      "maxRSS": 618204,
      "systemtime": 262132,
      "usertime": 5876031
     },
     "172841867832": {
      "maxRSS": 618332,
      "systemtime": 262132,
      "usertime": 5876051
     },
     "172841868915": {
      "maxRSS": 618588,
      "systemtime": 262132,
      "usertime": 5880068
     },
     "172841870013": {
      "maxRSS": 618844,
      "systemtime": 262132,
      "usertime": 5880103
     },
     "172841871129": {
      "maxRSS": 619100,
      "systemtime": 262132,
      "usertime": 5880128
     },
     "172841872230": {
      "maxRSS": 619356,
      "systemtime": 262132,
      "usertime": 5884143
     },
     "172841873306": {
      "maxRSS": 619612,
      "systemtime": 262132,
      "usertime": 5884158
     },
     "172841874428": {
      "maxRSS": 619868,
      "systemtime": 262132,
      "usertime": 5884176
     },
     "172841875515": {
      "maxRSS": 619996,
      "systemtime": 262132,
      "usertime": 5884199
     },
     "172841876684": {
      "maxRSS": 620252,
      "systemtime": 262132,
      "usertime": 5888272
     },
     "172841877783": {
      "maxRSS": 620508,
      "systemtime": 262132,
      "usertime": 5888290
     },
     "172841878863": {
      "maxRSS": 620764,
      "systemtime": 262132,
      "usertime": 5888306
     },
     "172841879938": {
      "maxRSS": 620892,
      "systemtime": 262132,
      "usertime": 5888322
     },
     "172841881018": {
      "maxRSS": 621148,
      "systemtime": 262132,
      "usertime": 5892335
     },
     "172841882103": {
      "maxRSS": 621404,
      "systemtime": 262132,
      "usertime": 5892355
     },
     "172841883203": {
      "maxRSS": 621660,
      "systemtime": 262132,
      "usertime": 5892390
     },
     "172841884286": {
      "maxRSS": 621916,
      "systemtime": 262132,
      "usertime": 5896409
     },
     "172841885367": {
      "maxRSS": 622044,
      "systemtime": 262132,
      "usertime": 5896426
     },
     "172841886450": {
      "maxRSS": 622300,
      "systemtime": 262132,
      "usertime": 5896443
     },
     "172841887573": {
      "maxRSS": 622556,
      "systemtime": 262132,
      "usertime": 5896464
     },
     "172841888652": {
      "maxRSS": 622812,
      "systemtime": 266012,
      "usertime": 5896604
     },
     "172841889746": {
      "maxRSS": 623068,
      "systemtime": 266013,
      "usertime": 5896637
     },
     "172841890831": {
      "maxRSS": 623324,
      "systemtime": 266014,
      "usertime": 5896656
     },
     "172841891928": {
      "maxRSS": 623452,
      "systemtime": 266015,
      "usertime": 5896684
     },
     "172841893033": {
      "maxRSS": 623580,
      "systemtime": 270046,
      "usertime": 5896696
     },
     "172841894123": {
      "maxRSS": 623836,
      "systemtime": 270047,
      "usertime": 5896718
     },
     "172841895214": {
      "maxRSS": 623964,
      "systemtime": 270048,
      "usertime": 5896741
     },
     "172841896306": {
      "maxRSS": 624220,
      "systemtime": 270048,
      "usertime": 5900734
     },
     "172841897455": {
      "maxRSS": 624476,
      "systemtime": 270049,
      "usertime": 5900786
     },
     "172841898526": {
      "maxRSS": 624732,
      "systemtime": 270050,
      "usertime": 5900798
     },
     "172841900606": {
      "maxRSS": 625116,
      "systemtime": 270050,
      "usertime": 5904821
     },
     "172841902698": {
      "maxRSS": 625500,
      "systemtime": 270051,
      "usertime": 5904850
     },
     "172841904812": {
      "maxRSS": 626012,
      "systemtime": 270051,
      "usertime": 5908867
     },
     "172841906940": {
      "maxRSS": 626396,
      "systemtime": 270051,
      "usertime": 5908888
     },
     "172841909050": {
      "maxRSS": 626908,
      "systemtime": 274082,
      "usertime": 5908902
     },
     "172841911169": {
      "maxRSS": 627292,
      "systemtime": 274083,
      "usertime": 5908923
     },
     "172841913261": {
      "maxRSS": 627804,
      "systemtime": 278101,
      "usertime": 5908923
     },
     "172841915413": {
      "maxRSS": 628188,
      "systemtime": 278115,
      "usertime": 5908955
     },
     "172841917514": {
      "maxRSS": 628572,
      "systemtime": 278115,
      "usertime": 5912982
     },
     "172841919609": {
      "maxRSS": 628956,
      "systemtime": 278116,
      "usertime": 5913008
     },
     "172841921728": {
      "maxRSS": 629340,
      "systemtime": 278117,
      "usertime": 5917056
     },
     "172841923849": {
      "maxRSS": 629852,
      "systemtime": 278119,
      "usertime": 5917099
     },
     "172841925979": {
      "maxRSS": 630236,
      "systemtime": 278119,
      "usertime": 5921127
     },
     "172841928072": {
      "maxRSS": 630748,
      "systemtime": 278119,
      "usertime": 5925139
     },
     "172841930180": {
      "maxRSS": 631132,
      "systemtime": 278119,
      "usertime": 5925152
     },
     "172841932268": {
      "maxRSS": 631516,
      "systemtime": 278119,
      "usertime": 5929178
     },
     "172841934379": {
      "maxRSS": 632028,
      "systemtime": 278121,
      "usertime": 5929220
     },
     "172841936504": {
      "maxRSS": 632412,
      "systemtime": 278121,
      "usertime": 5933248
     },
     "172841938617": {
      "maxRSS": 632796,
      "systemtime": 278121,
      "usertime": 5933267
     },
     "172841940693": {
      "maxRSS": 633308,
      "systemtime": 278121,
      "usertime": 5937282
     },
     "172841942812": {
      "maxRSS": 633692,
      "systemtime": 278122,
      "usertime": 5937305
     },
     "172841944944": {
      "maxRSS": 634076,
      "systemtime": 278123,
      "usertime": 5941362
     },
     "172841947021": {
      "maxRSS": 634460,
      "systemtime": 278124,
      "usertime": 5941378
     },
     "172841949182": {
      "maxRSS": 634844,
      "systemtime": 278124,
      "usertime": 5945424
     },
     "172841951326": {
      "maxRSS": 635356,
      "systemtime": 278126,
      "usertime": 5945454
     },
     "172841953453": {
      "maxRSS": 635740,
      "systemtime": 278127,
      "usertime": 5949502
     },
     "172841955572": {
      "maxRSS": 636124,
      "systemtime": 278128,
      "usertime": 5949524
     },
     "172841957682": {
      "maxRSS": 636636,
      "systemtime": 278128,
      "usertime": 5953538
     },
     "172841959786": {
      "maxRSS": 637020,
      "systemtime": 278128,
      "usertime": 5953559
     },
     "172841961882": {
      "maxRSS": 637532,
      "systemtime": 278129,
      "usertime": 5957603
     },
     "172841963974": {
      "maxRSS": 637788,
      "systemtime": 278130,
      "usertime": 5957628
     },
     "172841966117": {
      "maxRSS": 638172,
      "systemtime": 278130,
      "usertime": 5961731
     },
     "172841968278": {
      "maxRSS": 638684,
      "systemtime": 278130,
      "usertime": 5965767
     },
     "172841970381": {
      "maxRSS": 639068,
      "systemtime": 278130,
      "usertime": 5965797
     },
     "172841972486": {
      "maxRSS": 639580,
      "systemtime": 278130,
      "usertime": 5969826
     },
     "172841974640": {
      "maxRSS": 639964,
      "systemtime": 278130,
      "usertime": 5969884
     },
     "172841976750": {
      "maxRSS": 640348,
      "systemtime": 278130,
      "usertime": 5973927
     },
     "172841978857": {
      "maxRSS": 640732,
      "systemtime": 278130,
      "usertime": 5973965
     },
     "172841980989": {
      "maxRSS": 641244,
      "systemtime": 278130,
      "usertime": 5978002
     },
     "172841983094": {
      "maxRSS": 641628,
      "systemtime": 278130,
      "usertime": 5978038
     },
     "172841985281": {
      "maxRSS": 642140,
      "systemtime": 278130,
      "usertime": 5982154
     },
     "172841987396": {
      "maxRSS": 642524,
      "systemtime": 278130,
      "usertime": 5982197
     },
     "172841989489": {
      "maxRSS": 642908,
      "systemtime": 278130,
      "usertime": 5986232
     },
     "172841991588": {
      "maxRSS": 643420,
      "systemtime": 278130,
      "usertime": 5986257
     },
     "172841993837": {
      "maxRSS": 643804,
      "systemtime": 278130,
      "usertime": 5990366
     },
     "172841995946": {
      "maxRSS": 644188,
      "systemtime": 278130,
      "usertime": 5990403
     },
     "172841998108": {
      "maxRSS": 644572,
      "systemtime": 278130,
      "usertime": 5994475
     },
     "172842000219": {
      "maxRSS": 644956,
      "systemtime": 278130,
      "usertime": 5998520
     },
     "172842002443": {
      "maxRSS": 645340,
      "systemtime": 278130,
      "usertime": 5998598
     },
     "172842004565": {
      "maxRSS": 645596,
      "systemtime": 282013,
      "usertime": 5998822
     },
     "172842006688": {
      "maxRSS": 645852,
      "systemtime": 282014,
      "usertime": 5998860
     },
     "172842008831": {
      "maxRSS": 645980,
      "systemtime": 282015,
      "usertime": 6002891
     },
     "172842010986": {
      "maxRSS": 646108,
      "systemtime": 282017,
      "usertime": 6002950
     },
     "172842013127": {
      "maxRSS": 646364,
      "systemtime": 282017,
      "usertime": 6006979
     },
     "172842015316": {
      "maxRSS": 646620,
      "systemtime": 282022,
      "usertime": 6007078
     },
     "172842017465": {
      "maxRSS": 647004,
      "systemtime": 282023,
      "usertime": 6011125
     },
     "172842019677": {
      "maxRSS": 647260,
      "systemtime": 282028,
      "usertime": 6011236
     },
     "172842021802": {
      "maxRSS": 647644,
      "systemtime": 286059,
      "usertime": 6011277
     },
     "172842023962": {
      "maxRSS": 647900,
      "systemtime": 286061,
      "usertime": 6011314
     },
     "172842026143": {
      "maxRSS": 647900,
      "systemtime": 286062,
      "usertime": 6015369
     },
     "172842028340": {
      "maxRSS": 647900,
      "systemtime": 286065,
      "usertime": 6019464
     },
     "172842030502": {
      "maxRSS": 647900,
      "systemtime": 286068,
      "usertime": 6019515
     },
     "172842032632": {
      "maxRSS": 647900,
      "systemtime": 286068,
      "usertime": 6023537
     },
     "172842034785": {
      "maxRSS": 647900,
      "systemtime": 286101,
      "usertime": 6024258
     },
     "172842035108": {
      "maxRSS": 647900,
      "systemtime": 286212,
      "usertime": 6026590
     },
     "172842036172": {
      "maxRSS": 647900,
      "systemtime": 286212,
      "usertime": 6027551
     },
     "172842037311": {
      "maxRSS": 647900,
      "systemtime": 286212,
      "usertime": 6027626
     },
     "172842038404": {
      "maxRSS": 647900,
      "systemtime": 286212,
      "usertime": 6027656
     },
     "172842039502": {
      "maxRSS": 647900,
      "systemtime": 286212,
      "usertime": 6027681
     },
     "172842040595": {
      "maxRSS": 647900,
      "systemtime": 286212,
      "usertime": 6031703
     },
     "172842041713": {
      "maxRSS": 647900,
      "systemtime": 286212,
      "usertime": 6031738
     },
     "172842042819": {
      "maxRSS": 647900,
      "systemtime": 286212,
      "usertime": 6031777
     },
     "172842043940": {
      "maxRSS": 647900,
      "systemtime": 286212,
      "usertime": 6031827
     },
     "172842045232": {
      "maxRSS": 647900,
      "systemtime": 289940,
      "usertime": 6032365
     },
     "172842046338": {
      "maxRSS": 647900,
      "systemtime": 289941,
      "usertime": 6032399
     },
     "172842047433": {
      "maxRSS": 647900,
      "systemtime": 289943,
      "usertime": 6032425
     },
     "172842048536": {
      "maxRSS": 647900,
      "systemtime": 289944,
      "usertime": 6032457
     },
     "172842049643": {
      "maxRSS": 647900,
      "systemtime": 289980,
      "usertime": 6037233
     },
     "172842050744": {
      "maxRSS": 647900,
      "systemtime": 289982,
      "usertime": 6037269
     },
     "172842051931": {
      "maxRSS": 647900,
      "systemtime": 289987,
      "usertime": 6037380
     },
     "172842053243": {
      "maxRSS": 647900,
      "systemtime": 289987,
      "usertime": 6040594
     },
     "172842054403": {
      "maxRSS": 647900,
      "systemtime": 289987,
      "usertime": 6040646
     },
     "172842055522": {
      "maxRSS": 647900,
      "systemtime": 289987,
      "usertime": 6040691
     },
     "172842056628": {
      "maxRSS": 647900,
      "systemtime": 289987,
      "usertime": 6044752
     },
     "172842057757": {
      "maxRSS": 647900,
      "systemtime": 289987,
      "usertime": 6044791
     },
     "172842059287": {
      "maxRSS": 647900,
      "systemtime": 289987,
      "usertime": 6045250
     },
     "172842060398": {
      "maxRSS": 647900,
      "systemtime": 289987,
      "usertime": 6049336
     },
     "172842061513": {
      "maxRSS": 647900,
      "systemtime": 289987,
      "usertime": 6049376
     },
     "172842062641": {
      "maxRSS": 647900,
      "systemtime": 289987,
      "usertime": 6049425
     },
     "172842063757": {
      "maxRSS": 647900,
      "systemtime": 289987,
      "usertime": 6049465
     },
     "172842064865": {
      "maxRSS": 647900,
      "systemtime": 289987,
      "usertime": 6053433
     },
     "172842065975": {
      "maxRSS": 647900,
      "systemtime": 289987,
      "usertime": 6053479
     },
     "172842067077": {
      "maxRSS": 647900,
      "systemtime": 289988,
      "usertime": 6053509
     },
     "172842068180": {
      "maxRSS": 647900,
      "systemtime": 289988,
      "usertime": 6057523
     },
     "172842069322": {
      "maxRSS": 647900,
      "systemtime": 289990,
      "usertime": 6057581
     },
     "172842070439": {
      "maxRSS": 647900,
      "systemtime": 289993,
      "usertime": 6057633
     },
     "172842071547": {
      "maxRSS": 647900,
      "systemtime": 289995,
      "usertime": 6057674
     },
     "172842072647": {
      "maxRSS": 647900,
      "systemtime": 289995,
      "usertime": 6061705
     },
     "172842073784": {
      "maxRSS": 647900,
      "systemtime": 289998,
      "usertime": 6061769
     },
     "172842074916": {
      "maxRSS": 647900,
      "systemtime": 290001,
      "usertime": 6061829
     },
     "172842076045": {
      "maxRSS": 647900,
      "systemtime": 290001,
      "usertime": 6065874
     },
     "172842077168": {
      "maxRSS": 647900,
      "systemtime": 290004,
      "usertime": 6065918
     },
     "172842078306": {
      "maxRSS": 647900,
      "systemtime": 290006,
      "usertime": 6065964
     },
     "172842079426": {
      "maxRSS": 647900,
      "systemtime": 290008,
      "usertime": 6066009
     },
     "172842080577": {
      "maxRSS": 647900,
      "systemtime": 290010,
      "usertime": 6070084
     },
     "172842081715": {
      "maxRSS": 647900,
      "systemtime": 290013,
      "usertime": 6070148
     },
     "172842082848": {
      "maxRSS": 647900,
      "systemtime": 290016,
      "usertime": 6070198
     },
     "172842083985": {
      "maxRSS": 647900,
      "systemtime": 290018,
      "usertime": 6070242
     },
     "172842085117": {
      "maxRSS": 647900,
      "systemtime": 290018,
      "usertime": 6074879
     },
     "172842086236": {
      "maxRSS": 647900,
      "systemtime": 290018,
      "usertime": 6074931
     },
     "172842087395": {
      "maxRSS": 647900,
      "systemtime": 290018,
      "usertime": 6075019
     },
     "172842088510": {
      "maxRSS": 647900,
      "systemtime": 290018,
      "usertime": 6078498
     },
     "172842089611": {
      "maxRSS": 647900,
      "systemtime": 290018,
      "usertime": 6078533
     },
     "172842090714": {
      "maxRSS": 647900,
      "systemtime": 290018,
      "usertime": 6078562
     },
     "172842091848": {
      "maxRSS": 647900,
      "systemtime": 290018,
      "usertime": 6078623
     },
     "172842092969": {
      "maxRSS": 647900,
      "systemtime": 290018,
      "usertime": 6082654
     },
     "172842094131": {
      "maxRSS": 647900,
      "systemtime": 290018,
      "usertime": 6082739
     },
     "172842095281": {
      "maxRSS": 647900,
      "systemtime": 290018,
      "usertime": 6082819
     },
     "172842096397": {
      "maxRSS": 647900,
      "systemtime": 290018,
      "usertime": 6086909
     },
     "172842097497": {
      "maxRSS": 647900,
      "systemtime": 290018,
      "usertime": 6086942
     },
     "172842098615": {
      "maxRSS": 647900,
      "systemtime": 290018,
      "usertime": 6086986
     },
     "172842099773": {
      "maxRSS": 647900,
      "systemtime": 290018,
      "usertime": 6087044
     },
     "172842100892": {
      "maxRSS": 647900,
      "systemtime": 290018,
      "usertime": 6091122
     },
     "172842102042": {
      "maxRSS": 647900,
      "systemtime": 290018,
      "usertime": 6091197
     },
     "172842103176": {
      "maxRSS": 647900,
      "systemtime": 290018,
      "usertime": 6091247
     },
     "172842104293": {
      "maxRSS": 647900,
      "systemtime": 290018,
      "usertime": 6095219
     },
     "172842105394": {
      "maxRSS": 647900,
      "systemtime": 290018,
      "usertime": 6095259
     },
     "172842106484": {
      "maxRSS": 647900,
      "systemtime": 290018,
      "usertime": 6095281
     },
     "172842107574": {
      "maxRSS": 647900,
      "systemtime": 290018,
      "usertime": 6095304
     },
     "172842108742": {
      "maxRSS": 647900,
      "systemtime": 290018,
      "usertime": 6099350
     },
     "172842109877": {
      "maxRSS": 647900,
      "systemtime": 290018,
      "usertime": 6099402
     },
     "172842111080": {
      "maxRSS": 647900,
      "systemtime": 290018,
      "usertime": 6099503
     },
     "172842112193": {
      "maxRSS": 647900,
      "systemtime": 290018,
      "usertime": 6103553
     },
     "172842113295": {
      "maxRSS": 647900,
      "systemtime": 290018,
      "usertime": 6103586
     },
     "172842114395": {
      "maxRSS": 647900,
      "systemtime": 290018,
      "usertime": 6103617
     },
     "172842115542": {
      "maxRSS": 647900,
      "systemtime": 290018,
      "usertime": 6103683
     },
     "172842116676": {
      "maxRSS": 647900,
      "systemtime": 290018,
      "usertime": 6107729
     },
     "172842117802": {
      "maxRSS": 647900,
      "systemtime": 290018,
      "usertime": 6107769
     },
     "172842118931": {
      "maxRSS": 647900,
      "systemtime": 290018,
      "usertime": 6107815
     },
     "172842120054": {
      "maxRSS": 647900,
      "systemtime": 290018,
      "usertime": 6111892
     },
     "172842121190": {
      "maxRSS": 647900,
      "systemtime": 290018,
      "usertime": 6111922
     },
     "172842122342": {
      "maxRSS": 647900,
      "systemtime": 290018,
      "usertime": 6111986
     },
     "172842123439": {
      "maxRSS": 647900,
      "systemtime": 290018,
      "usertime": 6112012
     },
     "172842124551": {
      "maxRSS": 647900,
      "systemtime": 290018,
      "usertime": 6116039
     },
     "172842125666": {
      "maxRSS": 647900,
      "systemtime": 290018,
      "usertime": 6116073
     },
     "172842126796": {
      "maxRSS": 647900,
      "systemtime": 290018,
      "usertime": 6116127
     },
     "172842127932": {
      "maxRSS": 647900,
      "systemtime": 290018,
      "usertime": 6116173
     },
     "172842129100": {
      "maxRSS": 647900,
      "systemtime": 290018,
      "usertime": 6120272
     },
     "172842130224": {
      "maxRSS": 647900,
      "systemtime": 290018,
      "usertime": 6120320
     },
     "172842131333": {
      "maxRSS": 647900,
      "systemtime": 290018,
      "usertime": 6120356
     },
     "172842132440": {
      "maxRSS": 647900,
      "systemtime": 290018,
      "usertime": 6124386
     },
     "172842133551": {
      "maxRSS": 647900,
      "systemtime": 290018,
      "usertime": 6124422
     },
     "172842134671": {
      "maxRSS": 647900,
      "systemtime": 290018,
      "usertime": 6124462
     },
     "172842135849": {
      "maxRSS": 647900,
      "systemtime": 290018,
      "usertime": 6124517
     },
     "172842137098": {
      "maxRSS": 647900,
      "systemtime": 290018,
      "usertime": 6128711
     },
     "172842138231": {
      "maxRSS": 647900,
      "systemtime": 290018,
      "usertime": 6128764
     },
     "172842139373": {
      "maxRSS": 647900,
      "systemtime": 290018,
      "usertime": 6128799
     },
     "172842140470": {
      "maxRSS": 647900,
      "systemtime": 290018,
      "usertime": 6132802
     },
     "172842141569": {
      "maxRSS": 647900,
      "systemtime": 290018,
      "usertime": 6132834
     },
     "172842142697": {
      "maxRSS": 647900,
      "systemtime": 290018,
      "usertime": 6132889
     },
     "172842143862": {
      "maxRSS": 647900,
      "systemtime": 290018,
      "usertime": 6132981
     },
     "172842144997": {
      "maxRSS": 647900,
      "systemtime": 290018,
      "usertime": 6137065
     },
     "172842146147": {
      "maxRSS": 647900,
      "systemtime": 290018,
      "usertime": 6137125
     },
     "172842147301": {
      "maxRSS": 647900,
      "systemtime": 290018,
      "usertime": 6137207
     },
     "172842148420": {
      "maxRSS": 647900,
      "systemtime": 290018,
      "usertime": 6141216
     },
     "172842149537": {
      "maxRSS": 647900,
      "systemtime": 290018,
      "usertime": 6141256
     },
     "172842150701": {
      "maxRSS": 647900,
      "systemtime": 290018,
      "usertime": 6141337
     },
     "172842151818": {
      "maxRSS": 647900,
      "systemtime": 290018,
      "usertime": 6141380
     },
     "172842152951": {
      "maxRSS": 647900,
      "systemtime": 290018,
      "usertime": 6145554
     },
     "172842154071": {
      "maxRSS": 647900,
      "systemtime": 290018,
      "usertime": 6145597
     },
     "172842155176": {
      "maxRSS": 647900,
      "systemtime": 290018,
      "usertime": 6145632
     },
     "172842156300": {
      "maxRSS": 647900,
      "systemtime": 290018,
      "usertime": 6149535
     },
     "172842157407": {
      "maxRSS": 647900,
      "systemtime": 290018,
      "usertime": 6149575
     },
     "172842158505": {
      "maxRSS": 647900,
      "systemtime": 290018,
      "usertime": 6149598
     },
     "172842159610": {
      "maxRSS": 647900,
      "systemtime": 290018,
      "usertime": 6149629
     },
     "172842160733": {
      "maxRSS": 647900,
      "systemtime": 290018,
      "usertime": 6153672
     },
     "172842161873": {
      "maxRSS": 647900,
      "systemtime": 290018,
      "usertime": 6153729
     },
     "172842162986": {
      "maxRSS": 647900,
      "systemtime": 290018,
      "usertime": 6153770
     },
     "172842164066": {
      "maxRSS": 647900,
      "systemtime": 290018,
      "usertime": 6157791
     },
     "172842165209": {
      "maxRSS": 647900,
      "systemtime": 290018,
      "usertime": 6157866
     },
     "172842166340": {
      "maxRSS": 647900,
      "systemtime": 290018,
      "usertime": 6157905
     },
     "172842167474": {
      "maxRSS": 647900,
      "systemtime": 290018,
      "usertime": 6157953
     },
     "172842168636": {
      "maxRSS": 647900,
      "systemtime": 290018,
      "usertime": 6162046
     },
     "172842169760": {
      "maxRSS": 647900,
      "systemtime": 290018,
      "usertime": 6162092
     },
     "172842170891": {
      "maxRSS": 647900,
      "systemtime": 290018,
      "usertime": 6162139
     },
     "172842172073": {
      "maxRSS": 647900,
      "systemtime": 290018,
      "usertime": 6166171
     },
     "172842173191": {
      "maxRSS": 647900,
      "systemtime": 290018,
      "usertime": 6166219
     },
     "172842174331": {
      "maxRSS": 647900,
      "systemtime": 290018,
      "usertime": 6166284
     },
     "172842175463": {
      "maxRSS": 647900,
      "systemtime": 290018,
      "usertime": 6166327
     },
     "172842176590": {
      "maxRSS": 647900,
      "systemtime": 290018,
      "usertime": 6170387
     },
     "172842177737": {
      "maxRSS": 647900,
      "systemtime": 290018,
      "usertime": 6170431
     },
     "172842178947": {
      "maxRSS": 647900,
      "systemtime": 290018,
      "usertime": 6170572
     },
     "172842181068": {
      "maxRSS": 647900,
      "systemtime": 290018,
      "usertime": 6174691
     },
     "172842183197": {
      "maxRSS": 647900,
      "systemtime": 290018,
      "usertime": 6174738
     },
     "172842185325": {
      "maxRSS": 647900,
      "systemtime": 290018,
      "usertime": 6178800
     },
     "172842187471": {
      "maxRSS": 647900,
      "systemtime": 290018,
      "usertime": 6178860
     },
     "172842189598": {
      "maxRSS": 647900,
      "systemtime": 290018,
      "usertime": 6182825
     },
     "172842191772": {
      "maxRSS": 647900,
      "systemtime": 290018,
      "usertime": 6182930
     },
     "172842193904": {
      "maxRSS": 647900,
      "systemtime": 290018,
      "usertime": 6186988
     },
     "172842196139": {
      "maxRSS": 647900,
      "systemtime": 290018,
      "usertime": 6191094
     },
     "172842198282": {
      "maxRSS": 647900,
      "systemtime": 290021,
      "usertime": 6191148
     },
     "172842200434": {
      "maxRSS": 647900,
      "systemtime": 290022,
      "usertime": 6195196
     },
     "172842202598": {
      "maxRSS": 647900,
      "systemtime": 290026,
      "usertime": 6195284
     },
     "172842205737": {
      "maxRSS": 647900,
      "systemtime": 290094,
      "usertime": 6200759
     },
     "172842208041": {
      "maxRSS": 647900,
      "systemtime": 290094,
      "usertime": 6203443
     },
     "172842212077": {
      "maxRSS": 647900,
      "systemtime": 290094,
      "usertime": 6207534
     },
     "172842214336": {
      "maxRSS": 647900,
      "systemtime": 290094,
      "usertime": 6207695
     },
     "172842216459": {
      "maxRSS": 647900,
      "systemtime": 290094,
      "usertime": 6211746
     },
     "172842218673": {
      "maxRSS": 647900,
      "systemtime": 290094,
      "usertime": 6211848
     },
     "172842220810": {
      "maxRSS": 647900,
      "systemtime": 290094,
      "usertime": 6215939
     },
     "172842222994": {
      "maxRSS": 647900,
      "systemtime": 290094,
      "usertime": 6216063
     },
     "172842225120": {
      "maxRSS": 647900,
      "systemtime": 290094,
      "usertime": 6220076
     },
     "172842227302": {
      "maxRSS": 647900,
      "systemtime": 290094,
      "usertime": 6220147
     },
     "172842229474": {
      "maxRSS": 647900,
      "systemtime": 290094,
      "usertime": 6224250
     },
     "172842231602": {
      "maxRSS": 647900,
      "systemtime": 290094,
      "usertime": 6224304
     },
     "172842233733": {
      "maxRSS": 647900,
      "systemtime": 290094,
      "usertime": 6228309
     },
     "172842235951": {
      "maxRSS": 647900,
      "systemtime": 290094,
      "usertime": 6228449
     },
     "172842238177": {
      "maxRSS": 647900,
      "systemtime": 290094,
      "usertime": 6232525
     },
     "172842240298": {
      "maxRSS": 647900,
      "systemtime": 290094,
      "usertime": 6236617
     },
     "172842242431": {
      "maxRSS": 647900,
      "systemtime": 290094,
      "usertime": 6236695
     },
     "172842245288": {
      "maxRSS": 647900,
      "systemtime": 290094,
      "usertime": 6240759
     },
     "172842247425": {
      "maxRSS": 647900,
      "systemtime": 290094,
      "usertime": 6240818
     },
     "172842249728": {
      "maxRSS": 647900,
      "systemtime": 290094,
      "usertime": 6244985
     },
     "172842251919": {
      "maxRSS": 647900,
      "systemtime": 290094,
      "usertime": 6245050
     },
     "172842254045": {
      "maxRSS": 647900,
      "systemtime": 290094,
      "usertime": 6249100
     },
     "172842256161": {
      "maxRSS": 647900,
      "systemtime": 290094,
      "usertime": 6253143
     },
     "172842258304": {
      "maxRSS": 647900,
      "systemtime": 290096,
      "usertime": 6253188
     },
     "172842260445": {
      "maxRSS": 647900,
      "systemtime": 290102,
      "usertime": 6257352
     },
     "172842262607": {
      "maxRSS": 647900,
      "systemtime": 290105,
      "usertime": 6257417
     },
     "172842264757": {
      "maxRSS": 647900,
      "systemtime": 290123,
      "usertime": 6261840
     },
     "172842266906": {
      "maxRSS": 647900,
      "systemtime": 290126,
      "usertime": 6261894
     },
     "172842269052": {
      "maxRSS": 647900,
      "systemtime": 290126,
      "usertime": 6265534
     },
     "172842271238": {
      "maxRSS": 647900,
      "systemtime": 290126,
      "usertime": 6265594
     },
     "172842273361": {
      "maxRSS": 647900,
      "systemtime": 290126,
      "usertime": 6269599
     },
     "172842275503": {
      "maxRSS": 647900,
      "systemtime": 290126,
      "usertime": 6269651
     },
     "172842277712": {
      "maxRSS": 647900,
      "systemtime": 290126,
      "usertime": 6273789
     },
     "172842279846": {
      "maxRSS": 647900,
      "systemtime": 290126,
      "usertime": 6273849
     },
     "172842281980": {
      "maxRSS": 647900,
      "systemtime": 290126,
      "usertime": 6277878
     },
     "172842284076": {
      "maxRSS": 647900,
      "systemtime": 290126,
      "usertime": 6281906
     },
     "172842286234": {
      "maxRSS": 647900,
      "systemtime": 290126,
      "usertime": 6281971
     },
     "172842288359": {
      "maxRSS": 647900,
      "systemtime": 290126,
      "usertime": 6286022
     },
     "172842290518": {
      "maxRSS": 647900,
      "systemtime": 290127,
      "usertime": 6286102
     },
     "172842292642": {
      "maxRSS": 647900,
      "systemtime": 290128,
      "usertime": 6290156
     },
     "172842294794": {
      "maxRSS": 647900,
      "systemtime": 290131,
      "usertime": 6290221
     },
     "172842296923": {
      "maxRSS": 647900,
      "systemtime": 290133,
      "usertime": 6294281
     },
     "172842299048": {
      "maxRSS": 647900,
      "systemtime": 290135,
      "usertime": 6294326
     },
     "172842301186": {
      "maxRSS": 647900,
      "systemtime": 290136,
      "usertime": 6298380
     },
     "172842303640": {
      "maxRSS": 647900,
      "systemtime": 290153,
      "usertime": 6298742
     },
     "172842305754": {
      "maxRSS": 647900,
      "systemtime": 290154,
      "usertime": 6302791
     },
     "172842307859": {
      "maxRSS": 647900,
      "systemtime": 290155,
      "usertime": 6302821
     },
     "172842310002": {
      "maxRSS": 647900,
      "systemtime": 290155,
      "usertime": 6306862
     },
     "172842312066": {
      "maxRSS": 647900,
      "systemtime": 290158,
      "usertime": 6310941
     },
     "172842314217": {
      "maxRSS": 647900,
      "systemtime": 290160,
      "usertime": 6310998
     },
     "172842316377": {
      "maxRSS": 647900,
      "systemtime": 290161,
      "usertime": 6315050
     },
     "172842318584": {
      "maxRSS": 647900,
      "systemtime": 290167,
      "usertime": 6315171
     },
     "172842320723": {
      "maxRSS": 647900,
      "systemtime": 290169,
      "usertime": 6319243
     },
     "172842322854": {
      "maxRSS": 647900,
      "systemtime": 290171,
      "usertime": 6319298
     },
     "172842324980": {
      "maxRSS": 647900,
      "systemtime": 290172,
      "usertime": 6323340
     },
     "172842327103": {
      "maxRSS": 647900,
      "systemtime": 290174,
      "usertime": 6323391
     },
     "172842329234": {
      "maxRSS": 647900,
      "systemtime": 290176,
      "usertime": 6327454
     },
     "172842331406": {
      "maxRSS": 647900,
      "systemtime": 290179,
      "usertime": 6327528
     },
     "172842333544": {
      "maxRSS": 647900,
      "systemtime": 290180,
      "usertime": 6331584
     },
     "172842335702": {
      "maxRSS": 647900,
      "systemtime": 290183,
      "usertime": 6331649
     },
     "172842337857": {
      "maxRSS": 647900,
      "systemtime": 290185,
      "usertime": 6335725
     },
     "172842339993": {
      "maxRSS": 647900,
      "systemtime": 290188,
      "usertime": 6335782
     },
     "172842342147": {
      "maxRSS": 647900,
      "systemtime": 290188,
      "usertime": 6339838
     },
     "172842344556": {
      "maxRSS": 647900,
      "systemtime": 290188,
      "usertime": 6344174
     },
     "172842346670": {
      "maxRSS": 647900,
      "systemtime": 290188,
      "usertime": 6344218
     },
     "172842348803": {
      "maxRSS": 647900,
      "systemtime": 290188,
      "usertime": 6348243
     },
     "172842350925": {
      "maxRSS": 647900,
      "systemtime": 290188,
      "usertime": 6348284
     },
     "172842353105": {
      "maxRSS": 647900,
      "systemtime": 290188,
      "usertime": 6352391
     },
     "172842355232": {
      "maxRSS": 647900,
      "systemtime": 290188,
      "usertime": 6352439
     },
     "172842357424": {
      "maxRSS": 647900,
      "systemtime": 290188,
      "usertime": 6356643
     },
     "172842359552": {
      "maxRSS": 647900,
      "systemtime": 290188,
      "usertime": 6356691
     },
     "172842361722": {
      "maxRSS": 647900,
      "systemtime": 290188,
      "usertime": 6360647
     },
     "172842363878": {
      "maxRSS": 647900,
      "systemtime": 290188,
      "usertime": 6360714
     },
     "172842366045": {
      "maxRSS": 647900,
      "systemtime": 290188,
      "usertime": 6364780
     },
     "172842368172": {
      "maxRSS": 647900,
      "systemtime": 290188,
      "usertime": 6368946
     },
     "172842370337": {
      "maxRSS": 647900,
      "systemtime": 290188,
      "usertime": 6369025
     },
     "172842372499": {
      "maxRSS": 647900,
      "systemtime": 290188,
      "usertime": 6373016
     },
     "172842374609": {
      "maxRSS": 647900,
      "systemtime": 290188,
      "usertime": 6373051
     },
     "172842376765": {
      "maxRSS": 647900,
      "systemtime": 290188,
      "usertime": 6377102
     },
     "172842378913": {
      "maxRSS": 647900,
      "systemtime": 290188,
      "usertime": 6377167
     },
     "172842381041": {
      "maxRSS": 647900,
      "systemtime": 290188,
      "usertime": 6381218
     },
     "172842383248": {
      "maxRSS": 647900,
      "systemtime": 290188,
      "usertime": 6381279
     },
     "172842385461": {
      "maxRSS": 647900,
      "systemtime": 290188,
      "usertime": 6385413
     },
     "172842387597": {
      "maxRSS": 647900,
      "systemtime": 290188,
      "usertime": 6385464
     },
     "172842389753": {
      "maxRSS": 647900,
      "systemtime": 290188,
      "usertime": 6389495
     },
     "172842391885": {
      "maxRSS": 647900,
      "systemtime": 290188,
      "usertime": 6389543
     },
     "172842394042": {
      "maxRSS": 647900,
      "systemtime": 290188,
      "usertime": 6393610
     },
     "172842396163": {
      "maxRSS": 647900,
      "systemtime": 290188,
      "usertime": 6397671
     },
     "172842398334": {
      "maxRSS": 647900,
      "systemtime": 290188,
      "usertime": 6397759
     },
     "172842400470": {
      "maxRSS": 647900,
      "systemtime": 290188,
      "usertime": 6401811
     },
     "172842402626": {
      "maxRSS": 647900,
      "systemtime": 290188,
      "usertime": 6401877
     },
     "172842404763": {
      "maxRSS": 647900,
      "systemtime": 290188,
      "usertime": 6405945
     },
     "172842406911": {
      "maxRSS": 647900,
      "systemtime": 290188,
      "usertime": 6406006
     },
     "172842409064": {
      "maxRSS": 647900,
      "systemtime": 290188,
      "usertime": 6410069
     },
     "172842411252": {
      "maxRSS": 647900,
      "systemtime": 290188,
      "usertime": 6410166
     },
     "172842413374": {
      "maxRSS": 647900,
      "systemtime": 290188,
      "usertime": 6414275
     },
     "172842415495": {
      "maxRSS": 647900,
      "systemtime": 290188,
      "usertime": 6414318
     },
     "172842417628": {
      "maxRSS": 647900,
      "systemtime": 290188,
      "usertime": 6418331
     },
     "172842419780": {
      "maxRSS": 647900,
      "systemtime": 290188,
      "usertime": 6418392
     },
     "172842421901": {
      "maxRSS": 647900,
      "systemtime": 290188,
      "usertime": 6422435
     },
     "172842424047": {
      "maxRSS": 647900,
      "systemtime": 290188,
      "usertime": 6426469
     },
     "172842426277": {
      "maxRSS": 647900,
      "systemtime": 290188,
      "usertime": 6426594
     },
     "172842428451": {
      "maxRSS": 647900,
      "systemtime": 290188,
      "usertime": 6430703
     },
     "172842430605": {
      "maxRSS": 647900,
      "systemtime": 290188,
      "usertime": 6430772
     },
     "172842432767": {
      "maxRSS": 647900,
      "systemtime": 290188,
      "usertime": 6434828
     },
     "172842434914": {
      "maxRSS": 647900,
      "systemtime": 290188,
      "usertime": 6434885
     },
     "172842437047": {
      "maxRSS": 647900,
      "systemtime": 290188,
      "usertime": 6438943
     },
     "172842439215": {
      "maxRSS": 648028,
      "systemtime": 290188,
      "usertime": 6439035
     },
     "172842441355": {
      "maxRSS": 648028,
      "systemtime": 290188,
      "usertime": 6443292
     },
     "172842443558": {
      "maxRSS": 648028,
      "systemtime": 290188,
      "usertime": 6443360
     },
     "172842446018": {
      "maxRSS": 648028,
      "systemtime": 290188,
      "usertime": 6447299
     },
     "172842448142": {
      "maxRSS": 648028,
      "systemtime": 290188,
      "usertime": 6451339
     },
     "172842450286": {
      "maxRSS": 648028,
      "systemtime": 290188,
      "usertime": 6451385
     },
     "172842452765": {
      "maxRSS": 648028,
      "systemtime": 290188,
      "usertime": 6455485
     },
     "172842455466": {
      "maxRSS": 648028,
      "systemtime": 290188,
      "usertime": 6455589
     },
     "172842457595": {
      "maxRSS": 648028,
      "systemtime": 290188,
      "usertime": 6459691
     },
     "172842459720": {
      "maxRSS": 648028,
      "systemtime": 290188,
      "usertime": 6459738
     },
     "172842463848": {
      "maxRSS": 648028,
      "systemtime": 290188,
      "usertime": 6463742
     },
     "172842467998": {
      "maxRSS": 648028,
      "systemtime": 294001,
      "usertime": 6463998
     },
     "172842472176": {
      "maxRSS": 648028,
      "systemtime": 294004,
      "usertime": 6468099
     },
     "172842476303": {
      "maxRSS": 648028,
      "systemtime": 294027,
      "usertime": 6472639
     },
     "172842480431": {
      "maxRSS": 648028,
      "systemtime": 294027,
      "usertime": 6480185
     },
     "172842484588": {
      "maxRSS": 648028,
      "systemtime": 294027,
      "usertime": 6484245
     },
     "172842488720": {
      "maxRSS": 648028,
      "systemtime": 294027,
      "usertime": 6488306
     },
     "172842492874": {
      "maxRSS": 648028,
      "systemtime": 294027,
      "usertime": 6492364
     },
     "172842497008": {
      "maxRSS": 648028,
      "systemtime": 294027,
      "usertime": 6496416
     },
     "172842501751": {
      "maxRSS": 648028,
      "systemtime": 294038,
      "usertime": 6501068
     },
     "172842505885": {
      "maxRSS": 648028,
      "systemtime": 294039,
      "usertime": 6505116
     },
     "172842510026": {
      "maxRSS": 648028,
      "systemtime": 294040,
      "usertime": 6509171
     },
     "172842514166": {
      "maxRSS": 648028,
      "systemtime": 294058,
      "usertime": 6513603
     },
     "172842518311": {
      "maxRSS": 648028,
      "systemtime": 294058,
      "usertime": 6517303
     },
     "172842522433": {
      "maxRSS": 648028,
      "systemtime": 294058,
      "usertime": 6521318
     },
     "172842526601": {
      "maxRSS": 648028,
      "systemtime": 294058,
      "usertime": 6525405
     },
     "172842530739": {
      "maxRSS": 648028,
      "systemtime": 294058,
      "usertime": 6529625
     },
     "172842534868": {
      "maxRSS": 648028,
      "systemtime": 294058,
      "usertime": 6533509
     },
     "172842539013": {
      "maxRSS": 648028,
      "systemtime": 294058,
      "usertime": 6537569
     },
     "172842543184": {
      "maxRSS": 648028,
      "systemtime": 294058,
      "usertime": 6541620
     },
     "172842547325": {
      "maxRSS": 648028,
      "systemtime": 294058,
      "usertime": 6545677
     },
     "172842551484": {
      "maxRSS": 648028,
      "systemtime": 294058,
      "usertime": 6549756
     },
     "172842555601": {
      "maxRSS": 648028,
      "systemtime": 294058,
      "usertime": 6553799
     },
     "172842559743": {
      "maxRSS": 648028,
      "systemtime": 294058,
      "usertime": 6557833
     },
     "172842563896": {
      "maxRSS": 648028,
      "systemtime": 294058,
      "usertime": 6561880
     },
     "172842568008": {
      "maxRSS": 648028,
      "systemtime": 294058,
      "usertime": 6569926
     },
     "172842572080": {
      "maxRSS": 648028,
      "systemtime": 294058,
      "usertime": 6573963
     },
     "172842576200": {
      "maxRSS": 648028,
      "systemtime": 294058,
      "usertime": 6578021
     },
     "172842580300": {
      "maxRSS": 648028,
      "systemtime": 294058,
      "usertime": 6582057
     },
     "172842584406": {
      "maxRSS": 648028,
      "systemtime": 294058,
      "usertime": 6586097
     },
     "172842588539": {
      "maxRSS": 648028,
      "systemtime": 294058,
      "usertime": 6590131
     },
     "172842592669": {
      "maxRSS": 648028,
      "systemtime": 294058,
      "usertime": 6594175
     },
     "172842596820": {
      "maxRSS": 648028,
      "systemtime": 294058,
      "usertime": 6598226
     },
     "172842600962": {
      "maxRSS": 648028,
      "systemtime": 294058,
      "usertime": 6602281
     },
     "172842605124": {
      "maxRSS": 648028,
      "systemtime": 294058,
      "usertime": 6606366
     },
     "172842609280": {
      "maxRSS": 648028,
      "systemtime": 294058,
      "usertime": 6610427
     },
     "172842613432": {
      "maxRSS": 648028,
      "systemtime": 294058,
      "usertime": 6614473
     },
     "172842617572": {
      "maxRSS": 648028,
      "systemtime": 294058,
      "usertime": 6618505
     },
     "172842621702": {
      "maxRSS": 648028,
      "systemtime": 294058,
      "usertime": 6622538
     },
     "172842625797": {
      "maxRSS": 648028,
      "systemtime": 294058,
      "usertime": 6628341
     },
     "172842626916": {
      "maxRSS": 648028,
      "systemtime": 294058,
      "usertime": 6628388
     },
     "172842627453": {
      "maxRSS": 648028,
      "systemtime": 294058,
      "usertime": 6630039
     },
     "172842628538": {
      "maxRSS": 648028,
      "systemtime": 294058,
      "usertime": 6630640
     },
     "172842629619": {
      "maxRSS": 648028,
      "systemtime": 294058,
      "usertime": 6630659
     },
     "172842630702": {
      "maxRSS": 648028,
      "systemtime": 294058,
      "usertime": 6630675
     },
     "172842631782": {
      "maxRSS": 648028,
      "systemtime": 294058,
      "usertime": 6630691
     },
     "172842632882": {
      "maxRSS": 648028,
      "systemtime": 294058,
      "usertime": 6634721
     },
     "172842633958": {
      "maxRSS": 648028,
      "systemtime": 294058,
      "usertime": 6634737
     },
     "172842635031": {
      "maxRSS": 648028,
      "systemtime": 294058,
      "usertime": 6634750
     },
     "172842636102": {
      "maxRSS": 648028,
      "systemtime": 294058,
      "usertime": 6638766
     },
     "172842637175": {
      "maxRSS": 648028,
      "systemtime": 294058,
      "usertime": 6638780
     },
     "172842638249": {
      "maxRSS": 648028,
      "systemtime": 294058,
      "usertime": 6638794
     },
     "172842639351": {
      "maxRSS": 648028,
      "systemtime": 294058,
      "usertime": 6638831
     },
     "172842640495": {
      "maxRSS": 648028,
      "systemtime": 294058,
      "usertime": 6642856
     },
     "172842641575": {
      "maxRSS": 648028,
      "systemtime": 294058,
      "usertime": 6642875
     },
     "172842642683": {
      "maxRSS": 648028,
      "systemtime": 294058,
      "usertime": 6642892
     },
     "172842643753": {
      "maxRSS": 648028,
      "systemtime": 294058,
      "usertime": 6642902
     },
     "172842644880": {
      "maxRSS": 648028,
      "systemtime": 294058,
      "usertime": 6646932
     },
     "172842646000": {
      "maxRSS": 648028,
      "systemtime": 294058,
      "usertime": 6646957
     },
     "172842647162": {
      "maxRSS": 648028,
      "systemtime": 294058,
      "usertime": 6647028
     },
     "172842648250": {
      "maxRSS": 648028,
      "systemtime": 294058,
      "usertime": 6651041
     },
     "172842649356": {
      "maxRSS": 648028,
      "systemtime": 294058,
      "usertime": 6651055
     },
     "172842650474": {
      "maxRSS": 648028,
      "systemtime": 294058,
      "usertime": 6651073
     },
     "172842651588": {
      "maxRSS": 648028,
      "systemtime": 294058,
      "usertime": 6651092
     },
     "172842652693": {
      "maxRSS": 648028,
      "systemtime": 294058,
      "usertime": 6655101
     },
     "172842653787": {
      "maxRSS": 648028,
      "systemtime": 294058,
      "usertime": 6655134
     },
     "172842654890": {
      "maxRSS": 648028,
      "systemtime": 294058,
      "usertime": 6655146
     },
     "172842655992": {
      "maxRSS": 648028,
      "systemtime": 294058,
      "usertime": 6655156
     },
     "172842657106": {
      "maxRSS": 648028,
      "systemtime": 294058,
      "usertime": 6659173
     },
     "172842658182": {
      "maxRSS": 648028,
      "systemtime": 294058,
      "usertime": 6659185
     },
     "172842659290": {
      "maxRSS": 648028,
      "systemtime": 294058,
      "usertime": 6659199
     },
     "172842660383": {
      "maxRSS": 648028,
      "systemtime": 294058,
      "usertime": 6663239
     },
     "172842661493": {
      "maxRSS": 648028,
      "systemtime": 294058,
      "usertime": 6663253
     },
     "172842662596": {
      "maxRSS": 648028,
      "systemtime": 294058,
      "usertime": 6663263
     },
     "172842663689": {
      "maxRSS": 648028,
      "systemtime": 294058,
      "usertime": 6663281
     },
     "172842664794": {
      "maxRSS": 648028,
      "systemtime": 294058,
      "usertime": 6667306
     },
     "172842665939": {
      "maxRSS": 648028,
      "systemtime": 294058,
      "usertime": 6667331
     },
     "172842667054": {
      "maxRSS": 648028,
      "systemtime": 294058,
      "usertime": 6667378
     },
     "172842668130": {
      "maxRSS": 648028,
      "systemtime": 294058,
      "usertime": 6671395
     },
     "172842669237": {
      "maxRSS": 648028,
      "systemtime": 294058,
      "usertime": 6671407
     },
     "172842670346": {
      "maxRSS": 648028,
      "systemtime": 294058,
      "usertime": 6671415
     },
     "172842671446": {
      "maxRSS": 648028,
      "systemtime": 294058,
      "usertime": 6671425
     },
     "172842672550": {
      "maxRSS": 648028,
      "systemtime": 294058,
      "usertime": 6675432
     },
     "172842673647": {
      "maxRSS": 648028,
      "systemtime": 294058,
      "usertime": 6675464
     },
     "172842674757": {
      "maxRSS": 648028,
      "systemtime": 294058,
      "usertime": 6675497
     },
     "172842675849": {
      "maxRSS": 648028,
      "systemtime": 294058,
      "usertime": 6675520
     },
     "172842676944": {
      "maxRSS": 648028,
      "systemtime": 294058,
      "usertime": 6679548
     },
     "172842678048": {
      "maxRSS": 648028,
      "systemtime": 294058,
      "usertime": 6679573
     },
     "172842679168": {
      "maxRSS": 648028,
      "systemtime": 294058,
      "usertime": 6679597
     },
     "172842680246": {
      "maxRSS": 648028,
      "systemtime": 294058,
      "usertime": 6683621
     },
     "172842681387": {
      "maxRSS": 648028,
      "systemtime": 294058,
      "usertime": 6683661
     },
     "172842682488": {
      "maxRSS": 648028,
      "systemtime": 294058,
      "usertime": 6683671
     },
     "172842683568": {
      "maxRSS": 648028,
      "systemtime": 294058,
      "usertime": 6683684
     },
     "172842684642": {
      "maxRSS": 648028,
      "systemtime": 294058,
      "usertime": 6687693
     },
     "172842685750": {
      "maxRSS": 648028,
      "systemtime": 294058,
      "usertime": 6687707
     },
     "172842686857": {
      "maxRSS": 648028,
      "systemtime": 294058,
      "usertime": 6687722
     },
     "172842687985": {
      "maxRSS": 648028,
      "systemtime": 294058,
      "usertime": 6687758
     },
     "172842689094": {
      "maxRSS": 648028,
      "systemtime": 294058,
      "usertime": 6691773
     },
     "172842690203": {
      "maxRSS": 648028,
      "systemtime": 294058,
      "usertime": 6691788
     },
     "172842691296": {
      "maxRSS": 648028,
      "systemtime": 294058,
      "usertime": 6691810
     },
     "172842692426": {
      "maxRSS": 648028,
      "systemtime": 294058,
      "usertime": 6695842
     },
     "172842693549": {
      "maxRSS": 648028,
      "systemtime": 294058,
      "usertime": 6695858
     },
     "172842694691": {
      "maxRSS": 648028,
      "systemtime": 294058,
      "usertime": 6695896
     },
     "172842695782": {
      "maxRSS": 648028,
      "systemtime": 294058,
      "usertime": 6695912
     },
     "172842696865": {
      "maxRSS": 648028,
      "systemtime": 294058,
      "usertime": 6699924
     },
     "172842698004": {
      "maxRSS": 648156,
      "systemtime": 294058,
      "usertime": 6699962
     },
     "172842699115": {
      "maxRSS": 648412,
      "systemtime": 294058,
      "usertime": 6699978
     },
     "172842700190": {
      "maxRSS": 648540,
      "systemtime": 294058,
      "usertime": 6703992
     },
     "172842701331": {
      "maxRSS": 648796,
      "systemtime": 294058,
      "usertime": 6704040
     },
     "172842702436": {
      "maxRSS": 649052,
      "systemtime": 294058,
      "usertime": 6704051
     },
     "172842703517": {
      "maxRSS": 649180,
      "systemtime": 294058,
      "usertime": 6704063
     },
     "172842704637": {
      "maxRSS": 649436,
      "systemtime": 294058,
      "usertime": 6708087
     },
     "172842705742": {
      "maxRSS": 649564,
      "systemtime": 294058,
      "usertime": 6708101
     },
     "172842706866": {
      "maxRSS": 649820,
      "systemtime": 294058,
      "usertime": 6708119
     },
     "172842707987": {
      "maxRSS": 650076,
      "systemtime": 294058,
      "usertime": 6708166
     },
     "172842709162": {
      "maxRSS": 650204,
      "systemtime": 297797,
      "usertime": 6708487
     },
     "172842710248": {
      "maxRSS": 650460,
      "systemtime": 297798,
      "usertime": 6708506
     },
     "172842711327": {
      "maxRSS": 650716,
      "systemtime": 297798,
      "usertime": 6708521
     },
     "172842712401": {
      "maxRSS": 650844,
      "systemtime": 297798,
      "usertime": 6712535
     },
     "172842713471": {
      "maxRSS": 651100,
      "systemtime": 297798,
      "usertime": 6712546
     },
     "172842714553": {
      "maxRSS": 651228,
      "systemtime": 297799,
      "usertime": 6712562
     },
     "172842715678": {
      "maxRSS": 651484,
      "systemtime": 297802,
      "usertime": 6712620
     },
     "172842716776": {
      "maxRSS": 651612,
      "systemtime": 301830,
      "usertime": 6712707
     },
     "172842717857": {
      "maxRSS": 651868,
      "systemtime": 301831,
      "usertime": 6712728
     },
     "172842718950": {
      "maxRSS": 651996,
      "systemtime": 301832,
      "usertime": 6712760
     },
     "172842720021": {
      "maxRSS": 652252,
      "systemtime": 301832,
      "usertime": 6716683
     },
     "172842721128": {
      "maxRSS": 652508,
      "systemtime": 301832,
      "usertime": 6716710
     },
     "172842722249": {
      "maxRSS": 652636,
      "systemtime": 301832,
      "usertime": 6716765
     },
     "172842723351": {
      "maxRSS": 652892,
      "systemtime": 301832,
      "usertime": 6716783
     },
     "172842724445": {
      "maxRSS": 653148,
      "systemtime": 301832,
      "usertime": 6720793
     },
     "172842725561": {
      "maxRSS": 653404,
      "systemtime": 301832,
      "usertime": 6720808
     },
     "172842726670": {
      "maxRSS": 653532,
      "systemtime": 301833,
      "usertime": 6720825
     },
     "172842727758": {
      "maxRSS": 653788,
      "systemtime": 301834,
      "usertime": 6720840
     },
     "172842728897": {
      "maxRSS": 654044,
      "systemtime": 301836,
      "usertime": 6724907
     },
     "172842729994": {
      "maxRSS": 654300,
      "systemtime": 301836,
      "usertime": 6724921
     },
     "172842731079": {
      "maxRSS": 654428,
      "systemtime": 301837,
      "usertime": 6724938
     },
     "172842732164": {
      "maxRSS": 654684,
      "systemtime": 301837,
      "usertime": 6728968
     },
     "172842733253": {
      "maxRSS": 654812,
      "systemtime": 301838,
      "usertime": 6728986
     },
     "172842734398": {
      "maxRSS": 655068,
      "systemtime": 301841,
      "usertime": 6729044
     },
     "172842735509": {
      "maxRSS": 655324,
      "systemtime": 301842,
      "usertime": 6729072
     },
     "172842736654": {
      "maxRSS": 655452,
      "systemtime": 301843,
      "usertime": 6733119
     },
     "172842737777": {
      "maxRSS": 655708,
      "systemtime": 301844,
      "usertime": 6733154
     },
     "172842738868": {
      "maxRSS": 655964,
      "systemtime": 301845,
      "usertime": 6733176
     },
     "172842739942": {
      "maxRSS": 656220,
      "systemtime": 301846,
      "usertime": 6733190
     },
     "172842741041": {
      "maxRSS": 656348,
      "systemtime": 301846,
      "usertime": 6737205
     },
     "172842742178": {
      "maxRSS": 656604,
      "systemtime": 301847,
      "usertime": 6737225
     },
     "172842743318": {
      "maxRSS": 656860,
      "systemtime": 301848,
      "usertime": 6737268
     },
     "172842744398": {
      "maxRSS": 656988,
      "systemtime": 301848,
      "usertime": 6741285
     },
     "172842745495": {
      "maxRSS": 657244,
      "systemtime": 301849,
      "usertime": 6741304
     },
     "172842746593": {
      "maxRSS": 657500,
      "systemtime": 301850,
      "usertime": 6741325
     },
     "172842747682": {
      "maxRSS": 657628,
      "systemtime": 301851,
      "usertime": 6741348
     },
     "172842748786": {
      "maxRSS": 657884,
      "systemtime": 301851,
      "usertime": 6745369
     },
     "172842749896": {
      "maxRSS": 658012,
      "systemtime": 301852,
      "usertime": 6745407
     },
     "172842750999": {
      "maxRSS": 658268,
      "systemtime": 301853,
      "usertime": 6745428
     },
     "172842752019": {
      "maxRSS": 658396,
      "systemtime": 301854,
      "usertime": 6745444
     },
     "172842753089": {
      "maxRSS": 658652,
      "systemtime": 305878,
      "usertime": 6745444
     },
     "172842754164": {
      "maxRSS": 658780,
      "systemtime": 305879,
      "usertime": 6745456
     },
     "172842755249": {
      "maxRSS": 659036,
      "systemtime": 305880,
      "usertime": 6745477
     },
     "172842756365": {
      "maxRSS": 659164,
      "systemtime": 305880,
      "usertime": 6749502
     },
     "172842757444": {
      "maxRSS": 659420,
      "systemtime": 305881,
      "usertime": 6749520
     },
     "172842758526": {
      "maxRSS": 659676,
      "systemtime": 305882,
      "usertime": 6749537
     },
     "172842759608": {
      "maxRSS": 659804,
      "systemtime": 305883,
      "usertime": 6749553
     },
     "172842760688": {
      "maxRSS": 660060,
      "systemtime": 305883,
      "usertime": 6753571
     },
     "172842761801": {
      "maxRSS": 660316,
      "systemtime": 305883,
      "usertime": 6753589
     },
     "172842762884": {
      "maxRSS": 660572,
      "systemtime": 305884,
      "usertime": 6753610
     },
     "172842764031": {
      "maxRSS": 660700,
      "systemtime": 305885,
      "usertime": 6757656
     },
     "172842765115": {
      "maxRSS": 660956,
      "systemtime": 305886,
      "usertime": 6757674
     },
     "172842766227": {
      "maxRSS": 661212,
      "systemtime": 305888,
      "usertime": 6757713
     },
     "172842767312": {
      "maxRSS": 661340,
      "systemtime": 305889,
      "usertime": 6757732
     },
     "172842769398": {
      "maxRSS": 661724,
      "systemtime": 309914,
      "usertime": 6757741
     },
     "172842771494": {
      "maxRSS": 662236,
      "systemtime": 309915,
      "usertime": 6757760
     },
     "172842773629": {
      "maxRSS": 662620,
      "systemtime": 309915,
      "usertime": 6761784
     },
     "172842775752": {
      "maxRSS": 663132,
      "systemtime": 309916,
      "usertime": 6761804
     },
     "172842777862": {
      "maxRSS": 663516,
      "systemtime": 309916,
      "usertime": 6765847
     },
     "172842779964": {
      "maxRSS": 663900,
      "systemtime": 309918,
      "usertime": 6765873
     },
     "172842782054": {
      "maxRSS": 664284,
      "systemtime": 309920,
      "usertime": 6769955
     },
     "172842784105": {
      "maxRSS": 664796,
      "systemtime": 313890,
      "usertime": 6769955
     },
     "172842786210": {
      "maxRSS": 665180,
      "systemtime": 313931,
      "usertime": 6769955
     },
     "172842788294": {
      "maxRSS": 665564,
      "systemtime": 313944,
      "usertime": 6773966
     },
     "172842790409": {
      "maxRSS": 665948,
      "systemtime": 313945,
      "usertime": 6773986
     },
     "172842792494": {
      "maxRSS": 666460,
      "systemtime": 313945,
      "usertime": 6778006
     },
     "172842794615": {
      "maxRSS": 666844,
      "systemtime": 313947,
      "usertime": 6778035
     },
     "172842796719": {
      "maxRSS": 667228,
      "systemtime": 313947,
      "usertime": 6782075
     },
     "172842798860": {
      "maxRSS": 667612,
      "systemtime": 313950,
      "usertime": 6782129
     },
     "172842800962": {
      "maxRSS": 667996,
      "systemtime": 313952,
      "usertime": 6786202
     },
     "172842803087": {
      "maxRSS": 668380,
      "systemtime": 313953,
      "usertime": 6786227
     },
     "172842805202": {
      "maxRSS": 668892,
      "systemtime": 313953,
      "usertime": 6790212
     },
     "172842807315": {
      "maxRSS": 669276,
      "systemtime": 313953,
      "usertime": 6790229
     },
     "172842809441": {
      "maxRSS": 669660,
      "systemtime": 313953,
      "usertime": 6794248
     },
     "172842811564": {
      "maxRSS": 670044,
      "systemtime": 313953,
      "usertime": 6794272
     },
     "172842813751": {
      "maxRSS": 670684,
      "systemtime": 313954,
      "usertime": 6798321
     },
     "172842815885": {
      "maxRSS": 671068,
      "systemtime": 313956,
      "usertime": 6798368
     },
     "172842817981": {
      "maxRSS": 671452,
      "systemtime": 317982,
      "usertime": 6798376
     },
     "172842820070": {
      "maxRSS": 671964,
      "systemtime": 317982,
      "usertime": 6802392
     },
     "172842822211": {
      "maxRSS": 672348,
      "systemtime": 317983,
      "usertime": 6802430
     },
     "172842824308": {
      "maxRSS": 672732,
      "systemtime": 317985,
      "usertime": 6806508
     },
     "172842826424": {
      "maxRSS": 673116,
      "systemtime": 317988,
      "usertime": 6806553
     },
     "172842828518": {
      "maxRSS": 673500,
      "systemtime": 317988,
      "usertime": 6810526
     },
     "172842830614": {
      "maxRSS": 674012,
      "systemtime": 317988,
      "usertime": 6810548
     },
     "172842832709": {
      "maxRSS": 674396,
      "systemtime": 317988,
      "usertime": 6814572
     },
     "172842834836": {
      "maxRSS": 674780,
      "systemtime": 317988,
      "usertime": 6814603
     },
     "172842836921": {
      "maxRSS": 675164,
      "systemtime": 317988,
      "usertime": 6818627
     },
     "172842839055": {
      "maxRSS": 675548,
      "systemtime": 317989,
      "usertime": 6818665
     },
     "172842841171": {
      "maxRSS": 676060,
      "systemtime": 317989,
      "usertime": 6822683
     },
     "172842843251": {
      "maxRSS": 676060,
      "systemtime": 317990,
      "usertime": 6822702
     },
     "172842845380": {
      "maxRSS": 676060,
      "systemtime": 317990,
      "usertime": 6826735
     },
     "172842846848": {
      "maxRSS": 676060,
      "systemtime": 318116,
      "usertime": 6829435
     },
     "172842847933": {
      "maxRSS": 676060,
      "systemtime": 318117,
      "usertime": 6829451
     },
     "172842849086": {
      "maxRSS": 676060,
      "systemtime": 318117,
      "usertime": 6830697
     },
     "172842850181": {
      "maxRSS": 676060,
      "systemtime": 318117,
      "usertime": 6830723
     },
     "172842851274": {
      "maxRSS": 676060,
      "systemtime": 318117,
      "usertime": 6830743
     },
     "172842852349": {
      "maxRSS": 676060,
      "systemtime": 318117,
      "usertime": 6834759
     },
     "172842853422": {
      "maxRSS": 676060,
      "systemtime": 318117,
      "usertime": 6834772
     },
     "172842854533": {
      "maxRSS": 676060,
      "systemtime": 318117,
      "usertime": 6834786
     },
     "172842855640": {
      "maxRSS": 676060,
      "systemtime": 318117,
      "usertime": 6834801
     },
     "172842856779": {
      "maxRSS": 676060,
      "systemtime": 318117,
      "usertime": 6838848
     },
     "172842857852": {
      "maxRSS": 676060,
      "systemtime": 318117,
      "usertime": 6838862
     },
     "172842858976": {
      "maxRSS": 676060,
      "systemtime": 318117,
      "usertime": 6838891
     },
     "172842860028": {
      "maxRSS": 676060,
      "systemtime": 318117,
      "usertime": 6842905
     },
     "172842861129": {
      "maxRSS": 676060,
      "systemtime": 318117,
      "usertime": 6842925
     },
     "172842862214": {
      "maxRSS": 676060,
      "systemtime": 318117,
      "usertime": 6842951
     },
     "172842863336": {
      "maxRSS": 676060,
      "systemtime": 318117,
      "usertime": 6843004
     },
     "172842864418": {
      "maxRSS": 676060,
      "systemtime": 318117,
      "usertime": 6847032
     },
     "172842865505": {
      "maxRSS": 676060,
      "systemtime": 318117,
      "usertime": 6847057
     },
     "172842866595": {
      "maxRSS": 676060,
      "systemtime": 318117,
      "usertime": 6847078
     },
     "172842867779": {
      "maxRSS": 676060,
      "systemtime": 318117,
      "usertime": 6847128
     },
     "172842868863": {
      "maxRSS": 676060,
      "systemtime": 318117,
      "usertime": 6851147
     },
     "172842869990": {
      "maxRSS": 676060,
      "systemtime": 318117,
      "usertime": 6851182
     },
     "172842871093": {
      "maxRSS": 676060,
      "systemtime": 318117,
      "usertime": 6851194
     },
     "172842872165": {
      "maxRSS": 676060,
      "systemtime": 318117,
      "usertime": 6855206
     },
     "172842873272": {
      "maxRSS": 676060,
      "systemtime": 318117,
      "usertime": 6855221
     },
     "172842874348": {
      "maxRSS": 676060,
      "systemtime": 318117,
      "usertime": 6855237
     },
     "172842875430": {
      "maxRSS": 676060,
      "systemtime": 318117,
      "usertime": 6855259
     },
     "172842876535": {
      "maxRSS": 676060,
      "systemtime": 318117,
      "usertime": 6859297
     },
     "172842877623": {
      "maxRSS": 676060,
      "systemtime": 318117,
      "usertime": 6859319
     },
     "172842878713": {
      "maxRSS": 676060,
      "systemtime": 318117,
      "usertime": 6859341
     },
     "172842879805": {
      "maxRSS": 676060,
      "systemtime": 318117,
      "usertime": 6859363
     },
     "172842880886": {
      "maxRSS": 676060,
      "systemtime": 318117,
      "usertime": 6863383
     },
     "172842881959": {
      "maxRSS": 676060,
      "systemtime": 318117,
      "usertime": 6863397
     },
     "172842883052": {
      "maxRSS": 676060,
      "systemtime": 318117,
      "usertime": 6863418
     },
     "172842884162": {
      "maxRSS": 676060,
      "systemtime": 318117,
      "usertime": 6867470
     },
     "172842885253": {
      "maxRSS": 676060,
      "systemtime": 318117,
      "usertime": 6867493
     },
     "172842886334": {
      "maxRSS": 676060,
      "systemtime": 318117,
      "usertime": 6867512
     },
     "172842887412": {
      "maxRSS": 676060,
      "systemtime": 318117,
      "usertime": 6867525
     },
     "172842888481": {
      "maxRSS": 676060,
      "systemtime": 318117,
      "usertime": 6871532
     },
     "172842889562": {
      "maxRSS": 676060,
      "systemtime": 318117,
      "usertime": 6871546
     },
     "172842890695": {
      "maxRSS": 676060,
      "systemtime": 318117,
      "usertime": 6871608
     },
     "172842891775": {
      "maxRSS": 676060,
      "systemtime": 318117,
      "usertime": 6871624
     },
     "172842892846": {
      "maxRSS": 676060,
      "systemtime": 318117,
      "usertime": 6875637
     },
     "172842893922": {
      "maxRSS": 676060,
      "systemtime": 318117,
      "usertime": 6875651
     },
     "172842895019": {
      "maxRSS": 676060,
      "systemtime": 318117,
      "usertime": 6875676
     },
     "172842896117": {
      "maxRSS": 676060,
      "systemtime": 318117,
      "usertime": 6879706
     },
     "172842897231": {
      "maxRSS": 676060,
      "systemtime": 318117,
      "usertime": 6879754
     },
     "172842898340": {
      "maxRSS": 676060,
      "systemtime": 318117,
      "usertime": 6879783
     },
     "172842899442": {
      "maxRSS": 676060,
      "systemtime": 318117,
      "usertime": 6879811
     },
     "172842900556": {
      "maxRSS": 676060,
      "systemtime": 318117,
      "usertime": 6883852
     },
     "172842901675": {
      "maxRSS": 676060,
      "systemtime": 318117,
      "usertime": 6883890
     },
     "172842902787": {
      "maxRSS": 676060,
      "systemtime": 318117,
      "usertime": 6883935
     },
     "172842903940": {
      "maxRSS": 676060,
      "systemtime": 318117,
      "usertime": 6884003
     },
     "172842905047": {
      "maxRSS": 676060,
      "systemtime": 318117,
      "usertime": 6888030
     },
     "172842906161": {
      "maxRSS": 676060,
      "systemtime": 318117,
      "usertime": 6888066
     },
     "172842907266": {
      "maxRSS": 676060,
      "systemtime": 318117,
      "usertime": 6888103
     },
     "172842908382": {
      "maxRSS": 676060,
      "systemtime": 318117,
      "usertime": 6892225
     },
     "172842910208": {
      "maxRSS": 676060,
      "systemtime": 318117,
      "usertime": 6892321
     },
     "172842911442": {
      "maxRSS": 676060,
      "systemtime": 318117,
      "usertime": 6892399
     },
     "172842912703": {
      "maxRSS": 676060,
      "systemtime": 318117,
      "usertime": 6896407
     },
     "172842914295": {
      "maxRSS": 676060,
      "systemtime": 318117,
      "usertime": 6896926
     },
     "172842915643": {
      "maxRSS": 676060,
      "systemtime": 318117,
      "usertime": 6897130
     },
     "172842916767": {
      "maxRSS": 676060,
      "systemtime": 318117,
      "usertime": 6901170
     },
     "172842917894": {
      "maxRSS": 676060,
      "systemtime": 318117,
      "usertime": 6901207
     },
     "172842919144": {
      "maxRSS": 676060,
      "systemtime": 318117,
      "usertime": 6901283
     },
     "172842920812": {
      "maxRSS": 676060,
      "systemtime": 318117,
      "usertime": 6905878
     },
     "172842921934": {
      "maxRSS": 676060,
      "systemtime": 318117,
      "usertime": 6905917
     },
     "172842923040": {
      "maxRSS": 676060,
      "systemtime": 318117,
      "usertime": 6905952
     },
     "172842924076": {
      "maxRSS": 676060,
      "systemtime": 318117,
      "usertime": 6909974
     },
     "172842925187": {
      "maxRSS": 676060,
      "systemtime": 318118,
      "usertime": 6910008
     },
     "172842926350": {
      "maxRSS": 676060,
      "systemtime": 318120,
      "usertime": 6910052
     },
     "172842927522": {
      "maxRSS": 676060,
      "systemtime": 318123,
      "usertime": 6910129
     },
     "172842928713": {
      "maxRSS": 676060,
      "systemtime": 318126,
      "usertime": 6914208
     },
     "172842929828": {
      "maxRSS": 676060,
      "systemtime": 318128,
      "usertime": 6914251
     },
     "172842930950": {
      "maxRSS": 676060,
      "systemtime": 318129,
      "usertime": 6914283
     },
     "172842932036": {
      "maxRSS": 676060,
      "systemtime": 318129,
      "usertime": 6918288
     },
     "172842933143": {
      "maxRSS": 676060,
      "systemtime": 318129,
      "usertime": 6918319
     },
     "172842934306": {
      "maxRSS": 676060,
      "systemtime": 318133,
      "usertime": 6918396
     },
     "172842935465": {
      "maxRSS": 676060,
      "systemtime": 318135,
      "usertime": 6918446
     },
     "172842936773": {
      "maxRSS": 676060,
      "systemtime": 318151,
      "usertime": 6922821
     },
     "172842938677": {
      "maxRSS": 676060,
      "systemtime": 318154,
      "usertime": 6922877
     },
     "172842939901": {
      "maxRSS": 676060,
      "systemtime": 318156,
      "usertime": 6922926
     },
     "172842941229": {
      "maxRSS": 676060,
      "systemtime": 318156,
      "usertime": 6926778
     },
     "172842942514": {
      "maxRSS": 676060,
      "systemtime": 318157,
      "usertime": 6926976
     },
     "172842944107": {
      "maxRSS": 676060,
      "systemtime": 318162,
      "usertime": 6931105
     },
     "172842945292": {
      "maxRSS": 676060,
      "systemtime": 318165,
      "usertime": 6931170
     },
     "172842947090": {
      "maxRSS": 676060,
      "systemtime": 318167,
      "usertime": 6931226
     },
     "172842948204": {
      "maxRSS": 676060,
      "systemtime": 318167,
      "usertime": 6935251
     },
     "172842950150": {
      "maxRSS": 676060,
      "systemtime": 318170,
      "usertime": 6935301
     },
     "172842951300": {
      "maxRSS": 676060,
      "systemtime": 318172,
      "usertime": 6935360
     },
     "172842952525": {
      "maxRSS": 676060,
      "systemtime": 318177,
      "usertime": 6939494
     },
     "172842953680": {
      "maxRSS": 676060,
      "systemtime": 318180,
      "usertime": 6939560
     },
     "172842954802": {
      "maxRSS": 676060,
      "systemtime": 318182,
      "usertime": 6939603
     },
     "172842955915": {
      "maxRSS": 676060,
      "systemtime": 318184,
      "usertime": 6939639
     },
     "172842957021": {
      "maxRSS": 676060,
      "systemtime": 318186,
      "usertime": 6943724
     },
     "172842958120": {
      "maxRSS": 676060,
      "systemtime": 318188,
      "usertime": 6943749
     },
     "172842959284": {
      "maxRSS": 676060,
      "systemtime": 318191,
      "usertime": 6943825
     },
     "172842960440": {
      "maxRSS": 676060,
      "systemtime": 318191,
      "usertime": 6947851
     },
     "172842961548": {
      "maxRSS": 676060,
      "systemtime": 318193,
      "usertime": 6947891
     },
     "172842962666": {
      "maxRSS": 676060,
      "systemtime": 318195,
      "usertime": 6947930
     },
     "172842963769": {
      "maxRSS": 676060,
      "systemtime": 318196,
      "usertime": 6947954
     },
     "172842964882": {
      "maxRSS": 676060,
      "systemtime": 318196,
      "usertime": 6951966
     },
     "172842965990": {
      "maxRSS": 676060,
      "systemtime": 318197,
      "usertime": 6952007
     },
     "172842967093": {
      "maxRSS": 676060,
      "systemtime": 318198,
      "usertime": 6952034
     },
     "172842968209": {
      "maxRSS": 676060,
      "systemtime": 318199,
      "usertime": 6956088
     },
     "172842969359": {
      "maxRSS": 676060,
      "systemtime": 318202,
      "usertime": 6956151
     },
     "172842970478": {
      "maxRSS": 676060,
      "systemtime": 318204,
      "usertime": 6956195
     },
     "172842971583": {
      "maxRSS": 676060,
      "systemtime": 318206,
      "usertime": 6956224
     },
     "172842972691": {
      "maxRSS": 676060,
      "systemtime": 318206,
      "usertime": 6960242
     },
     "172842973827": {
      "maxRSS": 676060,
      "systemtime": 318208,
      "usertime": 6960302
     },
     "172842974958": {
      "maxRSS": 676060,
      "systemtime": 318210,
      "usertime": 6960349
     },
     "172842976055": {
      "maxRSS": 676060,
      "systemtime": 318211,
      "usertime": 6964393
     },
     "172842977188": {
      "maxRSS": 676060,
      "systemtime": 318213,
      "usertime": 6964435
     },
     "172842978326": {
      "maxRSS": 676060,
      "systemtime": 318215,
      "usertime": 6964478
     },
     "172842979441": {
      "maxRSS": 676060,
      "systemtime": 318216,
      "usertime": 6964516
     },
     "172842980596": {
      "maxRSS": 676060,
      "systemtime": 318218,
      "usertime": 6968589
     },
     "172842981704": {
      "maxRSS": 676060,
      "systemtime": 318220,
      "usertime": 6968619
     },
     "172842982804": {
      "maxRSS": 676060,
      "systemtime": 318221,
      "usertime": 6968644
     },
     "172842983930": {
      "maxRSS": 676060,
      "systemtime": 318223,
      "usertime": 6968689
     },
     "172842985062": {
      "maxRSS": 676060,
      "systemtime": 318226,
      "usertime": 6972775
     },
     "172842986186": {
      "maxRSS": 676060,
      "systemtime": 318228,
      "usertime": 6972821
     },
     "172842987340": {
      "maxRSS": 676060,
      "systemtime": 318231,
      "usertime": 6972888
     },
     "172842988424": {
      "maxRSS": 676060,
      "systemtime": 318231,
      "usertime": 6976876
     },
     "172842989541": {
      "maxRSS": 676060,
      "systemtime": 318231,
      "usertime": 6976898
     },
     "172842990647": {
      "maxRSS": 676060,
      "systemtime": 318231,
      "usertime": 6976909
     },
     "172842991751": {
      "maxRSS": 676060,
      "systemtime": 318232,
      "usertime": 6976935
     },
     "172842992869": {
      "maxRSS": 676060,
      "systemtime": 318232,
      "usertime": 6980983
     },
     "172842994119": {
      "maxRSS": 676060,
      "systemtime": 318237,
      "usertime": 6981086
     },
     "172842996261": {
      "maxRSS": 676060,
      "systemtime": 318239,
      "usertime": 6985157
     },
     "172842998415": {
      "maxRSS": 676060,
      "systemtime": 318241,
      "usertime": 6985206
     },
     "172843000530": {
      "maxRSS": 676060,
      "systemtime": 318242,
      "usertime": 6989242
     },
     "172843002655": {
      "maxRSS": 676060,
      "systemtime": 318244,
      "usertime": 6989285
     },
     "172843004758": {
      "maxRSS": 676060,
      "systemtime": 318244,
      "usertime": 6993319
     },
     "172843006877": {
      "maxRSS": 676060,
      "systemtime": 318246,
      "usertime": 6993369
     },
     "172843009016": {
      "maxRSS": 676060,
      "systemtime": 318248,
      "usertime": 6997431
     },
     "172843011150": {
      "maxRSS": 676060,
      "systemtime": 318250,
      "usertime": 6997480
     },
     "172843013276": {
      "maxRSS": 676060,
      "systemtime": 318251,
      "usertime": 7001531
     },
     "172843015388": {
      "maxRSS": 676060,
      "systemtime": 318253,
      "usertime": 7001568
     },
     "172843017514": {
      "maxRSS": 676060,
      "systemtime": 318253,
      "usertime": 7005608
     },
     "172843019649": {
      "maxRSS": 676060,
      "systemtime": 318255,
      "usertime": 7005658
     },
     "172843021846": {
      "maxRSS": 676060,
      "systemtime": 318259,
      "usertime": 7009776
     },
     "172843023983": {
      "maxRSS": 676060,
      "systemtime": 318262,
      "usertime": 7009829
     },
     "172843026171": {
      "maxRSS": 676060,
      "systemtime": 318262,
      "usertime": 7013932
     },
     "172843028294": {
      "maxRSS": 676060,
      "systemtime": 318262,
      "usertime": 7017998
     },
     "172843030454": {
      "maxRSS": 676060,
      "systemtime": 318262,
      "usertime": 7018048
     },
     "172843032572": {
      "maxRSS": 676060,
      "systemtime": 318262,
      "usertime": 7022135
     },
     "172843034728": {
      "maxRSS": 676060,
      "systemtime": 318262,
      "usertime": 7022216
     },
     "172843036874": {
      "maxRSS": 676060,
      "systemtime": 318262,
      "usertime": 7026273
     },
     "172843039020": {
      "maxRSS": 676060,
      "systemtime": 318262,
      "usertime": 7026337
     },
     "172843041205": {
      "maxRSS": 676060,
      "systemtime": 318262,
      "usertime": 7030393
     },
     "172843043356": {
      "maxRSS": 676060,
      "systemtime": 318262,
      "usertime": 7030459
     },
     "172843045496": {
      "maxRSS": 676060,
      "systemtime": 318262,
      "usertime": 7034535
     },
     "172843047682": {
      "maxRSS": 676060,
      "systemtime": 318262,
      "usertime": 7034647
     },
     "172843049823": {
      "maxRSS": 676060,
      "systemtime": 318262,
      "usertime": 7038681
     },
     "172843051954": {
      "maxRSS": 676060,
      "systemtime": 318262,
      "usertime": 7038734
     },
     "172843054107": {
      "maxRSS": 676060,
      "systemtime": 318262,
      "usertime": 7043165
     },
     "172843056220": {
      "maxRSS": 676060,
      "systemtime": 318262,
      "usertime": 7046946
     },
     "172843058352": {
      "maxRSS": 676060,
      "systemtime": 318262,
      "usertime": 7046997
     },
     "172843060543": {
      "maxRSS": 676060,
      "systemtime": 318262,
      "usertime": 7051051
     },
     "172843062672": {
      "maxRSS": 676060,
      "systemtime": 318262,
      "usertime": 7051106
     },
     "172843064797": {
      "maxRSS": 676060,
      "systemtime": 318262,
      "usertime": 7055117
     },
     "172843066940": {
      "maxRSS": 676060,
      "systemtime": 318262,
      "usertime": 7055173
     },
     "172843069113": {
      "maxRSS": 676060,
      "systemtime": 318262,
      "usertime": 7055258
     },
     "172843071267": {
      "maxRSS": 676060,
      "systemtime": 318262,
      "usertime": 7060445
     },
     "172843073408": {
      "maxRSS": 676060,
      "systemtime": 318262,
      "usertime": 7063380
     },
     "172843075615": {
      "maxRSS": 676060,
      "systemtime": 318262,
      "usertime": 7063498
     },
     "172843077762": {
      "maxRSS": 676060,
      "systemtime": 318262,
      "usertime": 7067675
     },
     "172843079896": {
      "maxRSS": 676060,
      "systemtime": 318262,
      "usertime": 7067734
     },
     "172843082026": {
      "maxRSS": 676060,
      "systemtime": 318262,
      "usertime": 7071675
     },
     "172843084163": {
      "maxRSS": 676060,
      "systemtime": 318262,
      "usertime": 7075725
     },
     "172843086299": {
      "maxRSS": 676060,
      "systemtime": 318262,
      "usertime": 7075780
     },
     "172843088454": {
      "maxRSS": 676060,
      "systemtime": 318262,
      "usertime": 7079864
     },
     "172843090580": {
      "maxRSS": 676060,
      "systemtime": 318262,
      "usertime": 7079910
     },
     "172843092715": {
      "maxRSS": 676060,
      "systemtime": 318262,
      "usertime": 7083968
     },
     "172843094855": {
      "maxRSS": 676060,
      "systemtime": 318262,
      "usertime": 7084031
     },
     "172843096982": {
      "maxRSS": 676060,
      "systemtime": 318262,
      "usertime": 7088080
     },
     "172843099129": {
      "maxRSS": 676060,
      "systemtime": 318262,
      "usertime": 7088122
     },
     "172843101269": {
      "maxRSS": 676060,
      "systemtime": 318262,
      "usertime": 7092187
     },
     "172843103430": {
      "maxRSS": 676060,
      "systemtime": 318262,
      "usertime": 7092254
     },
     "172843105585": {
      "maxRSS": 676060,
      "systemtime": 318262,
      "usertime": 7096333
     },
     "172843107711": {
      "maxRSS": 676060,
      "systemtime": 318262,
      "usertime": 7096383
     },
     "172843109848": {
      "maxRSS": 676060,
      "systemtime": 318262,
      "usertime": 7100421
     },
     "172843111988": {
      "maxRSS": 676060,
      "systemtime": 318262,
      "usertime": 7100483
     },
     "172843114137": {
      "maxRSS": 676188,
      "systemtime": 318262,
      "usertime": 7104558
     },
     "172843116261": {
      "maxRSS": 676188,
      "systemtime": 318262,
      "usertime": 7108602
     },
     "172843118386": {
      "maxRSS": 676188,
      "systemtime": 318262,
      "usertime": 7108650
     },
     "172843120513": {
      "maxRSS": 676188,
      "systemtime": 318262,
      "usertime": 7113082
     },
     "172843122634": {
      "maxRSS": 676188,
      "systemtime": 318262,
      "usertime": 7113129
     },
     "172843124765": {
      "maxRSS": 676188,
      "systemtime": 318262,
      "usertime": 7116803
     },
     "172843126890": {
      "maxRSS": 676188,
      "systemtime": 318262,
      "usertime": 7116850
     },
     "172843129020": {
      "maxRSS": 676188,
      "systemtime": 318262,
      "usertime": 7120918
     },
     "172843131129": {
      "maxRSS": 676188,
      "systemtime": 318262,
      "usertime": 7120954
     },
     "172843133239": {
      "maxRSS": 676188,
      "systemtime": 318262,
      "usertime": 7124985
     },
     "172843135362": {
      "maxRSS": 676188,
      "systemtime": 318262,
      "usertime": 7125028
     },
     "172843137508": {
      "maxRSS": 676188,
      "systemtime": 318262,
      "usertime": 7129158
     },
     "172843139634": {
      "maxRSS": 676188,
      "systemtime": 318262,
      "usertime": 7129206
     },
     "172843141794": {
      "maxRSS": 676188,
      "systemtime": 318262,
      "usertime": 7133341
     },
     "172843143919": {
      "maxRSS": 676188,
      "systemtime": 318262,
      "usertime": 7133394
     },
     "172843146042": {
      "maxRSS": 676188,
      "systemtime": 318262,
      "usertime": 7137314
     },
     "172843148155": {
      "maxRSS": 676188,
      "systemtime": 318262,
      "usertime": 7141348
     },
     "172843150289": {
      "maxRSS": 676188,
      "systemtime": 318262,
      "usertime": 7141398
     },
     "172843152430": {
      "maxRSS": 676188,
      "systemtime": 318262,
      "usertime": 7145485
     },
     "172843154588": {
      "maxRSS": 676188,
      "systemtime": 318262,
      "usertime": 7145575
     },
     "172843156692": {
      "maxRSS": 676188,
      "systemtime": 318262,
      "usertime": 7149580
     },
     "172843158819": {
      "maxRSS": 676188,
      "systemtime": 318262,
      "usertime": 7149621
     },
     "172843160959": {
      "maxRSS": 676188,
      "systemtime": 318262,
      "usertime": 7153677
     },
     "172843163082": {
      "maxRSS": 676188,
      "systemtime": 318262,
      "usertime": 7153723
     },
     "172843165228": {
      "maxRSS": 676188,
      "systemtime": 318262,
      "usertime": 7157773
     },
     "172843167469": {
      "maxRSS": 676188,
      "systemtime": 318262,
      "usertime": 7157871
     },
     "172843169628": {
      "maxRSS": 676188,
      "systemtime": 318262,
      "usertime": 7161937
     },
     "172843171757": {
      "maxRSS": 676188,
      "systemtime": 318262,
      "usertime": 7161999
     },
     "172843173892": {
      "maxRSS": 676188,
      "systemtime": 318262,
      "usertime": 7166045
     },
     "172843176060": {
      "maxRSS": 676188,
      "systemtime": 318262,
      "usertime": 7166108
     },
     "172843178217": {
      "maxRSS": 676188,
      "systemtime": 318262,
      "usertime": 7170271
     },
     "172843180341": {
      "maxRSS": 676188,
      "systemtime": 318262,
      "usertime": 7174229
     },
     "172843182504": {
      "maxRSS": 676188,
      "systemtime": 318262,
      "usertime": 7174300
     },
     "172843184634": {
      "maxRSS": 676188,
      "systemtime": 318262,
      "usertime": 7178361
     },
     "172843186797": {
      "maxRSS": 676188,
      "systemtime": 318262,
      "usertime": 7178440
     },
     "172843188967": {
      "maxRSS": 676188,
      "systemtime": 318262,
      "usertime": 7182511
     },
     "172843191094": {
      "maxRSS": 676188,
      "systemtime": 318262,
      "usertime": 7182562
     },
     "172843193239": {
      "maxRSS": 676188,
      "systemtime": 318262,
      "usertime": 7186605
     },
     "172843195403": {
      "maxRSS": 676188,
      "systemtime": 318262,
      "usertime": 7186689
     },
     "172843197526": {
      "maxRSS": 676188,
      "systemtime": 318262,
      "usertime": 7190738
     },
     "172843199654": {
      "maxRSS": 676188,
      "systemtime": 318262,
      "usertime": 7190791
     },
     "172843201795": {
      "maxRSS": 676188,
      "systemtime": 318262,
      "usertime": 7194855
     },
     "172843203977": {
      "maxRSS": 676188,
      "systemtime": 318262,
      "usertime": 7194902
     },
     "172843206107": {
      "maxRSS": 676188,
      "systemtime": 318262,
      "usertime": 7198991
     },
     "172843208238": {
      "maxRSS": 676188,
      "systemtime": 318262,
      "usertime": 7203027
     },
     "172843210401": {
      "maxRSS": 676188,
      "systemtime": 318262,
      "usertime": 7203107
     },
     "172843212526": {
      "maxRSS": 676188,
      "systemtime": 318262,
      "usertime": 7207214
     },
     "172843214639": {
      "maxRSS": 676188,
      "systemtime": 318262,
      "usertime": 7207256
     },
     "172843216758": {
      "maxRSS": 676188,
      "systemtime": 318262,
      "usertime": 7211446
     },
     "172843219237": {
      "maxRSS": 676188,
      "systemtime": 318262,
      "usertime": 7211504
     },
     "172843221667": {
      "maxRSS": 676188,
      "systemtime": 318262,
      "usertime": 7215405
     },
     "172843224276": {
      "maxRSS": 676188,
      "systemtime": 318262,
      "usertime": 7219509
     },
     "172843226667": {
      "maxRSS": 676188,
      "systemtime": 318262,
      "usertime": 7219808
     },
     "172843228810": {
      "maxRSS": 676188,
      "systemtime": 318262,
      "usertime": 7223853
     },
     "172843230943": {
      "maxRSS": 676188,
      "systemtime": 318262,
      "usertime": 7223909
     },
     "172843233085": {
      "maxRSS": 676188,
      "systemtime": 318262,
      "usertime": 7227937
     },
     "172843235413": {
      "maxRSS": 676188,
      "systemtime": 318262,
      "usertime": 7227995
     },
     "172843237580": {
      "maxRSS": 676188,
      "systemtime": 318262,
      "usertime": 7232090
     },
     "172843239694": {
      "maxRSS": 676188,
      "systemtime": 318262,
      "usertime": 7232134
     },
     "172843241808": {
      "maxRSS": 676188,
      "systemtime": 318262,
      "usertime": 7236166
     },
     "172843243967": {
      "maxRSS": 676188,
      "systemtime": 318262,
      "usertime": 7236234
     },
     "172843246165": {
      "maxRSS": 676188,
      "systemtime": 318262,
      "usertime": 7240353
     },
     "172843248281": {
      "maxRSS": 676188,
      "systemtime": 318262,
      "usertime": 7244410
     },
     "172843250445": {
      "maxRSS": 676188,
      "systemtime": 318262,
      "usertime": 7244489
     },
     "172843252595": {
      "maxRSS": 676188,
      "systemtime": 318262,
      "usertime": 7248535
     },
     "172843254713": {
      "maxRSS": 676188,
      "systemtime": 318262,
      "usertime": 7248578
     },
     "172843256826": {
      "maxRSS": 676188,
      "systemtime": 318262,
      "usertime": 7252616
     },
     "172843259009": {
      "maxRSS": 676188,
      "systemtime": 318262,
      "usertime": 7252677
     },
     "172843261148": {
      "maxRSS": 676188,
      "systemtime": 318262,
      "usertime": 7257274
     },
     "172843263304": {
      "maxRSS": 676188,
      "systemtime": 318262,
      "usertime": 7257350
     },
     "172843265445": {
      "maxRSS": 676188,
      "systemtime": 318262,
      "usertime": 7260857
     },
     "172843267577": {
      "maxRSS": 676188,
      "systemtime": 318262,
      "usertime": 7260905
     },
     "172843269729": {
      "maxRSS": 676188,
      "systemtime": 318262,
      "usertime": 7264967
     },
     "172843273893": {
      "maxRSS": 676188,
      "systemtime": 318262,
      "usertime": 7269029
     },
     "172843278034": {
      "maxRSS": 676188,
      "systemtime": 318262,
      "usertime": 7273096
     },
     "172843282260": {
      "maxRSS": 676188,
      "systemtime": 318262,
      "usertime": 7277189
     },
     "172843286400": {
      "maxRSS": 676188,
      "systemtime": 318262,
      "usertime": 7281235
     },
     "172843290549": {
      "maxRSS": 676188,
      "systemtime": 318262,
      "usertime": 7285295
     },
     "172843294694": {
      "maxRSS": 676188,
      "systemtime": 318262,
      "usertime": 7289362
     },
     "172843298839": {
      "maxRSS": 676188,
      "systemtime": 318262,
      "usertime": 7293430
     },
     "172843302976": {
      "maxRSS": 676188,
      "systemtime": 318262,
      "usertime": 7297475
     },
     "172843307163": {
      "maxRSS": 676188,
      "systemtime": 318262,
      "usertime": 7301611
     },
     "172843311542": {
      "maxRSS": 676188,
      "systemtime": 318262,
      "usertime": 7305883
     },
     "172843315719": {
      "maxRSS": 676188,
      "systemtime": 318262,
      "usertime": 7310058
     },
     "172843319866": {
      "maxRSS": 676188,
      "systemtime": 318262,
      "usertime": 7313987
     },
     "172843324035": {
      "maxRSS": 676188,
      "systemtime": 318262,
      "usertime": 7322055
     },
     "172843324851": {
      "maxRSS": 676188,
      "systemtime": 318262,
      "usertime": 7322916
     },
     "172843325960": {
      "maxRSS": 676188,
      "systemtime": 318262,
      "usertime": 7322961
     },
     "172843327123": {
      "maxRSS": 676188,
      "systemtime": 318262,
      "usertime": 7323037
     },
     "172843327271": {
      "maxRSS": 676188,
      "systemtime": 318262,
      "usertime": 7325437
     },
     "172843328373": {
      "maxRSS": 676188,
      "systemtime": 318262,
      "usertime": 7326284
     },
     "172843329476": {
      "maxRSS": 676188,
      "systemtime": 318262,
      "usertime": 7326314
     },
     "172843330595": {
      "maxRSS": 676188,
      "systemtime": 318262,
      "usertime": 7326344
     },
     "172843331716": {
      "maxRSS": 676188,
      "systemtime": 318262,
      "usertime": 7326383
     },
     "172843332844": {
      "maxRSS": 676188,
      "systemtime": 318262,
      "usertime": 7330439
     },
     "172843333972": {
      "maxRSS": 676188,
      "systemtime": 318262,
      "usertime": 7330474
     },
     "172843335105": {
      "maxRSS": 676188,
      "systemtime": 318262,
      "usertime": 7330520
     },
     "172843336207": {
      "maxRSS": 676188,
      "systemtime": 318262,
      "usertime": 7330557
     },
     "172843337316": {
      "maxRSS": 676188,
      "systemtime": 318262,
      "usertime": 7335032
     },
     "172843338417": {
      "maxRSS": 676188,
      "systemtime": 318262,
      "usertime": 7335060
     },
     "172843339590": {
      "maxRSS": 676188,
      "systemtime": 318262,
      "usertime": 7335158
     },
     "172843340697": {
      "maxRSS": 676188,
      "systemtime": 318262,
      "usertime": 7338769
     },
     "172843341823": {
      "maxRSS": 676188,
      "systemtime": 318262,
      "usertime": 7338813
     },
     "172843342981": {
      "maxRSS": 676188,
      "systemtime": 318262,
      "usertime": 7338871
     },
     "172843344081": {
      "maxRSS": 676188,
      "systemtime": 318262,
      "usertime": 7342920
     },
     "172843345228": {
      "maxRSS": 676188,
      "systemtime": 318262,
      "usertime": 7342976
     },
     "172843346352": {
      "maxRSS": 676188,
      "systemtime": 318262,
      "usertime": 7343019
     },
     "172843347505": {
      "maxRSS": 676188,
      "systemtime": 318262,
      "usertime": 7343093
     },
     "172843348620": {
      "maxRSS": 676188,
      "systemtime": 318262,
      "usertime": 7347116
     },
     "172843349742": {
      "maxRSS": 676188,
      "systemtime": 318262,
      "usertime": 7347155
     },
     "172843350856": {
      "maxRSS": 676188,
      "systemtime": 318262,
      "usertime": 7347197
     },
     "172843351977": {
      "maxRSS": 676188,
      "systemtime": 318262,
      "usertime": 7347239
     },
     "172843353105": {
      "maxRSS": 676188,
      "systemtime": 318262,
      "usertime": 7351279
     },
     "172843354246": {
      "maxRSS": 676188,
      "systemtime": 318262,
      "usertime": 7351350
     },
     "172843355336": {
      "maxRSS": 676188,
      "systemtime": 318262,
      "usertime": 7351373
     },
     "172843356456": {
      "maxRSS": 676188,
      "systemtime": 318262,
      "usertime": 7355394
     },
     "172843357566": {
      "maxRSS": 676188,
      "systemtime": 318262,
      "usertime": 7355407
     },
     "172843358670": {
      "maxRSS": 676188,
      "systemtime": 318262,
      "usertime": 7355431
     },
     "172843359796": {
      "maxRSS": 676188,
      "systemtime": 318262,
      "usertime": 7355468
     },
     "172843360948": {
      "maxRSS": 676188,
      "systemtime": 318262,
      "usertime": 7359538
     },
     "172843362095": {
      "maxRSS": 676188,
      "systemtime": 318262,
      "usertime": 7359582
     },
     "172843363200": {
      "maxRSS": 676188,
      "systemtime": 318262,
      "usertime": 7359615
     },
     "172843364313": {
      "maxRSS": 676188,
      "systemtime": 318262,
      "usertime": 7363654
     },
     "172843365430": {
      "maxRSS": 676188,
      "systemtime": 318262,
      "usertime": 7363707
     },
     "172843366543": {
      "maxRSS": 676188,
      "systemtime": 318262,
      "usertime": 7363747
     },
     "172843367711": {
      "maxRSS": 676188,
      "systemtime": 318262,
      "usertime": 7363829
     },
     "172843368897": {
      "maxRSS": 676188,
      "systemtime": 318262,
      "usertime": 7368086
     },
     "172843370035": {
      "maxRSS": 676188,
      "systemtime": 318262,
      "usertime": 7368145
     },
     "172843371174": {
      "maxRSS": 676188,
      "systemtime": 318262,
      "usertime": 7368198
     },
     "172843372321": {
      "maxRSS": 676188,
      "systemtime": 318262,
      "usertime": 7372087
     },
     "172843373507": {
      "maxRSS": 676188,
      "systemtime": 318262,
      "usertime": 7372158
     },
     "172843374669": {
      "maxRSS": 676188,
      "systemtime": 318262,
      "usertime": 7372242
     },
     "172843376092": {
      "maxRSS": 676188,
      "systemtime": 318262,
      "usertime": 7376575
     },
     "172843377233": {
      "maxRSS": 676188,
      "systemtime": 318262,
      "usertime": 7376645
     },
     "172843378359": {
      "maxRSS": 676188,
      "systemtime": 318262,
      "usertime": 7376692
     },
     "172843379476": {
      "maxRSS": 676188,
      "systemtime": 318262,
      "usertime": 7376734
     },
     "172843380570": {
      "maxRSS": 676188,
      "systemtime": 318262,
      "usertime": 7380755
     },
     "172843381702": {
      "maxRSS": 676188,
      "systemtime": 318262,
      "usertime": 7380796
     },
     "172843382848": {
      "maxRSS": 676188,
      "systemtime": 318262,
      "usertime": 7380869
     },
     "172843383967": {
      "maxRSS": 676188,
      "systemtime": 318262,
      "usertime": 7380893
     },
     "172843385075": {
      "maxRSS": 676188,
      "systemtime": 318262,
      "usertime": 7384933
     },
     "172843386164": {
      "maxRSS": 676188,
      "systemtime": 318262,
      "usertime": 7384955
     },
     "172843387272": {
      "maxRSS": 676188,
      "systemtime": 318262,
      "usertime": 7384982
     },
     "172843388377": {
      "maxRSS": 676188,
      "systemtime": 318262,
      "usertime": 7389015
     },
     "172843389511": {
      "maxRSS": 676188,
      "systemtime": 318262,
      "usertime": 7389076
     },
     "172843390610": {
      "maxRSS": 676188,
      "systemtime": 318262,
      "usertime": 7389107
     },
     "172843391731": {
      "maxRSS": 676188,
      "systemtime": 318262,
      "usertime": 7389150
     },
     "172843392879": {
      "maxRSS": 676188,
      "systemtime": 318262,
      "usertime": 7393193
     },
     "172843394003": {
      "maxRSS": 676188,
      "systemtime": 318262,
      "usertime": 7393235
     },
     "172843395147": {
      "maxRSS": 676188,
      "systemtime": 318262,
      "usertime": 7393273
     },
     "172843396341": {
      "maxRSS": 676188,
      "systemtime": 318262,
      "usertime": 7397360
     },
     "172843397447": {
      "maxRSS": 676188,
      "systemtime": 318262,
      "usertime": 7397390
     },
     "172843398551": {
      "maxRSS": 676188,
      "systemtime": 318262,
      "usertime": 7397419
     },
     "172843399657": {
      "maxRSS": 676188,
      "systemtime": 318262,
      "usertime": 7397452
     },
     "172843400749": {
      "maxRSS": 676188,
      "systemtime": 318262,
      "usertime": 7401478
     },
     "172843401889": {
      "maxRSS": 676188,
      "systemtime": 318262,
      "usertime": 7401515
     },
     "172843402979": {
      "maxRSS": 676188,
      "systemtime": 318262,
      "usertime": 7401535
     },
     "172843404059": {
      "maxRSS": 676188,
      "systemtime": 318262,
      "usertime": 7405610
     },
     "172843405167": {
      "maxRSS": 676188,
      "systemtime": 318262,
      "usertime": 7405644
     },
     "172843406262": {
      "maxRSS": 676188,
      "systemtime": 318262,
      "usertime": 7405675
     },
     "172843407380": {
      "maxRSS": 676188,
      "systemtime": 318262,
      "usertime": 7405697
     },
     "172843408460": {
      "maxRSS": 676188,
      "systemtime": 318262,
      "usertime": 7409734
     },
     "172843409558": {
      "maxRSS": 676188,
      "systemtime": 318262,
      "usertime": 7409766
     },
     "172843410728": {
      "maxRSS": 676188,
      "systemtime": 318262,
      "usertime": 7409824
     },
     "172843411861": {
      "maxRSS": 676188,
      "systemtime": 318262,
      "usertime": 7409853
     },
     "172843412982": {
      "maxRSS": 676188,
      "systemtime": 318262,
      "usertime": 7413835
     },
     "172843414096": {
      "maxRSS": 676188,
      "systemtime": 318262,
      "usertime": 7413850
     },
     "172843415201": {
      "maxRSS": 676188,
      "systemtime": 318262,
      "usertime": 7413861
     },
     "172843416285": {
      "maxRSS": 676188,
      "systemtime": 318262,
      "usertime": 7417899
     },
     "172843417388": {
      "maxRSS": 676188,
      "systemtime": 318262,
      "usertime": 7417940
     },
     "172843418504": {
      "maxRSS": 676188,
      "systemtime": 318262,
      "usertime": 7417957
     },
     "172843419581": {
      "maxRSS": 676188,
      "systemtime": 318262,
      "usertime": 7417970
     },
     "172843420735": {
      "maxRSS": 676188,
      "systemtime": 318262,
      "usertime": 7421974
     },
     "172843421852": {
      "maxRSS": 676188,
      "systemtime": 318262,
      "usertime": 7421995
     },
     "172843422937": {
      "maxRSS": 676188,
      "systemtime": 318262,
      "usertime": 7422013
     },
     "172843424088": {
      "maxRSS": 676188,
      "systemtime": 318262,
      "usertime": 7426074
     },
     "172843425169": {
      "maxRSS": 676188,
      "systemtime": 318262,
      "usertime": 7426093
     },
     "172843426282": {
      "maxRSS": 676188,
      "systemtime": 318262,
      "usertime": 7426113
     },
     "172843427364": {
      "maxRSS": 676188,
      "systemtime": 318262,
      "usertime": 7426130
     },
     "172843428445": {
      "maxRSS": 676188,
      "systemtime": 318262,
      "usertime": 7430148
     },
     "172843429522": {
      "maxRSS": 676316,
      "systemtime": 318262,
      "usertime": 7430162
     },
     "172843430598": {
      "maxRSS": 676572,
      "systemtime": 318262,
      "usertime": 7430176
     },
     "172843431687": {
      "maxRSS": 676828,
      "systemtime": 318262,
      "usertime": 7430202
     },
     "172843432795": {
      "maxRSS": 676956,
      "systemtime": 318262,
      "usertime": 7434211
     },
     "172843433910": {
      "maxRSS": 677212,
      "systemtime": 318262,
      "usertime": 7434232
     },
     "172843435025": {
      "maxRSS": 677468,
      "systemtime": 318262,
      "usertime": 7434246
     },
     "172843436062": {
      "maxRSS": 677724,
      "systemtime": 318262,
      "usertime": 7438257
     },
     "172843437187": {
      "maxRSS": 677852,
      "systemtime": 318262,
      "usertime": 7438301
     },
     "172843438308": {
      "maxRSS": 678108,
      "systemtime": 318262,
      "usertime": 7438344
     },
     "172843439459": {
      "maxRSS": 678236,
      "systemtime": 318262,
      "usertime": 7438366
     },
     "172843440566": {
      "maxRSS": 678492,
      "systemtime": 318262,
      "usertime": 7442385
     },
     "172843441654": {
      "maxRSS": 678620,
      "systemtime": 318262,
      "usertime": 7442403
     },
     "172843442778": {
      "maxRSS": 678876,
      "systemtime": 318262,
      "usertime": 7442430
     },
     "172843443883": {
      "maxRSS": 679132,
      "systemtime": 318262,
      "usertime": 7442456
     },
     "172843445056": {
      "maxRSS": 679260,
      "systemtime": 318262,
      "usertime": 7446522
     },
     "172843446163": {
      "maxRSS": 679388,
      "systemtime": 318262,
      "usertime": 7446557
     },
     "172843447267": {
      "maxRSS": 679516,
      "systemtime": 318262,
      "usertime": 7446593
     },
     "172843448379": {
      "maxRSS": 679644,
      "systemtime": 321860,
      "usertime": 7447041
     },
     "172843449485": {
      "maxRSS": 679772,
      "systemtime": 321861,
      "usertime": 7447075
     },
     "172843450589": {
      "maxRSS": 679900,
      "systemtime": 321863,
      "usertime": 7447105
     },
     "172843451724": {
      "maxRSS": 680028,
      "systemtime": 321865,
      "usertime": 7447158
     },
     "172843452841": {
      "maxRSS": 680156,
      "systemtime": 321868,
      "usertime": 7451265
     },
     "172843453961": {
      "maxRSS": 680284,
      "systemtime": 321870,
      "usertime": 7451308
     },
     "172843455082": {
      "maxRSS": 680284,
      "systemtime": 321872,
      "usertime": 7451345
     },
     "172843456193": {
      "maxRSS": 680412,
      "systemtime": 325839,
      "usertime": 7451345
     },
     "172843457426": {
      "maxRSS": 680540,
      "systemtime": 325881,
      "usertime": 7451345
     },
     "172843458555": {
      "maxRSS": 680796,
      "systemtime": 325897,
      "usertime": 7451384
     },
     "172843459691": {
      "maxRSS": 680924,
      "systemtime": 325899,
      "usertime": 7451427
     },
     "172843460819": {
      "maxRSS": 681052,
      "systemtime": 325899,
      "usertime": 7455463
     },
     "172843461941": {
      "maxRSS": 681052,
      "systemtime": 325901,
      "usertime": 7455504
     },
     "172843463033": {
      "maxRSS": 681308,
      "systemtime": 325902,
      "usertime": 7455532
     },
     "172843464116": {
      "maxRSS": 681436,
      "systemtime": 325903,
      "usertime": 7459560
     },
     "172843465204": {
      "maxRSS": 681692,
      "systemtime": 325903,
      "usertime": 7459576
     },
     "172843466349": {
      "maxRSS": 681948,
      "systemtime": 325906,
      "usertime": 7459647
     },
     "172843467425": {
      "maxRSS": 682076,
      "systemtime": 325907,
      "usertime": 7459663
     },
     "172843468543": {
      "maxRSS": 682332,
      "systemtime": 325907,
      "usertime": 7463675
     },
     "172843469638": {
      "maxRSS": 682460,
      "systemtime": 325908,
      "usertime": 7463699
     },
     "172843471756": {
      "maxRSS": 682844,
      "systemtime": 325910,
      "usertime": 7463743
     },
     "172843473843": {
      "maxRSS": 683356,
      "systemtime": 325913,
      "usertime": 7467836
     },
     "172843475958": {
      "maxRSS": 683740,
      "systemtime": 325915,
      "usertime": 7467882
     },
     "172843478049": {
      "maxRSS": 684252,
      "systemtime": 325915,
      "usertime": 7471839
     },
     "172843480138": {
      "maxRSS": 684636,
      "systemtime": 325915,
      "usertime": 7475864
     },
     "172843482222": {
      "maxRSS": 685020,
      "systemtime": 325915,
      "usertime": 7475884
     },
     "172843484303": {
      "maxRSS": 685532,
      "systemtime": 325915,
      "usertime": 7479905
     },
     "172843486408": {
      "maxRSS": 685916,
      "systemtime": 325915,
      "usertime": 7479939
     },
     "172843488551": {
      "maxRSS": 686300,
      "systemtime": 325915,
      "usertime": 7483992
     },
     "172843490664": {
      "maxRSS": 686812,
      "systemtime": 325916,
      "usertime": 7484010
     },
     "172843492750": {
      "maxRSS": 687196,
      "systemtime": 325916,
      "usertime": 7488025
     },
     "172843494864": {
      "maxRSS": 687708,
      "systemtime": 325916,
      "usertime": 7488041
     },
     "172843496967": {
      "maxRSS": 688092,
      "systemtime": 325916,
      "usertime": 7492052
     },
     "172843499047": {
      "maxRSS": 688476,
      "systemtime": 325917,
      "usertime": 7492068
     },
     "172843501187": {
      "maxRSS": 688988,
      "systemtime": 325917,
      "usertime": 7496113
     },
     "172843503270": {
      "maxRSS": 689372,
      "systemtime": 325919,
      "usertime": 7496137
     },
     "172843505375": {
      "maxRSS": 689756,
      "systemtime": 325919,
      "usertime": 7500150
     },
     "172843507488": {
      "maxRSS": 690268,
      "systemtime": 325919,
      "usertime": 7500166
     },
     "172843509562": {
      "maxRSS": 690652,
      "systemtime": 325919,
      "usertime": 7504185
     },
     "172843511683": {
      "maxRSS": 691036,
      "systemtime": 325920,
      "usertime": 7504210
     },
     "172843513771": {
      "maxRSS": 691420,
      "systemtime": 325920,
      "usertime": 7508223
     },
     "172843515882": {
      "maxRSS": 691932,
      "systemtime": 325921,
      "usertime": 7508261
     },
     "172843518024": {
      "maxRSS": 692316,
      "systemtime": 325921,
      "usertime": 7512298
     },
     "172843520099": {
      "maxRSS": 692700,
      "systemtime": 325921,
      "usertime": 7516311
     },
     "172843522208": {
      "maxRSS": 693212,
      "systemtime": 325921,
      "usertime": 7516324
     },
     "172843524284": {
      "maxRSS": 693596,
      "systemtime": 325921,
      "usertime": 7520335
     },
     "172843526400": {
      "maxRSS": 693980,
      "systemtime": 325922,
      "usertime": 7520350
     },
     "172843528525": {
      "maxRSS": 694492,
      "systemtime": 325923,
      "usertime": 7524411
     },
     "172843530628": {
      "maxRSS": 694620,
      "systemtime": 325924,
      "usertime": 7524440
     },
     "172843532723": {
      "maxRSS": 694620,
      "systemtime": 325925,
      "usertime": 7528470
     },
     "172843533584": {
      "maxRSS": 694620,
      "systemtime": 325990,
      "usertime": 7529985
     },
     "172843534692": {
      "maxRSS": 694620,
      "systemtime": 325991,
      "usertime": 7529997
     },
     "172843535788": {
      "maxRSS": 694620,
      "systemtime": 325991,
      "usertime": 7530005
     },
     "172843536880": {
      "maxRSS": 694620,
      "systemtime": 325991,
      "usertime": 7532469
     },
     "172843537985": {
      "maxRSS": 694620,
      "systemtime": 325991,
      "usertime": 7532480
     },
     "172843539095": {
      "maxRSS": 694620,
      "systemtime": 325991,
      "usertime": 7532493
     },
     "172843540165": {
      "maxRSS": 694620,
      "systemtime": 325991,
      "usertime": 7536506
     },
     "172843541256": {
      "maxRSS": 694620,
      "systemtime": 325991,
      "usertime": 7536529
     },
     "172843542379": {
      "maxRSS": 694620,
      "systemtime": 325991,
      "usertime": 7536561
     },
     "172843543513": {
      "maxRSS": 694620,
      "systemtime": 325991,
      "usertime": 7536597
     },
     "172843544621": {
      "maxRSS": 694620,
      "systemtime": 325991,
      "usertime": 7540616
     },
     "172843545738": {
      "maxRSS": 694620,
      "systemtime": 325991,
      "usertime": 7540633
     },
     "172843546850": {
      "maxRSS": 694620,
      "systemtime": 325991,
      "usertime": 7540650
     },
     "172843547957": {
      "maxRSS": 694620,
      "systemtime": 325991,
      "usertime": 7540666
     },
     "172843549024": {
      "maxRSS": 694620,
      "systemtime": 325991,
      "usertime": 7544673
     },
     "172843550111": {
      "maxRSS": 694620,
      "systemtime": 325991,
      "usertime": 7544692
     },
     "172843551256": {
      "maxRSS": 694620,
      "systemtime": 325991,
      "usertime": 7544744
     },
     "172843552329": {
      "maxRSS": 694620,
      "systemtime": 325991,
      "usertime": 7548758
     },
     "172843553402": {
      "maxRSS": 694620,
      "systemtime": 325991,
      "usertime": 7548768
     },
     "172843554518": {
      "maxRSS": 694620,
      "systemtime": 325991,
      "usertime": 7548791
     },
     "172843555626": {
      "maxRSS": 694620,
      "systemtime": 325991,
      "usertime": 7548807
     },
     "172843556714": {
      "maxRSS": 694620,
      "systemtime": 325991,
      "usertime": 7552831
     },
     "172843557839": {
      "maxRSS": 694620,
      "systemtime": 325991,
      "usertime": 7552879
     },
     "172843558931": {
      "maxRSS": 694620,
      "systemtime": 325991,
      "usertime": 7552901
     },
     "172843560023": {
      "maxRSS": 694620,
      "systemtime": 325991,
      "usertime": 7556917
     },
     "172843561157": {
      "maxRSS": 694620,
      "systemtime": 325991,
      "usertime": 7556934
     },
     "172843562243": {
      "maxRSS": 694620,
      "systemtime": 325991,
      "usertime": 7556955
     },
     "172843563346": {
      "maxRSS": 694620,
      "systemtime": 325991,
      "usertime": 7556988
     },
     "172843564466": {
      "maxRSS": 694620,
      "systemtime": 325991,
      "usertime": 7561050
     },
     "172843565572": {
      "maxRSS": 694620,
      "systemtime": 325991,
      "usertime": 7561074
     },
     "172843566672": {
      "maxRSS": 694620,
      "systemtime": 325991,
      "usertime": 7561096
     },
     "172843567794": {
      "maxRSS": 694620,
      "systemtime": 325991,
      "usertime": 7561119
     },
     "172843568893": {
      "maxRSS": 694620,
      "systemtime": 325991,
      "usertime": 7565138
     },
     "172843569970": {
      "maxRSS": 694620,
      "systemtime": 325991,
      "usertime": 7565155
     },
     "172843571066": {
      "maxRSS": 694620,
      "systemtime": 325991,
      "usertime": 7565191
     },
     "172843572153": {
      "maxRSS": 694620,
      "systemtime": 325991,
      "usertime": 7569202
     },
     "172843573236": {
      "maxRSS": 694620,
      "systemtime": 325991,
      "usertime": 7569215
     },
     "172843574376": {
      "maxRSS": 694620,
      "systemtime": 325991,
      "usertime": 7569251
     },
     "172843575486": {
      "maxRSS": 694620,
      "systemtime": 325991,
      "usertime": 7569283
     },
     "172843576585": {
      "maxRSS": 694620,
      "systemtime": 325991,
      "usertime": 7573311
     },
     "172843577673": {
      "maxRSS": 694620,
      "systemtime": 325991,
      "usertime": 7573335
     },
     "172843578816": {
      "maxRSS": 694620,
      "systemtime": 325991,
      "usertime": 7573403
     },
     "172843579895": {
      "maxRSS": 694620,
      "systemtime": 325991,
      "usertime": 7573421
     },
     "172843580973": {
      "maxRSS": 694620,
      "systemtime": 325991,
      "usertime": 7577435
     },
     "172843582043": {
      "maxRSS": 694620,
      "systemtime": 325991,
      "usertime": 7577448
     },
     "172843583120": {
      "maxRSS": 694620,
      "systemtime": 325991,
      "usertime": 7577461
     },
     "172843584201": {
      "maxRSS": 694620,
      "systemtime": 325991,
      "usertime": 7581475
     },
     "172843585290": {
      "maxRSS": 694620,
      "systemtime": 325991,
      "usertime": 7581506
     },
     "172843586408": {
      "maxRSS": 694620,
      "systemtime": 325991,
      "usertime": 7581537
     },
     "172843587528": {
      "maxRSS": 694620,
      "systemtime": 325991,
      "usertime": 7581567
     },
     "172843588620": {
      "maxRSS": 694620,
      "systemtime": 325991,
      "usertime": 7585582
     },
     "172843589699": {
      "maxRSS": 694620,
      "systemtime": 325991,
      "usertime": 7585596
     },
     "172843590782": {
      "maxRSS": 694620,
      "systemtime": 325991,
      "usertime": 7585611
     },
     "172843591891": {
      "maxRSS": 694620,
      "systemtime": 325991,
      "usertime": 7585645
     },
     "172843592971": {
      "maxRSS": 694620,
      "systemtime": 325991,
      "usertime": 7589661
     },
     "172843594080": {
      "maxRSS": 694620,
      "systemtime": 325991,
      "usertime": 7589680
     },
     "172843595164": {
      "maxRSS": 694620,
      "systemtime": 325991,
      "usertime": 7589702
     },
     "172843596259": {
      "maxRSS": 694620,
      "systemtime": 325991,
      "usertime": 7593795
     },
     "172843597342": {
      "maxRSS": 694620,
      "systemtime": 325991,
      "usertime": 7593809
     },
     "172843598465": {
      "maxRSS": 694620,
      "systemtime": 325991,
      "usertime": 7593845
     },
     "172843599553": {
      "maxRSS": 694620,
      "systemtime": 325991,
      "usertime": 7593865
     },
     "172843600637": {
      "maxRSS": 694620,
      "systemtime": 325991,
      "usertime": 7597814
     },
     "172843601717": {
      "maxRSS": 694620,
      "systemtime": 325991,
      "usertime": 7597833
     },
     "172843602787": {
      "maxRSS": 694620,
      "systemtime": 325991,
      "usertime": 7597846
     },
     "172843603863": {
      "maxRSS": 694620,
      "systemtime": 325991,
      "usertime": 7597861
     },
     "172843604960": {
      "maxRSS": 694620,
      "systemtime": 325991,
      "usertime": 7601896
     },
     "172843606086": {
      "maxRSS": 694620,
      "systemtime": 325991,
      "usertime": 7601936
     },
     "172843607178": {
      "maxRSS": 694620,
      "systemtime": 325991,
      "usertime": 7601958
     },
     "172843608259": {
      "maxRSS": 694620,
      "systemtime": 325991,
      "usertime": 7605977
     },
     "172843609343": {
      "maxRSS": 694620,
      "systemtime": 325991,
      "usertime": 7605995
     },
     "172843610423": {
      "maxRSS": 694620,
      "systemtime": 325991,
      "usertime": 7606013
     },
     "172843611502": {
      "maxRSS": 694620,
      "systemtime": 325991,
      "usertime": 7606028
     },
     "172843612602": {
      "maxRSS": 694620,
      "systemtime": 325991,
      "usertime": 7610068
     },
     "172843613680": {
      "maxRSS": 694620,
      "systemtime": 325991,
      "usertime": 7610085
     },
     "172843614773": {
      "maxRSS": 694620,
      "systemtime": 325991,
      "usertime": 7610105
     },
     "172843615859": {
      "maxRSS": 694620,
      "systemtime": 325991,
      "usertime": 7610128
     },
     "172843616942": {
      "maxRSS": 694620,
      "systemtime": 325991,
      "usertime": 7614153
     },
     "172843618022": {
      "maxRSS": 694620,
      "systemtime": 325991,
      "usertime": 7614172
     },
     "172843619136": {
      "maxRSS": 694620,
      "systemtime": 325991,
      "usertime": 7614208
     },
     "172843620215": {
      "maxRSS": 694620,
      "systemtime": 325991,
      "usertime": 7618220
     },
     "172843621293": {
      "maxRSS": 694620,
      "systemtime": 325991,
      "usertime": 7618237
     },
     "172843622392": {
      "maxRSS": 694620,
      "systemtime": 325991,
      "usertime": 7618256
     },
     "172843623488": {
      "maxRSS": 694620,
      "systemtime": 325991,
      "usertime": 7618281
     },
     "172843624572": {
      "maxRSS": 694620,
      "systemtime": 325991,
      "usertime": 7622321
     },
     "172843625693": {
      "maxRSS": 694620,
      "systemtime": 325991,
      "usertime": 7622372
     },
     "172843626824": {
      "maxRSS": 694620,
      "systemtime": 325991,
      "usertime": 7622401
     },
     "172843627929": {
      "maxRSS": 694620,
      "systemtime": 325991,
      "usertime": 7622429
     },
     "172843629030": {
      "maxRSS": 694620,
      "systemtime": 325991,
      "usertime": 7626432
     },
     "172843630107": {
      "maxRSS": 694620,
      "systemtime": 325991,
      "usertime": 7626449
     },
     "172843631210": {
      "maxRSS": 694620,
      "systemtime": 325991,
      "usertime": 7626469
     },
     "172843632291": {
      "maxRSS": 694620,
      "systemtime": 325991,
      "usertime": 7630474
     },
     "172843633437": {
      "maxRSS": 694620,
      "systemtime": 325991,
      "usertime": 7630511
     },
     "172843634517": {
      "maxRSS": 694620,
      "systemtime": 325991,
      "usertime": 7630526
     },
     "172843635625": {
      "maxRSS": 694620,
      "systemtime": 325991,
      "usertime": 7630543
     },
     "172843636707": {
      "maxRSS": 694620,
      "systemtime": 325991,
      "usertime": 7634559
     },
     "172843637779": {
      "maxRSS": 694620,
      "systemtime": 325991,
      "usertime": 7634572
     },
     "172843638859": {
      "maxRSS": 694620,
      "systemtime": 325991,
      "usertime": 7634588
     },
     "172843639958": {
      "maxRSS": 694620,
      "systemtime": 325991,
      "usertime": 7634629
     },
     "172843641044": {
      "maxRSS": 694620,
      "systemtime": 325991,
      "usertime": 7638648
     },
     "172843642144": {
      "maxRSS": 694620,
      "systemtime": 325991,
      "usertime": 7638672
     },
     "172843643226": {
      "maxRSS": 694620,
      "systemtime": 325992,
      "usertime": 7638690
     },
     "172843644303": {
      "maxRSS": 694620,
      "systemtime": 325992,
      "usertime": 7642706
     },
     "172843645389": {
      "maxRSS": 694620,
      "systemtime": 325992,
      "usertime": 7642724
     },
     "172843646495": {
      "maxRSS": 694620,
      "systemtime": 325994,
      "usertime": 7642762
     },
     "172843647570": {
      "maxRSS": 694620,
      "systemtime": 325995,
      "usertime": 7642777
     },
     "172843648651": {
      "maxRSS": 694620,
      "systemtime": 325995,
      "usertime": 7646792
     },
     "172843649729": {
      "maxRSS": 694620,
      "systemtime": 325995,
      "usertime": 7646806
     },
     "172843650837": {
      "maxRSS": 694620,
      "systemtime": 325996,
      "usertime": 7646821
     },
     "172843651910": {
      "maxRSS": 694620,
      "systemtime": 325996,
      "usertime": 7646834
     },
     "172843653022": {
      "maxRSS": 694620,
      "systemtime": 325997,
      "usertime": 7650882
     },
     "172843654095": {
      "maxRSS": 694620,
      "systemtime": 325998,
      "usertime": 7650896
     },
     "172843655169": {
      "maxRSS": 694620,
      "systemtime": 325998,
      "usertime": 7650911
     },
     "172843656255": {
      "maxRSS": 694620,
      "systemtime": 325998,
      "usertime": 7654933
     },
     "172843657336": {
      "maxRSS": 694620,
      "systemtime": 325999,
      "usertime": 7654952
     },
     "172843658412": {
      "maxRSS": 694620,
      "systemtime": 326000,
      "usertime": 7654967
     },
     "172843659488": {
      "maxRSS": 694620,
      "systemtime": 326000,
      "usertime": 7654982
     },
     "172843660601": {
      "maxRSS": 694620,
      "systemtime": 326001,
      "usertime": 7659017
     },
     "172843661684": {
      "maxRSS": 694620,
      "systemtime": 326001,
      "usertime": 7659032
     },
     "172843662778": {
      "maxRSS": 694620,
      "systemtime": 326003,
      "usertime": 7659070
     },
     "172843663857": {
      "maxRSS": 694620,
      "systemtime": 326004,
      "usertime": 7659084
     },
     "172843664943": {
      "maxRSS": 694620,
      "systemtime": 326004,
      "usertime": 7663107
     },
     "172843666083": {
      "maxRSS": 694620,
      "systemtime": 326005,
      "usertime": 7663131
     },
     "172843667251": {
      "maxRSS": 694620,
      "systemtime": 326009,
      "usertime": 7663225
     },
     "172843668330": {
      "maxRSS": 694620,
      "systemtime": 326009,
      "usertime": 7667253
     },
     "172843669401": {
      "maxRSS": 694620,
      "systemtime": 326009,
      "usertime": 7667264
     },
     "172843670484": {
      "maxRSS": 694620,
      "systemtime": 326010,
      "usertime": 7667281
     },
     "172843671575": {
      "maxRSS": 694620,
      "systemtime": 326011,
      "usertime": 7667299
     },
     "172843672647": {
      "maxRSS": 694620,
      "systemtime": 326011,
      "usertime": 7671296
     },
     "172843674741": {
      "maxRSS": 694620,
      "systemtime": 326011,
      "usertime": 7671330
     },
     "172843676833": {
      "maxRSS": 694620,
      "systemtime": 326011,
      "usertime": 7675352
     },
     "172843678920": {
      "maxRSS": 694620,
      "systemtime": 326012,
      "usertime": 7675374
     },
     "172843681010": {
      "maxRSS": 694620,
      "systemtime": 326012,
      "usertime": 7679397
     },
     "172843683098": {
      "maxRSS": 694620,
      "systemtime": 326013,
      "usertime": 7679417
     },
     "172843685177": {
      "maxRSS": 694620,
      "systemtime": 326013,
      "usertime": 7683438
     },
     "172843687277": {
      "maxRSS": 694620,
      "systemtime": 326014,
      "usertime": 7683475
     },
     "172843689388": {
      "maxRSS": 694620,
      "systemtime": 326014,
      "usertime": 7687488
     },
     "172843691473": {
      "maxRSS": 694620,
      "systemtime": 326014,
      "usertime": 7687509
     },
     "172843693668": {
      "maxRSS": 694620,
      "systemtime": 326016,
      "usertime": 7691570
     },
     "172843695896": {
      "maxRSS": 694620,
      "systemtime": 326018,
      "usertime": 7691628
     },
     "172843697993": {
      "maxRSS": 694620,
      "systemtime": 326018,
      "usertime": 7695657
     },
     "172843700045": {
      "maxRSS": 694620,
      "systemtime": 326019,
      "usertime": 7699685
     },
     "172843702218": {
      "maxRSS": 694620,
      "systemtime": 326021,
      "usertime": 7699750
     },
     "172843704299": {
      "maxRSS": 694620,
      "systemtime": 326021,
      "usertime": 7703771
     },
     "172843706384": {
      "maxRSS": 694620,
      "systemtime": 326022,
      "usertime": 7703789
     },
     "172843708472": {
      "maxRSS": 694620,
      "systemtime": 326022,
      "usertime": 7707806
     },
     "172843710558": {
      "maxRSS": 694620,
      "systemtime": 326022,
      "usertime": 7707826
     },
     "172843712650": {
      "maxRSS": 694620,
      "systemtime": 326022,
      "usertime": 7711851
     },
     "172843714755": {
      "maxRSS": 694620,
      "systemtime": 326024,
      "usertime": 7711891
     },
     "172843716843": {
      "maxRSS": 694620,
      "systemtime": 326024,
      "usertime": 7715916
     },
     "172843718934": {
      "maxRSS": 694620,
      "systemtime": 326025,
      "usertime": 7715940
     },
     "172843721013": {
      "maxRSS": 694620,
      "systemtime": 326025,
      "usertime": 7719958
     },
     "172843723085": {
      "maxRSS": 694620,
      "systemtime": 326025,
      "usertime": 7719972
     },
     "172843725203": {
      "maxRSS": 694620,
      "systemtime": 326025,
      "usertime": 7723991
     },
     "172843727344": {
      "maxRSS": 694748,
      "systemtime": 326027,
      "usertime": 7724030
     },
     "172843729457": {
      "maxRSS": 694748,
      "systemtime": 326027,
      "usertime": 7728046
     },
     "172843731566": {
      "maxRSS": 694748,
      "systemtime": 326028,
      "usertime": 7728072
     },
     "172843733658": {
      "maxRSS": 694748,
      "systemtime": 326028,
      "usertime": 7732102
     },
     "172843735767": {
      "maxRSS": 694748,
      "systemtime": 326028,
      "usertime": 7732119
     },
     "172843737871": {
      "maxRSS": 694748,
      "systemtime": 326028,
      "usertime": 7736128
     },
     "172843740008": {
      "maxRSS": 694748,
      "systemtime": 326028,
      "usertime": 7740164
     },
     "172843742094": {
      "maxRSS": 694748,
      "systemtime": 326029,
      "usertime": 7740182
     },
     "172843744182": {
      "maxRSS": 694748,
      "systemtime": 326029,
      "usertime": 7744211
     },
     "172843746259": {
      "maxRSS": 694748,
      "systemtime": 326030,
      "usertime": 7744229
     },
     "172843748361": {
      "maxRSS": 694748,
      "systemtime": 326030,
      "usertime": 7748261
     },
     "172843750450": {
      "maxRSS": 694748,
      "systemtime": 326031,
      "usertime": 7748284
     },
     "172843752534": {
      "maxRSS": 694748,
      "systemtime": 326031,
      "usertime": 7752287
     },
     "172843754656": {
      "maxRSS": 694748,
      "systemtime": 326032,
      "usertime": 7752334
     },
     "172843756752": {
      "maxRSS": 694748,
      "systemtime": 326032,
      "usertime": 7756364
     },
     "172843758901": {
      "maxRSS": 694748,
      "systemtime": 326034,
      "usertime": 7756398
     },
     "172843761014": {
      "maxRSS": 694748,
      "systemtime": 326034,
      "usertime": 7760421
     },
     "172843763101": {
      "maxRSS": 694748,
      "systemtime": 326035,
      "usertime": 7760441
     },
     "172843765209": {
      "maxRSS": 694748,
      "systemtime": 326035,
      "usertime": 7764478
     },
     "172843767335": {
      "maxRSS": 694748,
      "systemtime": 326038,
      "usertime": 7764539
     },
     "172843769435": {
      "maxRSS": 694748,
      "systemtime": 326039,
      "usertime": 7768585
     },
     "172843771531": {
      "maxRSS": 694748,
      "systemtime": 326040,
      "usertime": 7768614
     },
     "172843773683": {
      "maxRSS": 694748,
      "systemtime": 326040,
      "usertime": 7772631
     },
     "172843775801": {
      "maxRSS": 694748,
      "systemtime": 326041,
      "usertime": 7772664
     },
     "172843777956": {
      "maxRSS": 694748,
      "systemtime": 326041,
      "usertime": 7776696
     },
     "172843780083": {
      "maxRSS": 694748,
      "systemtime": 326042,
      "usertime": 7780753
     },
     "172843782237": {
      "maxRSS": 694748,
      "systemtime": 326044,
      "usertime": 7780786
     },
     "172843784355": {
      "maxRSS": 694748,
      "systemtime": 326046,
      "usertime": 7784853
     },
     "172843786455": {
      "maxRSS": 694748,
      "systemtime": 326047,
      "usertime": 7784883
     },
     "172843788553": {
      "maxRSS": 694748,
      "systemtime": 326047,
      "usertime": 7787150
     },
     "172843790652": {
      "maxRSS": 694748,
      "systemtime": 326081,
      "usertime": 7789736
     },
     "172843791194": {
      "maxRSS": 694748,
      "systemtime": 326105,
      "usertime": 7790294
     },
     "172843792307": {
      "maxRSS": 694748,
      "systemtime": 326105,
      "usertime": 7791181
     },
     "172843793424": {
      "maxRSS": 694748,
      "systemtime": 326105,
      "usertime": 7791208
     },
     "172843794575": {
      "maxRSS": 694748,
      "systemtime": 326105,
      "usertime": 7791236
     },
     "172843795674": {
      "maxRSS": 694748,
      "systemtime": 326105,
      "usertime": 7791267
     },
     "172843796883": {
      "maxRSS": 694748,
      "systemtime": 326105,
      "usertime": 7795304
     },
     "172843797980": {
      "maxRSS": 694748,
      "systemtime": 326105,
      "usertime": 7795330
     },
     "172843799105": {
      "maxRSS": 694748,
      "systemtime": 326105,
      "usertime": 7795393
     },
     "172843800183": {
      "maxRSS": 694748,
      "systemtime": 326105,
      "usertime": 7799411
     },
     "172843801273": {
      "maxRSS": 694748,
      "systemtime": 326105,
      "usertime": 7799430
     },
     "172843802351": {
      "maxRSS": 694748,
      "systemtime": 326105,
      "usertime": 7799446
     },
     "172843803468": {
      "maxRSS": 694748,
      "systemtime": 326105,
      "usertime": 7799481
     },
     "172843804591": {
      "maxRSS": 694748,
      "systemtime": 326105,
      "usertime": 7803506
     },
     "172843805758": {
      "maxRSS": 694748,
      "systemtime": 326105,
      "usertime": 7803567
     },
     "172843806836": {
      "maxRSS": 694748,
      "systemtime": 326105,
      "usertime": 7803583
     },
     "172843807920": {
      "maxRSS": 694748,
      "systemtime": 326105,
      "usertime": 7803600
     },
     "172843809019": {
      "maxRSS": 694748,
      "systemtime": 326105,
      "usertime": 7807620
     },
     "172843810106": {
      "maxRSS": 694748,
      "systemtime": 326105,
      "usertime": 7807643
     },
     "172843811208": {
      "maxRSS": 694748,
      "systemtime": 326105,
      "usertime": 7807661
     },
     "172843812338": {
      "maxRSS": 694748,
      "systemtime": 326105,
      "usertime": 7811734
     },
     "172843813416": {
      "maxRSS": 694748,
      "systemtime": 326105,
      "usertime": 7811750
     },
     "172843814505": {
      "maxRSS": 694748,
      "systemtime": 326105,
      "usertime": 7811767
     },
     "172843815584": {
      "maxRSS": 694748,
      "systemtime": 326105,
      "usertime": 7811781
     },
     "172843816669": {
      "maxRSS": 694748,
      "systemtime": 326105,
      "usertime": 7815780
     },
     "172843817772": {
      "maxRSS": 694748,
      "systemtime": 326105,
      "usertime": 7815802
     },
     "172843818895": {
      "maxRSS": 694748,
      "systemtime": 326105,
      "usertime": 7815855
     },
     "172843819990": {
      "maxRSS": 694748,
      "systemtime": 326105,
      "usertime": 7815887
     },
     "172843821082": {
      "maxRSS": 694748,
      "systemtime": 326105,
      "usertime": 7819900
     },
     "172843822168": {
      "maxRSS": 694748,
      "systemtime": 326105,
      "usertime": 7819913
     },
     "172843823285": {
      "maxRSS": 694748,
      "systemtime": 326105,
      "usertime": 7819936
     },
     "172843824366": {
      "maxRSS": 694748,
      "systemtime": 326105,
      "usertime": 7823954
     },
     "172843825521": {
      "maxRSS": 694748,
      "systemtime": 326105,
      "usertime": 7824009
     },
     "172843826631": {
      "maxRSS": 694748,
      "systemtime": 326105,
      "usertime": 7824049
     },
     "172843827751": {
      "maxRSS": 694748,
      "systemtime": 326105,
      "usertime": 7824076
     },
     "172843828894": {
      "maxRSS": 694748,
      "systemtime": 326105,
      "usertime": 7828103
     },
     "172843830013": {
      "maxRSS": 694748,
      "systemtime": 326105,
      "usertime": 7828131
     },
     "172843831116": {
      "maxRSS": 694748,
      "systemtime": 326105,
      "usertime": 7828143
     },
     "172843832199": {
      "maxRSS": 694748,
      "systemtime": 326105,
      "usertime": 7832163
     },
     "172843833336": {
      "maxRSS": 694748,
      "systemtime": 326105,
      "usertime": 7832236
     },
     "172843834427": {
      "maxRSS": 694748,
      "systemtime": 326105,
      "usertime": 7832255
     },
     "172843835505": {
      "maxRSS": 694748,
      "systemtime": 326105,
      "usertime": 7832272
     },
     "172843836594": {
      "maxRSS": 694748,
      "systemtime": 326105,
      "usertime": 7836286
     },
     "172843837701": {
      "maxRSS": 694748,
      "systemtime": 326105,
      "usertime": 7836302
     },
     "172843838812": {
      "maxRSS": 694748,
      "systemtime": 326105,
      "usertime": 7836320
     },
     "172843839948": {
      "maxRSS": 694748,
      "systemtime": 326105,
      "usertime": 7836386
     },
     "172843841034": {
      "maxRSS": 694748,
      "systemtime": 326105,
      "usertime": 7840409
     },
     "172843842167": {
      "maxRSS": 694748,
      "systemtime": 326105,
      "usertime": 7840449
     },
     "172843843280": {
      "maxRSS": 694748,
      "systemtime": 326105,
      "usertime": 7840470
     },
     "172843844400": {
      "maxRSS": 694748,
      "systemtime": 326105,
      "usertime": 7844495
     },
     "172843845506": {
      "maxRSS": 694748,
      "systemtime": 326105,
      "usertime": 7844507
     },
     "172843846675": {
      "maxRSS": 694748,
      "systemtime": 326105,
      "usertime": 7844574
     },
     "172843847754": {
      "maxRSS": 694748,
      "systemtime": 326105,
      "usertime": 7844591
     },
     "172843848878": {
      "maxRSS": 694748,
      "systemtime": 326105,
      "usertime": 7848618
     },
     "172843849967": {
      "maxRSS": 694748,
      "systemtime": 326105,
      "usertime": 7848639
     },
     "172843851092": {
      "maxRSS": 694748,
      "systemtime": 326105,
      "usertime": 7848658
     },
     "172843852173": {
      "maxRSS": 694748,
      "systemtime": 326105,
      "usertime": 7852672
     },
     "172843853329": {
      "maxRSS": 694748,
      "systemtime": 326105,
      "usertime": 7852731
     },
     "172843854441": {
      "maxRSS": 694748,
      "systemtime": 326105,
      "usertime": 7852748
     },
     "172843855584": {
      "maxRSS": 694748,
      "systemtime": 326105,
      "usertime": 7852771
     },
     "172843856702": {
      "maxRSS": 694748,
      "systemtime": 326105,
      "usertime": 7856789
     },
     "172843857803": {
      "maxRSS": 694748,
      "systemtime": 326105,
      "usertime": 7856829
     },
     "172843858927": {
      "maxRSS": 694748,
      "systemtime": 326105,
      "usertime": 7856863
     },
     "172843860034": {
      "maxRSS": 694748,
      "systemtime": 326105,
      "usertime": 7860897
     },
     "172843861155": {
      "maxRSS": 694748,
      "systemtime": 326105,
      "usertime": 7860949
     },
     "172843862259": {
      "maxRSS": 695004,
      "systemtime": 326105,
      "usertime": 7860973
     },
     "172843863451": {
      "maxRSS": 695132,
      "systemtime": 326105,
      "usertime": 7860997
     },
     "172843864528": {
      "maxRSS": 695388,
      "systemtime": 326105,
      "usertime": 7865013
     },
     "172843865610": {
      "maxRSS": 695516,
      "systemtime": 326105,
      "usertime": 7865030
     },
     "172843866687": {
      "maxRSS": 695772,
      "systemtime": 326105,
      "usertime": 7865046
     },
     "172843867801": {
      "maxRSS": 695900,
      "systemtime": 326105,
      "usertime": 7865097
     },
     "172843868879": {
      "maxRSS": 696156,
      "systemtime": 326105,
      "usertime": 7869110
     },
     "172843869974": {
      "maxRSS": 696412,
      "systemtime": 326105,
      "usertime": 7869142
     },
     "172843871062": {
      "maxRSS": 696540,
      "systemtime": 326105,
      "usertime": 7869159
     },
     "172843872143": {
      "maxRSS": 696796,
      "systemtime": 326105,
      "usertime": 7873172
     },
     "172843873233": {
      "maxRSS": 696924,
      "systemtime": 326105,
      "usertime": 7873185
     },
     "172843874344": {
      "maxRSS": 697180,
      "systemtime": 326105,
      "usertime": 7873233
     },
     "172843875431": {
      "maxRSS": 697436,
      "systemtime": 326105,
      "usertime": 7873252
     },
     "172843876525": {
      "maxRSS": 697564,
      "systemtime": 326105,
      "usertime": 7877269
     },
     "172843877618": {
      "maxRSS": 697692,
      "systemtime": 326105,
      "usertime": 7877287
     },
     "172843878698": {
      "maxRSS": 697948,
      "systemtime": 326105,
      "usertime": 7877306
     },
     "172843879777": {
      "maxRSS": 698204,
      "systemtime": 326105,
      "usertime": 7877325
     },
     "172843880901": {
      "maxRSS": 698332,
      "systemtime": 326105,
      "usertime": 7881376
     },
     "172843881995": {
      "maxRSS": 698588,
      "systemtime": 326105,
      "usertime": 7881389
     },
     "172843883080": {
      "maxRSS": 698844,
      "systemtime": 326105,
      "usertime": 7881406
     },
     "172843884167": {
      "maxRSS": 698972,
      "systemtime": 326105,
      "usertime": 7885431
     },
     "172843885246": {
      "maxRSS": 699228,
      "systemtime": 326105,
      "usertime": 7885447
     },
     "172843886320": {
      "maxRSS": 699356,
      "systemtime": 326105,
      "usertime": 7885460
     },
     "172843887418": {
      "maxRSS": 699612,
      "systemtime": 326105,
      "usertime": 7885494
     },
     "172843888531": {
      "maxRSS": 699868,
      "systemtime": 326105,
      "usertime": 7889544
     },
     "172843889611": {
      "maxRSS": 699996,
      "systemtime": 326105,
      "usertime": 7889559
     },
     "172843890697": {
      "maxRSS": 700252,
      "systemtime": 326105,
      "usertime": 7889576
     },
     "172843891778": {
      "maxRSS": 700380,
      "systemtime": 326105,
      "usertime": 7889593
     },
     "172843892874": {
      "maxRSS": 700636,
      "systemtime": 326105,
      "usertime": 7893617
     },
     "172843894075": {
      "maxRSS": 700892,
      "systemtime": 326105,
      "usertime": 7893644
     },
     "172843895208": {
      "maxRSS": 701020,
      "systemtime": 326105,
      "usertime": 7893713
     },
     "172843896284": {
      "maxRSS": 701276,
      "systemtime": 326105,
      "usertime": 7897732
     },
     "172843897361": {
      "maxRSS": 701404,
      "systemtime": 326105,
      "usertime": 7897748
     },
     "172843898438": {
      "maxRSS": 701532,
      "systemtime": 326105,
      "usertime": 7897764
     },
     "172843899578": {
      "maxRSS": 701788,
      "systemtime": 326105,
      "usertime": 7897807
     },
     "172843900658": {
      "maxRSS": 701916,
      "systemtime": 326105,
      "usertime": 7901822
     },
     "172843901791": {
      "maxRSS": 702172,
      "systemtime": 326105,
      "usertime": 7901890
     },
     "172843902869": {
      "maxRSS": 702300,
      "systemtime": 326105,
      "usertime": 7901905
     },
     "172843903942": {
      "maxRSS": 702556,
      "systemtime": 326105,
      "usertime": 7901920
     },
     "172843905014": {
      "maxRSS": 702684,
      "systemtime": 326105,
      "usertime": 7905929
     },
     "172843906093": {
      "maxRSS": 702940,
      "systemtime": 326105,
      "usertime": 7905943
     },
     "172843907177": {
      "maxRSS": 703068,
      "systemtime": 326105,
      "usertime": 7905961
     },
     "172843908316": {
      "maxRSS": 703324,
      "systemtime": 326105,
      "usertime": 7910044
     },
     "172843909424": {
      "maxRSS": 703452,
      "systemtime": 326105,
      "usertime": 7910069
     },
     "172843910542": {
      "maxRSS": 703580,
      "systemtime": 326105,
      "usertime": 7910095
     },
     "172843911631": {
      "maxRSS": 703708,
      "systemtime": 326105,
      "usertime": 7910115
     },
     "172843912719": {
      "maxRSS": 703964,
      "systemtime": 326105,
      "usertime": 7914143
     },
     "172843913804": {
      "maxRSS": 704092,
      "systemtime": 326105,
      "usertime": 7914166
     },
     "172843914896": {
      "maxRSS": 704348,
      "systemtime": 326105,
      "usertime": 7914184
     },
     "172843916052": {
      "maxRSS": 704476,
      "systemtime": 326105,
      "usertime": 7918246
     },
     "172843917197": {
      "maxRSS": 704732,
      "systemtime": 326105,
      "usertime": 7918268
     },
     "172843918425": {
      "maxRSS": 704988,
      "systemtime": 326105,
      "usertime": 7918292
     },
     "172843919581": {
      "maxRSS": 705116,
      "systemtime": 326105,
      "usertime": 7918331
     },
     "172843920686": {
      "maxRSS": 705372,
      "systemtime": 326105,
      "usertime": 7922361
     },
     "172843921844": {
      "maxRSS": 705500,
      "systemtime": 326105,
      "usertime": 7922384
     },
     "172843922991": {
      "maxRSS": 705628,
      "systemtime": 326105,
      "usertime": 7922438
     },
     "172843924036": {
      "maxRSS": 705884,
      "systemtime": 326105,
      "usertime": 7926452
     },
     "172843925122": {
      "maxRSS": 706012,
      "systemtime": 326105,
      "usertime": 7926472
     },
     "172843926229": {
      "maxRSS": 706140,
      "systemtime": 326105,
      "usertime": 7926514
     },
     "172843927324": {
      "maxRSS": 706140,
      "systemtime": 326105,
      "usertime": 7926536
     },
     "172843928406": {
      "maxRSS": 706140,
      "systemtime": 326105,
      "usertime": 7930577
     },
     "172843929553": {
      "maxRSS": 706140,
      "systemtime": 326129,
      "usertime": 7931790
     },
     "172843929815": {
      "maxRSS": 706140,
      "systemtime": 326154,
      "usertime": 7932399
     },
     "172843930898": {
      "maxRSS": 706140,
      "systemtime": 326155,
      "usertime": 7932418
     },
     "172843931981": {
      "maxRSS": 706140,
      "systemtime": 326156,
      "usertime": 7932436
     },
     "172843933075": {
      "maxRSS": 706140,
      "systemtime": 326156,
      "usertime": 7934658
     },
     "172843934193": {
      "maxRSS": 706140,
      "systemtime": 326156,
      "usertime": 7934691
     },
     "172843935602": {
      "maxRSS": 706140,
      "systemtime": 326156,
      "usertime": 7935013
     },
     "172843936740": {
      "maxRSS": 706140,
      "systemtime": 326156,
      "usertime": 7939057
     },
     "172843937853": {
      "maxRSS": 706140,
      "systemtime": 326156,
      "usertime": 7939092
     },
     "172843939054": {
      "maxRSS": 706140,
      "systemtime": 326156,
      "usertime": 7939135
     },
     "172843940148": {
      "maxRSS": 706140,
      "systemtime": 326156,
      "usertime": 7943163
     },
     "172843941259": {
      "maxRSS": 706140,
      "systemtime": 326156,
      "usertime": 7943196
     },
     "172843942374": {
      "maxRSS": 706140,
      "systemtime": 326156,
      "usertime": 7943237
     },
     "172843943518": {
      "maxRSS": 706140,
      "systemtime": 326156,
      "usertime": 7943306
     },
     "172843944633": {
      "maxRSS": 706140,
      "systemtime": 326156,
      "usertime": 7947350
     },
     "172843945739": {
      "maxRSS": 706140,
      "systemtime": 326156,
      "usertime": 7947386
     },
     "172843946853": {
      "maxRSS": 706140,
      "systemtime": 326156,
      "usertime": 7947418
     },
     "172843947960": {
      "maxRSS": 706140,
      "systemtime": 326156,
      "usertime": 7947449
     },
     "172843949092": {
      "maxRSS": 706140,
      "systemtime": 326156,
      "usertime": 7951544
     },
     "172843950345": {
      "maxRSS": 706140,
      "systemtime": 326156,
      "usertime": 7951719
     },
     "172843951459": {
      "maxRSS": 706140,
      "systemtime": 326156,
      "usertime": 7951760
     },
     "172843952570": {
      "maxRSS": 706140,
      "systemtime": 326156,
      "usertime": 7955751
     },
     "172843953684": {
      "maxRSS": 706140,
      "systemtime": 326156,
      "usertime": 7955786
     },
     "172843954802": {
      "maxRSS": 706140,
      "systemtime": 326156,
      "usertime": 7955816
     },
     "172843955936": {
      "maxRSS": 706140,
      "systemtime": 326156,
      "usertime": 7955847
     },
     "172843957088": {
      "maxRSS": 706140,
      "systemtime": 326156,
      "usertime": 7959895
     },
     "172843958218": {
      "maxRSS": 706140,
      "systemtime": 326156,
      "usertime": 7959941
     },
     "172843959355": {
      "maxRSS": 706140,
      "systemtime": 326156,
      "usertime": 7959994
     },
     "172843960484": {
      "maxRSS": 706140,
      "systemtime": 326156,
      "usertime": 7964040
     },
     "172843961609": {
      "maxRSS": 706140,
      "systemtime": 326156,
      "usertime": 7964089
     },
     "172843962745": {
      "maxRSS": 706140,
      "systemtime": 326156,
      "usertime": 7964125
     },
     "172843963878": {
      "maxRSS": 706140,
      "systemtime": 326156,
      "usertime": 7964181
     },
     "172843965019": {
      "maxRSS": 706140,
      "systemtime": 326156,
      "usertime": 7968219
     },
     "172843966146": {
      "maxRSS": 706140,
      "systemtime": 326156,
      "usertime": 7968262
     },
     "172843967268": {
      "maxRSS": 706140,
      "systemtime": 326156,
      "usertime": 7968304
     },
     "172843968396": {
      "maxRSS": 706140,
      "systemtime": 326156,
      "usertime": 7972358
     },
     "172843969530": {
      "maxRSS": 706140,
      "systemtime": 326156,
      "usertime": 7972406
     },
     "172843970648": {
      "maxRSS": 706140,
      "systemtime": 326156,
      "usertime": 7972445
     },
     "172843971787": {
      "maxRSS": 706140,
      "systemtime": 326156,
      "usertime": 7972506
     },
     "172843972891": {
      "maxRSS": 706140,
      "systemtime": 326156,
      "usertime": 7976555
     },
     "172843974003": {
      "maxRSS": 706140,
      "systemtime": 326156,
      "usertime": 7976586
     },
     "172843975139": {
      "maxRSS": 706140,
      "systemtime": 326156,
      "usertime": 7976630
     },
     "172843976264": {
      "maxRSS": 706140,
      "systemtime": 326156,
      "usertime": 7980691
     },
     "172843977378": {
      "maxRSS": 706140,
      "systemtime": 326156,
      "usertime": 7980729
     },
     "172843978538": {
      "maxRSS": 706268,
      "systemtime": 326158,
      "usertime": 7980810
     },
     "172843979662": {
      "maxRSS": 706268,
      "systemtime": 326159,
      "usertime": 7980846
     },
     "172843980770": {
      "maxRSS": 706268,
      "systemtime": 326159,
      "usertime": 7984836
     },
     "172843981963": {
      "maxRSS": 706268,
      "systemtime": 326159,
      "usertime": 7984879
     },
     "172843983068": {
      "maxRSS": 706268,
      "systemtime": 326160,
      "usertime": 7984904
     },
     "172843984197": {
      "maxRSS": 706268,
      "systemtime": 326161,
      "usertime": 7988948
     },
     "172843985360": {
      "maxRSS": 706268,
      "systemtime": 326164,
      "usertime": 7989020
     },
     "172843986475": {
      "maxRSS": 706268,
      "systemtime": 326165,
      "usertime": 7989052
     },
     "172843987563": {
      "maxRSS": 706268,
      "systemtime": 326167,
      "usertime": 7989078
     },
     "172843988720": {
      "maxRSS": 706268,
      "systemtime": 326167,
      "usertime": 7993096
     },
     "172843989820": {
      "maxRSS": 706268,
      "systemtime": 326167,
      "usertime": 7993110
     },
     "172843990931": {
      "maxRSS": 706268,
      "systemtime": 326167,
      "usertime": 7993122
     },
     "172843992066": {
      "maxRSS": 706268,
      "systemtime": 326169,
      "usertime": 7997194
     },
     "172843993195": {
      "maxRSS": 706268,
      "systemtime": 326171,
      "usertime": 7997233
     },
     "172843994331": {
      "maxRSS": 706268,
      "systemtime": 326172,
      "usertime": 7997278
     },
     "172843995467": {
      "maxRSS": 706268,
      "systemtime": 326175,
      "usertime": 7997329
     },
     "172843996590": {
      "maxRSS": 706268,
      "systemtime": 326175,
      "usertime": 8001368
     },
     "172843997707": {
      "maxRSS": 706268,
      "systemtime": 326176,
      "usertime": 8001402
     },
     "172843998832": {
      "maxRSS": 706268,
      "systemtime": 326178,
      "usertime": 8001440
     },
     "172844000055": {
      "maxRSS": 706268,
      "systemtime": 326181,
      "usertime": 8005546
     },
     "172844001160": {
      "maxRSS": 706268,
      "systemtime": 326182,
      "usertime": 8005576
     },
     "172844002265": {
      "maxRSS": 706268,
      "systemtime": 326184,
      "usertime": 8005606
     },
     "172844003393": {
      "maxRSS": 706268,
      "systemtime": 326185,
      "usertime": 8005646
     },
     "172844004504": {
      "maxRSS": 706268,
      "systemtime": 326201,
      "usertime": 8010050
     },
     "172844005608": {
      "maxRSS": 706268,
      "systemtime": 326202,
      "usertime": 8010076
     },
     "172844006793": {
      "maxRSS": 706268,
      "systemtime": 326206,
      "usertime": 8010177
     },
     "172844007917": {
      "maxRSS": 706268,
      "systemtime": 326207,
      "usertime": 8010218
     },
     "172844009039": {
      "maxRSS": 706268,
      "systemtime": 326207,
      "usertime": 8013904
     },
     "172844010179": {
      "maxRSS": 706268,
      "systemtime": 326207,
      "usertime": 8013960
     },
     "172844011332": {
      "maxRSS": 706268,
      "systemtime": 326207,
      "usertime": 8014031
     },
     "172844012460": {
      "maxRSS": 706268,
      "systemtime": 326207,
      "usertime": 8018048
     },
     "172844013658": {
      "maxRSS": 706268,
      "systemtime": 326207,
      "usertime": 8018172
     },
     "172844014778": {
      "maxRSS": 706268,
      "systemtime": 326207,
      "usertime": 8018207
     },
     "172844015889": {
      "maxRSS": 706268,
      "systemtime": 326207,
      "usertime": 8018244
     },
     "172844017011": {
      "maxRSS": 706268,
      "systemtime": 326207,
      "usertime": 8022285
     },
     "172844018138": {
      "maxRSS": 706268,
      "systemtime": 326209,
      "usertime": 8022330
     },
     "172844019285": {
      "maxRSS": 706268,
      "systemtime": 326211,
      "usertime": 8022391
     },
     "172844020536": {
      "maxRSS": 706268,
      "systemtime": 326217,
      "usertime": 8026565
     },
     "172844021709": {
      "maxRSS": 706268,
      "systemtime": 326220,
      "usertime": 8026637
     },
     "172844022848": {
      "maxRSS": 706268,
      "systemtime": 326222,
      "usertime": 8026695
     },
     "172844023985": {
      "maxRSS": 706268,
      "systemtime": 326225,
      "usertime": 8026748
     },
     "172844025240": {
      "maxRSS": 706268,
      "systemtime": 326225,
      "usertime": 8030830
     },
     "172844026364": {
      "maxRSS": 706268,
      "systemtime": 326225,
      "usertime": 8030872
     },
     "172844027497": {
      "maxRSS": 706268,
      "systemtime": 326225,
      "usertime": 8030916
     },
     "172844029786": {
      "maxRSS": 706268,
      "systemtime": 330009,
      "usertime": 8032912
     },
     "172844030896": {
      "maxRSS": 706268,
      "systemtime": 330010,
      "usertime": 8032944
     },
     "172844032029": {
      "maxRSS": 706268,
      "systemtime": 330010,
      "usertime": 8036413
     },
     "172844033183": {
      "maxRSS": 706268,
      "systemtime": 330010,
      "usertime": 8036458
     },
     "172844034304": {
      "maxRSS": 706268,
      "systemtime": 330010,
      "usertime": 8036503
     },
     "172844035416": {
      "maxRSS": 706268,
      "systemtime": 330010,
      "usertime": 8036544
     },
     "172844036613": {
      "maxRSS": 706268,
      "systemtime": 330010,
      "usertime": 8040726
     },
     "172844037727": {
      "maxRSS": 706268,
      "systemtime": 330010,
      "usertime": 8040761
     },
     "172844038846": {
      "maxRSS": 706268,
      "systemtime": 330010,
      "usertime": 8040789
     },
     "172844039959": {
      "maxRSS": 706268,
      "systemtime": 330010,
      "usertime": 8040823
     },
     "172844041074": {
      "maxRSS": 706268,
      "systemtime": 330010,
      "usertime": 8045004
     },
     "172844042205": {
      "maxRSS": 706268,
      "systemtime": 330011,
      "usertime": 8045044
     },
     "172844043418": {
      "maxRSS": 706268,
      "systemtime": 330017,
      "usertime": 8045181
     },
     "172844044533": {
      "maxRSS": 706268,
      "systemtime": 330018,
      "usertime": 8045218
     },
     "172844045639": {
      "maxRSS": 706268,
      "systemtime": 330059,
      "usertime": 8050238
     },
     "172844046756": {
      "maxRSS": 706268,
      "systemtime": 330061,
      "usertime": 8050270
     },
     "172844047884": {
      "maxRSS": 706268,
      "systemtime": 330062,
      "usertime": 8050313
     },
     "172844049017": {
      "maxRSS": 706268,
      "systemtime": 330062,
      "usertime": 8053121
     },
     "172844050199": {
      "maxRSS": 706268,
      "systemtime": 330062,
      "usertime": 8053233
     },
     "172844051313": {
      "maxRSS": 706268,
      "systemtime": 330062,
      "usertime": 8053270
     },
     "172844052431": {
      "maxRSS": 706268,
      "systemtime": 330062,
      "usertime": 8057301
     },
     "172844053560": {
      "maxRSS": 706268,
      "systemtime": 330062,
      "usertime": 8057340
     },
     "172844054670": {
      "maxRSS": 706268,
      "systemtime": 330062,
      "usertime": 8057373
     },
     "172844055793": {
      "maxRSS": 706268,
      "systemtime": 330062,
      "usertime": 8057417
     },
     "172844056932": {
      "maxRSS": 706268,
      "systemtime": 330062,
      "usertime": 8061490
     },
     "172844058126": {
      "maxRSS": 706268,
      "systemtime": 330062,
      "usertime": 8061607
     },
     "172844059243": {
      "maxRSS": 706268,
      "systemtime": 330062,
      "usertime": 8061647
     },
     "172844060373": {
      "maxRSS": 706268,
      "systemtime": 330062,
      "usertime": 8065673
     },
     "172844061509": {
      "maxRSS": 706268,
      "systemtime": 330062,
      "usertime": 8065717
     },
     "172844062624": {
      "maxRSS": 706268,
      "systemtime": 330062,
      "usertime": 8065754
     },
     "172844063741": {
      "maxRSS": 706268,
      "systemtime": 330062,
      "usertime": 8065791
     },
     "172844064991": {
      "maxRSS": 706268,
      "systemtime": 330062,
      "usertime": 8070026
     },
     "172844066105": {
      "maxRSS": 706268,
      "systemtime": 330062,
      "usertime": 8070060
     },
     "172844067223": {
      "maxRSS": 706268,
      "systemtime": 330062,
      "usertime": 8070098
     },
     "172844068335": {
      "maxRSS": 706268,
      "systemtime": 330062,
      "usertime": 8074094
     },
     "172844069478": {
      "maxRSS": 706268,
      "systemtime": 330062,
      "usertime": 8074138
     },
     "172844070607": {
      "maxRSS": 706268,
      "systemtime": 330062,
      "usertime": 8074183
     },
     "172844071818": {
      "maxRSS": 706268,
      "systemtime": 330062,
      "usertime": 8074312
     },
     "172844072951": {
      "maxRSS": 706268,
      "systemtime": 330062,
      "usertime": 8078350
     },
     "172844074094": {
      "maxRSS": 706268,
      "systemtime": 330062,
      "usertime": 8078409
     },
     "172844075222": {
      "maxRSS": 706268,
      "systemtime": 330062,
      "usertime": 8078454
     },
     "172844077360": {
      "maxRSS": 706268,
      "systemtime": 330062,
      "usertime": 8082513
     },
     "172844079489": {
      "maxRSS": 706268,
      "systemtime": 330064,
      "usertime": 8082563
     },
     "172844081853": {
      "maxRSS": 706268,
      "systemtime": 330096,
      "usertime": 8087354
     },
     "172844083994": {
      "maxRSS": 706268,
      "systemtime": 330097,
      "usertime": 8087397
     },
     "172844086159": {
      "maxRSS": 706268,
      "systemtime": 330097,
      "usertime": 8091091
     },
     "172844088298": {
      "maxRSS": 706268,
      "systemtime": 330097,
      "usertime": 8094985
     },
     "172844090419": {
      "maxRSS": 706268,
      "systemtime": 330097,
      "usertime": 8095024
     },
     "172844092573": {
      "maxRSS": 706268,
      "systemtime": 330097,
      "usertime": 8099081
     },
     "172844094750": {
      "maxRSS": 706268,
      "systemtime": 330097,
      "usertime": 8099155
     },
     "172844097054": {
      "maxRSS": 706268,
      "systemtime": 330097,
      "usertime": 8103377
     },
     "172844099171": {
      "maxRSS": 706268,
      "systemtime": 330097,
      "usertime": 8103415
     },
     "172844101294": {
      "maxRSS": 706268,
      "systemtime": 330097,
      "usertime": 8107472
     },
     "172844103427": {
      "maxRSS": 706268,
      "systemtime": 330097,
      "usertime": 8107519
     },
     "172844105554": {
      "maxRSS": 706268,
      "systemtime": 330097,
      "usertime": 8111571
     },
     "172844107685": {
      "maxRSS": 706268,
      "systemtime": 330097,
      "usertime": 8111632
     },
     "172844109856": {
      "maxRSS": 706268,
      "systemtime": 330097,
      "usertime": 8115720
     },
     "172844111994": {
      "maxRSS": 706268,
      "systemtime": 330097,
      "usertime": 8115774
     },
     "172844114194": {
      "maxRSS": 706268,
      "systemtime": 330097,
      "usertime": 8120415
     },
     "172844116337": {
      "maxRSS": 706268,
      "systemtime": 330097,
      "usertime": 8123905
     },
     "172844118477": {
      "maxRSS": 706268,
      "systemtime": 330097,
      "usertime": 8123958
     },
     "172844120619": {
      "maxRSS": 706268,
      "systemtime": 330097,
      "usertime": 8128015
     },
     "172844122874": {
      "maxRSS": 706268,
      "systemtime": 330097,
      "usertime": 8128145
     },
     "172844125021": {
      "maxRSS": 706268,
      "systemtime": 330097,
      "usertime": 8132192
     },
     "172844127168": {
      "maxRSS": 706268,
      "systemtime": 330097,
      "usertime": 8132257
     },
     "172844129318": {
      "maxRSS": 706268,
      "systemtime": 330097,
      "usertime": 8136325
     },
     "172844131452": {
      "maxRSS": 706268,
      "systemtime": 330097,
      "usertime": 8136382
     },
     "172844133594": {
      "maxRSS": 706268,
      "systemtime": 330097,
      "usertime": 8140532
     },
     "172844135845": {
      "maxRSS": 706268,
      "systemtime": 330097,
      "usertime": 8140700
     },
     "172844137983": {
      "maxRSS": 706268,
      "systemtime": 330097,
      "usertime": 8145782
     },
     "172844140164": {
      "maxRSS": 706268,
      "systemtime": 330097,
      "usertime": 8148697
     },
     "172844142303": {
      "maxRSS": 706268,
      "systemtime": 330097,
      "usertime": 8148752
     },
     "172844144448": {
      "maxRSS": 706268,
      "systemtime": 330097,
      "usertime": 8152824
     },
     "172844146582": {
      "maxRSS": 706268,
      "systemtime": 330097,
      "usertime": 8152882
     },
     "172844148722": {
      "maxRSS": 706268,
      "systemtime": 330097,
      "usertime": 8156932
     },
     "172844150864": {
      "maxRSS": 706268,
      "systemtime": 330097,
      "usertime": 8156992
     },
     "172844152987": {
      "maxRSS": 706268,
      "systemtime": 330097,
      "usertime": 8161515
     },
     "172844155089": {
      "maxRSS": 706268,
      "systemtime": 330097,
      "usertime": 8161549
     },
     "172844157174": {
      "maxRSS": 706268,
      "systemtime": 330097,
      "usertime": 8165092
     },
     "172844159297": {
      "maxRSS": 706268,
      "systemtime": 330097,
      "usertime": 8165129
     },
     "172844161438": {
      "maxRSS": 706268,
      "systemtime": 330097,
      "usertime": 8169197
     },
     "172844164085": {
      "maxRSS": 706268,
      "systemtime": 330097,
      "usertime": 8173738
     },
     "172844166206": {
      "maxRSS": 706268,
      "systemtime": 330097,
      "usertime": 8173783
     },
     "172844168346": {
      "maxRSS": 706268,
      "systemtime": 330097,
      "usertime": 8177831
     },
     "172844170513": {
      "maxRSS": 706268,
      "systemtime": 330097,
      "usertime": 8177886
     },
     "172844172661": {
      "maxRSS": 706268,
      "systemtime": 330097,
      "usertime": 8182526
     },
     "172844174807": {
      "maxRSS": 706268,
      "systemtime": 330097,
      "usertime": 8182584
     },
     "172844177027": {
      "maxRSS": 706268,
      "systemtime": 330097,
      "usertime": 8186273
     },
     "172844179172": {
      "maxRSS": 706268,
      "systemtime": 330097,
      "usertime": 8186324
     },
     "172844181312": {
      "maxRSS": 706268,
      "systemtime": 330097,
      "usertime": 8190259
     },
     "172844183472": {
      "maxRSS": 706268,
      "systemtime": 330097,
      "usertime": 8190320
     },
     "172844185635": {
      "maxRSS": 706268,
      "systemtime": 330097,
      "usertime": 8194394
     },
     "172844187816": {
      "maxRSS": 706268,
      "systemtime": 330097,
      "usertime": 8194463
     },
     "172844189938": {
      "maxRSS": 706268,
      "systemtime": 330097,
      "usertime": 8198513
     },
     "172844192083": {
      "maxRSS": 706268,
      "systemtime": 330097,
      "usertime": 8202543
     },
     "172844194235": {
      "maxRSS": 706268,
      "systemtime": 330097,
      "usertime": 8202605
     },
     "172844196384": {
      "maxRSS": 706268,
      "systemtime": 330097,
      "usertime": 8206680
     },
     "172844198502": {
      "maxRSS": 706268,
      "systemtime": 330097,
      "usertime": 8206720
     },
     "172844200632": {
      "maxRSS": 706268,
      "systemtime": 330097,
      "usertime": 8210755
     },
     "172844202870": {
      "maxRSS": 706268,
      "systemtime": 330097,
      "usertime": 8210913
     },
     "172844205006": {
      "maxRSS": 706268,
      "systemtime": 330097,
      "usertime": 8214970
     },
     "172844207137": {
      "maxRSS": 706268,
      "systemtime": 330097,
      "usertime": 8215016
     },
     "172844209295": {
      "maxRSS": 706268,
      "systemtime": 330097,
      "usertime": 8219092
     },
     "172844211439": {
      "maxRSS": 706268,
      "systemtime": 330097,
      "usertime": 8219144
     },
     "172844213594": {
      "maxRSS": 706268,
      "systemtime": 330097,
      "usertime": 8223190
     },
     "172844215688": {
      "maxRSS": 706268,
      "systemtime": 330097,
      "usertime": 8223220
     },
     "172844217830": {
      "maxRSS": 706268,
      "systemtime": 330097,
      "usertime": 8227283
     },
     "172844219944": {
      "maxRSS": 706268,
      "systemtime": 330097,
      "usertime": 8227322
     },
     "172844222037": {
      "maxRSS": 706268,
      "systemtime": 330097,
      "usertime": 8231354
     },
     "172844224144": {
      "maxRSS": 706268,
      "systemtime": 330097,
      "usertime": 8235385
     },
     "172844226274": {
      "maxRSS": 706268,
      "systemtime": 330097,
      "usertime": 8235432
     },
     "172844228395": {
      "maxRSS": 706268,
      "systemtime": 330097,
      "usertime": 8239485
     },
     "172844230539": {
      "maxRSS": 706268,
      "systemtime": 330097,
      "usertime": 8239553
     },
     "172844232715": {
      "maxRSS": 706268,
      "systemtime": 330097,
      "usertime": 8243635
     },
     "172844234875": {
      "maxRSS": 706268,
      "systemtime": 330097,
      "usertime": 8243697
     },
     "172844237058": {
      "maxRSS": 706268,
      "systemtime": 330097,
      "usertime": 8247919
     },
     "172844239181": {
      "maxRSS": 706268,
      "systemtime": 330097,
      "usertime": 8247964
     },
     "172844241314": {
      "maxRSS": 706268,
      "systemtime": 330097,
      "usertime": 8251896
     },
     "172844243475": {
      "maxRSS": 706268,
      "systemtime": 330097,
      "usertime": 8251979
     },
     "172844245713": {
      "maxRSS": 706268,
      "systemtime": 330097,
      "usertime": 8256066
     },
     "172844247903": {
      "maxRSS": 706268,
      "systemtime": 330097,
      "usertime": 8260020
     },
     "172844248911": {
      "maxRSS": 706268,
      "systemtime": 330097,
      "usertime": 8261060
     },
     "172844249336": {
      "maxRSS": 706268,
      "systemtime": 330097,
      "usertime": 8261490
     },
     "172844250459": {
      "maxRSS": 706268,
      "systemtime": 330097,
      "usertime": 8261530
     },
     "172844251630": {
      "maxRSS": 706268,
      "systemtime": 330097,
      "usertime": 8261616
     },
     "172844252756": {
      "maxRSS": 706268,
      "systemtime": 330097,
      "usertime": 8264412
     },
     "172844253883": {
      "maxRSS": 706268,
      "systemtime": 330097,
      "usertime": 8264455
     },
     "172844255001": {
      "maxRSS": 706268,
      "systemtime": 330097,
      "usertime": 8264495
     },
     "172844256051": {
      "maxRSS": 706268,
      "systemtime": 330097,
      "usertime": 8264528
     },
     "172844257172": {
      "maxRSS": 706268,
      "systemtime": 330097,
      "usertime": 8268728
     },
     "172844258288": {
      "maxRSS": 706268,
      "systemtime": 330097,
      "usertime": 8268767
     },
     "172844259455": {
      "maxRSS": 706268,
      "systemtime": 330097,
      "usertime": 8268853
     },
     "172844260588": {
      "maxRSS": 706268,
      "systemtime": 330097,
      "usertime": 8272748
     },
     "172844261725": {
      "maxRSS": 706268,
      "systemtime": 330097,
      "usertime": 8272808
     },
     "172844262849": {
      "maxRSS": 706268,
      "systemtime": 330097,
      "usertime": 8272854
     },
     "172844263987": {
      "maxRSS": 706268,
      "systemtime": 330097,
      "usertime": 8272900
     },
     "172844265147": {
      "maxRSS": 706268,
      "systemtime": 330097,
      "usertime": 8276960
     },
     "172844266291": {
      "maxRSS": 706268,
      "systemtime": 330097,
      "usertime": 8277033
     },
     "172844267433": {
      "maxRSS": 706268,
      "systemtime": 330097,
      "usertime": 8277076
     },
     "172844268557": {
      "maxRSS": 706268,
      "systemtime": 330097,
      "usertime": 8281119
     },
     "172844269675": {
      "maxRSS": 706268,
      "systemtime": 330097,
      "usertime": 8281164
     },
     "172844270787": {
      "maxRSS": 706268,
      "systemtime": 330097,
      "usertime": 8281205
     },
     "172844271886": {
      "maxRSS": 706268,
      "systemtime": 330097,
      "usertime": 8281236
     },
     "172844273088": {
      "maxRSS": 706268,
      "systemtime": 330097,
      "usertime": 8285864
     },
     "172844274251": {
      "maxRSS": 706268,
      "systemtime": 330097,
      "usertime": 8285898
     },
     "172844275370": {
      "maxRSS": 706268,
      "systemtime": 330097,
      "usertime": 8285933
     },
     "172844276487": {
      "maxRSS": 706268,
      "systemtime": 330097,
      "usertime": 8289416
     },
     "172844278467": {
      "maxRSS": 706268,
      "systemtime": 330097,
      "usertime": 8289469
     },
     "172844280415": {
      "maxRSS": 706268,
      "systemtime": 330097,
      "usertime": 8293580
     },
     "172844282357": {
      "maxRSS": 706268,
      "systemtime": 330097,
      "usertime": 8294449
     },
     "172844283474": {
      "maxRSS": 706268,
      "systemtime": 330097,
      "usertime": 8294488
     },
     "172844284611": {
      "maxRSS": 706268,
      "systemtime": 330097,
      "usertime": 8298806
     },
     "172844286917": {
      "maxRSS": 706268,
      "systemtime": 330097,
      "usertime": 8298849
     },
     "172844288032": {
      "maxRSS": 706268,
      "systemtime": 330097,
      "usertime": 8302595
     },
     "172844289136": {
      "maxRSS": 706268,
      "systemtime": 330097,
      "usertime": 8302624
     },
     "172844290244": {
      "maxRSS": 706268,
      "systemtime": 330097,
      "usertime": 8302658
     },
     "172844291367": {
      "maxRSS": 706268,
      "systemtime": 330097,
      "usertime": 8302713
     },
     "172844292477": {
      "maxRSS": 706268,
      "systemtime": 330097,
      "usertime": 8306752
     },
     "172844293605": {
      "maxRSS": 706268,
      "systemtime": 330097,
      "usertime": 8306801
     },
     "172844294722": {
      "maxRSS": 706268,
      "systemtime": 330097,
      "usertime": 8306843
     },
     "172844295834": {
      "maxRSS": 706268,
      "systemtime": 330097,
      "usertime": 8306876
     },
     "172844296967": {
      "maxRSS": 706268,
      "systemtime": 330097,
      "usertime": 8310898
     },
     "172844298112": {
      "maxRSS": 706268,
      "systemtime": 330097,
      "usertime": 8310968
     },
     "172844299228": {
      "maxRSS": 706268,
      "systemtime": 330097,
      "usertime": 8311017
     },
     "172844300352": {
      "maxRSS": 706268,
      "systemtime": 330097,
      "usertime": 8315063
     },
     "172844301466": {
      "maxRSS": 706268,
      "systemtime": 330097,
      "usertime": 8315101
     },
     "172844302599": {
      "maxRSS": 706268,
      "systemtime": 330097,
      "usertime": 8315149
     },
     "172844303719": {
      "maxRSS": 706268,
      "systemtime": 330097,
      "usertime": 8315185
     },
     "172844304856": {
      "maxRSS": 706268,
      "systemtime": 330097,
      "usertime": 8319243
     },
     "172844306003": {
      "maxRSS": 706268,
      "systemtime": 330097,
      "usertime": 8319282
     },
     "172844307159": {
      "maxRSS": 706268,
      "systemtime": 330097,
      "usertime": 8319341
     },
     "172844308266": {
      "maxRSS": 706268,
      "systemtime": 330097,
      "usertime": 8323368
     },
     "172844309378": {
      "maxRSS": 706268,
      "systemtime": 330097,
      "usertime": 8323399
     },
     "172844310494": {
      "maxRSS": 706268,
      "systemtime": 330097,
      "usertime": 8323436
     },
     "172844311653": {
      "maxRSS": 706268,
      "systemtime": 330097,
      "usertime": 8323510
     },
     "172844312767": {
      "maxRSS": 706268,
      "systemtime": 330097,
      "usertime": 8327549
     },
     "172844313918": {
      "maxRSS": 706268,
      "systemtime": 330097,
      "usertime": 8327604
     },
     "172844315067": {
      "maxRSS": 706268,
      "systemtime": 330097,
      "usertime": 8327675
     },
     "172844316174": {
      "maxRSS": 706268,
      "systemtime": 330097,
      "usertime": 8331747
     },
     "172844317329": {
      "maxRSS": 706268,
      "systemtime": 330097,
      "usertime": 8331793
     },
     "172844318452": {
      "maxRSS": 706268,
      "systemtime": 330097,
      "usertime": 8331840
     },
     "172844319612": {
      "maxRSS": 706268,
      "systemtime": 330097,
      "usertime": 8331921
     },
     "172844320725": {
      "maxRSS": 706268,
      "systemtime": 330097,
      "usertime": 8335930
     },
     "172844321842": {
      "maxRSS": 706268,
      "systemtime": 330097,
      "usertime": 8335972
     },
     "172844322989": {
      "maxRSS": 706268,
      "systemtime": 330097,
      "usertime": 8336035
     },
     "172844324061": {
      "maxRSS": 706268,
      "systemtime": 330097,
      "usertime": 8340076
     },
     "172844325192": {
      "maxRSS": 706268,
      "systemtime": 330097,
      "usertime": 8340117
     },
     "172844326359": {
      "maxRSS": 706268,
      "systemtime": 330097,
      "usertime": 8340206
     },
     "172844327487": {
      "maxRSS": 706268,
      "systemtime": 330097,
      "usertime": 8340256
     },
     "172844328618": {
      "maxRSS": 706268,
      "systemtime": 330097,
      "usertime": 8340316
     },
     "172844329734": {
      "maxRSS": 706268,
      "systemtime": 330097,
      "usertime": 8344964
     },
     "172844330885": {
      "maxRSS": 706268,
      "systemtime": 330097,
      "usertime": 8345012
     },
     "172844332057": {
      "maxRSS": 706268,
      "systemtime": 330097,
      "usertime": 8348447
     },
     "172844333201": {
      "maxRSS": 706268,
      "systemtime": 330097,
      "usertime": 8348512
     },
     "172844334322": {
      "maxRSS": 706268,
      "systemtime": 330097,
      "usertime": 8348549
     },
     "172844335461": {
      "maxRSS": 706268,
      "systemtime": 330097,
      "usertime": 8348602
     },
     "172844336580": {
      "maxRSS": 706268,
      "systemtime": 330097,
      "usertime": 8352665
     },
     "172844337694": {
      "maxRSS": 706268,
      "systemtime": 330097,
      "usertime": 8352717
     },
     "172844338845": {
      "maxRSS": 706268,
      "systemtime": 330097,
      "usertime": 8352771
     },
     "172844340052": {
      "maxRSS": 706268,
      "systemtime": 330097,
      "usertime": 8356920
     },
     "172844341160": {
      "maxRSS": 706268,
      "systemtime": 330097,
      "usertime": 8356954
     },
     "172844342275": {
      "maxRSS": 706268,
      "systemtime": 330097,
      "usertime": 8356992
     },
     "172844343394": {
      "maxRSS": 706268,
      "systemtime": 330097,
      "usertime": 8357035
     },
     "172844344519": {
      "maxRSS": 706268,
      "systemtime": 330097,
      "usertime": 8361104
     },
     "172844345656": {
      "maxRSS": 706268,
      "systemtime": 330097,
      "usertime": 8361154
     },
     "172844346768": {
      "maxRSS": 706268,
      "systemtime": 330097,
      "usertime": 8361194
     },
     "172844347923": {
      "maxRSS": 706268,
      "systemtime": 330097,
      "usertime": 8361259
     },
     "172844349040": {
      "maxRSS": 706268,
      "systemtime": 330097,
      "usertime": 8365277
     },
     "172844350149": {
      "maxRSS": 706268,
      "systemtime": 330097,
      "usertime": 8365312
     },
     "172844351270": {
      "maxRSS": 706268,
      "systemtime": 330097,
      "usertime": 8365356
     },
     "172844352386": {
      "maxRSS": 706268,
      "systemtime": 330097,
      "usertime": 8369402
     },
     "172844353584": {
      "maxRSS": 706268,
      "systemtime": 330097,
      "usertime": 8369458
     },
     "172844354766": {
      "maxRSS": 706268,
      "systemtime": 330097,
      "usertime": 8369563
     },
     "172844355955": {
      "maxRSS": 706268,
      "systemtime": 330097,
      "usertime": 8369622
     },
     "172844357088": {
      "maxRSS": 706268,
      "systemtime": 330097,
      "usertime": 8373685
     },
     "172844358221": {
      "maxRSS": 706268,
      "systemtime": 330097,
      "usertime": 8373730
     },
     "172844359346": {
      "maxRSS": 706268,
      "systemtime": 330097,
      "usertime": 8373779
     },
     "172844360531": {
      "maxRSS": 706268,
      "systemtime": 330097,
      "usertime": 8377827
     },
     "172844361720": {
      "maxRSS": 706268,
      "systemtime": 330097,
      "usertime": 8377928
     },
     "172844362840": {
      "maxRSS": 706268,
      "systemtime": 330097,
      "usertime": 8377978
     },
     "172844363958": {
      "maxRSS": 706396,
      "systemtime": 330097,
      "usertime": 8378019
     },
     "172844365073": {
      "maxRSS": 706396,
      "systemtime": 330097,
      "usertime": 8382323
     },
     "172844366217": {
      "maxRSS": 706524,
      "systemtime": 330097,
      "usertime": 8382362
     },
     "172844367339": {
      "maxRSS": 706652,
      "systemtime": 330097,
      "usertime": 8382406
     },
     "172844368504": {
      "maxRSS": 706652,
      "systemtime": 330097,
      "usertime": 8386218
     },
     "172844369633": {
      "maxRSS": 706652,
      "systemtime": 330097,
      "usertime": 8386262
     },
     "172844370751": {
      "maxRSS": 706780,
      "systemtime": 330097,
      "usertime": 8386302
     },
     "172844371871": {
      "maxRSS": 706780,
      "systemtime": 330097,
      "usertime": 8386338
     },
     "172844372972": {
      "maxRSS": 706908,
      "systemtime": 330097,
      "usertime": 8390437
     },
     "172844374074": {
      "maxRSS": 707164,
      "systemtime": 330097,
      "usertime": 8390468
     },
     "172844375198": {
      "maxRSS": 707292,
      "systemtime": 330097,
      "usertime": 8390513
     },
     "172844376348": {
      "maxRSS": 707420,
      "systemtime": 330097,
      "usertime": 8394538
     },
     "172844377466": {
      "maxRSS": 707548,
      "systemtime": 330097,
      "usertime": 8394574
     },
     "172844378565": {
      "maxRSS": 707676,
      "systemtime": 330097,
      "usertime": 8394606
     },
     "172844379669": {
      "maxRSS": 707932,
      "systemtime": 330097,
      "usertime": 8394633
     },
     "172844380773": {
      "maxRSS": 708060,
      "systemtime": 330097,
      "usertime": 8398630
     },
     "172844381875": {
      "maxRSS": 708188,
      "systemtime": 330097,
      "usertime": 8398656
     },
     "172844383023": {
      "maxRSS": 708316,
      "systemtime": 330097,
      "usertime": 8398720
     },
     "172844384113": {
      "maxRSS": 708572,
      "systemtime": 334021,
      "usertime": 8398831
     },
     "172844385206": {
      "maxRSS": 708700,
      "systemtime": 334022,
      "usertime": 8398858
     },
     "172844386338": {
      "maxRSS": 708828,
      "systemtime": 334024,
      "usertime": 8398916
     },
     "172844387438": {
      "maxRSS": 708956,
      "systemtime": 334026,
      "usertime": 8398944
     },
     "172844388529": {
      "maxRSS": 708956,
      "systemtime": 338059,
      "usertime": 8399158
     },
     "172844389689": {
      "maxRSS": 709084,
      "systemtime": 338062,
      "usertime": 8399239
     },
     "172844390817": {
      "maxRSS": 709084,
      "systemtime": 338064,
      "usertime": 8399291
     },
     "172844391930": {
      "maxRSS": 709212,
      "systemtime": 338065,
      "usertime": 8399325
     },
     "172844393067": {
      "maxRSS": 709212,
      "systemtime": 341894,
      "usertime": 8399325
     },
     "172844394214": {
      "maxRSS": 709212,
      "systemtime": 341943,
      "usertime": 8399325
     },
     "172844395354": {
      "maxRSS": 709340,
      "systemtime": 342000,
      "usertime": 8399325
     },
     "172844396556": {
      "maxRSS": 709340,
      "systemtime": 346128,
      "usertime": 8399654
     },
     "172844398712": {
      "maxRSS": 709468,
      "systemtime": 346130,
      "usertime": 8399698
     },
     "172844400830": {
      "maxRSS": 709724,
      "systemtime": 346130,
      "usertime": 8403402
     },
     "172844402965": {
      "maxRSS": 709852,
      "systemtime": 346130,
      "usertime": 8403450
     },
     "172844405091": {
      "maxRSS": 710108,
      "systemtime": 346130,
      "usertime": 8407504
     },
     "172844407217": {
      "maxRSS": 710236,
      "systemtime": 346130,
      "usertime": 8407556
     },
     "172844409360": {
      "maxRSS": 710364,
      "systemtime": 346130,
      "usertime": 8411617
     },
     "172844411533": {
      "maxRSS": 710620,
      "systemtime": 346130,
      "usertime": 8411705
     },
     "172844413670": {
      "maxRSS": 710748,
      "systemtime": 346130,
      "usertime": 8415764
     },
     "172844415782": {
      "maxRSS": 711004,
      "systemtime": 346130,
      "usertime": 8415807
     },
     "172844417912": {
      "maxRSS": 711260,
      "systemtime": 346131,
      "usertime": 8419853
     },
     "172844420104": {
      "maxRSS": 711516,
      "systemtime": 346132,
      "usertime": 8423907
     },
     "172844422240": {
      "maxRSS": 711644,
      "systemtime": 346134,
      "usertime": 8423959
     },
     "172844424408": {
      "maxRSS": 711900,
      "systemtime": 346137,
      "usertime": 8428036
     },
     "172844426539": {
      "maxRSS": 712156,
      "systemtime": 346139,
      "usertime": 8428085
     },
     "172844428698": {
      "maxRSS": 712284,
      "systemtime": 350184,
      "usertime": 8428574
     },
     "172844430827": {
      "maxRSS": 712412,
      "systemtime": 350186,
      "usertime": 8428621
     },
     "172844432947": {
      "maxRSS": 712668,
      "systemtime": 350186,
      "usertime": 8432181
     },
     "172844435078": {
      "maxRSS": 713052,
      "systemtime": 350186,
      "usertime": 8432221
     },
     "172844437231": {
      "maxRSS": 713052,
      "systemtime": 354218,
      "usertime": 8432813
     },
     "172844439359": {
      "maxRSS": 713052,
      "systemtime": 354220,
      "usertime": 8432861
     },
     "172844440164": {
      "maxRSS": 713052,
      "systemtime": 354344,
      "usertime": 8436375
     },
     "172844441283": {
      "maxRSS": 713052,
      "systemtime": 354344,
      "usertime": 8436410
     },
     "172844442418": {
      "maxRSS": 713052,
      "systemtime": 354344,
      "usertime": 8436454
     },
     "172844443535": {
      "maxRSS": 713052,
      "systemtime": 354344,
      "usertime": 8436500
     },
     "172844444687": {
      "maxRSS": 713052,
      "systemtime": 354344,
      "usertime": 8436580
     },
     "172844445808": {
      "maxRSS": 713052,
      "systemtime": 354344,
      "usertime": 8441505
     },
     "172844446912": {
      "maxRSS": 713052,
      "systemtime": 354344,
      "usertime": 8441536
     },
     "172844448038": {
      "maxRSS": 713052,
      "systemtime": 354344,
      "usertime": 8444550
     },
     "172844449231": {
      "maxRSS": 713052,
      "systemtime": 354344,
      "usertime": 8444603
     },
     "172844450343": {
      "maxRSS": 713052,
      "systemtime": 354344,
      "usertime": 8444639
     },
     "172844451486": {
      "maxRSS": 713052,
      "systemtime": 354344,
      "usertime": 8444687
     },
     "172844452642": {
      "maxRSS": 713180,
      "systemtime": 354344,
      "usertime": 8449017
     },
     "172844453756": {
      "maxRSS": 713180,
      "systemtime": 354344,
      "usertime": 8449055
     },
     "172844454892": {
      "maxRSS": 713180,
      "systemtime": 354344,
      "usertime": 8449107
     },
     "172844456057": {
      "maxRSS": 713180,
      "systemtime": 354344,
      "usertime": 8452926
     },
     "172844457171": {
      "maxRSS": 713180,
      "systemtime": 354344,
      "usertime": 8452973
     },
     "172844458316": {
      "maxRSS": 713180,
      "systemtime": 354344,
      "usertime": 8453044
     },
     "172844459507": {
      "maxRSS": 713180,
      "systemtime": 354344,
      "usertime": 8453121
     },
     "172844460627": {
      "maxRSS": 713180,
      "systemtime": 354344,
      "usertime": 8457164
     },
     "172844461763": {
      "maxRSS": 713180,
      "systemtime": 354344,
      "usertime": 8457218
     },
     "172844462880": {
      "maxRSS": 713180,
      "systemtime": 354344,
      "usertime": 8457258
     },
     "172844463999": {
      "maxRSS": 713180,
      "systemtime": 354407,
      "usertime": 8457258
     },
     "172844465142": {
      "maxRSS": 713180,
      "systemtime": 358101,
      "usertime": 8457629
     },
     "172844466284": {
      "maxRSS": 713180,
      "systemtime": 358103,
      "usertime": 8457685
     },
     "172844467401": {
      "maxRSS": 713180,
      "systemtime": 358105,
      "usertime": 8457720
     },
     "172844468530": {
      "maxRSS": 713180,
      "systemtime": 358105,
      "usertime": 8461757
     },
     "172844469663": {
      "maxRSS": 713180,
      "systemtime": 358107,
      "usertime": 8461801
     },
     "172844470777": {
      "maxRSS": 713180,
      "systemtime": 358109,
      "usertime": 8461835
     },
     "172844471901": {
      "maxRSS": 713180,
      "systemtime": 358110,
      "usertime": 8461866
     },
     "172844473053": {
      "maxRSS": 713180,
      "systemtime": 358112,
      "usertime": 8465931
     },
     "172844474149": {
      "maxRSS": 713180,
      "systemtime": 358113,
      "usertime": 8465954
     },
     "172844475263": {
      "maxRSS": 713180,
      "systemtime": 358114,
      "usertime": 8465983
     },
     "172844476373": {
      "maxRSS": 713180,
      "systemtime": 358114,
      "usertime": 8470010
     },
     "172844477494": {
      "maxRSS": 713180,
      "systemtime": 358116,
      "usertime": 8470048
     },
     "172844478632": {
      "maxRSS": 713180,
      "systemtime": 358118,
      "usertime": 8470095
     },
     "172844479777": {
      "maxRSS": 713180,
      "systemtime": 358120,
      "usertime": 8470150
     },
     "172844481971": {
      "maxRSS": 713180,
      "systemtime": 362032,
      "usertime": 8471558
     },
     "172844483075": {
      "maxRSS": 713180,
      "systemtime": 362033,
      "usertime": 8471585
     },
     "172844484187": {
      "maxRSS": 713180,
      "systemtime": 362033,
      "usertime": 8475420
     },
     "172844485303": {
      "maxRSS": 713180,
      "systemtime": 362033,
      "usertime": 8475461
     },
     "172844486429": {
      "maxRSS": 713180,
      "systemtime": 362033,
      "usertime": 8475506
     },
     "172844487535": {
      "maxRSS": 713180,
      "systemtime": 362033,
      "usertime": 8475536
     },
     "172844488675": {
      "maxRSS": 713180,
      "systemtime": 362033,
      "usertime": 8479578
     },
     "172844489746": {
      "maxRSS": 713180,
      "systemtime": 362033,
      "usertime": 8479590
     },
     "172844490822": {
      "maxRSS": 713180,
      "systemtime": 362033,
      "usertime": 8479603
     },
     "172844491931": {
      "maxRSS": 713180,
      "systemtime": 362033,
      "usertime": 8479632
     },
     "172844493049": {
      "maxRSS": 713180,
      "systemtime": 362034,
      "usertime": 8483666
     },
     "172844494166": {
      "maxRSS": 713180,
      "systemtime": 362035,
      "usertime": 8483701
     },
     "172844495297": {
      "maxRSS": 713180,
      "systemtime": 362038,
      "usertime": 8483763
     },
     "172844496400": {
      "maxRSS": 713180,
      "systemtime": 362039,
      "usertime": 8487808
     },
     "172844497517": {
      "maxRSS": 713180,
      "systemtime": 362040,
      "usertime": 8487835
     },
     "172844498627": {
      "maxRSS": 713180,
      "systemtime": 362041,
      "usertime": 8487869
     },
     "172844499741": {
      "maxRSS": 713180,
      "systemtime": 362043,
      "usertime": 8487903
     },
     "172844500856": {
      "maxRSS": 713180,
      "systemtime": 362043,
      "usertime": 8491920
     },
     "172844502059": {
      "maxRSS": 713180,
      "systemtime": 362048,
      "usertime": 8492037
     },
     "172844503194": {
      "maxRSS": 713180,
      "systemtime": 362050,
      "usertime": 8492087
     },
     "172844504287": {
      "maxRSS": 713180,
      "systemtime": 362050,
      "usertime": 8496115
     },
     "172844505403": {
      "maxRSS": 713180,
      "systemtime": 362051,
      "usertime": 8496134
     },
     "172844506527": {
      "maxRSS": 713180,
      "systemtime": 362052,
      "usertime": 8496168
     },
     "172844507706": {
      "maxRSS": 713180,
      "systemtime": 362054,
      "usertime": 8496209
     },
     "172844508832": {
      "maxRSS": 713180,
      "systemtime": 362055,
      "usertime": 8500253
     },
     "172844509971": {
      "maxRSS": 713180,
      "systemtime": 362057,
      "usertime": 8500297
     },
     "172844511188": {
      "maxRSS": 713180,
      "systemtime": 362061,
      "usertime": 8500389
     },
     "172844512349": {
      "maxRSS": 713180,
      "systemtime": 362064,
      "usertime": 8500478
     },
     "172844513470": {
      "maxRSS": 713180,
      "systemtime": 362081,
      "usertime": 8504898
     },
     "172844514576": {
      "maxRSS": 713180,
      "systemtime": 362083,
      "usertime": 8504928
     },
     "172844515668": {
      "maxRSS": 713180,
      "systemtime": 362084,
      "usertime": 8504952
     },
     "172844516804": {
      "maxRSS": 713180,
      "systemtime": 362084,
      "usertime": 8508639
     },
     "172844517917": {
      "maxRSS": 713180,
      "systemtime": 362084,
      "usertime": 8508672
     },
     "172844519038": {
      "maxRSS": 713180,
      "systemtime": 362084,
      "usertime": 8508708
     },
     "172844520165": {
      "maxRSS": 713180,
      "systemtime": 362084,
      "usertime": 8512745
     },
     "172844521310": {
      "maxRSS": 713180,
      "systemtime": 362084,
      "usertime": 8512790
     },
     "172844522441": {
      "maxRSS": 713180,
      "systemtime": 362084,
      "usertime": 8512842
     },
     "172844523609": {
      "maxRSS": 713180,
      "systemtime": 362084,
      "usertime": 8512910
     },
     "172844524709": {
      "maxRSS": 713180,
      "systemtime": 362084,
      "usertime": 8516932
     },
     "172844525829": {
      "maxRSS": 713180,
      "systemtime": 362084,
      "usertime": 8516953
     },
     "172844526931": {
      "maxRSS": 713180,
      "systemtime": 362084,
      "usertime": 8516979
     },
     "172844528037": {
      "maxRSS": 713180,
      "systemtime": 362084,
      "usertime": 8521007
     },
     "172844529134": {
      "maxRSS": 713180,
      "systemtime": 362084,
      "usertime": 8521032
     },
     "172844530267": {
      "maxRSS": 713180,
      "systemtime": 362085,
      "usertime": 8521085
     },
     "172844531418": {
      "maxRSS": 713180,
      "systemtime": 362087,
      "usertime": 8521134
     },
     "172844532562": {
      "maxRSS": 713180,
      "systemtime": 362089,
      "usertime": 8525189
     },
     "172844533654": {
      "maxRSS": 713180,
      "systemtime": 362090,
      "usertime": 8525213
     },
     "172844534783": {
      "maxRSS": 713180,
      "systemtime": 362092,
      "usertime": 8525260
     },
     "172844535893": {
      "maxRSS": 713180,
      "systemtime": 362093,
      "usertime": 8525289
     },
     "172844537062": {
      "maxRSS": 713180,
      "systemtime": 362095,
      "usertime": 8529358
     },
     "172844538181": {
      "maxRSS": 713180,
      "systemtime": 362096,
      "usertime": 8529377
     },
     "172844539290": {
      "maxRSS": 713180,
      "systemtime": 362096,
      "usertime": 8529393
     },
     "172844540364": {
      "maxRSS": 713180,
      "systemtime": 362096,
      "usertime": 8533407
     },
     "172844541471": {
      "maxRSS": 713180,
      "systemtime": 362098,
      "usertime": 8533446
     },
     "172844542574": {
      "maxRSS": 713180,
      "systemtime": 362099,
      "usertime": 8533476
     },
     "172844543702": {
      "maxRSS": 713180,
      "systemtime": 362100,
      "usertime": 8533505
     },
     "172844544824": {
      "maxRSS": 713180,
      "systemtime": 362102,
      "usertime": 8537560
     },
     "172844545920": {
      "maxRSS": 713180,
      "systemtime": 362103,
      "usertime": 8537586
     },
     "172844547084": {
      "maxRSS": 713180,
      "systemtime": 362104,
      "usertime": 8537629
     },
     "172844548181": {
      "maxRSS": 713180,
      "systemtime": 362105,
      "usertime": 8541660
     },
     "172844549290": {
      "maxRSS": 713180,
      "systemtime": 362105,
      "usertime": 8541672
     },
     "172844550413": {
      "maxRSS": 713180,
      "systemtime": 362106,
      "usertime": 8541691
     },
     "172844551550": {
      "maxRSS": 713180,
      "systemtime": 362108,
      "usertime": 8541746
     },
     "172844552656": {
      "maxRSS": 713180,
      "systemtime": 362109,
      "usertime": 8545777
     },
     "172844553769": {
      "maxRSS": 713180,
      "systemtime": 362110,
      "usertime": 8545814
     },
     "172844554914": {
      "maxRSS": 713180,
      "systemtime": 362112,
      "usertime": 8545861
     },
     "172844556066": {
      "maxRSS": 713180,
      "systemtime": 362115,
      "usertime": 8545933
     },
     "172844557175": {
      "maxRSS": 713180,
      "systemtime": 362120,
      "usertime": 8550058
     },
     "172844558306": {
      "maxRSS": 713180,
      "systemtime": 362122,
      "usertime": 8550114
     },
     "172844559437": {
      "maxRSS": 713180,
      "systemtime": 362124,
      "usertime": 8550157
     },
     "172844560553": {
      "maxRSS": 713180,
      "systemtime": 362124,
      "usertime": 8554119
     },
     "172844561686": {
      "maxRSS": 713180,
      "systemtime": 362124,
      "usertime": 8554174
     },
     "172844562811": {
      "maxRSS": 713180,
      "systemtime": 362125,
      "usertime": 8554219
     },
     "172844563935": {
      "maxRSS": 713180,
      "systemtime": 362127,
      "usertime": 8554260
     },
     "172844565689": {
      "maxRSS": 713180,
      "systemtime": 366021,
      "usertime": 8555258
     },
     "172844566814": {
      "maxRSS": 713180,
      "systemtime": 366024,
      "usertime": 8555317
     },
     "172844567953": {
      "maxRSS": 713180,
      "systemtime": 366026,
      "usertime": 8555356
     },
     "172844569089": {
      "maxRSS": 713180,
      "systemtime": 366026,
      "usertime": 8559176
     },
     "172844570218": {
      "maxRSS": 713180,
      "systemtime": 366026,
      "usertime": 8559222
     },
     "172844571356": {
      "maxRSS": 713180,
      "systemtime": 366026,
      "usertime": 8559254
     },
     "172844572458": {
      "maxRSS": 713180,
      "systemtime": 366026,
      "usertime": 8563280
     },
     "172844573582": {
      "maxRSS": 713180,
      "systemtime": 366026,
      "usertime": 8563331
     },
     "172844574689": {
      "maxRSS": 713180,
      "systemtime": 366026,
      "usertime": 8563362
     },
     "172844575806": {
      "maxRSS": 713180,
      "systemtime": 366026,
      "usertime": 8563387
     },
     "172844576993": {
      "maxRSS": 713180,
      "systemtime": 366026,
      "usertime": 8567439
     },
     "172844578103": {
      "maxRSS": 713180,
      "systemtime": 366028,
      "usertime": 8567476
     },
     "172844579208": {
      "maxRSS": 713180,
      "systemtime": 366030,
      "usertime": 8567517
     },
     "172844580326": {
      "maxRSS": 713180,
      "systemtime": 366033,
      "usertime": 8571618
     },
     "172844581421": {
      "maxRSS": 713180,
      "systemtime": 366034,
      "usertime": 8571637
     },
     "172844582513": {
      "maxRSS": 713180,
      "systemtime": 366034,
      "usertime": 8571654
     },
     "172844583642": {
      "maxRSS": 713180,
      "systemtime": 366036,
      "usertime": 8571680
     },
     "172844584763": {
      "maxRSS": 713180,
      "systemtime": 366036,
      "usertime": 8575648
     },
     "172844586905": {
      "maxRSS": 713180,
      "systemtime": 366036,
      "usertime": 8575678
     },
     "172844589068": {
      "maxRSS": 713180,
      "systemtime": 366036,
      "usertime": 8579728
     },
     "172844591171": {
      "maxRSS": 713180,
      "systemtime": 366037,
      "usertime": 8579749
     },
     "172844593266": {
      "maxRSS": 713180,
      "systemtime": 366037,
      "usertime": 8583769
     },
     "172844595381": {
      "maxRSS": 713180,
      "systemtime": 366037,
      "usertime": 8583790
     },
     "172844597538": {
      "maxRSS": 713180,
      "systemtime": 366037,
      "usertime": 8587814
     },
     "172844599661": {
      "maxRSS": 713180,
      "systemtime": 366040,
      "usertime": 8587862
     },
     "172844601817": {
      "maxRSS": 713180,
      "systemtime": 366042,
      "usertime": 8591936
     },
     "172844603998": {
      "maxRSS": 713180,
      "systemtime": 366044,
      "usertime": 8591983
     },
     "172844606150": {
      "maxRSS": 713180,
      "systemtime": 369902,
      "usertime": 8592194
     },
     "172844608262": {
      "maxRSS": 713180,
      "systemtime": 369903,
      "usertime": 8596232
     },
     "172844610387": {
      "maxRSS": 713180,
      "systemtime": 369905,
      "usertime": 8596272
     },
     "172844612521": {
      "maxRSS": 713180,
      "systemtime": 369906,
      "usertime": 8600336
     },
     "172844614657": {
      "maxRSS": 713180,
      "systemtime": 369909,
      "usertime": 8600395
     },
     "172844616817": {
      "maxRSS": 713180,
      "systemtime": 369913,
      "usertime": 8604507
     },
     "172844618924": {
      "maxRSS": 713180,
      "systemtime": 369915,
      "usertime": 8604548
     },
     "172844621040": {
      "maxRSS": 713180,
      "systemtime": 369915,
      "usertime": 8608560
     },
     "172844623175": {
      "maxRSS": 713180,
      "systemtime": 369916,
      "usertime": 8608592
     },
     "172844625304": {
      "maxRSS": 713180,
      "systemtime": 369917,
      "usertime": 8612646
     },
     "172844627453": {
      "maxRSS": 713180,
      "systemtime": 369919,
      "usertime": 8612689
     },
     "172844629641": {
      "maxRSS": 713180,
      "systemtime": 369922,
      "usertime": 8616782
     },
     "172844631750": {
      "maxRSS": 713180,
      "systemtime": 369923,
      "usertime": 8616811
     },
     "172844633853": {
      "maxRSS": 713180,
      "systemtime": 369923,
      "usertime": 8620837
     },
     "172844635988": {
      "maxRSS": 713180,
      "systemtime": 369925,
      "usertime": 8620860
     },
     "172844638098": {
      "maxRSS": 713180,
      "systemtime": 369925,
      "usertime": 8624874
     },
     "172844640181": {
      "maxRSS": 713180,
      "systemtime": 369925,
      "usertime": 8628892
     },
     "172844642310": {
      "maxRSS": 713180,
      "systemtime": 369926,
      "usertime": 8628936
     },
     "172844644425": {
      "maxRSS": 713180,
      "systemtime": 369926,
      "usertime": 8632958
     },
     "172844646535": {
      "maxRSS": 713180,
      "systemtime": 369927,
      "usertime": 8632975
     },
     "172844648652": {
      "maxRSS": 713180,
      "systemtime": 369928,
      "usertime": 8637016
     },
     "172844650794": {
      "maxRSS": 713180,
      "systemtime": 369929,
      "usertime": 8637060
     },
     "172844652894": {
      "maxRSS": 713180,
      "systemtime": 369965,
      "usertime": 8641916
     },
     "172844653223": {
      "maxRSS": 713180,
      "systemtime": 369981,
      "usertime": 8642288
     },
     "172844653503": {
      "maxRSS": 713180,
      "systemtime": 369991,
      "usertime": 8642516
     },
     "172844654630": {
      "maxRSS": 713180,
      "systemtime": 369992,
      "usertime": 8642535
     },
     "172844655745": {
      "maxRSS": 713180,
      "systemtime": 369993,
      "usertime": 8642558
     },
     "172844656833": {
      "maxRSS": 713180,
      "systemtime": 369993,
      "usertime": 8645159
     },
     "172844657919": {
      "maxRSS": 713180,
      "systemtime": 369993,
      "usertime": 8645181
     },
     "172844659000": {
      "maxRSS": 713180,
      "systemtime": 369993,
      "usertime": 8645200
     },
     "172844660103": {
      "maxRSS": 713180,
      "systemtime": 369993,
      "usertime": 8649239
     },
     "172844661184": {
      "maxRSS": 713180,
      "systemtime": 369993,
      "usertime": 8649254
     },
     "172844662271": {
      "maxRSS": 713180,
      "systemtime": 369993,
      "usertime": 8649267
     },
     "172844663419": {
      "maxRSS": 713180,
      "systemtime": 369993,
      "usertime": 8649285
     },
     "172844664492": {
      "maxRSS": 713180,
      "systemtime": 369993,
      "usertime": 8653299
     },
     "172844665628": {
      "maxRSS": 713180,
      "systemtime": 369993,
      "usertime": 8653332
     },
     "172844666735": {
      "maxRSS": 713180,
      "systemtime": 369993,
      "usertime": 8653371
     },
     "172844667811": {
      "maxRSS": 713180,
      "systemtime": 369993,
      "usertime": 8653388
     },
     "172844668885": {
      "maxRSS": 713180,
      "systemtime": 369993,
      "usertime": 8657401
     },
     "172844669989": {
      "maxRSS": 713180,
      "systemtime": 369993,
      "usertime": 8657413
     },
     "172844671066": {
      "maxRSS": 713180,
      "systemtime": 369993,
      "usertime": 8657426
     },
     "172844672156": {
      "maxRSS": 713180,
      "systemtime": 369993,
      "usertime": 8661439
     },
     "172844673263": {
      "maxRSS": 713180,
      "systemtime": 369993,
      "usertime": 8661480
     },
     "172844674354": {
      "maxRSS": 713180,
      "systemtime": 369993,
      "usertime": 8661498
     },
     "172844675465": {
      "maxRSS": 713180,
      "systemtime": 369993,
      "usertime": 8661516
     },
     "172844676578": {
      "maxRSS": 713180,
      "systemtime": 369993,
      "usertime": 8665530
     },
     "172844677677": {
      "maxRSS": 713180,
      "systemtime": 369993,
      "usertime": 8665546
     },
     "172844678750": {
      "maxRSS": 713180,
      "systemtime": 369993,
      "usertime": 8665559
     },
     "172844679839": {
      "maxRSS": 713180,
      "systemtime": 369993,
      "usertime": 8665590
     },
     "172844680926": {
      "maxRSS": 713180,
      "systemtime": 369993,
      "usertime": 8669608
     },
     "172844682039": {
      "maxRSS": 713180,
      "systemtime": 369993,
      "usertime": 8669636
     },
     "172844683180": {
      "maxRSS": 713180,
      "systemtime": 369993,
      "usertime": 8669690
     },
     "172844684298": {
      "maxRSS": 713180,
      "systemtime": 369993,
      "usertime": 8673728
     },
     "172844685387": {
      "maxRSS": 713180,
      "systemtime": 369993,
      "usertime": 8673752
     },
     "172844686502": {
      "maxRSS": 713180,
      "systemtime": 369993,
      "usertime": 8673777
     },
     "172844687638": {
      "maxRSS": 713180,
      "systemtime": 369993,
      "usertime": 8673835
     },
     "172844688722": {
      "maxRSS": 713180,
      "systemtime": 369993,
      "usertime": 8677857
     },
     "172844689802": {
      "maxRSS": 713180,
      "systemtime": 369993,
      "usertime": 8677873
     },
     "172844690880": {
      "maxRSS": 713180,
      "systemtime": 369993,
      "usertime": 8677887
     },
     "172844691971": {
      "maxRSS": 713180,
      "systemtime": 369993,
      "usertime": 8677907
     },
     "172844693030": {
      "maxRSS": 713180,
      "systemtime": 369993,
      "usertime": 8681942
     },
     "172844694160": {
      "maxRSS": 713180,
      "systemtime": 369993,
      "usertime": 8681992
     },
     "172844695235": {
      "maxRSS": 713180,
      "systemtime": 369993,
      "usertime": 8682009
     },
     "172844696313": {
      "maxRSS": 713180,
      "systemtime": 369993,
      "usertime": 8686017
     },
     "172844697427": {
      "maxRSS": 713180,
      "systemtime": 369993,
      "usertime": 8686036
     },
     "172844698495": {
      "maxRSS": 713180,
      "systemtime": 369993,
      "usertime": 8686047
     },
     "172844699596": {
      "maxRSS": 713180,
      "systemtime": 369993,
      "usertime": 8686063
     },
     "172844700737": {
      "maxRSS": 713180,
      "systemtime": 369993,
      "usertime": 8690093
     },
     "172844701813": {
      "maxRSS": 713180,
      "systemtime": 369993,
      "usertime": 8690109
     },
     "172844702904": {
      "maxRSS": 713180,
      "systemtime": 369993,
      "usertime": 8690140
     },
     "172844703985": {
      "maxRSS": 713180,
      "systemtime": 369993,
      "usertime": 8690163
     },
     "172844705126": {
      "maxRSS": 713180,
      "systemtime": 369993,
      "usertime": 8694185
     },
     "172844706264": {
      "maxRSS": 713180,
      "systemtime": 369993,
      "usertime": 8694226
     },
     "172844707376": {
      "maxRSS": 713308,
      "systemtime": 369993,
      "usertime": 8694270
     },
     "172844708464": {
      "maxRSS": 713308,
      "systemtime": 369993,
      "usertime": 8698292
     },
     "172844709552": {
      "maxRSS": 713308,
      "systemtime": 369993,
      "usertime": 8698312
     },
     "172844710633": {
      "maxRSS": 713436,
      "systemtime": 369993,
      "usertime": 8698329
     },
     "172844711722": {
      "maxRSS": 713564,
      "systemtime": 369993,
      "usertime": 8698344
     },
     "172844712842": {
      "maxRSS": 713692,
      "systemtime": 369993,
      "usertime": 8702364
     },
     "172844713931": {
      "maxRSS": 713948,
      "systemtime": 369993,
      "usertime": 8702389
     },
     "172844715058": {
      "maxRSS": 714076,
      "systemtime": 369993,
      "usertime": 8702423
     },
     "172844716136": {
      "maxRSS": 714204,
      "systemtime": 369993,
      "usertime": 8706435
     },
     "172844717250": {
      "maxRSS": 714460,
      "systemtime": 369993,
      "usertime": 8706467
     },
     "172844718341": {
      "maxRSS": 714588,
      "systemtime": 369993,
      "usertime": 8706482
     },
     "172844719449": {
      "maxRSS": 714716,
      "systemtime": 369993,
      "usertime": 8706502
     },
     "172844720535": {
      "maxRSS": 714844,
      "systemtime": 369993,
      "usertime": 8710525
     },
     "172844721641": {
      "maxRSS": 714972,
      "systemtime": 369993,
      "usertime": 8710564
     },
     "172844722725": {
      "maxRSS": 715100,
      "systemtime": 369993,
      "usertime": 8710587
     },
     "172844723813": {
      "maxRSS": 715356,
      "systemtime": 369993,
      "usertime": 8710609
     },
     "172844724909": {
      "maxRSS": 715484,
      "systemtime": 369993,
      "usertime": 8714643
     },
     "172844726012": {
      "maxRSS": 715612,
      "systemtime": 369993,
      "usertime": 8714670
     },
     "172844727137": {
      "maxRSS": 715740,
      "systemtime": 369993,
      "usertime": 8714725
     },
     "172844728262": {
      "maxRSS": 715868,
      "systemtime": 369993,
      "usertime": 8718779
     },
     "172844729350": {
      "maxRSS": 715996,
      "systemtime": 369993,
      "usertime": 8718800
     },
     "172844730462": {
      "maxRSS": 716124,
      "systemtime": 369993,
      "usertime": 8718818
     },
     "172844731544": {
      "maxRSS": 716252,
      "systemtime": 369993,
      "usertime": 8718837
     },
     "172844732625": {
      "maxRSS": 716380,
      "systemtime": 369993,
      "usertime": 8722839
     },
     "172844733725": {
      "maxRSS": 716636,
      "systemtime": 369993,
      "usertime": 8722860
     },
     "172844734826": {
      "maxRSS": 716764,
      "systemtime": 369993,
      "usertime": 8722901
     },
     "172844735928": {
      "maxRSS": 716892,
      "systemtime": 369993,
      "usertime": 8722923
     },
     "172844737014": {
      "maxRSS": 717020,
      "systemtime": 369993,
      "usertime": 8726943
     },
     "172844738086": {
      "maxRSS": 717148,
      "systemtime": 369993,
      "usertime": 8726957
     },
     "172844739173": {
      "maxRSS": 717148,
      "systemtime": 370109,
      "usertime": 8729748
     },
     "172844739242": {
      "maxRSS": 717148,
      "systemtime": 370124,
      "usertime": 8730100
     },
     "172844740318": {
      "maxRSS": 717148,
      "systemtime": 370124,
      "usertime": 8730882
     },
     "172844741434": {
      "maxRSS": 717148,
      "systemtime": 370124,
      "usertime": 8730921
     },
     "172844742544": {
      "maxRSS": 717148,
      "systemtime": 370124,
      "usertime": 8730935
     },
     "172844743612": {
      "maxRSS": 717148,
      "systemtime": 370124,
      "usertime": 8730945
     },
     "172844744720": {
      "maxRSS": 717148,
      "systemtime": 370124,
      "usertime": 8734958
     },
     "172844745823": {
      "maxRSS": 717148,
      "systemtime": 370124,
      "usertime": 8734967
     },
     "172844746931": {
      "maxRSS": 717148,
      "systemtime": 370124,
      "usertime": 8734980
     },
     "172844748088": {
      "maxRSS": 717148,
      "systemtime": 370124,
      "usertime": 8739026
     },
     "172844749199": {
      "maxRSS": 717148,
      "systemtime": 370124,
      "usertime": 8739045
     },
     "172844750315": {
      "maxRSS": 717148,
      "systemtime": 370124,
      "usertime": 8739063
     },
     "172844751460": {
      "maxRSS": 717148,
      "systemtime": 370124,
      "usertime": 8739115
     },
     "172844752599": {
      "maxRSS": 717148,
      "systemtime": 370124,
      "usertime": 8743149
     },
     "172844753695": {
      "maxRSS": 717148,
      "systemtime": 370124,
      "usertime": 8743163
     },
     "172844754831": {
      "maxRSS": 717148,
      "systemtime": 370124,
      "usertime": 8743208
     },
     "172844755911": {
      "maxRSS": 717148,
      "systemtime": 370124,
      "usertime": 8743229
     },
     "172844756992": {
      "maxRSS": 717148,
      "systemtime": 370124,
      "usertime": 8747242
     },
     "172844758075": {
      "maxRSS": 717148,
      "systemtime": 370124,
      "usertime": 8747257
     },
     "172844759188": {
      "maxRSS": 717148,
      "systemtime": 370124,
      "usertime": 8747275
     },
     "172844760306": {
      "maxRSS": 717148,
      "systemtime": 370124,
      "usertime": 8751298
     },
     "172844761484": {
      "maxRSS": 717148,
      "systemtime": 370124,
      "usertime": 8751358
     },
     "172844762590": {
      "maxRSS": 717148,
      "systemtime": 370124,
      "usertime": 8751373
     },
     "172844763705": {
      "maxRSS": 717148,
      "systemtime": 370124,
      "usertime": 8751392
     },
     "172844764791": {
      "maxRSS": 717148,
      "systemtime": 370124,
      "usertime": 8755412
     },
     "172844765895": {
      "maxRSS": 717148,
      "systemtime": 370124,
      "usertime": 8755427
     },
     "172844767045": {
      "maxRSS": 717148,
      "systemtime": 370124,
      "usertime": 8755452
     },
     "172844768125": {
      "maxRSS": 717148,
      "systemtime": 370124,
      "usertime": 8759472
     },
     "172844769259": {
      "maxRSS": 717148,
      "systemtime": 370124,
      "usertime": 8759528
     },
     "172844770348": {
      "maxRSS": 717148,
      "systemtime": 370124,
      "usertime": 8759547
     },
     "172844771487": {
      "maxRSS": 717148,
      "systemtime": 370124,
      "usertime": 8759607
     },
     "172844772584": {
      "maxRSS": 717148,
      "systemtime": 370124,
      "usertime": 8763633
     },
     "172844773673": {
      "maxRSS": 717148,
      "systemtime": 370124,
      "usertime": 8763658
     },
     "172844774764": {
      "maxRSS": 717148,
      "systemtime": 370124,
      "usertime": 8763682
     },
     "172844775947": {
      "maxRSS": 717148,
      "systemtime": 370124,
      "usertime": 8763739
     },
     "172844777064": {
      "maxRSS": 717148,
      "systemtime": 370124,
      "usertime": 8767760
     },
     "172844778178": {
      "maxRSS": 717148,
      "systemtime": 370124,
      "usertime": 8767777
     },
     "172844779300": {
      "maxRSS": 717148,
      "systemtime": 370124,
      "usertime": 8767805
     },
     "172844780387": {
      "maxRSS": 717148,
      "systemtime": 370124,
      "usertime": 8771825
     },
     "172844781508": {
      "maxRSS": 717148,
      "systemtime": 370124,
      "usertime": 8771853
     },
     "172844782645": {
      "maxRSS": 717148,
      "systemtime": 370124,
      "usertime": 8771895
     },
     "172844783771": {
      "maxRSS": 717148,
      "systemtime": 370124,
      "usertime": 8771922
     },
     "172844784895": {
      "maxRSS": 717148,
      "systemtime": 370124,
      "usertime": 8775952
     },
     "172844786004": {
      "maxRSS": 717148,
      "systemtime": 370124,
      "usertime": 8775996
     },
     "172844787088": {
      "maxRSS": 717148,
      "systemtime": 370124,
      "usertime": 8776016
     },
     "172844788206": {
      "maxRSS": 717148,
      "systemtime": 370124,
      "usertime": 8780034
     },
     "172844789311": {
      "maxRSS": 717148,
      "systemtime": 370124,
      "usertime": 8780074
     },
     "172844790423": {
      "maxRSS": 717148,
      "systemtime": 370124,
      "usertime": 8780099
     },
     "172844791509": {
      "maxRSS": 717148,
      "systemtime": 370124,
      "usertime": 8780115
     },
     "172844792601": {
      "maxRSS": 717148,
      "systemtime": 370124,
      "usertime": 8784138
     },
     "172844793682": {
      "maxRSS": 717148,
      "systemtime": 370124,
      "usertime": 8784156
     },
     "172844794766": {
      "maxRSS": 717148,
      "systemtime": 370124,
      "usertime": 8784170
     },
     "172844795877": {
      "maxRSS": 717148,
      "systemtime": 370124,
      "usertime": 8784222
     },
     "172844797026": {
      "maxRSS": 717148,
      "systemtime": 370124,
      "usertime": 8788277
     },
     "172844798139": {
      "maxRSS": 717148,
      "systemtime": 370124,
      "usertime": 8788292
     },
     "172844799240": {
      "maxRSS": 717148,
      "systemtime": 370124,
      "usertime": 8788303
     },
     "172844800317": {
      "maxRSS": 717148,
      "systemtime": 370124,
      "usertime": 8792331
     },
     "172844801448": {
      "maxRSS": 717148,
      "systemtime": 370124,
      "usertime": 8792367
     },
     "172844802627": {
      "maxRSS": 717148,
      "systemtime": 370124,
      "usertime": 8792401
     },
     "172844803758": {
      "maxRSS": 717276,
      "systemtime": 370124,
      "usertime": 8792460
     },
     "172844804890": {
      "maxRSS": 717276,
      "systemtime": 370124,
      "usertime": 8796489
     },
     "172844806023": {
      "maxRSS": 717276,
      "systemtime": 370124,
      "usertime": 8796532
     },
     "172844807115": {
      "maxRSS": 717276,
      "systemtime": 370124,
      "usertime": 8796558
     },
     "172844808235": {
      "maxRSS": 717276,
      "systemtime": 370124,
      "usertime": 8800582
     },
     "172844809370": {
      "maxRSS": 717276,
      "systemtime": 370124,
      "usertime": 8800605
     },
     "172844810496": {
      "maxRSS": 717276,
      "systemtime": 370124,
      "usertime": 8800667
     },
     "172844811607": {
      "maxRSS": 717276,
      "systemtime": 370124,
      "usertime": 8800695
     },
     "172844812707": {
      "maxRSS": 717276,
      "systemtime": 370124,
      "usertime": 8804718
     },
     "172844813791": {
      "maxRSS": 717276,
      "systemtime": 370124,
      "usertime": 8804734
     },
     "172844814875": {
      "maxRSS": 717276,
      "systemtime": 370124,
      "usertime": 8804754
     },
     "172844815952": {
      "maxRSS": 717276,
      "systemtime": 370124,
      "usertime": 8804770
     },
     "172844817105": {
      "maxRSS": 717276,
      "systemtime": 373913,
      "usertime": 8805065
     },
     "172844818204": {
      "maxRSS": 717276,
      "systemtime": 373914,
      "usertime": 8805094
     },
     "172844819311": {
      "maxRSS": 717276,
      "systemtime": 373916,
      "usertime": 8805121
     },
     "172844820400": {
      "maxRSS": 717276,
      "systemtime": 373916,
      "usertime": 8809147
     },
     "172844821499": {
      "maxRSS": 717276,
      "systemtime": 373917,
      "usertime": 8809185
     },
     "172844822574": {
      "maxRSS": 717276,
      "systemtime": 373918,
      "usertime": 8809199
     },
     "172844823694": {
      "maxRSS": 717276,
      "systemtime": 373920,
      "usertime": 8809235
     },
     "172844824783": {
      "maxRSS": 717276,
      "systemtime": 373920,
      "usertime": 8813259
     },
     "172844825886": {
      "maxRSS": 717276,
      "systemtime": 373921,
      "usertime": 8813287
     },
     "172844826976": {
      "maxRSS": 717276,
      "systemtime": 373922,
      "usertime": 8813310
     },
     "172844828077": {
      "maxRSS": 717276,
      "systemtime": 373922,
      "usertime": 8817330
     },
     "172844829184": {
      "maxRSS": 717276,
      "systemtime": 373922,
      "usertime": 8817342
     },
     "172844830283": {
      "maxRSS": 717276,
      "systemtime": 373923,
      "usertime": 8817350
     },
     "172844831402": {
      "maxRSS": 717276,
      "systemtime": 373925,
      "usertime": 8817403
     },
     "172844832515": {
      "maxRSS": 717276,
      "systemtime": 373925,
      "usertime": 8821421
     },
     "172844833597": {
      "maxRSS": 717276,
      "systemtime": 373925,
      "usertime": 8821436
     },
     "172844834679": {
      "maxRSS": 717276,
      "systemtime": 373926,
      "usertime": 8821454
     },
     "172844835761": {
      "maxRSS": 717276,
      "systemtime": 373927,
      "usertime": 8821470
     },
     "172844836884": {
      "maxRSS": 717276,
      "systemtime": 373927,
      "usertime": 8825496
     },
     "172844838015": {
      "maxRSS": 717276,
      "systemtime": 373929,
      "usertime": 8825530
     },
     "172844839091": {
      "maxRSS": 717276,
      "systemtime": 373929,
      "usertime": 8825544
     },
     "172844840165": {
      "maxRSS": 717276,
      "systemtime": 373929,
      "usertime": 8829559
     },
     "172844841240": {
      "maxRSS": 717276,
      "systemtime": 373930,
      "usertime": 8829573
     },
     "172844842363": {
      "maxRSS": 717276,
      "systemtime": 373930,
      "usertime": 8829592
     },
     "172844843483": {
      "maxRSS": 717276,
      "systemtime": 373931,
      "usertime": 8829616
     },
     "172844844614": {
      "maxRSS": 717276,
      "systemtime": 373933,
      "usertime": 8833668
     },
     "172844845729": {
      "maxRSS": 717276,
      "systemtime": 373934,
      "usertime": 8833689
     },
     "172844846842": {
      "maxRSS": 717276,
      "systemtime": 373934,
      "usertime": 8833706
     },
     "172844847948": {
      "maxRSS": 717276,
      "systemtime": 373935,
      "usertime": 8833716
     },
     "172844849030": {
      "maxRSS": 717276,
      "systemtime": 373935,
      "usertime": 8837711
     },
     "172844850120": {
      "maxRSS": 717276,
      "systemtime": 373935,
      "usertime": 8837735
     },
     "172844851253": {
      "maxRSS": 717276,
      "systemtime": 373936,
      "usertime": 8837778
     },
     "172844852346": {
      "maxRSS": 717276,
      "systemtime": 373937,
      "usertime": 8841806
     },
     "172844853511": {
      "maxRSS": 717276,
      "systemtime": 373939,
      "usertime": 8841865
     },
     "172844854628": {
      "maxRSS": 717276,
      "systemtime": 373940,
      "usertime": 8841890
     },
     "172844855741": {
      "maxRSS": 717276,
      "systemtime": 373941,
      "usertime": 8841906
     },
     "172844856819": {
      "maxRSS": 717276,
      "systemtime": 373941,
      "usertime": 8845923
     },
     "172844857913": {
      "maxRSS": 717276,
      "systemtime": 373942,
      "usertime": 8845948
     },
     "172844859041": {
      "maxRSS": 717276,
      "systemtime": 373944,
      "usertime": 8846008
     },
     "172844860118": {
      "maxRSS": 717276,
      "systemtime": 373944,
      "usertime": 8850025
     },
     "172844861259": {
      "maxRSS": 717276,
      "systemtime": 373945,
      "usertime": 8850044
     },
     "172844862394": {
      "maxRSS": 717276,
      "systemtime": 374041,
      "usertime": 8852313
     },
     "172844862517": {
      "maxRSS": 717276,
      "systemtime": 374047,
      "usertime": 8852455
     },
     "172844863631": {
      "maxRSS": 717276,
      "systemtime": 374047,
      "usertime": 8852467
     },
     "172844864809": {
      "maxRSS": 717276,
      "systemtime": 374047,
      "usertime": 8854029
     },
     "172844865925": {
      "maxRSS": 717276,
      "systemtime": 374047,
      "usertime": 8854042
     },
     "172844867006": {
      "maxRSS": 717276,
      "systemtime": 374047,
      "usertime": 8854057
     },
     "172844868067": {
      "maxRSS": 717276,
      "systemtime": 374047,
      "usertime": 8858078
     },
     "172844869183": {
      "maxRSS": 717276,
      "systemtime": 374047,
      "usertime": 8858099
     },
     "172844870291": {
      "maxRSS": 717276,
      "systemtime": 374047,
      "usertime": 8858112
     },
     "172844871422": {
      "maxRSS": 717276,
      "systemtime": 374047,
      "usertime": 8858153
     },
     "172844872616": {
      "maxRSS": 717276,
      "systemtime": 374047,
      "usertime": 8862176
     },
     "172844873743": {
      "maxRSS": 717276,
      "systemtime": 374047,
      "usertime": 8862210
     },
     "172844874874": {
      "maxRSS": 717276,
      "systemtime": 374047,
      "usertime": 8862246
     },
     "172844875984": {
      "maxRSS": 717276,
      "systemtime": 374047,
      "usertime": 8862263
     },
     "172844877091": {
      "maxRSS": 717276,
      "systemtime": 374047,
      "usertime": 8866292
     },
     "172844878233": {
      "maxRSS": 717276,
      "systemtime": 374047,
      "usertime": 8866338
     },
     "172844879382": {
      "maxRSS": 717276,
      "systemtime": 374047,
      "usertime": 8866365
     },
     "172844880451": {
      "maxRSS": 717276,
      "systemtime": 374047,
      "usertime": 8870373
     },
     "172844881552": {
      "maxRSS": 717276,
      "systemtime": 374047,
      "usertime": 8870383
     },
     "172844882655": {
      "maxRSS": 717276,
      "systemtime": 374047,
      "usertime": 8870396
     },
     "172844883804": {
      "maxRSS": 717276,
      "systemtime": 374047,
      "usertime": 8870418
     },
     "172844884953": {
      "maxRSS": 717276,
      "systemtime": 374047,
      "usertime": 8874453
     },
     "172844886117": {
      "maxRSS": 717276,
      "systemtime": 374047,
      "usertime": 8874517
     },
     "172844887227": {
      "maxRSS": 717276,
      "systemtime": 374047,
      "usertime": 8874535
     },
     "172844888310": {
      "maxRSS": 717276,
      "systemtime": 374047,
      "usertime": 8878551
     },
     "172844889430": {
      "maxRSS": 717276,
      "systemtime": 374047,
      "usertime": 8878566
     },
     "172844890530": {
      "maxRSS": 717276,
      "systemtime": 374047,
      "usertime": 8878575
     },
     "172844891645": {
      "maxRSS": 717276,
      "systemtime": 374047,
      "usertime": 8878592
     },
     "172844892787": {
      "maxRSS": 717276,
      "systemtime": 374047,
      "usertime": 8882636
     },
     "172844893900": {
      "maxRSS": 717276,
      "systemtime": 374047,
      "usertime": 8882683
     },
     "172844895019": {
      "maxRSS": 717276,
      "systemtime": 374047,
      "usertime": 8882708
     },
     "172844896046": {
      "maxRSS": 717276,
      "systemtime": 374047,
      "usertime": 8886721
     },
     "172844897161": {
      "maxRSS": 717276,
      "systemtime": 374047,
      "usertime": 8886738
     },
     "172844898271": {
      "maxRSS": 717276,
      "systemtime": 374047,
      "usertime": 8886755
     },
     "172844899372": {
      "maxRSS": 717276,
      "systemtime": 374047,
      "usertime": 8886791
     },
     "172844900459": {
      "maxRSS": 717276,
      "systemtime": 374047,
      "usertime": 8890808
     },
     "172844901541": {
      "maxRSS": 717276,
      "systemtime": 374047,
      "usertime": 8890826
     },
     "172844902636": {
      "maxRSS": 717276,
      "systemtime": 374047,
      "usertime": 8890841
     },
     "172844903717": {
      "maxRSS": 717276,
      "systemtime": 374047,
      "usertime": 8890860
     },
     "172844904814": {
      "maxRSS": 717276,
      "systemtime": 374047,
      "usertime": 8894886
     },
     "172844905918": {
      "maxRSS": 717276,
      "systemtime": 374047,
      "usertime": 8894927
     },
     "172844906992": {
      "maxRSS": 717276,
      "systemtime": 374047,
      "usertime": 8894941
     },
     "172844908034": {
      "maxRSS": 717276,
      "systemtime": 374047,
      "usertime": 8898954
     },
     "172844909114": {
      "maxRSS": 717404,
      "systemtime": 374047,
      "usertime": 8898971
     },
     "172844910195": {
      "maxRSS": 717532,
      "systemtime": 374047,
      "usertime": 8898988
     },
     "172844911278": {
      "maxRSS": 717660,
      "systemtime": 374047,
      "usertime": 8899007
     },
     "172844912368": {
      "maxRSS": 717788,
      "systemtime": 374047,
      "usertime": 8903019
     },
     "172844913462": {
      "maxRSS": 718044,
      "systemtime": 374047,
      "usertime": 8903050
     },
     "172844914539": {
      "maxRSS": 718172,
      "systemtime": 374047,
      "usertime": 8903065
     },
     "172844915649": {
      "maxRSS": 718300,
      "systemtime": 374047,
      "usertime": 8903085
     },
     "172844916731": {
      "maxRSS": 718428,
      "systemtime": 374047,
      "usertime": 8907097
     },
     "172844917812": {
      "maxRSS": 718556,
      "systemtime": 374047,
      "usertime": 8907111
     },
     "172844918899": {
      "maxRSS": 718684,
      "systemtime": 374047,
      "usertime": 8907128
     },
     "172844920051": {
      "maxRSS": 718812,
      "systemtime": 374047,
      "usertime": 8911216
     },
     "172844921148": {
      "maxRSS": 718940,
      "systemtime": 374047,
      "usertime": 8911237
     },
     "172844922246": {
      "maxRSS": 719068,
      "systemtime": 374047,
      "usertime": 8911257
     },
     "172844923322": {
      "maxRSS": 719196,
      "systemtime": 374047,
      "usertime": 8911273
     },
     "172844924096": {
      "maxRSS": 719196,
      "systemtime": 374047,
      "usertime": 8915364
     },
     "172844925186": {
      "maxRSS": 719196,
      "systemtime": 374047,
      "usertime": 8915385
     },
     "172844926321": {
      "maxRSS": 719196,
      "systemtime": 374047,
      "usertime": 8915453
     },
     "172844927429": {
      "maxRSS": 719196,
      "systemtime": 374047,
      "usertime": 8915472
     },
     "172844928552": {
      "maxRSS": 719196,
      "systemtime": 374047,
      "usertime": 8919413
     },
     "172844929637": {
      "maxRSS": 719196,
      "systemtime": 374047,
      "usertime": 8919429
     },
     "172844930748": {
      "maxRSS": 719196,
      "systemtime": 374047,
      "usertime": 8919442
     },
     "172844931852": {
      "maxRSS": 719196,
      "systemtime": 374047,
      "usertime": 8919453
     },
     "172844932974": {
      "maxRSS": 719196,
      "systemtime": 374047,
      "usertime": 8923500
     },
     "172844934215": {
      "maxRSS": 719196,
      "systemtime": 374047,
      "usertime": 8923537
     },
     "172844935306": {
      "maxRSS": 719196,
      "systemtime": 374047,
      "usertime": 8923560
     },
     "172844936391": {
      "maxRSS": 719196,
      "systemtime": 374047,
      "usertime": 8927584
     },
     "172844937499": {
      "maxRSS": 719196,
      "systemtime": 374047,
      "usertime": 8927598
     },
     "172844938582": {
      "maxRSS": 719196,
      "systemtime": 374047,
      "usertime": 8927614
     },
     "172844939661": {
      "maxRSS": 719196,
      "systemtime": 374047,
      "usertime": 8927630
     },
     "172844940787": {
      "maxRSS": 719196,
      "systemtime": 374047,
      "usertime": 8931664
     },
     "172844941870": {
      "maxRSS": 719196,
      "systemtime": 374047,
      "usertime": 8931679
     },
     "172844942940": {
      "maxRSS": 719196,
      "systemtime": 374047,
      "usertime": 8931692
     },
     "172844944031": {
      "maxRSS": 719196,
      "systemtime": 374047,
      "usertime": 8935701
     },
     "172844945136": {
      "maxRSS": 719196,
      "systemtime": 374047,
      "usertime": 8935713
     },
     "172844946271": {
      "maxRSS": 719196,
      "systemtime": 374047,
      "usertime": 8935730
     },
     "172844947434": {
      "maxRSS": 719196,
      "systemtime": 374047,
      "usertime": 8935791
     },
     "172844948547": {
      "maxRSS": 719196,
      "systemtime": 374047,
      "usertime": 8939809
     },
     "172844949654": {
      "maxRSS": 719196,
      "systemtime": 374047,
      "usertime": 8939832
     },
     "172844950781": {
      "maxRSS": 719196,
      "systemtime": 374047,
      "usertime": 8939861
     },
     "172844951905": {
      "maxRSS": 719196,
      "systemtime": 374047,
      "usertime": 8939891
     },
     "172844953016": {
      "maxRSS": 719196,
      "systemtime": 374047,
      "usertime": 8943912
     },
     "172844954117": {
      "maxRSS": 719196,
      "systemtime": 374047,
      "usertime": 8943951
     },
     "172844955220": {
      "maxRSS": 719196,
      "systemtime": 374047,
      "usertime": 8943962
     },
     "172844956288": {
      "maxRSS": 719196,
      "systemtime": 374047,
      "usertime": 8947968
     },
     "172844957384": {
      "maxRSS": 719196,
      "systemtime": 374047,
      "usertime": 8948005
     },
     "172844958462": {
      "maxRSS": 719196,
      "systemtime": 374047,
      "usertime": 8948024
     },
     "172844959533": {
      "maxRSS": 719196,
      "systemtime": 374047,
      "usertime": 8948037
     },
     "172844960659": {
      "maxRSS": 719196,
      "systemtime": 374047,
      "usertime": 8952071
     },
     "172844961760": {
      "maxRSS": 719196,
      "systemtime": 374047,
      "usertime": 8952083
     },
     "172844962868": {
      "maxRSS": 719196,
      "systemtime": 374047,
      "usertime": 8952098
     },
     "172844963945": {
      "maxRSS": 719196,
      "systemtime": 374047,
      "usertime": 8952113
     },
     "172844965021": {
      "maxRSS": 719196,
      "systemtime": 374047,
      "usertime": 8956128
     },
     "172844966121": {
      "maxRSS": 719196,
      "systemtime": 374047,
      "usertime": 8956146
     },
     "172844967209": {
      "maxRSS": 719196,
      "systemtime": 374047,
      "usertime": 8956167
     },
     "172844968315": {
      "maxRSS": 719196,
      "systemtime": 374047,
      "usertime": 8960203
     },
     "172844969430": {
      "maxRSS": 719196,
      "systemtime": 374047,
      "usertime": 8960220
     },
     "172844970528": {
      "maxRSS": 719196,
      "systemtime": 374047,
      "usertime": 8960227
     },
     "172844971626": {
      "maxRSS": 719196,
      "systemtime": 374047,
      "usertime": 8960236
     },
     "172844972763": {
      "maxRSS": 719196,
      "systemtime": 374047,
      "usertime": 8964255
     },
     "172844973873": {
      "maxRSS": 719196,
      "systemtime": 374047,
      "usertime": 8964280
     },
     "172844975005": {
      "maxRSS": 719196,
      "systemtime": 374047,
      "usertime": 8964349
     },
     "172844976049": {
      "maxRSS": 719196,
      "systemtime": 374047,
      "usertime": 8968365
     },
     "172844977153": {
      "maxRSS": 719196,
      "systemtime": 374047,
      "usertime": 8968376
     },
     "172844978256": {
      "maxRSS": 719196,
      "systemtime": 374047,
      "usertime": 8968388
     },
     "172844979355": {
      "maxRSS": 719196,
      "systemtime": 374047,
      "usertime": 8968395
     },
     "172844980463": {
      "maxRSS": 719196,
      "systemtime": 374047,
      "usertime": 8972409
     },
     "172844981602": {
      "maxRSS": 719196,
      "systemtime": 374047,
      "usertime": 8972456
     },
     "172844982703": {
      "maxRSS": 719196,
      "systemtime": 374047,
      "usertime": 8972465
     },
     "172844983788": {
      "maxRSS": 719196,
      "systemtime": 374047,
      "usertime": 8972480
     },
     "172844984905": {
      "maxRSS": 719196,
      "systemtime": 374047,
      "usertime": 8976500
     },
     "172844986012": {
      "maxRSS": 719196,
      "systemtime": 374047,
      "usertime": 8976515
     },
     "172844987118": {
      "maxRSS": 719196,
      "systemtime": 374047,
      "usertime": 8976533
     },
     "172844988218": {
      "maxRSS": 719196,
      "systemtime": 374047,
      "usertime": 8980569
     },
     "172844989295": {
      "maxRSS": 719196,
      "systemtime": 374047,
      "usertime": 8980583
     },
     "172844990397": {
      "maxRSS": 719196,
      "systemtime": 374047,
      "usertime": 8980595
     },
     "172844991476": {
      "maxRSS": 719196,
      "systemtime": 374047,
      "usertime": 8980609
     },
     "172844992552": {
      "maxRSS": 719196,
      "systemtime": 374047,
      "usertime": 8984629
     },
     "172844993669": {
      "maxRSS": 719196,
      "systemtime": 374047,
      "usertime": 8984659
     },
     "172844994771": {
      "maxRSS": 719196,
      "systemtime": 374047,
      "usertime": 8984674
     },
     "172844995907": {
      "maxRSS": 719196,
      "systemtime": 374047,
      "usertime": 8984743
     },
     "172844997032": {
      "maxRSS": 719196,
      "systemtime": 374047,
      "usertime": 8988770
     },
     "172844998115": {
      "maxRSS": 719196,
      "systemtime": 374047,
      "usertime": 8988782
     },
     "172844999248": {
      "maxRSS": 719196,
      "systemtime": 374047,
      "usertime": 8988826
     },
     "172845000325": {
      "maxRSS": 719196,
      "systemtime": 374047,
      "usertime": 8992839
     },
     "172845001465": {
      "maxRSS": 719196,
      "systemtime": 374047,
      "usertime": 8992862
     },
     "172845002603": {
      "maxRSS": 719196,
      "systemtime": 374047,
      "usertime": 8992904
     },
     "172845003691": {
      "maxRSS": 719196,
      "systemtime": 374047,
      "usertime": 8992920
     },
     "172845004783": {
      "maxRSS": 719196,
      "systemtime": 374047,
      "usertime": 8996944
     },
     "172845005868": {
      "maxRSS": 719196,
      "systemtime": 374047,
      "usertime": 8996964
     },
     "172845006978": {
      "maxRSS": 719196,
      "systemtime": 374047,
      "usertime": 8996978
     },
     "172845008018": {
      "maxRSS": 719196,
      "systemtime": 374047,
      "usertime": 8996987
     },
     "172845009197": {
      "maxRSS": 719196,
      "systemtime": 374047,
      "usertime": 9001065
     },
     "172845010315": {
      "maxRSS": 719196,
      "systemtime": 374047,
      "usertime": 9001083
     },
     "172845011459": {
      "maxRSS": 719196,
      "systemtime": 374047,
      "usertime": 9001100
     },
     "172845012594": {
      "maxRSS": 719196,
      "systemtime": 374047,
      "usertime": 9005123
     },
     "172845013667": {
      "maxRSS": 719196,
      "systemtime": 374047,
      "usertime": 9005136
     },
     "172845014780": {
      "maxRSS": 719196,
      "systemtime": 374047,
      "usertime": 9005157
     },
     "172845015613": {
      "maxRSS": 719196,
      "systemtime": 374047,
      "usertime": 9008777
     },
     "172845015681": {
      "maxRSS": 719196,
      "systemtime": 374047,
      "usertime": 9008872
     },
     "172845016784": {
      "maxRSS": 719196,
      "systemtime": 374047,
      "usertime": 9009237
     },
     "172845017863": {
      "maxRSS": 719196,
      "systemtime": 374047,
      "usertime": 9009249
     },
     "172845018974": {
      "maxRSS": 719196,
      "systemtime": 374047,
      "usertime": 9009270
     },
     "172845020055": {
      "maxRSS": 719196,
      "systemtime": 374047,
      "usertime": 9013278
     },
     "172845021146": {
      "maxRSS": 719196,
      "systemtime": 374047,
      "usertime": 9013296
     },
     "172845022345": {
      "maxRSS": 719324,
      "systemtime": 374047,
      "usertime": 9013386
     },
     "172845023427": {
      "maxRSS": 719324,
      "systemtime": 374047,
      "usertime": 9013407
     },
     "172845024515": {
      "maxRSS": 719324,
      "systemtime": 374047,
      "usertime": 9017432
     },
     "172845025641": {
      "maxRSS": 719324,
      "systemtime": 374047,
      "usertime": 9017458
     },
     "172845026748": {
      "maxRSS": 719324,
      "systemtime": 374047,
      "usertime": 9017473
     },
     "172845027860": {
      "maxRSS": 719324,
      "systemtime": 374047,
      "usertime": 9017484
     },
     "172845029003": {
      "maxRSS": 719324,
      "systemtime": 374047,
      "usertime": 9021591
     },
     "172845030104": {
      "maxRSS": 719324,
      "systemtime": 374047,
      "usertime": 9021600
     },
     "172845031202": {
      "maxRSS": 719324,
      "systemtime": 374047,
      "usertime": 9021608
     },
     "172845032267": {
      "maxRSS": 719324,
      "systemtime": 374047,
      "usertime": 9025554
     },
     "172845033339": {
      "maxRSS": 719324,
      "systemtime": 374047,
      "usertime": 9025566
     },
     "172845034461": {
      "maxRSS": 719324,
      "systemtime": 374047,
      "usertime": 9025582
     },
     "172845035603": {
      "maxRSS": 719324,
      "systemtime": 374047,
      "usertime": 9025633
     },
     "172845036704": {
      "maxRSS": 719324,
      "systemtime": 374047,
      "usertime": 9029642
     },
     "172845037805": {
      "maxRSS": 719324,
      "systemtime": 374047,
      "usertime": 9029651
     },
     "172845038914": {
      "maxRSS": 719324,
      "systemtime": 374047,
      "usertime": 9029664
     },
     "172845040026": {
      "maxRSS": 719324,
      "systemtime": 374047,
      "usertime": 9033672
     },
     "172845041112": {
      "maxRSS": 719324,
      "systemtime": 374047,
      "usertime": 9033687
     },
     "172845042255": {
      "maxRSS": 719324,
      "systemtime": 374047,
      "usertime": 9033745
     },
     "172845043377": {
      "maxRSS": 719324,
      "systemtime": 374047,
      "usertime": 9033767
     },
     "172845044497": {
      "maxRSS": 719324,
      "systemtime": 374047,
      "usertime": 9037799
     },
     "172845045611": {
      "maxRSS": 719324,
      "systemtime": 374047,
      "usertime": 9037814
     },
     "172845046724": {
      "maxRSS": 719324,
      "systemtime": 374047,
      "usertime": 9037831
     },
     "172845047853": {
      "maxRSS": 719324,
      "systemtime": 374047,
      "usertime": 9037856
     },
     "172845048961": {
      "maxRSS": 719324,
      "systemtime": 374047,
      "usertime": 9041872
     },
     "172845050084": {
      "maxRSS": 719324,
      "systemtime": 374047,
      "usertime": 9041924
     },
     "172845051234": {
      "maxRSS": 719324,
      "systemtime": 374047,
      "usertime": 9041951
     },
     "172845052306": {
      "maxRSS": 719324,
      "systemtime": 374047,
      "usertime": 9045965
     },
     "172845053416": {
      "maxRSS": 719452,
      "systemtime": 374047,
      "usertime": 9045973
     },
     "172845054526": {
      "maxRSS": 719580,
      "systemtime": 374047,
      "usertime": 9045986
     },
     "172845055642": {
      "maxRSS": 719708,
      "systemtime": 374047,
      "usertime": 9046007
     },
     "172845056893": {
      "maxRSS": 719964,
      "systemtime": 374047,
      "usertime": 9050059
     },
     "172845057982": {
      "maxRSS": 719964,
      "systemtime": 374047,
      "usertime": 9050080
     },
     "172845059098": {
      "maxRSS": 720092,
      "systemtime": 374047,
      "usertime": 9050096
     },
     "172845060186": {
      "maxRSS": 720220,
      "systemtime": 374047,
      "usertime": 9054112
     },
     "172845060578": {
      "maxRSS": 720220,
      "systemtime": 374047,
      "usertime": 9054690
     },
     "172845061653": {
      "maxRSS": 720220,
      "systemtime": 374047,
      "usertime": 9054703
     },
     "172845062754": {
      "maxRSS": 720220,
      "systemtime": 374047,
      "usertime": 9054745
     },
     "172845063832": {
      "maxRSS": 720220,
      "systemtime": 374047,
      "usertime": 9054758
     },
     "172845064918": {
      "maxRSS": 720220,
      "systemtime": 374047,
      "usertime": 9058211
     },
     "172845066029": {
      "maxRSS": 720220,
      "systemtime": 374047,
      "usertime": 9058234
     },
     "172845067101": {
      "maxRSS": 720220,
      "systemtime": 374047,
      "usertime": 9058245
     },
     "172845068182": {
      "maxRSS": 720220,
      "systemtime": 374047,
      "usertime": 9062258
     },
     "172845069327": {
      "maxRSS": 720220,
      "systemtime": 374047,
      "usertime": 9062312
     },
     "172845070431": {
      "maxRSS": 720220,
      "systemtime": 374047,
      "usertime": 9062325
     },
     "172845071530": {
      "maxRSS": 720220,
      "systemtime": 374047,
      "usertime": 9062334
     },
     "172845072633": {
      "maxRSS": 720220,
      "systemtime": 374047,
      "usertime": 9066343
     },
     "172845073706": {
      "maxRSS": 720220,
      "systemtime": 374047,
      "usertime": 9066355
     },
     "172845074804": {
      "maxRSS": 720220,
      "systemtime": 374047,
      "usertime": 9066372
     },
     "172845075887": {
      "maxRSS": 720220,
      "systemtime": 374047,
      "usertime": 9066392
     },
     "172845077039": {
      "maxRSS": 720220,
      "systemtime": 374047,
      "usertime": 9070457
     },
     "172845078120": {
      "maxRSS": 720220,
      "systemtime": 374047,
      "usertime": 9070520
     },
     "172845079222": {
      "maxRSS": 720220,
      "systemtime": 374047,
      "usertime": 9070537
     },
     "172845080294": {
      "maxRSS": 720220,
      "systemtime": 374047,
      "usertime": 9074548
     },
     "172845081393": {
      "maxRSS": 720220,
      "systemtime": 374047,
      "usertime": 9074556
     },
     "172845082492": {
      "maxRSS": 720220,
      "systemtime": 374047,
      "usertime": 9074564
     },
     "172845083626": {
      "maxRSS": 720220,
      "systemtime": 374047,
      "usertime": 9074610
     },
     "172845084733": {
      "maxRSS": 720220,
      "systemtime": 374047,
      "usertime": 9078620
     },
     "172845085832": {
      "maxRSS": 720220,
      "systemtime": 374047,
      "usertime": 9078629
     },
     "172845086932": {
      "maxRSS": 720220,
      "systemtime": 374047,
      "usertime": 9078638
     },
     "172845088056": {
      "maxRSS": 720220,
      "systemtime": 374047,
      "usertime": 9082646
     },
     "172845089127": {
      "maxRSS": 720220,
      "systemtime": 374047,
      "usertime": 9082657
     },
     "172845090277": {
      "maxRSS": 720220,
      "systemtime": 374047,
      "usertime": 9082707
     },
     "172845091366": {
      "maxRSS": 720220,
      "systemtime": 374047,
      "usertime": 9082724
     },
     "172845092501": {
      "maxRSS": 720220,
      "systemtime": 374047,
      "usertime": 9086764
     },
     "172845093601": {
      "maxRSS": 720220,
      "systemtime": 374047,
      "usertime": 9086776
     },
     "172845094716": {
      "maxRSS": 720220,
      "systemtime": 374047,
      "usertime": 9086798
     },
     "172845095810": {
      "maxRSS": 720220,
      "systemtime": 374047,
      "usertime": 9086815
     },
     "172845096931": {
      "maxRSS": 720220,
      "systemtime": 374047,
      "usertime": 9090844
     },
     "172845098037": {
      "maxRSS": 720220,
      "systemtime": 374047,
      "usertime": 9090858
     },
     "172845099138": {
      "maxRSS": 720220,
      "systemtime": 374047,
      "usertime": 9090868
     },
     "172845100212": {
      "maxRSS": 720220,
      "systemtime": 374047,
      "usertime": 9094879
     },
     "172845101352": {
      "maxRSS": 720220,
      "systemtime": 374047,
      "usertime": 9094899
     },
     "172845102428": {
      "maxRSS": 720220,
      "systemtime": 374047,
      "usertime": 9094915
     },
     "172845103516": {
      "maxRSS": 720220,
      "systemtime": 374047,
      "usertime": 9094960
     },
     "172845104634": {
      "maxRSS": 720220,
      "systemtime": 374047,
      "usertime": 9098990
     },
     "172845105751": {
      "maxRSS": 720220,
      "systemtime": 374047,
      "usertime": 9099014
     },
     "172845106824": {
      "maxRSS": 720220,
      "systemtime": 374047,
      "usertime": 9099029
     },
     "172845107907": {
      "maxRSS": 720220,
      "systemtime": 374047,
      "usertime": 9099043
     },
     "172845109040": {
      "maxRSS": 720220,
      "systemtime": 374047,
      "usertime": 9103082
     },
     "172845110154": {
      "maxRSS": 720220,
      "systemtime": 374047,
      "usertime": 9103100
     },
     "172845111253": {
      "maxRSS": 720220,
      "systemtime": 374047,
      "usertime": 9103131
     },
     "172845112347": {
      "maxRSS": 720220,
      "systemtime": 374047,
      "usertime": 9107166
     },
     "172845113463": {
      "maxRSS": 720220,
      "systemtime": 374047,
      "usertime": 9107193
     },
     "172845114574": {
      "maxRSS": 720220,
      "systemtime": 374047,
      "usertime": 9107204
     },
     "172845115680": {
      "maxRSS": 720220,
      "systemtime": 374047,
      "usertime": 9107214
     },
     "172845116786": {
      "maxRSS": 720220,
      "systemtime": 374047,
      "usertime": 9111226
     },
     "172845117905": {
      "maxRSS": 720220,
      "systemtime": 374047,
      "usertime": 9111257
     },
     "172845119017": {
      "maxRSS": 720220,
      "systemtime": 374047,
      "usertime": 9111278
     },
     "172845120055": {
      "maxRSS": 720220,
      "systemtime": 374047,
      "usertime": 9115288
     },
     "172845121146": {
      "maxRSS": 720220,
      "systemtime": 374047,
      "usertime": 9115301
     },
     "172845122255": {
      "maxRSS": 720220,
      "systemtime": 374047,
      "usertime": 9115314
     },
     "172845123354": {
      "maxRSS": 720220,
      "systemtime": 374047,
      "usertime": 9115324
     },
     "172845124457": {
      "maxRSS": 720220,
      "systemtime": 374047,
      "usertime": 9119353
     },
     "172845125511": {
      "maxRSS": 720220,
      "systemtime": 374047,
      "usertime": 9120867
     },
     "172845125558": {
      "maxRSS": 720220,
      "systemtime": 374047,
      "usertime": 9120917
     },
     "172845126626": {
      "maxRSS": 720220,
      "systemtime": 374047,
      "usertime": 9120925
     },
     "172845127730": {
      "maxRSS": 720220,
      "systemtime": 374047,
      "usertime": 9120936
     },
     "172845128810": {
      "maxRSS": 720220,
      "systemtime": 374047,
      "usertime": 9123414
     },
     "172845129903": {
      "maxRSS": 720220,
      "systemtime": 374047,
      "usertime": 9123442
     },
     "172845131010": {
      "maxRSS": 720220,
      "systemtime": 374047,
      "usertime": 9123455
     },
     "172845132039": {
      "maxRSS": 720220,
      "systemtime": 374047,
      "usertime": 9127487
     },
     "172845133116": {
      "maxRSS": 720220,
      "systemtime": 374047,
      "usertime": 9127503
     },
     "172845134193": {
      "maxRSS": 720220,
      "systemtime": 374047,
      "usertime": 9127518
     },
     "172845135284": {
      "maxRSS": 720220,
      "systemtime": 374047,
      "usertime": 9127534
     },
     "172845136363": {
      "maxRSS": 720220,
      "systemtime": 374047,
      "usertime": 9131541
     },
     "172845137467": {
      "maxRSS": 720220,
      "systemtime": 374047,
      "usertime": 9131574
     },
     "172845138546": {
      "maxRSS": 720220,
      "systemtime": 374047,
      "usertime": 9131589
     },
     "172845139626": {
      "maxRSS": 720220,
      "systemtime": 374047,
      "usertime": 9131602
     },
     "172845140695": {
      "maxRSS": 720220,
      "systemtime": 374047,
      "usertime": 9135613
     },
     "172845141800": {
      "maxRSS": 720220,
      "systemtime": 374047,
      "usertime": 9135625
     },
     "172845142872": {
      "maxRSS": 720220,
      "systemtime": 374047,
      "usertime": 9135637
     },
     "172845144017": {
      "maxRSS": 720220,
      "systemtime": 374047,
      "usertime": 9139675
     },
     "172845145121": {
      "maxRSS": 720220,
      "systemtime": 374047,
      "usertime": 9139691
     },
     "172845146227": {
      "maxRSS": 720220,
      "systemtime": 374047,
      "usertime": 9139709
     },
     "172845147326": {
      "maxRSS": 720220,
      "systemtime": 374047,
      "usertime": 9139720
     },
     "172845148402": {
      "maxRSS": 720220,
      "systemtime": 374047,
      "usertime": 9143730
     },
     "172845149483": {
      "maxRSS": 720220,
      "systemtime": 374047,
      "usertime": 9143747
     },
     "172845150619": {
      "maxRSS": 720220,
      "systemtime": 374047,
      "usertime": 9143816
     },
     "172845151730": {
      "maxRSS": 720220,
      "systemtime": 374047,
      "usertime": 9143832
     },
     "172845152815": {
      "maxRSS": 720220,
      "systemtime": 374047,
      "usertime": 9147850
     },
     "172845153899": {
      "maxRSS": 720348,
      "systemtime": 374047,
      "usertime": 9147869
     },
     "172845154989": {
      "maxRSS": 720476,
      "systemtime": 374047,
      "usertime": 9147891
     },
     "172845156027": {
      "maxRSS": 720604,
      "systemtime": 374047,
      "usertime": 9151905
     },
     "172845156730": {
      "maxRSS": 720604,
      "systemtime": 374047,
      "usertime": 9152669
     },
     "172845157813": {
      "maxRSS": 720604,
      "systemtime": 374047,
      "usertime": 9152686
     },
     "172845158907": {
      "maxRSS": 720604,
      "systemtime": 374047,
      "usertime": 9152702
     },
     "172845159981": {
      "maxRSS": 720604,
      "systemtime": 374047,
      "usertime": 9152717
     },
     "172845161061": {
      "maxRSS": 720604,
      "systemtime": 374047,
      "usertime": 9156038
     },
     "172845162133": {
      "maxRSS": 720604,
      "systemtime": 374047,
      "usertime": 9156052
     },
     "172845163209": {
      "maxRSS": 720604,
      "systemtime": 374047,
      "usertime": 9156064
     },
     "172845164298": {
      "maxRSS": 720604,
      "systemtime": 374047,
      "usertime": 9160091
     },
     "172845165376": {
      "maxRSS": 720604,
      "systemtime": 374047,
      "usertime": 9160106
     },
     "172845166458": {
      "maxRSS": 720604,
      "systemtime": 374047,
      "usertime": 9160122
     },
     "172845167565": {
      "maxRSS": 720604,
      "systemtime": 374047,
      "usertime": 9160141
     },
     "172845168680": {
      "maxRSS": 720604,
      "systemtime": 374047,
      "usertime": 9164218
     },
     "172845169776": {
      "maxRSS": 720604,
      "systemtime": 374047,
      "usertime": 9164237
     },
     "172845170877": {
      "maxRSS": 720604,
      "systemtime": 374047,
      "usertime": 9164275
     },
     "172845171971": {
      "maxRSS": 720604,
      "systemtime": 374047,
      "usertime": 9164290
     },
     "172845173051": {
      "maxRSS": 720604,
      "systemtime": 374047,
      "usertime": 9168249
     },
     "172845174136": {
      "maxRSS": 720604,
      "systemtime": 374047,
      "usertime": 9168266
     },
     "172845175261": {
      "maxRSS": 720604,
      "systemtime": 374047,
      "usertime": 9168299
     },
     "172845176359": {
      "maxRSS": 720604,
      "systemtime": 374047,
      "usertime": 9172333
     },
     "172845177487": {
      "maxRSS": 720604,
      "systemtime": 374047,
      "usertime": 9172399
     },
     "172845178567": {
      "maxRSS": 720604,
      "systemtime": 374047,
      "usertime": 9172417
     },
     "172845179648": {
      "maxRSS": 720604,
      "systemtime": 374047,
      "usertime": 9172433
     },
     "172845180724": {
      "maxRSS": 720604,
      "systemtime": 374047,
      "usertime": 9176442
     },
     "172845181794": {
      "maxRSS": 720604,
      "systemtime": 374047,
      "usertime": 9176455
     },
     "172845182922": {
      "maxRSS": 720604,
      "systemtime": 374047,
      "usertime": 9176506
     },
     "172845184030": {
      "maxRSS": 720604,
      "systemtime": 374047,
      "usertime": 9180539
     },
     "172845185136": {
      "maxRSS": 720604,
      "systemtime": 374047,
      "usertime": 9180555
     },
     "172845186225": {
      "maxRSS": 720604,
      "systemtime": 374047,
      "usertime": 9180569
     },
     "172845187296": {
      "maxRSS": 720604,
      "systemtime": 374047,
      "usertime": 9180582
     },
     "172845188428": {
      "maxRSS": 720604,
      "systemtime": 374047,
      "usertime": 9184625
     },
     "172845189533": {
      "maxRSS": 720604,
      "systemtime": 374047,
      "usertime": 9184639
     },
     "172845190623": {
      "maxRSS": 720604,
      "systemtime": 374047,
      "usertime": 9184660
     },
     "172845191734": {
      "maxRSS": 720604,
      "systemtime": 374047,
      "usertime": 9184704
     },
     "172845192859": {
      "maxRSS": 720604,
      "systemtime": 374047,
      "usertime": 9188746
     },
     "172845193936": {
      "maxRSS": 720604,
      "systemtime": 374047,
      "usertime": 9188760
     },
     "172845195042": {
      "maxRSS": 720604,
      "systemtime": 374047,
      "usertime": 9188774
     },
     "172845196116": {
      "maxRSS": 720604,
      "systemtime": 374047,
      "usertime": 9192779
     },
     "172845197228": {
      "maxRSS": 720604,
      "systemtime": 374047,
      "usertime": 9192799
     },
     "172845198352": {
      "maxRSS": 720604,
      "systemtime": 374047,
      "usertime": 9192832
     },
     "172845199426": {
      "maxRSS": 720604,
      "systemtime": 374047,
      "usertime": 9192846
     },
     "172845200511": {
      "maxRSS": 720604,
      "systemtime": 374047,
      "usertime": 9196858
     },
     "172845201623": {
      "maxRSS": 720604,
      "systemtime": 374047,
      "usertime": 9196882
     },
     "172845202724": {
      "maxRSS": 720604,
      "systemtime": 374047,
      "usertime": 9196895
     },
     "172845203805": {
      "maxRSS": 720604,
      "systemtime": 374047,
      "usertime": 9196910
     },
     "172845204756": {
      "maxRSS": 720604,
      "systemtime": 374047,
      "usertime": 9201681
     },
     "172845204768": {
      "maxRSS": 720604,
      "systemtime": 374047,
      "usertime": 9201711
     },
     "172845205833": {
      "maxRSS": 720604,
      "systemtime": 374047,
      "usertime": 9201717
     },
     "172845206927": {
      "maxRSS": 720604,
      "systemtime": 374047,
      "usertime": 9201734
     },
     "172845208047": {
      "maxRSS": 720604,
      "systemtime": 374047,
      "usertime": 9205012
     },
     "172845209133": {
      "maxRSS": 720604,
      "systemtime": 374047,
      "usertime": 9205033
     },
     "172845210247": {
      "maxRSS": 720604,
      "systemtime": 374047,
      "usertime": 9205072
     },
     "172845211327": {
      "maxRSS": 720604,
      "systemtime": 374047,
      "usertime": 9205089
     },
     "172845212434": {
      "maxRSS": 720604,
      "systemtime": 374047,
      "usertime": 9209099
     },
     "172845213552": {
      "maxRSS": 720604,
      "systemtime": 374047,
      "usertime": 9209130
     },
     "172845214629": {
      "maxRSS": 720604,
      "systemtime": 374047,
      "usertime": 9209146
     },
     "172845215708": {
      "maxRSS": 720604,
      "systemtime": 374047,
      "usertime": 9209160
     },
     "172845216812": {
      "maxRSS": 720604,
      "systemtime": 374047,
      "usertime": 9213183
     },
     "172845217959": {
      "maxRSS": 720604,
      "systemtime": 374047,
      "usertime": 9213234
     },
     "172845219028": {
      "maxRSS": 720604,
      "systemtime": 374047,
      "usertime": 9213244
     },
     "172845220046": {
      "maxRSS": 720604,
      "systemtime": 374047,
      "usertime": 9217259
     },
     "172845221138": {
      "maxRSS": 720604,
      "systemtime": 374047,
      "usertime": 9217277
     },
     "172845222269": {
      "maxRSS": 720604,
      "systemtime": 374047,
      "usertime": 9217318
     },
     "172845223341": {
      "maxRSS": 720604,
      "systemtime": 374047,
      "usertime": 9217331
     },
     "172845224454": {
      "maxRSS": 720604,
      "systemtime": 374047,
      "usertime": 9221373
     },
     "172845225566": {
      "maxRSS": 720604,
      "systemtime": 374047,
      "usertime": 9221394
     },
     "172845226671": {
      "maxRSS": 720604,
      "systemtime": 374047,
      "usertime": 9221410
     },
     "172845227032": {
      "maxRSS": 720604,
      "systemtime": 374123,
      "usertime": 9224361
     },
     "172845228109": {
      "maxRSS": 720604,
      "systemtime": 374123,
      "usertime": 9225371
     },
     "172845229217": {
      "maxRSS": 720604,
      "systemtime": 374123,
      "usertime": 9225385
     },
     "172845230345": {
      "maxRSS": 720604,
      "systemtime": 374123,
      "usertime": 9225419
     },
     "172845231452": {
      "maxRSS": 720604,
      "systemtime": 374123,
      "usertime": 9225434
     },
     "172845232560": {
      "maxRSS": 720604,
      "systemtime": 374123,
      "usertime": 9229446
     },
     "172845233655": {
      "maxRSS": 720604,
      "systemtime": 374123,
      "usertime": 9229467
     },
     "172845234753": {
      "maxRSS": 720604,
      "systemtime": 374123,
      "usertime": 9229497
     },
     "172845235830": {
      "maxRSS": 720604,
      "systemtime": 374123,
      "usertime": 9229516
     },
     "172845236964": {
      "maxRSS": 720604,
      "systemtime": 374123,
      "usertime": 9233555
     },
     "172845238043": {
      "maxRSS": 720604,
      "systemtime": 374123,
      "usertime": 9233572
     },
     "172845239137": {
      "maxRSS": 720604,
      "systemtime": 374123,
      "usertime": 9233591
     },
     "172845240223": {
      "maxRSS": 720604,
      "systemtime": 374123,
      "usertime": 9237607
     },
     "172845241335": {
      "maxRSS": 720604,
      "systemtime": 374123,
      "usertime": 9237627
     },
     "172845242417": {
      "maxRSS": 720604,
      "systemtime": 374123,
      "usertime": 9237647
     },
     "172845243508": {
      "maxRSS": 720604,
      "systemtime": 374123,
      "usertime": 9237667
     },
     "172845244643": {
      "maxRSS": 720604,
      "systemtime": 374123,
      "usertime": 9241707
     },
     "172845245750": {
      "maxRSS": 720604,
      "systemtime": 374123,
      "usertime": 9241721
     },
     "172845246854": {
      "maxRSS": 720604,
      "systemtime": 374123,
      "usertime": 9241734
     },
     "172845247960": {
      "maxRSS": 720604,
      "systemtime": 374123,
      "usertime": 9241747
     },
     "172845249064": {
      "maxRSS": 720604,
      "systemtime": 374123,
      "usertime": 9245757
     },
     "172845250167": {
      "maxRSS": 720604,
      "systemtime": 374123,
      "usertime": 9245772
     },
     "172845251278": {
      "maxRSS": 720604,
      "systemtime": 374123,
      "usertime": 9245810
     },
     "172845252393": {
      "maxRSS": 720604,
      "systemtime": 374123,
      "usertime": 9249847
     },
     "172845253510": {
      "maxRSS": 720604,
      "systemtime": 374123,
      "usertime": 9249871
     },
     "172845254623": {
      "maxRSS": 720604,
      "systemtime": 374123,
      "usertime": 9249883
     },
     "172845255729": {
      "maxRSS": 720604,
      "systemtime": 374123,
      "usertime": 9249900
     },
     "172845256816": {
      "maxRSS": 720604,
      "systemtime": 374123,
      "usertime": 9253935
     },
     "172845257919": {
      "maxRSS": 720604,
      "systemtime": 374123,
      "usertime": 9253972
     },
     "172845259032": {
      "maxRSS": 720604,
      "systemtime": 374123,
      "usertime": 9253990
     },
     "172845260098": {
      "maxRSS": 720604,
      "systemtime": 374123,
      "usertime": 9257977
     },
     "172845260617": {
      "maxRSS": 720604,
      "systemtime": 374123,
      "usertime": 9258587
     },
     "172845261724": {
      "maxRSS": 720604,
      "systemtime": 374123,
      "usertime": 9258598
     },
     "172845262833": {
      "maxRSS": 720604,
      "systemtime": 374123,
      "usertime": 9258616
     },
     "172845263922": {
      "maxRSS": 720604,
      "systemtime": 374123,
      "usertime": 9258648
     },
     "172845265024": {
      "maxRSS": 720604,
      "systemtime": 374123,
      "usertime": 9262072
     },
     "172845266106": {
      "maxRSS": 720604,
      "systemtime": 374123,
      "usertime": 9262086
     },
     "172845267223": {
      "maxRSS": 720604,
      "systemtime": 374123,
      "usertime": 9262102
     },
     "172845268296": {
      "maxRSS": 720604,
      "systemtime": 374123,
      "usertime": 9266115
     },
     "172845269396": {
      "maxRSS": 720604,
      "systemtime": 374123,
      "usertime": 9266125
     },
     "172845270493": {
      "maxRSS": 720604,
      "systemtime": 374123,
      "usertime": 9266133
     },
     "172845271607": {
      "maxRSS": 720604,
      "systemtime": 374123,
      "usertime": 9266156
     },
     "172845272711": {
      "maxRSS": 720604,
      "systemtime": 374123,
      "usertime": 9270169
     },
     "172845273792": {
      "maxRSS": 720604,
      "systemtime": 374123,
      "usertime": 9270182
     },
     "172845274400": {
      "maxRSS": 720604,
      "systemtime": 374123,
      "usertime": 9272574
     },
     "172845275507": {
      "maxRSS": 720604,
      "systemtime": 374123,
      "usertime": 9272588
     },
     "172845276609": {
      "maxRSS": 720604,
      "systemtime": 374123,
      "usertime": 9274229
     },
     "172845277722": {
      "maxRSS": 720604,
      "systemtime": 374123,
      "usertime": 9274253
     },
     "172845278822": {
      "maxRSS": 720604,
      "systemtime": 374123,
      "usertime": 9274261
     },
     "172845279926": {
      "maxRSS": 720604,
      "systemtime": 374123,
      "usertime": 9274268
     },
     "172845281009": {
      "maxRSS": 720604,
      "systemtime": 374123,
      "usertime": 9278282
     },
     "172845282090": {
      "maxRSS": 720604,
      "systemtime": 374123,
      "usertime": 9278298
     },
     "172845283176": {
      "maxRSS": 720604,
      "systemtime": 374123,
      "usertime": 9278315
     },
     "172845284272": {
      "maxRSS": 720604,
      "systemtime": 374123,
      "usertime": 9282352
     },
     "172845285349": {
      "maxRSS": 720604,
      "systemtime": 374123,
      "usertime": 9282369
     },
     "172845286423": {
      "maxRSS": 720604,
      "systemtime": 374123,
      "usertime": 9282384
     },
     "172845287494": {
      "maxRSS": 720604,
      "systemtime": 374123,
      "usertime": 9282396
     },
     "172845288575": {
      "maxRSS": 720604,
      "systemtime": 374123,
      "usertime": 9286411
     },
     "172845289659": {
      "maxRSS": 720604,
      "systemtime": 374123,
      "usertime": 9286430
     },
     "172845290795": {
      "maxRSS": 720604,
      "systemtime": 374123,
      "usertime": 9286471
     },
     "172845291868": {
      "maxRSS": 720604,
      "systemtime": 374123,
      "usertime": 9286485
     },
     "172845292971": {
      "maxRSS": 720604,
      "systemtime": 374123,
      "usertime": 9290499
     },
     "172845294041": {
      "maxRSS": 720604,
      "systemtime": 374123,
      "usertime": 9290510
     },
     "172845295146": {
      "maxRSS": 720604,
      "systemtime": 374123,
      "usertime": 9290523
     },
     "172845296219": {
      "maxRSS": 720604,
      "systemtime": 374123,
      "usertime": 9294528
     },
     "172845297179": {
      "maxRSS": 720604,
      "systemtime": 374123,
      "usertime": 9295704
     },
     "172845298310": {
      "maxRSS": 720604,
      "systemtime": 374123,
      "usertime": 9295752
     },
     "172845299397": {
      "maxRSS": 720604,
      "systemtime": 374123,
      "usertime": 9295771
     },
     "172845300532": {
      "maxRSS": 720604,
      "systemtime": 374123,
      "usertime": 9298638
     },
     "172845301640": {
      "maxRSS": 720604,
      "systemtime": 374123,
      "usertime": 9298654
     },
     "172845302706": {
      "maxRSS": 720604,
      "systemtime": 374123,
      "usertime": 9298662
     },
     "172845303781": {
      "maxRSS": 720604,
      "systemtime": 374123,
      "usertime": 9298671
     },
     "172845304900": {
      "maxRSS": 720604,
      "systemtime": 374123,
      "usertime": 9302697
     },
     "172845306000": {
      "maxRSS": 720604,
      "systemtime": 374123,
      "usertime": 9302706
     },
     "172845306183": {
      "maxRSS": 720604,
      "systemtime": 374126,
      "usertime": 9304883
     },
     "172845307284": {
      "maxRSS": 720604,
      "systemtime": 374126,
      "usertime": 9304892
     },
     "172845308397": {
      "maxRSS": 720604,
      "systemtime": 374126,
      "usertime": 9306732
     },
     "172845309510": {
      "maxRSS": 720604,
      "systemtime": 374126,
      "usertime": 9306754
     },
     "172845310649": {
      "maxRSS": 720604,
      "systemtime": 374126,
      "usertime": 9306797
     },
     "172845311752": {
      "maxRSS": 720604,
      "systemtime": 374126,
      "usertime": 9306809
     },
     "172845312854": {
      "maxRSS": 720604,
      "systemtime": 374126,
      "usertime": 9310816
     },
     "172845313919": {
      "maxRSS": 720604,
      "systemtime": 374126,
      "usertime": 9310825
     },
     "172845314991": {
      "maxRSS": 720604,
      "systemtime": 374126,
      "usertime": 9310836
     },
     "172845316079": {
      "maxRSS": 720604,
      "systemtime": 374126,
      "usertime": 9314849
     },
     "172845317196": {
      "maxRSS": 720604,
      "systemtime": 374126,
      "usertime": 9314873
     },
     "172845318303": {
      "maxRSS": 720604,
      "systemtime": 374126,
      "usertime": 9314889
     },
     "172845319377": {
      "maxRSS": 720604,
      "systemtime": 374126,
      "usertime": 9314904
     },
     "172845320456": {
      "maxRSS": 720604,
      "systemtime": 374126,
      "usertime": 9318917
     },
     "172845321205": {
      "maxRSS": 720604,
      "systemtime": 374126,
      "usertime": 9320121
     },
     "172845322300": {
      "maxRSS": 720604,
      "systemtime": 374126,
      "usertime": 9320143
     },
     "172845323381": {
      "maxRSS": 720604,
      "systemtime": 374126,
      "usertime": 9320160
     },
     "172845324475": {
      "maxRSS": 720604,
      "systemtime": 374126,
      "usertime": 9322987
     },
     "172845325580": {
      "maxRSS": 720604,
      "systemtime": 374126,
      "usertime": 9322998
     },
     "172845326551": {
      "maxRSS": 720604,
      "systemtime": 374147,
      "usertime": 9325528
     },
     "172845327670": {
      "maxRSS": 720604,
      "systemtime": 374148,
      "usertime": 9325552
     },
     "172845328783": {
      "maxRSS": 720604,
      "systemtime": 374148,
      "usertime": 9327028
     },
     "172845329886": {
      "maxRSS": 720604,
      "systemtime": 374148,
      "usertime": 9327036
     },
     "172845330970": {
      "maxRSS": 720604,
      "systemtime": 374148,
      "usertime": 9327058
     },
     "172845332050": {
      "maxRSS": 720604,
      "systemtime": 374148,
      "usertime": 9331070
     },
     "172845333122": {
      "maxRSS": 720604,
      "systemtime": 374148,
      "usertime": 9331083
     },
     "172845334233": {
      "maxRSS": 720604,
      "systemtime": 374148,
      "usertime": 9331099
     },
     "172845335335": {
      "maxRSS": 720604,
      "systemtime": 374148,
      "usertime": 9331108
     },
     "172845336439": {
      "maxRSS": 720604,
      "systemtime": 374148,
      "usertime": 9335118
     },
     "172845336663": {
      "maxRSS": 720604,
      "systemtime": 374148,
      "usertime": 9335824
     },
     "172845337766": {
      "maxRSS": 720604,
      "systemtime": 374148,
      "usertime": 9335841
     },
     "172845338869": {
      "maxRSS": 720604,
      "systemtime": 374148,
      "usertime": 9335853
     },
     "172845339913": {
      "maxRSS": 720604,
      "systemtime": 374204,
      "usertime": 9339026
     },
     "172845341013": {
      "maxRSS": 720604,
      "systemtime": 374204,
      "usertime": 9339160
     },
     "172845342115": {
      "maxRSS": 720604,
      "systemtime": 374204,
      "usertime": 9339170
     },
     "172845343238": {
      "maxRSS": 720604,
      "systemtime": 374204,
      "usertime": 9339200
     },
     "172845344303": {
      "maxRSS": 720604,
      "systemtime": 374204,
      "usertime": 9343207
     },
     "172845345405": {
      "maxRSS": 720604,
      "systemtime": 374204,
      "usertime": 9343216
     },
     "172845346463": {
      "maxRSS": 720604,
      "systemtime": 374204,
      "usertime": 9345662
     },
     "172845347535": {
      "maxRSS": 720604,
      "systemtime": 374204,
      "usertime": 9345675
     },
     "172845348394": {
      "maxRSS": 720604,
      "systemtime": 374204,
      "usertime": 9347630
     },
     "172845349478": {
      "maxRSS": 720604,
      "systemtime": 374204,
      "usertime": 9347648
     },
     "172845350582": {
      "maxRSS": 720604,
      "systemtime": 374204,
      "usertime": 9347683
     },
     "172845351656": {
      "maxRSS": 720604,
      "systemtime": 374204,
      "usertime": 9347698
     },
     "172845352743": {
      "maxRSS": 720604,
      "systemtime": 374204,
      "usertime": 9351355
     },
     "172845352944": {
      "maxRSS": 720604,
      "systemtime": 374204,
      "usertime": 9352300
     },
     "172845354035": {
      "maxRSS": 720604,
      "systemtime": 374204,
      "usertime": 9353399
     },
     "172845355106": {
      "maxRSS": 720604,
      "systemtime": 374204,
      "usertime": 9353411
     },
     "172845356219": {
      "maxRSS": 720604,
      "systemtime": 374204,
      "usertime": 9355436
     },
     "172845356863": {
      "maxRSS": 720604,
      "systemtime": 374204,
      "usertime": 9356307
     },
     "172845357236": {
      "maxRSS": 720604,
      "systemtime": 374204,
      "usertime": 9356692
     },
     "172845358331": {
      "maxRSS": 720604,
      "systemtime": 374204,
      "usertime": 9356705
     },
     "172845359048": {
      "maxRSS": 720604,
      "systemtime": 374204,
      "usertime": 9358528
     },
     "172845359269": {
      "maxRSS": 720604,
      "systemtime": 374204,
      "usertime": 9358760
     },
     "172845360384": {
      "maxRSS": 720604,
      "systemtime": 374204,
      "usertime": 9359552
     },
     "172845360534": {
      "maxRSS": 720604,
      "systemtime": 374204,
      "usertime": 9360093
     },
     "172845360638": {
      "maxRSS": 720604,
      "systemtime": 374204,
      "usertime": 9360209
     },
     "172845361671": {
      "maxRSS": 720604,
      "systemtime": 374204,
      "usertime": 9361258
     },
     "172845361736": {
      "maxRSS": 720604,
      "systemtime": 374204,
      "usertime": 9361329
     },
     "172845362521": {
      "maxRSS": 720604,
      "systemtime": 374204,
      "usertime": 9362139
     },
     "172845363186": {
      "maxRSS": 720604,
      "systemtime": 374204,
      "usertime": 9362853
     },
     "172845363236": {
      "maxRSS": 720604,
      "systemtime": 374204,
      "usertime": 9362916
     },
     "172845363870": {
      "maxRSS": 720604,
      "systemtime": 374220,
      "usertime": 9363566
     },
     "172845363881": {
      "maxRSS": 720604,
      "systemtime": 374221,
      "usertime": 9363587
     },
     "172845364345": {
      "maxRSS": 720604,
      "systemtime": 374221,
      "usertime": 9364063
     },
     "172845364766": {
      "maxRSS": 720604,
      "systemtime": 374221,
      "usertime": 9364497
     },
     "172845365116": {
      "maxRSS": 720604,
      "systemtime": 374221,
      "usertime": 9364892
     },
     "172845365418": {
      "maxRSS": 720604,
      "systemtime": 374221,
      "usertime": 9365222
     },
     "172845365477": {
      "maxRSS": 720604,
      "systemtime": 374221,
      "usertime": 9365289
     },
     "172845366565": {
      "maxRSS": 720604,
      "systemtime": 374221,
      "usertime": 9365790
     },
     "172845367640": {
      "maxRSS": 720604,
      "systemtime": 374221,
      "usertime": 9365805
     },
     "172845368712": {
      "maxRSS": 720604,
      "systemtime": 374221,
      "usertime": 9367862
     },
     "172845369789": {
      "maxRSS": 720604,
      "systemtime": 374221,
      "usertime": 9367873
     },
     "172845370898": {
      "maxRSS": 720732,
      "systemtime": 374221,
      "usertime": 9367917
     },
     "172845371993": {
      "maxRSS": 720732,
      "systemtime": 374221,
      "usertime": 9367951
     },
     "172845373065": {
      "maxRSS": 720732,
      "systemtime": 377946,
      "usertime": 9368250
     },
     "172845374136": {
      "maxRSS": 720732,
      "systemtime": 377947,
      "usertime": 9368262
     },
     "172845375243": {
      "maxRSS": 720732,
      "systemtime": 377947,
      "usertime": 9368280
     },
     "172845376327": {
      "maxRSS": 720732,
      "systemtime": 377949,
      "usertime": 9372336
     },
     "172845377442": {
      "maxRSS": 720732,
      "systemtime": 377951,
      "usertime": 9372388
     },
     "172845378524": {
      "maxRSS": 720732,
      "systemtime": 377951,
      "usertime": 9372404
     },
     "172845379605": {
      "maxRSS": 720732,
      "systemtime": 377952,
      "usertime": 9372421
     },
     "172845380687": {
      "maxRSS": 720732,
      "systemtime": 377952,
      "usertime": 9376416
     },
     "172845381796": {
      "maxRSS": 720732,
      "systemtime": 377952,
      "usertime": 9376430
     },
     "172845382872": {
      "maxRSS": 720732,
      "systemtime": 377952,
      "usertime": 9376444
     },
     "172845383972": {
      "maxRSS": 720732,
      "systemtime": 377954,
      "usertime": 9376479
     },
     "172845385054": {
      "maxRSS": 720732,
      "systemtime": 377954,
      "usertime": 9380482
     },
     "172845386173": {
      "maxRSS": 720732,
      "systemtime": 377954,
      "usertime": 9380498
     },
     "172845387289": {
      "maxRSS": 720732,
      "systemtime": 377955,
      "usertime": 9380522
     },
     "172845388399": {
      "maxRSS": 720732,
      "systemtime": 377955,
      "usertime": 9384539
     },
     "172845389499": {
      "maxRSS": 720732,
      "systemtime": 377955,
      "usertime": 9384550
     },
     "172845390600": {
      "maxRSS": 720732,
      "systemtime": 377956,
      "usertime": 9384577
     },
     "172845391709": {
      "maxRSS": 720732,
      "systemtime": 377957,
      "usertime": 9384594
     },
     "172845392848": {
      "maxRSS": 720732,
      "systemtime": 377957,
      "usertime": 9388612
     },
     "172845393926": {
      "maxRSS": 720732,
      "systemtime": 377957,
      "usertime": 9388623
     },
     "172845395007": {
      "maxRSS": 720732,
      "systemtime": 377957,
      "usertime": 9388635
     },
     "172845396065": {
      "maxRSS": 720732,
      "systemtime": 377958,
      "usertime": 9392671
     },
     "172845397158": {
      "maxRSS": 720732,
      "systemtime": 377959,
      "usertime": 9392691
     },
     "172845398292": {
      "maxRSS": 720732,
      "systemtime": 377961,
      "usertime": 9392741
     },
     "172845399428": {
      "maxRSS": 720732,
      "systemtime": 377962,
      "usertime": 9392774
     },
     "172845400560": {
      "maxRSS": 720732,
      "systemtime": 377962,
      "usertime": 9396803
     },
     "172845401678": {
      "maxRSS": 720732,
      "systemtime": 377963,
      "usertime": 9396821
     },
     "172845402786": {
      "maxRSS": 720732,
      "systemtime": 377964,
      "usertime": 9396836
     },
     "172845403858": {
      "maxRSS": 720732,
      "systemtime": 377964,
      "usertime": 9396848
     },
     "172845404987": {
      "maxRSS": 720732,
      "systemtime": 377965,
      "usertime": 9400882
     },
     "172845406072": {
      "maxRSS": 720732,
      "systemtime": 377965,
      "usertime": 9400897
     },
     "172845407195": {
      "maxRSS": 720732,
      "systemtime": 377967,
      "usertime": 9400930
     },
     "172845408286": {
      "maxRSS": 720732,
      "systemtime": 377967,
      "usertime": 9404944
     },
     "172845409396": {
      "maxRSS": 720732,
      "systemtime": 377967,
      "usertime": 9404957
     },
     "172845410500": {
      "maxRSS": 720732,
      "systemtime": 377968,
      "usertime": 9404971
     },
     "172845411652": {
      "maxRSS": 720732,
      "systemtime": 377970,
      "usertime": 9405021
     },
     "172845412759": {
      "maxRSS": 720732,
      "systemtime": 377970,
      "usertime": 9409036
     },
     "172845413842": {
      "maxRSS": 720732,
      "systemtime": 377970,
      "usertime": 9409051
     },
     "172845414954": {
      "maxRSS": 720732,
      "systemtime": 377971,
      "usertime": 9409066
     },
     "172845416073": {
      "maxRSS": 720732,
      "systemtime": 377972,
      "usertime": 9413126
     },
     "172845417217": {
      "maxRSS": 720732,
      "systemtime": 377973,
      "usertime": 9413148
     },
     "172845418346": {
      "maxRSS": 720732,
      "systemtime": 377975,
      "usertime": 9413202
     },
     "172845419462": {
      "maxRSS": 720732,
      "systemtime": 377976,
      "usertime": 9413222
     },
     "172845420566": {
      "maxRSS": 720732,
      "systemtime": 377976,
      "usertime": 9417192
     },
     "172845421667": {
      "maxRSS": 720732,
      "systemtime": 377976,
      "usertime": 9417204
     },
     "172845422757": {
      "maxRSS": 720732,
      "systemtime": 377976,
      "usertime": 9417218
     },
     "172845423848": {
      "maxRSS": 720732,
      "systemtime": 377976,
      "usertime": 9417230
     },
     "172845424928": {
      "maxRSS": 720732,
      "systemtime": 377976,
      "usertime": 9421241
     },
     "172845426103": {
      "maxRSS": 720732,
      "systemtime": 377976,
      "usertime": 9421273
     },
     "172845427214": {
      "maxRSS": 720732,
      "systemtime": 377978,
      "usertime": 9421310
     },
     "172845428291": {
      "maxRSS": 720732,
      "systemtime": 377978,
      "usertime": 9425322
     },
     "172845429366": {
      "maxRSS": 720732,
      "systemtime": 377978,
      "usertime": 9425335
     },
     "172845430438": {
      "maxRSS": 720732,
      "systemtime": 377978,
      "usertime": 9425348
     },
     "172845431520": {
      "maxRSS": 720732,
      "systemtime": 377979,
      "usertime": 9425361
     },
     "172845432648": {
      "maxRSS": 720732,
      "systemtime": 377980,
      "usertime": 9429399
     },
     "172845433745": {
      "maxRSS": 720732,
      "systemtime": 377980,
      "usertime": 9429413
     },
     "172845434869": {
      "maxRSS": 720732,
      "systemtime": 377981,
      "usertime": 9429431
     },
     "172845435988": {
      "maxRSS": 720732,
      "systemtime": 377982,
      "usertime": 9429447
     },
     "172845437065": {
      "maxRSS": 720732,
      "systemtime": 377982,
      "usertime": 9433456
     },
     "172845438136": {
      "maxRSS": 720732,
      "systemtime": 377982,
      "usertime": 9433468
     },
     "172845439229": {
      "maxRSS": 720732,
      "systemtime": 377983,
      "usertime": 9433496
     },
     "172845440301": {
      "maxRSS": 720732,
      "systemtime": 381994,
      "usertime": 9433496
     },
     "172845441382": {
      "maxRSS": 720732,
      "systemtime": 382004,
      "usertime": 9433499
     },
     "172845442491": {
      "maxRSS": 720732,
      "systemtime": 382005,
      "usertime": 9433515
     },
     "172845443570": {
      "maxRSS": 720732,
      "systemtime": 382005,
      "usertime": 9433532
     },
     "172845444644": {
      "maxRSS": 720732,
      "systemtime": 386019,
      "usertime": 9433532
     },
     "172845445824": {
      "maxRSS": 720732,
      "systemtime": 386099,
      "usertime": 9435309
     }
    }
   }
  }
 }
}
