{
 "root": {
  "program": {
   "configuration": {
    "": "/root/compiler/tests/corpus/BENCHMARK_FAMILY/reachability_complement.dl",
    "fact-dir": "/root/compiler/fixtures/p2-scale-4000",
    "include-dir": ".",
    "jobs": "1",
    "libraries": "functors",
    "library-dir": ".",
    "magic-transform": "*",
    "output-dir": "/root/compiler/measurements/m3-5-headline-m4/family/reachability_complement/n4000/souffle",
    "profile": "prof.log",
    "relationCount": "4",
    "ruleCount": "7",
    "version": "2.5",
    "warn": "all",
    "wno": "none"
   },
   "relation": {
    "@magic.unreach.{bf}": {
     "maxRSS": {
      "post": 16500,
      "pre": 16500
     },
     "non-recursive-rule": {
      "@magic.unreach.{bf}(1).": {
       "maxRSS": {
        "post": 16500,
        "pre": 16500
       },
       "num-tuples": 1,
       "runtime": { "start": 17238106333, "end": 17238106338},
       "source-locator": " [1:1-1:1]"
      }
     },
     "num-tuples": 1,
     "runtime": { "start": 17238106331, "end": 17238106347},
     "source-locator": " [1:1-1:1]"
    },
    "@neglabel.reach": {
     "iteration": {
      "0": {
       "copytime": { "start": 17238112810, "end": 17238114133},
       "maxRSS": {
        "post": 16500,
        "pre": 16500
       },
       "num-tuples": 15916,
       "recursive-rule": {
        "@neglabel.reach(x,y) :- \n   @neglabel.reach(x,z),\n   edge(z,y).": {
         "0": {
          "atom-frequency": {
           "@new_@neglabel.reach(x,y) :- \n   @delta_@neglabel.reach(x,z),\n   edge(z,y).": {
            "@delta_@neglabel.reach": {
             "level": 0,
             "num-tuples": 0
            },
            "edge": {
             "level": 1,
             "num-tuples": 0
            }
           }
          },
          "maxRSS": {
           "post": 16500,
           "pre": 16500
          },
          "num-tuples": 15916,
          "runtime": { "start": 17238109529, "end": 17238112770},
          "source-locator": " [1:1-1:1]"
         }
        }
       },
       "runtime": { "start": 17238109515, "end": 17238112783}
      },
      "1": {
       "copytime": { "start": 17238121144, "end": 17238124073},
       "maxRSS": {
        "post": 16500,
        "pre": 16500
       },
       "num-tuples": 31304,
       "recursive-rule": {
        "@neglabel.reach(x,y) :- \n   @neglabel.reach(x,z),\n   edge(z,y).": {
         "0": {
          "maxRSS": {
           "post": 16500,
           "pre": 16500
          },
          "num-tuples": 31304,
          "runtime": { "start": 17238114153, "end": 17238121100},
          "source-locator": " [1:1-1:1]"
         }
        }
       },
       "runtime": { "start": 17238114141, "end": 17238121115}
      },
      "10": {
       "copytime": { "start": 17241783897, "end": 17241973861},
       "maxRSS": {
        "post": 240884,
        "pre": 239988
       },
       "num-tuples": 1426211,
       "recursive-rule": {
        "@neglabel.reach(x,y) :- \n   @neglabel.reach(x,z),\n   edge(z,y).": {
         "0": {
          "maxRSS": {
           "post": 240884,
           "pre": 239988
          },
          "num-tuples": 1426211,
          "runtime": { "start": 17240958479, "end": 17241779406},
          "source-locator": " [1:1-1:1]"
         }
        }
       },
       "runtime": { "start": 17240958452, "end": 17241781252}
      },
      "11": {
       "copytime": { "start": 17242677089, "end": 17242818965},
       "maxRSS": {
        "post": 280564,
        "pre": 280308
       },
       "num-tuples": 1102843,
       "recursive-rule": {
        "@neglabel.reach(x,y) :- \n   @neglabel.reach(x,z),\n   edge(z,y).": {
         "0": {
          "maxRSS": {
           "post": 280564,
           "pre": 280308
          },
          "num-tuples": 1102843,
          "runtime": { "start": 17241973938, "end": 17242674980},
          "source-locator": " [1:1-1:1]"
         }
        }
       },
       "runtime": { "start": 17241973898, "end": 17242675865}
      },
      "12": {
       "copytime": { "start": 17243354140, "end": 17243450902},
       "maxRSS": {
        "post": 300020,
        "pre": 299892
       },
       "num-tuples": 741540,
       "recursive-rule": {
        "@neglabel.reach(x,y) :- \n   @neglabel.reach(x,z),\n   edge(z,y).": {
         "0": {
          "maxRSS": {
           "post": 300020,
           "pre": 299892
          },
          "num-tuples": 741540,
          "runtime": { "start": 17242819005, "end": 17243352886},
          "source-locator": " [1:1-1:1]"
         }
        }
       },
       "runtime": { "start": 17242818981, "end": 17243353454}
      },
      "13": {
       "copytime": { "start": 17243814100, "end": 17243880303},
       "maxRSS": {
        "post": 303220,
        "pre": 302964
       },
       "num-tuples": 446689,
       "recursive-rule": {
        "@neglabel.reach(x,y) :- \n   @neglabel.reach(x,z),\n   edge(z,y).": {
         "0": {
          "maxRSS": {
           "post": 303220,
           "pre": 302964
          },
          "num-tuples": 446689,
          "runtime": { "start": 17243450940, "end": 17243813270},
          "source-locator": " [1:1-1:1]"
         }
        }
       },
       "runtime": { "start": 17243450918, "end": 17243813669}
      },
      "14": {
       "copytime": { "start": 17244106718, "end": 17244148638},
       "maxRSS": {
        "post": 303220,
        "pre": 303220
       },
       "num-tuples": 247351,
       "recursive-rule": {
        "@neglabel.reach(x,y) :- \n   @neglabel.reach(x,z),\n   edge(z,y).": {
         "0": {
          "maxRSS": {
           "post": 303220,
           "pre": 303220
          },
          "num-tuples": 247351,
          "runtime": { "start": 17243880338, "end": 17244106308},
          "source-locator": " [1:1-1:1]"
         }
        }
       },
       "runtime": { "start": 17243880317, "end": 17244106493}
      },
      "15": {
       "copytime": { "start": 17244279430, "end": 17244305429},
       "maxRSS": {
        "post": 303348,
        "pre": 303220
       },
       "num-tuples": 130350,
       "recursive-rule": {
        "@neglabel.reach(x,y) :- \n   @neglabel.reach(x,z),\n   edge(z,y).": {
         "0": {
          "maxRSS": {
           "post": 303348,
           "pre": 303220
          },
          "num-tuples": 130350,
          "runtime": { "start": 17244148677, "end": 17244279225},
          "source-locator": " [1:1-1:1]"
         }
        }
       },
       "runtime": { "start": 17244148652, "end": 17244279307}
      },
      "16": {
       "copytime": { "start": 17244379724, "end": 17244396153},
       "maxRSS": {
        "post": 303348,
        "pre": 303348
       },
       "num-tuples": 67614,
       "recursive-rule": {
        "@neglabel.reach(x,y) :- \n   @neglabel.reach(x,z),\n   edge(z,y).": {
         "0": {
          "maxRSS": {
           "post": 303348,
           "pre": 303348
          },
          "num-tuples": 67614,
          "runtime": { "start": 17244305473, "end": 17244379634},
          "source-locator": " [1:1-1:1]"
         }
        }
       },
       "runtime": { "start": 17244305447, "end": 17244379670}
      },
      "17": {
       "copytime": { "start": 17244438222, "end": 17244447319},
       "maxRSS": {
        "post": 303476,
        "pre": 303348
       },
       "num-tuples": 34315,
       "recursive-rule": {
        "@neglabel.reach(x,y) :- \n   @neglabel.reach(x,z),\n   edge(z,y).": {
         "0": {
          "maxRSS": {
           "post": 303476,
           "pre": 303348
          },
          "num-tuples": 34315,
          "runtime": { "start": 17244396187, "end": 17244438161},
          "source-locator": " [1:1-1:1]"
         }
        }
       },
       "runtime": { "start": 17244396167, "end": 17244438182}
      },
      "18": {
       "copytime": { "start": 17244469650, "end": 17244474755},
       "maxRSS": {
        "post": 303476,
        "pre": 303476
       },
       "num-tuples": 16839,
       "recursive-rule": {
        "@neglabel.reach(x,y) :- \n   @neglabel.reach(x,z),\n   edge(z,y).": {
         "0": {
          "maxRSS": {
           "post": 303476,
           "pre": 303476
          },
          "num-tuples": 16839,
          "runtime": { "start": 17244447353, "end": 17244469598},
          "source-locator": " [1:1-1:1]"
         }
        }
       },
       "runtime": { "start": 17244447331, "end": 17244469617}
      },
      "19": {
       "copytime": { "start": 17244486884, "end": 17244489609},
       "maxRSS": {
        "post": 303476,
        "pre": 303476
       },
       "num-tuples": 7828,
       "recursive-rule": {
        "@neglabel.reach(x,y) :- \n   @neglabel.reach(x,z),\n   edge(z,y).": {
         "0": {
          "maxRSS": {
           "post": 303476,
           "pre": 303476
          },
          "num-tuples": 7828,
          "runtime": { "start": 17244474786, "end": 17244486833},
          "source-locator": " [1:1-1:1]"
         }
        }
       },
       "runtime": { "start": 17244474767, "end": 17244486850}
      },
      "2": {
       "copytime": { "start": 17238139082, "end": 17238144941},
       "maxRSS": {
        "post": 16500,
        "pre": 16500
       },
       "num-tuples": 60989,
       "recursive-rule": {
        "@neglabel.reach(x,y) :- \n   @neglabel.reach(x,z),\n   edge(z,y).": {
         "0": {
          "maxRSS": {
           "post": 16500,
           "pre": 16500
          },
          "num-tuples": 60989,
          "runtime": { "start": 17238124100, "end": 17238139009},
          "source-locator": " [1:1-1:1]"
         }
        }
       },
       "runtime": { "start": 17238124084, "end": 17238139033}
      },
      "20": {
       "copytime": { "start": 17244496071, "end": 17244498041},
       "maxRSS": {
        "post": 303476,
        "pre": 303476
       },
       "num-tuples": 3365,
       "recursive-rule": {
        "@neglabel.reach(x,y) :- \n   @neglabel.reach(x,z),\n   edge(z,y).": {
         "0": {
          "maxRSS": {
           "post": 303476,
           "pre": 303476
          },
          "num-tuples": 3365,
          "runtime": { "start": 17244489638, "end": 17244495966},
          "source-locator": " [1:1-1:1]"
         }
        }
       },
       "runtime": { "start": 17244489620, "end": 17244495988}
      },
      "21": {
       "copytime": { "start": 17244501113, "end": 17244501713},
       "maxRSS": {
        "post": 303476,
        "pre": 303476
       },
       "num-tuples": 1296,
       "recursive-rule": {
        "@neglabel.reach(x,y) :- \n   @neglabel.reach(x,z),\n   edge(z,y).": {
         "0": {
          "maxRSS": {
           "post": 303476,
           "pre": 303476
          },
          "num-tuples": 1296,
          "runtime": { "start": 17244498079, "end": 17244501065},
          "source-locator": " [1:1-1:1]"
         }
        }
       },
       "runtime": { "start": 17244498054, "end": 17244501080}
      },
      "22": {
       "copytime": { "start": 17244502802, "end": 17244502954},
       "maxRSS": {
        "post": 303476,
        "pre": 303476
       },
       "num-tuples": 453,
       "recursive-rule": {
        "@neglabel.reach(x,y) :- \n   @neglabel.reach(x,z),\n   edge(z,y).": {
         "0": {
          "maxRSS": {
           "post": 303476,
           "pre": 303476
          },
          "num-tuples": 453,
          "runtime": { "start": 17244501738, "end": 17244502763},
          "source-locator": " [1:1-1:1]"
         }
        }
       },
       "runtime": { "start": 17244501722, "end": 17244502775}
      },
      "23": {
       "copytime": { "start": 17244503353, "end": 17244503409},
       "maxRSS": {
        "post": 303476,
        "pre": 303476
       },
       "num-tuples": 156,
       "recursive-rule": {
        "@neglabel.reach(x,y) :- \n   @neglabel.reach(x,z),\n   edge(z,y).": {
         "0": {
          "maxRSS": {
           "post": 303476,
           "pre": 303476
          },
          "num-tuples": 156,
          "runtime": { "start": 17244502974, "end": 17244503309},
          "source-locator": " [1:1-1:1]"
         }
        }
       },
       "runtime": { "start": 17244502960, "end": 17244503322}
      },
      "24": {
       "copytime": { "start": 17244503584, "end": 17244503600},
       "maxRSS": {
        "post": 303476,
        "pre": 303476
       },
       "num-tuples": 57,
       "recursive-rule": {
        "@neglabel.reach(x,y) :- \n   @neglabel.reach(x,z),\n   edge(z,y).": {
         "0": {
          "maxRSS": {
           "post": 303476,
           "pre": 303476
          },
          "num-tuples": 57,
          "runtime": { "start": 17244503423, "end": 17244503552},
          "source-locator": " [1:1-1:1]"
         }
        }
       },
       "runtime": { "start": 17244503414, "end": 17244503562}
      },
      "25": {
       "copytime": { "start": 17244503681, "end": 17244503686},
       "maxRSS": {
        "post": 303476,
        "pre": 303476
       },
       "num-tuples": 16,
       "recursive-rule": {
        "@neglabel.reach(x,y) :- \n   @neglabel.reach(x,z),\n   edge(z,y).": {
         "0": {
          "maxRSS": {
           "post": 303476,
           "pre": 303476
          },
          "num-tuples": 16,
          "runtime": { "start": 17244503614, "end": 17244503652},
          "source-locator": " [1:1-1:1]"
         }
        }
       },
       "runtime": { "start": 17244503604, "end": 17244503661}
      },
      "26": {
       "copytime": { "start": 17244503740, "end": 17244503742},
       "maxRSS": {
        "post": 303476,
        "pre": 303476
       },
       "num-tuples": 5,
       "recursive-rule": {
        "@neglabel.reach(x,y) :- \n   @neglabel.reach(x,z),\n   edge(z,y).": {
         "0": {
          "maxRSS": {
           "post": 303476,
           "pre": 303476
          },
          "num-tuples": 5,
          "runtime": { "start": 17244503699, "end": 17244503711},
          "source-locator": " [1:1-1:1]"
         }
        }
       },
       "runtime": { "start": 17244503690, "end": 17244503720}
      },
      "27": {
       "copytime": { "start": 17244503787, "end": 17244503788},
       "maxRSS": {
        "post": 303476,
        "pre": 303476
       },
       "num-tuples": 1,
       "recursive-rule": {
        "@neglabel.reach(x,y) :- \n   @neglabel.reach(x,z),\n   edge(z,y).": {
         "0": {
          "maxRSS": {
           "post": 303476,
           "pre": 303476
          },
          "num-tuples": 1,
          "runtime": { "start": 17244503755, "end": 17244503759},
          "source-locator": " [1:1-1:1]"
         }
        }
       },
       "runtime": { "start": 17244503746, "end": 17244503768}
      },
      "28": {
       "maxRSS": {
        "post": 303476,
        "pre": 303476
       },
       "num-tuples": 0,
       "recursive-rule": {
        "@neglabel.reach(x,y) :- \n   @neglabel.reach(x,z),\n   edge(z,y).": {
         "0": {
          "maxRSS": {
           "post": 303476,
           "pre": 303476
          },
          "num-tuples": 0,
          "runtime": { "start": 17244503801, "end": 17244503803},
          "source-locator": " [1:1-1:1]"
         }
        }
       },
       "runtime": { "start": 17244503792, "end": 17244503811}
      },
      "3": {
       "copytime": { "start": 17238177981, "end": 17238188985},
       "maxRSS": {
        "post": 19572,
        "pre": 17396
       },
       "num-tuples": 117962,
       "recursive-rule": {
        "@neglabel.reach(x,y) :- \n   @neglabel.reach(x,z),\n   edge(z,y).": {
         "0": {
          "maxRSS": {
           "post": 19572,
           "pre": 17396
          },
          "num-tuples": 117962,
          "runtime": { "start": 17238144972, "end": 17238177831},
          "source-locator": " [1:1-1:1]"
         }
        }
       },
       "runtime": { "start": 17238144952, "end": 17238177891}
      },
      "4": {
       "copytime": { "start": 17238254333, "end": 17238276494},
       "maxRSS": {
        "post": 26996,
        "pre": 22644
       },
       "num-tuples": 223269,
       "recursive-rule": {
        "@neglabel.reach(x,y) :- \n   @neglabel.reach(x,z),\n   edge(z,y).": {
         "0": {
          "maxRSS": {
           "post": 26868,
           "pre": 22644
          },
          "num-tuples": 223269,
          "runtime": { "start": 17238189012, "end": 17238253994},
          "source-locator": " [1:1-1:1]"
         }
        }
       },
       "runtime": { "start": 17238188995, "end": 17238254141}
      },
      "5": {
       "copytime": { "start": 17238398723, "end": 17238438626},
       "maxRSS": {
        "post": 40564,
        "pre": 32628
       },
       "num-tuples": 406451,
       "recursive-rule": {
        "@neglabel.reach(x,y) :- \n   @neglabel.reach(x,z),\n   edge(z,y).": {
         "0": {
          "maxRSS": {
           "post": 40564,
           "pre": 32628
          },
          "num-tuples": 406451,
          "runtime": { "start": 17238276529, "end": 17238397994},
          "source-locator": " [1:1-1:1]"
         }
        }
       },
       "runtime": { "start": 17238276509, "end": 17238398328}
      },
      "6": {
       "copytime": { "start": 17238669319, "end": 17238739422},
       "maxRSS": {
        "post": 64244,
        "pre": 50932
       },
       "num-tuples": 692694,
       "recursive-rule": {
        "@neglabel.reach(x,y) :- \n   @neglabel.reach(x,z),\n   edge(z,y).": {
         "0": {
          "maxRSS": {
           "post": 64244,
           "pre": 50932
          },
          "num-tuples": 692694,
          "runtime": { "start": 17238438671, "end": 17238668160},
          "source-locator": " [1:1-1:1]"
         }
        }
       },
       "runtime": { "start": 17238438646, "end": 17238668707}
      },
      "7": {
       "copytime": { "start": 17239123441, "end": 17239245988},
       "maxRSS": {
        "post": 100596,
        "pre": 81652
       },
       "num-tuples": 1063669,
       "recursive-rule": {
        "@neglabel.reach(x,y) :- \n   @neglabel.reach(x,z),\n   edge(z,y).": {
         "0": {
          "maxRSS": {
           "post": 100596,
           "pre": 81652
          },
          "num-tuples": 1063669,
          "runtime": { "start": 17238739466, "end": 17239121191},
          "source-locator": " [1:1-1:1]"
         }
        }
       },
       "runtime": { "start": 17238739441, "end": 17239122126}
      },
      "8": {
       "copytime": { "start": 17239845080, "end": 17240010136},
       "maxRSS": {
        "post": 148212,
        "pre": 127604
       },
       "num-tuples": 1407028,
       "recursive-rule": {
        "@neglabel.reach(x,y) :- \n   @neglabel.reach(x,z),\n   edge(z,y).": {
         "0": {
          "maxRSS": {
           "post": 148212,
           "pre": 127604
          },
          "num-tuples": 1407028,
          "runtime": { "start": 17239246013, "end": 17239841258},
          "source-locator": " [1:1-1:1]"
         }
        }
       },
       "runtime": { "start": 17239246006, "end": 17239842719}
      },
      "9": {
       "copytime": { "start": 17240734941, "end": 17240958434},
       "maxRSS": {
        "post": 198644,
        "pre": 184436
       },
       "num-tuples": 1556454,
       "recursive-rule": {
        "@neglabel.reach(x,y) :- \n   @neglabel.reach(x,z),\n   edge(z,y).": {
         "0": {
          "maxRSS": {
           "post": 198644,
           "pre": 184436
          },
          "num-tuples": 1556454,
          "runtime": { "start": 17240010179, "end": 17240731252},
          "source-locator": " [1:1-1:1]"
         }
        }
       },
       "runtime": { "start": 17240010162, "end": 17240732481}
      }
     },
     "maxRSS": {
      "post": 16500,
      "pre": 16500
     },
     "non-recursive-rule": {
      "@neglabel.reach(x,y) :- \n   edge(x,y).": {
       "atom-frequency": {
        "@neglabel.reach(x,y) :- \n   edge(x,y).": {
         "edge": {
          "level": 0,
          "num-tuples": 0
         }
        }
       },
       "maxRSS": {
        "post": 16500,
        "pre": 16500
       },
       "num-tuples": 8000,
       "runtime": { "start": 17238108710, "end": 17238109110},
       "source-locator": " [1:1-1:1]"
      }
     },
     "num-tuples": 8000,
     "runtime": { "start": 17238108697, "end": 17238109119},
     "source-locator": "/root/compiler/tests/corpus/BENCHMARK_FAMILY/reachability_complement.dl [21:7-21:12]"
    },
    "edge": {
     "loadtime": { "start": 17238106352, "end": 17238108295},
     "num-tuples": 8000,
     "reads": 0,
     "source-locator": "/root/compiler/tests/corpus/BENCHMARK_FAMILY/reachability_complement.dl [16:7-16:11]"
    },
    "node": {
     "loadtime": { "start": 17238108306, "end": 17238108690},
     "num-tuples": 4000,
     "reads": 1,
     "source-locator": "/root/compiler/tests/corpus/BENCHMARK_FAMILY/reachability_complement.dl [18:7-18:11]"
    },
    "q_unreach": {
     "maxRSS": {
      "post": 303476,
      "pre": 303476
     },
     "non-recursive-rule": {
      "q_unreach(y) :- \n   unreach.{bf}(@abdul0,y),\n   @abdul0 = 1.": {
       "atom-frequency": {
        "q_unreach(y) :- \n   unreach.{bf}(@abdul0,y),\n   @abdul0 = 1.": {
         "unreach.{bf}": {
          "level": 0,
          "num-tuples": 0
         }
        }
       },
       "maxRSS": {
        "post": 303476,
        "pre": 303476
       },
       "num-tuples": 877,
       "runtime": { "start": 17244533737, "end": 17244533774},
       "source-locator": " [1:1-1:1]"
      }
     },
     "num-tuples": 877,
     "reads": 0,
     "runtime": { "start": 17244533720, "end": 17244533790},
     "savetime": { "start": 17244533796, "end": 17244534221},
     "source-locator": "/root/compiler/tests/corpus/BENCHMARK_FAMILY/reachability_complement.dl [28:7-28:16]"
    },
    "unreach.{bf}": {
     "maxRSS": {
      "post": 303476,
      "pre": 303476
     },
     "non-recursive-rule": {
      "unreach.{bf}(x,y) :- \n   @magic.unreach.{bf}(x),\n   node(x),\n   node(y),\n   !@neglabel.reach(x,y).": {
       "atom-frequency": {
        "unreach.{bf}(x,y) :- \n   @magic.unreach.{bf}(x),\n   node(x),\n   node(y),\n   !@neglabel.reach(x,y).": {
         "@magic.unreach.{bf}": {
          "level": 0,
          "num-tuples": 0
         },
         "node": {
          "level": 2,
          "num-tuples": 0
         }
        }
       },
       "maxRSS": {
        "post": 303476,
        "pre": 303476
       },
       "num-tuples": 877,
       "runtime": { "start": 17244503864, "end": 17244504075},
       "source-locator": " [1:1-1:1]"
      }
     },
     "num-tuples": 877,
     "reads": 0,
     "runtime": { "start": 17244503854, "end": 17244504084},
     "source-locator": " [1:1-1:1]"
    }
   },
   "runtime": { "start": 17238106326, "end": 17244534233},
   "starttime": { "time": 17238106295},
   "usage": {
    "timepoint": {
     "17238106310": {
      "maxRSS": 16500,
      "systemtime": 2566,
      "usertime": 0
     },
     "17238106333": {
      "maxRSS": 16500,
      "systemtime": 4669,
      "usertime": 0
     },
     "17238106406": {
      "maxRSS": 16500,
      "systemtime": 4709,
      "usertime": 0
     },
     "17238107512": {
      "maxRSS": 16500,
      "systemtime": 4720,
      "usertime": 0
     },
     "17238108326": {
      "maxRSS": 16500,
      "systemtime": 4720,
      "usertime": 1962
     },
     "17238108746": {
      "maxRSS": 16500,
      "systemtime": 4720,
      "usertime": 2384
     },
     "17238109572": {
      "maxRSS": 16500,
      "systemtime": 4720,
      "usertime": 3222
     },
     "17238110689": {
      "maxRSS": 16500,
      "systemtime": 4720,
      "usertime": 3253
     },
     "17238111792": {
      "maxRSS": 16500,
      "systemtime": 4720,
      "usertime": 3264
     },
     "17238112812": {
      "maxRSS": 16500,
      "systemtime": 4720,
      "usertime": 6555
     },
     "17238113932": {
      "maxRSS": 16500,
      "systemtime": 4720,
      "usertime": 6581
     },
     "17238114158": {
      "maxRSS": 16500,
      "systemtime": 4720,
      "usertime": 7933
     },
     "17238115255": {
      "maxRSS": 16500,
      "systemtime": 4720,
      "usertime": 7940
     },
     "17238116357": {
      "maxRSS": 16500,
      "systemtime": 4720,
      "usertime": 9805
     },
     "17238117461": {
      "maxRSS": 16500,
      "systemtime": 4720,
      "usertime": 9817
     },
     "17238118559": {
      "maxRSS": 16500,
      "systemtime": 4720,
      "usertime": 9824
     },
     "17238119684": {
      "maxRSS": 16500,
      "systemtime": 4720,
      "usertime": 9845
     },
     "17238120761": {
      "maxRSS": 16500,
      "systemtime": 4720,
      "usertime": 13847
     },
     "17238121144": {
      "maxRSS": 16500,
      "systemtime": 4720,
      "usertime": 14994
     },
     "17238122220": {
      "maxRSS": 16500,
      "systemtime": 4720,
      "usertime": 15015
     },
     "17238123350": {
      "maxRSS": 16500,
      "systemtime": 4720,
      "usertime": 15044
     },
     "17238124107": {
      "maxRSS": 16500,
      "systemtime": 4720,
      "usertime": 18012
     },
     "17238125179": {
      "maxRSS": 16500,
      "systemtime": 4720,
      "usertime": 18024
     },
     "17238126269": {
      "maxRSS": 16500,
      "systemtime": 4720,
      "usertime": 18035
     },
     "17238127379": {
      "maxRSS": 16500,
      "systemtime": 4720,
      "usertime": 18057
     },
     "17238128477": {
      "maxRSS": 16500,
      "systemtime": 4720,
      "usertime": 21967
     },
     "17238129579": {
      "maxRSS": 16500,
      "systemtime": 4720,
      "usertime": 21979
     },
     "17238130691": {
      "maxRSS": 16500,
      "systemtime": 4720,
      "usertime": 21998
     },
     "17238131803": {
      "maxRSS": 16500,
      "systemtime": 4720,
      "usertime": 22019
     },
     "17238132908": {
      "maxRSS": 16500,
      "systemtime": 4720,
      "usertime": 26026
     },
     "17238134010": {
      "maxRSS": 16500,
      "systemtime": 4720,
      "usertime": 26037
     },
     "17238135111": {
      "maxRSS": 16500,
      "systemtime": 4720,
      "usertime": 26047
     },
     "17238136189": {
      "maxRSS": 16500,
      "systemtime": 4720,
      "usertime": 30065
     },
     "17238137281": {
      "maxRSS": 16500,
      "systemtime": 4720,
      "usertime": 30079
     },
     "17238138367": {
      "maxRSS": 16500,
      "systemtime": 4720,
      "usertime": 30093
     },
     "17238139075": {
      "maxRSS": 16500,
      "systemtime": 4720,
      "usertime": 33173
     },
     "17238139102": {
      "maxRSS": 16500,
      "systemtime": 4720,
      "usertime": 33200
     },
     "17238140178": {
      "maxRSS": 16500,
      "systemtime": 4720,
      "usertime": 34129
     },
     "17238141255": {
      "maxRSS": 16500,
      "systemtime": 4720,
      "usertime": 34145
     },
     "17238142329": {
      "maxRSS": 16756,
      "systemtime": 4720,
      "usertime": 34159
     },
     "17238143421": {
      "maxRSS": 17012,
      "systemtime": 4720,
      "usertime": 34173
     },
     "17238144534": {
      "maxRSS": 17268,
      "systemtime": 4720,
      "usertime": 38197
     },
     "17238144981": {
      "maxRSS": 17396,
      "systemtime": 4720,
      "usertime": 39186
     },
     "17238146086": {
      "maxRSS": 17396,
      "systemtime": 4720,
      "usertime": 39209
     },
     "17238147203": {
      "maxRSS": 17396,
      "systemtime": 4720,
      "usertime": 39247
     },
     "17238148289": {
      "maxRSS": 17396,
      "systemtime": 4720,
      "usertime": 42302
     },
     "17238149369": {
      "maxRSS": 17396,
      "systemtime": 4720,
      "usertime": 42318
     },
     "17238150446": {
      "maxRSS": 17396,
      "systemtime": 4720,
      "usertime": 42333
     },
     "17238151528": {
      "maxRSS": 17396,
      "systemtime": 4720,
      "usertime": 42349
     },
     "17238152695": {
      "maxRSS": 17524,
      "systemtime": 4720,
      "usertime": 46372
     },
     "17238153924": {
      "maxRSS": 17524,
      "systemtime": 4720,
      "usertime": 46399
     },
     "17238155085": {
      "maxRSS": 17652,
      "systemtime": 4720,
      "usertime": 46439
     },
     "17238156186": {
      "maxRSS": 17652,
      "systemtime": 4720,
      "usertime": 50477
     },
     "17238157295": {
      "maxRSS": 17780,
      "systemtime": 4720,
      "usertime": 50507
     },
     "17238158431": {
      "maxRSS": 17908,
      "systemtime": 4720,
      "usertime": 50529
     },
     "17238159517": {
      "maxRSS": 17908,
      "systemtime": 4720,
      "usertime": 50546
     },
     "17238160609": {
      "maxRSS": 18036,
      "systemtime": 4720,
      "usertime": 54566
     },
     "17238161724": {
      "maxRSS": 18164,
      "systemtime": 4720,
      "usertime": 54601
     },
     "17238162805": {
      "maxRSS": 18292,
      "systemtime": 4720,
      "usertime": 54623
     },
     "17238163912": {
      "maxRSS": 18292,
      "systemtime": 4720,
      "usertime": 54639
     },
     "17238165068": {
      "maxRSS": 18420,
      "systemtime": 4720,
      "usertime": 58663
     },
     "17238166161": {
      "maxRSS": 18548,
      "systemtime": 4720,
      "usertime": 58679
     },
     "17238167239": {
      "maxRSS": 18676,
      "systemtime": 4720,
      "usertime": 58693
     },
     "17238168312": {
      "maxRSS": 18676,
      "systemtime": 4720,
      "usertime": 62693
     },
     "17238169380": {
      "maxRSS": 18804,
      "systemtime": 4720,
      "usertime": 62703
     },
     "17238170456": {
      "maxRSS": 18932,
      "systemtime": 4720,
      "usertime": 62714
     },
     "17238171526": {
      "maxRSS": 19060,
      "systemtime": 4720,
      "usertime": 62726
     },
     "17238172598": {
      "maxRSS": 19060,
      "systemtime": 4720,
      "usertime": 66737
     },
     "17238173707": {
      "maxRSS": 19188,
      "systemtime": 4720,
      "usertime": 66770
     },
     "17238174784": {
      "maxRSS": 19316,
      "systemtime": 4720,
      "usertime": 66784
     },
     "17238175865": {
      "maxRSS": 19444,
      "systemtime": 4720,
      "usertime": 66808
     },
     "17238176951": {
      "maxRSS": 19572,
      "systemtime": 4720,
      "usertime": 70830
     },
     "17238177948": {
      "maxRSS": 19572,
      "systemtime": 4720,
      "usertime": 72779
     },
     "17238178026": {
      "maxRSS": 19572,
      "systemtime": 4720,
      "usertime": 72851
     },
     "17238179091": {
      "maxRSS": 19956,
      "systemtime": 4720,
      "usertime": 72858
     },
     "17238180164": {
      "maxRSS": 20212,
      "systemtime": 4720,
      "usertime": 74862
     },
     "17238181267": {
      "maxRSS": 20468,
      "systemtime": 4720,
      "usertime": 74875
     },
     "17238182366": {
      "maxRSS": 20852,
      "systemtime": 4720,
      "usertime": 74882
     },
     "17238183465": {
      "maxRSS": 21108,
      "systemtime": 4720,
      "usertime": 74892
     },
     "17238184567": {
      "maxRSS": 21364,
      "systemtime": 4720,
      "usertime": 78901
     },
     "17238185632": {
      "maxRSS": 21748,
      "systemtime": 4720,
      "usertime": 78908
     },
     "17238186713": {
      "maxRSS": 22004,
      "systemtime": 4720,
      "usertime": 78917
     },
     "17238187824": {
      "maxRSS": 22388,
      "systemtime": 4720,
      "usertime": 78942
     },
     "17238188924": {
      "maxRSS": 22644,
      "systemtime": 4720,
      "usertime": 82952
     },
     "17238189020": {
      "maxRSS": 22644,
      "systemtime": 4720,
      "usertime": 83975
     },
     "17238190104": {
      "maxRSS": 22644,
      "systemtime": 4720,
      "usertime": 83988
     },
     "17238191196": {
      "maxRSS": 22644,
      "systemtime": 4720,
      "usertime": 84001
     },
     "17238192268": {
      "maxRSS": 22644,
      "systemtime": 4720,
      "usertime": 87005
     },
     "17238193376": {
      "maxRSS": 22644,
      "systemtime": 4720,
      "usertime": 87020
     },
     "17238194443": {
      "maxRSS": 22644,
      "systemtime": 4720,
      "usertime": 87029
     },
     "17238195507": {
      "maxRSS": 22644,
      "systemtime": 4720,
      "usertime": 87037
     },
     "17238196583": {
      "maxRSS": 22644,
      "systemtime": 4720,
      "usertime": 91045
     },
     "17238197670": {
      "maxRSS": 22644,
      "systemtime": 4720,
      "usertime": 91063
     },
     "17238198758": {
      "maxRSS": 22644,
      "systemtime": 4720,
      "usertime": 91084
     },
     "17238199929": {
      "maxRSS": 22644,
      "systemtime": 4720,
      "usertime": 91100
     },
     "17238201051": {
      "maxRSS": 22644,
      "systemtime": 4720,
      "usertime": 95145
     },
     "17238202221": {
      "maxRSS": 22644,
      "systemtime": 4720,
      "usertime": 95162
     },
     "17238203401": {
      "maxRSS": 22644,
      "systemtime": 4720,
      "usertime": 95179
     },
     "17238204594": {
      "maxRSS": 22772,
      "systemtime": 4720,
      "usertime": 99178
     },
     "17238205774": {
      "maxRSS": 22772,
      "systemtime": 4720,
      "usertime": 99194
     },
     "17238206951": {
      "maxRSS": 22900,
      "systemtime": 4720,
      "usertime": 99211
     },
     "17238208138": {
      "maxRSS": 23028,
      "systemtime": 4720,
      "usertime": 103230
     },
     "17238209327": {
      "maxRSS": 23156,
      "systemtime": 4720,
      "usertime": 103246
     },
     "17238210409": {
      "maxRSS": 23284,
      "systemtime": 4720,
      "usertime": 103262
     },
     "17238211590": {
      "maxRSS": 23412,
      "systemtime": 4720,
      "usertime": 103278
     },
     "17238212668": {
      "maxRSS": 23412,
      "systemtime": 4720,
      "usertime": 107291
     },
     "17238213748": {
      "maxRSS": 23540,
      "systemtime": 4720,
      "usertime": 107307
     },
     "17238214833": {
      "maxRSS": 23668,
      "systemtime": 4720,
      "usertime": 107327
     },
     "17238215906": {
      "maxRSS": 23796,
      "systemtime": 4720,
      "usertime": 107339
     },
     "17238216974": {
      "maxRSS": 23924,
      "systemtime": 4720,
      "usertime": 111349
     },
     "17238218047": {
      "maxRSS": 23924,
      "systemtime": 4720,
      "usertime": 111360
     },
     "17238219115": {
      "maxRSS": 24052,
      "systemtime": 4720,
      "usertime": 111370
     },
     "17238220184": {
      "maxRSS": 24180,
      "systemtime": 4720,
      "usertime": 115380
     },
     "17238221255": {
      "maxRSS": 24308,
      "systemtime": 4720,
      "usertime": 115394
     },
     "17238222336": {
      "maxRSS": 24308,
      "systemtime": 4720,
      "usertime": 115404
     },
     "17238223420": {
      "maxRSS": 24436,
      "systemtime": 4720,
      "usertime": 115421
     },
     "17238224508": {
      "maxRSS": 24564,
      "systemtime": 4720,
      "usertime": 119494
     },
     "17238225586": {
      "maxRSS": 24692,
      "systemtime": 4720,
      "usertime": 119509
     },
     "17238226657": {
      "maxRSS": 24692,
      "systemtime": 4720,
      "usertime": 119521
     },
     "17238227754": {
      "maxRSS": 24820,
      "systemtime": 4720,
      "usertime": 119533
     },
     "17238228829": {
      "maxRSS": 24948,
      "systemtime": 4720,
      "usertime": 123500
     },
     "17238229943": {
      "maxRSS": 25076,
      "systemtime": 4720,
      "usertime": 123514
     },
     "17238231023": {
      "maxRSS": 25076,
      "systemtime": 4720,
      "usertime": 123530
     },
     "17238232104": {
      "maxRSS": 25204,
      "systemtime": 4720,
      "usertime": 127546
     },
     "17238233248": {
      "maxRSS": 25332,
      "systemtime": 4720,
      "usertime": 127565
     },
     "17238234326": {
      "maxRSS": 25460,
      "systemtime": 4720,
      "usertime": 127580
     },
     "17238235450": {
      "maxRSS": 25588,
      "systemtime": 4720,
      "usertime": 127599
     },
     "17238236564": {
      "maxRSS": 25588,
      "systemtime": 4720,
      "usertime": 131610
     },
     "17238237635": {
      "maxRSS": 25716,
      "systemtime": 4720,
      "usertime": 131617
     },
     "17238238708": {
      "maxRSS": 25844,
      "systemtime": 4720,
      "usertime": 131628
     },
     "17238239791": {
      "maxRSS": 25972,
      "systemtime": 4720,
      "usertime": 131645
     },
     "17238240870": {
      "maxRSS": 26100,
      "systemtime": 4720,
      "usertime": 135660
     },
     "17238241972": {
      "maxRSS": 26100,
      "systemtime": 4720,
      "usertime": 135687
     },
     "17238243076": {
      "maxRSS": 26100,
      "systemtime": 4720,
      "usertime": 135712
     },
     "17238244175": {
      "maxRSS": 26100,
      "systemtime": 4720,
      "usertime": 139785
     },
     "17238245292": {
      "maxRSS": 26228,
      "systemtime": 4720,
      "usertime": 139819
     },
     "17238246461": {
      "maxRSS": 26356,
      "systemtime": 4720,
      "usertime": 139856
     },
     "17238247554": {
      "maxRSS": 26356,
      "systemtime": 4720,
      "usertime": 139883
     },
     "17238248653": {
      "maxRSS": 26484,
      "systemtime": 4720,
      "usertime": 143883
     },
     "17238249742": {
      "maxRSS": 26612,
      "systemtime": 4720,
      "usertime": 143903
     },
     "17238250834": {
      "maxRSS": 26740,
      "systemtime": 4720,
      "usertime": 143925
     },
     "17238251925": {
      "maxRSS": 26740,
      "systemtime": 4720,
      "usertime": 143946
     },
     "17238253084": {
      "maxRSS": 26868,
      "systemtime": 4720,
      "usertime": 147964
     },
     "17238254155": {
      "maxRSS": 26996,
      "systemtime": 4720,
      "usertime": 149981
     },
     "17238254260": {
      "maxRSS": 26996,
      "systemtime": 4720,
      "usertime": 150234
     },
     "17238254432": {
      "maxRSS": 26996,
      "systemtime": 4720,
      "usertime": 150406
     },
     "17238255510": {
      "maxRSS": 27252,
      "systemtime": 4720,
      "usertime": 150421
     },
     "17238256627": {
      "maxRSS": 27508,
      "systemtime": 4720,
      "usertime": 152036
     },
     "17238257705": {
      "maxRSS": 27892,
      "systemtime": 4720,
      "usertime": 152049
     },
     "17238258788": {
      "maxRSS": 28148,
      "systemtime": 4720,
      "usertime": 152066
     },
     "17238259870": {
      "maxRSS": 28404,
      "systemtime": 4720,
      "usertime": 152082
     },
     "17238260960": {
      "maxRSS": 28660,
      "systemtime": 4720,
      "usertime": 156099
     },
     "17238262036": {
      "maxRSS": 29044,
      "systemtime": 4720,
      "usertime": 156113
     },
     "17238263118": {
      "maxRSS": 29300,
      "systemtime": 4720,
      "usertime": 156127
     },
     "17238264213": {
      "maxRSS": 29556,
      "systemtime": 4720,
      "usertime": 160161
     },
     "17238265309": {
      "maxRSS": 29812,
      "systemtime": 4720,
      "usertime": 160188
     },
     "17238266403": {
      "maxRSS": 30068,
      "systemtime": 4720,
      "usertime": 160213
     },
     "17238267531": {
      "maxRSS": 30452,
      "systemtime": 4720,
      "usertime": 160242
     },
     "17238268616": {
      "maxRSS": 30708,
      "systemtime": 4720,
      "usertime": 164251
     },
     "17238269731": {
      "maxRSS": 30964,
      "systemtime": 4720,
      "usertime": 164271
     },
     "17238270839": {
      "maxRSS": 31348,
      "systemtime": 4720,
      "usertime": 164285
     },
     "17238271939": {
      "maxRSS": 31604,
      "systemtime": 4720,
      "usertime": 164304
     },
     "17238273020": {
      "maxRSS": 31860,
      "systemtime": 4720,
      "usertime": 168320
     },
     "17238274104": {
      "maxRSS": 32116,
      "systemtime": 4720,
      "usertime": 168341
     },
     "17238275183": {
      "maxRSS": 32372,
      "systemtime": 4720,
      "usertime": 168362
     },
     "17238276270": {
      "maxRSS": 32628,
      "systemtime": 4720,
      "usertime": 172380
     },
     "17238276537": {
      "maxRSS": 32628,
      "systemtime": 4720,
      "usertime": 172918
     },
     "17238277621": {
      "maxRSS": 32628,
      "systemtime": 4720,
      "usertime": 172932
     },
     "17238278711": {
      "maxRSS": 32628,
      "systemtime": 4720,
      "usertime": 172959
     },
     "17238279866": {
      "maxRSS": 32628,
      "systemtime": 4720,
      "usertime": 172995
     },
     "17238280992": {
      "maxRSS": 32628,
      "systemtime": 4720,
      "usertime": 176501
     },
     "17238282075": {
      "maxRSS": 32628,
      "systemtime": 4720,
      "usertime": 176519
     },
     "17238283201": {
      "maxRSS": 32628,
      "systemtime": 4720,
      "usertime": 176542
     },
     "17238284279": {
      "maxRSS": 32628,
      "systemtime": 4720,
      "usertime": 180555
     },
     "17238285393": {
      "maxRSS": 32628,
      "systemtime": 4720,
      "usertime": 180570
     },
     "17238286467": {
      "maxRSS": 32628,
      "systemtime": 4720,
      "usertime": 180584
     },
     "17238287545": {
      "maxRSS": 32628,
      "systemtime": 4720,
      "usertime": 180604
     },
     "17238288619": {
      "maxRSS": 32628,
      "systemtime": 4720,
      "usertime": 184614
     },
     "17238289697": {
      "maxRSS": 32628,
      "systemtime": 4720,
      "usertime": 184628
     },
     "17238290809": {
      "maxRSS": 32628,
      "systemtime": 4720,
      "usertime": 184642
     },
     "17238291893": {
      "maxRSS": 32628,
      "systemtime": 4720,
      "usertime": 184657
     },
     "17238292961": {
      "maxRSS": 32628,
      "systemtime": 4720,
      "usertime": 188668
     },
     "17238294038": {
      "maxRSS": 32756,
      "systemtime": 4720,
      "usertime": 188686
     },
     "17238295119": {
      "maxRSS": 32756,
      "systemtime": 4720,
      "usertime": 188700
     },
     "17238296196": {
      "maxRSS": 32756,
      "systemtime": 4720,
      "usertime": 192720
     },
     "17238297312": {
      "maxRSS": 32756,
      "systemtime": 4720,
      "usertime": 192737
     },
     "17238298391": {
      "maxRSS": 32756,
      "systemtime": 4720,
      "usertime": 192754
     },
     "17238299534": {
      "maxRSS": 32756,
      "systemtime": 4720,
      "usertime": 192775
     },
     "17238300655": {
      "maxRSS": 32756,
      "systemtime": 4720,
      "usertime": 196805
     },
     "17238301766": {
      "maxRSS": 32756,
      "systemtime": 4720,
      "usertime": 196821
     },
     "17238302875": {
      "maxRSS": 32756,
      "systemtime": 4720,
      "usertime": 196838
     },
     "17238303980": {
      "maxRSS": 32756,
      "systemtime": 4720,
      "usertime": 196850
     },
     "17238305055": {
      "maxRSS": 32756,
      "systemtime": 4720,
      "usertime": 200858
     },
     "17238306151": {
      "maxRSS": 32756,
      "systemtime": 4720,
      "usertime": 200874
     },
     "17238307221": {
      "maxRSS": 32756,
      "systemtime": 4720,
      "usertime": 200885
     },
     "17238308299": {
      "maxRSS": 32756,
      "systemtime": 4720,
      "usertime": 204899
     },
     "17238309371": {
      "maxRSS": 32884,
      "systemtime": 4720,
      "usertime": 204911
     },
     "17238310456": {
      "maxRSS": 32884,
      "systemtime": 4720,
      "usertime": 204928
     },
     "17238311564": {
      "maxRSS": 33012,
      "systemtime": 4720,
      "usertime": 204942
     },
     "17238312662": {
      "maxRSS": 33140,
      "systemtime": 4720,
      "usertime": 208950
     },
     "17238313739": {
      "maxRSS": 33268,
      "systemtime": 4720,
      "usertime": 208962
     },
     "17238314870": {
      "maxRSS": 33396,
      "systemtime": 4720,
      "usertime": 208997
     },
     "17238316024": {
      "maxRSS": 33396,
      "systemtime": 4720,
      "usertime": 213015
     },
     "17238317132": {
      "maxRSS": 33524,
      "systemtime": 4720,
      "usertime": 213029
     },
     "17238318205": {
      "maxRSS": 33652,
      "systemtime": 4720,
      "usertime": 213042
     },
     "17238319320": {
      "maxRSS": 33780,
      "systemtime": 4720,
      "usertime": 213070
     },
     "17238320403": {
      "maxRSS": 33780,
      "systemtime": 4720,
      "usertime": 217090
     },
     "17238321499": {
      "maxRSS": 33908,
      "systemtime": 4720,
      "usertime": 217120
     },
     "17238322602": {
      "maxRSS": 34036,
      "systemtime": 4720,
      "usertime": 217139
     },
     "17238323691": {
      "maxRSS": 34164,
      "systemtime": 4720,
      "usertime": 217155
     },
     "17238324807": {
      "maxRSS": 34292,
      "systemtime": 4720,
      "usertime": 221189
     },
     "17238325926": {
      "maxRSS": 34292,
      "systemtime": 4720,
      "usertime": 221227
     },
     "17238327026": {
      "maxRSS": 34420,
      "systemtime": 4720,
      "usertime": 221236
     },
     "17238328062": {
      "maxRSS": 34548,
      "systemtime": 4720,
      "usertime": 225252
     },
     "17238329163": {
      "maxRSS": 34676,
      "systemtime": 4720,
      "usertime": 225261
     },
     "17238330235": {
      "maxRSS": 34676,
      "systemtime": 4720,
      "usertime": 225270
     },
     "17238331321": {
      "maxRSS": 34804,
      "systemtime": 4720,
      "usertime": 225287
     },
     "17238332430": {
      "maxRSS": 34932,
      "systemtime": 8069,
      "usertime": 225954
     },
     "17238333542": {
      "maxRSS": 35060,
      "systemtime": 8070,
      "usertime": 225970
     },
     "17238334644": {
      "maxRSS": 35060,
      "systemtime": 8070,
      "usertime": 225979
     },
     "17238335756": {
      "maxRSS": 35188,
      "systemtime": 8071,
      "usertime": 225998
     },
     "17238336857": {
      "maxRSS": 35316,
      "systemtime": 8071,
      "usertime": 230005
     },
     "17238337956": {
      "maxRSS": 35444,
      "systemtime": 8071,
      "usertime": 230012
     },
     "17238339038": {
      "maxRSS": 35572,
      "systemtime": 8071,
      "usertime": 230026
     },
     "17238340114": {
      "maxRSS": 35572,
      "systemtime": 8071,
      "usertime": 234044
     },
     "17238341225": {
      "maxRSS": 35700,
      "systemtime": 8071,
      "usertime": 234064
     },
     "17238342355": {
      "maxRSS": 35828,
      "systemtime": 8072,
      "usertime": 234101
     },
     "17238343431": {
      "maxRSS": 35956,
      "systemtime": 8072,
      "usertime": 234116
     },
     "17238344514": {
      "maxRSS": 35956,
      "systemtime": 8072,
      "usertime": 238134
     },
     "17238345597": {
      "maxRSS": 36084,
      "systemtime": 8072,
      "usertime": 238151
     },
     "17238346703": {
      "maxRSS": 36212,
      "systemtime": 8073,
      "usertime": 238173
     },
     "17238347809": {
      "maxRSS": 36212,
      "systemtime": 8074,
      "usertime": 238198
     },
     "17238348935": {
      "maxRSS": 36340,
      "systemtime": 8075,
      "usertime": 242260
     },
     "17238350020": {
      "maxRSS": 36468,
      "systemtime": 8076,
      "usertime": 242281
     },
     "17238351128": {
      "maxRSS": 36596,
      "systemtime": 8077,
      "usertime": 242318
     },
     "17238352212": {
      "maxRSS": 36596,
      "systemtime": 8077,
      "usertime": 246328
     },
     "17238353280": {
      "maxRSS": 36724,
      "systemtime": 8077,
      "usertime": 246339
     },
     "17238354381": {
      "maxRSS": 36852,
      "systemtime": 8077,
      "usertime": 246347
     },
     "17238355474": {
      "maxRSS": 36980,
      "systemtime": 8077,
      "usertime": 246375
     },
     "17238356554": {
      "maxRSS": 36980,
      "systemtime": 8077,
      "usertime": 250391
     },
     "17238357685": {
      "maxRSS": 37108,
      "systemtime": 8077,
      "usertime": 250412
     },
     "17238358801": {
      "maxRSS": 37236,
      "systemtime": 8078,
      "usertime": 250436
     },
     "17238359873": {
      "maxRSS": 37364,
      "systemtime": 8078,
      "usertime": 250446
     },
     "17238360947": {
      "maxRSS": 37364,
      "systemtime": 8078,
      "usertime": 254459
     },
     "17238362049": {
      "maxRSS": 37492,
      "systemtime": 8078,
      "usertime": 254469
     },
     "17238363149": {
      "maxRSS": 37620,
      "systemtime": 8079,
      "usertime": 254499
     },
     "17238364240": {
      "maxRSS": 37748,
      "systemtime": 8079,
      "usertime": 258523
     },
     "17238365326": {
      "maxRSS": 37748,
      "systemtime": 8079,
      "usertime": 258544
     },
     "17238366475": {
      "maxRSS": 37876,
      "systemtime": 8080,
      "usertime": 258568
     },
     "17238367550": {
      "maxRSS": 38004,
      "systemtime": 8080,
      "usertime": 258581
     },
     "17238368667": {
      "maxRSS": 38132,
      "systemtime": 8080,
      "usertime": 262606
     },
     "17238369788": {
      "maxRSS": 38132,
      "systemtime": 8081,
      "usertime": 262635
     },
     "17238370885": {
      "maxRSS": 38260,
      "systemtime": 8081,
      "usertime": 262642
     },
     "17238371966": {
      "maxRSS": 38388,
      "systemtime": 8081,
      "usertime": 262655
     },
     "17238373087": {
      "maxRSS": 38516,
      "systemtime": 8081,
      "usertime": 266682
     },
     "17238374258": {
      "maxRSS": 38644,
      "systemtime": 8081,
      "usertime": 266701
     },
     "17238375456": {
      "maxRSS": 38644,
      "systemtime": 8082,
      "usertime": 266716
     },
     "17238376542": {
      "maxRSS": 38772,
      "systemtime": 8082,
      "usertime": 270748
     },
     "17238377613": {
      "maxRSS": 38900,
      "systemtime": 8082,
      "usertime": 270761
     },
     "17238378753": {
      "maxRSS": 39028,
      "systemtime": 8083,
      "usertime": 270782
     },
     "17238379833": {
      "maxRSS": 39028,
      "systemtime": 8083,
      "usertime": 270797
     },
     "17238380913": {
      "maxRSS": 39156,
      "systemtime": 8083,
      "usertime": 274836
     },
     "17238381998": {
      "maxRSS": 39284,
      "systemtime": 8083,
      "usertime": 274853
     },
     "17238383113": {
      "maxRSS": 39412,
      "systemtime": 8084,
      "usertime": 274887
     },
     "17238384186": {
      "maxRSS": 39412,
      "systemtime": 8084,
      "usertime": 278876
     },
     "17238385252": {
      "maxRSS": 39540,
      "systemtime": 8084,
      "usertime": 278885
     },
     "17238386317": {
      "maxRSS": 39668,
      "systemtime": 8084,
      "usertime": 278892
     },
     "17238387381": {
      "maxRSS": 39796,
      "systemtime": 8084,
      "usertime": 278899
     },
     "17238388451": {
      "maxRSS": 39796,
      "systemtime": 8084,
      "usertime": 282906
     },
     "17238389530": {
      "maxRSS": 39924,
      "systemtime": 8084,
      "usertime": 282926
     },
     "17238390668": {
      "maxRSS": 40052,
      "systemtime": 8084,
      "usertime": 282952
     },
     "17238391768": {
      "maxRSS": 40180,
      "systemtime": 8084,
      "usertime": 282962
     },
     "17238392865": {
      "maxRSS": 40180,
      "systemtime": 8084,
      "usertime": 286969
     },
     "17238393987": {
      "maxRSS": 40308,
      "systemtime": 8084,
      "usertime": 286982
     },
     "17238395115": {
      "maxRSS": 40436,
      "systemtime": 8084,
      "usertime": 286999
     },
     "17238396191": {
      "maxRSS": 40436,
      "systemtime": 8085,
      "usertime": 291074
     },
     "17238397278": {
      "maxRSS": 40564,
      "systemtime": 8086,
      "usertime": 291101
     },
     "17238398383": {
      "maxRSS": 40564,
      "systemtime": 8139,
      "usertime": 293009
     },
     "17238398542": {
      "maxRSS": 40564,
      "systemtime": 8153,
      "usertime": 293532
     },
     "17238398931": {
      "maxRSS": 40692,
      "systemtime": 8163,
      "usertime": 293874
     },
     "17238400047": {
      "maxRSS": 40948,
      "systemtime": 8163,
      "usertime": 295028
     },
     "17238401124": {
      "maxRSS": 41204,
      "systemtime": 8163,
      "usertime": 295045
     },
     "17238402213": {
      "maxRSS": 41588,
      "systemtime": 8163,
      "usertime": 295072
     },
     "17238403287": {
      "maxRSS": 41844,
      "systemtime": 8163,
      "usertime": 295084
     },
     "17238404361": {
      "maxRSS": 42100,
      "systemtime": 8163,
      "usertime": 299092
     },
     "17238405438": {
      "maxRSS": 42484,
      "systemtime": 8163,
      "usertime": 299106
     },
     "17238406550": {
      "maxRSS": 42740,
      "systemtime": 8163,
      "usertime": 299130
     },
     "17238407649": {
      "maxRSS": 42996,
      "systemtime": 8163,
      "usertime": 299140
     },
     "17238408773": {
      "maxRSS": 43380,
      "systemtime": 8163,
      "usertime": 303177
     },
     "17238409871": {
      "maxRSS": 43636,
      "systemtime": 8163,
      "usertime": 303185
     },
     "17238410972": {
      "maxRSS": 43892,
      "systemtime": 8163,
      "usertime": 303197
     },
     "17238412017": {
      "maxRSS": 44148,
      "systemtime": 12129,
      "usertime": 303243
     },
     "17238413090": {
      "maxRSS": 44532,
      "systemtime": 12130,
      "usertime": 303253
     },
     "17238414166": {
      "maxRSS": 44788,
      "systemtime": 12130,
      "usertime": 303265
     },
     "17238415249": {
      "maxRSS": 45044,
      "systemtime": 12131,
      "usertime": 303282
     },
     "17238416321": {
      "maxRSS": 45428,
      "systemtime": 12131,
      "usertime": 307297
     },
     "17238417432": {
      "maxRSS": 45684,
      "systemtime": 12131,
      "usertime": 307317
     },
     "17238418572": {
      "maxRSS": 45940,
      "systemtime": 12131,
      "usertime": 307343
     },
     "17238419674": {
      "maxRSS": 46324,
      "systemtime": 12132,
      "usertime": 307354
     },
     "17238420765": {
      "maxRSS": 46580,
      "systemtime": 12132,
      "usertime": 311366
     },
     "17238421849": {
      "maxRSS": 46836,
      "systemtime": 12132,
      "usertime": 311381
     },
     "17238422964": {
      "maxRSS": 47220,
      "systemtime": 12133,
      "usertime": 311416
     },
     "17238424046": {
      "maxRSS": 47476,
      "systemtime": 12133,
      "usertime": 315462
     },
     "17238425162": {
      "maxRSS": 47732,
      "systemtime": 12133,
      "usertime": 315479
     },
     "17238426272": {
      "maxRSS": 47988,
      "systemtime": 12134,
      "usertime": 315491
     },
     "17238427344": {
      "maxRSS": 48372,
      "systemtime": 12134,
      "usertime": 315499
     },
     "17238428411": {
      "maxRSS": 48628,
      "systemtime": 12134,
      "usertime": 319486
     },
     "17238429490": {
      "maxRSS": 48884,
      "systemtime": 12134,
      "usertime": 319508
     },
     "17238430574": {
      "maxRSS": 49140,
      "systemtime": 12134,
      "usertime": 319522
     },
     "17238431690": {
      "maxRSS": 49524,
      "systemtime": 12134,
      "usertime": 319545
     },
     "17238432808": {
      "maxRSS": 49780,
      "systemtime": 16162,
      "usertime": 319545
     },
     "17238433915": {
      "maxRSS": 50036,
      "systemtime": 16176,
      "usertime": 319545
     },
     "17238435013": {
      "maxRSS": 50420,
      "systemtime": 16180,
      "usertime": 319556
     },
     "17238436077": {
      "maxRSS": 50676,
      "systemtime": 16180,
      "usertime": 323594
     },
     "17238437200": {
      "maxRSS": 50932,
      "systemtime": 16180,
      "usertime": 323619
     },
     "17238438293": {
      "maxRSS": 50932,
      "systemtime": 16270,
      "usertime": 325400
     },
     "17238438683": {
      "maxRSS": 50932,
      "systemtime": 16309,
      "usertime": 326198
     },
     "17238439774": {
      "maxRSS": 50932,
      "systemtime": 16310,
      "usertime": 326218
     },
     "17238440865": {
      "maxRSS": 50932,
      "systemtime": 16310,
      "usertime": 327583
     },
     "17238441975": {
      "maxRSS": 50932,
      "systemtime": 16310,
      "usertime": 327633
     },
     "17238443072": {
      "maxRSS": 50932,
      "systemtime": 16310,
      "usertime": 327653
     },
     "17238444148": {
      "maxRSS": 50932,
      "systemtime": 16310,
      "usertime": 331669
     },
     "17238445239": {
      "maxRSS": 50932,
      "systemtime": 16310,
      "usertime": 331684
     },
     "17238446314": {
      "maxRSS": 50932,
      "systemtime": 16310,
      "usertime": 331698
     },
     "17238447394": {
      "maxRSS": 50932,
      "systemtime": 16310,
      "usertime": 331712
     },
     "17238448479": {
      "maxRSS": 50932,
      "systemtime": 16310,
      "usertime": 335724
     },
     "17238449573": {
      "maxRSS": 50932,
      "systemtime": 16310,
      "usertime": 335760
     },
     "17238450650": {
      "maxRSS": 50932,
      "systemtime": 16310,
      "usertime": 335773
     },
     "17238451741": {
      "maxRSS": 50932,
      "systemtime": 16310,
      "usertime": 335789
     },
     "17238452836": {
      "maxRSS": 50932,
      "systemtime": 16310,
      "usertime": 339802
     },
     "17238453960": {
      "maxRSS": 50932,
      "systemtime": 16310,
      "usertime": 339830
     },
     "17238455064": {
      "maxRSS": 50932,
      "systemtime": 16310,
      "usertime": 339857
     },
     "17238456150": {
      "maxRSS": 50932,
      "systemtime": 16310,
      "usertime": 343884
     },
     "17238457258": {
      "maxRSS": 50932,
      "systemtime": 16310,
      "usertime": 343900
     },
     "17238458332": {
      "maxRSS": 50932,
      "systemtime": 16310,
      "usertime": 343914
     },
     "17238459427": {
      "maxRSS": 50932,
      "systemtime": 16310,
      "usertime": 343927
     },
     "17238460506": {
      "maxRSS": 50932,
      "systemtime": 16310,
      "usertime": 347948
     },
     "17238461598": {
      "maxRSS": 50932,
      "systemtime": 16310,
      "usertime": 347964
     },
     "17238462692": {
      "maxRSS": 50932,
      "systemtime": 16310,
      "usertime": 347995
     },
     "17238463773": {
      "maxRSS": 50932,
      "systemtime": 16310,
      "usertime": 348012
     },
     "17238464855": {
      "maxRSS": 50932,
      "systemtime": 16310,
      "usertime": 352031
     },
     "17238465933": {
      "maxRSS": 50932,
      "systemtime": 16310,
      "usertime": 352046
     },
     "17238467008": {
      "maxRSS": 50932,
      "systemtime": 16310,
      "usertime": 352061
     },
     "17238468080": {
      "maxRSS": 50932,
      "systemtime": 16310,
      "usertime": 356069
     },
     "17238469181": {
      "maxRSS": 50932,
      "systemtime": 16310,
      "usertime": 356101
     },
     "17238470248": {
      "maxRSS": 50932,
      "systemtime": 16310,
      "usertime": 356110
     },
     "17238471313": {
      "maxRSS": 50932,
      "systemtime": 16310,
      "usertime": 356118
     },
     "17238472389": {
      "maxRSS": 50932,
      "systemtime": 16310,
      "usertime": 360127
     },
     "17238473505": {
      "maxRSS": 50932,
      "systemtime": 16310,
      "usertime": 360144
     },
     "17238474595": {
      "maxRSS": 50932,
      "systemtime": 16310,
      "usertime": 360162
     },
     "17238475681": {
      "maxRSS": 50932,
      "systemtime": 16310,
      "usertime": 360178
     },
     "17238476782": {
      "maxRSS": 50932,
      "systemtime": 16310,
      "usertime": 364214
     },
     "17238477888": {
      "maxRSS": 50932,
      "systemtime": 16310,
      "usertime": 364226
     },
     "17238478966": {
      "maxRSS": 50932,
      "systemtime": 16310,
      "usertime": 364239
     },
     "17238480055": {
      "maxRSS": 50932,
      "systemtime": 16310,
      "usertime": 368290
     },
     "17238481272": {
      "maxRSS": 50932,
      "systemtime": 16310,
      "usertime": 368330
     },
     "17238482351": {
      "maxRSS": 50932,
      "systemtime": 16310,
      "usertime": 368348
     },
     "17238483467": {
      "maxRSS": 50932,
      "systemtime": 16310,
      "usertime": 368381
     },
     "17238484587": {
      "maxRSS": 50932,
      "systemtime": 16310,
      "usertime": 372393
     },
     "17238485689": {
      "maxRSS": 50932,
      "systemtime": 16310,
      "usertime": 372404
     },
     "17238486797": {
      "maxRSS": 50932,
      "systemtime": 16310,
      "usertime": 372421
     },
     "17238487893": {
      "maxRSS": 50932,
      "systemtime": 16310,
      "usertime": 372430
     },
     "17238488970": {
      "maxRSS": 50932,
      "systemtime": 16310,
      "usertime": 376438
     },
     "17238490057": {
      "maxRSS": 50932,
      "systemtime": 16310,
      "usertime": 376465
     },
     "17238491156": {
      "maxRSS": 50932,
      "systemtime": 16310,
      "usertime": 376473
     },
     "17238492224": {
      "maxRSS": 50932,
      "systemtime": 16310,
      "usertime": 380474
     },
     "17238493289": {
      "maxRSS": 50932,
      "systemtime": 16310,
      "usertime": 380482
     },
     "17238494362": {
      "maxRSS": 50932,
      "systemtime": 16310,
      "usertime": 380494
     },
     "17238495440": {
      "maxRSS": 50932,
      "systemtime": 16310,
      "usertime": 380508
     },
     "17238496527": {
      "maxRSS": 50932,
      "systemtime": 16310,
      "usertime": 384534
     },
     "17238497644": {
      "maxRSS": 50932,
      "systemtime": 16310,
      "usertime": 384552
     },
     "17238498797": {
      "maxRSS": 50932,
      "systemtime": 16310,
      "usertime": 384573
     },
     "17238499871": {
      "maxRSS": 50932,
      "systemtime": 16310,
      "usertime": 384587
     },
     "17238500939": {
      "maxRSS": 50932,
      "systemtime": 16310,
      "usertime": 388596
     },
     "17238502009": {
      "maxRSS": 50932,
      "systemtime": 16310,
      "usertime": 388606
     },
     "17238503130": {
      "maxRSS": 50932,
      "systemtime": 16310,
      "usertime": 388627
     },
     "17238504224": {
      "maxRSS": 50932,
      "systemtime": 20246,
      "usertime": 388727
     },
     "17238505296": {
      "maxRSS": 51060,
      "systemtime": 20246,
      "usertime": 388739
     },
     "17238506380": {
      "maxRSS": 51060,
      "systemtime": 20247,
      "usertime": 388752
     },
     "17238507460": {
      "maxRSS": 51188,
      "systemtime": 20248,
      "usertime": 388768
     },
     "17238508536": {
      "maxRSS": 51316,
      "systemtime": 20248,
      "usertime": 392786
     },
     "17238509613": {
      "maxRSS": 51444,
      "systemtime": 20248,
      "usertime": 392801
     },
     "17238510699": {
      "maxRSS": 51572,
      "systemtime": 20248,
      "usertime": 392829
     },
     "17238511788": {
      "maxRSS": 51700,
      "systemtime": 20249,
      "usertime": 392845
     },
     "17238512871": {
      "maxRSS": 51828,
      "systemtime": 20249,
      "usertime": 396864
     },
     "17238513947": {
      "maxRSS": 51828,
      "systemtime": 20249,
      "usertime": 396880
     },
     "17238515028": {
      "maxRSS": 51956,
      "systemtime": 20249,
      "usertime": 396896
     },
     "17238516131": {
      "maxRSS": 52084,
      "systemtime": 20249,
      "usertime": 400911
     },
     "17238517231": {
      "maxRSS": 52212,
      "systemtime": 20249,
      "usertime": 400943
     },
     "17238518321": {
      "maxRSS": 52212,
      "systemtime": 20250,
      "usertime": 400959
     },
     "17238519434": {
      "maxRSS": 52340,
      "systemtime": 20251,
      "usertime": 400988
     },
     "17238520547": {
      "maxRSS": 52340,
      "systemtime": 20251,
      "usertime": 405031
     },
     "17238521745": {
      "maxRSS": 52340,
      "systemtime": 20252,
      "usertime": 405054
     },
     "17238522852": {
      "maxRSS": 52468,
      "systemtime": 20254,
      "usertime": 405080
     },
     "17238524164": {
      "maxRSS": 52468,
      "systemtime": 20254,
      "usertime": 409141
     },
     "17238525273": {
      "maxRSS": 52468,
      "systemtime": 20255,
      "usertime": 409170
     },
     "17238526378": {
      "maxRSS": 52596,
      "systemtime": 20257,
      "usertime": 409195
     },
     "17238527503": {
      "maxRSS": 52596,
      "systemtime": 20258,
      "usertime": 409227
     },
     "17238528598": {
      "maxRSS": 52596,
      "systemtime": 20258,
      "usertime": 413280
     },
     "17238529743": {
      "maxRSS": 52724,
      "systemtime": 20260,
      "usertime": 413309
     },
     "17238530854": {
      "maxRSS": 52852,
      "systemtime": 20261,
      "usertime": 413340
     },
     "17238532062": {
      "maxRSS": 52852,
      "systemtime": 24309,
      "usertime": 413340
     },
     "17238533195": {
      "maxRSS": 52980,
      "systemtime": 24316,
      "usertime": 413379
     },
     "17238534323": {
      "maxRSS": 53108,
      "systemtime": 24318,
      "usertime": 413414
     },
     "17238535434": {
      "maxRSS": 53108,
      "systemtime": 24319,
      "usertime": 413437
     },
     "17238536513": {
      "maxRSS": 53236,
      "systemtime": 24319,
      "usertime": 417443
     },
     "17238537583": {
      "maxRSS": 53364,
      "systemtime": 24319,
      "usertime": 417455
     },
     "17238538688": {
      "maxRSS": 53492,
      "systemtime": 24319,
      "usertime": 417490
     },
     "17238539784": {
      "maxRSS": 53492,
      "systemtime": 24321,
      "usertime": 417513
     },
     "17238540863": {
      "maxRSS": 53620,
      "systemtime": 24321,
      "usertime": 421532
     },
     "17238541951": {
      "maxRSS": 53748,
      "systemtime": 24321,
      "usertime": 421548
     },
     "17238543046": {
      "maxRSS": 53748,
      "systemtime": 24321,
      "usertime": 421565
     },
     "17238544117": {
      "maxRSS": 53876,
      "systemtime": 28329,
      "usertime": 421565
     },
     "17238545203": {
      "maxRSS": 54004,
      "systemtime": 28356,
      "usertime": 421565
     },
     "17238546269": {
      "maxRSS": 54132,
      "systemtime": 28365,
      "usertime": 421565
     },
     "17238547340": {
      "maxRSS": 54132,
      "systemtime": 28374,
      "usertime": 421566
     },
     "17238548439": {
      "maxRSS": 54260,
      "systemtime": 28374,
      "usertime": 425581
     },
     "17238549508": {
      "maxRSS": 54388,
      "systemtime": 28374,
      "usertime": 425593
     },
     "17238550574": {
      "maxRSS": 54388,
      "systemtime": 28374,
      "usertime": 425601
     },
     "17238551653": {
      "maxRSS": 54516,
      "systemtime": 28374,
      "usertime": 425623
     },
     "17238552720": {
      "maxRSS": 54644,
      "systemtime": 28374,
      "usertime": 429632
     },
     "17238553787": {
      "maxRSS": 54772,
      "systemtime": 28374,
      "usertime": 429641
     },
     "17238554852": {
      "maxRSS": 54772,
      "systemtime": 28374,
      "usertime": 429649
     },
     "17238555918": {
      "maxRSS": 54900,
      "systemtime": 28374,
      "usertime": 429657
     },
     "17238556983": {
      "maxRSS": 55028,
      "systemtime": 28374,
      "usertime": 433663
     },
     "17238558048": {
      "maxRSS": 55028,
      "systemtime": 28374,
      "usertime": 433670
     },
     "17238559123": {
      "maxRSS": 55156,
      "systemtime": 28374,
      "usertime": 433687
     },
     "17238560192": {
      "maxRSS": 55284,
      "systemtime": 28374,
      "usertime": 437703
     },
     "17238561262": {
      "maxRSS": 55412,
      "systemtime": 28374,
      "usertime": 437716
     },
     "17238562353": {
      "maxRSS": 55412,
      "systemtime": 28374,
      "usertime": 437726
     },
     "17238563429": {
      "maxRSS": 55540,
      "systemtime": 28374,
      "usertime": 437737
     },
     "17238564544": {
      "maxRSS": 55668,
      "systemtime": 28374,
      "usertime": 441751
     },
     "17238565699": {
      "maxRSS": 55668,
      "systemtime": 28374,
      "usertime": 441795
     },
     "17238566834": {
      "maxRSS": 55796,
      "systemtime": 28374,
      "usertime": 441822
     },
     "17238567904": {
      "maxRSS": 55924,
      "systemtime": 28374,
      "usertime": 441835
     },
     "17238568972": {
      "maxRSS": 56052,
      "systemtime": 28374,
      "usertime": 445846
     },
     "17238570038": {
      "maxRSS": 56052,
      "systemtime": 28374,
      "usertime": 445854
     },
     "17238571102": {
      "maxRSS": 56180,
      "systemtime": 28374,
      "usertime": 445861
     },
     "17238572192": {
      "maxRSS": 56308,
      "systemtime": 28374,
      "usertime": 449891
     },
     "17238573273": {
      "maxRSS": 56436,
      "systemtime": 28374,
      "usertime": 449908
     },
     "17238574348": {
      "maxRSS": 56436,
      "systemtime": 28374,
      "usertime": 449923
     },
     "17238575435": {
      "maxRSS": 56564,
      "systemtime": 28374,
      "usertime": 449940
     },
     "17238576514": {
      "maxRSS": 56692,
      "systemtime": 28374,
      "usertime": 453956
     },
     "17238577592": {
      "maxRSS": 56692,
      "systemtime": 28374,
      "usertime": 453972
     },
     "17238579740": {
      "maxRSS": 56948,
      "systemtime": 28375,
      "usertime": 454001
     },
     "17238581856": {
      "maxRSS": 57076,
      "systemtime": 28375,
      "usertime": 458016
     },
     "17238583941": {
      "maxRSS": 57332,
      "systemtime": 28375,
      "usertime": 458037
     },
     "17238586033": {
      "maxRSS": 57460,
      "systemtime": 28375,
      "usertime": 462059
     },
     "17238588078": {
      "maxRSS": 57716,
      "systemtime": 28375,
      "usertime": 466074
     },
     "17238590193": {
      "maxRSS": 57844,
      "systemtime": 28375,
      "usertime": 466090
     },
     "17238592263": {
      "maxRSS": 57972,
      "systemtime": 28375,
      "usertime": 470101
     },
     "17238594359": {
      "maxRSS": 58228,
      "systemtime": 28375,
      "usertime": 470130
     },
     "17238596449": {
      "maxRSS": 58356,
      "systemtime": 28375,
      "usertime": 474153
     },
     "17238598545": {
      "maxRSS": 58484,
      "systemtime": 28375,
      "usertime": 474180
     },
     "17238600669": {
      "maxRSS": 58740,
      "systemtime": 28375,
      "usertime": 478211
     },
     "17238602752": {
      "maxRSS": 58868,
      "systemtime": 28375,
      "usertime": 478232
     },
     "17238604830": {
      "maxRSS": 58996,
      "systemtime": 28375,
      "usertime": 482242
     },
     "17238606926": {
      "maxRSS": 59252,
      "systemtime": 28375,
      "usertime": 482274
     },
     "17238609007": {
      "maxRSS": 59380,
      "systemtime": 28375,
      "usertime": 486293
     },
     "17238611099": {
      "maxRSS": 59636,
      "systemtime": 28375,
      "usertime": 486313
     },
     "17238613192": {
      "maxRSS": 59764,
      "systemtime": 28375,
      "usertime": 490339
     },
     "17238615340": {
      "maxRSS": 59892,
      "systemtime": 28375,
      "usertime": 490362
     },
     "17238617457": {
      "maxRSS": 60148,
      "systemtime": 28375,
      "usertime": 494385
     },
     "17238619549": {
      "maxRSS": 60276,
      "systemtime": 28375,
      "usertime": 494419
     },
     "17238621625": {
      "maxRSS": 60404,
      "systemtime": 28375,
      "usertime": 498441
     },
     "17238623715": {
      "maxRSS": 60660,
      "systemtime": 28375,
      "usertime": 498462
     },
     "17238625804": {
      "maxRSS": 60788,
      "systemtime": 28375,
      "usertime": 502478
     },
     "17238627900": {
      "maxRSS": 60916,
      "systemtime": 28375,
      "usertime": 502503
     },
     "17238630108": {
      "maxRSS": 61044,
      "systemtime": 28375,
      "usertime": 506586
     },
     "17238632175": {
      "maxRSS": 61300,
      "systemtime": 28375,
      "usertime": 510621
     },
     "17238634265": {
      "maxRSS": 61428,
      "systemtime": 28375,
      "usertime": 510648
     },
     "17238636339": {
      "maxRSS": 61556,
      "systemtime": 28375,
      "usertime": 514657
     },
     "17238638432": {
      "maxRSS": 61812,
      "systemtime": 28375,
      "usertime": 514672
     },
     "17238640514": {
      "maxRSS": 61940,
      "systemtime": 28375,
      "usertime": 518684
     },
     "17238642604": {
      "maxRSS": 62196,
      "systemtime": 28375,
      "usertime": 518701
     },
     "17238644780": {
      "maxRSS": 62324,
      "systemtime": 28375,
      "usertime": 522774
     },
     "17238646991": {
      "maxRSS": 62452,
      "systemtime": 28375,
      "usertime": 522808
     },
     "17238649074": {
      "maxRSS": 62708,
      "systemtime": 28375,
      "usertime": 526777
     },
     "17238651268": {
      "maxRSS": 62836,
      "systemtime": 28375,
      "usertime": 526793
     },
     "17238653387": {
      "maxRSS": 62964,
      "systemtime": 28375,
      "usertime": 530827
     },
     "17238655470": {
      "maxRSS": 63220,
      "systemtime": 28375,
      "usertime": 530846
     },
     "17238657543": {
      "maxRSS": 63348,
      "systemtime": 28375,
      "usertime": 534859
     },
     "17238659651": {
      "maxRSS": 63476,
      "systemtime": 28375,
      "usertime": 534886
     },
     "17238661802": {
      "maxRSS": 63732,
      "systemtime": 28375,
      "usertime": 538908
     },
     "17238663911": {
      "maxRSS": 63860,
      "systemtime": 28375,
      "usertime": 538941
     },
     "17238666048": {
      "maxRSS": 64116,
      "systemtime": 28375,
      "usertime": 542982
     },
     "17238668113": {
      "maxRSS": 64244,
      "systemtime": 28540,
      "usertime": 546847
     },
     "17238669051": {
      "maxRSS": 64244,
      "systemtime": 28540,
      "usertime": 547898
     },
     "17238669615": {
      "maxRSS": 64244,
      "systemtime": 28540,
      "usertime": 548477
     },
     "17238670683": {
      "maxRSS": 64500,
      "systemtime": 28540,
      "usertime": 548486
     },
     "17238671758": {
      "maxRSS": 64756,
      "systemtime": 28540,
      "usertime": 548498
     },
     "17238672866": {
      "maxRSS": 65012,
      "systemtime": 28540,
      "usertime": 550940
     },
     "17238673932": {
      "maxRSS": 65396,
      "systemtime": 28540,
      "usertime": 550949
     },
     "17238675031": {
      "maxRSS": 65652,
      "systemtime": 28540,
      "usertime": 550956
     },
     "17238676115": {
      "maxRSS": 65908,
      "systemtime": 28540,
      "usertime": 554977
     },
     "17238677230": {
      "maxRSS": 66292,
      "systemtime": 28540,
      "usertime": 554994
     },
     "17238678340": {
      "maxRSS": 66548,
      "systemtime": 28540,
      "usertime": 555005
     },
     "17238679414": {
      "maxRSS": 66804,
      "systemtime": 28540,
      "usertime": 555017
     },
     "17238680482": {
      "maxRSS": 67188,
      "systemtime": 28540,
      "usertime": 559032
     },
     "17238681580": {
      "maxRSS": 67444,
      "systemtime": 28540,
      "usertime": 559040
     },
     "17238682647": {
      "maxRSS": 67700,
      "systemtime": 28540,
      "usertime": 559048
     },
     "17238683723": {
      "maxRSS": 67956,
      "systemtime": 28540,
      "usertime": 559067
     },
     "17238684789": {
      "maxRSS": 68340,
      "systemtime": 28540,
      "usertime": 563071
     },
     "17238685854": {
      "maxRSS": 68596,
      "systemtime": 28540,
      "usertime": 563078
     },
     "17238686917": {
      "maxRSS": 68852,
      "systemtime": 28540,
      "usertime": 563085
     },
     "17238688017": {
      "maxRSS": 69108,
      "systemtime": 28540,
      "usertime": 567104
     },
     "17238689117": {
      "maxRSS": 69492,
      "systemtime": 28540,
      "usertime": 567115
     },
     "17238690222": {
      "maxRSS": 69748,
      "systemtime": 28540,
      "usertime": 567132
     },
     "17238691323": {
      "maxRSS": 70004,
      "systemtime": 28540,
      "usertime": 567142
     },
     "17238692388": {
      "maxRSS": 70388,
      "systemtime": 28540,
      "usertime": 571149
     },
     "17238693487": {
      "maxRSS": 70644,
      "systemtime": 28540,
      "usertime": 571156
     },
     "17238694575": {
      "maxRSS": 70900,
      "systemtime": 28540,
      "usertime": 571168
     },
     "17238695665": {
      "maxRSS": 71156,
      "systemtime": 28540,
      "usertime": 571192
     },
     "17238696786": {
      "maxRSS": 71540,
      "systemtime": 28540,
      "usertime": 575249
     },
     "17238697914": {
      "maxRSS": 71796,
      "systemtime": 28540,
      "usertime": 575274
     },
     "17238698997": {
      "maxRSS": 72052,
      "systemtime": 28540,
      "usertime": 575294
     },
     "17238700018": {
      "maxRSS": 72308,
      "systemtime": 28540,
      "usertime": 579305
     },
     "17238701083": {
      "maxRSS": 72692,
      "systemtime": 28540,
      "usertime": 579314
     },
     "17238702148": {
      "maxRSS": 72948,
      "systemtime": 28540,
      "usertime": 579322
     },
     "17238703233": {
      "maxRSS": 73204,
      "systemtime": 28540,
      "usertime": 579348
     },
     "17238704317": {
      "maxRSS": 73460,
      "systemtime": 28540,
      "usertime": 583363
     },
     "17238705398": {
      "maxRSS": 73716,
      "systemtime": 28540,
      "usertime": 583384
     },
     "17238706487": {
      "maxRSS": 74100,
      "systemtime": 28540,
      "usertime": 583396
     },
     "17238707552": {
      "maxRSS": 74356,
      "systemtime": 28540,
      "usertime": 583403
     },
     "17238708617": {
      "maxRSS": 74612,
      "systemtime": 28540,
      "usertime": 587411
     },
     "17238709725": {
      "maxRSS": 74868,
      "systemtime": 28540,
      "usertime": 587429
     },
     "17238710794": {
      "maxRSS": 75252,
      "systemtime": 28540,
      "usertime": 587440
     },
     "17238711870": {
      "maxRSS": 75508,
      "systemtime": 28540,
      "usertime": 587452
     },
     "17238712955": {
      "maxRSS": 75764,
      "systemtime": 28540,
      "usertime": 591472
     },
     "17238714030": {
      "maxRSS": 76020,
      "systemtime": 28540,
      "usertime": 591487
     },
     "17238715100": {
      "maxRSS": 76276,
      "systemtime": 28540,
      "usertime": 591500
     },
     "17238716175": {
      "maxRSS": 76660,
      "systemtime": 28540,
      "usertime": 595513
     },
     "17238717268": {
      "maxRSS": 76916,
      "systemtime": 28540,
      "usertime": 595544
     },
     "17238718364": {
      "maxRSS": 77172,
      "systemtime": 28540,
      "usertime": 595568
     },
     "17238719439": {
      "maxRSS": 77428,
      "systemtime": 28540,
      "usertime": 595584
     },
     "17238720559": {
      "maxRSS": 77812,
      "systemtime": 28540,
      "usertime": 599598
     },
     "17238721680": {
      "maxRSS": 78068,
      "systemtime": 28540,
      "usertime": 599622
     },
     "17238722799": {
      "maxRSS": 78196,
      "systemtime": 28540,
      "usertime": 599657
     },
     "17238723931": {
      "maxRSS": 78452,
      "systemtime": 28540,
      "usertime": 599715
     },
     "17238725033": {
      "maxRSS": 78708,
      "systemtime": 28540,
      "usertime": 603751
     },
     "17238726238": {
      "maxRSS": 78964,
      "systemtime": 28540,
      "usertime": 603787
     },
     "17238727436": {
      "maxRSS": 79220,
      "systemtime": 28540,
      "usertime": 603819
     },
     "17238728518": {
      "maxRSS": 79476,
      "systemtime": 32429,
      "usertime": 603994
     },
     "17238729588": {
      "maxRSS": 79860,
      "systemtime": 32429,
      "usertime": 604006
     },
     "17238730739": {
      "maxRSS": 80116,
      "systemtime": 32431,
      "usertime": 604038
     },
     "17238731811": {
      "maxRSS": 80372,
      "systemtime": 32432,
      "usertime": 604052
     },
     "17238732933": {
      "maxRSS": 80628,
      "systemtime": 32432,
      "usertime": 608017
     },
     "17238734063": {
      "maxRSS": 80884,
      "systemtime": 32432,
      "usertime": 608034
     },
     "17238735140": {
      "maxRSS": 81140,
      "systemtime": 32432,
      "usertime": 608048
     },
     "17238736222": {
      "maxRSS": 81524,
      "systemtime": 32432,
      "usertime": 612051
     },
     "17238737371": {
      "maxRSS": 81652,
      "systemtime": 32432,
      "usertime": 612071
     },
     "17238738513": {
      "maxRSS": 81652,
      "systemtime": 32432,
      "usertime": 612094
     },
     "17238739473": {
      "maxRSS": 81652,
      "systemtime": 32603,
      "usertime": 615399
     },
     "17238740572": {
      "maxRSS": 81652,
      "systemtime": 32603,
      "usertime": 615955
     },
     "17238741647": {
      "maxRSS": 81652,
      "systemtime": 32603,
      "usertime": 615970
     },
     "17238742731": {
      "maxRSS": 81652,
      "systemtime": 32603,
      "usertime": 615989
     },
     "17238743849": {
      "maxRSS": 81652,
      "systemtime": 32603,
      "usertime": 616013
     },
     "17238744980": {
      "maxRSS": 81652,
      "systemtime": 32603,
      "usertime": 620108
     },
     "17238746080": {
      "maxRSS": 81652,
      "systemtime": 32603,
      "usertime": 620119
     },
     "17238747150": {
      "maxRSS": 81652,
      "systemtime": 32603,
      "usertime": 620128
     },
     "17238748218": {
      "maxRSS": 81652,
      "systemtime": 32603,
      "usertime": 624083
     },
     "17238749312": {
      "maxRSS": 81652,
      "systemtime": 32603,
      "usertime": 624097
     },
     "17238750383": {
      "maxRSS": 81652,
      "systemtime": 32603,
      "usertime": 624110
     },
     "17238751518": {
      "maxRSS": 81652,
      "systemtime": 32603,
      "usertime": 624147
     },
     "17238752590": {
      "maxRSS": 81652,
      "systemtime": 32603,
      "usertime": 628160
     },
     "17238753658": {
      "maxRSS": 81652,
      "systemtime": 32603,
      "usertime": 628170
     },
     "17238754733": {
      "maxRSS": 81652,
      "systemtime": 32603,
      "usertime": 628181
     },
     "17238755872": {
      "maxRSS": 81652,
      "systemtime": 32603,
      "usertime": 628195
     },
     "17238756987": {
      "maxRSS": 81652,
      "systemtime": 32603,
      "usertime": 632208
     },
     "17238758068": {
      "maxRSS": 81652,
      "systemtime": 32603,
      "usertime": 632231
     },
     "17238759139": {
      "maxRSS": 81652,
      "systemtime": 32603,
      "usertime": 632241
     },
     "17238760207": {
      "maxRSS": 81652,
      "systemtime": 32603,
      "usertime": 636250
     },
     "17238761287": {
      "maxRSS": 81652,
      "systemtime": 32603,
      "usertime": 636264
     },
     "17238762367": {
      "maxRSS": 81652,
      "systemtime": 32603,
      "usertime": 636281
     },
     "17238763439": {
      "maxRSS": 81652,
      "systemtime": 32603,
      "usertime": 636294
     },
     "17238764533": {
      "maxRSS": 81652,
      "systemtime": 32603,
      "usertime": 640333
     },
     "17238765603": {
      "maxRSS": 81652,
      "systemtime": 32603,
      "usertime": 640344
     },
     "17238766733": {
      "maxRSS": 81652,
      "systemtime": 32603,
      "usertime": 640363
     },
     "17238767819": {
      "maxRSS": 81652,
      "systemtime": 32603,
      "usertime": 640384
     },
     "17238768896": {
      "maxRSS": 81652,
      "systemtime": 32603,
      "usertime": 644400
     },
     "17238769986": {
      "maxRSS": 81652,
      "systemtime": 32603,
      "usertime": 644414
     },
     "17238771069": {
      "maxRSS": 81652,
      "systemtime": 32603,
      "usertime": 644427
     },
     "17238772162": {
      "maxRSS": 81652,
      "systemtime": 32603,
      "usertime": 648462
     },
     "17238773255": {
      "maxRSS": 81652,
      "systemtime": 32603,
      "usertime": 648487
     },
     "17238774362": {
      "maxRSS": 81652,
      "systemtime": 32603,
      "usertime": 648510
     },
     "17238775481": {
      "maxRSS": 81652,
      "systemtime": 32603,
      "usertime": 648543
     },
     "17238776583": {
      "maxRSS": 81652,
      "systemtime": 32603,
      "usertime": 652555
     },
     "17238777657": {
      "maxRSS": 81652,
      "systemtime": 32603,
      "usertime": 652570
     },
     "17238778750": {
      "maxRSS": 81652,
      "systemtime": 32603,
      "usertime": 652603
     },
     "17238779829": {
      "maxRSS": 81652,
      "systemtime": 32603,
      "usertime": 652618
     },
     "17238780941": {
      "maxRSS": 81652,
      "systemtime": 32603,
      "usertime": 656633
     },
     "17238782045": {
      "maxRSS": 81652,
      "systemtime": 32603,
      "usertime": 656645
     },
     "17238783143": {
      "maxRSS": 81652,
      "systemtime": 32603,
      "usertime": 656656
     },
     "17238784219": {
      "maxRSS": 81652,
      "systemtime": 32603,
      "usertime": 660670
     },
     "17238785331": {
      "maxRSS": 81780,
      "systemtime": 32603,
      "usertime": 660704
     },
     "17238786417": {
      "maxRSS": 81780,
      "systemtime": 32603,
      "usertime": 660730
     },
     "17238787492": {
      "maxRSS": 81780,
      "systemtime": 32603,
      "usertime": 660746
     },
     "17238788572": {
      "maxRSS": 81780,
      "systemtime": 32603,
      "usertime": 664812
     },
     "17238789648": {
      "maxRSS": 81780,
      "systemtime": 32603,
      "usertime": 664827
     },
     "17238790717": {
      "maxRSS": 81780,
      "systemtime": 32603,
      "usertime": 664838
     },
     "17238791820": {
      "maxRSS": 81780,
      "systemtime": 32603,
      "usertime": 664872
     },
     "17238792906": {
      "maxRSS": 81780,
      "systemtime": 32603,
      "usertime": 668859
     },
     "17238794020": {
      "maxRSS": 81780,
      "systemtime": 32603,
      "usertime": 668878
     },
     "17238795123": {
      "maxRSS": 81780,
      "systemtime": 32603,
      "usertime": 668922
     },
     "17238796204": {
      "maxRSS": 81780,
      "systemtime": 32603,
      "usertime": 672942
     },
     "17238797289": {
      "maxRSS": 81780,
      "systemtime": 32603,
      "usertime": 672960
     },
     "17238798395": {
      "maxRSS": 81780,
      "systemtime": 32603,
      "usertime": 672984
     },
     "17238799501": {
      "maxRSS": 81780,
      "systemtime": 32603,
      "usertime": 673027
     },
     "17238800587": {
      "maxRSS": 81780,
      "systemtime": 32603,
      "usertime": 677028
     },
     "17238801682": {
      "maxRSS": 81780,
      "systemtime": 32603,
      "usertime": 677052
     },
     "17238802796": {
      "maxRSS": 81780,
      "systemtime": 32603,
      "usertime": 677079
     },
     "17238803900": {
      "maxRSS": 81780,
      "systemtime": 32603,
      "usertime": 677106
     },
     "17238805005": {
      "maxRSS": 81780,
      "systemtime": 32603,
      "usertime": 681134
     },
     "17238806141": {
      "maxRSS": 81780,
      "systemtime": 32603,
      "usertime": 681194
     },
     "17238807250": {
      "maxRSS": 81780,
      "systemtime": 32603,
      "usertime": 681227
     },
     "17238808354": {
      "maxRSS": 81780,
      "systemtime": 32603,
      "usertime": 681260
     },
     "17238809487": {
      "maxRSS": 81780,
      "systemtime": 32603,
      "usertime": 685828
     },
     "17238810599": {
      "maxRSS": 81780,
      "systemtime": 32603,
      "usertime": 685865
     },
     "17238811724": {
      "maxRSS": 81780,
      "systemtime": 32603,
      "usertime": 685904
     },
     "17238812926": {
      "maxRSS": 81780,
      "systemtime": 32603,
      "usertime": 689455
     },
     "17238814159": {
      "maxRSS": 81780,
      "systemtime": 32603,
      "usertime": 689489
     },
     "17238815275": {
      "maxRSS": 81780,
      "systemtime": 32603,
      "usertime": 689536
     },
     "17238816385": {
      "maxRSS": 81780,
      "systemtime": 32603,
      "usertime": 693567
     },
     "17238817562": {
      "maxRSS": 81780,
      "systemtime": 32603,
      "usertime": 693611
     },
     "17238818675": {
      "maxRSS": 81780,
      "systemtime": 32603,
      "usertime": 693647
     },
     "17238819818": {
      "maxRSS": 81780,
      "systemtime": 32603,
      "usertime": 693708
     },
     "17238820922": {
      "maxRSS": 81780,
      "systemtime": 32603,
      "usertime": 697737
     },
     "17238822017": {
      "maxRSS": 81780,
      "systemtime": 32603,
      "usertime": 697764
     },
     "17238823170": {
      "maxRSS": 81780,
      "systemtime": 32603,
      "usertime": 697793
     },
     "17238824250": {
      "maxRSS": 81780,
      "systemtime": 32603,
      "usertime": 701805
     },
     "17238825343": {
      "maxRSS": 81780,
      "systemtime": 32603,
      "usertime": 701820
     },
     "17238826418": {
      "maxRSS": 81780,
      "systemtime": 32603,
      "usertime": 701833
     },
     "17238827519": {
      "maxRSS": 81780,
      "systemtime": 32603,
      "usertime": 701871
     },
     "17238828601": {
      "maxRSS": 81780,
      "systemtime": 32603,
      "usertime": 705880
     },
     "17238829765": {
      "maxRSS": 81780,
      "systemtime": 32603,
      "usertime": 705909
     },
     "17238830874": {
      "maxRSS": 81780,
      "systemtime": 32603,
      "usertime": 705922
     },
     "17238831974": {
      "maxRSS": 81780,
      "systemtime": 32603,
      "usertime": 705946
     },
     "17238833050": {
      "maxRSS": 81780,
      "systemtime": 32603,
      "usertime": 709975
     },
     "17238834156": {
      "maxRSS": 81780,
      "systemtime": 32603,
      "usertime": 710007
     },
     "17238835255": {
      "maxRSS": 81780,
      "systemtime": 32603,
      "usertime": 710029
     },
     "17238836332": {
      "maxRSS": 81780,
      "systemtime": 32603,
      "usertime": 714033
     },
     "17238837404": {
      "maxRSS": 81780,
      "systemtime": 32603,
      "usertime": 714043
     },
     "17238838488": {
      "maxRSS": 81780,
      "systemtime": 32603,
      "usertime": 714058
     },
     "17238839578": {
      "maxRSS": 81780,
      "systemtime": 32603,
      "usertime": 714075
     },
     "17238840676": {
      "maxRSS": 81780,
      "systemtime": 32603,
      "usertime": 718104
     },
     "17238841748": {
      "maxRSS": 81780,
      "systemtime": 32603,
      "usertime": 718118
     },
     "17238842822": {
      "maxRSS": 81780,
      "systemtime": 32603,
      "usertime": 718132
     },
     "17238843894": {
      "maxRSS": 81780,
      "systemtime": 32603,
      "usertime": 718145
     },
     "17238844965": {
      "maxRSS": 81780,
      "systemtime": 32603,
      "usertime": 722155
     },
     "17238846032": {
      "maxRSS": 81780,
      "systemtime": 32603,
      "usertime": 722164
     },
     "17238847119": {
      "maxRSS": 81780,
      "systemtime": 32603,
      "usertime": 722192
     },
     "17238848186": {
      "maxRSS": 81780,
      "systemtime": 32603,
      "usertime": 726201
     },
     "17238849250": {
      "maxRSS": 81780,
      "systemtime": 32603,
      "usertime": 726208
     },
     "17238850314": {
      "maxRSS": 81780,
      "systemtime": 32603,
      "usertime": 726215
     },
     "17238851405": {
      "maxRSS": 81780,
      "systemtime": 32603,
      "usertime": 726223
     },
     "17238852506": {
      "maxRSS": 81780,
      "systemtime": 32603,
      "usertime": 730231
     },
     "17238853605": {
      "maxRSS": 81780,
      "systemtime": 32603,
      "usertime": 730238
     },
     "17238854749": {
      "maxRSS": 81780,
      "systemtime": 32603,
      "usertime": 730281
     },
     "17238855927": {
      "maxRSS": 81780,
      "systemtime": 32603,
      "usertime": 730303
     },
     "17238857000": {
      "maxRSS": 81780,
      "systemtime": 32603,
      "usertime": 734321
     },
     "17238858068": {
      "maxRSS": 81780,
      "systemtime": 32603,
      "usertime": 734331
     },
     "17238859182": {
      "maxRSS": 81780,
      "systemtime": 32603,
      "usertime": 734357
     },
     "17238860260": {
      "maxRSS": 81780,
      "systemtime": 32603,
      "usertime": 738367
     },
     "17238861347": {
      "maxRSS": 81780,
      "systemtime": 32603,
      "usertime": 738388
     },
     "17238862454": {
      "maxRSS": 81780,
      "systemtime": 32603,
      "usertime": 738404
     },
     "17238863528": {
      "maxRSS": 81780,
      "systemtime": 32603,
      "usertime": 738419
     },
     "17238864633": {
      "maxRSS": 81780,
      "systemtime": 32603,
      "usertime": 742434
     },
     "17238865732": {
      "maxRSS": 81780,
      "systemtime": 32603,
      "usertime": 742447
     },
     "17238866813": {
      "maxRSS": 81780,
      "systemtime": 32603,
      "usertime": 742459
     },
     "17238867896": {
      "maxRSS": 81780,
      "systemtime": 32603,
      "usertime": 742483
     },
     "17238868964": {
      "maxRSS": 81780,
      "systemtime": 32603,
      "usertime": 746493
     },
     "17238870033": {
      "maxRSS": 81780,
      "systemtime": 32603,
      "usertime": 746501
     },
     "17238871099": {
      "maxRSS": 81780,
      "systemtime": 32603,
      "usertime": 746509
     },
     "17238872182": {
      "maxRSS": 81780,
      "systemtime": 32603,
      "usertime": 750524
     },
     "17238873268": {
      "maxRSS": 81780,
      "systemtime": 32603,
      "usertime": 750544
     },
     "17238874379": {
      "maxRSS": 81780,
      "systemtime": 32603,
      "usertime": 750588
     },
     "17238875457": {
      "maxRSS": 81780,
      "systemtime": 32603,
      "usertime": 750605
     },
     "17238876528": {
      "maxRSS": 81780,
      "systemtime": 32603,
      "usertime": 754618
     },
     "17238877611": {
      "maxRSS": 81780,
      "systemtime": 32603,
      "usertime": 754629
     },
     "17238878678": {
      "maxRSS": 81908,
      "systemtime": 32603,
      "usertime": 754639
     },
     "17238880792": {
      "maxRSS": 82036,
      "systemtime": 32603,
      "usertime": 758649
     },
     "17238882862": {
      "maxRSS": 82164,
      "systemtime": 32603,
      "usertime": 758660
     },
     "17238884945": {
      "maxRSS": 82420,
      "systemtime": 32603,
      "usertime": 762683
     },
     "17238887068": {
      "maxRSS": 82548,
      "systemtime": 32603,
      "usertime": 762699
     },
     "17238889156": {
      "maxRSS": 82676,
      "systemtime": 32603,
      "usertime": 766730
     },
     "17238891228": {
      "maxRSS": 82804,
      "systemtime": 32603,
      "usertime": 766744
     },
     "17238893337": {
      "maxRSS": 83060,
      "systemtime": 32603,
      "usertime": 770755
     },
     "17238895408": {
      "maxRSS": 83188,
      "systemtime": 32603,
      "usertime": 770766
     },
     "17238897507": {
      "maxRSS": 83316,
      "systemtime": 32603,
      "usertime": 774798
     },
     "17238899624": {
      "maxRSS": 83572,
      "systemtime": 32603,
      "usertime": 774817
     },
     "17238901713": {
      "maxRSS": 83700,
      "systemtime": 32603,
      "usertime": 778838
     },
     "17238903802": {
      "maxRSS": 83828,
      "systemtime": 32603,
      "usertime": 778868
     },
     "17238905889": {
      "maxRSS": 83956,
      "systemtime": 32603,
      "usertime": 782882
     },
     "17238907984": {
      "maxRSS": 84212,
      "systemtime": 32603,
      "usertime": 782904
     },
     "17238910112": {
      "maxRSS": 84340,
      "systemtime": 36335,
      "usertime": 783239
     },
     "17238912191": {
      "maxRSS": 84468,
      "systemtime": 36335,
      "usertime": 787258
     },
     "17238914275": {
      "maxRSS": 84724,
      "systemtime": 36335,
      "usertime": 787278
     },
     "17238916364": {
      "maxRSS": 84852,
      "systemtime": 36335,
      "usertime": 791301
     },
     "17238918451": {
      "maxRSS": 84980,
      "systemtime": 36336,
      "usertime": 791321
     },
     "17238920564": {
      "maxRSS": 85108,
      "systemtime": 36336,
      "usertime": 795337
     },
     "17238922657": {
      "maxRSS": 85364,
      "systemtime": 36336,
      "usertime": 795369
     },
     "17238924734": {
      "maxRSS": 85492,
      "systemtime": 36336,
      "usertime": 799382
     },
     "17238926801": {
      "maxRSS": 85620,
      "systemtime": 36336,
      "usertime": 799392
     },
     "17238928874": {
      "maxRSS": 85748,
      "systemtime": 36336,
      "usertime": 803403
     },
     "17238930951": {
      "maxRSS": 86004,
      "systemtime": 36336,
      "usertime": 803418
     },
     "17238933022": {
      "maxRSS": 86132,
      "systemtime": 36336,
      "usertime": 807429
     },
     "17238935105": {
      "maxRSS": 86260,
      "systemtime": 36336,
      "usertime": 807439
     },
     "17238937190": {
      "maxRSS": 86388,
      "systemtime": 36336,
      "usertime": 811462
     },
     "17238939257": {
      "maxRSS": 86644,
      "systemtime": 36336,
      "usertime": 811471
     },
     "17238941356": {
      "maxRSS": 86772,
      "systemtime": 36336,
      "usertime": 815489
     },
     "17238943492": {
      "maxRSS": 86900,
      "systemtime": 36336,
      "usertime": 815514
     },
     "17238945666": {
      "maxRSS": 87156,
      "systemtime": 36337,
      "usertime": 819602
     },
     "17238947764": {
      "maxRSS": 87284,
      "systemtime": 36338,
      "usertime": 819624
     },
     "17238949920": {
      "maxRSS": 87412,
      "systemtime": 36338,
      "usertime": 823607
     },
     "17238952000": {
      "maxRSS": 87540,
      "systemtime": 36338,
      "usertime": 827641
     },
     "17238954099": {
      "maxRSS": 87668,
      "systemtime": 36338,
      "usertime": 827659
     },
     "17238956174": {
      "maxRSS": 87924,
      "systemtime": 36338,
      "usertime": 831671
     },
     "17238958293": {
      "maxRSS": 88052,
      "systemtime": 36338,
      "usertime": 831685
     },
     "17238960373": {
      "maxRSS": 88180,
      "systemtime": 36338,
      "usertime": 835698
     },
     "17238962466": {
      "maxRSS": 88436,
      "systemtime": 36338,
      "usertime": 835727
     },
     "17238964546": {
      "maxRSS": 88564,
      "systemtime": 36338,
      "usertime": 839742
     },
     "17238966650": {
      "maxRSS": 88692,
      "systemtime": 36338,
      "usertime": 839756
     },
     "17238968786": {
      "maxRSS": 88948,
      "systemtime": 36338,
      "usertime": 843777
     },
     "17238970856": {
      "maxRSS": 89076,
      "systemtime": 36338,
      "usertime": 843788
     },
     "17238972963": {
      "maxRSS": 89204,
      "systemtime": 36338,
      "usertime": 847816
     },
     "17238975139": {
      "maxRSS": 89332,
      "systemtime": 36338,
      "usertime": 847905
     },
     "17238977227": {
      "maxRSS": 89588,
      "systemtime": 36338,
      "usertime": 851932
     },
     "17238979311": {
      "maxRSS": 89716,
      "systemtime": 36338,
      "usertime": 851950
     },
     "17238981398": {
      "maxRSS": 89844,
      "systemtime": 36338,
      "usertime": 855966
     },
     "17238983475": {
      "maxRSS": 89972,
      "systemtime": 36338,
      "usertime": 855982
     },
     "17238985558": {
      "maxRSS": 90228,
      "systemtime": 36338,
      "usertime": 859998
     },
     "17238987642": {
      "maxRSS": 90356,
      "systemtime": 36338,
      "usertime": 860014
     },
     "17238989738": {
      "maxRSS": 90484,
      "systemtime": 36338,
      "usertime": 864052
     },
     "17238991812": {
      "maxRSS": 90612,
      "systemtime": 36338,
      "usertime": 864067
     },
     "17238993880": {
      "maxRSS": 90868,
      "systemtime": 36338,
      "usertime": 868096
     },
     "17238995947": {
      "maxRSS": 90996,
      "systemtime": 36338,
      "usertime": 868104
     },
     "17238998020": {
      "maxRSS": 91124,
      "systemtime": 36338,
      "usertime": 872095
     },
     "17239000092": {
      "maxRSS": 91252,
      "systemtime": 40195,
      "usertime": 872247
     },
     "17239002175": {
      "maxRSS": 91508,
      "systemtime": 40196,
      "usertime": 872269
     },
     "17239004261": {
      "maxRSS": 91636,
      "systemtime": 40196,
      "usertime": 876293
     },
     "17239006393": {
      "maxRSS": 91764,
      "systemtime": 40199,
      "usertime": 876340
     },
     "17239008560": {
      "maxRSS": 91892,
      "systemtime": 40199,
      "usertime": 880376
     },
     "17239010683": {
      "maxRSS": 92020,
      "systemtime": 40202,
      "usertime": 880424
     },
     "17239012792": {
      "maxRSS": 92276,
      "systemtime": 40202,
      "usertime": 884462
     },
     "17239014902": {
      "maxRSS": 92404,
      "systemtime": 40204,
      "usertime": 884506
     },
     "17239016977": {
      "maxRSS": 92532,
      "systemtime": 40204,
      "usertime": 888521
     },
     "17239019042": {
      "maxRSS": 92660,
      "systemtime": 40204,
      "usertime": 888528
     },
     "17239021109": {
      "maxRSS": 92916,
      "systemtime": 40204,
      "usertime": 892537
     },
     "17239023184": {
      "maxRSS": 93044,
      "systemtime": 40205,
      "usertime": 892551
     },
     "17239025290": {
      "maxRSS": 93172,
      "systemtime": 40205,
      "usertime": 896583
     },
     "17239027370": {
      "maxRSS": 93300,
      "systemtime": 40206,
      "usertime": 896604
     },
     "17239029444": {
      "maxRSS": 93556,
      "systemtime": 40206,
      "usertime": 900598
     },
     "17239031519": {
      "maxRSS": 93684,
      "systemtime": 40206,
      "usertime": 900612
     },
     "17239033668": {
      "maxRSS": 93812,
      "systemtime": 40206,
      "usertime": 904626
     },
     "17239035816": {
      "maxRSS": 93940,
      "systemtime": 40206,
      "usertime": 904649
     },
     "17239037919": {
      "maxRSS": 94196,
      "systemtime": 40207,
      "usertime": 908682
     },
     "17239040050": {
      "maxRSS": 94324,
      "systemtime": 40207,
      "usertime": 912699
     },
     "17239042140": {
      "maxRSS": 94452,
      "systemtime": 40208,
      "usertime": 912728
     },
     "17239044209": {
      "maxRSS": 94580,
      "systemtime": 40208,
      "usertime": 916738
     },
     "17239046305": {
      "maxRSS": 94836,
      "systemtime": 40208,
      "usertime": 916752
     },
     "17239048384": {
      "maxRSS": 94964,
      "systemtime": 40208,
      "usertime": 920770
     },
     "17239050463": {
      "maxRSS": 95092,
      "systemtime": 40209,
      "usertime": 920788
     },
     "17239052580": {
      "maxRSS": 95220,
      "systemtime": 40209,
      "usertime": 924808
     },
     "17239054672": {
      "maxRSS": 95476,
      "systemtime": 40210,
      "usertime": 924839
     },
     "17239056749": {
      "maxRSS": 95604,
      "systemtime": 40210,
      "usertime": 928852
     },
     "17239058846": {
      "maxRSS": 95732,
      "systemtime": 40211,
      "usertime": 928874
     },
     "17239060956": {
      "maxRSS": 95988,
      "systemtime": 40211,
      "usertime": 932893
     },
     "17239063030": {
      "maxRSS": 96116,
      "systemtime": 40211,
      "usertime": 932906
     },
     "17239065101": {
      "maxRSS": 96244,
      "systemtime": 40213,
      "usertime": 936975
     },
     "17239067182": {
      "maxRSS": 96372,
      "systemtime": 40214,
      "usertime": 936997
     },
     "17239069253": {
      "maxRSS": 96628,
      "systemtime": 40214,
      "usertime": 940949
     },
     "17239071319": {
      "maxRSS": 96756,
      "systemtime": 40214,
      "usertime": 940957
     },
     "17239073426": {
      "maxRSS": 96884,
      "systemtime": 44233,
      "usertime": 940957
     },
     "17239075507": {
      "maxRSS": 97140,
      "systemtime": 44233,
      "usertime": 940965
     },
     "17239077588": {
      "maxRSS": 97268,
      "systemtime": 44233,
      "usertime": 944975
     },
     "17239079701": {
      "maxRSS": 97396,
      "systemtime": 44234,
      "usertime": 945014
     },
     "17239081817": {
      "maxRSS": 97524,
      "systemtime": 44236,
      "usertime": 949084
     },
     "17239084032": {
      "maxRSS": 97652,
      "systemtime": 44236,
      "usertime": 953092
     },
     "17239086255": {
      "maxRSS": 97908,
      "systemtime": 44237,
      "usertime": 953126
     },
     "17239088329": {
      "maxRSS": 98036,
      "systemtime": 44237,
      "usertime": 957128
     },
     "17239090540": {
      "maxRSS": 98164,
      "systemtime": 44237,
      "usertime": 957144
     },
     "17239092659": {
      "maxRSS": 98420,
      "systemtime": 44238,
      "usertime": 961179
     },
     "17239094782": {
      "maxRSS": 98548,
      "systemtime": 44239,
      "usertime": 961211
     },
     "17239096887": {
      "maxRSS": 98676,
      "systemtime": 44239,
      "usertime": 965227
     },
     "17239098980": {
      "maxRSS": 98932,
      "systemtime": 44240,
      "usertime": 965241
     },
     "17239101057": {
      "maxRSS": 99060,
      "systemtime": 44240,
      "usertime": 969258
     },
     "17239103196": {
      "maxRSS": 99188,
      "systemtime": 44241,
      "usertime": 969285
     },
     "17239105292": {
      "maxRSS": 99444,
      "systemtime": 44241,
      "usertime": 973317
     },
     "17239107437": {
      "maxRSS": 99572,
      "systemtime": 44243,
      "usertime": 973360
     },
     "17239109571": {
      "maxRSS": 99700,
      "systemtime": 44244,
      "usertime": 977396
     },
     "17239111666": {
      "maxRSS": 99828,
      "systemtime": 44245,
      "usertime": 977423
     },
     "17239113760": {
      "maxRSS": 99956,
      "systemtime": 44245,
      "usertime": 981450
     },
     "17239115880": {
      "maxRSS": 100212,
      "systemtime": 44246,
      "usertime": 981469
     },
     "17239117959": {
      "maxRSS": 100340,
      "systemtime": 44246,
      "usertime": 985491
     },
     "17239120033": {
      "maxRSS": 100596,
      "systemtime": 44247,
      "usertime": 989542
     },
     "17239122115": {
      "maxRSS": 100596,
      "systemtime": 44300,
      "usertime": 990713
     },
     "17239122855": {
      "maxRSS": 100596,
      "systemtime": 44371,
      "usertime": 992301
     },
     "17239123973": {
      "maxRSS": 100596,
      "systemtime": 44372,
      "usertime": 992323
     },
     "17239124035": {
      "maxRSS": 100596,
      "systemtime": 44458,
      "usertime": 993426
     },
     "17239125146": {
      "maxRSS": 100980,
      "systemtime": 44472,
      "usertime": 993426
     },
     "17239126238": {
      "maxRSS": 101236,
      "systemtime": 44502,
      "usertime": 993426
     },
     "17239127316": {
      "maxRSS": 101492,
      "systemtime": 44515,
      "usertime": 993426
     },
     "17239128401": {
      "maxRSS": 101748,
      "systemtime": 48275,
      "usertime": 993669
     },
     "17239129479": {
      "maxRSS": 102132,
      "systemtime": 48276,
      "usertime": 993685
     },
     "17239130562": {
      "maxRSS": 102388,
      "systemtime": 48277,
      "usertime": 993703
     },
     "17239131641": {
      "maxRSS": 102644,
      "systemtime": 48277,
      "usertime": 993720
     },
     "17239132746": {
      "maxRSS": 102900,
      "systemtime": 48278,
      "usertime": 997757
     },
     "17239133829": {
      "maxRSS": 103284,
      "systemtime": 48279,
      "usertime": 997774
     },
     "17239134909": {
      "maxRSS": 103540,
      "systemtime": 48280,
      "usertime": 997791
     },
     "17239135989": {
      "maxRSS": 103796,
      "systemtime": 48281,
      "usertime": 997807
     },
     "17239137077": {
      "maxRSS": 104052,
      "systemtime": 48281,
      "usertime": 1001826
     },
     "17239138196": {
      "maxRSS": 104308,
      "systemtime": 48282,
      "usertime": 1001867
     },
     "17239139378": {
      "maxRSS": 104436,
      "systemtime": 48284,
      "usertime": 1001895
     },
     "17239140494": {
      "maxRSS": 104692,
      "systemtime": 48286,
      "usertime": 1005974
     },
     "17239141616": {
      "maxRSS": 104820,
      "systemtime": 48288,
      "usertime": 1006007
     },
     "17239142721": {
      "maxRSS": 104948,
      "systemtime": 48289,
      "usertime": 1006037
     },
     "17239143812": {
      "maxRSS": 105076,
      "systemtime": 48290,
      "usertime": 1006058
     },
     "17239144921": {
      "maxRSS": 105204,
      "systemtime": 48290,
      "usertime": 1010058
     },
     "17239146025": {
      "maxRSS": 105460,
      "systemtime": 48290,
      "usertime": 1010086
     },
     "17239147146": {
      "maxRSS": 105588,
      "systemtime": 48293,
      "usertime": 1010129
     },
     "17239148255": {
      "maxRSS": 105844,
      "systemtime": 48293,
      "usertime": 1014162
     },
     "17239149367": {
      "maxRSS": 106100,
      "systemtime": 48295,
      "usertime": 1014199
     },
     "17239150479": {
      "maxRSS": 106228,
      "systemtime": 48296,
      "usertime": 1014236
     },
     "17239151579": {
      "maxRSS": 106484,
      "systemtime": 48298,
      "usertime": 1014269
     },
     "17239152686": {
      "maxRSS": 106740,
      "systemtime": 48298,
      "usertime": 1018298
     },
     "17239153807": {
      "maxRSS": 106996,
      "systemtime": 48301,
      "usertime": 1018360
     },
     "17239154918": {
      "maxRSS": 107252,
      "systemtime": 48302,
      "usertime": 1018387
     },
     "17239156021": {
      "maxRSS": 107508,
      "systemtime": 48302,
      "usertime": 1022405
     },
     "17239157134": {
      "maxRSS": 107764,
      "systemtime": 48303,
      "usertime": 1022425
     },
     "17239158210": {
      "maxRSS": 108020,
      "systemtime": 48304,
      "usertime": 1022441
     },
     "17239159279": {
      "maxRSS": 108404,
      "systemtime": 48304,
      "usertime": 1022452
     },
     "17239160368": {
      "maxRSS": 108660,
      "systemtime": 48304,
      "usertime": 1026479
     },
     "17239161503": {
      "maxRSS": 108916,
      "systemtime": 48305,
      "usertime": 1026493
     },
     "17239162590": {
      "maxRSS": 109172,
      "systemtime": 48306,
      "usertime": 1026511
     },
     "17239163699": {
      "maxRSS": 109428,
      "systemtime": 48307,
      "usertime": 1026536
     },
     "17239164792": {
      "maxRSS": 109556,
      "systemtime": 48309,
      "usertime": 1030602
     },
     "17239165931": {
      "maxRSS": 109940,
      "systemtime": 48310,
      "usertime": 1030622
     },
     "17239167055": {
      "maxRSS": 109940,
      "systemtime": 48311,
      "usertime": 1030648
     },
     "17239168184": {
      "maxRSS": 110196,
      "systemtime": 48311,
      "usertime": 1034670
     },
     "17239169264": {
      "maxRSS": 110452,
      "systemtime": 48312,
      "usertime": 1034687
     },
     "17239170333": {
      "maxRSS": 110708,
      "systemtime": 48312,
      "usertime": 1034697
     },
     "17239171419": {
      "maxRSS": 111092,
      "systemtime": 48313,
      "usertime": 1034711
     },
     "17239172508": {
      "maxRSS": 111348,
      "systemtime": 48313,
      "usertime": 1038729
     },
     "17239173611": {
      "maxRSS": 111604,
      "systemtime": 48314,
      "usertime": 1038757
     },
     "17239174744": {
      "maxRSS": 111732,
      "systemtime": 48317,
      "usertime": 1038820
     },
     "17239175862": {
      "maxRSS": 111988,
      "systemtime": 48318,
      "usertime": 1038839
     },
     "17239176963": {
      "maxRSS": 112372,
      "systemtime": 48318,
      "usertime": 1042877
     },
     "17239178048": {
      "maxRSS": 112628,
      "systemtime": 48319,
      "usertime": 1042902
     },
     "17239179118": {
      "maxRSS": 112884,
      "systemtime": 48320,
      "usertime": 1042912
     },
     "17239180199": {
      "maxRSS": 113140,
      "systemtime": 48320,
      "usertime": 1046926
     },
     "17239181315": {
      "maxRSS": 113396,
      "systemtime": 48321,
      "usertime": 1046966
     },
     "17239182406": {
      "maxRSS": 113524,
      "systemtime": 48322,
      "usertime": 1046990
     },
     "17239183499": {
      "maxRSS": 113780,
      "systemtime": 48323,
      "usertime": 1047015
     },
     "17239184576": {
      "maxRSS": 114164,
      "systemtime": 48323,
      "usertime": 1051040
     },
     "17239185647": {
      "maxRSS": 114420,
      "systemtime": 48324,
      "usertime": 1051052
     },
     "17239186749": {
      "maxRSS": 114676,
      "systemtime": 48324,
      "usertime": 1051061
     },
     "17239187835": {
      "maxRSS": 114932,
      "systemtime": 48325,
      "usertime": 1051088
     },
     "17239188921": {
      "maxRSS": 115188,
      "systemtime": 52334,
      "usertime": 1051088
     },
     "17239190009": {
      "maxRSS": 115444,
      "systemtime": 52353,
      "usertime": 1051091
     },
     "17239191095": {
      "maxRSS": 115700,
      "systemtime": 52354,
      "usertime": 1051113
     },
     "17239192173": {
      "maxRSS": 115956,
      "systemtime": 52354,
      "usertime": 1055134
     },
     "17239193266": {
      "maxRSS": 116212,
      "systemtime": 52354,
      "usertime": 1055151
     },
     "17239194369": {
      "maxRSS": 116596,
      "systemtime": 52355,
      "usertime": 1055164
     },
     "17239195468": {
      "maxRSS": 116852,
      "systemtime": 52356,
      "usertime": 1055193
     },
     "17239196558": {
      "maxRSS": 117108,
      "systemtime": 52356,
      "usertime": 1059212
     },
     "17239197665": {
      "maxRSS": 117236,
      "systemtime": 52357,
      "usertime": 1059238
     },
     "17239198781": {
      "maxRSS": 117492,
      "systemtime": 52359,
      "usertime": 1059273
     },
     "17239199903": {
      "maxRSS": 117748,
      "systemtime": 52361,
      "usertime": 1059317
     },
     "17239201002": {
      "maxRSS": 118004,
      "systemtime": 52361,
      "usertime": 1063348
     },
     "17239202119": {
      "maxRSS": 118260,
      "systemtime": 52363,
      "usertime": 1063385
     },
     "17239203213": {
      "maxRSS": 118516,
      "systemtime": 52364,
      "usertime": 1063404
     },
     "17239204291": {
      "maxRSS": 118900,
      "systemtime": 52364,
      "usertime": 1067419
     },
     "17239205373": {
      "maxRSS": 119156,
      "systemtime": 52364,
      "usertime": 1067437
     },
     "17239206484": {
      "maxRSS": 119284,
      "systemtime": 52366,
      "usertime": 1067468
     },
     "17239207597": {
      "maxRSS": 119284,
      "systemtime": 52368,
      "usertime": 1067504
     },
     "17239208735": {
      "maxRSS": 119540,
      "systemtime": 52370,
      "usertime": 1071574
     },
     "17239209852": {
      "maxRSS": 119796,
      "systemtime": 52371,
      "usertime": 1071593
     },
     "17239210974": {
      "maxRSS": 120052,
      "systemtime": 52372,
      "usertime": 1071611
     },
     "17239212025": {
      "maxRSS": 120436,
      "systemtime": 52372,
      "usertime": 1075594
     },
     "17239213116": {
      "maxRSS": 120692,
      "systemtime": 52372,
      "usertime": 1075607
     },
     "17239214214": {
      "maxRSS": 120948,
      "systemtime": 52372,
      "usertime": 1075624
     },
     "17239215327": {
      "maxRSS": 121204,
      "systemtime": 52373,
      "usertime": 1075663
     },
     "17239216420": {
      "maxRSS": 121332,
      "systemtime": 56402,
      "usertime": 1075676
     },
     "17239217513": {
      "maxRSS": 121588,
      "systemtime": 56403,
      "usertime": 1075696
     },
     "17239218586": {
      "maxRSS": 121844,
      "systemtime": 56404,
      "usertime": 1075708
     },
     "17239219652": {
      "maxRSS": 122228,
      "systemtime": 56404,
      "usertime": 1075716
     },
     "17239220719": {
      "maxRSS": 122484,
      "systemtime": 56404,
      "usertime": 1079712
     },
     "17239221805": {
      "maxRSS": 122740,
      "systemtime": 56404,
      "usertime": 1079727
     },
     "17239222926": {
      "maxRSS": 122996,
      "systemtime": 56405,
      "usertime": 1079766
     },
     "17239224031": {
      "maxRSS": 123252,
      "systemtime": 56406,
      "usertime": 1083810
     },
     "17239225121": {
      "maxRSS": 123508,
      "systemtime": 56407,
      "usertime": 1083832
     },
     "17239226195": {
      "maxRSS": 123764,
      "systemtime": 56408,
      "usertime": 1083845
     },
     "17239227261": {
      "maxRSS": 124148,
      "systemtime": 56408,
      "usertime": 1083853
     },
     "17239228326": {
      "maxRSS": 124404,
      "systemtime": 56408,
      "usertime": 1087837
     },
     "17239229406": {
      "maxRSS": 124660,
      "systemtime": 56408,
      "usertime": 1087860
     },
     "17239230487": {
      "maxRSS": 124916,
      "systemtime": 56408,
      "usertime": 1087874
     },
     "17239231663": {
      "maxRSS": 125172,
      "systemtime": 56409,
      "usertime": 1087903
     },
     "17239232843": {
      "maxRSS": 125428,
      "systemtime": 56409,
      "usertime": 1091934
     },
     "17239233928": {
      "maxRSS": 125684,
      "systemtime": 56410,
      "usertime": 1091948
     },
     "17239235013": {
      "maxRSS": 125940,
      "systemtime": 56411,
      "usertime": 1091965
     },
     "17239236101": {
      "maxRSS": 126196,
      "systemtime": 56411,
      "usertime": 1095987
     },
     "17239237175": {
      "maxRSS": 126452,
      "systemtime": 56411,
      "usertime": 1096000
     },
     "17239238309": {
      "maxRSS": 126836,
      "systemtime": 56412,
      "usertime": 1096017
     },
     "17239239422": {
      "maxRSS": 127092,
      "systemtime": 56414,
      "usertime": 1096046
     },
     "17239240515": {
      "maxRSS": 127348,
      "systemtime": 56414,
      "usertime": 1100073
     },
     "17239241601": {
      "maxRSS": 127476,
      "systemtime": 56415,
      "usertime": 1100095
     },
     "17239242706": {
      "maxRSS": 127604,
      "systemtime": 56417,
      "usertime": 1100133
     },
     "17239243802": {
      "maxRSS": 127604,
      "systemtime": 56418,
      "usertime": 1100152
     },
     "17239244892": {
      "maxRSS": 127604,
      "systemtime": 56418,
      "usertime": 1104173
     },
     "17239246021": {
      "maxRSS": 127604,
      "systemtime": 56515,
      "usertime": 1106097
     },
     "17239247100": {
      "maxRSS": 127604,
      "systemtime": 56516,
      "usertime": 1106113
     },
     "17239248174": {
      "maxRSS": 127604,
      "systemtime": 56516,
      "usertime": 1108124
     },
     "17239249312": {
      "maxRSS": 127604,
      "systemtime": 56516,
      "usertime": 1108148
     },
     "17239250471": {
      "maxRSS": 127604,
      "systemtime": 56516,
      "usertime": 1108226
     },
     "17239251593": {
      "maxRSS": 127604,
      "systemtime": 56516,
      "usertime": 1108268
     },
     "17239252694": {
      "maxRSS": 127604,
      "systemtime": 56516,
      "usertime": 1112945
     },
     "17239253815": {
      "maxRSS": 127604,
      "systemtime": 56516,
      "usertime": 1112980
     },
     "17239254932": {
      "maxRSS": 127604,
      "systemtime": 56516,
      "usertime": 1113015
     },
     "17239256063": {
      "maxRSS": 127604,
      "systemtime": 56516,
      "usertime": 1116412
     },
     "17239257230": {
      "maxRSS": 127604,
      "systemtime": 56516,
      "usertime": 1116496
     },
     "17239258350": {
      "maxRSS": 127604,
      "systemtime": 56516,
      "usertime": 1116540
     },
     "17239259498": {
      "maxRSS": 127604,
      "systemtime": 56516,
      "usertime": 1116575
     },
     "17239260688": {
      "maxRSS": 127604,
      "systemtime": 56516,
      "usertime": 1120602
     },
     "17239261786": {
      "maxRSS": 127604,
      "systemtime": 56516,
      "usertime": 1120627
     },
     "17239262899": {
      "maxRSS": 127604,
      "systemtime": 56516,
      "usertime": 1120660
     },
     "17239264095": {
      "maxRSS": 127604,
      "systemtime": 56516,
      "usertime": 1124741
     },
     "17239265205": {
      "maxRSS": 127604,
      "systemtime": 56516,
      "usertime": 1124778
     },
     "17239266313": {
      "maxRSS": 127604,
      "systemtime": 56516,
      "usertime": 1124812
     },
     "17239267417": {
      "maxRSS": 127604,
      "systemtime": 56516,
      "usertime": 1124850
     },
     "17239268533": {
      "maxRSS": 127604,
      "systemtime": 56516,
      "usertime": 1128881
     },
     "17239269726": {
      "maxRSS": 127604,
      "systemtime": 56516,
      "usertime": 1128923
     },
     "17239270833": {
      "maxRSS": 127604,
      "systemtime": 56516,
      "usertime": 1128966
     },
     "17239271927": {
      "maxRSS": 127604,
      "systemtime": 56516,
      "usertime": 1128988
     },
     "17239273045": {
      "maxRSS": 127604,
      "systemtime": 56516,
      "usertime": 1133008
     },
     "17239274146": {
      "maxRSS": 127604,
      "systemtime": 56516,
      "usertime": 1133037
     },
     "17239275247": {
      "maxRSS": 127604,
      "systemtime": 56516,
      "usertime": 1133068
     },
     "17239276326": {
      "maxRSS": 127604,
      "systemtime": 56516,
      "usertime": 1137115
     },
     "17239277423": {
      "maxRSS": 127604,
      "systemtime": 56516,
      "usertime": 1137161
     },
     "17239278509": {
      "maxRSS": 127604,
      "systemtime": 56516,
      "usertime": 1137189
     },
     "17239279584": {
      "maxRSS": 127604,
      "systemtime": 56516,
      "usertime": 1137202
     },
     "17239280670": {
      "maxRSS": 127604,
      "systemtime": 56516,
      "usertime": 1141195
     },
     "17239281778": {
      "maxRSS": 127604,
      "systemtime": 56516,
      "usertime": 1141227
     },
     "17239282970": {
      "maxRSS": 127604,
      "systemtime": 56516,
      "usertime": 1141263
     },
     "17239284066": {
      "maxRSS": 127604,
      "systemtime": 56516,
      "usertime": 1145288
     },
     "17239285171": {
      "maxRSS": 127604,
      "systemtime": 56516,
      "usertime": 1145334
     },
     "17239286236": {
      "maxRSS": 127604,
      "systemtime": 56516,
      "usertime": 1145342
     },
     "17239287309": {
      "maxRSS": 127604,
      "systemtime": 56516,
      "usertime": 1145353
     },
     "17239288396": {
      "maxRSS": 127604,
      "systemtime": 56516,
      "usertime": 1149366
     },
     "17239289489": {
      "maxRSS": 127604,
      "systemtime": 56516,
      "usertime": 1149385
     },
     "17239290596": {
      "maxRSS": 127604,
      "systemtime": 56516,
      "usertime": 1149419
     },
     "17239291709": {
      "maxRSS": 127604,
      "systemtime": 56516,
      "usertime": 1149470
     },
     "17239292799": {
      "maxRSS": 127604,
      "systemtime": 56516,
      "usertime": 1153498
     },
     "17239293881": {
      "maxRSS": 127604,
      "systemtime": 56516,
      "usertime": 1153516
     },
     "17239294955": {
      "maxRSS": 127604,
      "systemtime": 56516,
      "usertime": 1153529
     },
     "17239296037": {
      "maxRSS": 127604,
      "systemtime": 56516,
      "usertime": 1157541
     },
     "17239297135": {
      "maxRSS": 127604,
      "systemtime": 56516,
      "usertime": 1157568
     },
     "17239298294": {
      "maxRSS": 127604,
      "systemtime": 56516,
      "usertime": 1157638
     },
     "17239299418": {
      "maxRSS": 127604,
      "systemtime": 56516,
      "usertime": 1157684
     },
     "17239300545": {
      "maxRSS": 127604,
      "systemtime": 56516,
      "usertime": 1161722
     },
     "17239301628": {
      "maxRSS": 127604,
      "systemtime": 56516,
      "usertime": 1161744
     },
     "17239302708": {
      "maxRSS": 127604,
      "systemtime": 56516,
      "usertime": 1161761
     },
     "17239303788": {
      "maxRSS": 127604,
      "systemtime": 56516,
      "usertime": 1161777
     },
     "17239304867": {
      "maxRSS": 127604,
      "systemtime": 56516,
      "usertime": 1165783
     },
     "17239305993": {
      "maxRSS": 127604,
      "systemtime": 56516,
      "usertime": 1165833
     },
     "17239307097": {
      "maxRSS": 127604,
      "systemtime": 56516,
      "usertime": 1165861
     },
     "17239308178": {
      "maxRSS": 127604,
      "systemtime": 56516,
      "usertime": 1169887
     },
     "17239309248": {
      "maxRSS": 127604,
      "systemtime": 56516,
      "usertime": 1169899
     },
     "17239310316": {
      "maxRSS": 127604,
      "systemtime": 56516,
      "usertime": 1169908
     },
     "17239311383": {
      "maxRSS": 127604,
      "systemtime": 56516,
      "usertime": 1169917
     },
     "17239312512": {
      "maxRSS": 127604,
      "systemtime": 56516,
      "usertime": 1173945
     },
     "17239313590": {
      "maxRSS": 127604,
      "systemtime": 56516,
      "usertime": 1173960
     },
     "17239314696": {
      "maxRSS": 127604,
      "systemtime": 56516,
      "usertime": 1173989
     },
     "17239315795": {
      "maxRSS": 127604,
      "systemtime": 56516,
      "usertime": 1174014
     },
     "17239316875": {
      "maxRSS": 127604,
      "systemtime": 56516,
      "usertime": 1178046
     },
     "17239317965": {
      "maxRSS": 127604,
      "systemtime": 56516,
      "usertime": 1178061
     },
     "17239319072": {
      "maxRSS": 127604,
      "systemtime": 56516,
      "usertime": 1178092
     },
     "17239320139": {
      "maxRSS": 127604,
      "systemtime": 56516,
      "usertime": 1182089
     },
     "17239321204": {
      "maxRSS": 127604,
      "systemtime": 56516,
      "usertime": 1182098
     },
     "17239322277": {
      "maxRSS": 127604,
      "systemtime": 56516,
      "usertime": 1182109
     },
     "17239323401": {
      "maxRSS": 127604,
      "systemtime": 56516,
      "usertime": 1182135
     },
     "17239324482": {
      "maxRSS": 127604,
      "systemtime": 56516,
      "usertime": 1186161
     },
     "17239325602": {
      "maxRSS": 127604,
      "systemtime": 56516,
      "usertime": 1186191
     },
     "17239326667": {
      "maxRSS": 127604,
      "systemtime": 56516,
      "usertime": 1186199
     },
     "17239327735": {
      "maxRSS": 127604,
      "systemtime": 56516,
      "usertime": 1186207
     },
     "17239328805": {
      "maxRSS": 127604,
      "systemtime": 56516,
      "usertime": 1190214
     },
     "17239329898": {
      "maxRSS": 127604,
      "systemtime": 56516,
      "usertime": 1190234
     },
     "17239330991": {
      "maxRSS": 127604,
      "systemtime": 56516,
      "usertime": 1190255
     },
     "17239332054": {
      "maxRSS": 127604,
      "systemtime": 56516,
      "usertime": 1194293
     },
     "17239333182": {
      "maxRSS": 127604,
      "systemtime": 56516,
      "usertime": 1194351
     },
     "17239334277": {
      "maxRSS": 127604,
      "systemtime": 56516,
      "usertime": 1194380
     },
     "17239335374": {
      "maxRSS": 127604,
      "systemtime": 56516,
      "usertime": 1194400
     },
     "17239336497": {
      "maxRSS": 127604,
      "systemtime": 56516,
      "usertime": 1198417
     },
     "17239337574": {
      "maxRSS": 127604,
      "systemtime": 56516,
      "usertime": 1198432
     },
     "17239338665": {
      "maxRSS": 127604,
      "systemtime": 56516,
      "usertime": 1198452
     },
     "17239339794": {
      "maxRSS": 127732,
      "systemtime": 56516,
      "usertime": 1198510
     },
     "17239340901": {
      "maxRSS": 127732,
      "systemtime": 56516,
      "usertime": 1202558
     },
     "17239341995": {
      "maxRSS": 127732,
      "systemtime": 56516,
      "usertime": 1202586
     },
     "17239343111": {
      "maxRSS": 127732,
      "systemtime": 56516,
      "usertime": 1202602
     },
     "17239344182": {
      "maxRSS": 127732,
      "systemtime": 56516,
      "usertime": 1206594
     },
     "17239345249": {
      "maxRSS": 127732,
      "systemtime": 56516,
      "usertime": 1206604
     },
     "17239346341": {
      "maxRSS": 127732,
      "systemtime": 56516,
      "usertime": 1206634
     },
     "17239347432": {
      "maxRSS": 127732,
      "systemtime": 56516,
      "usertime": 1206655
     },
     "17239348537": {
      "maxRSS": 127732,
      "systemtime": 56516,
      "usertime": 1210720
     },
     "17239349616": {
      "maxRSS": 127732,
      "systemtime": 56516,
      "usertime": 1210741
     },
     "17239350723": {
      "maxRSS": 127732,
      "systemtime": 56516,
      "usertime": 1210755
     },
     "17239351791": {
      "maxRSS": 127732,
      "systemtime": 56516,
      "usertime": 1210765
     },
     "17239352887": {
      "maxRSS": 127732,
      "systemtime": 56516,
      "usertime": 1214774
     },
     "17239353954": {
      "maxRSS": 127732,
      "systemtime": 56516,
      "usertime": 1214783
     },
     "17239355046": {
      "maxRSS": 127732,
      "systemtime": 56516,
      "usertime": 1214797
     },
     "17239356138": {
      "maxRSS": 127732,
      "systemtime": 56516,
      "usertime": 1218817
     },
     "17239357253": {
      "maxRSS": 127732,
      "systemtime": 56516,
      "usertime": 1218859
     },
     "17239358339": {
      "maxRSS": 127732,
      "systemtime": 56516,
      "usertime": 1218884
     },
     "17239359412": {
      "maxRSS": 127732,
      "systemtime": 56516,
      "usertime": 1218896
     },
     "17239360529": {
      "maxRSS": 127732,
      "systemtime": 56516,
      "usertime": 1222932
     },
     "17239361607": {
      "maxRSS": 127732,
      "systemtime": 56516,
      "usertime": 1222949
     },
     "17239362675": {
      "maxRSS": 127732,
      "systemtime": 56516,
      "usertime": 1222959
     },
     "17239363772": {
      "maxRSS": 127732,
      "systemtime": 56516,
      "usertime": 1222974
     },
     "17239364881": {
      "maxRSS": 127732,
      "systemtime": 56516,
      "usertime": 1227006
     },
     "17239366019": {
      "maxRSS": 127732,
      "systemtime": 56516,
      "usertime": 1227033
     },
     "17239367144": {
      "maxRSS": 127732,
      "systemtime": 56516,
      "usertime": 1227097
     },
     "17239368219": {
      "maxRSS": 127732,
      "systemtime": 56516,
      "usertime": 1231113
     },
     "17239369292": {
      "maxRSS": 127732,
      "systemtime": 56516,
      "usertime": 1231127
     },
     "17239370376": {
      "maxRSS": 127732,
      "systemtime": 56516,
      "usertime": 1231141
     },
     "17239371461": {
      "maxRSS": 127732,
      "systemtime": 56516,
      "usertime": 1231160
     },
     "17239372549": {
      "maxRSS": 127732,
      "systemtime": 56516,
      "usertime": 1235177
     },
     "17239373672": {
      "maxRSS": 127732,
      "systemtime": 56516,
      "usertime": 1235232
     },
     "17239374761": {
      "maxRSS": 127732,
      "systemtime": 56516,
      "usertime": 1235257
     },
     "17239375837": {
      "maxRSS": 127732,
      "systemtime": 56516,
      "usertime": 1235272
     },
     "17239376904": {
      "maxRSS": 127732,
      "systemtime": 56517,
      "usertime": 1239349
     },
     "17239378019": {
      "maxRSS": 127732,
      "systemtime": 56517,
      "usertime": 1239357
     },
     "17239379108": {
      "maxRSS": 127732,
      "systemtime": 56518,
      "usertime": 1239372
     },
     "17239380213": {
      "maxRSS": 127732,
      "systemtime": 56518,
      "usertime": 1243354
     },
     "17239381308": {
      "maxRSS": 127732,
      "systemtime": 56518,
      "usertime": 1243381
     },
     "17239382407": {
      "maxRSS": 127732,
      "systemtime": 56518,
      "usertime": 1243406
     },
     "17239383551": {
      "maxRSS": 127732,
      "systemtime": 56520,
      "usertime": 1243451
     },
     "17239384652": {
      "maxRSS": 127732,
      "systemtime": 56520,
      "usertime": 1247492
     },
     "17239385752": {
      "maxRSS": 127732,
      "systemtime": 56522,
      "usertime": 1247530
     },
     "17239387874": {
      "maxRSS": 127732,
      "systemtime": 56523,
      "usertime": 1247554
     },
     "17239389993": {
      "maxRSS": 127732,
      "systemtime": 56523,
      "usertime": 1251587
     },
     "17239392069": {
      "maxRSS": 127732,
      "systemtime": 56523,
      "usertime": 1255639
     },
     "17239394171": {
      "maxRSS": 127732,
      "systemtime": 56525,
      "usertime": 1255672
     },
     "17239396285": {
      "maxRSS": 127732,
      "systemtime": 56525,
      "usertime": 1259692
     },
     "17239398411": {
      "maxRSS": 127732,
      "systemtime": 56526,
      "usertime": 1259732
     },
     "17239400516": {
      "maxRSS": 127732,
      "systemtime": 56526,
      "usertime": 1263777
     },
     "17239402620": {
      "maxRSS": 127732,
      "systemtime": 56528,
      "usertime": 1263820
     },
     "17239404724": {
      "maxRSS": 127732,
      "systemtime": 56528,
      "usertime": 1267834
     },
     "17239406828": {
      "maxRSS": 127732,
      "systemtime": 56529,
      "usertime": 1267865
     },
     "17239408911": {
      "maxRSS": 127732,
      "systemtime": 56529,
      "usertime": 1271894
     },
     "17239410980": {
      "maxRSS": 127732,
      "systemtime": 56529,
      "usertime": 1271904
     },
     "17239413062": {
      "maxRSS": 127732,
      "systemtime": 56529,
      "usertime": 1275913
     },
     "17239415190": {
      "maxRSS": 127732,
      "systemtime": 56530,
      "usertime": 1275964
     },
     "17239417272": {
      "maxRSS": 127732,
      "systemtime": 56530,
      "usertime": 1279990
     },
     "17239419346": {
      "maxRSS": 127732,
      "systemtime": 56530,
      "usertime": 1280004
     },
     "17239421461": {
      "maxRSS": 127732,
      "systemtime": 56530,
      "usertime": 1284018
     },
     "17239423567": {
      "maxRSS": 127732,
      "systemtime": 56530,
      "usertime": 1284047
     },
     "17239425668": {
      "maxRSS": 127732,
      "systemtime": 56531,
      "usertime": 1288101
     },
     "17239427778": {
      "maxRSS": 127732,
      "systemtime": 56533,
      "usertime": 1288145
     },
     "17239429868": {
      "maxRSS": 127732,
      "systemtime": 56533,
      "usertime": 1292147
     },
     "17239431982": {
      "maxRSS": 127732,
      "systemtime": 56533,
      "usertime": 1292179
     },
     "17239434113": {
      "maxRSS": 127732,
      "systemtime": 56533,
      "usertime": 1296241
     },
     "17239436199": {
      "maxRSS": 127732,
      "systemtime": 56533,
      "usertime": 1300268
     },
     "17239438294": {
      "maxRSS": 127732,
      "systemtime": 56533,
      "usertime": 1300297
     },
     "17239440430": {
      "maxRSS": 127732,
      "systemtime": 56533,
      "usertime": 1304366
     },
     "17239442544": {
      "maxRSS": 127732,
      "systemtime": 56533,
      "usertime": 1304397
     },
     "17239444623": {
      "maxRSS": 127732,
      "systemtime": 56533,
      "usertime": 1308412
     },
     "17239446704": {
      "maxRSS": 127732,
      "systemtime": 56533,
      "usertime": 1308428
     },
     "17239448799": {
      "maxRSS": 127732,
      "systemtime": 56533,
      "usertime": 1312456
     },
     "17239450900": {
      "maxRSS": 127732,
      "systemtime": 56533,
      "usertime": 1312491
     },
     "17239453014": {
      "maxRSS": 127732,
      "systemtime": 56533,
      "usertime": 1316516
     },
     "17239455146": {
      "maxRSS": 127732,
      "systemtime": 56533,
      "usertime": 1316566
     },
     "17239457274": {
      "maxRSS": 127732,
      "systemtime": 56533,
      "usertime": 1320748
     },
     "17239459368": {
      "maxRSS": 127732,
      "systemtime": 56533,
      "usertime": 1320776
     },
     "17239461462": {
      "maxRSS": 127732,
      "systemtime": 56533,
      "usertime": 1324682
     },
     "17239463629": {
      "maxRSS": 127732,
      "systemtime": 56533,
      "usertime": 1324737
     },
     "17239465728": {
      "maxRSS": 127732,
      "systemtime": 56533,
      "usertime": 1328765
     },
     "17239467824": {
      "maxRSS": 127732,
      "systemtime": 56533,
      "usertime": 1328800
     },
     "17239469921": {
      "maxRSS": 127732,
      "systemtime": 56533,
      "usertime": 1332815
     },
     "17239472054": {
      "maxRSS": 127732,
      "systemtime": 56533,
      "usertime": 1336867
     },
     "17239474162": {
      "maxRSS": 127732,
      "systemtime": 56533,
      "usertime": 1336906
     },
     "17239476257": {
      "maxRSS": 127732,
      "systemtime": 56533,
      "usertime": 1340932
     },
     "17239478365": {
      "maxRSS": 127732,
      "systemtime": 56533,
      "usertime": 1340947
     },
     "17239480483": {
      "maxRSS": 127732,
      "systemtime": 56533,
      "usertime": 1344985
     },
     "17239482593": {
      "maxRSS": 127732,
      "systemtime": 56533,
      "usertime": 1345017
     },
     "17239484747": {
      "maxRSS": 127732,
      "systemtime": 56533,
      "usertime": 1349063
     },
     "17239486850": {
      "maxRSS": 127732,
      "systemtime": 56533,
      "usertime": 1349092
     },
     "17239488963": {
      "maxRSS": 127732,
      "systemtime": 56533,
      "usertime": 1353111
     },
     "17239491107": {
      "maxRSS": 127732,
      "systemtime": 56533,
      "usertime": 1353165
     },
     "17239493304": {
      "maxRSS": 127732,
      "systemtime": 56533,
      "usertime": 1357290
     },
     "17239495442": {
      "maxRSS": 127732,
      "systemtime": 56533,
      "usertime": 1357326
     },
     "17239497557": {
      "maxRSS": 127732,
      "systemtime": 56533,
      "usertime": 1361354
     },
     "17239499686": {
      "maxRSS": 127732,
      "systemtime": 56533,
      "usertime": 1361401
     },
     "17239501796": {
      "maxRSS": 127732,
      "systemtime": 56533,
      "usertime": 1365439
     },
     "17239503883": {
      "maxRSS": 127732,
      "systemtime": 56533,
      "usertime": 1365463
     },
     "17239506000": {
      "maxRSS": 127732,
      "systemtime": 56533,
      "usertime": 1369483
     },
     "17239508138": {
      "maxRSS": 127732,
      "systemtime": 56533,
      "usertime": 1373574
     },
     "17239510269": {
      "maxRSS": 127732,
      "systemtime": 56533,
      "usertime": 1373618
     },
     "17239512379": {
      "maxRSS": 127732,
      "systemtime": 56533,
      "usertime": 1377712
     },
     "17239514518": {
      "maxRSS": 127732,
      "systemtime": 56533,
      "usertime": 1377761
     },
     "17239516649": {
      "maxRSS": 127732,
      "systemtime": 56533,
      "usertime": 1381748
     },
     "17239518754": {
      "maxRSS": 127732,
      "systemtime": 56533,
      "usertime": 1381780
     },
     "17239520855": {
      "maxRSS": 127732,
      "systemtime": 56533,
      "usertime": 1385816
     },
     "17239522953": {
      "maxRSS": 127732,
      "systemtime": 56533,
      "usertime": 1385840
     },
     "17239525085": {
      "maxRSS": 127732,
      "systemtime": 56533,
      "usertime": 1389885
     },
     "17239527170": {
      "maxRSS": 127732,
      "systemtime": 56533,
      "usertime": 1389908
     },
     "17239529291": {
      "maxRSS": 127732,
      "systemtime": 56533,
      "usertime": 1393921
     },
     "17239531386": {
      "maxRSS": 127732,
      "systemtime": 56533,
      "usertime": 1393947
     },
     "17239533515": {
      "maxRSS": 127732,
      "systemtime": 56533,
      "usertime": 1398015
     },
     "17239535590": {
      "maxRSS": 127860,
      "systemtime": 56533,
      "usertime": 1398029
     },
     "17239537656": {
      "maxRSS": 127988,
      "systemtime": 56533,
      "usertime": 1402033
     },
     "17239539732": {
      "maxRSS": 128116,
      "systemtime": 56533,
      "usertime": 1402045
     },
     "17239541815": {
      "maxRSS": 128244,
      "systemtime": 56533,
      "usertime": 1406061
     },
     "17239543882": {
      "maxRSS": 128372,
      "systemtime": 56533,
      "usertime": 1406072
     },
     "17239545968": {
      "maxRSS": 128500,
      "systemtime": 56533,
      "usertime": 1410094
     },
     "17239548032": {
      "maxRSS": 128628,
      "systemtime": 56533,
      "usertime": 1414114
     },
     "17239550103": {
      "maxRSS": 128884,
      "systemtime": 56533,
      "usertime": 1414128
     },
     "17239552173": {
      "maxRSS": 129012,
      "systemtime": 56533,
      "usertime": 1418139
     },
     "17239554262": {
      "maxRSS": 129140,
      "systemtime": 56533,
      "usertime": 1418159
     },
     "17239556344": {
      "maxRSS": 129268,
      "systemtime": 56533,
      "usertime": 1422185
     },
     "17239558431": {
      "maxRSS": 129396,
      "systemtime": 56533,
      "usertime": 1422205
     },
     "17239560537": {
      "maxRSS": 129524,
      "systemtime": 56533,
      "usertime": 1426239
     },
     "17239562622": {
      "maxRSS": 129780,
      "systemtime": 56533,
      "usertime": 1426265
     },
     "17239564711": {
      "maxRSS": 129908,
      "systemtime": 56533,
      "usertime": 1430289
     },
     "17239566784": {
      "maxRSS": 130036,
      "systemtime": 56533,
      "usertime": 1430303
     },
     "17239568850": {
      "maxRSS": 130164,
      "systemtime": 56533,
      "usertime": 1434309
     },
     "17239570917": {
      "maxRSS": 130292,
      "systemtime": 56533,
      "usertime": 1434318
     },
     "17239573010": {
      "maxRSS": 130420,
      "systemtime": 56533,
      "usertime": 1438344
     },
     "17239575092": {
      "maxRSS": 130548,
      "systemtime": 56533,
      "usertime": 1438362
     },
     "17239577205": {
      "maxRSS": 130676,
      "systemtime": 56533,
      "usertime": 1442410
     },
     "17239579308": {
      "maxRSS": 130804,
      "systemtime": 56533,
      "usertime": 1442442
     },
     "17239581421": {
      "maxRSS": 130932,
      "systemtime": 56533,
      "usertime": 1446491
     },
     "17239583543": {
      "maxRSS": 131060,
      "systemtime": 56533,
      "usertime": 1446536
     },
     "17239585696": {
      "maxRSS": 131060,
      "systemtime": 56533,
      "usertime": 1450660
     },
     "17239587812": {
      "maxRSS": 131188,
      "systemtime": 56533,
      "usertime": 1450700
     },
     "17239589938": {
      "maxRSS": 131316,
      "systemtime": 56533,
      "usertime": 1454684
     },
     "17239592039": {
      "maxRSS": 131444,
      "systemtime": 56533,
      "usertime": 1458717
     },
     "17239594205": {
      "maxRSS": 131572,
      "systemtime": 56533,
      "usertime": 1458751
     },
     "17239596303": {
      "maxRSS": 131700,
      "systemtime": 56533,
      "usertime": 1462771
     },
     "17239598417": {
      "maxRSS": 131956,
      "systemtime": 56533,
      "usertime": 1462812
     },
     "17239600496": {
      "maxRSS": 132084,
      "systemtime": 56533,
      "usertime": 1466832
     },
     "17239602601": {
      "maxRSS": 132212,
      "systemtime": 56533,
      "usertime": 1466849
     },
     "17239604670": {
      "maxRSS": 132340,
      "systemtime": 56533,
      "usertime": 1470857
     },
     "17239606779": {
      "maxRSS": 132468,
      "systemtime": 56533,
      "usertime": 1470892
     },
     "17239608875": {
      "maxRSS": 132596,
      "systemtime": 56533,
      "usertime": 1474988
     },
     "17239611004": {
      "maxRSS": 132724,
      "systemtime": 56533,
      "usertime": 1475015
     },
     "17239613137": {
      "maxRSS": 132980,
      "systemtime": 56533,
      "usertime": 1478993
     },
     "17239615228": {
      "maxRSS": 133108,
      "systemtime": 56533,
      "usertime": 1479018
     },
     "17239617314": {
      "maxRSS": 133236,
      "systemtime": 56533,
      "usertime": 1483039
     },
     "17239619402": {
      "maxRSS": 133364,
      "systemtime": 56533,
      "usertime": 1483059
     },
     "17239621516": {
      "maxRSS": 133492,
      "systemtime": 56533,
      "usertime": 1487095
     },
     "17239623638": {
      "maxRSS": 133620,
      "systemtime": 56533,
      "usertime": 1487142
     },
     "17239625807": {
      "maxRSS": 133620,
      "systemtime": 56533,
      "usertime": 1492245
     },
     "17239627948": {
      "maxRSS": 133748,
      "systemtime": 56533,
      "usertime": 1492282
     },
     "17239630044": {
      "maxRSS": 133876,
      "systemtime": 56533,
      "usertime": 1495358
     },
     "17239632154": {
      "maxRSS": 134004,
      "systemtime": 56533,
      "usertime": 1499345
     },
     "17239634290": {
      "maxRSS": 134132,
      "systemtime": 56533,
      "usertime": 1499381
     },
     "17239636371": {
      "maxRSS": 134260,
      "systemtime": 56533,
      "usertime": 1503393
     },
     "17239638489": {
      "maxRSS": 134388,
      "systemtime": 56533,
      "usertime": 1503438
     },
     "17239640621": {
      "maxRSS": 134516,
      "systemtime": 56533,
      "usertime": 1507510
     },
     "17239642733": {
      "maxRSS": 134644,
      "systemtime": 56533,
      "usertime": 1507549
     },
     "17239644844": {
      "maxRSS": 134644,
      "systemtime": 56533,
      "usertime": 1511560
     },
     "17239647038": {
      "maxRSS": 134772,
      "systemtime": 56533,
      "usertime": 1511602
     },
     "17239649174": {
      "maxRSS": 134900,
      "systemtime": 56533,
      "usertime": 1515657
     },
     "17239651331": {
      "maxRSS": 135028,
      "systemtime": 56533,
      "usertime": 1515749
     },
     "17239653428": {
      "maxRSS": 135156,
      "systemtime": 56533,
      "usertime": 1519766
     },
     "17239655521": {
      "maxRSS": 135284,
      "systemtime": 56533,
      "usertime": 1519788
     },
     "17239659636": {
      "maxRSS": 135668,
      "systemtime": 56533,
      "usertime": 1523817
     },
     "17239663735": {
      "maxRSS": 135924,
      "systemtime": 56533,
      "usertime": 1527843
     },
     "17239667876": {
      "maxRSS": 136180,
      "systemtime": 56533,
      "usertime": 1531866
     },
     "17239671958": {
      "maxRSS": 136436,
      "systemtime": 56533,
      "usertime": 1535884
     },
     "17239676060": {
      "maxRSS": 136692,
      "systemtime": 56533,
      "usertime": 1543922
     },
     "17239680083": {
      "maxRSS": 137076,
      "systemtime": 56533,
      "usertime": 1547943
     },
     "17239684165": {
      "maxRSS": 137332,
      "systemtime": 56533,
      "usertime": 1551967
     },
     "17239688280": {
      "maxRSS": 137588,
      "systemtime": 56533,
      "usertime": 1556009
     },
     "17239692377": {
      "maxRSS": 137844,
      "systemtime": 56533,
      "usertime": 1560041
     },
     "17239696476": {
      "maxRSS": 138228,
      "systemtime": 56533,
      "usertime": 1564078
     },
     "17239700596": {
      "maxRSS": 138484,
      "systemtime": 56533,
      "usertime": 1568120
     },
     "17239704678": {
      "maxRSS": 138740,
      "systemtime": 56533,
      "usertime": 1572137
     },
     "17239708763": {
      "maxRSS": 138996,
      "systemtime": 56533,
      "usertime": 1576156
     },
     "17239712900": {
      "maxRSS": 139252,
      "systemtime": 56533,
      "usertime": 1580179
     },
     "17239716990": {
      "maxRSS": 139636,
      "systemtime": 56533,
      "usertime": 1584214
     },
     "17239721071": {
      "maxRSS": 139892,
      "systemtime": 56533,
      "usertime": 1588221
     },
     "17239725164": {
      "maxRSS": 140148,
      "systemtime": 56533,
      "usertime": 1592254
     },
     "17239729263": {
      "maxRSS": 140532,
      "systemtime": 56533,
      "usertime": 1596274
     },
     "17239733341": {
      "maxRSS": 140788,
      "systemtime": 56533,
      "usertime": 1600293
     },
     "17239737445": {
      "maxRSS": 141044,
      "systemtime": 56533,
      "usertime": 1604321
     },
     "17239741569": {
      "maxRSS": 141300,
      "systemtime": 56533,
      "usertime": 1608351
     },
     "17239745649": {
      "maxRSS": 141684,
      "systemtime": 56533,
      "usertime": 1612374
     },
     "17239749749": {
      "maxRSS": 141940,
      "systemtime": 56533,
      "usertime": 1616413
     },
     "17239753835": {
      "maxRSS": 142196,
      "systemtime": 56533,
      "usertime": 1620433
     },
     "17239757921": {
      "maxRSS": 142452,
      "systemtime": 56533,
      "usertime": 1624454
     },
     "17239762013": {
      "maxRSS": 142836,
      "systemtime": 56533,
      "usertime": 1628479
     },
     "17239766110": {
      "maxRSS": 143092,
      "systemtime": 56533,
      "usertime": 1632507
     },
     "17239770203": {
      "maxRSS": 143348,
      "systemtime": 56533,
      "usertime": 1636536
     },
     "17239774310": {
      "maxRSS": 143604,
      "systemtime": 56533,
      "usertime": 1640559
     },
     "17239778488": {
      "maxRSS": 144116,
      "systemtime": 56533,
      "usertime": 1644639
     },
     "17239782583": {
      "maxRSS": 144372,
      "systemtime": 56533,
      "usertime": 1648689
     },
     "17239786714": {
      "maxRSS": 144628,
      "systemtime": 56533,
      "usertime": 1652701
     },
     "17239790828": {
      "maxRSS": 144884,
      "systemtime": 56533,
      "usertime": 1656722
     },
     "17239794961": {
      "maxRSS": 145268,
      "systemtime": 56533,
      "usertime": 1660739
     },
     "17239799078": {
      "maxRSS": 145524,
      "systemtime": 56533,
      "usertime": 1664763
     },
     "17239803300": {
      "maxRSS": 145780,
      "systemtime": 56533,
      "usertime": 1668835
     },
     "17239807527": {
      "maxRSS": 146036,
      "systemtime": 56533,
      "usertime": 1672858
     },
     "17239811796": {
      "maxRSS": 146420,
      "systemtime": 56533,
      "usertime": 1676876
     },
     "17239815952": {
      "maxRSS": 146676,
      "systemtime": 56533,
      "usertime": 1680907
     },
     "17239820117": {
      "maxRSS": 146932,
      "systemtime": 56533,
      "usertime": 1688938
     },
     "17239824209": {
      "maxRSS": 147188,
      "systemtime": 56533,
      "usertime": 1692965
     },
     "17239828313": {
      "maxRSS": 147572,
      "systemtime": 56533,
      "usertime": 1697010
     },
     "17239832445": {
      "maxRSS": 147828,
      "systemtime": 56533,
      "usertime": 1701027
     },
     "17239836553": {
      "maxRSS": 148084,
      "systemtime": 56533,
      "usertime": 1705043
     },
     "17239840651": {
      "maxRSS": 148212,
      "systemtime": 56541,
      "usertime": 1709096
     },
     "17239843988": {
      "maxRSS": 148212,
      "systemtime": 56562,
      "usertime": 1713022
     },
     "17239845122": {
      "maxRSS": 148212,
      "systemtime": 56562,
      "usertime": 1713164
     },
     "17239846179": {
      "maxRSS": 148212,
      "systemtime": 56562,
      "usertime": 1715338
     },
     "17239847277": {
      "maxRSS": 148596,
      "systemtime": 56562,
      "usertime": 1715357
     },
     "17239848400": {
      "maxRSS": 148852,
      "systemtime": 56562,
      "usertime": 1717250
     },
     "17239849512": {
      "maxRSS": 149108,
      "systemtime": 56562,
      "usertime": 1717271
     },
     "17239850611": {
      "maxRSS": 149492,
      "systemtime": 56562,
      "usertime": 1717281
     },
     "17239851724": {
      "maxRSS": 149748,
      "systemtime": 56562,
      "usertime": 1717302
     },
     "17239852830": {
      "maxRSS": 150004,
      "systemtime": 56562,
      "usertime": 1721315
     },
     "17239853996": {
      "maxRSS": 150260,
      "systemtime": 56562,
      "usertime": 1721356
     },
     "17239855089": {
      "maxRSS": 150644,
      "systemtime": 56562,
      "usertime": 1721382
     },
     "17239856202": {
      "maxRSS": 150900,
      "systemtime": 56562,
      "usertime": 1725439
     },
     "17239857306": {
      "maxRSS": 151156,
      "systemtime": 56562,
      "usertime": 1725452
     },
     "17239858376": {
      "maxRSS": 151412,
      "systemtime": 56562,
      "usertime": 1725464
     },
     "17239859518": {
      "maxRSS": 151668,
      "systemtime": 56562,
      "usertime": 1725483
     },
     "17239860610": {
      "maxRSS": 152052,
      "systemtime": 56562,
      "usertime": 1729480
     },
     "17239861681": {
      "maxRSS": 152308,
      "systemtime": 56562,
      "usertime": 1729493
     },
     "17239862806": {
      "maxRSS": 152564,
      "systemtime": 56562,
      "usertime": 1729507
     },
     "17239863910": {
      "maxRSS": 152820,
      "systemtime": 56562,
      "usertime": 1729525
     },
     "17239865022": {
      "maxRSS": 153076,
      "systemtime": 56562,
      "usertime": 1733528
     },
     "17239866161": {
      "maxRSS": 153460,
      "systemtime": 56562,
      "usertime": 1733565
     },
     "17239867264": {
      "maxRSS": 153716,
      "systemtime": 56562,
      "usertime": 1733599
     },
     "17239868343": {
      "maxRSS": 153972,
      "systemtime": 60342,
      "usertime": 1733847
     },
     "17239869450": {
      "maxRSS": 154228,
      "systemtime": 60343,
      "usertime": 1733874
     },
     "17239870577": {
      "maxRSS": 154356,
      "systemtime": 60345,
      "usertime": 1733915
     },
     "17239871696": {
      "maxRSS": 154356,
      "systemtime": 60346,
      "usertime": 1733955
     },
     "17239872864": {
      "maxRSS": 154356,
      "systemtime": 60348,
      "usertime": 1734003
     },
     "17239874001": {
      "maxRSS": 154356,
      "systemtime": 60350,
      "usertime": 1734064
     },
     "17239875095": {
      "maxRSS": 154356,
      "systemtime": 60351,
      "usertime": 1734090
     },
     "17239876178": {
      "maxRSS": 154484,
      "systemtime": 64373,
      "usertime": 1738087
     },
     "17239877261": {
      "maxRSS": 154740,
      "systemtime": 64374,
      "usertime": 1738103
     },
     "17239878378": {
      "maxRSS": 154996,
      "systemtime": 64374,
      "usertime": 1738118
     },
     "17239879491": {
      "maxRSS": 155380,
      "systemtime": 64375,
      "usertime": 1738136
     },
     "17239880606": {
      "maxRSS": 155636,
      "systemtime": 64375,
      "usertime": 1742141
     },
     "17239881703": {
      "maxRSS": 155892,
      "systemtime": 64375,
      "usertime": 1742174
     },
     "17239882793": {
      "maxRSS": 156276,
      "systemtime": 64376,
      "usertime": 1742189
     },
     "17239883863": {
      "maxRSS": 156532,
      "systemtime": 64376,
      "usertime": 1742201
     },
     "17239884953": {
      "maxRSS": 156532,
      "systemtime": 64376,
      "usertime": 1746216
     },
     "17239886080": {
      "maxRSS": 156788,
      "systemtime": 64377,
      "usertime": 1746242
     },
     "17239887199": {
      "maxRSS": 157044,
      "systemtime": 64378,
      "usertime": 1746264
     },
     "17239888291": {
      "maxRSS": 157300,
      "systemtime": 64379,
      "usertime": 1750316
     },
     "17239889377": {
      "maxRSS": 157556,
      "systemtime": 64380,
      "usertime": 1750331
     },
     "17239890513": {
      "maxRSS": 157812,
      "systemtime": 64380,
      "usertime": 1750353
     },
     "17239891600": {
      "maxRSS": 158068,
      "systemtime": 64381,
      "usertime": 1750367
     },
     "17239892675": {
      "maxRSS": 158324,
      "systemtime": 68371,
      "usertime": 1750367
     },
     "17239893752": {
      "maxRSS": 158580,
      "systemtime": 68385,
      "usertime": 1750367
     },
     "17239894845": {
      "maxRSS": 158836,
      "systemtime": 68405,
      "usertime": 1750374
     },
     "17239895975": {
      "maxRSS": 159092,
      "systemtime": 68406,
      "usertime": 1750390
     },
     "17239897042": {
      "maxRSS": 159348,
      "systemtime": 68406,
      "usertime": 1754400
     },
     "17239898149": {
      "maxRSS": 159732,
      "systemtime": 68406,
      "usertime": 1754419
     },
     "17239899252": {
      "maxRSS": 159988,
      "systemtime": 68406,
      "usertime": 1754430
     },
     "17239900361": {
      "maxRSS": 160116,
      "systemtime": 68406,
      "usertime": 1758459
     },
     "17239901547": {
      "maxRSS": 160372,
      "systemtime": 68408,
      "usertime": 1758509
     },
     "17239902760": {
      "maxRSS": 160628,
      "systemtime": 68409,
      "usertime": 1758532
     },
     "17239903946": {
      "maxRSS": 161012,
      "systemtime": 68410,
      "usertime": 1758550
     },
     "17239905076": {
      "maxRSS": 161268,
      "systemtime": 68410,
      "usertime": 1762564
     },
     "17239906252": {
      "maxRSS": 161524,
      "systemtime": 68410,
      "usertime": 1762581
     },
     "17239907445": {
      "maxRSS": 161780,
      "systemtime": 68411,
      "usertime": 1762597
     },
     "17239908636": {
      "maxRSS": 162036,
      "systemtime": 72435,
      "usertime": 1762600
     },
     "17239909728": {
      "maxRSS": 162292,
      "systemtime": 72436,
      "usertime": 1762629
     },
     "17239910838": {
      "maxRSS": 162548,
      "systemtime": 72437,
      "usertime": 1762642
     },
     "17239911918": {
      "maxRSS": 162804,
      "systemtime": 72437,
      "usertime": 1762653
     },
     "17239912996": {
      "maxRSS": 163060,
      "systemtime": 72437,
      "usertime": 1766647
     },
     "17239914079": {
      "maxRSS": 163316,
      "systemtime": 72437,
      "usertime": 1766664
     },
     "17239915152": {
      "maxRSS": 163572,
      "systemtime": 72437,
      "usertime": 1766676
     },
     "17239916232": {
      "maxRSS": 163828,
      "systemtime": 72437,
      "usertime": 1770697
     },
     "17239917313": {
      "maxRSS": 164084,
      "systemtime": 72438,
      "usertime": 1770712
     },
     "17239918391": {
      "maxRSS": 164340,
      "systemtime": 72438,
      "usertime": 1770727
     },
     "17239919471": {
      "maxRSS": 164468,
      "systemtime": 72439,
      "usertime": 1770743
     },
     "17239920583": {
      "maxRSS": 164724,
      "systemtime": 72439,
      "usertime": 1774757
     },
     "17239921695": {
      "maxRSS": 164980,
      "systemtime": 72440,
      "usertime": 1774780
     },
     "17239922879": {
      "maxRSS": 165236,
      "systemtime": 72441,
      "usertime": 1774809
     },
     "17239923961": {
      "maxRSS": 165492,
      "systemtime": 72441,
      "usertime": 1774825
     },
     "17239925073": {
      "maxRSS": 165748,
      "systemtime": 72442,
      "usertime": 1778855
     },
     "17239926175": {
      "maxRSS": 166132,
      "systemtime": 72442,
      "usertime": 1778865
     },
     "17239927258": {
      "maxRSS": 166388,
      "systemtime": 72442,
      "usertime": 1778871
     },
     "17239928324": {
      "maxRSS": 166644,
      "systemtime": 72442,
      "usertime": 1782874
     },
     "17239929408": {
      "maxRSS": 166900,
      "systemtime": 72442,
      "usertime": 1782896
     },
     "17239930489": {
      "maxRSS": 167028,
      "systemtime": 72443,
      "usertime": 1782912
     },
     "17239931561": {
      "maxRSS": 167284,
      "systemtime": 72443,
      "usertime": 1782927
     },
     "17239932638": {
      "maxRSS": 167540,
      "systemtime": 72443,
      "usertime": 1786946
     },
     "17239933749": {
      "maxRSS": 167796,
      "systemtime": 72444,
      "usertime": 1786961
     },
     "17239934854": {
      "maxRSS": 168052,
      "systemtime": 72444,
      "usertime": 1786974
     },
     "17239935975": {
      "maxRSS": 168436,
      "systemtime": 72445,
      "usertime": 1786999
     },
     "17239937079": {
      "maxRSS": 168692,
      "systemtime": 72445,
      "usertime": 1791010
     },
     "17239938153": {
      "maxRSS": 168820,
      "systemtime": 72445,
      "usertime": 1791022
     },
     "17239939249": {
      "maxRSS": 169076,
      "systemtime": 72446,
      "usertime": 1791041
     },
     "17239940338": {
      "maxRSS": 169332,
      "systemtime": 72446,
      "usertime": 1795064
     },
     "17239941426": {
      "maxRSS": 169588,
      "systemtime": 72447,
      "usertime": 1795084
     },
     "17239942502": {
      "maxRSS": 169844,
      "systemtime": 72447,
      "usertime": 1795098
     },
     "17239943633": {
      "maxRSS": 170100,
      "systemtime": 72449,
      "usertime": 1795140
     },
     "17239944709": {
      "maxRSS": 170356,
      "systemtime": 72449,
      "usertime": 1799151
     },
     "17239945813": {
      "maxRSS": 170612,
      "systemtime": 72449,
      "usertime": 1799162
     },
     "17239946893": {
      "maxRSS": 170868,
      "systemtime": 72450,
      "usertime": 1799177
     },
     "17239948012": {
      "maxRSS": 171252,
      "systemtime": 72450,
      "usertime": 1803192
     },
     "17239949151": {
      "maxRSS": 171508,
      "systemtime": 72450,
      "usertime": 1803211
     },
     "17239950246": {
      "maxRSS": 171764,
      "systemtime": 72451,
      "usertime": 1803241
     },
     "17239951327": {
      "maxRSS": 172020,
      "systemtime": 72452,
      "usertime": 1803256
     },
     "17239952436": {
      "maxRSS": 172276,
      "systemtime": 72452,
      "usertime": 1807270
     },
     "17239953504": {
      "maxRSS": 172532,
      "systemtime": 72452,
      "usertime": 1807281
     },
     "17239954580": {
      "maxRSS": 172788,
      "systemtime": 72452,
      "usertime": 1807293
     },
     "17239955652": {
      "maxRSS": 173044,
      "systemtime": 72453,
      "usertime": 1807306
     },
     "17239956756": {
      "maxRSS": 173300,
      "systemtime": 72453,
      "usertime": 1811337
     },
     "17239957883": {
      "maxRSS": 173556,
      "systemtime": 72454,
      "usertime": 1811355
     },
     "17239959003": {
      "maxRSS": 173812,
      "systemtime": 72454,
      "usertime": 1811369
     },
     "17239960031": {
      "maxRSS": 174068,
      "systemtime": 72454,
      "usertime": 1815382
     },
     "17239961105": {
      "maxRSS": 174324,
      "systemtime": 72454,
      "usertime": 1815395
     },
     "17239962196": {
      "maxRSS": 174580,
      "systemtime": 72455,
      "usertime": 1815412
     },
     "17239963306": {
      "maxRSS": 174836,
      "systemtime": 72457,
      "usertime": 1815455
     },
     "17239964398": {
      "maxRSS": 175092,
      "systemtime": 72457,
      "usertime": 1819480
     },
     "17239965486": {
      "maxRSS": 175348,
      "systemtime": 72458,
      "usertime": 1819502
     },
     "17239966570": {
      "maxRSS": 175604,
      "systemtime": 72458,
      "usertime": 1819522
     },
     "17239967657": {
      "maxRSS": 175732,
      "systemtime": 72459,
      "usertime": 1819540
     },
     "17239968777": {
      "maxRSS": 175988,
      "systemtime": 72460,
      "usertime": 1823577
     },
     "17239969886": {
      "maxRSS": 176244,
      "systemtime": 72460,
      "usertime": 1823591
     },
     "17239970971": {
      "maxRSS": 176500,
      "systemtime": 72461,
      "usertime": 1823616
     },
     "17239972069": {
      "maxRSS": 176756,
      "systemtime": 72461,
      "usertime": 1827621
     },
     "17239973141": {
      "maxRSS": 177012,
      "systemtime": 72461,
      "usertime": 1827635
     },
     "17239974207": {
      "maxRSS": 177268,
      "systemtime": 72461,
      "usertime": 1827643
     },
     "17239975273": {
      "maxRSS": 177524,
      "systemtime": 72461,
      "usertime": 1827651
     },
     "17239976341": {
      "maxRSS": 177780,
      "systemtime": 72461,
      "usertime": 1831658
     },
     "17239977463": {
      "maxRSS": 178036,
      "systemtime": 72462,
      "usertime": 1831692
     },
     "17239978571": {
      "maxRSS": 178292,
      "systemtime": 72463,
      "usertime": 1831717
     },
     "17239979659": {
      "maxRSS": 178548,
      "systemtime": 72464,
      "usertime": 1831737
     },
     "17239980753": {
      "maxRSS": 178804,
      "systemtime": 72464,
      "usertime": 1835776
     },
     "17239981824": {
      "maxRSS": 179060,
      "systemtime": 72465,
      "usertime": 1835788
     },
     "17239982924": {
      "maxRSS": 179316,
      "systemtime": 72465,
      "usertime": 1835796
     },
     "17239984031": {
      "maxRSS": 179572,
      "systemtime": 72465,
      "usertime": 1839811
     },
     "17239985148": {
      "maxRSS": 179828,
      "systemtime": 72466,
      "usertime": 1839834
     },
     "17239986254": {
      "maxRSS": 180084,
      "systemtime": 72466,
      "usertime": 1839847
     },
     "17239988354": {
      "maxRSS": 180468,
      "systemtime": 72467,
      "usertime": 1843883
     },
     "17239990460": {
      "maxRSS": 180980,
      "systemtime": 72467,
      "usertime": 1843896
     },
     "17239992546": {
      "maxRSS": 181492,
      "systemtime": 72467,
      "usertime": 1847908
     },
     "17239994675": {
      "maxRSS": 182004,
      "systemtime": 72468,
      "usertime": 1847949
     },
     "17239996760": {
      "maxRSS": 182516,
      "systemtime": 72468,
      "usertime": 1851960
     },
     "17239998828": {
      "maxRSS": 182900,
      "systemtime": 72468,
      "usertime": 1851971
     },
     "17240000900": {
      "maxRSS": 183412,
      "systemtime": 72468,
      "usertime": 1855980
     },
     "17240002966": {
      "maxRSS": 183924,
      "systemtime": 72468,
      "usertime": 1855988
     },
     "17240005042": {
      "maxRSS": 184436,
      "systemtime": 72468,
      "usertime": 1860001
     },
     "17240007114": {
      "maxRSS": 184436,
      "systemtime": 72468,
      "usertime": 1860014
     },
     "17240009200": {
      "maxRSS": 184436,
      "systemtime": 72505,
      "usertime": 1865011
     },
     "17240010184": {
      "maxRSS": 184436,
      "systemtime": 72549,
      "usertime": 1866141
     },
     "17240011256": {
      "maxRSS": 184436,
      "systemtime": 72550,
      "usertime": 1866151
     },
     "17240012334": {
      "maxRSS": 184436,
      "systemtime": 72550,
      "usertime": 1868009
     },
     "17240013476": {
      "maxRSS": 184436,
      "systemtime": 72550,
      "usertime": 1868046
     },
     "17240014597": {
      "maxRSS": 184436,
      "systemtime": 72550,
      "usertime": 1868066
     },
     "17240015724": {
      "maxRSS": 184436,
      "systemtime": 72550,
      "usertime": 1868102
     },
     "17240016834": {
      "maxRSS": 184436,
      "systemtime": 72550,
      "usertime": 1872106
     },
     "17240017944": {
      "maxRSS": 184436,
      "systemtime": 72550,
      "usertime": 1872124
     },
     "17240019046": {
      "maxRSS": 184436,
      "systemtime": 72550,
      "usertime": 1872134
     },
     "17240020111": {
      "maxRSS": 184436,
      "systemtime": 72550,
      "usertime": 1876141
     },
     "17240021189": {
      "maxRSS": 184436,
      "systemtime": 72550,
      "usertime": 1876154
     },
     "17240022279": {
      "maxRSS": 184436,
      "systemtime": 72550,
      "usertime": 1876182
     },
     "17240023379": {
      "maxRSS": 184436,
      "systemtime": 72550,
      "usertime": 1876192
     },
     "17240024488": {
      "maxRSS": 184436,
      "systemtime": 72550,
      "usertime": 1880208
     },
     "17240025593": {
      "maxRSS": 184436,
      "systemtime": 72550,
      "usertime": 1880223
     },
     "17240026681": {
      "maxRSS": 184436,
      "systemtime": 72550,
      "usertime": 1880234
     },
     "17240027873": {
      "maxRSS": 184436,
      "systemtime": 72550,
      "usertime": 1880252
     },
     "17240029006": {
      "maxRSS": 184436,
      "systemtime": 72550,
      "usertime": 1884312
     },
     "17240030113": {
      "maxRSS": 184436,
      "systemtime": 72550,
      "usertime": 1884328
     },
     "17240031225": {
      "maxRSS": 184436,
      "systemtime": 72550,
      "usertime": 1884345
     },
     "17240032300": {
      "maxRSS": 184436,
      "systemtime": 72550,
      "usertime": 1888341
     },
     "17240033398": {
      "maxRSS": 184436,
      "systemtime": 72550,
      "usertime": 1888348
     },
     "17240034497": {
      "maxRSS": 184436,
      "systemtime": 72550,
      "usertime": 1888358
     },
     "17240035596": {
      "maxRSS": 184436,
      "systemtime": 72550,
      "usertime": 1888366
     },
     "17240036707": {
      "maxRSS": 184436,
      "systemtime": 72550,
      "usertime": 1892382
     },
     "17240037806": {
      "maxRSS": 184436,
      "systemtime": 72550,
      "usertime": 1892390
     },
     "17240038902": {
      "maxRSS": 184436,
      "systemtime": 72550,
      "usertime": 1892397
     },
     "17240040058": {
      "maxRSS": 184436,
      "systemtime": 72550,
      "usertime": 1896425
     },
     "17240041165": {
      "maxRSS": 184436,
      "systemtime": 72550,
      "usertime": 1896446
     },
     "17240042361": {
      "maxRSS": 184436,
      "systemtime": 72550,
      "usertime": 1896464
     },
     "17240043565": {
      "maxRSS": 184436,
      "systemtime": 72550,
      "usertime": 1896514
     },
     "17240044681": {
      "maxRSS": 184436,
      "systemtime": 72550,
      "usertime": 1900545
     },
     "17240045766": {
      "maxRSS": 184436,
      "systemtime": 72550,
      "usertime": 1900568
     },
     "17240046893": {
      "maxRSS": 184436,
      "systemtime": 72550,
      "usertime": 1900591
     },
     "17240047974": {
      "maxRSS": 184436,
      "systemtime": 72550,
      "usertime": 1900611
     },
     "17240049044": {
      "maxRSS": 184436,
      "systemtime": 72550,
      "usertime": 1904625
     },
     "17240050129": {
      "maxRSS": 184436,
      "systemtime": 72550,
      "usertime": 1904653
     },
     "17240051194": {
      "maxRSS": 184436,
      "systemtime": 72550,
      "usertime": 1904660
     },
     "17240052269": {
      "maxRSS": 184436,
      "systemtime": 72550,
      "usertime": 1908671
     },
     "17240053375": {
      "maxRSS": 184436,
      "systemtime": 72550,
      "usertime": 1908684
     },
     "17240054452": {
      "maxRSS": 184436,
      "systemtime": 72550,
      "usertime": 1908695
     },
     "17240055582": {
      "maxRSS": 184436,
      "systemtime": 72550,
      "usertime": 1908712
     },
     "17240056754": {
      "maxRSS": 184436,
      "systemtime": 72550,
      "usertime": 1912750
     },
     "17240057841": {
      "maxRSS": 184436,
      "systemtime": 72550,
      "usertime": 1912767
     },
     "17240058932": {
      "maxRSS": 184436,
      "systemtime": 72550,
      "usertime": 1912789
     },
     "17240060032": {
      "maxRSS": 184436,
      "systemtime": 72550,
      "usertime": 1916816
     },
     "17240061147": {
      "maxRSS": 184436,
      "systemtime": 72550,
      "usertime": 1916839
     },
     "17240062277": {
      "maxRSS": 184436,
      "systemtime": 72550,
      "usertime": 1916860
     },
     "17240063388": {
      "maxRSS": 184436,
      "systemtime": 72550,
      "usertime": 1916877
     },
     "17240064520": {
      "maxRSS": 184436,
      "systemtime": 72550,
      "usertime": 1920911
     },
     "17240065597": {
      "maxRSS": 184436,
      "systemtime": 72550,
      "usertime": 1920926
     },
     "17240066673": {
      "maxRSS": 184436,
      "systemtime": 72550,
      "usertime": 1920940
     },
     "17240067755": {
      "maxRSS": 184436,
      "systemtime": 72550,
      "usertime": 1920969
     },
     "17240068825": {
      "maxRSS": 184436,
      "systemtime": 72550,
      "usertime": 1924980
     },
     "17240069935": {
      "maxRSS": 184436,
      "systemtime": 72550,
      "usertime": 1925004
     },
     "17240071052": {
      "maxRSS": 184564,
      "systemtime": 72550,
      "usertime": 1925025
     },
     "17240072125": {
      "maxRSS": 184564,
      "systemtime": 72550,
      "usertime": 1929036
     },
     "17240073198": {
      "maxRSS": 184564,
      "systemtime": 72550,
      "usertime": 1929047
     },
     "17240074277": {
      "maxRSS": 184564,
      "systemtime": 72550,
      "usertime": 1929062
     },
     "17240075397": {
      "maxRSS": 184564,
      "systemtime": 72550,
      "usertime": 1929090
     },
     "17240076506": {
      "maxRSS": 184564,
      "systemtime": 72550,
      "usertime": 1933130
     },
     "17240077660": {
      "maxRSS": 184564,
      "systemtime": 72550,
      "usertime": 1933189
     },
     "17240078771": {
      "maxRSS": 184564,
      "systemtime": 72550,
      "usertime": 1933214
     },
     "17240079840": {
      "maxRSS": 184564,
      "systemtime": 72550,
      "usertime": 1933225
     },
     "17240080944": {
      "maxRSS": 184564,
      "systemtime": 72550,
      "usertime": 1937221
     },
     "17240082042": {
      "maxRSS": 184564,
      "systemtime": 72550,
      "usertime": 1937228
     },
     "17240083153": {
      "maxRSS": 184564,
      "systemtime": 72609,
      "usertime": 1940274
     },
     "17240084238": {
      "maxRSS": 184564,
      "systemtime": 72609,
      "usertime": 1941197
     },
     "17240085338": {
      "maxRSS": 184564,
      "systemtime": 72609,
      "usertime": 1941205
     },
     "17240086436": {
      "maxRSS": 184564,
      "systemtime": 72609,
      "usertime": 1941211
     },
     "17240087544": {
      "maxRSS": 184564,
      "systemtime": 72609,
      "usertime": 1941233
     },
     "17240088721": {
      "maxRSS": 184564,
      "systemtime": 72609,
      "usertime": 1945256
     },
     "17240089794": {
      "maxRSS": 184564,
      "systemtime": 72609,
      "usertime": 1945270
     },
     "17240090891": {
      "maxRSS": 184564,
      "systemtime": 72609,
      "usertime": 1945289
     },
     "17240092035": {
      "maxRSS": 184564,
      "systemtime": 72609,
      "usertime": 1949346
     },
     "17240093143": {
      "maxRSS": 184564,
      "systemtime": 72609,
      "usertime": 1949377
     },
     "17240094247": {
      "maxRSS": 184564,
      "systemtime": 72609,
      "usertime": 1949393
     },
     "17240095327": {
      "maxRSS": 184564,
      "systemtime": 72609,
      "usertime": 1949409
     },
     "17240096409": {
      "maxRSS": 184564,
      "systemtime": 72609,
      "usertime": 1953419
     },
     "17240097502": {
      "maxRSS": 184564,
      "systemtime": 72609,
      "usertime": 1953442
     },
     "17240098627": {
      "maxRSS": 184564,
      "systemtime": 72609,
      "usertime": 1953493
     },
     "17240099696": {
      "maxRSS": 184564,
      "systemtime": 72609,
      "usertime": 1953504
     },
     "17240100762": {
      "maxRSS": 184564,
      "systemtime": 72609,
      "usertime": 1957510
     },
     "17240101847": {
      "maxRSS": 184564,
      "systemtime": 72609,
      "usertime": 1957541
     },
     "17240102938": {
      "maxRSS": 184564,
      "systemtime": 72609,
      "usertime": 1957551
     },
     "17240104019": {
      "maxRSS": 184564,
      "systemtime": 72609,
      "usertime": 1961563
     },
     "17240105169": {
      "maxRSS": 184564,
      "systemtime": 72609,
      "usertime": 1961595
     },
     "17240106244": {
      "maxRSS": 184564,
      "systemtime": 72609,
      "usertime": 1961607
     },
     "17240107312": {
      "maxRSS": 184564,
      "systemtime": 72609,
      "usertime": 1961616
     },
     "17240108383": {
      "maxRSS": 184564,
      "systemtime": 72609,
      "usertime": 1965624
     },
     "17240109459": {
      "maxRSS": 184564,
      "systemtime": 72609,
      "usertime": 1965638
     },
     "17240110536": {
      "maxRSS": 184564,
      "systemtime": 72609,
      "usertime": 1965650
     },
     "17240111634": {
      "maxRSS": 184564,
      "systemtime": 72609,
      "usertime": 1965679
     },
     "17240112717": {
      "maxRSS": 184564,
      "systemtime": 72609,
      "usertime": 1969719
     },
     "17240113793": {
      "maxRSS": 184564,
      "systemtime": 72609,
      "usertime": 1969734
     },
     "17240114896": {
      "maxRSS": 184564,
      "systemtime": 72609,
      "usertime": 1969745
     },
     "17240116010": {
      "maxRSS": 184564,
      "systemtime": 72609,
      "usertime": 1969768
     },
     "17240117083": {
      "maxRSS": 184564,
      "systemtime": 72609,
      "usertime": 1973767
     },
     "17240118196": {
      "maxRSS": 184564,
      "systemtime": 72609,
      "usertime": 1973792
     },
     "17240119320": {
      "maxRSS": 184564,
      "systemtime": 72609,
      "usertime": 1973824
     },
     "17240120430": {
      "maxRSS": 184564,
      "systemtime": 72609,
      "usertime": 1977839
     },
     "17240121507": {
      "maxRSS": 184564,
      "systemtime": 72609,
      "usertime": 1977851
     },
     "17240122627": {
      "maxRSS": 184564,
      "systemtime": 72609,
      "usertime": 1977883
     },
     "17240123744": {
      "maxRSS": 184564,
      "systemtime": 72609,
      "usertime": 1977896
     },
     "17240124842": {
      "maxRSS": 184564,
      "systemtime": 72609,
      "usertime": 1981905
     },
     "17240125960": {
      "maxRSS": 184564,
      "systemtime": 72609,
      "usertime": 1981930
     },
     "17240127040": {
      "maxRSS": 184564,
      "systemtime": 72609,
      "usertime": 1981948
     },
     "17240128115": {
      "maxRSS": 184564,
      "systemtime": 72609,
      "usertime": 1985961
     },
     "17240129182": {
      "maxRSS": 184564,
      "systemtime": 72609,
      "usertime": 1985971
     },
     "17240130252": {
      "maxRSS": 184564,
      "systemtime": 72609,
      "usertime": 1985981
     },
     "17240131321": {
      "maxRSS": 184564,
      "systemtime": 72609,
      "usertime": 1985992
     },
     "17240132408": {
      "maxRSS": 184564,
      "systemtime": 72609,
      "usertime": 1990017
     },
     "17240133475": {
      "maxRSS": 184564,
      "systemtime": 72609,
      "usertime": 1990026
     },
     "17240134539": {
      "maxRSS": 184564,
      "systemtime": 72609,
      "usertime": 1990033
     },
     "17240135603": {
      "maxRSS": 184564,
      "systemtime": 72609,
      "usertime": 1990040
     },
     "17240136674": {
      "maxRSS": 184564,
      "systemtime": 72609,
      "usertime": 1994050
     },
     "17240137741": {
      "maxRSS": 184564,
      "systemtime": 72609,
      "usertime": 1994059
     },
     "17240138894": {
      "maxRSS": 184564,
      "systemtime": 72609,
      "usertime": 1994147
     },
     "17240139972": {
      "maxRSS": 184564,
      "systemtime": 72609,
      "usertime": 1994165
     },
     "17240141075": {
      "maxRSS": 184564,
      "systemtime": 72609,
      "usertime": 1998179
     },
     "17240142168": {
      "maxRSS": 184564,
      "systemtime": 72609,
      "usertime": 1998198
     },
     "17240143304": {
      "maxRSS": 184564,
      "systemtime": 72609,
      "usertime": 1998229
     },
     "17240144413": {
      "maxRSS": 184564,
      "systemtime": 72609,
      "usertime": 2002283
     },
     "17240145536": {
      "maxRSS": 184564,
      "systemtime": 72609,
      "usertime": 2002306
     },
     "17240146649": {
      "maxRSS": 184564,
      "systemtime": 72609,
      "usertime": 2002351
     },
     "17240147729": {
      "maxRSS": 184564,
      "systemtime": 72609,
      "usertime": 2002367
     },
     "17240148806": {
      "maxRSS": 184564,
      "systemtime": 72609,
      "usertime": 2006361
     },
     "17240149884": {
      "maxRSS": 184564,
      "systemtime": 72609,
      "usertime": 2006373
     },
     "17240151972": {
      "maxRSS": 184564,
      "systemtime": 72609,
      "usertime": 2006390
     },
     "17240154060": {
      "maxRSS": 184564,
      "systemtime": 72609,
      "usertime": 2010412
     },
     "17240156168": {
      "maxRSS": 184564,
      "systemtime": 72609,
      "usertime": 2014455
     },
     "17240158240": {
      "maxRSS": 184564,
      "systemtime": 72609,
      "usertime": 2014469
     },
     "17240160311": {
      "maxRSS": 184564,
      "systemtime": 72609,
      "usertime": 2018477
     },
     "17240162376": {
      "maxRSS": 184564,
      "systemtime": 72609,
      "usertime": 2018484
     },
     "17240164449": {
      "maxRSS": 184564,
      "systemtime": 72609,
      "usertime": 2022498
     },
     "17240166527": {
      "maxRSS": 184564,
      "systemtime": 72609,
      "usertime": 2022514
     },
     "17240168672": {
      "maxRSS": 184564,
      "systemtime": 72609,
      "usertime": 2026547
     },
     "17240170783": {
      "maxRSS": 184564,
      "systemtime": 72609,
      "usertime": 2026566
     },
     "17240172863": {
      "maxRSS": 184564,
      "systemtime": 72609,
      "usertime": 2030587
     },
     "17240174979": {
      "maxRSS": 184564,
      "systemtime": 72609,
      "usertime": 2030609
     },
     "17240177088": {
      "maxRSS": 184564,
      "systemtime": 72609,
      "usertime": 2034627
     },
     "17240179183": {
      "maxRSS": 184564,
      "systemtime": 72609,
      "usertime": 2034642
     },
     "17240181292": {
      "maxRSS": 184564,
      "systemtime": 72609,
      "usertime": 2038683
     },
     "17240183384": {
      "maxRSS": 184564,
      "systemtime": 72609,
      "usertime": 2038705
     },
     "17240185480": {
      "maxRSS": 184564,
      "systemtime": 72609,
      "usertime": 2042728
     },
     "17240187564": {
      "maxRSS": 184564,
      "systemtime": 72609,
      "usertime": 2042747
     },
     "17240189677": {
      "maxRSS": 184564,
      "systemtime": 72609,
      "usertime": 2046757
     },
     "17240191752": {
      "maxRSS": 184564,
      "systemtime": 72609,
      "usertime": 2046772
     },
     "17240193839": {
      "maxRSS": 184564,
      "systemtime": 72609,
      "usertime": 2050786
     },
     "17240195936": {
      "maxRSS": 184564,
      "systemtime": 72609,
      "usertime": 2050819
     },
     "17240198020": {
      "maxRSS": 184564,
      "systemtime": 72609,
      "usertime": 2054835
     },
     "17240200045": {
      "maxRSS": 184564,
      "systemtime": 72609,
      "usertime": 2058848
     },
     "17240202151": {
      "maxRSS": 184564,
      "systemtime": 72609,
      "usertime": 2058863
     },
     "17240204225": {
      "maxRSS": 184564,
      "systemtime": 72609,
      "usertime": 2062879
     },
     "17240206319": {
      "maxRSS": 184564,
      "systemtime": 72609,
      "usertime": 2062897
     },
     "17240208458": {
      "maxRSS": 184564,
      "systemtime": 72609,
      "usertime": 2066969
     },
     "17240210566": {
      "maxRSS": 184564,
      "systemtime": 72609,
      "usertime": 2066984
     },
     "17240212666": {
      "maxRSS": 184564,
      "systemtime": 72609,
      "usertime": 2070999
     },
     "17240214751": {
      "maxRSS": 184564,
      "systemtime": 72609,
      "usertime": 2071017
     },
     "17240216866": {
      "maxRSS": 184564,
      "systemtime": 72609,
      "usertime": 2075041
     },
     "17240218982": {
      "maxRSS": 184564,
      "systemtime": 72609,
      "usertime": 2075058
     },
     "17240221087": {
      "maxRSS": 184564,
      "systemtime": 72609,
      "usertime": 2079094
     },
     "17240223196": {
      "maxRSS": 184564,
      "systemtime": 72609,
      "usertime": 2079109
     },
     "17240225271": {
      "maxRSS": 184564,
      "systemtime": 72609,
      "usertime": 2083124
     },
     "17240227341": {
      "maxRSS": 184564,
      "systemtime": 72609,
      "usertime": 2083135
     },
     "17240229423": {
      "maxRSS": 184564,
      "systemtime": 72609,
      "usertime": 2087148
     },
     "17240231514": {
      "maxRSS": 184564,
      "systemtime": 72609,
      "usertime": 2087166
     },
     "17240233658": {
      "maxRSS": 184564,
      "systemtime": 72609,
      "usertime": 2091216
     },
     "17240235776": {
      "maxRSS": 184564,
      "systemtime": 72609,
      "usertime": 2091238
     },
     "17240237851": {
      "maxRSS": 184564,
      "systemtime": 72609,
      "usertime": 2095252
     },
     "17240239927": {
      "maxRSS": 184564,
      "systemtime": 72609,
      "usertime": 2095267
     },
     "17240242031": {
      "maxRSS": 184564,
      "systemtime": 72609,
      "usertime": 2099284
     },
     "17240244167": {
      "maxRSS": 184564,
      "systemtime": 72609,
      "usertime": 2103350
     },
     "17240246301": {
      "maxRSS": 184564,
      "systemtime": 72609,
      "usertime": 2103392
     },
     "17240248447": {
      "maxRSS": 184564,
      "systemtime": 72609,
      "usertime": 2107451
     },
     "17240250542": {
      "maxRSS": 184564,
      "systemtime": 72609,
      "usertime": 2107480
     },
     "17240252661": {
      "maxRSS": 184564,
      "systemtime": 72609,
      "usertime": 2111512
     },
     "17240254752": {
      "maxRSS": 184564,
      "systemtime": 72609,
      "usertime": 2111537
     },
     "17240256824": {
      "maxRSS": 184564,
      "systemtime": 72609,
      "usertime": 2115550
     },
     "17240258900": {
      "maxRSS": 184564,
      "systemtime": 72609,
      "usertime": 2115564
     },
     "17240261016": {
      "maxRSS": 184564,
      "systemtime": 72609,
      "usertime": 2119599
     },
     "17240263089": {
      "maxRSS": 184564,
      "systemtime": 72609,
      "usertime": 2119613
     },
     "17240265200": {
      "maxRSS": 184564,
      "systemtime": 72609,
      "usertime": 2123639
     },
     "17240267291": {
      "maxRSS": 184564,
      "systemtime": 72609,
      "usertime": 2123669
     },
     "17240269372": {
      "maxRSS": 184564,
      "systemtime": 72609,
      "usertime": 2127683
     },
     "17240271505": {
      "maxRSS": 184564,
      "systemtime": 72609,
      "usertime": 2127697
     },
     "17240273624": {
      "maxRSS": 184564,
      "systemtime": 72609,
      "usertime": 2131725
     },
     "17240275744": {
      "maxRSS": 184564,
      "systemtime": 72609,
      "usertime": 2131757
     },
     "17240277940": {
      "maxRSS": 184564,
      "systemtime": 72609,
      "usertime": 2135793
     },
     "17240280049": {
      "maxRSS": 184564,
      "systemtime": 72609,
      "usertime": 2139811
     },
     "17240282140": {
      "maxRSS": 184564,
      "systemtime": 72609,
      "usertime": 2139831
     },
     "17240284222": {
      "maxRSS": 184564,
      "systemtime": 72609,
      "usertime": 2143852
     },
     "17240286351": {
      "maxRSS": 184564,
      "systemtime": 72609,
      "usertime": 2143885
     },
     "17240288426": {
      "maxRSS": 184564,
      "systemtime": 72609,
      "usertime": 2147894
     },
     "17240290547": {
      "maxRSS": 184564,
      "systemtime": 72609,
      "usertime": 2147924
     },
     "17240292648": {
      "maxRSS": 184564,
      "systemtime": 72609,
      "usertime": 2151935
     },
     "17240294725": {
      "maxRSS": 184564,
      "systemtime": 72609,
      "usertime": 2151947
     },
     "17240296799": {
      "maxRSS": 184564,
      "systemtime": 72609,
      "usertime": 2155962
     },
     "17240298881": {
      "maxRSS": 184564,
      "systemtime": 72609,
      "usertime": 2155985
     },
     "17240300965": {
      "maxRSS": 184564,
      "systemtime": 72609,
      "usertime": 2160002
     },
     "17240303075": {
      "maxRSS": 184564,
      "systemtime": 72609,
      "usertime": 2160020
     },
     "17240305176": {
      "maxRSS": 184564,
      "systemtime": 72609,
      "usertime": 2164027
     },
     "17240307242": {
      "maxRSS": 184564,
      "systemtime": 72609,
      "usertime": 2164035
     },
     "17240309307": {
      "maxRSS": 184564,
      "systemtime": 72609,
      "usertime": 2168044
     },
     "17240311372": {
      "maxRSS": 184564,
      "systemtime": 72609,
      "usertime": 2168051
     },
     "17240313490": {
      "maxRSS": 184564,
      "systemtime": 72609,
      "usertime": 2172075
     },
     "17240315615": {
      "maxRSS": 184564,
      "systemtime": 72609,
      "usertime": 2172102
     },
     "17240317728": {
      "maxRSS": 184564,
      "systemtime": 72609,
      "usertime": 2176143
     },
     "17240319816": {
      "maxRSS": 184564,
      "systemtime": 72609,
      "usertime": 2176165
     },
     "17240321978": {
      "maxRSS": 184564,
      "systemtime": 72609,
      "usertime": 2180185
     },
     "17240324013": {
      "maxRSS": 184564,
      "systemtime": 72609,
      "usertime": 2184193
     },
     "17240326136": {
      "maxRSS": 184564,
      "systemtime": 72609,
      "usertime": 2184222
     },
     "17240328200": {
      "maxRSS": 184564,
      "systemtime": 72609,
      "usertime": 2188229
     },
     "17240330267": {
      "maxRSS": 184564,
      "systemtime": 72609,
      "usertime": 2188237
     },
     "17240332344": {
      "maxRSS": 184564,
      "systemtime": 72609,
      "usertime": 2192257
     },
     "17240334457": {
      "maxRSS": 184564,
      "systemtime": 72609,
      "usertime": 2192271
     },
     "17240336541": {
      "maxRSS": 184564,
      "systemtime": 72609,
      "usertime": 2196289
     },
     "17240338649": {
      "maxRSS": 184564,
      "systemtime": 72609,
      "usertime": 2196326
     },
     "17240340732": {
      "maxRSS": 184564,
      "systemtime": 72609,
      "usertime": 2200357
     },
     "17240342817": {
      "maxRSS": 184564,
      "systemtime": 72609,
      "usertime": 2200379
     },
     "17240344928": {
      "maxRSS": 184564,
      "systemtime": 72609,
      "usertime": 2204390
     },
     "17240347001": {
      "maxRSS": 184564,
      "systemtime": 72609,
      "usertime": 2204403
     },
     "17240349075": {
      "maxRSS": 184564,
      "systemtime": 72609,
      "usertime": 2208415
     },
     "17240351185": {
      "maxRSS": 184564,
      "systemtime": 72609,
      "usertime": 2208456
     },
     "17240353312": {
      "maxRSS": 184564,
      "systemtime": 72609,
      "usertime": 2212485
     },
     "17240355400": {
      "maxRSS": 184564,
      "systemtime": 72609,
      "usertime": 2212510
     },
     "17240357479": {
      "maxRSS": 184564,
      "systemtime": 72609,
      "usertime": 2216527
     },
     "17240359553": {
      "maxRSS": 184564,
      "systemtime": 72609,
      "usertime": 2216543
     },
     "17240361636": {
      "maxRSS": 184564,
      "systemtime": 72609,
      "usertime": 2220553
     },
     "17240363713": {
      "maxRSS": 184564,
      "systemtime": 72609,
      "usertime": 2220566
     },
     "17240365817": {
      "maxRSS": 184564,
      "systemtime": 72609,
      "usertime": 2224603
     },
     "17240367917": {
      "maxRSS": 184564,
      "systemtime": 72609,
      "usertime": 2224625
     },
     "17240370097": {
      "maxRSS": 184564,
      "systemtime": 72609,
      "usertime": 2228649
     },
     "17240372177": {
      "maxRSS": 184564,
      "systemtime": 72609,
      "usertime": 2232666
     },
     "17240374284": {
      "maxRSS": 184564,
      "systemtime": 72609,
      "usertime": 2232680
     },
     "17240376358": {
      "maxRSS": 184564,
      "systemtime": 72609,
      "usertime": 2236695
     },
     "17240378488": {
      "maxRSS": 184564,
      "systemtime": 72609,
      "usertime": 2236728
     },
     "17240380598": {
      "maxRSS": 184564,
      "systemtime": 72609,
      "usertime": 2240753
     },
     "17240382681": {
      "maxRSS": 184564,
      "systemtime": 72609,
      "usertime": 2240769
     },
     "17240384789": {
      "maxRSS": 184564,
      "systemtime": 72609,
      "usertime": 2244776
     },
     "17240386918": {
      "maxRSS": 184564,
      "systemtime": 72609,
      "usertime": 2244792
     },
     "17240389006": {
      "maxRSS": 184564,
      "systemtime": 72609,
      "usertime": 2248807
     },
     "17240391115": {
      "maxRSS": 184564,
      "systemtime": 72609,
      "usertime": 2248849
     },
     "17240393198": {
      "maxRSS": 184564,
      "systemtime": 72609,
      "usertime": 2252873
     },
     "17240395271": {
      "maxRSS": 184564,
      "systemtime": 72609,
      "usertime": 2252885
     },
     "17240397419": {
      "maxRSS": 184564,
      "systemtime": 72609,
      "usertime": 2256908
     },
     "17240399524": {
      "maxRSS": 184564,
      "systemtime": 72609,
      "usertime": 2256920
     },
     "17240401626": {
      "maxRSS": 184564,
      "systemtime": 72609,
      "usertime": 2260931
     },
     "17240403779": {
      "maxRSS": 184564,
      "systemtime": 72609,
      "usertime": 2260974
     },
     "17240405864": {
      "maxRSS": 184564,
      "systemtime": 72609,
      "usertime": 2264999
     },
     "17240407986": {
      "maxRSS": 184564,
      "systemtime": 72609,
      "usertime": 2265026
     },
     "17240410100": {
      "maxRSS": 184564,
      "systemtime": 72609,
      "usertime": 2269106
     },
     "17240412186": {
      "maxRSS": 184564,
      "systemtime": 72609,
      "usertime": 2273098
     },
     "17240414308": {
      "maxRSS": 184564,
      "systemtime": 72609,
      "usertime": 2273119
     },
     "17240416391": {
      "maxRSS": 184564,
      "systemtime": 72609,
      "usertime": 2277141
     },
     "17240418533": {
      "maxRSS": 184692,
      "systemtime": 72609,
      "usertime": 2277220
     },
     "17240422667": {
      "maxRSS": 184692,
      "systemtime": 72609,
      "usertime": 2281244
     },
     "17240426760": {
      "maxRSS": 184692,
      "systemtime": 72609,
      "usertime": 2285275
     },
     "17240430850": {
      "maxRSS": 184692,
      "systemtime": 72609,
      "usertime": 2289294
     },
     "17240435013": {
      "maxRSS": 184692,
      "systemtime": 72609,
      "usertime": 2293328
     },
     "17240439101": {
      "maxRSS": 184692,
      "systemtime": 72609,
      "usertime": 2297352
     },
     "17240443208": {
      "maxRSS": 184692,
      "systemtime": 72609,
      "usertime": 2301401
     },
     "17240447283": {
      "maxRSS": 184692,
      "systemtime": 72609,
      "usertime": 2305407
     },
     "17240451395": {
      "maxRSS": 184692,
      "systemtime": 72609,
      "usertime": 2309421
     },
     "17240455503": {
      "maxRSS": 184692,
      "systemtime": 72609,
      "usertime": 2313445
     },
     "17240459604": {
      "maxRSS": 184692,
      "systemtime": 72609,
      "usertime": 2317472
     },
     "17240463690": {
      "maxRSS": 184692,
      "systemtime": 72609,
      "usertime": 2321563
     },
     "17240467877": {
      "maxRSS": 184692,
      "systemtime": 72609,
      "usertime": 2325537
     },
     "17240471992": {
      "maxRSS": 184692,
      "systemtime": 72609,
      "usertime": 2329559
     },
     "17240476056": {
      "maxRSS": 184692,
      "systemtime": 72609,
      "usertime": 2337588
     },
     "17240480129": {
      "maxRSS": 184692,
      "systemtime": 72609,
      "usertime": 2341602
     },
     "17240484209": {
      "maxRSS": 184692,
      "systemtime": 72609,
      "usertime": 2345618
     },
     "17240488301": {
      "maxRSS": 184692,
      "systemtime": 72609,
      "usertime": 2349634
     },
     "17240492401": {
      "maxRSS": 184948,
      "systemtime": 72609,
      "usertime": 2353677
     },
     "17240496487": {
      "maxRSS": 185204,
      "systemtime": 72609,
      "usertime": 2357705
     },
     "17240500568": {
      "maxRSS": 185460,
      "systemtime": 76199,
      "usertime": 2358161
     },
     "17240504658": {
      "maxRSS": 185716,
      "systemtime": 76199,
      "usertime": 2362145
     },
     "17240508742": {
      "maxRSS": 185972,
      "systemtime": 76199,
      "usertime": 2366171
     },
     "17240512836": {
      "maxRSS": 186228,
      "systemtime": 76199,
      "usertime": 2370195
     },
     "17240516918": {
      "maxRSS": 186356,
      "systemtime": 76199,
      "usertime": 2374214
     },
     "17240521018": {
      "maxRSS": 186612,
      "systemtime": 76200,
      "usertime": 2378248
     },
     "17240525199": {
      "maxRSS": 186868,
      "systemtime": 80211,
      "usertime": 2378282
     },
     "17240529302": {
      "maxRSS": 187124,
      "systemtime": 80212,
      "usertime": 2382320
     },
     "17240533393": {
      "maxRSS": 187380,
      "systemtime": 80213,
      "usertime": 2386345
     },
     "17240537480": {
      "maxRSS": 187636,
      "systemtime": 80213,
      "usertime": 2390372
     },
     "17240541559": {
      "maxRSS": 187892,
      "systemtime": 80214,
      "usertime": 2394388
     },
     "17240545648": {
      "maxRSS": 188148,
      "systemtime": 80214,
      "usertime": 2398418
     },
     "17240549770": {
      "maxRSS": 188404,
      "systemtime": 84225,
      "usertime": 2398419
     },
     "17240553853": {
      "maxRSS": 188532,
      "systemtime": 84225,
      "usertime": 2402434
     },
     "17240558018": {
      "maxRSS": 188788,
      "systemtime": 84226,
      "usertime": 2406479
     },
     "17240562103": {
      "maxRSS": 189044,
      "systemtime": 84226,
      "usertime": 2410482
     },
     "17240566191": {
      "maxRSS": 189300,
      "systemtime": 84226,
      "usertime": 2414500
     },
     "17240570286": {
      "maxRSS": 189556,
      "systemtime": 84227,
      "usertime": 2418532
     },
     "17240574362": {
      "maxRSS": 189812,
      "systemtime": 84227,
      "usertime": 2422546
     },
     "17240578438": {
      "maxRSS": 190068,
      "systemtime": 84227,
      "usertime": 2426560
     },
     "17240582508": {
      "maxRSS": 190324,
      "systemtime": 84227,
      "usertime": 2430570
     },
     "17240586612": {
      "maxRSS": 190580,
      "systemtime": 84228,
      "usertime": 2434594
     },
     "17240590727": {
      "maxRSS": 190836,
      "systemtime": 84228,
      "usertime": 2438627
     },
     "17240594855": {
      "maxRSS": 190964,
      "systemtime": 84230,
      "usertime": 2442672
     },
     "17240598992": {
      "maxRSS": 191220,
      "systemtime": 84230,
      "usertime": 2446704
     },
     "17240603142": {
      "maxRSS": 191476,
      "systemtime": 84232,
      "usertime": 2450756
     },
     "17240607290": {
      "maxRSS": 191732,
      "systemtime": 84232,
      "usertime": 2454789
     },
     "17240611375": {
      "maxRSS": 191988,
      "systemtime": 84233,
      "usertime": 2458809
     },
     "17240615510": {
      "maxRSS": 192116,
      "systemtime": 84233,
      "usertime": 2462834
     },
     "17240619684": {
      "maxRSS": 192372,
      "systemtime": 84234,
      "usertime": 2466878
     },
     "17240623830": {
      "maxRSS": 192628,
      "systemtime": 84236,
      "usertime": 2470948
     },
     "17240627978": {
      "maxRSS": 192884,
      "systemtime": 84238,
      "usertime": 2475008
     },
     "17240632068": {
      "maxRSS": 193012,
      "systemtime": 84238,
      "usertime": 2483001
     },
     "17240636167": {
      "maxRSS": 193268,
      "systemtime": 84238,
      "usertime": 2487027
     },
     "17240640295": {
      "maxRSS": 193524,
      "systemtime": 84238,
      "usertime": 2491042
     },
     "17240644381": {
      "maxRSS": 193780,
      "systemtime": 84238,
      "usertime": 2495061
     },
     "17240648469": {
      "maxRSS": 194036,
      "systemtime": 84238,
      "usertime": 2499089
     },
     "17240652540": {
      "maxRSS": 194292,
      "systemtime": 84239,
      "usertime": 2503102
     },
     "17240656620": {
      "maxRSS": 194420,
      "systemtime": 88256,
      "usertime": 2503285
     },
     "17240660740": {
      "maxRSS": 194676,
      "systemtime": 88256,
      "usertime": 2507134
     },
     "17240664824": {
      "maxRSS": 194804,
      "systemtime": 88256,
      "usertime": 2511153
     },
     "17240668899": {
      "maxRSS": 195060,
      "systemtime": 88256,
      "usertime": 2515165
     },
     "17240673041": {
      "maxRSS": 195316,
      "systemtime": 88256,
      "usertime": 2519199
     },
     "17240677151": {
      "maxRSS": 195572,
      "systemtime": 88256,
      "usertime": 2523223
     },
     "17240681224": {
      "maxRSS": 195828,
      "systemtime": 88256,
      "usertime": 2527234
     },
     "17240685292": {
      "maxRSS": 196084,
      "systemtime": 88256,
      "usertime": 2531244
     },
     "17240689377": {
      "maxRSS": 196340,
      "systemtime": 88256,
      "usertime": 2535259
     },
     "17240693468": {
      "maxRSS": 196596,
      "systemtime": 88256,
      "usertime": 2539336
     },
     "17240697605": {
      "maxRSS": 196852,
      "systemtime": 88256,
      "usertime": 2543323
     },
     "17240701715": {
      "maxRSS": 197108,
      "systemtime": 88256,
      "usertime": 2547339
     },
     "17240705853": {
      "maxRSS": 197236,
      "systemtime": 88256,
      "usertime": 2551366
     },
     "17240709940": {
      "maxRSS": 197492,
      "systemtime": 88256,
      "usertime": 2555372
     },
     "17240714028": {
      "maxRSS": 197748,
      "systemtime": 88256,
      "usertime": 2559397
     },
     "17240718119": {
      "maxRSS": 198004,
      "systemtime": 88256,
      "usertime": 2563427
     },
     "17240722264": {
      "maxRSS": 198260,
      "systemtime": 88256,
      "usertime": 2567472
     },
     "17240726555": {
      "maxRSS": 198516,
      "systemtime": 88259,
      "usertime": 2571550
     },
     "17240730655": {
      "maxRSS": 198644,
      "systemtime": 92337,
      "usertime": 2573409
     },
     "17240733705": {
      "maxRSS": 198644,
      "systemtime": 92385,
      "usertime": 2577097
     },
     "17240734823": {
      "maxRSS": 198644,
      "systemtime": 92385,
      "usertime": 2577147
     },
     "17240735933": {
      "maxRSS": 198644,
      "systemtime": 92385,
      "usertime": 2577166
     },
     "17240736212": {
      "maxRSS": 198644,
      "systemtime": 92385,
      "usertime": 2579755
     },
     "17240737311": {
      "maxRSS": 198900,
      "systemtime": 92385,
      "usertime": 2579786
     },
     "17240738396": {
      "maxRSS": 199156,
      "systemtime": 92385,
      "usertime": 2579805
     },
     "17240739472": {
      "maxRSS": 199412,
      "systemtime": 92385,
      "usertime": 2579821
     },
     "17240740552": {
      "maxRSS": 199668,
      "systemtime": 92385,
      "usertime": 2583659
     },
     "17240741659": {
      "maxRSS": 199924,
      "systemtime": 92385,
      "usertime": 2583673
     },
     "17240742745": {
      "maxRSS": 200180,
      "systemtime": 92385,
      "usertime": 2583703
     },
     "17240743831": {
      "maxRSS": 200436,
      "systemtime": 92385,
      "usertime": 2583730
     },
     "17240744937": {
      "maxRSS": 200692,
      "systemtime": 92385,
      "usertime": 2587739
     },
     "17240746056": {
      "maxRSS": 200948,
      "systemtime": 92385,
      "usertime": 2587755
     },
     "17240747129": {
      "maxRSS": 201204,
      "systemtime": 92385,
      "usertime": 2587769
     },
     "17240748203": {
      "maxRSS": 201460,
      "systemtime": 92385,
      "usertime": 2591788
     },
     "17240749282": {
      "maxRSS": 201716,
      "systemtime": 92385,
      "usertime": 2591803
     },
     "17240750392": {
      "maxRSS": 201972,
      "systemtime": 92385,
      "usertime": 2591837
     },
     "17240751485": {
      "maxRSS": 202228,
      "systemtime": 92385,
      "usertime": 2591857
     },
     "17240752587": {
      "maxRSS": 202484,
      "systemtime": 92385,
      "usertime": 2595874
     },
     "17240753671": {
      "maxRSS": 202740,
      "systemtime": 92385,
      "usertime": 2595892
     },
     "17240754756": {
      "maxRSS": 202996,
      "systemtime": 92385,
      "usertime": 2595908
     },
     "17240755845": {
      "maxRSS": 203124,
      "systemtime": 92385,
      "usertime": 2595929
     },
     "17240756927": {
      "maxRSS": 203380,
      "systemtime": 92385,
      "usertime": 2599951
     },
     "17240758058": {
      "maxRSS": 203636,
      "systemtime": 92385,
      "usertime": 2600023
     },
     "17240759170": {
      "maxRSS": 203892,
      "systemtime": 92385,
      "usertime": 2600047
     },
     "17240760290": {
      "maxRSS": 204148,
      "systemtime": 92385,
      "usertime": 2604097
     },
     "17240761416": {
      "maxRSS": 204276,
      "systemtime": 92385,
      "usertime": 2604138
     },
     "17240762533": {
      "maxRSS": 204276,
      "systemtime": 92385,
      "usertime": 2604175
     },
     "17240763662": {
      "maxRSS": 204404,
      "systemtime": 92385,
      "usertime": 2604212
     },
     "17240764843": {
      "maxRSS": 204532,
      "systemtime": 92385,
      "usertime": 2608280
     },
     "17240765955": {
      "maxRSS": 204788,
      "systemtime": 92385,
      "usertime": 2608312
     },
     "17240767082": {
      "maxRSS": 204916,
      "systemtime": 92385,
      "usertime": 2608350
     },
     "17240768162": {
      "maxRSS": 205044,
      "systemtime": 96312,
      "usertime": 2608470
     },
     "17240769297": {
      "maxRSS": 205172,
      "systemtime": 96314,
      "usertime": 2608515
     },
     "17240770552": {
      "maxRSS": 205428,
      "systemtime": 96315,
      "usertime": 2608557
     },
     "17240771696": {
      "maxRSS": 205428,
      "systemtime": 96318,
      "usertime": 2608625
     },
     "17240772842": {
      "maxRSS": 205684,
      "systemtime": 96319,
      "usertime": 2612653
     },
     "17240773982": {
      "maxRSS": 205940,
      "systemtime": 96319,
      "usertime": 2612678
     },
     "17240775074": {
      "maxRSS": 206196,
      "systemtime": 96320,
      "usertime": 2612704
     },
     "17240776198": {
      "maxRSS": 206324,
      "systemtime": 96322,
      "usertime": 2616750
     },
     "17240777296": {
      "maxRSS": 206580,
      "systemtime": 96322,
      "usertime": 2616772
     },
     "17240778432": {
      "maxRSS": 206708,
      "systemtime": 96324,
      "usertime": 2616820
     },
     "17240779574": {
      "maxRSS": 206708,
      "systemtime": 96326,
      "usertime": 2616870
     },
     "17240780699": {
      "maxRSS": 206836,
      "systemtime": 96329,
      "usertime": 2620974
     },
     "17240781824": {
      "maxRSS": 206964,
      "systemtime": 96331,
      "usertime": 2621014
     },
     "17240782945": {
      "maxRSS": 207092,
      "systemtime": 96332,
      "usertime": 2621052
     },
     "17240784057": {
      "maxRSS": 207220,
      "systemtime": 96332,
      "usertime": 2625033
     },
     "17240785197": {
      "maxRSS": 207348,
      "systemtime": 96332,
      "usertime": 2625073
     },
     "17240786328": {
      "maxRSS": 207604,
      "systemtime": 96335,
      "usertime": 2625130
     },
     "17240787419": {
      "maxRSS": 207732,
      "systemtime": 96335,
      "usertime": 2625154
     },
     "17240788597": {
      "maxRSS": 207860,
      "systemtime": 96336,
      "usertime": 2629184
     },
     "17240789729": {
      "maxRSS": 208116,
      "systemtime": 96338,
      "usertime": 2629229
     },
     "17240790863": {
      "maxRSS": 208116,
      "systemtime": 96340,
      "usertime": 2629281
     },
     "17240791995": {
      "maxRSS": 208116,
      "systemtime": 96341,
      "usertime": 2629325
     },
     "17240793171": {
      "maxRSS": 208244,
      "systemtime": 100215,
      "usertime": 2629657
     },
     "17240794460": {
      "maxRSS": 208500,
      "systemtime": 100217,
      "usertime": 2629699
     },
     "17240795582": {
      "maxRSS": 208628,
      "systemtime": 100218,
      "usertime": 2629737
     },
     "17240796721": {
      "maxRSS": 208884,
      "systemtime": 100218,
      "usertime": 2633681
     },
     "17240797848": {
      "maxRSS": 208884,
      "systemtime": 100218,
      "usertime": 2633725
     },
     "17240798981": {
      "maxRSS": 209012,
      "systemtime": 100219,
      "usertime": 2633766
     },
     "17240800059": {
      "maxRSS": 209140,
      "systemtime": 100220,
      "usertime": 2637815
     },
     "17240801223": {
      "maxRSS": 209396,
      "systemtime": 100222,
      "usertime": 2637845
     },
     "17240802412": {
      "maxRSS": 209652,
      "systemtime": 100223,
      "usertime": 2637869
     },
     "17240803516": {
      "maxRSS": 209908,
      "systemtime": 100223,
      "usertime": 2637894
     },
     "17240804641": {
      "maxRSS": 210164,
      "systemtime": 104234,
      "usertime": 2637946
     },
     "17240805776": {
      "maxRSS": 210292,
      "systemtime": 104236,
      "usertime": 2637988
     },
     "17240806936": {
      "maxRSS": 210420,
      "systemtime": 104239,
      "usertime": 2638065
     },
     "17240808066": {
      "maxRSS": 210676,
      "systemtime": 104240,
      "usertime": 2642084
     },
     "17240809205": {
      "maxRSS": 210804,
      "systemtime": 104241,
      "usertime": 2642124
     },
     "17240810323": {
      "maxRSS": 210932,
      "systemtime": 104242,
      "usertime": 2642159
     },
     "17240811451": {
      "maxRSS": 211188,
      "systemtime": 104244,
      "usertime": 2642195
     },
     "17240812648": {
      "maxRSS": 211316,
      "systemtime": 104245,
      "usertime": 2646226
     },
     "17240813773": {
      "maxRSS": 211444,
      "systemtime": 104246,
      "usertime": 2646262
     },
     "17240814917": {
      "maxRSS": 211572,
      "systemtime": 104249,
      "usertime": 2646325
     },
     "17240816030": {
      "maxRSS": 211828,
      "systemtime": 104250,
      "usertime": 2650355
     },
     "17240817133": {
      "maxRSS": 211956,
      "systemtime": 104251,
      "usertime": 2650384
     },
     "17240818252": {
      "maxRSS": 212212,
      "systemtime": 104251,
      "usertime": 2650403
     },
     "17240819381": {
      "maxRSS": 212468,
      "systemtime": 104252,
      "usertime": 2650419
     },
     "17240820527": {
      "maxRSS": 212724,
      "systemtime": 104252,
      "usertime": 2654435
     },
     "17240821690": {
      "maxRSS": 212980,
      "systemtime": 104254,
      "usertime": 2654487
     },
     "17240822812": {
      "maxRSS": 213108,
      "systemtime": 104256,
      "usertime": 2654526
     },
     "17240823939": {
      "maxRSS": 213236,
      "systemtime": 104257,
      "usertime": 2654567
     },
     "17240825129": {
      "maxRSS": 213364,
      "systemtime": 104260,
      "usertime": 2658636
     },
     "17240826432": {
      "maxRSS": 213492,
      "systemtime": 104261,
      "usertime": 2658674
     },
     "17240827573": {
      "maxRSS": 213620,
      "systemtime": 104262,
      "usertime": 2658700
     },
     "17240828683": {
      "maxRSS": 213876,
      "systemtime": 108270,
      "usertime": 2658700
     },
     "17240829845": {
      "maxRSS": 214132,
      "systemtime": 108273,
      "usertime": 2658718
     },
     "17240830942": {
      "maxRSS": 214260,
      "systemtime": 108274,
      "usertime": 2658740
     },
     "17240832057": {
      "maxRSS": 214388,
      "systemtime": 108274,
      "usertime": 2662759
     },
     "17240833180": {
      "maxRSS": 214644,
      "systemtime": 108275,
      "usertime": 2662780
     },
     "17240834298": {
      "maxRSS": 214900,
      "systemtime": 108276,
      "usertime": 2662792
     },
     "17240835428": {
      "maxRSS": 215156,
      "systemtime": 108277,
      "usertime": 2662824
     },
     "17240836536": {
      "maxRSS": 215412,
      "systemtime": 108277,
      "usertime": 2666832
     },
     "17240837643": {
      "maxRSS": 215668,
      "systemtime": 108277,
      "usertime": 2666845
     },
     "17240838787": {
      "maxRSS": 215924,
      "systemtime": 108280,
      "usertime": 2666904
     },
     "17240839908": {
      "maxRSS": 216052,
      "systemtime": 108281,
      "usertime": 2666936
     },
     "17240841030": {
      "maxRSS": 216308,
      "systemtime": 108282,
      "usertime": 2670975
     },
     "17240842137": {
      "maxRSS": 216564,
      "systemtime": 108283,
      "usertime": 2670988
     },
     "17240843250": {
      "maxRSS": 216820,
      "systemtime": 108284,
      "usertime": 2671011
     },
     "17240844351": {
      "maxRSS": 217076,
      "systemtime": 108284,
      "usertime": 2675018
     },
     "17240845443": {
      "maxRSS": 217332,
      "systemtime": 108284,
      "usertime": 2675035
     },
     "17240846544": {
      "maxRSS": 217588,
      "systemtime": 108285,
      "usertime": 2675052
     },
     "17240847641": {
      "maxRSS": 217716,
      "systemtime": 108286,
      "usertime": 2675077
     },
     "17240848750": {
      "maxRSS": 217844,
      "systemtime": 108290,
      "usertime": 2679196
     },
     "17240849913": {
      "maxRSS": 218100,
      "systemtime": 108292,
      "usertime": 2679244
     },
     "17240851031": {
      "maxRSS": 218356,
      "systemtime": 108293,
      "usertime": 2679267
     },
     "17240852058": {
      "maxRSS": 218612,
      "systemtime": 108293,
      "usertime": 2683219
     },
     "17240853134": {
      "maxRSS": 218868,
      "systemtime": 108293,
      "usertime": 2683248
     },
     "17240854270": {
      "maxRSS": 219124,
      "systemtime": 108293,
      "usertime": 2683261
     },
     "17240855372": {
      "maxRSS": 219380,
      "systemtime": 108293,
      "usertime": 2683283
     },
     "17240856489": {
      "maxRSS": 219508,
      "systemtime": 108293,
      "usertime": 2687280
     },
     "17240857579": {
      "maxRSS": 219764,
      "systemtime": 108294,
      "usertime": 2687302
     },
     "17240858692": {
      "maxRSS": 220020,
      "systemtime": 108294,
      "usertime": 2687319
     },
     "17240859796": {
      "maxRSS": 220276,
      "systemtime": 108295,
      "usertime": 2687328
     },
     "17240860902": {
      "maxRSS": 220532,
      "systemtime": 112305,
      "usertime": 2687328
     },
     "17240861984": {
      "maxRSS": 220788,
      "systemtime": 112306,
      "usertime": 2687345
     },
     "17240863083": {
      "maxRSS": 221044,
      "systemtime": 112308,
      "usertime": 2687379
     },
     "17240864184": {
      "maxRSS": 221172,
      "systemtime": 112311,
      "usertime": 2691456
     },
     "17240865287": {
      "maxRSS": 221300,
      "systemtime": 112312,
      "usertime": 2691486
     },
     "17240866376": {
      "maxRSS": 221428,
      "systemtime": 112313,
      "usertime": 2691513
     },
     "17240867464": {
      "maxRSS": 221684,
      "systemtime": 112314,
      "usertime": 2691532
     },
     "17240868553": {
      "maxRSS": 221940,
      "systemtime": 112314,
      "usertime": 2695494
     },
     "17240869662": {
      "maxRSS": 222324,
      "systemtime": 112314,
      "usertime": 2695536
     },
     "17240870863": {
      "maxRSS": 222708,
      "systemtime": 112317,
      "usertime": 2695610
     },
     "17240871972": {
      "maxRSS": 222964,
      "systemtime": 112318,
      "usertime": 2695634
     },
     "17240873086": {
      "maxRSS": 223220,
      "systemtime": 112318,
      "usertime": 2699663
     },
     "17240874206": {
      "maxRSS": 223476,
      "systemtime": 112320,
      "usertime": 2699697
     },
     "17240875304": {
      "maxRSS": 223732,
      "systemtime": 112321,
      "usertime": 2699723
     },
     "17240876400": {
      "maxRSS": 223988,
      "systemtime": 112321,
      "usertime": 2703748
     },
     "17240877507": {
      "maxRSS": 224116,
      "systemtime": 112323,
      "usertime": 2703791
     },
     "17240878594": {
      "maxRSS": 224372,
      "systemtime": 112324,
      "usertime": 2703810
     },
     "17240880709": {
      "maxRSS": 224756,
      "systemtime": 112325,
      "usertime": 2707846
     },
     "17240882828": {
      "maxRSS": 224884,
      "systemtime": 112327,
      "usertime": 2707887
     },
     "17240884999": {
      "maxRSS": 225396,
      "systemtime": 112328,
      "usertime": 2711924
     },
     "17240887121": {
      "maxRSS": 225908,
      "systemtime": 112328,
      "usertime": 2711941
     },
     "17240889248": {
      "maxRSS": 226420,
      "systemtime": 112330,
      "usertime": 2715979
     },
     "17240891412": {
      "maxRSS": 226932,
      "systemtime": 112331,
      "usertime": 2716010
     },
     "17240893517": {
      "maxRSS": 227444,
      "systemtime": 112331,
      "usertime": 2720036
     },
     "17240895655": {
      "maxRSS": 227956,
      "systemtime": 112333,
      "usertime": 2720070
     },
     "17240897762": {
      "maxRSS": 228468,
      "systemtime": 112333,
      "usertime": 2724098
     },
     "17240899860": {
      "maxRSS": 228980,
      "systemtime": 112335,
      "usertime": 2724126
     },
     "17240902013": {
      "maxRSS": 229492,
      "systemtime": 112336,
      "usertime": 2728181
     },
     "17240904096": {
      "maxRSS": 230004,
      "systemtime": 112337,
      "usertime": 2732198
     },
     "17240906194": {
      "maxRSS": 230388,
      "systemtime": 112338,
      "usertime": 2732221
     },
     "17240908285": {
      "maxRSS": 230900,
      "systemtime": 112338,
      "usertime": 2736256
     },
     "17240910363": {
      "maxRSS": 231412,
      "systemtime": 112339,
      "usertime": 2736275
     },
     "17240912446": {
      "maxRSS": 231924,
      "systemtime": 112339,
      "usertime": 2740284
     },
     "17240914588": {
      "maxRSS": 232308,
      "systemtime": 112341,
      "usertime": 2740336
     },
     "17240916712": {
      "maxRSS": 232820,
      "systemtime": 116356,
      "usertime": 2740386
     },
     "17240918828": {
      "maxRSS": 233332,
      "systemtime": 116356,
      "usertime": 2740406
     },
     "17240920925": {
      "maxRSS": 233844,
      "systemtime": 116357,
      "usertime": 2744420
     },
     "17240923068": {
      "maxRSS": 234228,
      "systemtime": 116358,
      "usertime": 2744451
     },
     "17240925206": {
      "maxRSS": 234612,
      "systemtime": 116360,
      "usertime": 2748516
     },
     "17240927322": {
      "maxRSS": 235124,
      "systemtime": 116362,
      "usertime": 2748553
     },
     "17240929427": {
      "maxRSS": 235636,
      "systemtime": 116362,
      "usertime": 2752565
     },
     "17240931522": {
      "maxRSS": 236020,
      "systemtime": 116363,
      "usertime": 2752587
     },
     "17240933625": {
      "maxRSS": 236532,
      "systemtime": 116363,
      "usertime": 2756621
     },
     "17240935692": {
      "maxRSS": 237044,
      "systemtime": 116364,
      "usertime": 2756630
     },
     "17240937770": {
      "maxRSS": 237556,
      "systemtime": 116364,
      "usertime": 2760633
     },
     "17240939864": {
      "maxRSS": 237812,
      "systemtime": 116364,
      "usertime": 2760657
     },
     "17240942039": {
      "maxRSS": 238324,
      "systemtime": 116367,
      "usertime": 2764729
     },
     "17240944114": {
      "maxRSS": 238836,
      "systemtime": 120381,
      "usertime": 2764757
     },
     "17240946204": {
      "maxRSS": 239220,
      "systemtime": 120382,
      "usertime": 2764774
     },
     "17240948301": {
      "maxRSS": 239476,
      "systemtime": 120382,
      "usertime": 2768782
     },
     "17240950441": {
      "maxRSS": 239988,
      "systemtime": 120383,
      "usertime": 2768819
     },
     "17240952555": {
      "maxRSS": 239988,
      "systemtime": 120383,
      "usertime": 2772841
     },
     "17240954664": {
      "maxRSS": 239988,
      "systemtime": 120385,
      "usertime": 2772873
     },
     "17240956772": {
      "maxRSS": 239988,
      "systemtime": 120385,
      "usertime": 2776903
     },
     "17240958493": {
      "maxRSS": 239988,
      "systemtime": 120490,
      "usertime": 2779304
     },
     "17240959570": {
      "maxRSS": 239988,
      "systemtime": 120490,
      "usertime": 2779318
     },
     "17240960734": {
      "maxRSS": 239988,
      "systemtime": 120490,
      "usertime": 2780859
     },
     "17240961926": {
      "maxRSS": 239988,
      "systemtime": 120490,
      "usertime": 2780876
     },
     "17240963052": {
      "maxRSS": 239988,
      "systemtime": 120490,
      "usertime": 2780917
     },
     "17240964164": {
      "maxRSS": 239988,
      "systemtime": 120490,
      "usertime": 2785001
     },
     "17240965273": {
      "maxRSS": 239988,
      "systemtime": 120490,
      "usertime": 2785021
     },
     "17240966389": {
      "maxRSS": 239988,
      "systemtime": 120490,
      "usertime": 2785050
     },
     "17240967500": {
      "maxRSS": 239988,
      "systemtime": 120490,
      "usertime": 2785084
     },
     "17240968613": {
      "maxRSS": 239988,
      "systemtime": 120490,
      "usertime": 2789081
     },
     "17240969799": {
      "maxRSS": 239988,
      "systemtime": 120490,
      "usertime": 2789109
     },
     "17240971020": {
      "maxRSS": 239988,
      "systemtime": 120490,
      "usertime": 2789292
     },
     "17240972126": {
      "maxRSS": 239988,
      "systemtime": 120490,
      "usertime": 2793333
     },
     "17240973223": {
      "maxRSS": 239988,
      "systemtime": 120490,
      "usertime": 2793359
     },
     "17240974389": {
      "maxRSS": 239988,
      "systemtime": 120490,
      "usertime": 2793393
     },
     "17240975631": {
      "maxRSS": 239988,
      "systemtime": 120490,
      "usertime": 2793416
     },
     "17240976769": {
      "maxRSS": 239988,
      "systemtime": 120490,
      "usertime": 2797421
     },
     "17240977876": {
      "maxRSS": 239988,
      "systemtime": 120490,
      "usertime": 2797461
     },
     "17240978949": {
      "maxRSS": 239988,
      "systemtime": 120490,
      "usertime": 2797475
     },
     "17240980054": {
      "maxRSS": 239988,
      "systemtime": 120490,
      "usertime": 2801492
     },
     "17240981234": {
      "maxRSS": 239988,
      "systemtime": 120490,
      "usertime": 2801524
     },
     "17240982363": {
      "maxRSS": 239988,
      "systemtime": 120490,
      "usertime": 2801554
     },
     "17240983454": {
      "maxRSS": 239988,
      "systemtime": 120490,
      "usertime": 2801576
     },
     "17240984556": {
      "maxRSS": 239988,
      "systemtime": 120490,
      "usertime": 2805613
     },
     "17240985625": {
      "maxRSS": 239988,
      "systemtime": 120490,
      "usertime": 2805621
     },
     "17240986699": {
      "maxRSS": 239988,
      "systemtime": 120490,
      "usertime": 2805632
     },
     "17240987779": {
      "maxRSS": 239988,
      "systemtime": 120490,
      "usertime": 2805646
     },
     "17240988871": {
      "maxRSS": 239988,
      "systemtime": 120490,
      "usertime": 2809660
     },
     "17240989998": {
      "maxRSS": 239988,
      "systemtime": 120490,
      "usertime": 2809689
     },
     "17240991135": {
      "maxRSS": 239988,
      "systemtime": 120490,
      "usertime": 2809757
     },
     "17240992211": {
      "maxRSS": 239988,
      "systemtime": 120490,
      "usertime": 2813781
     },
     "17240993297": {
      "maxRSS": 239988,
      "systemtime": 120490,
      "usertime": 2813796
     },
     "17240994410": {
      "maxRSS": 239988,
      "systemtime": 120490,
      "usertime": 2813814
     },
     "17240995489": {
      "maxRSS": 239988,
      "systemtime": 120490,
      "usertime": 2813829
     },
     "17240996588": {
      "maxRSS": 239988,
      "systemtime": 120490,
      "usertime": 2817844
     },
     "17240997711": {
      "maxRSS": 239988,
      "systemtime": 120490,
      "usertime": 2817883
     },
     "17240998906": {
      "maxRSS": 239988,
      "systemtime": 120490,
      "usertime": 2817969
     },
     "17241000035": {
      "maxRSS": 239988,
      "systemtime": 120490,
      "usertime": 2822024
     },
     "17241001155": {
      "maxRSS": 239988,
      "systemtime": 120490,
      "usertime": 2822065
     },
     "17241002252": {
      "maxRSS": 239988,
      "systemtime": 120490,
      "usertime": 2822095
     },
     "17241003351": {
      "maxRSS": 239988,
      "systemtime": 120490,
      "usertime": 2822123
     },
     "17241004458": {
      "maxRSS": 239988,
      "systemtime": 120490,
      "usertime": 2826144
     },
     "17241005607": {
      "maxRSS": 239988,
      "systemtime": 120490,
      "usertime": 2826206
     },
     "17241006717": {
      "maxRSS": 239988,
      "systemtime": 120490,
      "usertime": 2826241
     },
     "17241007815": {
      "maxRSS": 239988,
      "systemtime": 120490,
      "usertime": 2826270
     },
     "17241008932": {
      "maxRSS": 239988,
      "systemtime": 120490,
      "usertime": 2830290
     },
     "17241010053": {
      "maxRSS": 239988,
      "systemtime": 120490,
      "usertime": 2830314
     },
     "17241011181": {
      "maxRSS": 239988,
      "systemtime": 120490,
      "usertime": 2830347
     },
     "17241012278": {
      "maxRSS": 239988,
      "systemtime": 120490,
      "usertime": 2834373
     },
     "17241013379": {
      "maxRSS": 239988,
      "systemtime": 120490,
      "usertime": 2834397
     },
     "17241014485": {
      "maxRSS": 239988,
      "systemtime": 120490,
      "usertime": 2834425
     },
     "17241015584": {
      "maxRSS": 239988,
      "systemtime": 120490,
      "usertime": 2834447
     },
     "17241016661": {
      "maxRSS": 239988,
      "systemtime": 120490,
      "usertime": 2838465
     },
     "17241017739": {
      "maxRSS": 239988,
      "systemtime": 120490,
      "usertime": 2838478
     },
     "17241018839": {
      "maxRSS": 239988,
      "systemtime": 120490,
      "usertime": 2838512
     },
     "17241019913": {
      "maxRSS": 239988,
      "systemtime": 120490,
      "usertime": 2838523
     },
     "17241021005": {
      "maxRSS": 239988,
      "systemtime": 120490,
      "usertime": 2842536
     },
     "17241022116": {
      "maxRSS": 239988,
      "systemtime": 120490,
      "usertime": 2842571
     },
     "17241023231": {
      "maxRSS": 239988,
      "systemtime": 120490,
      "usertime": 2842610
     },
     "17241024329": {
      "maxRSS": 239988,
      "systemtime": 120490,
      "usertime": 2846645
     },
     "17241025429": {
      "maxRSS": 239988,
      "systemtime": 120490,
      "usertime": 2846667
     },
     "17241026552": {
      "maxRSS": 239988,
      "systemtime": 120490,
      "usertime": 2846712
     },
     "17241027634": {
      "maxRSS": 239988,
      "systemtime": 120490,
      "usertime": 2846729
     },
     "17241028719": {
      "maxRSS": 239988,
      "systemtime": 120490,
      "usertime": 2850741
     },
     "17241029808": {
      "maxRSS": 239988,
      "systemtime": 120490,
      "usertime": 2850774
     },
     "17241031008": {
      "maxRSS": 239988,
      "systemtime": 120490,
      "usertime": 2850809
     },
     "17241032093": {
      "maxRSS": 239988,
      "systemtime": 120490,
      "usertime": 2854882
     },
     "17241033272": {
      "maxRSS": 239988,
      "systemtime": 120490,
      "usertime": 2854979
     },
     "17241034382": {
      "maxRSS": 239988,
      "systemtime": 120490,
      "usertime": 2855001
     },
     "17241035467": {
      "maxRSS": 239988,
      "systemtime": 120490,
      "usertime": 2855021
     },
     "17241036542": {
      "maxRSS": 239988,
      "systemtime": 120490,
      "usertime": 2859021
     },
     "17241037625": {
      "maxRSS": 239988,
      "systemtime": 120490,
      "usertime": 2859037
     },
     "17241038719": {
      "maxRSS": 239988,
      "systemtime": 120490,
      "usertime": 2859061
     },
     "17241039864": {
      "maxRSS": 239988,
      "systemtime": 120490,
      "usertime": 2859126
     },
     "17241040966": {
      "maxRSS": 239988,
      "systemtime": 120490,
      "usertime": 2863161
     },
     "17241042089": {
      "maxRSS": 239988,
      "systemtime": 120490,
      "usertime": 2863182
     },
     "17241043161": {
      "maxRSS": 239988,
      "systemtime": 120490,
      "usertime": 2863195
     },
     "17241044227": {
      "maxRSS": 239988,
      "systemtime": 120490,
      "usertime": 2867193
     },
     "17241045291": {
      "maxRSS": 239988,
      "systemtime": 120490,
      "usertime": 2867200
     },
     "17241046388": {
      "maxRSS": 239988,
      "systemtime": 120490,
      "usertime": 2867232
     },
     "17241047474": {
      "maxRSS": 239988,
      "systemtime": 120490,
      "usertime": 2867251
     },
     "17241048556": {
      "maxRSS": 239988,
      "systemtime": 120490,
      "usertime": 2871285
     },
     "17241049632": {
      "maxRSS": 239988,
      "systemtime": 120490,
      "usertime": 2871302
     },
     "17241050698": {
      "maxRSS": 239988,
      "systemtime": 120490,
      "usertime": 2871311
     },
     "17241051808": {
      "maxRSS": 239988,
      "systemtime": 120490,
      "usertime": 2871318
     },
     "17241052915": {
      "maxRSS": 239988,
      "systemtime": 120490,
      "usertime": 2875320
     },
     "17241054004": {
      "maxRSS": 239988,
      "systemtime": 120490,
      "usertime": 2875350
     },
     "17241055103": {
      "maxRSS": 239988,
      "systemtime": 120490,
      "usertime": 2875373
     },
     "17241056213": {
      "maxRSS": 239988,
      "systemtime": 120490,
      "usertime": 2879443
     },
     "17241057320": {
      "maxRSS": 239988,
      "systemtime": 120490,
      "usertime": 2879479
     },
     "17241058403": {
      "maxRSS": 239988,
      "systemtime": 120490,
      "usertime": 2879502
     },
     "17241059471": {
      "maxRSS": 239988,
      "systemtime": 120490,
      "usertime": 2879513
     },
     "17241060559": {
      "maxRSS": 239988,
      "systemtime": 120490,
      "usertime": 2883514
     },
     "17241061625": {
      "maxRSS": 239988,
      "systemtime": 120490,
      "usertime": 2883522
     },
     "17241062693": {
      "maxRSS": 239988,
      "systemtime": 120490,
      "usertime": 2883531
     },
     "17241063781": {
      "maxRSS": 239988,
      "systemtime": 120490,
      "usertime": 2883549
     },
     "17241064883": {
      "maxRSS": 239988,
      "systemtime": 120490,
      "usertime": 2887583
     },
     "17241065985": {
      "maxRSS": 239988,
      "systemtime": 120490,
      "usertime": 2887608
     },
     "17241067121": {
      "maxRSS": 239988,
      "systemtime": 120490,
      "usertime": 2887651
     },
     "17241068211": {
      "maxRSS": 239988,
      "systemtime": 120490,
      "usertime": 2891664
     },
     "17241069296": {
      "maxRSS": 239988,
      "systemtime": 120490,
      "usertime": 2891680
     },
     "17241070373": {
      "maxRSS": 239988,
      "systemtime": 120490,
      "usertime": 2891697
     },
     "17241071454": {
      "maxRSS": 239988,
      "systemtime": 120490,
      "usertime": 2891714
     },
     "17241072561": {
      "maxRSS": 239988,
      "systemtime": 120490,
      "usertime": 2895746
     },
     "17241073800": {
      "maxRSS": 239988,
      "systemtime": 120491,
      "usertime": 2895811
     },
     "17241074880": {
      "maxRSS": 239988,
      "systemtime": 120492,
      "usertime": 2895830
     },
     "17241075983": {
      "maxRSS": 239988,
      "systemtime": 120492,
      "usertime": 2895840
     },
     "17241077065": {
      "maxRSS": 239988,
      "systemtime": 120492,
      "usertime": 2899852
     },
     "17241078166": {
      "maxRSS": 239988,
      "systemtime": 120492,
      "usertime": 2899861
     },
     "17241079230": {
      "maxRSS": 239988,
      "systemtime": 120493,
      "usertime": 2899868
     },
     "17241080317": {
      "maxRSS": 239988,
      "systemtime": 120493,
      "usertime": 2903885
     },
     "17241081434": {
      "maxRSS": 239988,
      "systemtime": 120495,
      "usertime": 2903938
     },
     "17241082506": {
      "maxRSS": 239988,
      "systemtime": 120495,
      "usertime": 2903950
     },
     "17241083573": {
      "maxRSS": 239988,
      "systemtime": 120496,
      "usertime": 2903959
     },
     "17241084639": {
      "maxRSS": 239988,
      "systemtime": 120496,
      "usertime": 2907966
     },
     "17241085705": {
      "maxRSS": 239988,
      "systemtime": 120496,
      "usertime": 2907974
     },
     "17241086770": {
      "maxRSS": 239988,
      "systemtime": 120496,
      "usertime": 2907981
     },
     "17241087872": {
      "maxRSS": 239988,
      "systemtime": 120497,
      "usertime": 2908013
     },
     "17241088980": {
      "maxRSS": 239988,
      "systemtime": 120498,
      "usertime": 2912044
     },
     "17241090104": {
      "maxRSS": 239988,
      "systemtime": 120500,
      "usertime": 2912090
     },
     "17241091332": {
      "maxRSS": 239988,
      "systemtime": 120501,
      "usertime": 2912128
     },
     "17241092425": {
      "maxRSS": 239988,
      "systemtime": 120502,
      "usertime": 2916160
     },
     "17241093538": {
      "maxRSS": 239988,
      "systemtime": 120503,
      "usertime": 2916176
     },
     "17241094668": {
      "maxRSS": 239988,
      "systemtime": 120505,
      "usertime": 2916229
     },
     "17241095751": {
      "maxRSS": 239988,
      "systemtime": 120506,
      "usertime": 2916246
     },
     "17241096871": {
      "maxRSS": 239988,
      "systemtime": 120506,
      "usertime": 2920276
     },
     "17241097997": {
      "maxRSS": 239988,
      "systemtime": 120508,
      "usertime": 2920321
     },
     "17241099358": {
      "maxRSS": 239988,
      "systemtime": 120510,
      "usertime": 2920368
     },
     "17241101466": {
      "maxRSS": 239988,
      "systemtime": 120511,
      "usertime": 2924422
     },
     "17241103646": {
      "maxRSS": 239988,
      "systemtime": 120514,
      "usertime": 2924474
     },
     "17241105757": {
      "maxRSS": 239988,
      "systemtime": 120514,
      "usertime": 2928481
     },
     "17241107858": {
      "maxRSS": 239988,
      "systemtime": 120514,
      "usertime": 2928509
     },
     "17241109945": {
      "maxRSS": 239988,
      "systemtime": 120514,
      "usertime": 2932530
     },
     "17241112017": {
      "maxRSS": 239988,
      "systemtime": 120514,
      "usertime": 2936537
     },
     "17241114129": {
      "maxRSS": 239988,
      "systemtime": 120515,
      "usertime": 2936563
     },
     "17241116216": {
      "maxRSS": 239988,
      "systemtime": 120516,
      "usertime": 2940604
     },
     "17241118309": {
      "maxRSS": 239988,
      "systemtime": 120517,
      "usertime": 2940638
     },
     "17241120377": {
      "maxRSS": 239988,
      "systemtime": 120517,
      "usertime": 2944632
     },
     "17241122483": {
      "maxRSS": 239988,
      "systemtime": 120517,
      "usertime": 2944654
     },
     "17241124644": {
      "maxRSS": 239988,
      "systemtime": 120519,
      "usertime": 2948710
     },
     "17241126738": {
      "maxRSS": 239988,
      "systemtime": 120520,
      "usertime": 2948736
     },
     "17241128851": {
      "maxRSS": 239988,
      "systemtime": 120520,
      "usertime": 2952738
     },
     "17241130971": {
      "maxRSS": 239988,
      "systemtime": 120521,
      "usertime": 2952784
     },
     "17241133079": {
      "maxRSS": 239988,
      "systemtime": 120522,
      "usertime": 2956829
     },
     "17241135162": {
      "maxRSS": 239988,
      "systemtime": 120523,
      "usertime": 2956849
     },
     "17241137228": {
      "maxRSS": 239988,
      "systemtime": 120523,
      "usertime": 2960845
     },
     "17241139327": {
      "maxRSS": 239988,
      "systemtime": 120523,
      "usertime": 2960863
     },
     "17241141421": {
      "maxRSS": 239988,
      "systemtime": 120524,
      "usertime": 2964896
     },
     "17241143518": {
      "maxRSS": 239988,
      "systemtime": 120525,
      "usertime": 2964932
     },
     "17241145624": {
      "maxRSS": 239988,
      "systemtime": 120525,
      "usertime": 2968939
     },
     "17241147717": {
      "maxRSS": 239988,
      "systemtime": 120526,
      "usertime": 2968960
     },
     "17241149816": {
      "maxRSS": 239988,
      "systemtime": 120526,
      "usertime": 2972992
     },
     "17241151905": {
      "maxRSS": 239988,
      "systemtime": 120527,
      "usertime": 2973014
     },
     "17241154016": {
      "maxRSS": 239988,
      "systemtime": 120527,
      "usertime": 2977025
     },
     "17241156148": {
      "maxRSS": 240116,
      "systemtime": 120529,
      "usertime": 2981086
     },
     "17241158293": {
      "maxRSS": 240116,
      "systemtime": 120530,
      "usertime": 2981116
     },
     "17241160366": {
      "maxRSS": 240116,
      "systemtime": 120532,
      "usertime": 2985175
     },
     "17241162438": {
      "maxRSS": 240116,
      "systemtime": 120532,
      "usertime": 2985187
     },
     "17241164547": {
      "maxRSS": 240116,
      "systemtime": 120532,
      "usertime": 2989166
     },
     "17241166669": {
      "maxRSS": 240116,
      "systemtime": 120532,
      "usertime": 2989214
     },
     "17241168766": {
      "maxRSS": 240116,
      "systemtime": 120533,
      "usertime": 2993239
     },
     "17241170894": {
      "maxRSS": 240116,
      "systemtime": 120534,
      "usertime": 2993272
     },
     "17241172999": {
      "maxRSS": 240116,
      "systemtime": 120541,
      "usertime": 2997460
     },
     "17241175141": {
      "maxRSS": 240116,
      "systemtime": 120542,
      "usertime": 2997493
     },
     "17241177220": {
      "maxRSS": 240116,
      "systemtime": 120542,
      "usertime": 3001346
     },
     "17241179301": {
      "maxRSS": 240116,
      "systemtime": 120542,
      "usertime": 3001364
     },
     "17241181406": {
      "maxRSS": 240116,
      "systemtime": 120542,
      "usertime": 3005388
     },
     "17241183569": {
      "maxRSS": 240116,
      "systemtime": 120542,
      "usertime": 3005444
     },
     "17241185654": {
      "maxRSS": 240116,
      "systemtime": 120542,
      "usertime": 3009469
     },
     "17241187728": {
      "maxRSS": 240116,
      "systemtime": 120542,
      "usertime": 3009484
     },
     "17241189856": {
      "maxRSS": 240116,
      "systemtime": 120542,
      "usertime": 3013536
     },
     "17241191986": {
      "maxRSS": 240116,
      "systemtime": 120543,
      "usertime": 3013578
     },
     "17241194105": {
      "maxRSS": 240116,
      "systemtime": 120543,
      "usertime": 3017630
     },
     "17241196229": {
      "maxRSS": 240116,
      "systemtime": 120543,
      "usertime": 3021678
     },
     "17241198338": {
      "maxRSS": 240116,
      "systemtime": 120543,
      "usertime": 3021710
     },
     "17241200510": {
      "maxRSS": 240116,
      "systemtime": 120543,
      "usertime": 3025783
     },
     "17241202629": {
      "maxRSS": 240116,
      "systemtime": 120543,
      "usertime": 3025803
     },
     "17241204718": {
      "maxRSS": 240116,
      "systemtime": 120543,
      "usertime": 3029810
     },
     "17241206822": {
      "maxRSS": 240116,
      "systemtime": 120543,
      "usertime": 3029841
     },
     "17241209007": {
      "maxRSS": 240116,
      "systemtime": 120543,
      "usertime": 3033942
     },
     "17241211122": {
      "maxRSS": 240116,
      "systemtime": 120543,
      "usertime": 3033957
     },
     "17241213197": {
      "maxRSS": 240116,
      "systemtime": 120543,
      "usertime": 3037965
     },
     "17241215324": {
      "maxRSS": 240116,
      "systemtime": 120543,
      "usertime": 3037991
     },
     "17241217413": {
      "maxRSS": 240116,
      "systemtime": 120543,
      "usertime": 3042021
     },
     "17241219532": {
      "maxRSS": 240116,
      "systemtime": 120543,
      "usertime": 3042050
     },
     "17241221623": {
      "maxRSS": 240116,
      "systemtime": 120543,
      "usertime": 3046064
     },
     "17241223849": {
      "maxRSS": 240116,
      "systemtime": 120543,
      "usertime": 3046126
     },
     "17241225951": {
      "maxRSS": 240116,
      "systemtime": 120543,
      "usertime": 3050201
     },
     "17241228025": {
      "maxRSS": 240116,
      "systemtime": 120543,
      "usertime": 3054169
     },
     "17241230129": {
      "maxRSS": 240116,
      "systemtime": 120543,
      "usertime": 3054194
     },
     "17241232239": {
      "maxRSS": 240116,
      "systemtime": 120543,
      "usertime": 3058246
     },
     "17241234376": {
      "maxRSS": 240116,
      "systemtime": 120543,
      "usertime": 3058285
     },
     "17241236474": {
      "maxRSS": 240116,
      "systemtime": 120543,
      "usertime": 3062323
     },
     "17241238599": {
      "maxRSS": 240116,
      "systemtime": 120543,
      "usertime": 3062352
     },
     "17241240726": {
      "maxRSS": 240116,
      "systemtime": 120543,
      "usertime": 3066406
     },
     "17241242821": {
      "maxRSS": 240116,
      "systemtime": 120543,
      "usertime": 3066434
     },
     "17241244945": {
      "maxRSS": 240116,
      "systemtime": 120543,
      "usertime": 3070447
     },
     "17241247043": {
      "maxRSS": 240116,
      "systemtime": 120543,
      "usertime": 3070470
     },
     "17241249194": {
      "maxRSS": 240116,
      "systemtime": 120543,
      "usertime": 3074542
     },
     "17241251327": {
      "maxRSS": 240116,
      "systemtime": 120543,
      "usertime": 3074573
     },
     "17241253446": {
      "maxRSS": 240116,
      "systemtime": 120543,
      "usertime": 3078587
     },
     "17241255540": {
      "maxRSS": 240116,
      "systemtime": 120543,
      "usertime": 3078609
     },
     "17241257634": {
      "maxRSS": 240116,
      "systemtime": 120543,
      "usertime": 3082641
     },
     "17241259728": {
      "maxRSS": 240116,
      "systemtime": 120543,
      "usertime": 3082664
     },
     "17241261833": {
      "maxRSS": 240116,
      "systemtime": 120543,
      "usertime": 3086701
     },
     "17241263950": {
      "maxRSS": 240116,
      "systemtime": 120543,
      "usertime": 3086733
     },
     "17241266072": {
      "maxRSS": 240116,
      "systemtime": 120543,
      "usertime": 3090793
     },
     "17241268175": {
      "maxRSS": 240116,
      "systemtime": 120543,
      "usertime": 3094822
     },
     "17241270261": {
      "maxRSS": 240116,
      "systemtime": 120543,
      "usertime": 3094842
     },
     "17241272355": {
      "maxRSS": 240116,
      "systemtime": 120543,
      "usertime": 3098863
     },
     "17241274467": {
      "maxRSS": 240116,
      "systemtime": 120543,
      "usertime": 3098910
     },
     "17241276568": {
      "maxRSS": 240116,
      "systemtime": 120543,
      "usertime": 3102941
     },
     "17241278690": {
      "maxRSS": 240116,
      "systemtime": 120543,
      "usertime": 3102966
     },
     "17241280808": {
      "maxRSS": 240116,
      "systemtime": 120543,
      "usertime": 3107024
     },
     "17241282938": {
      "maxRSS": 240116,
      "systemtime": 120543,
      "usertime": 3107060
     },
     "17241285039": {
      "maxRSS": 240116,
      "systemtime": 120543,
      "usertime": 3111074
     },
     "17241287137": {
      "maxRSS": 240116,
      "systemtime": 120543,
      "usertime": 3111108
     },
     "17241289277": {
      "maxRSS": 240116,
      "systemtime": 120543,
      "usertime": 3115160
     },
     "17241291389": {
      "maxRSS": 240116,
      "systemtime": 120543,
      "usertime": 3115200
     },
     "17241293500": {
      "maxRSS": 240116,
      "systemtime": 120543,
      "usertime": 3119234
     },
     "17241295677": {
      "maxRSS": 240116,
      "systemtime": 120543,
      "usertime": 3119266
     },
     "17241297793": {
      "maxRSS": 240116,
      "systemtime": 120543,
      "usertime": 3123316
     },
     "17241299904": {
      "maxRSS": 240116,
      "systemtime": 120543,
      "usertime": 3123349
     },
     "17241302033": {
      "maxRSS": 240116,
      "systemtime": 120543,
      "usertime": 3127355
     },
     "17241304197": {
      "maxRSS": 240116,
      "systemtime": 120543,
      "usertime": 3131384
     },
     "17241306321": {
      "maxRSS": 240116,
      "systemtime": 120543,
      "usertime": 3131422
     },
     "17241308445": {
      "maxRSS": 240116,
      "systemtime": 120543,
      "usertime": 3135523
     },
     "17241310571": {
      "maxRSS": 240116,
      "systemtime": 120543,
      "usertime": 3135553
     },
     "17241312669": {
      "maxRSS": 240116,
      "systemtime": 120543,
      "usertime": 3139517
     },
     "17241314802": {
      "maxRSS": 240116,
      "systemtime": 120543,
      "usertime": 3139574
     },
     "17241316925": {
      "maxRSS": 240116,
      "systemtime": 120543,
      "usertime": 3143630
     },
     "17241319025": {
      "maxRSS": 240116,
      "systemtime": 120543,
      "usertime": 3143665
     },
     "17241321125": {
      "maxRSS": 240116,
      "systemtime": 120543,
      "usertime": 3147686
     },
     "17241323265": {
      "maxRSS": 240116,
      "systemtime": 120543,
      "usertime": 3147730
     },
     "17241325393": {
      "maxRSS": 240116,
      "systemtime": 120543,
      "usertime": 3151868
     },
     "17241327536": {
      "maxRSS": 240116,
      "systemtime": 120543,
      "usertime": 3151943
     },
     "17241329628": {
      "maxRSS": 240116,
      "systemtime": 120543,
      "usertime": 3155921
     },
     "17241331744": {
      "maxRSS": 240116,
      "systemtime": 120543,
      "usertime": 3155955
     },
     "17241333864": {
      "maxRSS": 240116,
      "systemtime": 120543,
      "usertime": 3159950
     },
     "17241335945": {
      "maxRSS": 240116,
      "systemtime": 120543,
      "usertime": 3159969
     },
     "17241338030": {
      "maxRSS": 240116,
      "systemtime": 120543,
      "usertime": 3163984
     },
     "17241340111": {
      "maxRSS": 240116,
      "systemtime": 120543,
      "usertime": 3168012
     },
     "17241342245": {
      "maxRSS": 240116,
      "systemtime": 120543,
      "usertime": 3168055
     },
     "17241344313": {
      "maxRSS": 240116,
      "systemtime": 120543,
      "usertime": 3172058
     },
     "17241346402": {
      "maxRSS": 240116,
      "systemtime": 120543,
      "usertime": 3172073
     },
     "17241348530": {
      "maxRSS": 240116,
      "systemtime": 120543,
      "usertime": 3176094
     },
     "17241350598": {
      "maxRSS": 240116,
      "systemtime": 120543,
      "usertime": 3176105
     },
     "17241352665": {
      "maxRSS": 240116,
      "systemtime": 120543,
      "usertime": 3180109
     },
     "17241354744": {
      "maxRSS": 240116,
      "systemtime": 120543,
      "usertime": 3180131
     },
     "17241356809": {
      "maxRSS": 240116,
      "systemtime": 120543,
      "usertime": 3184138
     },
     "17241358873": {
      "maxRSS": 240116,
      "systemtime": 120543,
      "usertime": 3184145
     },
     "17241360969": {
      "maxRSS": 240116,
      "systemtime": 120543,
      "usertime": 3188151
     },
     "17241363033": {
      "maxRSS": 240116,
      "systemtime": 120543,
      "usertime": 3188158
     },
     "17241365127": {
      "maxRSS": 240116,
      "systemtime": 120543,
      "usertime": 3192179
     },
     "17241367302": {
      "maxRSS": 240116,
      "systemtime": 120543,
      "usertime": 3192242
     },
     "17241369383": {
      "maxRSS": 240116,
      "systemtime": 120543,
      "usertime": 3196265
     },
     "17241373458": {
      "maxRSS": 240116,
      "systemtime": 120543,
      "usertime": 3200277
     },
     "17241377569": {
      "maxRSS": 240116,
      "systemtime": 120543,
      "usertime": 3204305
     },
     "17241381659": {
      "maxRSS": 240116,
      "systemtime": 120543,
      "usertime": 3208332
     },
     "17241385756": {
      "maxRSS": 240116,
      "systemtime": 120543,
      "usertime": 3212357
     },
     "17241389893": {
      "maxRSS": 240116,
      "systemtime": 120543,
      "usertime": 3216430
     },
     "17241394013": {
      "maxRSS": 240116,
      "systemtime": 120543,
      "usertime": 3220483
     },
     "17241398139": {
      "maxRSS": 240116,
      "systemtime": 120543,
      "usertime": 3224505
     },
     "17241402237": {
      "maxRSS": 240116,
      "systemtime": 120543,
      "usertime": 3228536
     },
     "17241406369": {
      "maxRSS": 240116,
      "systemtime": 120543,
      "usertime": 3232588
     },
     "17241410488": {
      "maxRSS": 240116,
      "systemtime": 120543,
      "usertime": 3236619
     },
     "17241414576": {
      "maxRSS": 240116,
      "systemtime": 120543,
      "usertime": 3240633
     },
     "17241418682": {
      "maxRSS": 240116,
      "systemtime": 120543,
      "usertime": 3244671
     },
     "17241422768": {
      "maxRSS": 240116,
      "systemtime": 120543,
      "usertime": 3248691
     },
     "17241426920": {
      "maxRSS": 240116,
      "systemtime": 120543,
      "usertime": 3252987
     },
     "17241431051": {
      "maxRSS": 240116,
      "systemtime": 120543,
      "usertime": 3256784
     },
     "17241435169": {
      "maxRSS": 240116,
      "systemtime": 120543,
      "usertime": 3260892
     },
     "17241439273": {
      "maxRSS": 240116,
      "systemtime": 120543,
      "usertime": 3264857
     },
     "17241443482": {
      "maxRSS": 240116,
      "systemtime": 120543,
      "usertime": 3268913
     },
     "17241447600": {
      "maxRSS": 240116,
      "systemtime": 120543,
      "usertime": 3272955
     },
     "17241451712": {
      "maxRSS": 240116,
      "systemtime": 120543,
      "usertime": 3276989
     },
     "17241455852": {
      "maxRSS": 240116,
      "systemtime": 120543,
      "usertime": 3281052
     },
     "17241459975": {
      "maxRSS": 240116,
      "systemtime": 120543,
      "usertime": 3285078
     },
     "17241464094": {
      "maxRSS": 240116,
      "systemtime": 120543,
      "usertime": 3293107
     },
     "17241468216": {
      "maxRSS": 240116,
      "systemtime": 120543,
      "usertime": 3297182
     },
     "17241472313": {
      "maxRSS": 240116,
      "systemtime": 120543,
      "usertime": 3301198
     },
     "17241476435": {
      "maxRSS": 240116,
      "systemtime": 120543,
      "usertime": 3305233
     },
     "17241480540": {
      "maxRSS": 240116,
      "systemtime": 120543,
      "usertime": 3309261
     },
     "17241484626": {
      "maxRSS": 240116,
      "systemtime": 120543,
      "usertime": 3313283
     },
     "17241488738": {
      "maxRSS": 240116,
      "systemtime": 120543,
      "usertime": 3317315
     },
     "17241492895": {
      "maxRSS": 240116,
      "systemtime": 120543,
      "usertime": 3321354
     },
     "17241496987": {
      "maxRSS": 240116,
      "systemtime": 120543,
      "usertime": 3325383
     },
     "17241501108": {
      "maxRSS": 240116,
      "systemtime": 120543,
      "usertime": 3329430
     },
     "17241505224": {
      "maxRSS": 240116,
      "systemtime": 120543,
      "usertime": 3333468
     },
     "17241509330": {
      "maxRSS": 240116,
      "systemtime": 120543,
      "usertime": 3337511
     },
     "17241513433": {
      "maxRSS": 240116,
      "systemtime": 120543,
      "usertime": 3341538
     },
     "17241517559": {
      "maxRSS": 240116,
      "systemtime": 120543,
      "usertime": 3345599
     },
     "17241521667": {
      "maxRSS": 240116,
      "systemtime": 120543,
      "usertime": 3349621
     },
     "17241525739": {
      "maxRSS": 240116,
      "systemtime": 120543,
      "usertime": 3353636
     },
     "17241529817": {
      "maxRSS": 240116,
      "systemtime": 120543,
      "usertime": 3357652
     },
     "17241533907": {
      "maxRSS": 240116,
      "systemtime": 120543,
      "usertime": 3361679
     },
     "17241537987": {
      "maxRSS": 240116,
      "systemtime": 120543,
      "usertime": 3365697
     },
     "17241542056": {
      "maxRSS": 240116,
      "systemtime": 120543,
      "usertime": 3369706
     },
     "17241546169": {
      "maxRSS": 240116,
      "systemtime": 120543,
      "usertime": 3373739
     },
     "17241550311": {
      "maxRSS": 240116,
      "systemtime": 120543,
      "usertime": 3377761
     },
     "17241554386": {
      "maxRSS": 240116,
      "systemtime": 120543,
      "usertime": 3381778
     },
     "17241558467": {
      "maxRSS": 240116,
      "systemtime": 120543,
      "usertime": 3385795
     },
     "17241562555": {
      "maxRSS": 240116,
      "systemtime": 120543,
      "usertime": 3389814
     },
     "17241566681": {
      "maxRSS": 240116,
      "systemtime": 120543,
      "usertime": 3393846
     },
     "17241570837": {
      "maxRSS": 240116,
      "systemtime": 120543,
      "usertime": 3397901
     },
     "17241574948": {
      "maxRSS": 240116,
      "systemtime": 120543,
      "usertime": 3401937
     },
     "17241579049": {
      "maxRSS": 240116,
      "systemtime": 120543,
      "usertime": 3405969
     },
     "17241583158": {
      "maxRSS": 240116,
      "systemtime": 120543,
      "usertime": 3410004
     },
     "17241587286": {
      "maxRSS": 240116,
      "systemtime": 120543,
      "usertime": 3414050
     },
     "17241591422": {
      "maxRSS": 240116,
      "systemtime": 120543,
      "usertime": 3418107
     },
     "17241595595": {
      "maxRSS": 240116,
      "systemtime": 120543,
      "usertime": 3422213
     },
     "17241599728": {
      "maxRSS": 240116,
      "systemtime": 120543,
      "usertime": 3426239
     },
     "17241603866": {
      "maxRSS": 240116,
      "systemtime": 120543,
      "usertime": 3430304
     },
     "17241607986": {
      "maxRSS": 240116,
      "systemtime": 120543,
      "usertime": 3434335
     },
     "17241612045": {
      "maxRSS": 240116,
      "systemtime": 120543,
      "usertime": 3442369
     },
     "17241616115": {
      "maxRSS": 240116,
      "systemtime": 120543,
      "usertime": 3446442
     },
     "17241620269": {
      "maxRSS": 240116,
      "systemtime": 120543,
      "usertime": 3450463
     },
     "17241624413": {
      "maxRSS": 240116,
      "systemtime": 120543,
      "usertime": 3454509
     },
     "17241628514": {
      "maxRSS": 240116,
      "systemtime": 120543,
      "usertime": 3458542
     },
     "17241632627": {
      "maxRSS": 240116,
      "systemtime": 120543,
      "usertime": 3462582
     },
     "17241636729": {
      "maxRSS": 240116,
      "systemtime": 120543,
      "usertime": 3466630
     },
     "17241640822": {
      "maxRSS": 240116,
      "systemtime": 120543,
      "usertime": 3470657
     },
     "17241644916": {
      "maxRSS": 240116,
      "systemtime": 120543,
      "usertime": 3474684
     },
     "17241649080": {
      "maxRSS": 240116,
      "systemtime": 120543,
      "usertime": 3478838
     },
     "17241653192": {
      "maxRSS": 240116,
      "systemtime": 120543,
      "usertime": 3482812
     },
     "17241657340": {
      "maxRSS": 240116,
      "systemtime": 120543,
      "usertime": 3486783
     },
     "17241661511": {
      "maxRSS": 240116,
      "systemtime": 120543,
      "usertime": 3490811
     },
     "17241665701": {
      "maxRSS": 240116,
      "systemtime": 120543,
      "usertime": 3494920
     },
     "17241669819": {
      "maxRSS": 240116,
      "systemtime": 120543,
      "usertime": 3498974
     },
     "17241673987": {
      "maxRSS": 240116,
      "systemtime": 120543,
      "usertime": 3503036
     },
     "17241678080": {
      "maxRSS": 240116,
      "systemtime": 120543,
      "usertime": 3507068
     },
     "17241682294": {
      "maxRSS": 240116,
      "systemtime": 120543,
      "usertime": 3511136
     },
     "17241686382": {
      "maxRSS": 240116,
      "systemtime": 120543,
      "usertime": 3515165
     },
     "17241690486": {
      "maxRSS": 240116,
      "systemtime": 120543,
      "usertime": 3519194
     },
     "17241694569": {
      "maxRSS": 240116,
      "systemtime": 120543,
      "usertime": 3523308
     },
     "17241698692": {
      "maxRSS": 240116,
      "systemtime": 120543,
      "usertime": 3527261
     },
     "17241702907": {
      "maxRSS": 240116,
      "systemtime": 120543,
      "usertime": 3531314
     },
     "17241707020": {
      "maxRSS": 240116,
      "systemtime": 120543,
      "usertime": 3535358
     },
     "17241711113": {
      "maxRSS": 240116,
      "systemtime": 120543,
      "usertime": 3539386
     },
     "17241715215": {
      "maxRSS": 240116,
      "systemtime": 120543,
      "usertime": 3543430
     },
     "17241719323": {
      "maxRSS": 240116,
      "systemtime": 120543,
      "usertime": 3547462
     },
     "17241723473": {
      "maxRSS": 240116,
      "systemtime": 120543,
      "usertime": 3551502
     },
     "17241727618": {
      "maxRSS": 240116,
      "systemtime": 120543,
      "usertime": 3555572
     },
     "17241731735": {
      "maxRSS": 240116,
      "systemtime": 120543,
      "usertime": 3559619
     },
     "17241735952": {
      "maxRSS": 240116,
      "systemtime": 120543,
      "usertime": 3563651
     },
     "17241740049": {
      "maxRSS": 240116,
      "systemtime": 120543,
      "usertime": 3571674
     },
     "17241744135": {
      "maxRSS": 240116,
      "systemtime": 120543,
      "usertime": 3575699
     },
     "17241748237": {
      "maxRSS": 240116,
      "systemtime": 120543,
      "usertime": 3579732
     },
     "17241752352": {
      "maxRSS": 240116,
      "systemtime": 120543,
      "usertime": 3583784
     },
     "17241756447": {
      "maxRSS": 240116,
      "systemtime": 120543,
      "usertime": 3587820
     },
     "17241760565": {
      "maxRSS": 240116,
      "systemtime": 120543,
      "usertime": 3591864
     },
     "17241764688": {
      "maxRSS": 240116,
      "systemtime": 120543,
      "usertime": 3595913
     },
     "17241768804": {
      "maxRSS": 240372,
      "systemtime": 120543,
      "usertime": 3599956
     },
     "17241772912": {
      "maxRSS": 240500,
      "systemtime": 120543,
      "usertime": 3603991
     },
     "17241777055": {
      "maxRSS": 240884,
      "systemtime": 120543,
      "usertime": 3608038
     },
     "17241781190": {
      "maxRSS": 240884,
      "systemtime": 120543,
      "usertime": 3612087
     },
     "17241782786": {
      "maxRSS": 240884,
      "systemtime": 120543,
      "usertime": 3614869
     },
     "17241783860": {
      "maxRSS": 240884,
      "systemtime": 120543,
      "usertime": 3614884
     },
     "17241784929": {
      "maxRSS": 240884,
      "systemtime": 120543,
      "usertime": 3616124
     },
     "17241784993": {
      "maxRSS": 240884,
      "systemtime": 120543,
      "usertime": 3617091
     },
     "17241786079": {
      "maxRSS": 241140,
      "systemtime": 120543,
      "usertime": 3617118
     },
     "17241787153": {
      "maxRSS": 241524,
      "systemtime": 120543,
      "usertime": 3617132
     },
     "17241788243": {
      "maxRSS": 241780,
      "systemtime": 123607,
      "usertime": 3617132
     },
     "17241789367": {
      "maxRSS": 242036,
      "systemtime": 123633,
      "usertime": 3617132
     },
     "17241790478": {
      "maxRSS": 242292,
      "systemtime": 123659,
      "usertime": 3617132
     },
     "17241791571": {
      "maxRSS": 242548,
      "systemtime": 123684,
      "usertime": 3617132
     },
     "17241792654": {
      "maxRSS": 242676,
      "systemtime": 124426,
      "usertime": 3620411
     },
     "17241793762": {
      "maxRSS": 242804,
      "systemtime": 124427,
      "usertime": 3620448
     },
     "17241794850": {
      "maxRSS": 242932,
      "systemtime": 124428,
      "usertime": 3620468
     },
     "17241795940": {
      "maxRSS": 243188,
      "systemtime": 124429,
      "usertime": 3620486
     },
     "17241797035": {
      "maxRSS": 243444,
      "systemtime": 124429,
      "usertime": 3624510
     },
     "17241798142": {
      "maxRSS": 243572,
      "systemtime": 124430,
      "usertime": 3624536
     },
     "17241799251": {
      "maxRSS": 243700,
      "systemtime": 124431,
      "usertime": 3624565
     },
     "17241800373": {
      "maxRSS": 243956,
      "systemtime": 124433,
      "usertime": 3628635
     },
     "17241801457": {
      "maxRSS": 244212,
      "systemtime": 124433,
      "usertime": 3628653
     },
     "17241802530": {
      "maxRSS": 244468,
      "systemtime": 124434,
      "usertime": 3628667
     },
     "17241803595": {
      "maxRSS": 244852,
      "systemtime": 124434,
      "usertime": 3628675
     },
     "17241804680": {
      "maxRSS": 245108,
      "systemtime": 124434,
      "usertime": 3632664
     },
     "17241805771": {
      "maxRSS": 245364,
      "systemtime": 124434,
      "usertime": 3632684
     },
     "17241806944": {
      "maxRSS": 245620,
      "systemtime": 124435,
      "usertime": 3632726
     },
     "17241808031": {
      "maxRSS": 245876,
      "systemtime": 124436,
      "usertime": 3636750
     },
     "17241809144": {
      "maxRSS": 246132,
      "systemtime": 124436,
      "usertime": 3636764
     },
     "17241810211": {
      "maxRSS": 246388,
      "systemtime": 124437,
      "usertime": 3636773
     },
     "17241811276": {
      "maxRSS": 246644,
      "systemtime": 124437,
      "usertime": 3636780
     },
     "17241812351": {
      "maxRSS": 246900,
      "systemtime": 124437,
      "usertime": 3640783
     },
     "17241813486": {
      "maxRSS": 247284,
      "systemtime": 124438,
      "usertime": 3640824
     },
     "17241814633": {
      "maxRSS": 247412,
      "systemtime": 124439,
      "usertime": 3640853
     },
     "17241815709": {
      "maxRSS": 247668,
      "systemtime": 124439,
      "usertime": 3640868
     },
     "17241816776": {
      "maxRSS": 247924,
      "systemtime": 124441,
      "usertime": 3644932
     },
     "17241817842": {
      "maxRSS": 248180,
      "systemtime": 124441,
      "usertime": 3644940
     },
     "17241818908": {
      "maxRSS": 248436,
      "systemtime": 124442,
      "usertime": 3644947
     },
     "17241819990": {
      "maxRSS": 248692,
      "systemtime": 124442,
      "usertime": 3644964
     },
     "17241821098": {
      "maxRSS": 249076,
      "systemtime": 128319,
      "usertime": 3645068
     },
     "17241822199": {
      "maxRSS": 249332,
      "systemtime": 128320,
      "usertime": 3645094
     },
     "17241823336": {
      "maxRSS": 249588,
      "systemtime": 128320,
      "usertime": 3645113
     },
     "17241824417": {
      "maxRSS": 249844,
      "systemtime": 128321,
      "usertime": 3649134
     },
     "17241825491": {
      "maxRSS": 250100,
      "systemtime": 128321,
      "usertime": 3649144
     },
     "17241826561": {
      "maxRSS": 250356,
      "systemtime": 128321,
      "usertime": 3649154
     },
     "17241827706": {
      "maxRSS": 250612,
      "systemtime": 128323,
      "usertime": 3649186
     },
     "17241828810": {
      "maxRSS": 250868,
      "systemtime": 128323,
      "usertime": 3653220
     },
     "17241829902": {
      "maxRSS": 251252,
      "systemtime": 128324,
      "usertime": 3653239
     },
     "17241831001": {
      "maxRSS": 251380,
      "systemtime": 128325,
      "usertime": 3653263
     },
     "17241832048": {
      "maxRSS": 251508,
      "systemtime": 128326,
      "usertime": 3653289
     },
     "17241833221": {
      "maxRSS": 251764,
      "systemtime": 128331,
      "usertime": 3657444
     },
     "17241834359": {
      "maxRSS": 252020,
      "systemtime": 128332,
      "usertime": 3657480
     },
     "17241835464": {
      "maxRSS": 252276,
      "systemtime": 128333,
      "usertime": 3657492
     },
     "17241836580": {
      "maxRSS": 252532,
      "systemtime": 128333,
      "usertime": 3661376
     },
     "17241837662": {
      "maxRSS": 252916,
      "systemtime": 128333,
      "usertime": 3661390
     },
     "17241838751": {
      "maxRSS": 253172,
      "systemtime": 128333,
      "usertime": 3661409
     },
     "17241839843": {
      "maxRSS": 253428,
      "systemtime": 128333,
      "usertime": 3661433
     },
     "17241840972": {
      "maxRSS": 253556,
      "systemtime": 128333,
      "usertime": 3665487
     },
     "17241842041": {
      "maxRSS": 253812,
      "systemtime": 128333,
      "usertime": 3665499
     },
     "17241843106": {
      "maxRSS": 254196,
      "systemtime": 128333,
      "usertime": 3665506
     },
     "17241844183": {
      "maxRSS": 254452,
      "systemtime": 128333,
      "usertime": 3669499
     },
     "17241845319": {
      "maxRSS": 254708,
      "systemtime": 128333,
      "usertime": 3669521
     },
     "17241846401": {
      "maxRSS": 254964,
      "systemtime": 128333,
      "usertime": 3669534
     },
     "17241847536": {
      "maxRSS": 255220,
      "systemtime": 128334,
      "usertime": 3669559
     },
     "17241848688": {
      "maxRSS": 255476,
      "systemtime": 132346,
      "usertime": 3669597
     },
     "17241849802": {
      "maxRSS": 255732,
      "systemtime": 132346,
      "usertime": 3669613
     },
     "17241850942": {
      "maxRSS": 256116,
      "systemtime": 132347,
      "usertime": 3669638
     },
     "17241852042": {
      "maxRSS": 256372,
      "systemtime": 132347,
      "usertime": 3673636
     },
     "17241853198": {
      "maxRSS": 256628,
      "systemtime": 132347,
      "usertime": 3673653
     },
     "17241854292": {
      "maxRSS": 256884,
      "systemtime": 132348,
      "usertime": 3673669
     },
     "17241855401": {
      "maxRSS": 257140,
      "systemtime": 132349,
      "usertime": 3673707
     },
     "17241856596": {
      "maxRSS": 257396,
      "systemtime": 136361,
      "usertime": 3673745
     },
     "17241857724": {
      "maxRSS": 257652,
      "systemtime": 136363,
      "usertime": 3673782
     },
     "17241858843": {
      "maxRSS": 257908,
      "systemtime": 136364,
      "usertime": 3673814
     },
     "17241859967": {
      "maxRSS": 258164,
      "systemtime": 136365,
      "usertime": 3673837
     },
     "17241861048": {
      "maxRSS": 258420,
      "systemtime": 136365,
      "usertime": 3677839
     },
     "17241862151": {
      "maxRSS": 258676,
      "systemtime": 136365,
      "usertime": 3677869
     },
     "17241863236": {
      "maxRSS": 258932,
      "systemtime": 136366,
      "usertime": 3677885
     },
     "17241864321": {
      "maxRSS": 259188,
      "systemtime": 136366,
      "usertime": 3681903
     },
     "17241865412": {
      "maxRSS": 259444,
      "systemtime": 136367,
      "usertime": 3681925
     },
     "17241866541": {
      "maxRSS": 259700,
      "systemtime": 136368,
      "usertime": 3681960
     },
     "17241867618": {
      "maxRSS": 259956,
      "systemtime": 136369,
      "usertime": 3681980
     },
     "17241868724": {
      "maxRSS": 260212,
      "systemtime": 136370,
      "usertime": 3686023
     },
     "17241869795": {
      "maxRSS": 260596,
      "systemtime": 136371,
      "usertime": 3686034
     },
     "17241870868": {
      "maxRSS": 260852,
      "systemtime": 136371,
      "usertime": 3686045
     },
     "17241871946": {
      "maxRSS": 261108,
      "systemtime": 136372,
      "usertime": 3686059
     },
     "17241873050": {
      "maxRSS": 261236,
      "systemtime": 136372,
      "usertime": 3690085
     },
     "17241874151": {
      "maxRSS": 261492,
      "systemtime": 136373,
      "usertime": 3690115
     },
     "17241875229": {
      "maxRSS": 261876,
      "systemtime": 136374,
      "usertime": 3690132
     },
     "17241876322": {
      "maxRSS": 262132,
      "systemtime": 136375,
      "usertime": 3694163
     },
     "17241877423": {
      "maxRSS": 262388,
      "systemtime": 136375,
      "usertime": 3694172
     },
     "17241878490": {
      "maxRSS": 262644,
      "systemtime": 136375,
      "usertime": 3694180
     },
     "17241879590": {
      "maxRSS": 262900,
      "systemtime": 136376,
      "usertime": 3694200
     },
     "17241880679": {
      "maxRSS": 263156,
      "systemtime": 140388,
      "usertime": 3694210
     },
     "17241881822": {
      "maxRSS": 263412,
      "systemtime": 140388,
      "usertime": 3694226
     },
     "17241882974": {
      "maxRSS": 263668,
      "systemtime": 140390,
      "usertime": 3694273
     },
     "17241884025": {
      "maxRSS": 263924,
      "systemtime": 140390,
      "usertime": 3694285
     },
     "17241885090": {
      "maxRSS": 264180,
      "systemtime": 140392,
      "usertime": 3698346
     },
     "17241886156": {
      "maxRSS": 264436,
      "systemtime": 140393,
      "usertime": 3698354
     },
     "17241887256": {
      "maxRSS": 264692,
      "systemtime": 140393,
      "usertime": 3698361
     },
     "17241888339": {
      "maxRSS": 264948,
      "systemtime": 140393,
      "usertime": 3702320
     },
     "17241889447": {
      "maxRSS": 265204,
      "systemtime": 140393,
      "usertime": 3702356
     },
     "17241890527": {
      "maxRSS": 265460,
      "systemtime": 140393,
      "usertime": 3702372
     },
     "17241891599": {
      "maxRSS": 265716,
      "systemtime": 140393,
      "usertime": 3702383
     },
     "17241892673": {
      "maxRSS": 265972,
      "systemtime": 140393,
      "usertime": 3706397
     },
     "17241893780": {
      "maxRSS": 266228,
      "systemtime": 140394,
      "usertime": 3706410
     },
     "17241894855": {
      "maxRSS": 266484,
      "systemtime": 140394,
      "usertime": 3706421
     },
     "17241895953": {
      "maxRSS": 266740,
      "systemtime": 140395,
      "usertime": 3706450
     },
     "17241897044": {
      "maxRSS": 266996,
      "systemtime": 140396,
      "usertime": 3710465
     },
     "17241898169": {
      "maxRSS": 267124,
      "systemtime": 140396,
      "usertime": 3710490
     },
     "17241899343": {
      "maxRSS": 267380,
      "systemtime": 140398,
      "usertime": 3710521
     },
     "17241900416": {
      "maxRSS": 267636,
      "systemtime": 140400,
      "usertime": 3714584
     },
     "17241901494": {
      "maxRSS": 267892,
      "systemtime": 140400,
      "usertime": 3714596
     },
     "17241902579": {
      "maxRSS": 268276,
      "systemtime": 140401,
      "usertime": 3714616
     },
     "17241903648": {
      "maxRSS": 268532,
      "systemtime": 140401,
      "usertime": 3714628
     },
     "17241904740": {
      "maxRSS": 268660,
      "systemtime": 140401,
      "usertime": 3718605
     },
     "17241905835": {
      "maxRSS": 268916,
      "systemtime": 140401,
      "usertime": 3718628
     },
     "17241906951": {
      "maxRSS": 269044,
      "systemtime": 140401,
      "usertime": 3718643
     },
     "17241908052": {
      "maxRSS": 269300,
      "systemtime": 140401,
      "usertime": 3722645
     },
     "17241909155": {
      "maxRSS": 269428,
      "systemtime": 140402,
      "usertime": 3722669
     },
     "17241910298": {
      "maxRSS": 269684,
      "systemtime": 140404,
      "usertime": 3722712
     },
     "17241911441": {
      "maxRSS": 270068,
      "systemtime": 140405,
      "usertime": 3722740
     },
     "17241912514": {
      "maxRSS": 270324,
      "systemtime": 140405,
      "usertime": 3726758
     },
     "17241913611": {
      "maxRSS": 270580,
      "systemtime": 140406,
      "usertime": 3726779
     },
     "17241914734": {
      "maxRSS": 270836,
      "systemtime": 140407,
      "usertime": 3726822
     },
     "17241915838": {
      "maxRSS": 270964,
      "systemtime": 140408,
      "usertime": 3726853
     },
     "17241916949": {
      "maxRSS": 271348,
      "systemtime": 140410,
      "usertime": 3730900
     },
     "17241918022": {
      "maxRSS": 271604,
      "systemtime": 140410,
      "usertime": 3730914
     },
     "17241919089": {
      "maxRSS": 271860,
      "systemtime": 140411,
      "usertime": 3730922
     },
     "17241920165": {
      "maxRSS": 272116,
      "systemtime": 140411,
      "usertime": 3734932
     },
     "17241921269": {
      "maxRSS": 272372,
      "systemtime": 140411,
      "usertime": 3734947
     },
     "17241922369": {
      "maxRSS": 272500,
      "systemtime": 140412,
      "usertime": 3734971
     },
     "17241923493": {
      "maxRSS": 272756,
      "systemtime": 140413,
      "usertime": 3735011
     },
     "17241924578": {
      "maxRSS": 273012,
      "systemtime": 144426,
      "usertime": 3735038
     },
     "17241926665": {
      "maxRSS": 273524,
      "systemtime": 144427,
      "usertime": 3735061
     },
     "17241928778": {
      "maxRSS": 274036,
      "systemtime": 144427,
      "usertime": 3739064
     },
     "17241930871": {
      "maxRSS": 274420,
      "systemtime": 144428,
      "usertime": 3739088
     },
     "17241932972": {
      "maxRSS": 274932,
      "systemtime": 144429,
      "usertime": 3743120
     },
     "17241935069": {
      "maxRSS": 275444,
      "systemtime": 144430,
      "usertime": 3743156
     },
     "17241937163": {
      "maxRSS": 275828,
      "systemtime": 144430,
      "usertime": 3747172
     },
     "17241939274": {
      "maxRSS": 276212,
      "systemtime": 144431,
      "usertime": 3747206
     },
     "17241941443": {
      "maxRSS": 276596,
      "systemtime": 144434,
      "usertime": 3751285
     },
     "17241943543": {
      "maxRSS": 277108,
      "systemtime": 144435,
      "usertime": 3751314
     },
     "17241945636": {
      "maxRSS": 277492,
      "systemtime": 144435,
      "usertime": 3755317
     },
     "17241947751": {
      "maxRSS": 277876,
      "systemtime": 144436,
      "usertime": 3755352
     },
     "17241949908": {
      "maxRSS": 278260,
      "systemtime": 148453,
      "usertime": 3755470
     },
     "17241952025": {
      "maxRSS": 278644,
      "systemtime": 152308,
      "usertime": 3755605
     },
     "17241954111": {
      "maxRSS": 279156,
      "systemtime": 152309,
      "usertime": 3755625
     },
     "17241956225": {
      "maxRSS": 279540,
      "systemtime": 156319,
      "usertime": 3755666
     },
     "17241958390": {
      "maxRSS": 279668,
      "systemtime": 156321,
      "usertime": 3755734
     },
     "17241960519": {
      "maxRSS": 280052,
      "systemtime": 156324,
      "usertime": 3759796
     },
     "17241962673": {
      "maxRSS": 280308,
      "systemtime": 156326,
      "usertime": 3759846
     },
     "17241964803": {
      "maxRSS": 280308,
      "systemtime": 156327,
      "usertime": 3763882
     },
     "17241966982": {
      "maxRSS": 280308,
      "systemtime": 156329,
      "usertime": 3763926
     },
     "17241969139": {
      "maxRSS": 280308,
      "systemtime": 156330,
      "usertime": 3767961
     },
     "17241971242": {
      "maxRSS": 280308,
      "systemtime": 156331,
      "usertime": 3767994
     },
     "17241973357": {
      "maxRSS": 280308,
      "systemtime": 156479,
      "usertime": 3771887
     },
     "17241973959": {
      "maxRSS": 280308,
      "systemtime": 156479,
      "usertime": 3773893
     },
     "17241975072": {
      "maxRSS": 280308,
      "systemtime": 156479,
      "usertime": 3773924
     },
     "17241976169": {
      "maxRSS": 280308,
      "systemtime": 156479,
      "usertime": 3776038
     },
     "17241977247": {
      "maxRSS": 280308,
      "systemtime": 156479,
      "usertime": 3776057
     },
     "17241978333": {
      "maxRSS": 280308,
      "systemtime": 156479,
      "usertime": 3776073
     },
     "17241979473": {
      "maxRSS": 280308,
      "systemtime": 156479,
      "usertime": 3776092
     },
     "17241980640": {
      "maxRSS": 280308,
      "systemtime": 156479,
      "usertime": 3780123
     },
     "17241981778": {
      "maxRSS": 280308,
      "systemtime": 156479,
      "usertime": 3780142
     },
     "17241982900": {
      "maxRSS": 280308,
      "systemtime": 156479,
      "usertime": 3780167
     },
     "17241984061": {
      "maxRSS": 280308,
      "systemtime": 156479,
      "usertime": 3784182
     },
     "17241985173": {
      "maxRSS": 280308,
      "systemtime": 156479,
      "usertime": 3784209
     },
     "17241986271": {
      "maxRSS": 280308,
      "systemtime": 156479,
      "usertime": 3784237
     },
     "17241987364": {
      "maxRSS": 280308,
      "systemtime": 156479,
      "usertime": 3784261
     },
     "17241988480": {
      "maxRSS": 280308,
      "systemtime": 156479,
      "usertime": 3788323
     },
     "17241989557": {
      "maxRSS": 280308,
      "systemtime": 156479,
      "usertime": 3788340
     },
     "17241990648": {
      "maxRSS": 280308,
      "systemtime": 156479,
      "usertime": 3788358
     },
     "17241991762": {
      "maxRSS": 280308,
      "systemtime": 156479,
      "usertime": 3788387
     },
     "17241992858": {
      "maxRSS": 280308,
      "systemtime": 156479,
      "usertime": 3792408
     },
     "17241993978": {
      "maxRSS": 280308,
      "systemtime": 156479,
      "usertime": 3792434
     },
     "17241995106": {
      "maxRSS": 280308,
      "systemtime": 156479,
      "usertime": 3792493
     },
     "17241996209": {
      "maxRSS": 280308,
      "systemtime": 156479,
      "usertime": 3796719
     },
     "17241997309": {
      "maxRSS": 280308,
      "systemtime": 156479,
      "usertime": 3796748
     },
     "17241998447": {
      "maxRSS": 280308,
      "systemtime": 156479,
      "usertime": 3796788
     },
     "17241999553": {
      "maxRSS": 280308,
      "systemtime": 156479,
      "usertime": 3796819
     },
     "17242000707": {
      "maxRSS": 280308,
      "systemtime": 156479,
      "usertime": 3800860
     },
     "17242001922": {
      "maxRSS": 280308,
      "systemtime": 156479,
      "usertime": 3800993
     },
     "17242003101": {
      "maxRSS": 280308,
      "systemtime": 156479,
      "usertime": 3801014
     },
     "17242004137": {
      "maxRSS": 280308,
      "systemtime": 156479,
      "usertime": 3804891
     },
     "17242005320": {
      "maxRSS": 280308,
      "systemtime": 156479,
      "usertime": 3804910
     },
     "17242006511": {
      "maxRSS": 280308,
      "systemtime": 156479,
      "usertime": 3804929
     },
     "17242007686": {
      "maxRSS": 280308,
      "systemtime": 156479,
      "usertime": 3804947
     },
     "17242008820": {
      "maxRSS": 280308,
      "systemtime": 156479,
      "usertime": 3808930
     },
     "17242009905": {
      "maxRSS": 280308,
      "systemtime": 156479,
      "usertime": 3808947
     },
     "17242010987": {
      "maxRSS": 280308,
      "systemtime": 156479,
      "usertime": 3808963
     },
     "17242012035": {
      "maxRSS": 280308,
      "systemtime": 156479,
      "usertime": 3812978
     },
     "17242013116": {
      "maxRSS": 280308,
      "systemtime": 156479,
      "usertime": 3812994
     },
     "17242014263": {
      "maxRSS": 280308,
      "systemtime": 156479,
      "usertime": 3813012
     },
     "17242015383": {
      "maxRSS": 280308,
      "systemtime": 156479,
      "usertime": 3813039
     },
     "17242016545": {
      "maxRSS": 280308,
      "systemtime": 156479,
      "usertime": 3817102
     },
     "17242017687": {
      "maxRSS": 280308,
      "systemtime": 156479,
      "usertime": 3817129
     },
     "17242018798": {
      "maxRSS": 280308,
      "systemtime": 156479,
      "usertime": 3817147
     },
     "17242019910": {
      "maxRSS": 280308,
      "systemtime": 156479,
      "usertime": 3817169
     },
     "17242020993": {
      "maxRSS": 280308,
      "systemtime": 156479,
      "usertime": 3821181
     },
     "17242022150": {
      "maxRSS": 280308,
      "systemtime": 156479,
      "usertime": 3821208
     },
     "17242023271": {
      "maxRSS": 280436,
      "systemtime": 156479,
      "usertime": 3821239
     },
     "17242024384": {
      "maxRSS": 280436,
      "systemtime": 156479,
      "usertime": 3825258
     },
     "17242025452": {
      "maxRSS": 280436,
      "systemtime": 156479,
      "usertime": 3825269
     },
     "17242026551": {
      "maxRSS": 280436,
      "systemtime": 156479,
      "usertime": 3825279
     },
     "17242027685": {
      "maxRSS": 280436,
      "systemtime": 156479,
      "usertime": 3825300
     },
     "17242028796": {
      "maxRSS": 280436,
      "systemtime": 156479,
      "usertime": 3829312
     },
     "17242029937": {
      "maxRSS": 280436,
      "systemtime": 156479,
      "usertime": 3829352
     },
     "17242031017": {
      "maxRSS": 280436,
      "systemtime": 156479,
      "usertime": 3829370
     },
     "17242032054": {
      "maxRSS": 280436,
      "systemtime": 156479,
      "usertime": 3833383
     },
     "17242033121": {
      "maxRSS": 280436,
      "systemtime": 156479,
      "usertime": 3833392
     },
     "17242034224": {
      "maxRSS": 280436,
      "systemtime": 156479,
      "usertime": 3833403
     },
     "17242035324": {
      "maxRSS": 280436,
      "systemtime": 156479,
      "usertime": 3833412
     },
     "17242036447": {
      "maxRSS": 280436,
      "systemtime": 156479,
      "usertime": 3837447
     },
     "17242037552": {
      "maxRSS": 280436,
      "systemtime": 156479,
      "usertime": 3837463
     },
     "17242038654": {
      "maxRSS": 280436,
      "systemtime": 156479,
      "usertime": 3837478
     },
     "17242039775": {
      "maxRSS": 280436,
      "systemtime": 156479,
      "usertime": 3837509
     },
     "17242040882": {
      "maxRSS": 280436,
      "systemtime": 156479,
      "usertime": 3841523
     },
     "17242041988": {
      "maxRSS": 280436,
      "systemtime": 156479,
      "usertime": 3841538
     },
     "17242043097": {
      "maxRSS": 280436,
      "systemtime": 156479,
      "usertime": 3841549
     },
     "17242044193": {
      "maxRSS": 280436,
      "systemtime": 156479,
      "usertime": 3845586
     },
     "17242045307": {
      "maxRSS": 280436,
      "systemtime": 156479,
      "usertime": 3845607
     },
     "17242046419": {
      "maxRSS": 280436,
      "systemtime": 156479,
      "usertime": 3845627
     },
     "17242047533": {
      "maxRSS": 280436,
      "systemtime": 156479,
      "usertime": 3845643
     },
     "17242048618": {
      "maxRSS": 280436,
      "systemtime": 156479,
      "usertime": 3849665
     },
     "17242049705": {
      "maxRSS": 280436,
      "systemtime": 156479,
      "usertime": 3849685
     },
     "17242050833": {
      "maxRSS": 280436,
      "systemtime": 156479,
      "usertime": 3849732
     },
     "17242051915": {
      "maxRSS": 280436,
      "systemtime": 156479,
      "usertime": 3849746
     },
     "17242053037": {
      "maxRSS": 280436,
      "systemtime": 156479,
      "usertime": 3853763
     },
     "17242054122": {
      "maxRSS": 280436,
      "systemtime": 156479,
      "usertime": 3853782
     },
     "17242055210": {
      "maxRSS": 280436,
      "systemtime": 156479,
      "usertime": 3853801
     },
     "17242056290": {
      "maxRSS": 280436,
      "systemtime": 156479,
      "usertime": 3857816
     },
     "17242057395": {
      "maxRSS": 280436,
      "systemtime": 156479,
      "usertime": 3857855
     },
     "17242058467": {
      "maxRSS": 280436,
      "systemtime": 156479,
      "usertime": 3857869
     },
     "17242059535": {
      "maxRSS": 280436,
      "systemtime": 156479,
      "usertime": 3857880
     },
     "17242060608": {
      "maxRSS": 280436,
      "systemtime": 156479,
      "usertime": 3861890
     },
     "17242061677": {
      "maxRSS": 280436,
      "systemtime": 156479,
      "usertime": 3861901
     },
     "17242062753": {
      "maxRSS": 280436,
      "systemtime": 156479,
      "usertime": 3861916
     },
     "17242063907": {
      "maxRSS": 280436,
      "systemtime": 156479,
      "usertime": 3861959
     },
     "17242065068": {
      "maxRSS": 280436,
      "systemtime": 156479,
      "usertime": 3865979
     },
     "17242066195": {
      "maxRSS": 280436,
      "systemtime": 156479,
      "usertime": 3865997
     },
     "17242067287": {
      "maxRSS": 280436,
      "systemtime": 156479,
      "usertime": 3866015
     },
     "17242068361": {
      "maxRSS": 280436,
      "systemtime": 156479,
      "usertime": 3870038
     },
     "17242069430": {
      "maxRSS": 280436,
      "systemtime": 156479,
      "usertime": 3870050
     },
     "17242070495": {
      "maxRSS": 280436,
      "systemtime": 156479,
      "usertime": 3870058
     },
     "17242071625": {
      "maxRSS": 280436,
      "systemtime": 156479,
      "usertime": 3870094
     },
     "17242072698": {
      "maxRSS": 280436,
      "systemtime": 156479,
      "usertime": 3874088
     },
     "17242073764": {
      "maxRSS": 280436,
      "systemtime": 156479,
      "usertime": 3874097
     },
     "17242074828": {
      "maxRSS": 280436,
      "systemtime": 156479,
      "usertime": 3874104
     },
     "17242075892": {
      "maxRSS": 280436,
      "systemtime": 156479,
      "usertime": 3874111
     },
     "17242076958": {
      "maxRSS": 280436,
      "systemtime": 156479,
      "usertime": 3878119
     },
     "17242078050": {
      "maxRSS": 280436,
      "systemtime": 156479,
      "usertime": 3878140
     },
     "17242079183": {
      "maxRSS": 280436,
      "systemtime": 156479,
      "usertime": 3878163
     },
     "17242080272": {
      "maxRSS": 280436,
      "systemtime": 156479,
      "usertime": 3882230
     },
     "17242081365": {
      "maxRSS": 280436,
      "systemtime": 156479,
      "usertime": 3882259
     },
     "17242082458": {
      "maxRSS": 280436,
      "systemtime": 156479,
      "usertime": 3882284
     },
     "17242083560": {
      "maxRSS": 280436,
      "systemtime": 156479,
      "usertime": 3882311
     },
     "17242084787": {
      "maxRSS": 280436,
      "systemtime": 156479,
      "usertime": 3886381
     },
     "17242085890": {
      "maxRSS": 280436,
      "systemtime": 156479,
      "usertime": 3886394
     },
     "17242086992": {
      "maxRSS": 280436,
      "systemtime": 156479,
      "usertime": 3886404
     },
     "17242088047": {
      "maxRSS": 280436,
      "systemtime": 156479,
      "usertime": 3890436
     },
     "17242089156": {
      "maxRSS": 280436,
      "systemtime": 156479,
      "usertime": 3890465
     },
     "17242090274": {
      "maxRSS": 280436,
      "systemtime": 156479,
      "usertime": 3890501
     },
     "17242091433": {
      "maxRSS": 280436,
      "systemtime": 156479,
      "usertime": 3890569
     },
     "17242092542": {
      "maxRSS": 280436,
      "systemtime": 156479,
      "usertime": 3894586
     },
     "17242093718": {
      "maxRSS": 280436,
      "systemtime": 156479,
      "usertime": 3894611
     },
     "17242094826": {
      "maxRSS": 280436,
      "systemtime": 156479,
      "usertime": 3894629
     },
     "17242095903": {
      "maxRSS": 280436,
      "systemtime": 156479,
      "usertime": 3894645
     },
     "17242096990": {
      "maxRSS": 280436,
      "systemtime": 156479,
      "usertime": 3898658
     },
     "17242098095": {
      "maxRSS": 280436,
      "systemtime": 156479,
      "usertime": 3898685
     },
     "17242099234": {
      "maxRSS": 280436,
      "systemtime": 156479,
      "usertime": 3898743
     },
     "17242100326": {
      "maxRSS": 280436,
      "systemtime": 156479,
      "usertime": 3902785
     },
     "17242101467": {
      "maxRSS": 280436,
      "systemtime": 156479,
      "usertime": 3902803
     },
     "17242102618": {
      "maxRSS": 280436,
      "systemtime": 156479,
      "usertime": 3902820
     },
     "17242103760": {
      "maxRSS": 280436,
      "systemtime": 156479,
      "usertime": 3902837
     },
     "17242104848": {
      "maxRSS": 280436,
      "systemtime": 156479,
      "usertime": 3906837
     },
     "17242105969": {
      "maxRSS": 280436,
      "systemtime": 156479,
      "usertime": 3906893
     },
     "17242107115": {
      "maxRSS": 280436,
      "systemtime": 156479,
      "usertime": 3906935
     },
     "17242108235": {
      "maxRSS": 280436,
      "systemtime": 156479,
      "usertime": 3910990
     },
     "17242109353": {
      "maxRSS": 280436,
      "systemtime": 156479,
      "usertime": 3911033
     },
     "17242110447": {
      "maxRSS": 280436,
      "systemtime": 156479,
      "usertime": 3911058
     },
     "17242111619": {
      "maxRSS": 280436,
      "systemtime": 156479,
      "usertime": 3911080
     },
     "17242112731": {
      "maxRSS": 280436,
      "systemtime": 156479,
      "usertime": 3915111
     },
     "17242113816": {
      "maxRSS": 280436,
      "systemtime": 156479,
      "usertime": 3915128
     },
     "17242114927": {
      "maxRSS": 280436,
      "systemtime": 156479,
      "usertime": 3915155
     },
     "17242117036": {
      "maxRSS": 280436,
      "systemtime": 156479,
      "usertime": 3919188
     },
     "17242119226": {
      "maxRSS": 280436,
      "systemtime": 156479,
      "usertime": 3919210
     },
     "17242121306": {
      "maxRSS": 280436,
      "systemtime": 156479,
      "usertime": 3923225
     },
     "17242123425": {
      "maxRSS": 280436,
      "systemtime": 156479,
      "usertime": 3923272
     },
     "17242125589": {
      "maxRSS": 280436,
      "systemtime": 156479,
      "usertime": 3927343
     },
     "17242127672": {
      "maxRSS": 280436,
      "systemtime": 156479,
      "usertime": 3927363
     },
     "17242129754": {
      "maxRSS": 280436,
      "systemtime": 156479,
      "usertime": 3931353
     },
     "17242131849": {
      "maxRSS": 280436,
      "systemtime": 156479,
      "usertime": 3931368
     },
     "17242133928": {
      "maxRSS": 280436,
      "systemtime": 156479,
      "usertime": 3935382
     },
     "17242135999": {
      "maxRSS": 280436,
      "systemtime": 156479,
      "usertime": 3935395
     },
     "17242138115": {
      "maxRSS": 280436,
      "systemtime": 156479,
      "usertime": 3939449
     },
     "17242140190": {
      "maxRSS": 280436,
      "systemtime": 156479,
      "usertime": 3943468
     },
     "17242142276": {
      "maxRSS": 280436,
      "systemtime": 156479,
      "usertime": 3943485
     },
     "17242144361": {
      "maxRSS": 280436,
      "systemtime": 156479,
      "usertime": 3947503
     },
     "17242146459": {
      "maxRSS": 280436,
      "systemtime": 156479,
      "usertime": 3947532
     },
     "17242148556": {
      "maxRSS": 280436,
      "systemtime": 156479,
      "usertime": 3951564
     },
     "17242150699": {
      "maxRSS": 280436,
      "systemtime": 156479,
      "usertime": 3951612
     },
     "17242152784": {
      "maxRSS": 280436,
      "systemtime": 156479,
      "usertime": 3955632
     },
     "17242154898": {
      "maxRSS": 280436,
      "systemtime": 156479,
      "usertime": 3955664
     },
     "17242157010": {
      "maxRSS": 280436,
      "systemtime": 156479,
      "usertime": 3959684
     },
     "17242159128": {
      "maxRSS": 280436,
      "systemtime": 156479,
      "usertime": 3959702
     },
     "17242161228": {
      "maxRSS": 280436,
      "systemtime": 156479,
      "usertime": 3963727
     },
     "17242163370": {
      "maxRSS": 280436,
      "systemtime": 156479,
      "usertime": 3963775
     },
     "17242165461": {
      "maxRSS": 280436,
      "systemtime": 156479,
      "usertime": 3967790
     },
     "17242167577": {
      "maxRSS": 280436,
      "systemtime": 156479,
      "usertime": 3967813
     },
     "17242169670": {
      "maxRSS": 280436,
      "systemtime": 156479,
      "usertime": 3971830
     },
     "17242171762": {
      "maxRSS": 280436,
      "systemtime": 156479,
      "usertime": 3971848
     },
     "17242173857": {
      "maxRSS": 280436,
      "systemtime": 156479,
      "usertime": 3975891
     },
     "17242175965": {
      "maxRSS": 280436,
      "systemtime": 156479,
      "usertime": 3975934
     },
     "17242178054": {
      "maxRSS": 280436,
      "systemtime": 156479,
      "usertime": 3979945
     },
     "17242180139": {
      "maxRSS": 280436,
      "systemtime": 156479,
      "usertime": 3983962
     },
     "17242182232": {
      "maxRSS": 280436,
      "systemtime": 156479,
      "usertime": 3983983
     },
     "17242184322": {
      "maxRSS": 280436,
      "systemtime": 156479,
      "usertime": 3988009
     },
     "17242186409": {
      "maxRSS": 280436,
      "systemtime": 156479,
      "usertime": 3988027
     },
     "17242188500": {
      "maxRSS": 280436,
      "systemtime": 156479,
      "usertime": 3992054
     },
     "17242190612": {
      "maxRSS": 280436,
      "systemtime": 156479,
      "usertime": 3992091
     },
     "17242192704": {
      "maxRSS": 280436,
      "systemtime": 156479,
      "usertime": 3996096
     },
     "17242194803": {
      "maxRSS": 280436,
      "systemtime": 156479,
      "usertime": 3996118
     },
     "17242196901": {
      "maxRSS": 280436,
      "systemtime": 156479,
      "usertime": 4000135
     },
     "17242198976": {
      "maxRSS": 280436,
      "systemtime": 156479,
      "usertime": 4000150
     },
     "17242201091": {
      "maxRSS": 280436,
      "systemtime": 156479,
      "usertime": 4004182
     },
     "17242203225": {
      "maxRSS": 280436,
      "systemtime": 156479,
      "usertime": 4004233
     },
     "17242205310": {
      "maxRSS": 280436,
      "systemtime": 156479,
      "usertime": 4008257
     },
     "17242207384": {
      "maxRSS": 280436,
      "systemtime": 156479,
      "usertime": 4008272
     },
     "17242209476": {
      "maxRSS": 280436,
      "systemtime": 156479,
      "usertime": 4012288
     },
     "17242211566": {
      "maxRSS": 280436,
      "systemtime": 156479,
      "usertime": 4012320
     },
     "17242213660": {
      "maxRSS": 280436,
      "systemtime": 156479,
      "usertime": 4016356
     },
     "17242215769": {
      "maxRSS": 280436,
      "systemtime": 156479,
      "usertime": 4016398
     },
     "17242217934": {
      "maxRSS": 280436,
      "systemtime": 156479,
      "usertime": 4020426
     },
     "17242220051": {
      "maxRSS": 280436,
      "systemtime": 156479,
      "usertime": 4024448
     },
     "17242222134": {
      "maxRSS": 280436,
      "systemtime": 156479,
      "usertime": 4024466
     },
     "17242224208": {
      "maxRSS": 280436,
      "systemtime": 156479,
      "usertime": 4028480
     },
     "17242226295": {
      "maxRSS": 280436,
      "systemtime": 156479,
      "usertime": 4028495
     },
     "17242228397": {
      "maxRSS": 280436,
      "systemtime": 156479,
      "usertime": 4032552
     },
     "17242230519": {
      "maxRSS": 280436,
      "systemtime": 156479,
      "usertime": 4032583
     },
     "17242232614": {
      "maxRSS": 280436,
      "systemtime": 156479,
      "usertime": 4036607
     },
     "17242234717": {
      "maxRSS": 280436,
      "systemtime": 156479,
      "usertime": 4036632
     },
     "17242236804": {
      "maxRSS": 280436,
      "systemtime": 156479,
      "usertime": 4040645
     },
     "17242238892": {
      "maxRSS": 280436,
      "systemtime": 156479,
      "usertime": 4040662
     },
     "17242240982": {
      "maxRSS": 280436,
      "systemtime": 156479,
      "usertime": 4044680
     },
     "17242243092": {
      "maxRSS": 280436,
      "systemtime": 156479,
      "usertime": 4044720
     },
     "17242245185": {
      "maxRSS": 280436,
      "systemtime": 156479,
      "usertime": 4048753
     },
     "17242247280": {
      "maxRSS": 280436,
      "systemtime": 156479,
      "usertime": 4048782
     },
     "17242249405": {
      "maxRSS": 280436,
      "systemtime": 156479,
      "usertime": 4052853
     },
     "17242251534": {
      "maxRSS": 280436,
      "systemtime": 156479,
      "usertime": 4052889
     },
     "17242253635": {
      "maxRSS": 280436,
      "systemtime": 156479,
      "usertime": 4056858
     },
     "17242255766": {
      "maxRSS": 280436,
      "systemtime": 156479,
      "usertime": 4056894
     },
     "17242257859": {
      "maxRSS": 280436,
      "systemtime": 156479,
      "usertime": 4060910
     },
     "17242259948": {
      "maxRSS": 280436,
      "systemtime": 156479,
      "usertime": 4060926
     },
     "17242262041": {
      "maxRSS": 280436,
      "systemtime": 156479,
      "usertime": 4064941
     },
     "17242264115": {
      "maxRSS": 280436,
      "systemtime": 156479,
      "usertime": 4068956
     },
     "17242266196": {
      "maxRSS": 280436,
      "systemtime": 156479,
      "usertime": 4068970
     },
     "17242268289": {
      "maxRSS": 280436,
      "systemtime": 156479,
      "usertime": 4073002
     },
     "17242270407": {
      "maxRSS": 280436,
      "systemtime": 156479,
      "usertime": 4073020
     },
     "17242272492": {
      "maxRSS": 280436,
      "systemtime": 156479,
      "usertime": 4077089
     },
     "17242274563": {
      "maxRSS": 280436,
      "systemtime": 156479,
      "usertime": 4077102
     },
     "17242276632": {
      "maxRSS": 280436,
      "systemtime": 156479,
      "usertime": 4081070
     },
     "17242278698": {
      "maxRSS": 280436,
      "systemtime": 156479,
      "usertime": 4081079
     },
     "17242280794": {
      "maxRSS": 280436,
      "systemtime": 156479,
      "usertime": 4085107
     },
     "17242282870": {
      "maxRSS": 280436,
      "systemtime": 156479,
      "usertime": 4085123
     },
     "17242284975": {
      "maxRSS": 280436,
      "systemtime": 156479,
      "usertime": 4089140
     },
     "17242287079": {
      "maxRSS": 280436,
      "systemtime": 156479,
      "usertime": 4089153
     },
     "17242289186": {
      "maxRSS": 280436,
      "systemtime": 156479,
      "usertime": 4093165
     },
     "17242291268": {
      "maxRSS": 280436,
      "systemtime": 156479,
      "usertime": 4093182
     },
     "17242293357": {
      "maxRSS": 280436,
      "systemtime": 156479,
      "usertime": 4097212
     },
     "17242295442": {
      "maxRSS": 280436,
      "systemtime": 156479,
      "usertime": 4097234
     },
     "17242297521": {
      "maxRSS": 280436,
      "systemtime": 156479,
      "usertime": 4101266
     },
     "17242299633": {
      "maxRSS": 280436,
      "systemtime": 156479,
      "usertime": 4101290
     },
     "17242301720": {
      "maxRSS": 280436,
      "systemtime": 156479,
      "usertime": 4105302
     },
     "17242303798": {
      "maxRSS": 280436,
      "systemtime": 156479,
      "usertime": 4105317
     },
     "17242305918": {
      "maxRSS": 280436,
      "systemtime": 156479,
      "usertime": 4109349
     },
     "17242308045": {
      "maxRSS": 280436,
      "systemtime": 156479,
      "usertime": 4113384
     },
     "17242310146": {
      "maxRSS": 280436,
      "systemtime": 156479,
      "usertime": 4113410
     },
     "17242312247": {
      "maxRSS": 280436,
      "systemtime": 156479,
      "usertime": 4117435
     },
     "17242314377": {
      "maxRSS": 280436,
      "systemtime": 156479,
      "usertime": 4117467
     },
     "17242316468": {
      "maxRSS": 280436,
      "systemtime": 156479,
      "usertime": 4121519
     },
     "17242318563": {
      "maxRSS": 280436,
      "systemtime": 156479,
      "usertime": 4121537
     },
     "17242320675": {
      "maxRSS": 280436,
      "systemtime": 156479,
      "usertime": 4125552
     },
     "17242322759": {
      "maxRSS": 280436,
      "systemtime": 156479,
      "usertime": 4125578
     },
     "17242324873": {
      "maxRSS": 280436,
      "systemtime": 156479,
      "usertime": 4129610
     },
     "17242326995": {
      "maxRSS": 280436,
      "systemtime": 156479,
      "usertime": 4129652
     },
     "17242329077": {
      "maxRSS": 280436,
      "systemtime": 156479,
      "usertime": 4133686
     },
     "17242331185": {
      "maxRSS": 280436,
      "systemtime": 156479,
      "usertime": 4133728
     },
     "17242333286": {
      "maxRSS": 280436,
      "systemtime": 156479,
      "usertime": 4137752
     },
     "17242335378": {
      "maxRSS": 280436,
      "systemtime": 156479,
      "usertime": 4137778
     },
     "17242337520": {
      "maxRSS": 280436,
      "systemtime": 156479,
      "usertime": 4141808
     },
     "17242339615": {
      "maxRSS": 280436,
      "systemtime": 156479,
      "usertime": 4141835
     },
     "17242341713": {
      "maxRSS": 280436,
      "systemtime": 156479,
      "usertime": 4145855
     },
     "17242343790": {
      "maxRSS": 280436,
      "systemtime": 156479,
      "usertime": 4145871
     },
     "17242345902": {
      "maxRSS": 280436,
      "systemtime": 156479,
      "usertime": 4149907
     },
     "17242347978": {
      "maxRSS": 280436,
      "systemtime": 156479,
      "usertime": 4149921
     },
     "17242350059": {
      "maxRSS": 280436,
      "systemtime": 156479,
      "usertime": 4153936
     },
     "17242352157": {
      "maxRSS": 280436,
      "systemtime": 156479,
      "usertime": 4157985
     },
     "17242354260": {
      "maxRSS": 280436,
      "systemtime": 156479,
      "usertime": 4158019
     },
     "17242356346": {
      "maxRSS": 280436,
      "systemtime": 156479,
      "usertime": 4162032
     },
     "17242358444": {
      "maxRSS": 280436,
      "systemtime": 156479,
      "usertime": 4162055
     },
     "17242360558": {
      "maxRSS": 280564,
      "systemtime": 156479,
      "usertime": 4166101
     },
     "17242362641": {
      "maxRSS": 280564,
      "systemtime": 156479,
      "usertime": 4166117
     },
     "17242364764": {
      "maxRSS": 280564,
      "systemtime": 156479,
      "usertime": 4170156
     },
     "17242366862": {
      "maxRSS": 280564,
      "systemtime": 156479,
      "usertime": 4170176
     },
     "17242368940": {
      "maxRSS": 280564,
      "systemtime": 156479,
      "usertime": 4174190
     },
     "17242371018": {
      "maxRSS": 280564,
      "systemtime": 156479,
      "usertime": 4174205
     },
     "17242373161": {
      "maxRSS": 280564,
      "systemtime": 156479,
      "usertime": 4178244
     },
     "17242375278": {
      "maxRSS": 280564,
      "systemtime": 156479,
      "usertime": 4178261
     },
     "17242377367": {
      "maxRSS": 280564,
      "systemtime": 156479,
      "usertime": 4182276
     },
     "17242379481": {
      "maxRSS": 280564,
      "systemtime": 156479,
      "usertime": 4182302
     },
     "17242381619": {
      "maxRSS": 280564,
      "systemtime": 156479,
      "usertime": 4186324
     },
     "17242383717": {
      "maxRSS": 280564,
      "systemtime": 156479,
      "usertime": 4186332
     },
     "17242387811": {
      "maxRSS": 280564,
      "systemtime": 156479,
      "usertime": 4190359
     },
     "17242391931": {
      "maxRSS": 280564,
      "systemtime": 156479,
      "usertime": 4194409
     },
     "17242396032": {
      "maxRSS": 280564,
      "systemtime": 156479,
      "usertime": 4202438
     },
     "17242400082": {
      "maxRSS": 280564,
      "systemtime": 156479,
      "usertime": 4206457
     },
     "17242404173": {
      "maxRSS": 280564,
      "systemtime": 156479,
      "usertime": 4210492
     },
     "17242408274": {
      "maxRSS": 280564,
      "systemtime": 156479,
      "usertime": 4214515
     },
     "17242412467": {
      "maxRSS": 280564,
      "systemtime": 156479,
      "usertime": 4218560
     },
     "17242416583": {
      "maxRSS": 280564,
      "systemtime": 156479,
      "usertime": 4222583
     },
     "17242420672": {
      "maxRSS": 280564,
      "systemtime": 156479,
      "usertime": 4226605
     },
     "17242424770": {
      "maxRSS": 280564,
      "systemtime": 156479,
      "usertime": 4230634
     },
     "17242428892": {
      "maxRSS": 280564,
      "systemtime": 156479,
      "usertime": 4234686
     },
     "17242433023": {
      "maxRSS": 280564,
      "systemtime": 156479,
      "usertime": 4238709
     },
     "17242437130": {
      "maxRSS": 280564,
      "systemtime": 156479,
      "usertime": 4242717
     },
     "17242441223": {
      "maxRSS": 280564,
      "systemtime": 156479,
      "usertime": 4246744
     },
     "17242445356": {
      "maxRSS": 280564,
      "systemtime": 156479,
      "usertime": 4250760
     },
     "17242449457": {
      "maxRSS": 280564,
      "systemtime": 156479,
      "usertime": 4254770
     },
     "17242453580": {
      "maxRSS": 280564,
      "systemtime": 156479,
      "usertime": 4258806
     },
     "17242457743": {
      "maxRSS": 280564,
      "systemtime": 156479,
      "usertime": 4262852
     },
     "17242461867": {
      "maxRSS": 280564,
      "systemtime": 156479,
      "usertime": 4266881
     },
     "17242465976": {
      "maxRSS": 280564,
      "systemtime": 156479,
      "usertime": 4270925
     },
     "17242470055": {
      "maxRSS": 280564,
      "systemtime": 156479,
      "usertime": 4274941
     },
     "17242474188": {
      "maxRSS": 280564,
      "systemtime": 156479,
      "usertime": 4279000
     },
     "17242478269": {
      "maxRSS": 280564,
      "systemtime": 156479,
      "usertime": 4282974
     },
     "17242482345": {
      "maxRSS": 280564,
      "systemtime": 156479,
      "usertime": 4287016
     },
     "17242486444": {
      "maxRSS": 280564,
      "systemtime": 156479,
      "usertime": 4290996
     },
     "17242490551": {
      "maxRSS": 280564,
      "systemtime": 156479,
      "usertime": 4295117
     },
     "17242494639": {
      "maxRSS": 280564,
      "systemtime": 156479,
      "usertime": 4299063
     },
     "17242498794": {
      "maxRSS": 280564,
      "systemtime": 156479,
      "usertime": 4303116
     },
     "17242502895": {
      "maxRSS": 280564,
      "systemtime": 156479,
      "usertime": 4307142
     },
     "17242506983": {
      "maxRSS": 280564,
      "systemtime": 156479,
      "usertime": 4311128
     },
     "17242511064": {
      "maxRSS": 280564,
      "systemtime": 156479,
      "usertime": 4315147
     },
     "17242515175": {
      "maxRSS": 280564,
      "systemtime": 156479,
      "usertime": 4319193
     },
     "17242519273": {
      "maxRSS": 280564,
      "systemtime": 156479,
      "usertime": 4323219
     },
     "17242523379": {
      "maxRSS": 280564,
      "systemtime": 156479,
      "usertime": 4327256
     },
     "17242527480": {
      "maxRSS": 280564,
      "systemtime": 156479,
      "usertime": 4331289
     },
     "17242531572": {
      "maxRSS": 280564,
      "systemtime": 156479,
      "usertime": 4335310
     },
     "17242535671": {
      "maxRSS": 280564,
      "systemtime": 156479,
      "usertime": 4339331
     },
     "17242539785": {
      "maxRSS": 280564,
      "systemtime": 156479,
      "usertime": 4343368
     },
     "17242543913": {
      "maxRSS": 280564,
      "systemtime": 156479,
      "usertime": 4347415
     },
     "17242548031": {
      "maxRSS": 280564,
      "systemtime": 156479,
      "usertime": 4355440
     },
     "17242552073": {
      "maxRSS": 280564,
      "systemtime": 156479,
      "usertime": 4359465
     },
     "17242556170": {
      "maxRSS": 280564,
      "systemtime": 156479,
      "usertime": 4363501
     },
     "17242560254": {
      "maxRSS": 280564,
      "systemtime": 156479,
      "usertime": 4367534
     },
     "17242564337": {
      "maxRSS": 280564,
      "systemtime": 156479,
      "usertime": 4371540
     },
     "17242568450": {
      "maxRSS": 280564,
      "systemtime": 156479,
      "usertime": 4375574
     },
     "17242572528": {
      "maxRSS": 280564,
      "systemtime": 156479,
      "usertime": 4379592
     },
     "17242576609": {
      "maxRSS": 280564,
      "systemtime": 156479,
      "usertime": 4383608
     },
     "17242580702": {
      "maxRSS": 280564,
      "systemtime": 156479,
      "usertime": 4387625
     },
     "17242584801": {
      "maxRSS": 280564,
      "systemtime": 156479,
      "usertime": 4391659
     },
     "17242588892": {
      "maxRSS": 280564,
      "systemtime": 156479,
      "usertime": 4395685
     },
     "17242593021": {
      "maxRSS": 280564,
      "systemtime": 156479,
      "usertime": 4399749
     },
     "17242597112": {
      "maxRSS": 280564,
      "systemtime": 156479,
      "usertime": 4403786
     },
     "17242601220": {
      "maxRSS": 280564,
      "systemtime": 156479,
      "usertime": 4407805
     },
     "17242605324": {
      "maxRSS": 280564,
      "systemtime": 156479,
      "usertime": 4411828
     },
     "17242609435": {
      "maxRSS": 280564,
      "systemtime": 156479,
      "usertime": 4415844
     },
     "17242613520": {
      "maxRSS": 280564,
      "systemtime": 156479,
      "usertime": 4419862
     },
     "17242617635": {
      "maxRSS": 280564,
      "systemtime": 156479,
      "usertime": 4423909
     },
     "17242621736": {
      "maxRSS": 280564,
      "systemtime": 156479,
      "usertime": 4427965
     },
     "17242625842": {
      "maxRSS": 280564,
      "systemtime": 156479,
      "usertime": 4431989
     },
     "17242629932": {
      "maxRSS": 280564,
      "systemtime": 156479,
      "usertime": 4436014
     },
     "17242634050": {
      "maxRSS": 280564,
      "systemtime": 156479,
      "usertime": 4440083
     },
     "17242638144": {
      "maxRSS": 280564,
      "systemtime": 156479,
      "usertime": 4444066
     },
     "17242642226": {
      "maxRSS": 280564,
      "systemtime": 156479,
      "usertime": 4448085
     },
     "17242646343": {
      "maxRSS": 280564,
      "systemtime": 156479,
      "usertime": 4452130
     },
     "17242650577": {
      "maxRSS": 280564,
      "systemtime": 156479,
      "usertime": 4456159
     },
     "17242654667": {
      "maxRSS": 280564,
      "systemtime": 156479,
      "usertime": 4460232
     },
     "17242658791": {
      "maxRSS": 280564,
      "systemtime": 156479,
      "usertime": 4464198
     },
     "17242662869": {
      "maxRSS": 280564,
      "systemtime": 156479,
      "usertime": 4468208
     },
     "17242667026": {
      "maxRSS": 280564,
      "systemtime": 156479,
      "usertime": 4472243
     },
     "17242671161": {
      "maxRSS": 280564,
      "systemtime": 156479,
      "usertime": 4476307
     },
     "17242675280": {
      "maxRSS": 280564,
      "systemtime": 156533,
      "usertime": 4483275
     },
     "17242676573": {
      "maxRSS": 280564,
      "systemtime": 156533,
      "usertime": 4484829
     },
     "17242677681": {
      "maxRSS": 280564,
      "systemtime": 156533,
      "usertime": 4485931
     },
     "17242678759": {
      "maxRSS": 280564,
      "systemtime": 156533,
      "usertime": 4485941
     },
     "17242679830": {
      "maxRSS": 280564,
      "systemtime": 156533,
      "usertime": 4485953
     },
     "17242680966": {
      "maxRSS": 280564,
      "systemtime": 156533,
      "usertime": 4488381
     },
     "17242682034": {
      "maxRSS": 280564,
      "systemtime": 156533,
      "usertime": 4488391
     },
     "17242683110": {
      "maxRSS": 280564,
      "systemtime": 156533,
      "usertime": 4488404
     },
     "17242684188": {
      "maxRSS": 280564,
      "systemtime": 156533,
      "usertime": 4492419
     },
     "17242685254": {
      "maxRSS": 280564,
      "systemtime": 156533,
      "usertime": 4492428
     },
     "17242686324": {
      "maxRSS": 280564,
      "systemtime": 156533,
      "usertime": 4492437
     },
     "17242687445": {
      "maxRSS": 280564,
      "systemtime": 156533,
      "usertime": 4492464
     },
     "17242688516": {
      "maxRSS": 280564,
      "systemtime": 156533,
      "usertime": 4496476
     },
     "17242689633": {
      "maxRSS": 280564,
      "systemtime": 156533,
      "usertime": 4496486
     },
     "17242690702": {
      "maxRSS": 280564,
      "systemtime": 156533,
      "usertime": 4496495
     },
     "17242691767": {
      "maxRSS": 280564,
      "systemtime": 156533,
      "usertime": 4496503
     },
     "17242692900": {
      "maxRSS": 280564,
      "systemtime": 156533,
      "usertime": 4500512
     },
     "17242694013": {
      "maxRSS": 280564,
      "systemtime": 156533,
      "usertime": 4500524
     },
     "17242695137": {
      "maxRSS": 280564,
      "systemtime": 156533,
      "usertime": 4500553
     },
     "17242696210": {
      "maxRSS": 280564,
      "systemtime": 156533,
      "usertime": 4504563
     },
     "17242697278": {
      "maxRSS": 280564,
      "systemtime": 156533,
      "usertime": 4504571
     },
     "17242698345": {
      "maxRSS": 280564,
      "systemtime": 156533,
      "usertime": 4504580
     },
     "17242699410": {
      "maxRSS": 280564,
      "systemtime": 156533,
      "usertime": 4504588
     },
     "17242700482": {
      "maxRSS": 280564,
      "systemtime": 156533,
      "usertime": 4508606
     },
     "17242701591": {
      "maxRSS": 280564,
      "systemtime": 156533,
      "usertime": 4508625
     },
     "17242702694": {
      "maxRSS": 280564,
      "systemtime": 156533,
      "usertime": 4508633
     },
     "17242703759": {
      "maxRSS": 280564,
      "systemtime": 156533,
      "usertime": 4508641
     },
     "17242704837": {
      "maxRSS": 280564,
      "systemtime": 156533,
      "usertime": 4512644
     },
     "17242705924": {
      "maxRSS": 280564,
      "systemtime": 156533,
      "usertime": 4512664
     },
     "17242707015": {
      "maxRSS": 280564,
      "systemtime": 156533,
      "usertime": 4512686
     },
     "17242708125": {
      "maxRSS": 280564,
      "systemtime": 156533,
      "usertime": 4516761
     },
     "17242709214": {
      "maxRSS": 280564,
      "systemtime": 156533,
      "usertime": 4516782
     },
     "17242710329": {
      "maxRSS": 280564,
      "systemtime": 156533,
      "usertime": 4516813
     },
     "17242711426": {
      "maxRSS": 280564,
      "systemtime": 156533,
      "usertime": 4516840
     },
     "17242712509": {
      "maxRSS": 280564,
      "systemtime": 156533,
      "usertime": 4520850
     },
     "17242713594": {
      "maxRSS": 280564,
      "systemtime": 156533,
      "usertime": 4520868
     },
     "17242714717": {
      "maxRSS": 280564,
      "systemtime": 156533,
      "usertime": 4520910
     },
     "17242715802": {
      "maxRSS": 280564,
      "systemtime": 156533,
      "usertime": 4520929
     },
     "17242716916": {
      "maxRSS": 280564,
      "systemtime": 156533,
      "usertime": 4524929
     },
     "17242717986": {
      "maxRSS": 280564,
      "systemtime": 156533,
      "usertime": 4524943
     },
     "17242719051": {
      "maxRSS": 280564,
      "systemtime": 156533,
      "usertime": 4524950
     },
     "17242720129": {
      "maxRSS": 280564,
      "systemtime": 156533,
      "usertime": 4528958
     },
     "17242721201": {
      "maxRSS": 280564,
      "systemtime": 156533,
      "usertime": 4528971
     },
     "17242722294": {
      "maxRSS": 280564,
      "systemtime": 156533,
      "usertime": 4529003
     },
     "17242723393": {
      "maxRSS": 280564,
      "systemtime": 156533,
      "usertime": 4529013
     },
     "17242724460": {
      "maxRSS": 280564,
      "systemtime": 156533,
      "usertime": 4533021
     },
     "17242725525": {
      "maxRSS": 280564,
      "systemtime": 156533,
      "usertime": 4533028
     },
     "17242726589": {
      "maxRSS": 280692,
      "systemtime": 156533,
      "usertime": 4533036
     },
     "17242727654": {
      "maxRSS": 280948,
      "systemtime": 156533,
      "usertime": 4533043
     },
     "17242728788": {
      "maxRSS": 281204,
      "systemtime": 156533,
      "usertime": 4537091
     },
     "17242729892": {
      "maxRSS": 281588,
      "systemtime": 156533,
      "usertime": 4537100
     },
     "17242730957": {
      "maxRSS": 281844,
      "systemtime": 156533,
      "usertime": 4537107
     },
     "17242732032": {
      "maxRSS": 282100,
      "systemtime": 156533,
      "usertime": 4541124
     },
     "17242733108": {
      "maxRSS": 282356,
      "systemtime": 156533,
      "usertime": 4541142
     },
     "17242734173": {
      "maxRSS": 282612,
      "systemtime": 156533,
      "usertime": 4541150
     },
     "17242735287": {
      "maxRSS": 282868,
      "systemtime": 156533,
      "usertime": 4541172
     },
     "17242736368": {
      "maxRSS": 283124,
      "systemtime": 156533,
      "usertime": 4545185
     },
     "17242737442": {
      "maxRSS": 283380,
      "systemtime": 156533,
      "usertime": 4545200
     },
     "17242738550": {
      "maxRSS": 283636,
      "systemtime": 156533,
      "usertime": 4545222
     },
     "17242739726": {
      "maxRSS": 283892,
      "systemtime": 156533,
      "usertime": 4545257
     },
     "17242740819": {
      "maxRSS": 284148,
      "systemtime": 156533,
      "usertime": 4549333
     },
     "17242741935": {
      "maxRSS": 284404,
      "systemtime": 156533,
      "usertime": 4549382
     },
     "17242743028": {
      "maxRSS": 284660,
      "systemtime": 156533,
      "usertime": 4549407
     },
     "17242744128": {
      "maxRSS": 284788,
      "systemtime": 156533,
      "usertime": 4553386
     },
     "17242745241": {
      "maxRSS": 285044,
      "systemtime": 156533,
      "usertime": 4553401
     },
     "17242746352": {
      "maxRSS": 285300,
      "systemtime": 156533,
      "usertime": 4553419
     },
     "17242747432": {
      "maxRSS": 285556,
      "systemtime": 156533,
      "usertime": 4553438
     },
     "17242748511": {
      "maxRSS": 285812,
      "systemtime": 156533,
      "usertime": 4557453
     },
     "17242749598": {
      "maxRSS": 286068,
      "systemtime": 156533,
      "usertime": 4557482
     },
     "17242750675": {
      "maxRSS": 286324,
      "systemtime": 156533,
      "usertime": 4557495
     },
     "17242751754": {
      "maxRSS": 286580,
      "systemtime": 156533,
      "usertime": 4557511
     },
     "17242752837": {
      "maxRSS": 286836,
      "systemtime": 156533,
      "usertime": 4561526
     },
     "17242753918": {
      "maxRSS": 286964,
      "systemtime": 156533,
      "usertime": 4561543
     },
     "17242755002": {
      "maxRSS": 287220,
      "systemtime": 156533,
      "usertime": 4561562
     },
     "17242756095": {
      "maxRSS": 287476,
      "systemtime": 156533,
      "usertime": 4565611
     },
     "17242757178": {
      "maxRSS": 287732,
      "systemtime": 156533,
      "usertime": 4565621
     },
     "17242758258": {
      "maxRSS": 287860,
      "systemtime": 156533,
      "usertime": 4565635
     },
     "17242759338": {
      "maxRSS": 288116,
      "systemtime": 156533,
      "usertime": 4565652
     },
     "17242760420": {
      "maxRSS": 288372,
      "systemtime": 156533,
      "usertime": 4569664
     },
     "17242761491": {
      "maxRSS": 288628,
      "systemtime": 156533,
      "usertime": 4569676
     },
     "17242762578": {
      "maxRSS": 288884,
      "systemtime": 156533,
      "usertime": 4569701
     },
     "17242763650": {
      "maxRSS": 289140,
      "systemtime": 156533,
      "usertime": 4569714
     },
     "17242764725": {
      "maxRSS": 289396,
      "systemtime": 156533,
      "usertime": 4573714
     },
     "17242765797": {
      "maxRSS": 289652,
      "systemtime": 156533,
      "usertime": 4573727
     },
     "17242766873": {
      "maxRSS": 289908,
      "systemtime": 156533,
      "usertime": 4573740
     },
     "17242767944": {
      "maxRSS": 290164,
      "systemtime": 156533,
      "usertime": 4573753
     },
     "17242769047": {
      "maxRSS": 290292,
      "systemtime": 156533,
      "usertime": 4577782
     },
     "17242770191": {
      "maxRSS": 290548,
      "systemtime": 156533,
      "usertime": 4577807
     },
     "17242771283": {
      "maxRSS": 290804,
      "systemtime": 156533,
      "usertime": 4577833
     },
     "17242772370": {
      "maxRSS": 290932,
      "systemtime": 156533,
      "usertime": 4581851
     },
     "17242773451": {
      "maxRSS": 291188,
      "systemtime": 156533,
      "usertime": 4581867
     },
     "17242774524": {
      "maxRSS": 291444,
      "systemtime": 156533,
      "usertime": 4581883
     },
     "17242775591": {
      "maxRSS": 291700,
      "systemtime": 156533,
      "usertime": 4581892
     },
     "17242776684": {
      "maxRSS": 291956,
      "systemtime": 156533,
      "usertime": 4585915
     },
     "17242777758": {
      "maxRSS": 292212,
      "systemtime": 156533,
      "usertime": 4585930
     },
     "17242778863": {
      "maxRSS": 292340,
      "systemtime": 156533,
      "usertime": 4585946
     },
     "17242779945": {
      "maxRSS": 292596,
      "systemtime": 156533,
      "usertime": 4585961
     },
     "17242781027": {
      "maxRSS": 292852,
      "systemtime": 156533,
      "usertime": 4589978
     },
     "17242782141": {
      "maxRSS": 293108,
      "systemtime": 156533,
      "usertime": 4589995
     },
     "17242783234": {
      "maxRSS": 293364,
      "systemtime": 156533,
      "usertime": 4590027
     },
     "17242784314": {
      "maxRSS": 293620,
      "systemtime": 156533,
      "usertime": 4594041
     },
     "17242785383": {
      "maxRSS": 293876,
      "systemtime": 156533,
      "usertime": 4594053
     },
     "17242786448": {
      "maxRSS": 294132,
      "systemtime": 156533,
      "usertime": 4594061
     },
     "17242787521": {
      "maxRSS": 294388,
      "systemtime": 156533,
      "usertime": 4594071
     },
     "17242788605": {
      "maxRSS": 294516,
      "systemtime": 156533,
      "usertime": 4598087
     },
     "17242789696": {
      "maxRSS": 294772,
      "systemtime": 156533,
      "usertime": 4598115
     },
     "17242790784": {
      "maxRSS": 295028,
      "systemtime": 156533,
      "usertime": 4598147
     },
     "17242791855": {
      "maxRSS": 295284,
      "systemtime": 156533,
      "usertime": 4598159
     },
     "17242792930": {
      "maxRSS": 295540,
      "systemtime": 156533,
      "usertime": 4602171
     },
     "17242793999": {
      "maxRSS": 295796,
      "systemtime": 156533,
      "usertime": 4602181
     },
     "17242795071": {
      "maxRSS": 296052,
      "systemtime": 156533,
      "usertime": 4602193
     },
     "17242796161": {
      "maxRSS": 296308,
      "systemtime": 156533,
      "usertime": 4606225
     },
     "17242797232": {
      "maxRSS": 296564,
      "systemtime": 156533,
      "usertime": 4606239
     },
     "17242798309": {
      "maxRSS": 296692,
      "systemtime": 156533,
      "usertime": 4606253
     },
     "17242799421": {
      "maxRSS": 296948,
      "systemtime": 156533,
      "usertime": 4606280
     },
     "17242800588": {
      "maxRSS": 297076,
      "systemtime": 156533,
      "usertime": 4610326
     },
     "17242801686": {
      "maxRSS": 297332,
      "systemtime": 156533,
      "usertime": 4610356
     },
     "17242802778": {
      "maxRSS": 297588,
      "systemtime": 156533,
      "usertime": 4610386
     },
     "17242803902": {
      "maxRSS": 297972,
      "systemtime": 156533,
      "usertime": 4610443
     },
     "17242805027": {
      "maxRSS": 298228,
      "systemtime": 156533,
      "usertime": 4614488
     },
     "17242806127": {
      "maxRSS": 298484,
      "systemtime": 156533,
      "usertime": 4614520
     },
     "17242807216": {
      "maxRSS": 298612,
      "systemtime": 156533,
      "usertime": 4614540
     },
     "17242808297": {
      "maxRSS": 298868,
      "systemtime": 156533,
      "usertime": 4618553
     },
     "17242809367": {
      "maxRSS": 299124,
      "systemtime": 156533,
      "usertime": 4618564
     },
     "17242810452": {
      "maxRSS": 299380,
      "systemtime": 156533,
      "usertime": 4618590
     },
     "17242811521": {
      "maxRSS": 299636,
      "systemtime": 156533,
      "usertime": 4618600
     },
     "17242812600": {
      "maxRSS": 299892,
      "systemtime": 156533,
      "usertime": 4622612
     },
     "17242813676": {
      "maxRSS": 299892,
      "systemtime": 156533,
      "usertime": 4622627
     },
     "17242814784": {
      "maxRSS": 299892,
      "systemtime": 156533,
      "usertime": 4622644
     },
     "17242815895": {
      "maxRSS": 299892,
      "systemtime": 156533,
      "usertime": 4622662
     },
     "17242818000": {
      "maxRSS": 299892,
      "systemtime": 156533,
      "usertime": 4626706
     },
     "17242819010": {
      "maxRSS": 299892,
      "systemtime": 156597,
      "usertime": 4629657
     },
     "17242820083": {
      "maxRSS": 299892,
      "systemtime": 156597,
      "usertime": 4630669
     },
     "17242821207": {
      "maxRSS": 299892,
      "systemtime": 156597,
      "usertime": 4630689
     },
     "17242822280": {
      "maxRSS": 299892,
      "systemtime": 156597,
      "usertime": 4630704
     },
     "17242823371": {
      "maxRSS": 299892,
      "systemtime": 156597,
      "usertime": 4630725
     },
     "17242824483": {
      "maxRSS": 299892,
      "systemtime": 156597,
      "usertime": 4634773
     },
     "17242825566": {
      "maxRSS": 299892,
      "systemtime": 156597,
      "usertime": 4634796
     },
     "17242826668": {
      "maxRSS": 299892,
      "systemtime": 156597,
      "usertime": 4634823
     },
     "17242827750": {
      "maxRSS": 299892,
      "systemtime": 156597,
      "usertime": 4634846
     },
     "17242828869": {
      "maxRSS": 299892,
      "systemtime": 156597,
      "usertime": 4638871
     },
     "17242829955": {
      "maxRSS": 299892,
      "systemtime": 156597,
      "usertime": 4638894
     },
     "17242831055": {
      "maxRSS": 299892,
      "systemtime": 156597,
      "usertime": 4638931
     },
     "17242832136": {
      "maxRSS": 299892,
      "systemtime": 156597,
      "usertime": 4642951
     },
     "17242833205": {
      "maxRSS": 299892,
      "systemtime": 156597,
      "usertime": 4642962
     },
     "17242834271": {
      "maxRSS": 299892,
      "systemtime": 156597,
      "usertime": 4642970
     },
     "17242835338": {
      "maxRSS": 299892,
      "systemtime": 156597,
      "usertime": 4642980
     },
     "17242836458": {
      "maxRSS": 299892,
      "systemtime": 156597,
      "usertime": 4647012
     },
     "17242837526": {
      "maxRSS": 299892,
      "systemtime": 156597,
      "usertime": 4647022
     },
     "17242838616": {
      "maxRSS": 299892,
      "systemtime": 156597,
      "usertime": 4647053
     },
     "17242839684": {
      "maxRSS": 299892,
      "systemtime": 156597,
      "usertime": 4647064
     },
     "17242840802": {
      "maxRSS": 299892,
      "systemtime": 156597,
      "usertime": 4651083
     },
     "17242841888": {
      "maxRSS": 299892,
      "systemtime": 156597,
      "usertime": 4651092
     },
     "17242842953": {
      "maxRSS": 299892,
      "systemtime": 156597,
      "usertime": 4651100
     },
     "17242844029": {
      "maxRSS": 299892,
      "systemtime": 156597,
      "usertime": 4655100
     },
     "17242845192": {
      "maxRSS": 299892,
      "systemtime": 156597,
      "usertime": 4655139
     },
     "17242846288": {
      "maxRSS": 299892,
      "systemtime": 156597,
      "usertime": 4655154
     },
     "17242847412": {
      "maxRSS": 299892,
      "systemtime": 156597,
      "usertime": 4655201
     },
     "17242848503": {
      "maxRSS": 299892,
      "systemtime": 156597,
      "usertime": 4659232
     },
     "17242849596": {
      "maxRSS": 299892,
      "systemtime": 156597,
      "usertime": 4659255
     },
     "17242850673": {
      "maxRSS": 299892,
      "systemtime": 156597,
      "usertime": 4659270
     },
     "17242851766": {
      "maxRSS": 299892,
      "systemtime": 156597,
      "usertime": 4659304
     },
     "17242852868": {
      "maxRSS": 299892,
      "systemtime": 156597,
      "usertime": 4663312
     },
     "17242853978": {
      "maxRSS": 299892,
      "systemtime": 156597,
      "usertime": 4663329
     },
     "17242855124": {
      "maxRSS": 299892,
      "systemtime": 156597,
      "usertime": 4663352
     },
     "17242856307": {
      "maxRSS": 299892,
      "systemtime": 156597,
      "usertime": 4667385
     },
     "17242857416": {
      "maxRSS": 299892,
      "systemtime": 156597,
      "usertime": 4667402
     },
     "17242858549": {
      "maxRSS": 299892,
      "systemtime": 156597,
      "usertime": 4667440
     },
     "17242859658": {
      "maxRSS": 299892,
      "systemtime": 156597,
      "usertime": 4667456
     },
     "17242860771": {
      "maxRSS": 299892,
      "systemtime": 156597,
      "usertime": 4671469
     },
     "17242861852": {
      "maxRSS": 299892,
      "systemtime": 156597,
      "usertime": 4671486
     },
     "17242862936": {
      "maxRSS": 299892,
      "systemtime": 156597,
      "usertime": 4671506
     },
     "17242864028": {
      "maxRSS": 299892,
      "systemtime": 156597,
      "usertime": 4675525
     },
     "17242865150": {
      "maxRSS": 299892,
      "systemtime": 156597,
      "usertime": 4675539
     },
     "17242866238": {
      "maxRSS": 299892,
      "systemtime": 156597,
      "usertime": 4675569
     },
     "17242867303": {
      "maxRSS": 299892,
      "systemtime": 156597,
      "usertime": 4675577
     },
     "17242868410": {
      "maxRSS": 299892,
      "systemtime": 156597,
      "usertime": 4679586
     },
     "17242869476": {
      "maxRSS": 299892,
      "systemtime": 156597,
      "usertime": 4679595
     },
     "17242870575": {
      "maxRSS": 299892,
      "systemtime": 156597,
      "usertime": 4679605
     },
     "17242871644": {
      "maxRSS": 299892,
      "systemtime": 156597,
      "usertime": 4679617
     },
     "17242872718": {
      "maxRSS": 299892,
      "systemtime": 156597,
      "usertime": 4683633
     },
     "17242873786": {
      "maxRSS": 299892,
      "systemtime": 156597,
      "usertime": 4683642
     },
     "17242874853": {
      "maxRSS": 299892,
      "systemtime": 156597,
      "usertime": 4683651
     },
     "17242875952": {
      "maxRSS": 299892,
      "systemtime": 156597,
      "usertime": 4683660
     },
     "17242877021": {
      "maxRSS": 299892,
      "systemtime": 156597,
      "usertime": 4687671
     },
     "17242878113": {
      "maxRSS": 299892,
      "systemtime": 156597,
      "usertime": 4687689
     },
     "17242879247": {
      "maxRSS": 299892,
      "systemtime": 156597,
      "usertime": 4687733
     },
     "17242880335": {
      "maxRSS": 299892,
      "systemtime": 156597,
      "usertime": 4691760
     },
     "17242881461": {
      "maxRSS": 299892,
      "systemtime": 156597,
      "usertime": 4691796
     },
     "17242882531": {
      "maxRSS": 299892,
      "systemtime": 156597,
      "usertime": 4691810
     },
     "17242883596": {
      "maxRSS": 299892,
      "systemtime": 156597,
      "usertime": 4691818
     },
     "17242884661": {
      "maxRSS": 299892,
      "systemtime": 156597,
      "usertime": 4695823
     },
     "17242885798": {
      "maxRSS": 299892,
      "systemtime": 156597,
      "usertime": 4695851
     },
     "17242886879": {
      "maxRSS": 299892,
      "systemtime": 156597,
      "usertime": 4695858
     },
     "17242887947": {
      "maxRSS": 299892,
      "systemtime": 156597,
      "usertime": 4695867
     },
     "17242889067": {
      "maxRSS": 299892,
      "systemtime": 156597,
      "usertime": 4699892
     },
     "17242890149": {
      "maxRSS": 299892,
      "systemtime": 156597,
      "usertime": 4699902
     },
     "17242891258": {
      "maxRSS": 299892,
      "systemtime": 156597,
      "usertime": 4699910
     },
     "17242892324": {
      "maxRSS": 299892,
      "systemtime": 156597,
      "usertime": 4703918
     },
     "17242893481": {
      "maxRSS": 299892,
      "systemtime": 156597,
      "usertime": 4703982
     },
     "17242894590": {
      "maxRSS": 299892,
      "systemtime": 156597,
      "usertime": 4704001
     },
     "17242895689": {
      "maxRSS": 299892,
      "systemtime": 156597,
      "usertime": 4704020
     },
     "17242896757": {
      "maxRSS": 299892,
      "systemtime": 156597,
      "usertime": 4708029
     },
     "17242897823": {
      "maxRSS": 299892,
      "systemtime": 156597,
      "usertime": 4708039
     },
     "17242898893": {
      "maxRSS": 299892,
      "systemtime": 156597,
      "usertime": 4708049
     },
     "17242899982": {
      "maxRSS": 299892,
      "systemtime": 156597,
      "usertime": 4708074
     },
     "17242901059": {
      "maxRSS": 299892,
      "systemtime": 156597,
      "usertime": 4712091
     },
     "17242902136": {
      "maxRSS": 299892,
      "systemtime": 156597,
      "usertime": 4712105
     },
     "17242903244": {
      "maxRSS": 299892,
      "systemtime": 156597,
      "usertime": 4712119
     },
     "17242904340": {
      "maxRSS": 299892,
      "systemtime": 156597,
      "usertime": 4716135
     },
     "17242905430": {
      "maxRSS": 299892,
      "systemtime": 156597,
      "usertime": 4716154
     },
     "17242906593": {
      "maxRSS": 299892,
      "systemtime": 156597,
      "usertime": 4716216
     },
     "17242907683": {
      "maxRSS": 299892,
      "systemtime": 156597,
      "usertime": 4716241
     },
     "17242908781": {
      "maxRSS": 299892,
      "systemtime": 156597,
      "usertime": 4720267
     },
     "17242909878": {
      "maxRSS": 299892,
      "systemtime": 156597,
      "usertime": 4720292
     },
     "17242911003": {
      "maxRSS": 299892,
      "systemtime": 156597,
      "usertime": 4720318
     },
     "17242912075": {
      "maxRSS": 299892,
      "systemtime": 156597,
      "usertime": 4724332
     },
     "17242913164": {
      "maxRSS": 299892,
      "systemtime": 156597,
      "usertime": 4724364
     },
     "17242914265": {
      "maxRSS": 299892,
      "systemtime": 156597,
      "usertime": 4724372
     },
     "17242915331": {
      "maxRSS": 299892,
      "systemtime": 156597,
      "usertime": 4724381
     },
     "17242916396": {
      "maxRSS": 299892,
      "systemtime": 156597,
      "usertime": 4728385
     },
     "17242917469": {
      "maxRSS": 299892,
      "systemtime": 156597,
      "usertime": 4728401
     },
     "17242918552": {
      "maxRSS": 299892,
      "systemtime": 156597,
      "usertime": 4728431
     },
     "17242919618": {
      "maxRSS": 299892,
      "systemtime": 156597,
      "usertime": 4728438
     },
     "17242920736": {
      "maxRSS": 299892,
      "systemtime": 156597,
      "usertime": 4732470
     },
     "17242921816": {
      "maxRSS": 299892,
      "systemtime": 156597,
      "usertime": 4732485
     },
     "17242922927": {
      "maxRSS": 299892,
      "systemtime": 156597,
      "usertime": 4732505
     },
     "17242923994": {
      "maxRSS": 299892,
      "systemtime": 156597,
      "usertime": 4732515
     },
     "17242925099": {
      "maxRSS": 299892,
      "systemtime": 156597,
      "usertime": 4736515
     },
     "17242926198": {
      "maxRSS": 299892,
      "systemtime": 156597,
      "usertime": 4736524
     },
     "17242927275": {
      "maxRSS": 299892,
      "systemtime": 156597,
      "usertime": 4736542
     },
     "17242928341": {
      "maxRSS": 299892,
      "systemtime": 156597,
      "usertime": 4740549
     },
     "17242929408": {
      "maxRSS": 299892,
      "systemtime": 156597,
      "usertime": 4740556
     },
     "17242930472": {
      "maxRSS": 299892,
      "systemtime": 156597,
      "usertime": 4740564
     },
     "17242931536": {
      "maxRSS": 299892,
      "systemtime": 156597,
      "usertime": 4740571
     },
     "17242932645": {
      "maxRSS": 299892,
      "systemtime": 156597,
      "usertime": 4744582
     },
     "17242933751": {
      "maxRSS": 299892,
      "systemtime": 156597,
      "usertime": 4744596
     },
     "17242934817": {
      "maxRSS": 299892,
      "systemtime": 156597,
      "usertime": 4744604
     },
     "17242935905": {
      "maxRSS": 299892,
      "systemtime": 156597,
      "usertime": 4744613
     },
     "17242936978": {
      "maxRSS": 299892,
      "systemtime": 156597,
      "usertime": 4748623
     },
     "17242938050": {
      "maxRSS": 299892,
      "systemtime": 156597,
      "usertime": 4748635
     },
     "17242939132": {
      "maxRSS": 299892,
      "systemtime": 156597,
      "usertime": 4748652
     },
     "17242940251": {
      "maxRSS": 299892,
      "systemtime": 156597,
      "usertime": 4752694
     },
     "17242941363": {
      "maxRSS": 299892,
      "systemtime": 156597,
      "usertime": 4752719
     },
     "17242942458": {
      "maxRSS": 299892,
      "systemtime": 156597,
      "usertime": 4752746
     },
     "17242943538": {
      "maxRSS": 299892,
      "systemtime": 156597,
      "usertime": 4752766
     },
     "17242944610": {
      "maxRSS": 299892,
      "systemtime": 156597,
      "usertime": 4756834
     },
     "17242945696": {
      "maxRSS": 299892,
      "systemtime": 156597,
      "usertime": 4756845
     },
     "17242946768": {
      "maxRSS": 299892,
      "systemtime": 156597,
      "usertime": 4756858
     },
     "17242947858": {
      "maxRSS": 299892,
      "systemtime": 156597,
      "usertime": 4756890
     },
     "17242948930": {
      "maxRSS": 299892,
      "systemtime": 156597,
      "usertime": 4760849
     },
     "17242949999": {
      "maxRSS": 299892,
      "systemtime": 156597,
      "usertime": 4760859
     },
     "17242951087": {
      "maxRSS": 299892,
      "systemtime": 156597,
      "usertime": 4760872
     },
     "17242952165": {
      "maxRSS": 299892,
      "systemtime": 156597,
      "usertime": 4764886
     },
     "17242953301": {
      "maxRSS": 299892,
      "systemtime": 156597,
      "usertime": 4764900
     },
     "17242954448": {
      "maxRSS": 299892,
      "systemtime": 156597,
      "usertime": 4764940
     },
     "17242955609": {
      "maxRSS": 299892,
      "systemtime": 156597,
      "usertime": 4764962
     },
     "17242956715": {
      "maxRSS": 299892,
      "systemtime": 156597,
      "usertime": 4768975
     },
     "17242957787": {
      "maxRSS": 299892,
      "systemtime": 156597,
      "usertime": 4768984
     },
     "17242959890": {
      "maxRSS": 299892,
      "systemtime": 156597,
      "usertime": 4768995
     },
     "17242961999": {
      "maxRSS": 299892,
      "systemtime": 156597,
      "usertime": 4773008
     },
     "17242964059": {
      "maxRSS": 299892,
      "systemtime": 156597,
      "usertime": 4777049
     },
     "17242966141": {
      "maxRSS": 299892,
      "systemtime": 156597,
      "usertime": 4777069
     },
     "17242968213": {
      "maxRSS": 299892,
      "systemtime": 156597,
      "usertime": 4781081
     },
     "17242970282": {
      "maxRSS": 299892,
      "systemtime": 156597,
      "usertime": 4781092
     },
     "17242972396": {
      "maxRSS": 299892,
      "systemtime": 156597,
      "usertime": 4785117
     },
     "17242974514": {
      "maxRSS": 299892,
      "systemtime": 156597,
      "usertime": 4785154
     },
     "17242976651": {
      "maxRSS": 299892,
      "systemtime": 156597,
      "usertime": 4789231
     },
     "17242978759": {
      "maxRSS": 299892,
      "systemtime": 156597,
      "usertime": 4789263
     },
     "17242980843": {
      "maxRSS": 299892,
      "systemtime": 156597,
      "usertime": 4793280
     },
     "17242982928": {
      "maxRSS": 299892,
      "systemtime": 156597,
      "usertime": 4793300
     },
     "17242985008": {
      "maxRSS": 299892,
      "systemtime": 156597,
      "usertime": 4797337
     },
     "17242987077": {
      "maxRSS": 299892,
      "systemtime": 156597,
      "usertime": 4797349
     },
     "17242989186": {
      "maxRSS": 299892,
      "systemtime": 156597,
      "usertime": 4801350
     },
     "17242991310": {
      "maxRSS": 299892,
      "systemtime": 156597,
      "usertime": 4801407
     },
     "17242993423": {
      "maxRSS": 299892,
      "systemtime": 156597,
      "usertime": 4805430
     },
     "17242995532": {
      "maxRSS": 299892,
      "systemtime": 156597,
      "usertime": 4805447
     },
     "17242997628": {
      "maxRSS": 299892,
      "systemtime": 156597,
      "usertime": 4809463
     },
     "17242999712": {
      "maxRSS": 299892,
      "systemtime": 156597,
      "usertime": 4809483
     },
     "17243001794": {
      "maxRSS": 299892,
      "systemtime": 156597,
      "usertime": 4813502
     },
     "17243003904": {
      "maxRSS": 299892,
      "systemtime": 156597,
      "usertime": 4813546
     },
     "17243005995": {
      "maxRSS": 299892,
      "systemtime": 156597,
      "usertime": 4817578
     },
     "17243008019": {
      "maxRSS": 299892,
      "systemtime": 156597,
      "usertime": 4821589
     },
     "17243010089": {
      "maxRSS": 299892,
      "systemtime": 156597,
      "usertime": 4821601
     },
     "17243012160": {
      "maxRSS": 299892,
      "systemtime": 156597,
      "usertime": 4825610
     },
     "17243014231": {
      "maxRSS": 299892,
      "systemtime": 156597,
      "usertime": 4825623
     },
     "17243016321": {
      "maxRSS": 299892,
      "systemtime": 156597,
      "usertime": 4829655
     },
     "17243018403": {
      "maxRSS": 299892,
      "systemtime": 156597,
      "usertime": 4829663
     },
     "17243020474": {
      "maxRSS": 299892,
      "systemtime": 156597,
      "usertime": 4833671
     },
     "17243022541": {
      "maxRSS": 299892,
      "systemtime": 156597,
      "usertime": 4833680
     },
     "17243024607": {
      "maxRSS": 299892,
      "systemtime": 156597,
      "usertime": 4837688
     },
     "17243026673": {
      "maxRSS": 299892,
      "systemtime": 156597,
      "usertime": 4837696
     },
     "17243028750": {
      "maxRSS": 299892,
      "systemtime": 156597,
      "usertime": 4841716
     },
     "17243030815": {
      "maxRSS": 299892,
      "systemtime": 156597,
      "usertime": 4841723
     },
     "17243032880": {
      "maxRSS": 299892,
      "systemtime": 156597,
      "usertime": 4845731
     },
     "17243034977": {
      "maxRSS": 299892,
      "systemtime": 156597,
      "usertime": 4845738
     },
     "17243037044": {
      "maxRSS": 299892,
      "systemtime": 156597,
      "usertime": 4849747
     },
     "17243039128": {
      "maxRSS": 299892,
      "systemtime": 156597,
      "usertime": 4849764
     },
     "17243041214": {
      "maxRSS": 299892,
      "systemtime": 156597,
      "usertime": 4853803
     },
     "17243043357": {
      "maxRSS": 299892,
      "systemtime": 156597,
      "usertime": 4853853
     },
     "17243045431": {
      "maxRSS": 299892,
      "systemtime": 156597,
      "usertime": 4857859
     },
     "17243047500": {
      "maxRSS": 299892,
      "systemtime": 156597,
      "usertime": 4857869
     },
     "17243049570": {
      "maxRSS": 299892,
      "systemtime": 156597,
      "usertime": 4861880
     },
     "17243051640": {
      "maxRSS": 299892,
      "systemtime": 156597,
      "usertime": 4861891
     },
     "17243053719": {
      "maxRSS": 299892,
      "systemtime": 156597,
      "usertime": 4865905
     },
     "17243055848": {
      "maxRSS": 299892,
      "systemtime": 156597,
      "usertime": 4865939
     },
     "17243057961": {
      "maxRSS": 299892,
      "systemtime": 156597,
      "usertime": 4869959
     },
     "17243060021": {
      "maxRSS": 299892,
      "systemtime": 156597,
      "usertime": 4873972
     },
     "17243062120": {
      "maxRSS": 299892,
      "systemtime": 156597,
      "usertime": 4873982
     },
     "17243064197": {
      "maxRSS": 299892,
      "systemtime": 156597,
      "usertime": 4877994
     },
     "17243066263": {
      "maxRSS": 299892,
      "systemtime": 156597,
      "usertime": 4878002
     },
     "17243068347": {
      "maxRSS": 299892,
      "systemtime": 156597,
      "usertime": 4882028
     },
     "17243070412": {
      "maxRSS": 299892,
      "systemtime": 156597,
      "usertime": 4882036
     },
     "17243072498": {
      "maxRSS": 299892,
      "systemtime": 156597,
      "usertime": 4886051
     },
     "17243074584": {
      "maxRSS": 299892,
      "systemtime": 156597,
      "usertime": 4886074
     },
     "17243076667": {
      "maxRSS": 299892,
      "systemtime": 156597,
      "usertime": 4890100
     },
     "17243078781": {
      "maxRSS": 299892,
      "systemtime": 156597,
      "usertime": 4890119
     },
     "17243080915": {
      "maxRSS": 300020,
      "systemtime": 156597,
      "usertime": 4894160
     },
     "17243082986": {
      "maxRSS": 300020,
      "systemtime": 156597,
      "usertime": 4894174
     },
     "17243085053": {
      "maxRSS": 300020,
      "systemtime": 156597,
      "usertime": 4898178
     },
     "17243087119": {
      "maxRSS": 300020,
      "systemtime": 156597,
      "usertime": 4898185
     },
     "17243089255": {
      "maxRSS": 300020,
      "systemtime": 156597,
      "usertime": 4902219
     },
     "17243091344": {
      "maxRSS": 300020,
      "systemtime": 156597,
      "usertime": 4902240
     },
     "17243093422": {
      "maxRSS": 300020,
      "systemtime": 156597,
      "usertime": 4906252
     },
     "17243095553": {
      "maxRSS": 300020,
      "systemtime": 156597,
      "usertime": 4906303
     },
     "17243097636": {
      "maxRSS": 300020,
      "systemtime": 156597,
      "usertime": 4910332
     },
     "17243099719": {
      "maxRSS": 300020,
      "systemtime": 156597,
      "usertime": 4910353
     },
     "17243101830": {
      "maxRSS": 300020,
      "systemtime": 156597,
      "usertime": 4914363
     },
     "17243103952": {
      "maxRSS": 300020,
      "systemtime": 156597,
      "usertime": 4914403
     },
     "17243106133": {
      "maxRSS": 300020,
      "systemtime": 156597,
      "usertime": 4918482
     },
     "17243108245": {
      "maxRSS": 300020,
      "systemtime": 156597,
      "usertime": 4922534
     },
     "17243110374": {
      "maxRSS": 300020,
      "systemtime": 156597,
      "usertime": 4922563
     },
     "17243112548": {
      "maxRSS": 300020,
      "systemtime": 156597,
      "usertime": 4926585
     },
     "17243114633": {
      "maxRSS": 300020,
      "systemtime": 156597,
      "usertime": 4926608
     },
     "17243116711": {
      "maxRSS": 300020,
      "systemtime": 156597,
      "usertime": 4930630
     },
     "17243118816": {
      "maxRSS": 300020,
      "systemtime": 156597,
      "usertime": 4930644
     },
     "17243120914": {
      "maxRSS": 300020,
      "systemtime": 156597,
      "usertime": 4934672
     },
     "17243123061": {
      "maxRSS": 300020,
      "systemtime": 156597,
      "usertime": 4934705
     },
     "17243125152": {
      "maxRSS": 300020,
      "systemtime": 156597,
      "usertime": 4938732
     },
     "17243127222": {
      "maxRSS": 300020,
      "systemtime": 156597,
      "usertime": 4938744
     },
     "17243129296": {
      "maxRSS": 300020,
      "systemtime": 156597,
      "usertime": 4942756
     },
     "17243131375": {
      "maxRSS": 300020,
      "systemtime": 156597,
      "usertime": 4942772
     },
     "17243133476": {
      "maxRSS": 300020,
      "systemtime": 156597,
      "usertime": 4946814
     },
     "17243135558": {
      "maxRSS": 300020,
      "systemtime": 156597,
      "usertime": 4946831
     },
     "17243137629": {
      "maxRSS": 300020,
      "systemtime": 156597,
      "usertime": 4950844
     },
     "17243139743": {
      "maxRSS": 300020,
      "systemtime": 156597,
      "usertime": 4950882
     },
     "17243141923": {
      "maxRSS": 300020,
      "systemtime": 156597,
      "usertime": 4954919
     },
     "17243144033": {
      "maxRSS": 300020,
      "systemtime": 156597,
      "usertime": 4958949
     },
     "17243146110": {
      "maxRSS": 300020,
      "systemtime": 156597,
      "usertime": 4958963
     },
     "17243148206": {
      "maxRSS": 300020,
      "systemtime": 156597,
      "usertime": 4962996
     },
     "17243150376": {
      "maxRSS": 300020,
      "systemtime": 156597,
      "usertime": 4963007
     },
     "17243152503": {
      "maxRSS": 300020,
      "systemtime": 156597,
      "usertime": 4967022
     },
     "17243154586": {
      "maxRSS": 300020,
      "systemtime": 156597,
      "usertime": 4967039
     },
     "17243156664": {
      "maxRSS": 300020,
      "systemtime": 156597,
      "usertime": 4971055
     },
     "17243158734": {
      "maxRSS": 300020,
      "systemtime": 156597,
      "usertime": 4971067
     },
     "17243160882": {
      "maxRSS": 300020,
      "systemtime": 156597,
      "usertime": 4975106
     },
     "17243162964": {
      "maxRSS": 300020,
      "systemtime": 156597,
      "usertime": 4975124
     },
     "17243165043": {
      "maxRSS": 300020,
      "systemtime": 156597,
      "usertime": 4979130
     },
     "17243167116": {
      "maxRSS": 300020,
      "systemtime": 156597,
      "usertime": 4979144
     },
     "17243169187": {
      "maxRSS": 300020,
      "systemtime": 156597,
      "usertime": 4983157
     },
     "17243171265": {
      "maxRSS": 300020,
      "systemtime": 156597,
      "usertime": 4983169
     },
     "17243173354": {
      "maxRSS": 300020,
      "systemtime": 156597,
      "usertime": 4987199
     },
     "17243175461": {
      "maxRSS": 300020,
      "systemtime": 156597,
      "usertime": 4987211
     },
     "17243177530": {
      "maxRSS": 300020,
      "systemtime": 156597,
      "usertime": 4991222
     },
     "17243179619": {
      "maxRSS": 300020,
      "systemtime": 156597,
      "usertime": 4991239
     },
     "17243181760": {
      "maxRSS": 300020,
      "systemtime": 156597,
      "usertime": 4995274
     },
     "17243183870": {
      "maxRSS": 300020,
      "systemtime": 156597,
      "usertime": 4995288
     },
     "17243185967": {
      "maxRSS": 300020,
      "systemtime": 156597,
      "usertime": 4999315
     },
     "17243188037": {
      "maxRSS": 300020,
      "systemtime": 156597,
      "usertime": 5003334
     },
     "17243190168": {
      "maxRSS": 300020,
      "systemtime": 156597,
      "usertime": 5003358
     },
     "17243192244": {
      "maxRSS": 300020,
      "systemtime": 156597,
      "usertime": 5007375
     },
     "17243194325": {
      "maxRSS": 300020,
      "systemtime": 156597,
      "usertime": 5007390
     },
     "17243196453": {
      "maxRSS": 300020,
      "systemtime": 156597,
      "usertime": 5011428
     },
     "17243198593": {
      "maxRSS": 300020,
      "systemtime": 156597,
      "usertime": 5011450
     },
     "17243200696": {
      "maxRSS": 300020,
      "systemtime": 156597,
      "usertime": 5015482
     },
     "17243202772": {
      "maxRSS": 300020,
      "systemtime": 156597,
      "usertime": 5015497
     },
     "17243204851": {
      "maxRSS": 300020,
      "systemtime": 156597,
      "usertime": 5019514
     },
     "17243206955": {
      "maxRSS": 300020,
      "systemtime": 156597,
      "usertime": 5019526
     },
     "17243209024": {
      "maxRSS": 300020,
      "systemtime": 156597,
      "usertime": 5023537
     },
     "17243211095": {
      "maxRSS": 300020,
      "systemtime": 156597,
      "usertime": 5023551
     },
     "17243213199": {
      "maxRSS": 300020,
      "systemtime": 156597,
      "usertime": 5027597
     },
     "17243215270": {
      "maxRSS": 300020,
      "systemtime": 156597,
      "usertime": 5027608
     },
     "17243217347": {
      "maxRSS": 300020,
      "systemtime": 156597,
      "usertime": 5031623
     },
     "17243219417": {
      "maxRSS": 300020,
      "systemtime": 156597,
      "usertime": 5031634
     },
     "17243221494": {
      "maxRSS": 300020,
      "systemtime": 156597,
      "usertime": 5035650
     },
     "17243223607": {
      "maxRSS": 300020,
      "systemtime": 156597,
      "usertime": 5035672
     },
     "17243225736": {
      "maxRSS": 300020,
      "systemtime": 156597,
      "usertime": 5039714
     },
     "17243229840": {
      "maxRSS": 300020,
      "systemtime": 156597,
      "usertime": 5043726
     },
     "17243233909": {
      "maxRSS": 300020,
      "systemtime": 156597,
      "usertime": 5047738
     },
     "17243238004": {
      "maxRSS": 300020,
      "systemtime": 156597,
      "usertime": 5051766
     },
     "17243242120": {
      "maxRSS": 300020,
      "systemtime": 156597,
      "usertime": 5055780
     },
     "17243246250": {
      "maxRSS": 300020,
      "systemtime": 156597,
      "usertime": 5059818
     },
     "17243250382": {
      "maxRSS": 300020,
      "systemtime": 156597,
      "usertime": 5063859
     },
     "17243254480": {
      "maxRSS": 300020,
      "systemtime": 156597,
      "usertime": 5067896
     },
     "17243258605": {
      "maxRSS": 300020,
      "systemtime": 156597,
      "usertime": 5071947
     },
     "17243262689": {
      "maxRSS": 300020,
      "systemtime": 156597,
      "usertime": 5075962
     },
     "17243266772": {
      "maxRSS": 300020,
      "systemtime": 156597,
      "usertime": 5079966
     },
     "17243270863": {
      "maxRSS": 300020,
      "systemtime": 156597,
      "usertime": 5083980
     },
     "17243275001": {
      "maxRSS": 300020,
      "systemtime": 156597,
      "usertime": 5088024
     },
     "17243279123": {
      "maxRSS": 300020,
      "systemtime": 156597,
      "usertime": 5092060
     },
     "17243283237": {
      "maxRSS": 300020,
      "systemtime": 156597,
      "usertime": 5096184
     },
     "17243287358": {
      "maxRSS": 300020,
      "systemtime": 156597,
      "usertime": 5100140
     },
     "17243291464": {
      "maxRSS": 300020,
      "systemtime": 156597,
      "usertime": 5104180
     },
     "17243295647": {
      "maxRSS": 300020,
      "systemtime": 156597,
      "usertime": 5108224
     },
     "17243299764": {
      "maxRSS": 300020,
      "systemtime": 156597,
      "usertime": 5112255
     },
     "17243303876": {
      "maxRSS": 300020,
      "systemtime": 156597,
      "usertime": 5116296
     },
     "17243307968": {
      "maxRSS": 300020,
      "systemtime": 156597,
      "usertime": 5120302
     },
     "17243312051": {
      "maxRSS": 300020,
      "systemtime": 156597,
      "usertime": 5128323
     },
     "17243316180": {
      "maxRSS": 300020,
      "systemtime": 156597,
      "usertime": 5132429
     },
     "17243320269": {
      "maxRSS": 300020,
      "systemtime": 156597,
      "usertime": 5136412
     },
     "17243324350": {
      "maxRSS": 300020,
      "systemtime": 156597,
      "usertime": 5140429
     },
     "17243328444": {
      "maxRSS": 300020,
      "systemtime": 156597,
      "usertime": 5144464
     },
     "17243332522": {
      "maxRSS": 300020,
      "systemtime": 156597,
      "usertime": 5148479
     },
     "17243336598": {
      "maxRSS": 300020,
      "systemtime": 156597,
      "usertime": 5152493
     },
     "17243340666": {
      "maxRSS": 300020,
      "systemtime": 156597,
      "usertime": 5156502
     },
     "17243344792": {
      "maxRSS": 300020,
      "systemtime": 156597,
      "usertime": 5160531
     },
     "17243348878": {
      "maxRSS": 300020,
      "systemtime": 156597,
      "usertime": 5164557
     },
     "17243352986": {
      "maxRSS": 300020,
      "systemtime": 156597,
      "usertime": 5169506
     },
     "17243353828": {
      "maxRSS": 300020,
      "systemtime": 156597,
      "usertime": 5170437
     },
     "17243354457": {
      "maxRSS": 300020,
      "systemtime": 156597,
      "usertime": 5171054
     },
     "17243355524": {
      "maxRSS": 300020,
      "systemtime": 156597,
      "usertime": 5171063
     },
     "17243356590": {
      "maxRSS": 300020,
      "systemtime": 156597,
      "usertime": 5172647
     },
     "17243357689": {
      "maxRSS": 300020,
      "systemtime": 156597,
      "usertime": 5172656
     },
     "17243358812": {
      "maxRSS": 300020,
      "systemtime": 156597,
      "usertime": 5172687
     },
     "17243359928": {
      "maxRSS": 300020,
      "systemtime": 156597,
      "usertime": 5172705
     },
     "17243361045": {
      "maxRSS": 300020,
      "systemtime": 156597,
      "usertime": 5176738
     },
     "17243362115": {
      "maxRSS": 300020,
      "systemtime": 156597,
      "usertime": 5176750
     },
     "17243363213": {
      "maxRSS": 300020,
      "systemtime": 156597,
      "usertime": 5176758
     },
     "17243364280": {
      "maxRSS": 300020,
      "systemtime": 156597,
      "usertime": 5180759
     },
     "17243365347": {
      "maxRSS": 300020,
      "systemtime": 156597,
      "usertime": 5180768
     },
     "17243366433": {
      "maxRSS": 300020,
      "systemtime": 156597,
      "usertime": 5180795
     },
     "17243367530": {
      "maxRSS": 300020,
      "systemtime": 156597,
      "usertime": 5180805
     },
     "17243368597": {
      "maxRSS": 300020,
      "systemtime": 156597,
      "usertime": 5184813
     },
     "17243369669": {
      "maxRSS": 300020,
      "systemtime": 156597,
      "usertime": 5184824
     },
     "17243370748": {
      "maxRSS": 300020,
      "systemtime": 156597,
      "usertime": 5184839
     },
     "17243371935": {
      "maxRSS": 300020,
      "systemtime": 156597,
      "usertime": 5184872
     },
     "17243373105": {
      "maxRSS": 300020,
      "systemtime": 156597,
      "usertime": 5188906
     },
     "17243374193": {
      "maxRSS": 300020,
      "systemtime": 156597,
      "usertime": 5188924
     },
     "17243375284": {
      "maxRSS": 300020,
      "systemtime": 156597,
      "usertime": 5188942
     },
     "17243376370": {
      "maxRSS": 300020,
      "systemtime": 156597,
      "usertime": 5192968
     },
     "17243377461": {
      "maxRSS": 300020,
      "systemtime": 156597,
      "usertime": 5192992
     },
     "17243378579": {
      "maxRSS": 300020,
      "systemtime": 156597,
      "usertime": 5193010
     },
     "17243379751": {
      "maxRSS": 300020,
      "systemtime": 156597,
      "usertime": 5193122
     },
     "17243380868": {
      "maxRSS": 300020,
      "systemtime": 156597,
      "usertime": 5197138
     },
     "17243381957": {
      "maxRSS": 300020,
      "systemtime": 156597,
      "usertime": 5197153
     },
     "17243383062": {
      "maxRSS": 300020,
      "systemtime": 156597,
      "usertime": 5197172
     },
     "17243384128": {
      "maxRSS": 300020,
      "systemtime": 156597,
      "usertime": 5201175
     },
     "17243385195": {
      "maxRSS": 300020,
      "systemtime": 156597,
      "usertime": 5201184
     },
     "17243386278": {
      "maxRSS": 300020,
      "systemtime": 156597,
      "usertime": 5201208
     },
     "17243387384": {
      "maxRSS": 300020,
      "systemtime": 156597,
      "usertime": 5201228
     },
     "17243388477": {
      "maxRSS": 300020,
      "systemtime": 156597,
      "usertime": 5205257
     },
     "17243389568": {
      "maxRSS": 300020,
      "systemtime": 156597,
      "usertime": 5205273
     },
     "17243390648": {
      "maxRSS": 300020,
      "systemtime": 156597,
      "usertime": 5205289
     },
     "17243391728": {
      "maxRSS": 300020,
      "systemtime": 156597,
      "usertime": 5205305
     },
     "17243392827": {
      "maxRSS": 300020,
      "systemtime": 156597,
      "usertime": 5209319
     },
     "17243393920": {
      "maxRSS": 300020,
      "systemtime": 156597,
      "usertime": 5209349
     },
     "17243395027": {
      "maxRSS": 300020,
      "systemtime": 156597,
      "usertime": 5209377
     },
     "17243396105": {
      "maxRSS": 300020,
      "systemtime": 156597,
      "usertime": 5213396
     },
     "17243397210": {
      "maxRSS": 300020,
      "systemtime": 156597,
      "usertime": 5213410
     },
     "17243398288": {
      "maxRSS": 300020,
      "systemtime": 156597,
      "usertime": 5213426
     },
     "17243399376": {
      "maxRSS": 300020,
      "systemtime": 156597,
      "usertime": 5213441
     },
     "17243400508": {
      "maxRSS": 300020,
      "systemtime": 156597,
      "usertime": 5217511
     },
     "17243401607": {
      "maxRSS": 300020,
      "systemtime": 156597,
      "usertime": 5217531
     },
     "17243402714": {
      "maxRSS": 300020,
      "systemtime": 156597,
      "usertime": 5217554
     },
     "17243403789": {
      "maxRSS": 300020,
      "systemtime": 156597,
      "usertime": 5217567
     },
     "17243404905": {
      "maxRSS": 300020,
      "systemtime": 156597,
      "usertime": 5221608
     },
     "17243406001": {
      "maxRSS": 300020,
      "systemtime": 156597,
      "usertime": 5221631
     },
     "17243407147": {
      "maxRSS": 300020,
      "systemtime": 156597,
      "usertime": 5221677
     },
     "17243408237": {
      "maxRSS": 300020,
      "systemtime": 156597,
      "usertime": 5225709
     },
     "17243409328": {
      "maxRSS": 300020,
      "systemtime": 156597,
      "usertime": 5225730
     },
     "17243410408": {
      "maxRSS": 300020,
      "systemtime": 156597,
      "usertime": 5225747
     },
     "17243411483": {
      "maxRSS": 300020,
      "systemtime": 156597,
      "usertime": 5225763
     },
     "17243412559": {
      "maxRSS": 300020,
      "systemtime": 156597,
      "usertime": 5229774
     },
     "17243413680": {
      "maxRSS": 300020,
      "systemtime": 156597,
      "usertime": 5229817
     },
     "17243414782": {
      "maxRSS": 300020,
      "systemtime": 156597,
      "usertime": 5229846
     },
     "17243415872": {
      "maxRSS": 300020,
      "systemtime": 156597,
      "usertime": 5229861
     },
     "17243416981": {
      "maxRSS": 300020,
      "systemtime": 156597,
      "usertime": 5233890
     },
     "17243418060": {
      "maxRSS": 300020,
      "systemtime": 156597,
      "usertime": 5233910
     },
     "17243419130": {
      "maxRSS": 300020,
      "systemtime": 156597,
      "usertime": 5233922
     },
     "17243420206": {
      "maxRSS": 300020,
      "systemtime": 156597,
      "usertime": 5237946
     },
     "17243421337": {
      "maxRSS": 300020,
      "systemtime": 156597,
      "usertime": 5237981
     },
     "17243422452": {
      "maxRSS": 300020,
      "systemtime": 156597,
      "usertime": 5238004
     },
     "17243423520": {
      "maxRSS": 300020,
      "systemtime": 156597,
      "usertime": 5238011
     },
     "17243424629": {
      "maxRSS": 300020,
      "systemtime": 156597,
      "usertime": 5242012
     },
     "17243425700": {
      "maxRSS": 300020,
      "systemtime": 156597,
      "usertime": 5242026
     },
     "17243426791": {
      "maxRSS": 300020,
      "systemtime": 156597,
      "usertime": 5242034
     },
     "17243427914": {
      "maxRSS": 300020,
      "systemtime": 156597,
      "usertime": 5242064
     },
     "17243428982": {
      "maxRSS": 300020,
      "systemtime": 156597,
      "usertime": 5246072
     },
     "17243430049": {
      "maxRSS": 300020,
      "systemtime": 156597,
      "usertime": 5246081
     },
     "17243431119": {
      "maxRSS": 300020,
      "systemtime": 156597,
      "usertime": 5246092
     },
     "17243432201": {
      "maxRSS": 300148,
      "systemtime": 156597,
      "usertime": 5250167
     },
     "17243433282": {
      "maxRSS": 300276,
      "systemtime": 156597,
      "usertime": 5250185
     },
     "17243434401": {
      "maxRSS": 300532,
      "systemtime": 156597,
      "usertime": 5250211
     },
     "17243435466": {
      "maxRSS": 300788,
      "systemtime": 156597,
      "usertime": 5250219
     },
     "17243436532": {
      "maxRSS": 301044,
      "systemtime": 156597,
      "usertime": 5254166
     },
     "17243437607": {
      "maxRSS": 301172,
      "systemtime": 156597,
      "usertime": 5254178
     },
     "17243438685": {
      "maxRSS": 301428,
      "systemtime": 156597,
      "usertime": 5254195
     },
     "17243439796": {
      "maxRSS": 301684,
      "systemtime": 156597,
      "usertime": 5254212
     },
     "17243440920": {
      "maxRSS": 301812,
      "systemtime": 156597,
      "usertime": 5258282
     },
     "17243441988": {
      "maxRSS": 302068,
      "systemtime": 156597,
      "usertime": 5258293
     },
     "17243443089": {
      "maxRSS": 302324,
      "systemtime": 156597,
      "usertime": 5258302
     },
     "17243444155": {
      "maxRSS": 302452,
      "systemtime": 156597,
      "usertime": 5262304
     },
     "17243445222": {
      "maxRSS": 302708,
      "systemtime": 156597,
      "usertime": 5262313
     },
     "17243446298": {
      "maxRSS": 302964,
      "systemtime": 156597,
      "usertime": 5262326
     },
     "17243447409": {
      "maxRSS": 302964,
      "systemtime": 156597,
      "usertime": 5262343
     },
     "17243448495": {
      "maxRSS": 302964,
      "systemtime": 156597,
      "usertime": 5266372
     },
     "17243449561": {
      "maxRSS": 302964,
      "systemtime": 156597,
      "usertime": 5266381
     },
     "17243450628": {
      "maxRSS": 302964,
      "systemtime": 156614,
      "usertime": 5268673
     },
     "17243450942": {
      "maxRSS": 302964,
      "systemtime": 156633,
      "usertime": 5269296
     },
     "17243452011": {
      "maxRSS": 302964,
      "systemtime": 156633,
      "usertime": 5270369
     },
     "17243453079": {
      "maxRSS": 302964,
      "systemtime": 156633,
      "usertime": 5270379
     },
     "17243454168": {
      "maxRSS": 302964,
      "systemtime": 156633,
      "usertime": 5270402
     },
     "17243455277": {
      "maxRSS": 302964,
      "systemtime": 156633,
      "usertime": 5270413
     },
     "17243456347": {
      "maxRSS": 302964,
      "systemtime": 156633,
      "usertime": 5274424
     },
     "17243457442": {
      "maxRSS": 302964,
      "systemtime": 156633,
      "usertime": 5274442
     },
     "17243458526": {
      "maxRSS": 302964,
      "systemtime": 156633,
      "usertime": 5274464
     },
     "17243459604": {
      "maxRSS": 302964,
      "systemtime": 156633,
      "usertime": 5274478
     },
     "17243460713": {
      "maxRSS": 303092,
      "systemtime": 156633,
      "usertime": 5278514
     },
     "17243461807": {
      "maxRSS": 303092,
      "systemtime": 156633,
      "usertime": 5278546
     },
     "17243462904": {
      "maxRSS": 303092,
      "systemtime": 156633,
      "usertime": 5278559
     },
     "17243463983": {
      "maxRSS": 303092,
      "systemtime": 156633,
      "usertime": 5278574
     },
     "17243465062": {
      "maxRSS": 303092,
      "systemtime": 156633,
      "usertime": 5282590
     },
     "17243466154": {
      "maxRSS": 303092,
      "systemtime": 156633,
      "usertime": 5282606
     },
     "17243467260": {
      "maxRSS": 303092,
      "systemtime": 156633,
      "usertime": 5282642
     },
     "17243468351": {
      "maxRSS": 303092,
      "systemtime": 156633,
      "usertime": 5286703
     },
     "17243469456": {
      "maxRSS": 303092,
      "systemtime": 156633,
      "usertime": 5286732
     },
     "17243470554": {
      "maxRSS": 303092,
      "systemtime": 156633,
      "usertime": 5286761
     },
     "17243471641": {
      "maxRSS": 303092,
      "systemtime": 156633,
      "usertime": 5286785
     },
     "17243472721": {
      "maxRSS": 303092,
      "systemtime": 156633,
      "usertime": 5290789
     },
     "17243473794": {
      "maxRSS": 303092,
      "systemtime": 156633,
      "usertime": 5290803
     },
     "17243474892": {
      "maxRSS": 303092,
      "systemtime": 156633,
      "usertime": 5290837
     },
     "17243475964": {
      "maxRSS": 303092,
      "systemtime": 156633,
      "usertime": 5290850
     },
     "17243477035": {
      "maxRSS": 303092,
      "systemtime": 156633,
      "usertime": 5294843
     },
     "17243478107": {
      "maxRSS": 303092,
      "systemtime": 156633,
      "usertime": 5294855
     },
     "17243479178": {
      "maxRSS": 303092,
      "systemtime": 156633,
      "usertime": 5294867
     },
     "17243480253": {
      "maxRSS": 303092,
      "systemtime": 156633,
      "usertime": 5298878
     },
     "17243481344": {
      "maxRSS": 303092,
      "systemtime": 156633,
      "usertime": 5298905
     },
     "17243482410": {
      "maxRSS": 303092,
      "systemtime": 156633,
      "usertime": 5298913
     },
     "17243483476": {
      "maxRSS": 303092,
      "systemtime": 156633,
      "usertime": 5298922
     },
     "17243484594": {
      "maxRSS": 303092,
      "systemtime": 156633,
      "usertime": 5302947
     },
     "17243485669": {
      "maxRSS": 303092,
      "systemtime": 156633,
      "usertime": 5302961
     },
     "17243486762": {
      "maxRSS": 303092,
      "systemtime": 156633,
      "usertime": 5302972
     },
     "17243487846": {
      "maxRSS": 303092,
      "systemtime": 156633,
      "usertime": 5302994
     },
     "17243488920": {
      "maxRSS": 303092,
      "systemtime": 156633,
      "usertime": 5307004
     },
     "17243489990": {
      "maxRSS": 303092,
      "systemtime": 156633,
      "usertime": 5307016
     },
     "17243491093": {
      "maxRSS": 303092,
      "systemtime": 156633,
      "usertime": 5307029
     },
     "17243492166": {
      "maxRSS": 303092,
      "systemtime": 156633,
      "usertime": 5311044
     },
     "17243493233": {
      "maxRSS": 303092,
      "systemtime": 156633,
      "usertime": 5311054
     },
     "17243494325": {
      "maxRSS": 303092,
      "systemtime": 156633,
      "usertime": 5311088
     },
     "17243495391": {
      "maxRSS": 303092,
      "systemtime": 156633,
      "usertime": 5311096
     },
     "17243496469": {
      "maxRSS": 303092,
      "systemtime": 156633,
      "usertime": 5315105
     },
     "17243497537": {
      "maxRSS": 303092,
      "systemtime": 156633,
      "usertime": 5315116
     },
     "17243498634": {
      "maxRSS": 303092,
      "systemtime": 156633,
      "usertime": 5315124
     },
     "17243500149": {
      "maxRSS": 303092,
      "systemtime": 156633,
      "usertime": 5319168
     },
     "17243501235": {
      "maxRSS": 303092,
      "systemtime": 156633,
      "usertime": 5319185
     },
     "17243502329": {
      "maxRSS": 303092,
      "systemtime": 156633,
      "usertime": 5319216
     },
     "17243503449": {
      "maxRSS": 303092,
      "systemtime": 156633,
      "usertime": 5319240
     },
     "17243504538": {
      "maxRSS": 303092,
      "systemtime": 156633,
      "usertime": 5323230
     },
     "17243505612": {
      "maxRSS": 303092,
      "systemtime": 156633,
      "usertime": 5323245
     },
     "17243506754": {
      "maxRSS": 303092,
      "systemtime": 156633,
      "usertime": 5323282
     },
     "17243507877": {
      "maxRSS": 303092,
      "systemtime": 156633,
      "usertime": 5323310
     },
     "17243508981": {
      "maxRSS": 303092,
      "systemtime": 156633,
      "usertime": 5327348
     },
     "17243510058": {
      "maxRSS": 303092,
      "systemtime": 156633,
      "usertime": 5327365
     },
     "17243511133": {
      "maxRSS": 303092,
      "systemtime": 156633,
      "usertime": 5327380
     },
     "17243512212": {
      "maxRSS": 303092,
      "systemtime": 156633,
      "usertime": 5331403
     },
     "17243513285": {
      "maxRSS": 303092,
      "systemtime": 156633,
      "usertime": 5331418
     },
     "17243514359": {
      "maxRSS": 303092,
      "systemtime": 156633,
      "usertime": 5331432
     },
     "17243515466": {
      "maxRSS": 303092,
      "systemtime": 156633,
      "usertime": 5331465
     },
     "17243516542": {
      "maxRSS": 303092,
      "systemtime": 156633,
      "usertime": 5335469
     },
     "17243517632": {
      "maxRSS": 303092,
      "systemtime": 156633,
      "usertime": 5335483
     },
     "17243518708": {
      "maxRSS": 303092,
      "systemtime": 156633,
      "usertime": 5335497
     },
     "17243519788": {
      "maxRSS": 303092,
      "systemtime": 156633,
      "usertime": 5335512
     },
     "17243520870": {
      "maxRSS": 303092,
      "systemtime": 156633,
      "usertime": 5339530
     },
     "17243521978": {
      "maxRSS": 303092,
      "systemtime": 156633,
      "usertime": 5339562
     },
     "17243523057": {
      "maxRSS": 303092,
      "systemtime": 156633,
      "usertime": 5339577
     },
     "17243524147": {
      "maxRSS": 303092,
      "systemtime": 156633,
      "usertime": 5343617
     },
     "17243525353": {
      "maxRSS": 303092,
      "systemtime": 156633,
      "usertime": 5343640
     },
     "17243526445": {
      "maxRSS": 303092,
      "systemtime": 156633,
      "usertime": 5343673
     },
     "17243527522": {
      "maxRSS": 303092,
      "systemtime": 156633,
      "usertime": 5343688
     },
     "17243528628": {
      "maxRSS": 303092,
      "systemtime": 156633,
      "usertime": 5347680
     },
     "17243529757": {
      "maxRSS": 303092,
      "systemtime": 156633,
      "usertime": 5347723
     },
     "17243530847": {
      "maxRSS": 303092,
      "systemtime": 156633,
      "usertime": 5347749
     },
     "17243531924": {
      "maxRSS": 303092,
      "systemtime": 156633,
      "usertime": 5347763
     },
     "17243533002": {
      "maxRSS": 303092,
      "systemtime": 156633,
      "usertime": 5351778
     },
     "17243534072": {
      "maxRSS": 303092,
      "systemtime": 156633,
      "usertime": 5351790
     },
     "17243535139": {
      "maxRSS": 303092,
      "systemtime": 156633,
      "usertime": 5351800
     },
     "17243536253": {
      "maxRSS": 303092,
      "systemtime": 156633,
      "usertime": 5355833
     },
     "17243537351": {
      "maxRSS": 303092,
      "systemtime": 156633,
      "usertime": 5355866
     },
     "17243538461": {
      "maxRSS": 303092,
      "systemtime": 156633,
      "usertime": 5355890
     },
     "17243539575": {
      "maxRSS": 303092,
      "systemtime": 156633,
      "usertime": 5355932
     },
     "17243540753": {
      "maxRSS": 303092,
      "systemtime": 156633,
      "usertime": 5360016
     },
     "17243541881": {
      "maxRSS": 303092,
      "systemtime": 156633,
      "usertime": 5360040
     },
     "17243542988": {
      "maxRSS": 303092,
      "systemtime": 156633,
      "usertime": 5360081
     },
     "17243544024": {
      "maxRSS": 303092,
      "systemtime": 156633,
      "usertime": 5364047
     },
     "17243545125": {
      "maxRSS": 303092,
      "systemtime": 156633,
      "usertime": 5364074
     },
     "17243546212": {
      "maxRSS": 303092,
      "systemtime": 156633,
      "usertime": 5364097
     },
     "17243547321": {
      "maxRSS": 303092,
      "systemtime": 156633,
      "usertime": 5364126
     },
     "17243548427": {
      "maxRSS": 303092,
      "systemtime": 156633,
      "usertime": 5368151
     },
     "17243549545": {
      "maxRSS": 303092,
      "systemtime": 156633,
      "usertime": 5368184
     },
     "17243550625": {
      "maxRSS": 303092,
      "systemtime": 156633,
      "usertime": 5368201
     },
     "17243551717": {
      "maxRSS": 303092,
      "systemtime": 156633,
      "usertime": 5368216
     },
     "17243552800": {
      "maxRSS": 303092,
      "systemtime": 156633,
      "usertime": 5372243
     },
     "17243553906": {
      "maxRSS": 303092,
      "systemtime": 156633,
      "usertime": 5372260
     },
     "17243555022": {
      "maxRSS": 303092,
      "systemtime": 156633,
      "usertime": 5372275
     },
     "17243556059": {
      "maxRSS": 303092,
      "systemtime": 156633,
      "usertime": 5376298
     },
     "17243557159": {
      "maxRSS": 303092,
      "systemtime": 156633,
      "usertime": 5376334
     },
     "17243558236": {
      "maxRSS": 303092,
      "systemtime": 156633,
      "usertime": 5376350
     },
     "17243559323": {
      "maxRSS": 303092,
      "systemtime": 156633,
      "usertime": 5376367
     },
     "17243560405": {
      "maxRSS": 303092,
      "systemtime": 156633,
      "usertime": 5380390
     },
     "17243561507": {
      "maxRSS": 303092,
      "systemtime": 156633,
      "usertime": 5380428
     },
     "17243562583": {
      "maxRSS": 303092,
      "systemtime": 156633,
      "usertime": 5380445
     },
     "17243563680": {
      "maxRSS": 303092,
      "systemtime": 156633,
      "usertime": 5380481
     },
     "17243564759": {
      "maxRSS": 303092,
      "systemtime": 156633,
      "usertime": 5384510
     },
     "17243565836": {
      "maxRSS": 303092,
      "systemtime": 156633,
      "usertime": 5384524
     },
     "17243566914": {
      "maxRSS": 303092,
      "systemtime": 156633,
      "usertime": 5384537
     },
     "17243568073": {
      "maxRSS": 303092,
      "systemtime": 156633,
      "usertime": 5388591
     },
     "17243569156": {
      "maxRSS": 303092,
      "systemtime": 156633,
      "usertime": 5388609
     },
     "17243570253": {
      "maxRSS": 303092,
      "systemtime": 156633,
      "usertime": 5388645
     },
     "17243571329": {
      "maxRSS": 303092,
      "systemtime": 156633,
      "usertime": 5388661
     },
     "17243572398": {
      "maxRSS": 303092,
      "systemtime": 156633,
      "usertime": 5392621
     },
     "17243573464": {
      "maxRSS": 303092,
      "systemtime": 156633,
      "usertime": 5392631
     },
     "17243574529": {
      "maxRSS": 303092,
      "systemtime": 156633,
      "usertime": 5392639
     },
     "17243575636": {
      "maxRSS": 303092,
      "systemtime": 156633,
      "usertime": 5392654
     },
     "17243576759": {
      "maxRSS": 303092,
      "systemtime": 156633,
      "usertime": 5396680
     },
     "17243577834": {
      "maxRSS": 303092,
      "systemtime": 156633,
      "usertime": 5396693
     },
     "17243578904": {
      "maxRSS": 303092,
      "systemtime": 156633,
      "usertime": 5396706
     },
     "17243579979": {
      "maxRSS": 303092,
      "systemtime": 156633,
      "usertime": 5396716
     },
     "17243581054": {
      "maxRSS": 303092,
      "systemtime": 156633,
      "usertime": 5400788
     },
     "17243582119": {
      "maxRSS": 303092,
      "systemtime": 156633,
      "usertime": 5400796
     },
     "17243583183": {
      "maxRSS": 303092,
      "systemtime": 156633,
      "usertime": 5400803
     },
     "17243584257": {
      "maxRSS": 303092,
      "systemtime": 156633,
      "usertime": 5404759
     },
     "17243585373": {
      "maxRSS": 303092,
      "systemtime": 156633,
      "usertime": 5404770
     },
     "17243586447": {
      "maxRSS": 303092,
      "systemtime": 156633,
      "usertime": 5404783
     },
     "17243587513": {
      "maxRSS": 303092,
      "systemtime": 156633,
      "usertime": 5404792
     },
     "17243588578": {
      "maxRSS": 303092,
      "systemtime": 156633,
      "usertime": 5408798
     },
     "17243589649": {
      "maxRSS": 303092,
      "systemtime": 156633,
      "usertime": 5408808
     },
     "17243591729": {
      "maxRSS": 303092,
      "systemtime": 156633,
      "usertime": 5408830
     },
     "17243593813": {
      "maxRSS": 303092,
      "systemtime": 156633,
      "usertime": 5412842
     },
     "17243595889": {
      "maxRSS": 303092,
      "systemtime": 156633,
      "usertime": 5412855
     },
     "17243597983": {
      "maxRSS": 303092,
      "systemtime": 156633,
      "usertime": 5416878
     },
     "17243600065": {
      "maxRSS": 303092,
      "systemtime": 156633,
      "usertime": 5416903
     },
     "17243602142": {
      "maxRSS": 303092,
      "systemtime": 156633,
      "usertime": 5421017
     },
     "17243604236": {
      "maxRSS": 303092,
      "systemtime": 156633,
      "usertime": 5424959
     },
     "17243606342": {
      "maxRSS": 303092,
      "systemtime": 156633,
      "usertime": 5424984
     },
     "17243608460": {
      "maxRSS": 303092,
      "systemtime": 156633,
      "usertime": 5429022
     },
     "17243610572": {
      "maxRSS": 303092,
      "systemtime": 156633,
      "usertime": 5429049
     },
     "17243612654": {
      "maxRSS": 303092,
      "systemtime": 156633,
      "usertime": 5433058
     },
     "17243614767": {
      "maxRSS": 303092,
      "systemtime": 156633,
      "usertime": 5433072
     },
     "17243616902": {
      "maxRSS": 303092,
      "systemtime": 156633,
      "usertime": 5437106
     },
     "17243618973": {
      "maxRSS": 303092,
      "systemtime": 156633,
      "usertime": 5437118
     },
     "17243621062": {
      "maxRSS": 303092,
      "systemtime": 156633,
      "usertime": 5441137
     },
     "17243623161": {
      "maxRSS": 303092,
      "systemtime": 156633,
      "usertime": 5441165
     },
     "17243625284": {
      "maxRSS": 303092,
      "systemtime": 156633,
      "usertime": 5445192
     },
     "17243627356": {
      "maxRSS": 303092,
      "systemtime": 156633,
      "usertime": 5445205
     },
     "17243629453": {
      "maxRSS": 303092,
      "systemtime": 156633,
      "usertime": 5449229
     },
     "17243631541": {
      "maxRSS": 303092,
      "systemtime": 156633,
      "usertime": 5449254
     },
     "17243633623": {
      "maxRSS": 303092,
      "systemtime": 156633,
      "usertime": 5453271
     },
     "17243635712": {
      "maxRSS": 303092,
      "systemtime": 156633,
      "usertime": 5453289
     },
     "17243637796": {
      "maxRSS": 303092,
      "systemtime": 156633,
      "usertime": 5457305
     },
     "17243639887": {
      "maxRSS": 303092,
      "systemtime": 156633,
      "usertime": 5457327
     },
     "17243642040": {
      "maxRSS": 303092,
      "systemtime": 156633,
      "usertime": 5461379
     },
     "17243644134": {
      "maxRSS": 303092,
      "systemtime": 156633,
      "usertime": 5465395
     },
     "17243646214": {
      "maxRSS": 303092,
      "systemtime": 156633,
      "usertime": 5465411
     },
     "17243648284": {
      "maxRSS": 303092,
      "systemtime": 156633,
      "usertime": 5469422
     },
     "17243650363": {
      "maxRSS": 303092,
      "systemtime": 156633,
      "usertime": 5469437
     },
     "17243652439": {
      "maxRSS": 303092,
      "systemtime": 156633,
      "usertime": 5473453
     },
     "17243654552": {
      "maxRSS": 303092,
      "systemtime": 156633,
      "usertime": 5473488
     },
     "17243656671": {
      "maxRSS": 303092,
      "systemtime": 156633,
      "usertime": 5477540
     },
     "17243658766": {
      "maxRSS": 303092,
      "systemtime": 156633,
      "usertime": 5477568
     },
     "17243660871": {
      "maxRSS": 303092,
      "systemtime": 156633,
      "usertime": 5481594
     },
     "17243662949": {
      "maxRSS": 303092,
      "systemtime": 156633,
      "usertime": 5481611
     },
     "17243665018": {
      "maxRSS": 303092,
      "systemtime": 156633,
      "usertime": 5485621
     },
     "17243667114": {
      "maxRSS": 303092,
      "systemtime": 156633,
      "usertime": 5485639
     },
     "17243669267": {
      "maxRSS": 303092,
      "systemtime": 156633,
      "usertime": 5489698
     },
     "17243671353": {
      "maxRSS": 303092,
      "systemtime": 156633,
      "usertime": 5489717
     },
     "17243673438": {
      "maxRSS": 303092,
      "systemtime": 156633,
      "usertime": 5493738
     },
     "17243675548": {
      "maxRSS": 303092,
      "systemtime": 156633,
      "usertime": 5493758
     },
     "17243677653": {
      "maxRSS": 303092,
      "systemtime": 156633,
      "usertime": 5497770
     },
     "17243679720": {
      "maxRSS": 303092,
      "systemtime": 156633,
      "usertime": 5497779
     },
     "17243681809": {
      "maxRSS": 303092,
      "systemtime": 156633,
      "usertime": 5501808
     },
     "17243683879": {
      "maxRSS": 303092,
      "systemtime": 156633,
      "usertime": 5501818
     },
     "17243685956": {
      "maxRSS": 303092,
      "systemtime": 156633,
      "usertime": 5505830
     },
     "17243688078": {
      "maxRSS": 303092,
      "systemtime": 156633,
      "usertime": 5509842
     },
     "17243690187": {
      "maxRSS": 303092,
      "systemtime": 156633,
      "usertime": 5509856
     },
     "17243692259": {
      "maxRSS": 303092,
      "systemtime": 156633,
      "usertime": 5513869
     },
     "17243694338": {
      "maxRSS": 303092,
      "systemtime": 156633,
      "usertime": 5513886
     },
     "17243696459": {
      "maxRSS": 303092,
      "systemtime": 156633,
      "usertime": 5517922
     },
     "17243698528": {
      "maxRSS": 303092,
      "systemtime": 156633,
      "usertime": 5517934
     },
     "17243700595": {
      "maxRSS": 303092,
      "systemtime": 156633,
      "usertime": 5521939
     },
     "17243702679": {
      "maxRSS": 303092,
      "systemtime": 156633,
      "usertime": 5521952
     },
     "17243704771": {
      "maxRSS": 303092,
      "systemtime": 156633,
      "usertime": 5525983
     },
     "17243706848": {
      "maxRSS": 303092,
      "systemtime": 156633,
      "usertime": 5526001
     },
     "17243708942": {
      "maxRSS": 303092,
      "systemtime": 156633,
      "usertime": 5530030
     },
     "17243711019": {
      "maxRSS": 303092,
      "systemtime": 156633,
      "usertime": 5530038
     },
     "17243713112": {
      "maxRSS": 303092,
      "systemtime": 156633,
      "usertime": 5534048
     },
     "17243715186": {
      "maxRSS": 303092,
      "systemtime": 156633,
      "usertime": 5534062
     },
     "17243717283": {
      "maxRSS": 303092,
      "systemtime": 156633,
      "usertime": 5538077
     },
     "17243719362": {
      "maxRSS": 303092,
      "systemtime": 156633,
      "usertime": 5538095
     },
     "17243721456": {
      "maxRSS": 303092,
      "systemtime": 156633,
      "usertime": 5542126
     },
     "17243723552": {
      "maxRSS": 303092,
      "systemtime": 156633,
      "usertime": 5542145
     },
     "17243725633": {
      "maxRSS": 303092,
      "systemtime": 156633,
      "usertime": 5546163
     },
     "17243727741": {
      "maxRSS": 303092,
      "systemtime": 156633,
      "usertime": 5546190
     },
     "17243729854": {
      "maxRSS": 303092,
      "systemtime": 156633,
      "usertime": 5550222
     },
     "17243731961": {
      "maxRSS": 303092,
      "systemtime": 156633,
      "usertime": 5550255
     },
     "17243734098": {
      "maxRSS": 303092,
      "systemtime": 156633,
      "usertime": 5554297
     },
     "17243736186": {
      "maxRSS": 303092,
      "systemtime": 156633,
      "usertime": 5558321
     },
     "17243738274": {
      "maxRSS": 303092,
      "systemtime": 156633,
      "usertime": 5558339
     },
     "17243740415": {
      "maxRSS": 303092,
      "systemtime": 156633,
      "usertime": 5562386
     },
     "17243742507": {
      "maxRSS": 303092,
      "systemtime": 156633,
      "usertime": 5562415
     },
     "17243744617": {
      "maxRSS": 303092,
      "systemtime": 156633,
      "usertime": 5566422
     },
     "17243746709": {
      "maxRSS": 303092,
      "systemtime": 156633,
      "usertime": 5566444
     },
     "17243748872": {
      "maxRSS": 303092,
      "systemtime": 156633,
      "usertime": 5570533
     },
     "17243750966": {
      "maxRSS": 303092,
      "systemtime": 156634,
      "usertime": 5570562
     },
     "17243753050": {
      "maxRSS": 303092,
      "systemtime": 156634,
      "usertime": 5574560
     },
     "17243755129": {
      "maxRSS": 303092,
      "systemtime": 156634,
      "usertime": 5574578
     },
     "17243757249": {
      "maxRSS": 303092,
      "systemtime": 156634,
      "usertime": 5578611
     },
     "17243759365": {
      "maxRSS": 303092,
      "systemtime": 156635,
      "usertime": 5578640
     },
     "17243761481": {
      "maxRSS": 303220,
      "systemtime": 156636,
      "usertime": 5582688
     },
     "17243763601": {
      "maxRSS": 303220,
      "systemtime": 156637,
      "usertime": 5582722
     },
     "17243765678": {
      "maxRSS": 303220,
      "systemtime": 156637,
      "usertime": 5586738
     },
     "17243767756": {
      "maxRSS": 303220,
      "systemtime": 156637,
      "usertime": 5586753
     },
     "17243769856": {
      "maxRSS": 303220,
      "systemtime": 156637,
      "usertime": 5590768
     },
     "17243771950": {
      "maxRSS": 303220,
      "systemtime": 156638,
      "usertime": 5590782
     },
     "17243774079": {
      "maxRSS": 303220,
      "systemtime": 156638,
      "usertime": 5594816
     },
     "17243776152": {
      "maxRSS": 303220,
      "systemtime": 156638,
      "usertime": 5598831
     },
     "17243778230": {
      "maxRSS": 303220,
      "systemtime": 156639,
      "usertime": 5598846
     },
     "17243780312": {
      "maxRSS": 303220,
      "systemtime": 156639,
      "usertime": 5602867
     },
     "17243782417": {
      "maxRSS": 303220,
      "systemtime": 156639,
      "usertime": 5602888
     },
     "17243784500": {
      "maxRSS": 303220,
      "systemtime": 156639,
      "usertime": 5606907
     },
     "17243786625": {
      "maxRSS": 303220,
      "systemtime": 156641,
      "usertime": 5606950
     },
     "17243788746": {
      "maxRSS": 303220,
      "systemtime": 156641,
      "usertime": 5610992
     },
     "17243790868": {
      "maxRSS": 303220,
      "systemtime": 156642,
      "usertime": 5611026
     },
     "17243792962": {
      "maxRSS": 303220,
      "systemtime": 156643,
      "usertime": 5615057
     },
     "17243795055": {
      "maxRSS": 303220,
      "systemtime": 156643,
      "usertime": 5615072
     },
     "17243797129": {
      "maxRSS": 303220,
      "systemtime": 156643,
      "usertime": 5619087
     },
     "17243799202": {
      "maxRSS": 303220,
      "systemtime": 156644,
      "usertime": 5619101
     },
     "17243801332": {
      "maxRSS": 303220,
      "systemtime": 156644,
      "usertime": 5623153
     },
     "17243803460": {
      "maxRSS": 303220,
      "systemtime": 156645,
      "usertime": 5623185
     },
     "17243805548": {
      "maxRSS": 303220,
      "systemtime": 156646,
      "usertime": 5627207
     },
     "17243807641": {
      "maxRSS": 303220,
      "systemtime": 156646,
      "usertime": 5627222
     },
     "17243809785": {
      "maxRSS": 303220,
      "systemtime": 156646,
      "usertime": 5631255
     },
     "17243811872": {
      "maxRSS": 303220,
      "systemtime": 156647,
      "usertime": 5631270
     },
     "17243813922": {
      "maxRSS": 303220,
      "systemtime": 156699,
      "usertime": 5637156
     },
     "17243814327": {
      "maxRSS": 303220,
      "systemtime": 156709,
      "usertime": 5637529
     },
     "17243815449": {
      "maxRSS": 303220,
      "systemtime": 156710,
      "usertime": 5637563
     },
     "17243816577": {
      "maxRSS": 303220,
      "systemtime": 156710,
      "usertime": 5639346
     },
     "17243817672": {
      "maxRSS": 303220,
      "systemtime": 156710,
      "usertime": 5639363
     },
     "17243818779": {
      "maxRSS": 303220,
      "systemtime": 156710,
      "usertime": 5639380
     },
     "17243819871": {
      "maxRSS": 303220,
      "systemtime": 156710,
      "usertime": 5639415
     },
     "17243820945": {
      "maxRSS": 303220,
      "systemtime": 156710,
      "usertime": 5643407
     },
     "17243822023": {
      "maxRSS": 303220,
      "systemtime": 156710,
      "usertime": 5643422
     },
     "17243823130": {
      "maxRSS": 303220,
      "systemtime": 156710,
      "usertime": 5643438
     },
     "17243824208": {
      "maxRSS": 303220,
      "systemtime": 156710,
      "usertime": 5647466
     },
     "17243825313": {
      "maxRSS": 303220,
      "systemtime": 156710,
      "usertime": 5647495
     },
     "17243826427": {
      "maxRSS": 303220,
      "systemtime": 156710,
      "usertime": 5647531
     },
     "17243827504": {
      "maxRSS": 303220,
      "systemtime": 156710,
      "usertime": 5647546
     },
     "17243828580": {
      "maxRSS": 303220,
      "systemtime": 156710,
      "usertime": 5651544
     },
     "17243829651": {
      "maxRSS": 303220,
      "systemtime": 156710,
      "usertime": 5651556
     },
     "17243830725": {
      "maxRSS": 303220,
      "systemtime": 156710,
      "usertime": 5651566
     },
     "17243831790": {
      "maxRSS": 303220,
      "systemtime": 156710,
      "usertime": 5651574
     },
     "17243832875": {
      "maxRSS": 303220,
      "systemtime": 156710,
      "usertime": 5655583
     },
     "17243833954": {
      "maxRSS": 303220,
      "systemtime": 156710,
      "usertime": 5655605
     },
     "17243835018": {
      "maxRSS": 303220,
      "systemtime": 156710,
      "usertime": 5655612
     },
     "17243836077": {
      "maxRSS": 303220,
      "systemtime": 156710,
      "usertime": 5659632
     },
     "17243837164": {
      "maxRSS": 303220,
      "systemtime": 156710,
      "usertime": 5659656
     },
     "17243838248": {
      "maxRSS": 303220,
      "systemtime": 156710,
      "usertime": 5659672
     },
     "17243839358": {
      "maxRSS": 303220,
      "systemtime": 156710,
      "usertime": 5659698
     },
     "17243840580": {
      "maxRSS": 303220,
      "systemtime": 156710,
      "usertime": 5663772
     },
     "17243841657": {
      "maxRSS": 303220,
      "systemtime": 156710,
      "usertime": 5663788
     },
     "17243842739": {
      "maxRSS": 303220,
      "systemtime": 156710,
      "usertime": 5663808
     },
     "17243843835": {
      "maxRSS": 303220,
      "systemtime": 156710,
      "usertime": 5663830
     },
     "17243844977": {
      "maxRSS": 303220,
      "systemtime": 156710,
      "usertime": 5667841
     },
     "17243846118": {
      "maxRSS": 303220,
      "systemtime": 156710,
      "usertime": 5667883
     },
     "17243847254": {
      "maxRSS": 303220,
      "systemtime": 156710,
      "usertime": 5667952
     },
     "17243848350": {
      "maxRSS": 303220,
      "systemtime": 156710,
      "usertime": 5672039
     },
     "17243849437": {
      "maxRSS": 303220,
      "systemtime": 156710,
      "usertime": 5672066
     },
     "17243850521": {
      "maxRSS": 303220,
      "systemtime": 156710,
      "usertime": 5672086
     },
     "17243851607": {
      "maxRSS": 303220,
      "systemtime": 156710,
      "usertime": 5672102
     },
     "17243852712": {
      "maxRSS": 303220,
      "systemtime": 156710,
      "usertime": 5676084
     },
     "17243853818": {
      "maxRSS": 303220,
      "systemtime": 156710,
      "usertime": 5676127
     },
     "17243854901": {
      "maxRSS": 303220,
      "systemtime": 156710,
      "usertime": 5676146
     },
     "17243855995": {
      "maxRSS": 303220,
      "systemtime": 156710,
      "usertime": 5676162
     },
     "17243857092": {
      "maxRSS": 303220,
      "systemtime": 156710,
      "usertime": 5680184
     },
     "17243858194": {
      "maxRSS": 303220,
      "systemtime": 156710,
      "usertime": 5680210
     },
     "17243859297": {
      "maxRSS": 303220,
      "systemtime": 156710,
      "usertime": 5680237
     },
     "17243860376": {
      "maxRSS": 303220,
      "systemtime": 156710,
      "usertime": 5684253
     },
     "17243861469": {
      "maxRSS": 303220,
      "systemtime": 156710,
      "usertime": 5684285
     },
     "17243862545": {
      "maxRSS": 303220,
      "systemtime": 156710,
      "usertime": 5684300
     },
     "17243863627": {
      "maxRSS": 303220,
      "systemtime": 156710,
      "usertime": 5684318
     },
     "17243864710": {
      "maxRSS": 303220,
      "systemtime": 156710,
      "usertime": 5688353
     },
     "17243865790": {
      "maxRSS": 303220,
      "systemtime": 156710,
      "usertime": 5688369
     },
     "17243866877": {
      "maxRSS": 303220,
      "systemtime": 156710,
      "usertime": 5688384
     },
     "17243867969": {
      "maxRSS": 303220,
      "systemtime": 156710,
      "usertime": 5688417
     },
     "17243869074": {
      "maxRSS": 303220,
      "systemtime": 156710,
      "usertime": 5692428
     },
     "17243870155": {
      "maxRSS": 303220,
      "systemtime": 156710,
      "usertime": 5692449
     },
     "17243871273": {
      "maxRSS": 303220,
      "systemtime": 156710,
      "usertime": 5692509
     },
     "17243872343": {
      "maxRSS": 303220,
      "systemtime": 156710,
      "usertime": 5696524
     },
     "17243873415": {
      "maxRSS": 303220,
      "systemtime": 156710,
      "usertime": 5696535
     },
     "17243874574": {
      "maxRSS": 303220,
      "systemtime": 156710,
      "usertime": 5696573
     },
     "17243875683": {
      "maxRSS": 303220,
      "systemtime": 156710,
      "usertime": 5696585
     },
     "17243876759": {
      "maxRSS": 303220,
      "systemtime": 156710,
      "usertime": 5700577
     },
     "17243877830": {
      "maxRSS": 303220,
      "systemtime": 156710,
      "usertime": 5700589
     },
     "17243878906": {
      "maxRSS": 303220,
      "systemtime": 156710,
      "usertime": 5700601
     },
     "17243879988": {
      "maxRSS": 303220,
      "systemtime": 156710,
      "usertime": 5704535
     },
     "17243880342": {
      "maxRSS": 303220,
      "systemtime": 157170,
      "usertime": 5704535
     },
     "17243881414": {
      "maxRSS": 303220,
      "systemtime": 157182,
      "usertime": 5704535
     },
     "17243882484": {
      "maxRSS": 303220,
      "systemtime": 157195,
      "usertime": 5704535
     },
     "17243883551": {
      "maxRSS": 303220,
      "systemtime": 157204,
      "usertime": 5704535
     },
     "17243884616": {
      "maxRSS": 303220,
      "systemtime": 160476,
      "usertime": 5704939
     },
     "17243885716": {
      "maxRSS": 303220,
      "systemtime": 160476,
      "usertime": 5704946
     },
     "17243886786": {
      "maxRSS": 303220,
      "systemtime": 160476,
      "usertime": 5704955
     },
     "17243887878": {
      "maxRSS": 303220,
      "systemtime": 160477,
      "usertime": 5704986
     },
     "17243888949": {
      "maxRSS": 303220,
      "systemtime": 160477,
      "usertime": 5709003
     },
     "17243890019": {
      "maxRSS": 303220,
      "systemtime": 160478,
      "usertime": 5709014
     },
     "17243891091": {
      "maxRSS": 303220,
      "systemtime": 160478,
      "usertime": 5709027
     },
     "17243892167": {
      "maxRSS": 303220,
      "systemtime": 160478,
      "usertime": 5713035
     },
     "17243893236": {
      "maxRSS": 303220,
      "systemtime": 160478,
      "usertime": 5713047
     },
     "17243894320": {
      "maxRSS": 303220,
      "systemtime": 160479,
      "usertime": 5713073
     },
     "17243895384": {
      "maxRSS": 303220,
      "systemtime": 160479,
      "usertime": 5713080
     },
     "17243896464": {
      "maxRSS": 303220,
      "systemtime": 160479,
      "usertime": 5717090
     },
     "17243897545": {
      "maxRSS": 303220,
      "systemtime": 160480,
      "usertime": 5717108
     },
     "17243898616": {
      "maxRSS": 303220,
      "systemtime": 160480,
      "usertime": 5717118
     },
     "17243899723": {
      "maxRSS": 303220,
      "systemtime": 160480,
      "usertime": 5717133
     },
     "17243900804": {
      "maxRSS": 303220,
      "systemtime": 160481,
      "usertime": 5721152
     },
     "17243901869": {
      "maxRSS": 303220,
      "systemtime": 160481,
      "usertime": 5721160
     },
     "17243902941": {
      "maxRSS": 303220,
      "systemtime": 160481,
      "usertime": 5721171
     },
     "17243904028": {
      "maxRSS": 303220,
      "systemtime": 160482,
      "usertime": 5725201
     },
     "17243905157": {
      "maxRSS": 303220,
      "systemtime": 160482,
      "usertime": 5725219
     },
     "17243906225": {
      "maxRSS": 303220,
      "systemtime": 160482,
      "usertime": 5725229
     },
     "17243907303": {
      "maxRSS": 303220,
      "systemtime": 160483,
      "usertime": 5725249
     },
     "17243908431": {
      "maxRSS": 303220,
      "systemtime": 160483,
      "usertime": 5729252
     },
     "17243909498": {
      "maxRSS": 303220,
      "systemtime": 160483,
      "usertime": 5729261
     },
     "17243910569": {
      "maxRSS": 303220,
      "systemtime": 160483,
      "usertime": 5729272
     },
     "17243911663": {
      "maxRSS": 303220,
      "systemtime": 160484,
      "usertime": 5729286
     },
     "17243912759": {
      "maxRSS": 303220,
      "systemtime": 160484,
      "usertime": 5733304
     },
     "17243913842": {
      "maxRSS": 303220,
      "systemtime": 160484,
      "usertime": 5733319
     },
     "17243914965": {
      "maxRSS": 303220,
      "systemtime": 160485,
      "usertime": 5733348
     },
     "17243916014": {
      "maxRSS": 303220,
      "systemtime": 160485,
      "usertime": 5737355
     },
     "17243917078": {
      "maxRSS": 303220,
      "systemtime": 160485,
      "usertime": 5737362
     },
     "17243918154": {
      "maxRSS": 303220,
      "systemtime": 160485,
      "usertime": 5737373
     },
     "17243919267": {
      "maxRSS": 303220,
      "systemtime": 160486,
      "usertime": 5737390
     },
     "17243920342": {
      "maxRSS": 303220,
      "systemtime": 160486,
      "usertime": 5741406
     },
     "17243921429": {
      "maxRSS": 303220,
      "systemtime": 160487,
      "usertime": 5741434
     },
     "17243922539": {
      "maxRSS": 303220,
      "systemtime": 160487,
      "usertime": 5741446
     },
     "17243923605": {
      "maxRSS": 303220,
      "systemtime": 160487,
      "usertime": 5741455
     },
     "17243924671": {
      "maxRSS": 303220,
      "systemtime": 160487,
      "usertime": 5745463
     },
     "17243925736": {
      "maxRSS": 303220,
      "systemtime": 160487,
      "usertime": 5745470
     },
     "17243926800": {
      "maxRSS": 303220,
      "systemtime": 160488,
      "usertime": 5745477
     },
     "17243927918": {
      "maxRSS": 303220,
      "systemtime": 160488,
      "usertime": 5745503
     },
     "17243929002": {
      "maxRSS": 303220,
      "systemtime": 160489,
      "usertime": 5749521
     },
     "17243930139": {
      "maxRSS": 303220,
      "systemtime": 160489,
      "usertime": 5749541
     },
     "17243931240": {
      "maxRSS": 303220,
      "systemtime": 160490,
      "usertime": 5749556
     },
     "17243932319": {
      "maxRSS": 303220,
      "systemtime": 160490,
      "usertime": 5753572
     },
     "17243933424": {
      "maxRSS": 303220,
      "systemtime": 160490,
      "usertime": 5753587
     },
     "17243934560": {
      "maxRSS": 303220,
      "systemtime": 160491,
      "usertime": 5753635
     },
     "17243935646": {
      "maxRSS": 303220,
      "systemtime": 160492,
      "usertime": 5753655
     },
     "17243936722": {
      "maxRSS": 303220,
      "systemtime": 160492,
      "usertime": 5757672
     },
     "17243937792": {
      "maxRSS": 303220,
      "systemtime": 160492,
      "usertime": 5757684
     },
     "17243938890": {
      "maxRSS": 303220,
      "systemtime": 160493,
      "usertime": 5757691
     },
     "17243939955": {
      "maxRSS": 303220,
      "systemtime": 160493,
      "usertime": 5757698
     },
     "17243941021": {
      "maxRSS": 303220,
      "systemtime": 160493,
      "usertime": 5761706
     },
     "17243942110": {
      "maxRSS": 303220,
      "systemtime": 160493,
      "usertime": 5761733
     },
     "17243943183": {
      "maxRSS": 303220,
      "systemtime": 160494,
      "usertime": 5761744
     },
     "17243944307": {
      "maxRSS": 303220,
      "systemtime": 160494,
      "usertime": 5765759
     },
     "17243945384": {
      "maxRSS": 303220,
      "systemtime": 160494,
      "usertime": 5765772
     },
     "17243946458": {
      "maxRSS": 303220,
      "systemtime": 160495,
      "usertime": 5765786
     },
     "17243947531": {
      "maxRSS": 303220,
      "systemtime": 160495,
      "usertime": 5765799
     },
     "17243948628": {
      "maxRSS": 303220,
      "systemtime": 160496,
      "usertime": 5769859
     },
     "17243949696": {
      "maxRSS": 303220,
      "systemtime": 160497,
      "usertime": 5769869
     },
     "17243950761": {
      "maxRSS": 303220,
      "systemtime": 160497,
      "usertime": 5769876
     },
     "17243951826": {
      "maxRSS": 303220,
      "systemtime": 160497,
      "usertime": 5769884
     },
     "17243952893": {
      "maxRSS": 303220,
      "systemtime": 160497,
      "usertime": 5773865
     },
     "17243953958": {
      "maxRSS": 303220,
      "systemtime": 160497,
      "usertime": 5773873
     },
     "17243955032": {
      "maxRSS": 303220,
      "systemtime": 160497,
      "usertime": 5773889
     },
     "17243956061": {
      "maxRSS": 303220,
      "systemtime": 160497,
      "usertime": 5777899
     },
     "17243957145": {
      "maxRSS": 303220,
      "systemtime": 160497,
      "usertime": 5777914
     },
     "17243959029": {
      "maxRSS": 303220,
      "systemtime": 160498,
      "usertime": 5777940
     },
     "17243960111": {
      "maxRSS": 303220,
      "systemtime": 160498,
      "usertime": 5781968
     },
     "17243961223": {
      "maxRSS": 303220,
      "systemtime": 160499,
      "usertime": 5781990
     },
     "17243962323": {
      "maxRSS": 303220,
      "systemtime": 160500,
      "usertime": 5782026
     },
     "17243963432": {
      "maxRSS": 303220,
      "systemtime": 160500,
      "usertime": 5782037
     },
     "17243964533": {
      "maxRSS": 303220,
      "systemtime": 160500,
      "usertime": 5786042
     },
     "17243965633": {
      "maxRSS": 303220,
      "systemtime": 160500,
      "usertime": 5786051
     },
     "17243966708": {
      "maxRSS": 303220,
      "systemtime": 160501,
      "usertime": 5786063
     },
     "17243967778": {
      "maxRSS": 303220,
      "systemtime": 160501,
      "usertime": 5786075
     },
     "17243968856": {
      "maxRSS": 303220,
      "systemtime": 160501,
      "usertime": 5790084
     },
     "17243969938": {
      "maxRSS": 303220,
      "systemtime": 160501,
      "usertime": 5790107
     },
     "17243971016": {
      "maxRSS": 303220,
      "systemtime": 160502,
      "usertime": 5790119
     },
     "17243972084": {
      "maxRSS": 303220,
      "systemtime": 160502,
      "usertime": 5794148
     },
     "17243973185": {
      "maxRSS": 303220,
      "systemtime": 160503,
      "usertime": 5794160
     },
     "17243974264": {
      "maxRSS": 303220,
      "systemtime": 160503,
      "usertime": 5794175
     },
     "17243975351": {
      "maxRSS": 303220,
      "systemtime": 160503,
      "usertime": 5794192
     },
     "17243976432": {
      "maxRSS": 303220,
      "systemtime": 160503,
      "usertime": 5798195
     },
     "17243977497": {
      "maxRSS": 303220,
      "systemtime": 160503,
      "usertime": 5798204
     },
     "17243978561": {
      "maxRSS": 303220,
      "systemtime": 160504,
      "usertime": 5798210
     },
     "17243979627": {
      "maxRSS": 303220,
      "systemtime": 160504,
      "usertime": 5798218
     },
     "17243980695": {
      "maxRSS": 303220,
      "systemtime": 160504,
      "usertime": 5802231
     },
     "17243981763": {
      "maxRSS": 303220,
      "systemtime": 160504,
      "usertime": 5802239
     },
     "17243982837": {
      "maxRSS": 303220,
      "systemtime": 160505,
      "usertime": 5802256
     },
     "17243983928": {
      "maxRSS": 303220,
      "systemtime": 160505,
      "usertime": 5802263
     },
     "17243985031": {
      "maxRSS": 303220,
      "systemtime": 160505,
      "usertime": 5806265
     },
     "17243986193": {
      "maxRSS": 303220,
      "systemtime": 160505,
      "usertime": 5806302
     },
     "17243987335": {
      "maxRSS": 303220,
      "systemtime": 160506,
      "usertime": 5806326
     },
     "17243988417": {
      "maxRSS": 303220,
      "systemtime": 160506,
      "usertime": 5810348
     },
     "17243989532": {
      "maxRSS": 303220,
      "systemtime": 160507,
      "usertime": 5810382
     },
     "17243990609": {
      "maxRSS": 303220,
      "systemtime": 160508,
      "usertime": 5810397
     },
     "17243991684": {
      "maxRSS": 303220,
      "systemtime": 160508,
      "usertime": 5810410
     },
     "17243992753": {
      "maxRSS": 303220,
      "systemtime": 160508,
      "usertime": 5814419
     },
     "17243993852": {
      "maxRSS": 303220,
      "systemtime": 160508,
      "usertime": 5814429
     },
     "17243994952": {
      "maxRSS": 303220,
      "systemtime": 160508,
      "usertime": 5814437
     },
     "17243996055": {
      "maxRSS": 303220,
      "systemtime": 160509,
      "usertime": 5818456
     },
     "17243997144": {
      "maxRSS": 303220,
      "systemtime": 160509,
      "usertime": 5818475
     },
     "17243998322": {
      "maxRSS": 303220,
      "systemtime": 160510,
      "usertime": 5818500
     },
     "17243999410": {
      "maxRSS": 303220,
      "systemtime": 160510,
      "usertime": 5818521
     },
     "17244000515": {
      "maxRSS": 303220,
      "systemtime": 160511,
      "usertime": 5822538
     },
     "17244001608": {
      "maxRSS": 303220,
      "systemtime": 160511,
      "usertime": 5822552
     },
     "17244002695": {
      "maxRSS": 303220,
      "systemtime": 160511,
      "usertime": 5822570
     },
     "17244003840": {
      "maxRSS": 303220,
      "systemtime": 160513,
      "usertime": 5822619
     },
     "17244004920": {
      "maxRSS": 303220,
      "systemtime": 160513,
      "usertime": 5826636
     },
     "17244006025": {
      "maxRSS": 303220,
      "systemtime": 160513,
      "usertime": 5826650
     },
     "17244007099": {
      "maxRSS": 303220,
      "systemtime": 160514,
      "usertime": 5826662
     },
     "17244008176": {
      "maxRSS": 303220,
      "systemtime": 160514,
      "usertime": 5830675
     },
     "17244009253": {
      "maxRSS": 303220,
      "systemtime": 160514,
      "usertime": 5830691
     },
     "17244010364": {
      "maxRSS": 303220,
      "systemtime": 160515,
      "usertime": 5830724
     },
     "17244011430": {
      "maxRSS": 303220,
      "systemtime": 160515,
      "usertime": 5830733
     },
     "17244012529": {
      "maxRSS": 303220,
      "systemtime": 160515,
      "usertime": 5834751
     },
     "17244013639": {
      "maxRSS": 303220,
      "systemtime": 160516,
      "usertime": 5834770
     },
     "17244014806": {
      "maxRSS": 303220,
      "systemtime": 160516,
      "usertime": 5834788
     },
     "17244015984": {
      "maxRSS": 303220,
      "systemtime": 160517,
      "usertime": 5834803
     },
     "17244017083": {
      "maxRSS": 303220,
      "systemtime": 164420,
      "usertime": 5834939
     },
     "17244018161": {
      "maxRSS": 303220,
      "systemtime": 164421,
      "usertime": 5834954
     },
     "17244019231": {
      "maxRSS": 303220,
      "systemtime": 164421,
      "usertime": 5834966
     },
     "17244021297": {
      "maxRSS": 303220,
      "systemtime": 164421,
      "usertime": 5838972
     },
     "17244023374": {
      "maxRSS": 303220,
      "systemtime": 164421,
      "usertime": 5838985
     },
     "17244025531": {
      "maxRSS": 303220,
      "systemtime": 164422,
      "usertime": 5843002
     },
     "17244027700": {
      "maxRSS": 303220,
      "systemtime": 164423,
      "usertime": 5843052
     },
     "17244029814": {
      "maxRSS": 303220,
      "systemtime": 164424,
      "usertime": 5847078
     },
     "17244031899": {
      "maxRSS": 303220,
      "systemtime": 164424,
      "usertime": 5847099
     },
     "17244033988": {
      "maxRSS": 303220,
      "systemtime": 164424,
      "usertime": 5851118
     },
     "17244036070": {
      "maxRSS": 303220,
      "systemtime": 164426,
      "usertime": 5855176
     },
     "17244038152": {
      "maxRSS": 303220,
      "systemtime": 164426,
      "usertime": 5855197
     },
     "17244040262": {
      "maxRSS": 303220,
      "systemtime": 164426,
      "usertime": 5859202
     },
     "17244042487": {
      "maxRSS": 303220,
      "systemtime": 164429,
      "usertime": 5859305
     },
     "17244044651": {
      "maxRSS": 303220,
      "systemtime": 164430,
      "usertime": 5863342
     },
     "17244046766": {
      "maxRSS": 303220,
      "systemtime": 164431,
      "usertime": 5863377
     },
     "17244048884": {
      "maxRSS": 303220,
      "systemtime": 164431,
      "usertime": 5867410
     },
     "17244051022": {
      "maxRSS": 303220,
      "systemtime": 164432,
      "usertime": 5867447
     },
     "17244053130": {
      "maxRSS": 303220,
      "systemtime": 164433,
      "usertime": 5871475
     },
     "17244055294": {
      "maxRSS": 303220,
      "systemtime": 164436,
      "usertime": 5871573
     },
     "17244057394": {
      "maxRSS": 303220,
      "systemtime": 164436,
      "usertime": 5875597
     },
     "17244059478": {
      "maxRSS": 303220,
      "systemtime": 164437,
      "usertime": 5875619
     },
     "17244061644": {
      "maxRSS": 303220,
      "systemtime": 164437,
      "usertime": 5879641
     },
     "17244063754": {
      "maxRSS": 303220,
      "systemtime": 164438,
      "usertime": 5879673
     },
     "17244065882": {
      "maxRSS": 303220,
      "systemtime": 164439,
      "usertime": 5883714
     },
     "17244068025": {
      "maxRSS": 303220,
      "systemtime": 164440,
      "usertime": 5887775
     },
     "17244070121": {
      "maxRSS": 303220,
      "systemtime": 164441,
      "usertime": 5887807
     },
     "17244072205": {
      "maxRSS": 303220,
      "systemtime": 164442,
      "usertime": 5891852
     },
     "17244074295": {
      "maxRSS": 303220,
      "systemtime": 164443,
      "usertime": 5891876
     },
     "17244076394": {
      "maxRSS": 303220,
      "systemtime": 164443,
      "usertime": 5895880
     },
     "17244078492": {
      "maxRSS": 303220,
      "systemtime": 164443,
      "usertime": 5895908
     },
     "17244080601": {
      "maxRSS": 303220,
      "systemtime": 164444,
      "usertime": 5899953
     },
     "17244082685": {
      "maxRSS": 303220,
      "systemtime": 164445,
      "usertime": 5899975
     },
     "17244084794": {
      "maxRSS": 303220,
      "systemtime": 164445,
      "usertime": 5903990
     },
     "17244086909": {
      "maxRSS": 303220,
      "systemtime": 164445,
      "usertime": 5904006
     },
     "17244088987": {
      "maxRSS": 303220,
      "systemtime": 164445,
      "usertime": 5908014
     },
     "17244091121": {
      "maxRSS": 303220,
      "systemtime": 164446,
      "usertime": 5908053
     },
     "17244093195": {
      "maxRSS": 303220,
      "systemtime": 164446,
      "usertime": 5912067
     },
     "17244095289": {
      "maxRSS": 303220,
      "systemtime": 164447,
      "usertime": 5912096
     },
     "17244097372": {
      "maxRSS": 303220,
      "systemtime": 164447,
      "usertime": 5916109
     },
     "17244099467": {
      "maxRSS": 303220,
      "systemtime": 164448,
      "usertime": 5916130
     },
     "17244101570": {
      "maxRSS": 303220,
      "systemtime": 164448,
      "usertime": 5920163
     },
     "17244103664": {
      "maxRSS": 303220,
      "systemtime": 164449,
      "usertime": 5920184
     },
     "17244105827": {
      "maxRSS": 303220,
      "systemtime": 164450,
      "usertime": 5924222
     },
     "17244106658": {
      "maxRSS": 303220,
      "systemtime": 164522,
      "usertime": 5926832
     },
     "17244106826": {
      "maxRSS": 303220,
      "systemtime": 164528,
      "usertime": 5927026
     },
     "17244107937": {
      "maxRSS": 303220,
      "systemtime": 164528,
      "usertime": 5927034
     },
     "17244109086": {
      "maxRSS": 303220,
      "systemtime": 164528,
      "usertime": 5928265
     },
     "17244110224": {
      "maxRSS": 303220,
      "systemtime": 164528,
      "usertime": 5928289
     },
     "17244111326": {
      "maxRSS": 303220,
      "systemtime": 164528,
      "usertime": 5928301
     },
     "17244112430": {
      "maxRSS": 303220,
      "systemtime": 164528,
      "usertime": 5932338
     },
     "17244113521": {
      "maxRSS": 303220,
      "systemtime": 164528,
      "usertime": 5932356
     },
     "17244114643": {
      "maxRSS": 303220,
      "systemtime": 164528,
      "usertime": 5932378
     },
     "17244115814": {
      "maxRSS": 303220,
      "systemtime": 164528,
      "usertime": 5932400
     },
     "17244116929": {
      "maxRSS": 303220,
      "systemtime": 164528,
      "usertime": 5936415
     },
     "17244118013": {
      "maxRSS": 303220,
      "systemtime": 164528,
      "usertime": 5936432
     },
     "17244119110": {
      "maxRSS": 303220,
      "systemtime": 164528,
      "usertime": 5936466
     },
     "17244120186": {
      "maxRSS": 303220,
      "systemtime": 164528,
      "usertime": 5940476
     },
     "17244121328": {
      "maxRSS": 303220,
      "systemtime": 164528,
      "usertime": 5940495
     },
     "17244122472": {
      "maxRSS": 303220,
      "systemtime": 164528,
      "usertime": 5940513
     },
     "17244123558": {
      "maxRSS": 303220,
      "systemtime": 164528,
      "usertime": 5940531
     },
     "17244124640": {
      "maxRSS": 303220,
      "systemtime": 164528,
      "usertime": 5944547
     },
     "17244125717": {
      "maxRSS": 303220,
      "systemtime": 164528,
      "usertime": 5944562
     },
     "17244126863": {
      "maxRSS": 303220,
      "systemtime": 164528,
      "usertime": 5944603
     },
     "17244127939": {
      "maxRSS": 303220,
      "systemtime": 164528,
      "usertime": 5944618
     },
     "17244129046": {
      "maxRSS": 303220,
      "systemtime": 164528,
      "usertime": 5948631
     },
     "17244130145": {
      "maxRSS": 303220,
      "systemtime": 164528,
      "usertime": 5948639
     },
     "17244131260": {
      "maxRSS": 303220,
      "systemtime": 164528,
      "usertime": 5948660
     },
     "17244132362": {
      "maxRSS": 303220,
      "systemtime": 164528,
      "usertime": 5952699
     },
     "17244133493": {
      "maxRSS": 303220,
      "systemtime": 164528,
      "usertime": 5952758
     },
     "17244134575": {
      "maxRSS": 303220,
      "systemtime": 164528,
      "usertime": 5952779
     },
     "17244135687": {
      "maxRSS": 303220,
      "systemtime": 164528,
      "usertime": 5952795
     },
     "17244136835": {
      "maxRSS": 303220,
      "systemtime": 164528,
      "usertime": 5956821
     },
     "17244137915": {
      "maxRSS": 303220,
      "systemtime": 164528,
      "usertime": 5956835
     },
     "17244138989": {
      "maxRSS": 303220,
      "systemtime": 164528,
      "usertime": 5956848
     },
     "17244140060": {
      "maxRSS": 303220,
      "systemtime": 164528,
      "usertime": 5960884
     },
     "17244141168": {
      "maxRSS": 303220,
      "systemtime": 164528,
      "usertime": 5960897
     },
     "17244142310": {
      "maxRSS": 303220,
      "systemtime": 164528,
      "usertime": 5960924
     },
     "17244143421": {
      "maxRSS": 303220,
      "systemtime": 164528,
      "usertime": 5960944
     },
     "17244144521": {
      "maxRSS": 303220,
      "systemtime": 164528,
      "usertime": 5964948
     },
     "17244145646": {
      "maxRSS": 303220,
      "systemtime": 164528,
      "usertime": 5964982
     },
     "17244146853": {
      "maxRSS": 303220,
      "systemtime": 164528,
      "usertime": 5965014
     },
     "17244147976": {
      "maxRSS": 303220,
      "systemtime": 164528,
      "usertime": 5965030
     },
     "17244148680": {
      "maxRSS": 303220,
      "systemtime": 164528,
      "usertime": 5969713
     },
     "17244149781": {
      "maxRSS": 303220,
      "systemtime": 164528,
      "usertime": 5969722
     },
     "17244150847": {
      "maxRSS": 303220,
      "systemtime": 164528,
      "usertime": 5969730
     },
     "17244151915": {
      "maxRSS": 303220,
      "systemtime": 164528,
      "usertime": 5969739
     },
     "17244153006": {
      "maxRSS": 303220,
      "systemtime": 164528,
      "usertime": 5973087
     },
     "17244154093": {
      "maxRSS": 303220,
      "systemtime": 164528,
      "usertime": 5973119
     },
     "17244155158": {
      "maxRSS": 303220,
      "systemtime": 164528,
      "usertime": 5973126
     },
     "17244156222": {
      "maxRSS": 303220,
      "systemtime": 164528,
      "usertime": 5977137
     },
     "17244157320": {
      "maxRSS": 303220,
      "systemtime": 164528,
      "usertime": 5977145
     },
     "17244158394": {
      "maxRSS": 303220,
      "systemtime": 164528,
      "usertime": 5977157
     },
     "17244159566": {
      "maxRSS": 303220,
      "systemtime": 164528,
      "usertime": 5977175
     },
     "17244160672": {
      "maxRSS": 303220,
      "systemtime": 164528,
      "usertime": 5981204
     },
     "17244161791": {
      "maxRSS": 303220,
      "systemtime": 164528,
      "usertime": 5981229
     },
     "17244162897": {
      "maxRSS": 303220,
      "systemtime": 164528,
      "usertime": 5981244
     },
     "17244164061": {
      "maxRSS": 303220,
      "systemtime": 164528,
      "usertime": 5985274
     },
     "17244165192": {
      "maxRSS": 303220,
      "systemtime": 164528,
      "usertime": 5985289
     },
     "17244166264": {
      "maxRSS": 303220,
      "systemtime": 164528,
      "usertime": 5985301
     },
     "17244167358": {
      "maxRSS": 303220,
      "systemtime": 164528,
      "usertime": 5985332
     },
     "17244168429": {
      "maxRSS": 303220,
      "systemtime": 164528,
      "usertime": 5989344
     },
     "17244169496": {
      "maxRSS": 303220,
      "systemtime": 164528,
      "usertime": 5989354
     },
     "17244170562": {
      "maxRSS": 303220,
      "systemtime": 164528,
      "usertime": 5989364
     },
     "17244171653": {
      "maxRSS": 303220,
      "systemtime": 164528,
      "usertime": 5989377
     },
     "17244172730": {
      "maxRSS": 303220,
      "systemtime": 164528,
      "usertime": 5993397
     },
     "17244173840": {
      "maxRSS": 303220,
      "systemtime": 164528,
      "usertime": 5993438
     },
     "17244174925": {
      "maxRSS": 303220,
      "systemtime": 164528,
      "usertime": 5993454
     },
     "17244176073": {
      "maxRSS": 303220,
      "systemtime": 164528,
      "usertime": 5997465
     },
     "17244177176": {
      "maxRSS": 303220,
      "systemtime": 164528,
      "usertime": 5997477
     },
     "17244178279": {
      "maxRSS": 303220,
      "systemtime": 164528,
      "usertime": 5997489
     },
     "17244179419": {
      "maxRSS": 303220,
      "systemtime": 164528,
      "usertime": 5997511
     },
     "17244180522": {
      "maxRSS": 303220,
      "systemtime": 164528,
      "usertime": 6001523
     },
     "17244181643": {
      "maxRSS": 303220,
      "systemtime": 164528,
      "usertime": 6001552
     },
     "17244182752": {
      "maxRSS": 303220,
      "systemtime": 164528,
      "usertime": 6001560
     },
     "17244183859": {
      "maxRSS": 303220,
      "systemtime": 164528,
      "usertime": 6001568
     },
     "17244184966": {
      "maxRSS": 303220,
      "systemtime": 164528,
      "usertime": 6005576
     },
     "17244186072": {
      "maxRSS": 303220,
      "systemtime": 164528,
      "usertime": 6005585
     },
     "17244187164": {
      "maxRSS": 303220,
      "systemtime": 164528,
      "usertime": 6005596
     },
     "17244188291": {
      "maxRSS": 303348,
      "systemtime": 164528,
      "usertime": 6009666
     },
     "17244189369": {
      "maxRSS": 303348,
      "systemtime": 164528,
      "usertime": 6009680
     },
     "17244190478": {
      "maxRSS": 303348,
      "systemtime": 164528,
      "usertime": 6009698
     },
     "17244191590": {
      "maxRSS": 303348,
      "systemtime": 164528,
      "usertime": 6009723
     },
     "17244192701": {
      "maxRSS": 303348,
      "systemtime": 164528,
      "usertime": 6013746
     },
     "17244193799": {
      "maxRSS": 303348,
      "systemtime": 164528,
      "usertime": 6013754
     },
     "17244194920": {
      "maxRSS": 303348,
      "systemtime": 164528,
      "usertime": 6013783
     },
     "17244195993": {
      "maxRSS": 303348,
      "systemtime": 164528,
      "usertime": 6013793
     },
     "17244197070": {
      "maxRSS": 303348,
      "systemtime": 164528,
      "usertime": 6017810
     },
     "17244198150": {
      "maxRSS": 303348,
      "systemtime": 164528,
      "usertime": 6017824
     },
     "17244199225": {
      "maxRSS": 303348,
      "systemtime": 164528,
      "usertime": 6017837
     },
     "17244200301": {
      "maxRSS": 303348,
      "systemtime": 164528,
      "usertime": 6021849
     },
     "17244201421": {
      "maxRSS": 303348,
      "systemtime": 164528,
      "usertime": 6021874
     },
     "17244202495": {
      "maxRSS": 303348,
      "systemtime": 164528,
      "usertime": 6021885
     },
     "17244203575": {
      "maxRSS": 303348,
      "systemtime": 164528,
      "usertime": 6021902
     },
     "17244204656": {
      "maxRSS": 303348,
      "systemtime": 164528,
      "usertime": 6025922
     },
     "17244205736": {
      "maxRSS": 303348,
      "systemtime": 164528,
      "usertime": 6025939
     },
     "17244206889": {
      "maxRSS": 303348,
      "systemtime": 164528,
      "usertime": 6025972
     },
     "17244207964": {
      "maxRSS": 303348,
      "systemtime": 164528,
      "usertime": 6025985
     },
     "17244209059": {
      "maxRSS": 303348,
      "systemtime": 164528,
      "usertime": 6030016
     },
     "17244210132": {
      "maxRSS": 303348,
      "systemtime": 164528,
      "usertime": 6030028
     },
     "17244211231": {
      "maxRSS": 303348,
      "systemtime": 164528,
      "usertime": 6030037
     },
     "17244212300": {
      "maxRSS": 303348,
      "systemtime": 164528,
      "usertime": 6034046
     },
     "17244213377": {
      "maxRSS": 303348,
      "systemtime": 164528,
      "usertime": 6034058
     },
     "17244214457": {
      "maxRSS": 303348,
      "systemtime": 164528,
      "usertime": 6034072
     },
     "17244215558": {
      "maxRSS": 303348,
      "systemtime": 164528,
      "usertime": 6034102
     },
     "17244216634": {
      "maxRSS": 303348,
      "systemtime": 164528,
      "usertime": 6038115
     },
     "17244217713": {
      "maxRSS": 303348,
      "systemtime": 164528,
      "usertime": 6038133
     },
     "17244218800": {
      "maxRSS": 303348,
      "systemtime": 164528,
      "usertime": 6038152
     },
     "17244219914": {
      "maxRSS": 303348,
      "systemtime": 164528,
      "usertime": 6038171
     },
     "17244221044": {
      "maxRSS": 303348,
      "systemtime": 164528,
      "usertime": 6042209
     },
     "17244222176": {
      "maxRSS": 303348,
      "systemtime": 164528,
      "usertime": 6042248
     },
     "17244223252": {
      "maxRSS": 303348,
      "systemtime": 164528,
      "usertime": 6042263
     },
     "17244224342": {
      "maxRSS": 303348,
      "systemtime": 164528,
      "usertime": 6046275
     },
     "17244225423": {
      "maxRSS": 303348,
      "systemtime": 164528,
      "usertime": 6046290
     },
     "17244226501": {
      "maxRSS": 303348,
      "systemtime": 164528,
      "usertime": 6046304
     },
     "17244227647": {
      "maxRSS": 303348,
      "systemtime": 164528,
      "usertime": 6046328
     },
     "17244228739": {
      "maxRSS": 303348,
      "systemtime": 164528,
      "usertime": 6050360
     },
     "17244229809": {
      "maxRSS": 303348,
      "systemtime": 164528,
      "usertime": 6050372
     },
     "17244230912": {
      "maxRSS": 303348,
      "systemtime": 164528,
      "usertime": 6050385
     },
     "17244232021": {
      "maxRSS": 303348,
      "systemtime": 164528,
      "usertime": 6050399
     },
     "17244233141": {
      "maxRSS": 303348,
      "systemtime": 164528,
      "usertime": 6054449
     },
     "17244234232": {
      "maxRSS": 303348,
      "systemtime": 164528,
      "usertime": 6054479
     },
     "17244235324": {
      "maxRSS": 303348,
      "systemtime": 164528,
      "usertime": 6054496
     },
     "17244236415": {
      "maxRSS": 303348,
      "systemtime": 164528,
      "usertime": 6058516
     },
     "17244237493": {
      "maxRSS": 303348,
      "systemtime": 164528,
      "usertime": 6058531
     },
     "17244238575": {
      "maxRSS": 303348,
      "systemtime": 164528,
      "usertime": 6058548
     },
     "17244239653": {
      "maxRSS": 303348,
      "systemtime": 164528,
      "usertime": 6058564
     },
     "17244240733": {
      "maxRSS": 303348,
      "systemtime": 164528,
      "usertime": 6062569
     },
     "17244241808": {
      "maxRSS": 303348,
      "systemtime": 164528,
      "usertime": 6062584
     },
     "17244242929": {
      "maxRSS": 303348,
      "systemtime": 164528,
      "usertime": 6062633
     },
     "17244244072": {
      "maxRSS": 303348,
      "systemtime": 164528,
      "usertime": 6066658
     },
     "17244245170": {
      "maxRSS": 303348,
      "systemtime": 164528,
      "usertime": 6066679
     },
     "17244246262": {
      "maxRSS": 303348,
      "systemtime": 164528,
      "usertime": 6066694
     },
     "17244247363": {
      "maxRSS": 303348,
      "systemtime": 164528,
      "usertime": 6066711
     },
     "17244248439": {
      "maxRSS": 303348,
      "systemtime": 164528,
      "usertime": 6070727
     },
     "17244249543": {
      "maxRSS": 303348,
      "systemtime": 164528,
      "usertime": 6070753
     },
     "17244250620": {
      "maxRSS": 303348,
      "systemtime": 164528,
      "usertime": 6070768
     },
     "17244251699": {
      "maxRSS": 303348,
      "systemtime": 164528,
      "usertime": 6070783
     },
     "17244252783": {
      "maxRSS": 303348,
      "systemtime": 164528,
      "usertime": 6074799
     },
     "17244253879": {
      "maxRSS": 303348,
      "systemtime": 164528,
      "usertime": 6074814
     },
     "17244254961": {
      "maxRSS": 303348,
      "systemtime": 164528,
      "usertime": 6074830
     },
     "17244256031": {
      "maxRSS": 303348,
      "systemtime": 164528,
      "usertime": 6078881
     },
     "17244257114": {
      "maxRSS": 303348,
      "systemtime": 164528,
      "usertime": 6078900
     },
     "17244258188": {
      "maxRSS": 303348,
      "systemtime": 164528,
      "usertime": 6078915
     },
     "17244259310": {
      "maxRSS": 303348,
      "systemtime": 164528,
      "usertime": 6078942
     },
     "17244260385": {
      "maxRSS": 303348,
      "systemtime": 164528,
      "usertime": 6082943
     },
     "17244261459": {
      "maxRSS": 303348,
      "systemtime": 164528,
      "usertime": 6082958
     },
     "17244262532": {
      "maxRSS": 303348,
      "systemtime": 164528,
      "usertime": 6082972
     },
     "17244263626": {
      "maxRSS": 303348,
      "systemtime": 164528,
      "usertime": 6083003
     },
     "17244264706": {
      "maxRSS": 303348,
      "systemtime": 164528,
      "usertime": 6087018
     },
     "17244265780": {
      "maxRSS": 303348,
      "systemtime": 164528,
      "usertime": 6087032
     },
     "17244266907": {
      "maxRSS": 303348,
      "systemtime": 164528,
      "usertime": 6087059
     },
     "17244267988": {
      "maxRSS": 303348,
      "systemtime": 164528,
      "usertime": 6087078
     },
     "17244269072": {
      "maxRSS": 303348,
      "systemtime": 164528,
      "usertime": 6091138
     },
     "17244270165": {
      "maxRSS": 303348,
      "systemtime": 164528,
      "usertime": 6091169
     },
     "17244271246": {
      "maxRSS": 303348,
      "systemtime": 164528,
      "usertime": 6091187
     },
     "17244272325": {
      "maxRSS": 303348,
      "systemtime": 164528,
      "usertime": 6095167
     },
     "17244273429": {
      "maxRSS": 303348,
      "systemtime": 164528,
      "usertime": 6095183
     },
     "17244274503": {
      "maxRSS": 303348,
      "systemtime": 164528,
      "usertime": 6095198
     },
     "17244275575": {
      "maxRSS": 303348,
      "systemtime": 164528,
      "usertime": 6095211
     },
     "17244276673": {
      "maxRSS": 303348,
      "systemtime": 164528,
      "usertime": 6099237
     },
     "17244277786": {
      "maxRSS": 303348,
      "systemtime": 164528,
      "usertime": 6099263
     },
     "17244278886": {
      "maxRSS": 303348,
      "systemtime": 164528,
      "usertime": 6099297
     },
     "17244279389": {
      "maxRSS": 303348,
      "systemtime": 164528,
      "usertime": 6102687
     },
     "17244279487": {
      "maxRSS": 303348,
      "systemtime": 164528,
      "usertime": 6102789
     },
     "17244280715": {
      "maxRSS": 303348,
      "systemtime": 164528,
      "usertime": 6103359
     },
     "17244281809": {
      "maxRSS": 303348,
      "systemtime": 164528,
      "usertime": 6103393
     },
     "17244282875": {
      "maxRSS": 303348,
      "systemtime": 164528,
      "usertime": 6103401
     },
     "17244283944": {
      "maxRSS": 303348,
      "systemtime": 164528,
      "usertime": 6103411
     },
     "17244285017": {
      "maxRSS": 303348,
      "systemtime": 164528,
      "usertime": 6107421
     },
     "17244286088": {
      "maxRSS": 303348,
      "systemtime": 164528,
      "usertime": 6107431
     },
     "17244287231": {
      "maxRSS": 303348,
      "systemtime": 164528,
      "usertime": 6107455
     },
     "17244288310": {
      "maxRSS": 303348,
      "systemtime": 164528,
      "usertime": 6111471
     },
     "17244289435": {
      "maxRSS": 303348,
      "systemtime": 164528,
      "usertime": 6111505
     },
     "17244290508": {
      "maxRSS": 303348,
      "systemtime": 164528,
      "usertime": 6111519
     },
     "17244291582": {
      "maxRSS": 303348,
      "systemtime": 164528,
      "usertime": 6111532
     },
     "17244292653": {
      "maxRSS": 303348,
      "systemtime": 164528,
      "usertime": 6115545
     },
     "17244293756": {
      "maxRSS": 303348,
      "systemtime": 164528,
      "usertime": 6115555
     },
     "17244294828": {
      "maxRSS": 303348,
      "systemtime": 164528,
      "usertime": 6115566
     },
     "17244295952": {
      "maxRSS": 303348,
      "systemtime": 164528,
      "usertime": 6115597
     },
     "17244297022": {
      "maxRSS": 303348,
      "systemtime": 164528,
      "usertime": 6119606
     },
     "17244298089": {
      "maxRSS": 303348,
      "systemtime": 164528,
      "usertime": 6119616
     },
     "17244299156": {
      "maxRSS": 303348,
      "systemtime": 164528,
      "usertime": 6119626
     },
     "17244300231": {
      "maxRSS": 303348,
      "systemtime": 164528,
      "usertime": 6123638
     },
     "17244301303": {
      "maxRSS": 303348,
      "systemtime": 164528,
      "usertime": 6123650
     },
     "17244302400": {
      "maxRSS": 303348,
      "systemtime": 164528,
      "usertime": 6123690
     },
     "17244303479": {
      "maxRSS": 303348,
      "systemtime": 164528,
      "usertime": 6123700
     },
     "17244304565": {
      "maxRSS": 303348,
      "systemtime": 164528,
      "usertime": 6127719
     },
     "17244305496": {
      "maxRSS": 303348,
      "systemtime": 164528,
      "usertime": 6129205
     },
     "17244306631": {
      "maxRSS": 303348,
      "systemtime": 164528,
      "usertime": 6129239
     },
     "17244307761": {
      "maxRSS": 303348,
      "systemtime": 164528,
      "usertime": 6129271
     },
     "17244308865": {
      "maxRSS": 303348,
      "systemtime": 164528,
      "usertime": 6131843
     },
     "17244309959": {
      "maxRSS": 303348,
      "systemtime": 164528,
      "usertime": 6131860
     },
     "17244311039": {
      "maxRSS": 303348,
      "systemtime": 164528,
      "usertime": 6131875
     },
     "17244312117": {
      "maxRSS": 303348,
      "systemtime": 164528,
      "usertime": 6135892
     },
     "17244313222": {
      "maxRSS": 303348,
      "systemtime": 164528,
      "usertime": 6135911
     },
     "17244314306": {
      "maxRSS": 303348,
      "systemtime": 164528,
      "usertime": 6135933
     },
     "17244315401": {
      "maxRSS": 303348,
      "systemtime": 164528,
      "usertime": 6135965
     },
     "17244316489": {
      "maxRSS": 303348,
      "systemtime": 164528,
      "usertime": 6140050
     },
     "17244317562": {
      "maxRSS": 303348,
      "systemtime": 164528,
      "usertime": 6140064
     },
     "17244318639": {
      "maxRSS": 303348,
      "systemtime": 164528,
      "usertime": 6140077
     },
     "17244319712": {
      "maxRSS": 303348,
      "systemtime": 164528,
      "usertime": 6140090
     },
     "17244320799": {
      "maxRSS": 303348,
      "systemtime": 164528,
      "usertime": 6144055
     },
     "17244321875": {
      "maxRSS": 303348,
      "systemtime": 164528,
      "usertime": 6144068
     },
     "17244322966": {
      "maxRSS": 303348,
      "systemtime": 164528,
      "usertime": 6144101
     },
     "17244324023": {
      "maxRSS": 303348,
      "systemtime": 164528,
      "usertime": 6148110
     },
     "17244325098": {
      "maxRSS": 303348,
      "systemtime": 164528,
      "usertime": 6148123
     },
     "17244326166": {
      "maxRSS": 303348,
      "systemtime": 164528,
      "usertime": 6148133
     },
     "17244327246": {
      "maxRSS": 303348,
      "systemtime": 164528,
      "usertime": 6148142
     },
     "17244328317": {
      "maxRSS": 303348,
      "systemtime": 164528,
      "usertime": 6152153
     },
     "17244329476": {
      "maxRSS": 303348,
      "systemtime": 164528,
      "usertime": 6152191
     },
     "17244330552": {
      "maxRSS": 303348,
      "systemtime": 164528,
      "usertime": 6152205
     },
     "17244331623": {
      "maxRSS": 303348,
      "systemtime": 164528,
      "usertime": 6152218
     },
     "17244332738": {
      "maxRSS": 303348,
      "systemtime": 164528,
      "usertime": 6156241
     },
     "17244333847": {
      "maxRSS": 303348,
      "systemtime": 164528,
      "usertime": 6156252
     },
     "17244334948": {
      "maxRSS": 303348,
      "systemtime": 164528,
      "usertime": 6156260
     },
     "17244336057": {
      "maxRSS": 303348,
      "systemtime": 164528,
      "usertime": 6160290
     },
     "17244337205": {
      "maxRSS": 303348,
      "systemtime": 164528,
      "usertime": 6160318
     },
     "17244338354": {
      "maxRSS": 303348,
      "systemtime": 164528,
      "usertime": 6160345
     },
     "17244339450": {
      "maxRSS": 303348,
      "systemtime": 164528,
      "usertime": 6160360
     },
     "17244340562": {
      "maxRSS": 303348,
      "systemtime": 164528,
      "usertime": 6164372
     },
     "17244341637": {
      "maxRSS": 303348,
      "systemtime": 164528,
      "usertime": 6164385
     },
     "17244342721": {
      "maxRSS": 303348,
      "systemtime": 164528,
      "usertime": 6164410
     },
     "17244343788": {
      "maxRSS": 303348,
      "systemtime": 164528,
      "usertime": 6164419
     },
     "17244344858": {
      "maxRSS": 303348,
      "systemtime": 164528,
      "usertime": 6168429
     },
     "17244345930": {
      "maxRSS": 303348,
      "systemtime": 164528,
      "usertime": 6168440
     },
     "17244346998": {
      "maxRSS": 303348,
      "systemtime": 164528,
      "usertime": 6168452
     },
     "17244348033": {
      "maxRSS": 303348,
      "systemtime": 164528,
      "usertime": 6172461
     },
     "17244349108": {
      "maxRSS": 303348,
      "systemtime": 164528,
      "usertime": 6172474
     },
     "17244350196": {
      "maxRSS": 303348,
      "systemtime": 164528,
      "usertime": 6172502
     },
     "17244351307": {
      "maxRSS": 303348,
      "systemtime": 164528,
      "usertime": 6172529
     },
     "17244352398": {
      "maxRSS": 303348,
      "systemtime": 164528,
      "usertime": 6176567
     },
     "17244353513": {
      "maxRSS": 303348,
      "systemtime": 164528,
      "usertime": 6176592
     },
     "17244354603": {
      "maxRSS": 303348,
      "systemtime": 164528,
      "usertime": 6176613
     },
     "17244355680": {
      "maxRSS": 303348,
      "systemtime": 164528,
      "usertime": 6176630
     },
     "17244356778": {
      "maxRSS": 303348,
      "systemtime": 164528,
      "usertime": 6180663
     },
     "17244357851": {
      "maxRSS": 303348,
      "systemtime": 164528,
      "usertime": 6180677
     },
     "17244358918": {
      "maxRSS": 303348,
      "systemtime": 164528,
      "usertime": 6180686
     },
     "17244359985": {
      "maxRSS": 303348,
      "systemtime": 164528,
      "usertime": 6180695
     },
     "17244361133": {
      "maxRSS": 303348,
      "systemtime": 164528,
      "usertime": 6184704
     },
     "17244362262": {
      "maxRSS": 303348,
      "systemtime": 164528,
      "usertime": 6184722
     },
     "17244363466": {
      "maxRSS": 303348,
      "systemtime": 164528,
      "usertime": 6184771
     },
     "17244364664": {
      "maxRSS": 303348,
      "systemtime": 164528,
      "usertime": 6188819
     },
     "17244365851": {
      "maxRSS": 303348,
      "systemtime": 164528,
      "usertime": 6188834
     },
     "17244366931": {
      "maxRSS": 303348,
      "systemtime": 164528,
      "usertime": 6188848
     },
     "17244368018": {
      "maxRSS": 303348,
      "systemtime": 164528,
      "usertime": 6192848
     },
     "17244369170": {
      "maxRSS": 303348,
      "systemtime": 164528,
      "usertime": 6192879
     },
     "17244370307": {
      "maxRSS": 303348,
      "systemtime": 164528,
      "usertime": 6192948
     },
     "17244371381": {
      "maxRSS": 303348,
      "systemtime": 164528,
      "usertime": 6192963
     },
     "17244372495": {
      "maxRSS": 303348,
      "systemtime": 164528,
      "usertime": 6196986
     },
     "17244373601": {
      "maxRSS": 303348,
      "systemtime": 164528,
      "usertime": 6196997
     },
     "17244374701": {
      "maxRSS": 303348,
      "systemtime": 164528,
      "usertime": 6197004
     },
     "17244375801": {
      "maxRSS": 303348,
      "systemtime": 164528,
      "usertime": 6197013
     },
     "17244376908": {
      "maxRSS": 303348,
      "systemtime": 164528,
      "usertime": 6201025
     },
     "17244377994": {
      "maxRSS": 303348,
      "systemtime": 164528,
      "usertime": 6201053
     },
     "17244379063": {
      "maxRSS": 303348,
      "systemtime": 164528,
      "usertime": 6201063
     },
     "17244379707": {
      "maxRSS": 303348,
      "systemtime": 164550,
      "usertime": 6204748
     },
     "17244379746": {
      "maxRSS": 303348,
      "systemtime": 164551,
      "usertime": 6204782
     },
     "17244380813": {
      "maxRSS": 303348,
      "systemtime": 164551,
      "usertime": 6205065
     },
     "17244381878": {
      "maxRSS": 303348,
      "systemtime": 164551,
      "usertime": 6205073
     },
     "17244382956": {
      "maxRSS": 303348,
      "systemtime": 164551,
      "usertime": 6205092
     },
     "17244384015": {
      "maxRSS": 303348,
      "systemtime": 164551,
      "usertime": 6209102
     },
     "17244385097": {
      "maxRSS": 303348,
      "systemtime": 164551,
      "usertime": 6209110
     },
     "17244386164": {
      "maxRSS": 303348,
      "systemtime": 164551,
      "usertime": 6209119
     },
     "17244387235": {
      "maxRSS": 303348,
      "systemtime": 164551,
      "usertime": 6209130
     },
     "17244388319": {
      "maxRSS": 303348,
      "systemtime": 164551,
      "usertime": 6213150
     },
     "17244389420": {
      "maxRSS": 303348,
      "systemtime": 164551,
      "usertime": 6213180
     },
     "17244390601": {
      "maxRSS": 303348,
      "systemtime": 164551,
      "usertime": 6213198
     },
     "17244391722": {
      "maxRSS": 303348,
      "systemtime": 164551,
      "usertime": 6213217
     },
     "17244392854": {
      "maxRSS": 303348,
      "systemtime": 164551,
      "usertime": 6217483
     },
     "17244393930": {
      "maxRSS": 303348,
      "systemtime": 164551,
      "usertime": 6217498
     },
     "17244395043": {
      "maxRSS": 303348,
      "systemtime": 164551,
      "usertime": 6217523
     },
     "17244396138": {
      "maxRSS": 303348,
      "systemtime": 164551,
      "usertime": 6221401
     },
     "17244396195": {
      "maxRSS": 303348,
      "systemtime": 164551,
      "usertime": 6221501
     },
     "17244397269": {
      "maxRSS": 303348,
      "systemtime": 164551,
      "usertime": 6221514
     },
     "17244398372": {
      "maxRSS": 303348,
      "systemtime": 164551,
      "usertime": 6221523
     },
     "17244399440": {
      "maxRSS": 303348,
      "systemtime": 164551,
      "usertime": 6221533
     },
     "17244400551": {
      "maxRSS": 303348,
      "systemtime": 164551,
      "usertime": 6225368
     },
     "17244401627": {
      "maxRSS": 303348,
      "systemtime": 164551,
      "usertime": 6225384
     },
     "17244402773": {
      "maxRSS": 303476,
      "systemtime": 164551,
      "usertime": 6225466
     },
     "17244403884": {
      "maxRSS": 303476,
      "systemtime": 164551,
      "usertime": 6225493
     },
     "17244404993": {
      "maxRSS": 303476,
      "systemtime": 164551,
      "usertime": 6229527
     },
     "17244406077": {
      "maxRSS": 303476,
      "systemtime": 164551,
      "usertime": 6229549
     },
     "17244407185": {
      "maxRSS": 303476,
      "systemtime": 164551,
      "usertime": 6229568
     },
     "17244408281": {
      "maxRSS": 303476,
      "systemtime": 164551,
      "usertime": 6233585
     },
     "17244409386": {
      "maxRSS": 303476,
      "systemtime": 164551,
      "usertime": 6233628
     },
     "17244410460": {
      "maxRSS": 303476,
      "systemtime": 164551,
      "usertime": 6233642
     },
     "17244411529": {
      "maxRSS": 303476,
      "systemtime": 164551,
      "usertime": 6233653
     },
     "17244412600": {
      "maxRSS": 303476,
      "systemtime": 164551,
      "usertime": 6237662
     },
     "17244413676": {
      "maxRSS": 303476,
      "systemtime": 164551,
      "usertime": 6237676
     },
     "17244414747": {
      "maxRSS": 303476,
      "systemtime": 164551,
      "usertime": 6237689
     },
     "17244415869": {
      "maxRSS": 303476,
      "systemtime": 164551,
      "usertime": 6237718
     },
     "17244416991": {
      "maxRSS": 303476,
      "systemtime": 164551,
      "usertime": 6241750
     },
     "17244418130": {
      "maxRSS": 303476,
      "systemtime": 164551,
      "usertime": 6241774
     },
     "17244419199": {
      "maxRSS": 303476,
      "systemtime": 164551,
      "usertime": 6241785
     },
     "17244420268": {
      "maxRSS": 303476,
      "systemtime": 164551,
      "usertime": 6245794
     },
     "17244421336": {
      "maxRSS": 303476,
      "systemtime": 164551,
      "usertime": 6245805
     },
     "17244422441": {
      "maxRSS": 303476,
      "systemtime": 164551,
      "usertime": 6245835
     },
     "17244423539": {
      "maxRSS": 303476,
      "systemtime": 164551,
      "usertime": 6245857
     },
     "17244424626": {
      "maxRSS": 303476,
      "systemtime": 164551,
      "usertime": 6249886
     },
     "17244425709": {
      "maxRSS": 303476,
      "systemtime": 164551,
      "usertime": 6249907
     },
     "17244426826": {
      "maxRSS": 303476,
      "systemtime": 164551,
      "usertime": 6249935
     },
     "17244427937": {
      "maxRSS": 303476,
      "systemtime": 164551,
      "usertime": 6249949
     },
     "17244429018": {
      "maxRSS": 303476,
      "systemtime": 164551,
      "usertime": 6253954
     },
     "17244430121": {
      "maxRSS": 303476,
      "systemtime": 164551,
      "usertime": 6253992
     },
     "17244431230": {
      "maxRSS": 303476,
      "systemtime": 164551,
      "usertime": 6254007
     },
     "17244432306": {
      "maxRSS": 303476,
      "systemtime": 164551,
      "usertime": 6258018
     },
     "17244433384": {
      "maxRSS": 303476,
      "systemtime": 164551,
      "usertime": 6258032
     },
     "17244434460": {
      "maxRSS": 303476,
      "systemtime": 164551,
      "usertime": 6258045
     },
     "17244435565": {
      "maxRSS": 303476,
      "systemtime": 164551,
      "usertime": 6258054
     },
     "17244436652": {
      "maxRSS": 303476,
      "systemtime": 164551,
      "usertime": 6262082
     },
     "17244437733": {
      "maxRSS": 303476,
      "systemtime": 164551,
      "usertime": 6262100
     },
     "17244438217": {
      "maxRSS": 303476,
      "systemtime": 164551,
      "usertime": 6264321
     },
     "17244438260": {
      "maxRSS": 303476,
      "systemtime": 164551,
      "usertime": 6264353
     },
     "17244439336": {
      "maxRSS": 303476,
      "systemtime": 164551,
      "usertime": 6264365
     },
     "17244440429": {
      "maxRSS": 303476,
      "systemtime": 164551,
      "usertime": 6266166
     },
     "17244441524": {
      "maxRSS": 303476,
      "systemtime": 164551,
      "usertime": 6266199
     },
     "17244442604": {
      "maxRSS": 303476,
      "systemtime": 164551,
      "usertime": 6266214
     },
     "17244443679": {
      "maxRSS": 303476,
      "systemtime": 164551,
      "usertime": 6266227
     },
     "17244444753": {
      "maxRSS": 303476,
      "systemtime": 164551,
      "usertime": 6270238
     },
     "17244445830": {
      "maxRSS": 303476,
      "systemtime": 164551,
      "usertime": 6270253
     },
     "17244446958": {
      "maxRSS": 303476,
      "systemtime": 164551,
      "usertime": 6270271
     },
     "17244447392": {
      "maxRSS": 303476,
      "systemtime": 164567,
      "usertime": 6273640
     },
     "17244448474": {
      "maxRSS": 303476,
      "systemtime": 164567,
      "usertime": 6274306
     },
     "17244449578": {
      "maxRSS": 303476,
      "systemtime": 164567,
      "usertime": 6274318
     },
     "17244450710": {
      "maxRSS": 303476,
      "systemtime": 164567,
      "usertime": 6274340
     },
     "17244451817": {
      "maxRSS": 303476,
      "systemtime": 164567,
      "usertime": 6274354
     },
     "17244452919": {
      "maxRSS": 303476,
      "systemtime": 164567,
      "usertime": 6278361
     },
     "17244454016": {
      "maxRSS": 303476,
      "systemtime": 164567,
      "usertime": 6278369
     },
     "17244455129": {
      "maxRSS": 303476,
      "systemtime": 164567,
      "usertime": 6278393
     },
     "17244456203": {
      "maxRSS": 303476,
      "systemtime": 164567,
      "usertime": 6282402
     },
     "17244457271": {
      "maxRSS": 303476,
      "systemtime": 164567,
      "usertime": 6282412
     },
     "17244458398": {
      "maxRSS": 303476,
      "systemtime": 164567,
      "usertime": 6282437
     },
     "17244459505": {
      "maxRSS": 303476,
      "systemtime": 164567,
      "usertime": 6282465
     },
     "17244460581": {
      "maxRSS": 303476,
      "systemtime": 164567,
      "usertime": 6286478
     },
     "17244461682": {
      "maxRSS": 303476,
      "systemtime": 164567,
      "usertime": 6286509
     },
     "17244462900": {
      "maxRSS": 303476,
      "systemtime": 164567,
      "usertime": 6286530
     },
     "17244463982": {
      "maxRSS": 303476,
      "systemtime": 164567,
      "usertime": 6286550
     },
     "17244465116": {
      "maxRSS": 303476,
      "systemtime": 164567,
      "usertime": 6290579
     },
     "17244466217": {
      "maxRSS": 303476,
      "systemtime": 164567,
      "usertime": 6290597
     },
     "17244467296": {
      "maxRSS": 303476,
      "systemtime": 164567,
      "usertime": 6290613
     },
     "17244468429": {
      "maxRSS": 303476,
      "systemtime": 164567,
      "usertime": 6294648
     },
     "17244469521": {
      "maxRSS": 303476,
      "systemtime": 164567,
      "usertime": 6294664
     },
     "17244469648": {
      "maxRSS": 303476,
      "systemtime": 164567,
      "usertime": 6296312
     },
     "17244470738": {
      "maxRSS": 303476,
      "systemtime": 164567,
      "usertime": 6296334
     },
     "17244471817": {
      "maxRSS": 303476,
      "systemtime": 164567,
      "usertime": 6296350
     },
     "17244472892": {
      "maxRSS": 303476,
      "systemtime": 164567,
      "usertime": 6298720
     },
     "17244474008": {
      "maxRSS": 303476,
      "systemtime": 164567,
      "usertime": 6298752
     },
     "17244474790": {
      "maxRSS": 303476,
      "systemtime": 164567,
      "usertime": 6301544
     },
     "17244475880": {
      "maxRSS": 303476,
      "systemtime": 164567,
      "usertime": 6301556
     },
     "17244476997": {
      "maxRSS": 303476,
      "systemtime": 164567,
      "usertime": 6302803
     },
     "17244478118": {
      "maxRSS": 303476,
      "systemtime": 164567,
      "usertime": 6302826
     },
     "17244479193": {
      "maxRSS": 303476,
      "systemtime": 164567,
      "usertime": 6302841
     },
     "17244480268": {
      "maxRSS": 303476,
      "systemtime": 164567,
      "usertime": 6306867
     },
     "17244481365": {
      "maxRSS": 303476,
      "systemtime": 164567,
      "usertime": 6306902
     },
     "17244482445": {
      "maxRSS": 303476,
      "systemtime": 164567,
      "usertime": 6306918
     },
     "17244483523": {
      "maxRSS": 303476,
      "systemtime": 164567,
      "usertime": 6306933
     },
     "17244484600": {
      "maxRSS": 303476,
      "systemtime": 164567,
      "usertime": 6310940
     },
     "17244485691": {
      "maxRSS": 303476,
      "systemtime": 164567,
      "usertime": 6310954
     },
     "17244486764": {
      "maxRSS": 303476,
      "systemtime": 164567,
      "usertime": 6310968
     },
     "17244486887": {
      "maxRSS": 303476,
      "systemtime": 164570,
      "usertime": 6313870
     },
     "17244487970": {
      "maxRSS": 303476,
      "systemtime": 164570,
      "usertime": 6313885
     },
     "17244489048": {
      "maxRSS": 303476,
      "systemtime": 164570,
      "usertime": 6315022
     },
     "17244489642": {
      "maxRSS": 303476,
      "systemtime": 164570,
      "usertime": 6316667
     },
     "17244490737": {
      "maxRSS": 303476,
      "systemtime": 164570,
      "usertime": 6316684
     },
     "17244491836": {
      "maxRSS": 303476,
      "systemtime": 164570,
      "usertime": 6316708
     },
     "17244492924": {
      "maxRSS": 303476,
      "systemtime": 164570,
      "usertime": 6319100
     },
     "17244494003": {
      "maxRSS": 303476,
      "systemtime": 164570,
      "usertime": 6319115
     },
     "17244495087": {
      "maxRSS": 303476,
      "systemtime": 164570,
      "usertime": 6319136
     },
     "17244496031": {
      "maxRSS": 303476,
      "systemtime": 164624,
      "usertime": 6323109
     },
     "17244496093": {
      "maxRSS": 303476,
      "systemtime": 164701,
      "usertime": 6323109
     },
     "17244497214": {
      "maxRSS": 303476,
      "systemtime": 164721,
      "usertime": 6323109
     },
     "17244498091": {
      "maxRSS": 303476,
      "systemtime": 166797,
      "usertime": 6323109
     },
     "17244499303": {
      "maxRSS": 303476,
      "systemtime": 166816,
      "usertime": 6323109
     },
     "17244500378": {
      "maxRSS": 303476,
      "systemtime": 168516,
      "usertime": 6323366
     },
     "17244501125": {
      "maxRSS": 303476,
      "systemtime": 168544,
      "usertime": 6324441
     },
     "17244501742": {
      "maxRSS": 303476,
      "systemtime": 168561,
      "usertime": 6325057
     },
     "17244502801": {
      "maxRSS": 303476,
      "systemtime": 168588,
      "usertime": 6326096
     },
     "17244502978": {
      "maxRSS": 303476,
      "systemtime": 168593,
      "usertime": 6326279
     },
     "17244503348": {
      "maxRSS": 303476,
      "systemtime": 168603,
      "usertime": 6326663
     },
     "17244503365": {
      "maxRSS": 303476,
      "systemtime": 168604,
      "usertime": 6326681
     },
     "17244503444": {
      "maxRSS": 303476,
      "systemtime": 168606,
      "usertime": 6326770
     },
     "17244503583": {
      "maxRSS": 303476,
      "systemtime": 168611,
      "usertime": 6326932
     },
     "17244503618": {
      "maxRSS": 303476,
      "systemtime": 168612,
      "usertime": 6326974
     },
     "17244503680": {
      "maxRSS": 303476,
      "systemtime": 168614,
      "usertime": 6327040
     },
     "17244503718": {
      "maxRSS": 303476,
      "systemtime": 168615,
      "usertime": 6327085
     },
     "17244503738": {
      "maxRSS": 303476,
      "systemtime": 168615,
      "usertime": 6327114
     },
     "17244503759": {
      "maxRSS": 303476,
      "systemtime": 168616,
      "usertime": 6327144
     },
     "17244503786": {
      "maxRSS": 303476,
      "systemtime": 168617,
      "usertime": 6327172
     },
     "17244503805": {
      "maxRSS": 303476,
      "systemtime": 168618,
      "usertime": 6327198
     },
     "17244503833": {
      "maxRSS": 303476,
      "systemtime": 168619,
      "usertime": 6327228
     },
     "17244503868": {
      "maxRSS": 303476,
      "systemtime": 168620,
      "usertime": 6327288
     },
     "17244505071": {
      "maxRSS": 303476,
      "systemtime": 168620,
      "usertime": 6327522
     },
     "17244506242": {
      "maxRSS": 303476,
      "systemtime": 168620,
      "usertime": 6327539
     },
     "17244507420": {
      "maxRSS": 303476,
      "systemtime": 168620,
      "usertime": 6327556
     },
     "17244508604": {
      "maxRSS": 303476,
      "systemtime": 168620,
      "usertime": 6331495
     },
     "17244509838": {
      "maxRSS": 303476,
      "systemtime": 168620,
      "usertime": 6331528
     },
     "17244510959": {
      "maxRSS": 303476,
      "systemtime": 168620,
      "usertime": 6331551
     },
     "17244512027": {
      "maxRSS": 303476,
      "systemtime": 168620,
      "usertime": 6335563
     },
     "17244513244": {
      "maxRSS": 303476,
      "systemtime": 168620,
      "usertime": 6335581
     },
     "17244514327": {
      "maxRSS": 303476,
      "systemtime": 168620,
      "usertime": 6335598
     },
     "17244515396": {
      "maxRSS": 303476,
      "systemtime": 168620,
      "usertime": 6335610
     },
     "17244516510": {
      "maxRSS": 303476,
      "systemtime": 168620,
      "usertime": 6339622
     },
     "17244517582": {
      "maxRSS": 303476,
      "systemtime": 168620,
      "usertime": 6339636
     },
     "17244518664": {
      "maxRSS": 303476,
      "systemtime": 168620,
      "usertime": 6339659
     },
     "17244519730": {
      "maxRSS": 303476,
      "systemtime": 168620,
      "usertime": 6339668
     },
     "17244520802": {
      "maxRSS": 303476,
      "systemtime": 168620,
      "usertime": 6343679
     },
     "17244521874": {
      "maxRSS": 303476,
      "systemtime": 168620,
      "usertime": 6343692
     },
     "17244522942": {
      "maxRSS": 303476,
      "systemtime": 168620,
      "usertime": 6343702
     },
     "17244524051": {
      "maxRSS": 303476,
      "systemtime": 168620,
      "usertime": 6347711
     },
     "17244525138": {
      "maxRSS": 303476,
      "systemtime": 168620,
      "usertime": 6347738
     },
     "17244526214": {
      "maxRSS": 303476,
      "systemtime": 168620,
      "usertime": 6347751
     },
     "17244527354": {
      "maxRSS": 303476,
      "systemtime": 168620,
      "usertime": 6347776
     },
     "17244528434": {
      "maxRSS": 303476,
      "systemtime": 168620,
      "usertime": 6351792
     },
     "17244529533": {
      "maxRSS": 303476,
      "systemtime": 168620,
      "usertime": 6351809
     },
     "17244530615": {
      "maxRSS": 303476,
      "systemtime": 168620,
      "usertime": 6351829
     },
     "17244531745": {
      "maxRSS": 303476,
      "systemtime": 168620,
      "usertime": 6351890
     },
     "17244532833": {
      "maxRSS": 303476,
      "systemtime": 168620,
      "usertime": 6355915
     },
     "17244533763": {
      "maxRSS": 303476,
      "systemtime": 168620,
      "usertime": 6357677
     },
     "17244533813": {
      "maxRSS": 303476,
      "systemtime": 168620,
      "usertime": 6357748
     }
    }
   }
  }
 }
}
