{
 "root": {
  "program": {
   "configuration": {
    "": "/root/compiler/measurements/night03-t2/reachability_complement/n4000/emit/transformed.dl",
    "fact-dir": "/root/compiler/fixtures/p2-scale-4000",
    "include-dir": ".",
    "jobs": "1",
    "libraries": "functors",
    "library-dir": ".",
    "output-dir": "/root/compiler/measurements/night03-t2/reachability_complement/n4000/emitted",
    "profile": "prof.log",
    "relationCount": "5",
    "ruleCount": "6",
    "version": "2.5",
    "warn": "all",
    "wno": "none"
   },
   "relation": {
    "edge": {
     "loadtime": { "start": 1035398669, "end": 1035400611},
     "num-tuples": 8000,
     "reads": 0,
     "source-locator": "/root/compiler/measurements/night03-t2/reachability_complement/n4000/emit/transformed.dl [1:7-1:11]"
    },
    "node": {
     "loadtime": { "start": 1035400623, "end": 1035401012},
     "num-tuples": 4000,
     "reads": 0,
     "source-locator": "/root/compiler/measurements/night03-t2/reachability_complement/n4000/emit/transformed.dl [3:7-3:11]"
    },
    "q_unreach": {
     "maxRSS": {
      "post": 404296,
      "pre": 404296
     },
     "non-recursive-rule": {
      "q_unreach(y) :- \n   unreach(1,y).": {
       "atom-frequency": {
        "q_unreach(y) :- \n   unreach(1,y).": {
         "unreach": {
          "level": 0,
          "num-tuples": 0
         }
        }
       },
       "maxRSS": {
        "post": 404296,
        "pre": 404296
       },
       "num-tuples": 877,
       "runtime": { "start": 1042958707, "end": 1042958749},
       "source-locator": "/root/compiler/measurements/night03-t2/reachability_complement/n4000/emit/transformed.dl [12:1-12:31]"
      }
     },
     "num-tuples": 877,
     "reads": 0,
     "runtime": { "start": 1042958684, "end": 1042958763},
     "savetime": { "start": 1042958769, "end": 1042958964},
     "source-locator": "/root/compiler/measurements/night03-t2/reachability_complement/n4000/emit/transformed.dl [7:7-7:16]"
    },
    "reach": {
     "iteration": {
      "0": {
       "copytime": { "start": 1035405541, "end": 1035407047},
       "maxRSS": {
        "post": 18136,
        "pre": 18136
       },
       "num-tuples": 15916,
       "recursive-rule": {
        "reach(x,y) :- \n   reach(x,z),\n   edge(z,y).": {
         "0": {
          "atom-frequency": {
           "@new_reach(x,y) :- \n   @delta_reach(x,z),\n   edge(z,y).": {
            "@delta_reach": {
             "level": 0,
             "num-tuples": 0
            },
            "edge": {
             "level": 1,
             "num-tuples": 0
            }
           }
          },
          "maxRSS": {
           "post": 18136,
           "pre": 18136
          },
          "num-tuples": 15916,
          "runtime": { "start": 1035401890, "end": 1035405492},
          "source-locator": "/root/compiler/measurements/night03-t2/reachability_complement/n4000/emit/transformed.dl [10:1-10:40]"
         }
        }
       },
       "runtime": { "start": 1035401875, "end": 1035405511}
      },
      "1": {
       "copytime": { "start": 1035415164, "end": 1035418073},
       "maxRSS": {
        "post": 18136,
        "pre": 18136
       },
       "num-tuples": 31304,
       "recursive-rule": {
        "reach(x,y) :- \n   reach(x,z),\n   edge(z,y).": {
         "0": {
          "maxRSS": {
           "post": 18136,
           "pre": 18136
          },
          "num-tuples": 31304,
          "runtime": { "start": 1035407072, "end": 1035415112},
          "source-locator": "/root/compiler/measurements/night03-t2/reachability_complement/n4000/emit/transformed.dl [10:1-10:40]"
         }
        }
       },
       "runtime": { "start": 1035407058, "end": 1035415132}
      },
      "10": {
       "copytime": { "start": 1039007266, "end": 1039188374},
       "maxRSS": {
        "post": 240968,
        "pre": 240072
       },
       "num-tuples": 1426211,
       "recursive-rule": {
        "reach(x,y) :- \n   reach(x,z),\n   edge(z,y).": {
         "0": {
          "maxRSS": {
           "post": 240968,
           "pre": 240072
          },
          "num-tuples": 1426211,
          "runtime": { "start": 1038215150, "end": 1039003927},
          "source-locator": "/root/compiler/measurements/night03-t2/reachability_complement/n4000/emit/transformed.dl [10:1-10:40]"
         }
        }
       },
       "runtime": { "start": 1038215128, "end": 1039005112}
      },
      "11": {
       "copytime": { "start": 1039901741, "end": 1040044450},
       "maxRSS": {
        "post": 280648,
        "pre": 280520
       },
       "num-tuples": 1102843,
       "recursive-rule": {
        "reach(x,y) :- \n   reach(x,z),\n   edge(z,y).": {
         "0": {
          "maxRSS": {
           "post": 280648,
           "pre": 280520
          },
          "num-tuples": 1102843,
          "runtime": { "start": 1039188409, "end": 1039899311},
          "source-locator": "/root/compiler/measurements/night03-t2/reachability_complement/n4000/emit/transformed.dl [10:1-10:40]"
         }
        }
       },
       "runtime": { "start": 1039188389, "end": 1039900256}
      },
      "12": {
       "copytime": { "start": 1040595654, "end": 1040692406},
       "maxRSS": {
        "post": 300104,
        "pre": 299976
       },
       "num-tuples": 741540,
       "recursive-rule": {
        "reach(x,y) :- \n   reach(x,z),\n   edge(z,y).": {
         "0": {
          "maxRSS": {
           "post": 300104,
           "pre": 299976
          },
          "num-tuples": 741540,
          "runtime": { "start": 1040044484, "end": 1040594208},
          "source-locator": "/root/compiler/measurements/night03-t2/reachability_complement/n4000/emit/transformed.dl [10:1-10:40]"
         }
        }
       },
       "runtime": { "start": 1040044465, "end": 1040594847}
      },
      "13": {
       "copytime": { "start": 1041066706, "end": 1041132332},
       "maxRSS": {
        "post": 303304,
        "pre": 303176
       },
       "num-tuples": 446689,
       "recursive-rule": {
        "reach(x,y) :- \n   reach(x,z),\n   edge(z,y).": {
         "0": {
          "maxRSS": {
           "post": 303304,
           "pre": 303176
          },
          "num-tuples": 446689,
          "runtime": { "start": 1040692443, "end": 1041066011},
          "source-locator": "/root/compiler/measurements/night03-t2/reachability_complement/n4000/emit/transformed.dl [10:1-10:40]"
         }
        }
       },
       "runtime": { "start": 1040692421, "end": 1041066336}
      },
      "14": {
       "copytime": { "start": 1041373328, "end": 1041415065},
       "maxRSS": {
        "post": 303432,
        "pre": 303304
       },
       "num-tuples": 247351,
       "recursive-rule": {
        "reach(x,y) :- \n   reach(x,z),\n   edge(z,y).": {
         "0": {
          "maxRSS": {
           "post": 303432,
           "pre": 303304
          },
          "num-tuples": 247351,
          "runtime": { "start": 1041132367, "end": 1041372918},
          "source-locator": "/root/compiler/measurements/night03-t2/reachability_complement/n4000/emit/transformed.dl [10:1-10:40]"
         }
        }
       },
       "runtime": { "start": 1041132348, "end": 1041373095}
      },
      "15": {
       "copytime": { "start": 1041552110, "end": 1041579262},
       "maxRSS": {
        "post": 303560,
        "pre": 303432
       },
       "num-tuples": 130350,
       "recursive-rule": {
        "reach(x,y) :- \n   reach(x,z),\n   edge(z,y).": {
         "0": {
          "maxRSS": {
           "post": 303560,
           "pre": 303432
          },
          "num-tuples": 130350,
          "runtime": { "start": 1041415101, "end": 1041551927},
          "source-locator": "/root/compiler/measurements/night03-t2/reachability_complement/n4000/emit/transformed.dl [10:1-10:40]"
         }
        }
       },
       "runtime": { "start": 1041415080, "end": 1041551993}
      },
      "16": {
       "copytime": { "start": 1041657280, "end": 1041673465},
       "maxRSS": {
        "post": 303688,
        "pre": 303560
       },
       "num-tuples": 67614,
       "recursive-rule": {
        "reach(x,y) :- \n   reach(x,z),\n   edge(z,y).": {
         "0": {
          "maxRSS": {
           "post": 303688,
           "pre": 303560
          },
          "num-tuples": 67614,
          "runtime": { "start": 1041579293, "end": 1041657190},
          "source-locator": "/root/compiler/measurements/night03-t2/reachability_complement/n4000/emit/transformed.dl [10:1-10:40]"
         }
        }
       },
       "runtime": { "start": 1041579275, "end": 1041657223}
      },
      "17": {
       "copytime": { "start": 1041716882, "end": 1041726750},
       "maxRSS": {
        "post": 303688,
        "pre": 303688
       },
       "num-tuples": 34315,
       "recursive-rule": {
        "reach(x,y) :- \n   reach(x,z),\n   edge(z,y).": {
         "0": {
          "maxRSS": {
           "post": 303688,
           "pre": 303688
          },
          "num-tuples": 34315,
          "runtime": { "start": 1041673495, "end": 1041716823},
          "source-locator": "/root/compiler/measurements/night03-t2/reachability_complement/n4000/emit/transformed.dl [10:1-10:40]"
         }
        }
       },
       "runtime": { "start": 1041673479, "end": 1041716846}
      },
      "18": {
       "copytime": { "start": 1041750014, "end": 1041755089},
       "maxRSS": {
        "post": 303688,
        "pre": 303688
       },
       "num-tuples": 16839,
       "recursive-rule": {
        "reach(x,y) :- \n   reach(x,z),\n   edge(z,y).": {
         "0": {
          "maxRSS": {
           "post": 303688,
           "pre": 303688
          },
          "num-tuples": 16839,
          "runtime": { "start": 1041726782, "end": 1041749962},
          "source-locator": "/root/compiler/measurements/night03-t2/reachability_complement/n4000/emit/transformed.dl [10:1-10:40]"
         }
        }
       },
       "runtime": { "start": 1041726764, "end": 1041749981}
      },
      "19": {
       "copytime": { "start": 1041767629, "end": 1041770356},
       "maxRSS": {
        "post": 303688,
        "pre": 303688
       },
       "num-tuples": 7828,
       "recursive-rule": {
        "reach(x,y) :- \n   reach(x,z),\n   edge(z,y).": {
         "0": {
          "maxRSS": {
           "post": 303688,
           "pre": 303688
          },
          "num-tuples": 7828,
          "runtime": { "start": 1041755118, "end": 1041767577},
          "source-locator": "/root/compiler/measurements/night03-t2/reachability_complement/n4000/emit/transformed.dl [10:1-10:40]"
         }
        }
       },
       "runtime": { "start": 1041755100, "end": 1041767594}
      },
      "2": {
       "copytime": { "start": 1035434210, "end": 1035439792},
       "maxRSS": {
        "post": 18136,
        "pre": 18136
       },
       "num-tuples": 60989,
       "recursive-rule": {
        "reach(x,y) :- \n   reach(x,z),\n   edge(z,y).": {
         "0": {
          "maxRSS": {
           "post": 18136,
           "pre": 18136
          },
          "num-tuples": 60989,
          "runtime": { "start": 1035418102, "end": 1035434141},
          "source-locator": "/root/compiler/measurements/night03-t2/reachability_complement/n4000/emit/transformed.dl [10:1-10:40]"
         }
        }
       },
       "runtime": { "start": 1035418083, "end": 1035434168}
      },
      "20": {
       "copytime": { "start": 1041776804, "end": 1041778437},
       "maxRSS": {
        "post": 303688,
        "pre": 303688
       },
       "num-tuples": 3365,
       "recursive-rule": {
        "reach(x,y) :- \n   reach(x,z),\n   edge(z,y).": {
         "0": {
          "maxRSS": {
           "post": 303688,
           "pre": 303688
          },
          "num-tuples": 3365,
          "runtime": { "start": 1041770385, "end": 1041776758},
          "source-locator": "/root/compiler/measurements/night03-t2/reachability_complement/n4000/emit/transformed.dl [10:1-10:40]"
         }
        }
       },
       "runtime": { "start": 1041770368, "end": 1041776774}
      },
      "21": {
       "copytime": { "start": 1041781590, "end": 1041782192},
       "maxRSS": {
        "post": 303688,
        "pre": 303688
       },
       "num-tuples": 1296,
       "recursive-rule": {
        "reach(x,y) :- \n   reach(x,z),\n   edge(z,y).": {
         "0": {
          "maxRSS": {
           "post": 303688,
           "pre": 303688
          },
          "num-tuples": 1296,
          "runtime": { "start": 1041778469, "end": 1041781544},
          "source-locator": "/root/compiler/measurements/night03-t2/reachability_complement/n4000/emit/transformed.dl [10:1-10:40]"
         }
        }
       },
       "runtime": { "start": 1041778448, "end": 1041781560}
      },
      "22": {
       "copytime": { "start": 1041783326, "end": 1041783467},
       "maxRSS": {
        "post": 303688,
        "pre": 303688
       },
       "num-tuples": 453,
       "recursive-rule": {
        "reach(x,y) :- \n   reach(x,z),\n   edge(z,y).": {
         "0": {
          "maxRSS": {
           "post": 303688,
           "pre": 303688
          },
          "num-tuples": 453,
          "runtime": { "start": 1041782217, "end": 1041783299},
          "source-locator": "/root/compiler/measurements/night03-t2/reachability_complement/n4000/emit/transformed.dl [10:1-10:40]"
         }
        }
       },
       "runtime": { "start": 1041782200, "end": 1041783313}
      },
      "23": {
       "copytime": { "start": 1041783878, "end": 1041783929},
       "maxRSS": {
        "post": 303688,
        "pre": 303688
       },
       "num-tuples": 156,
       "recursive-rule": {
        "reach(x,y) :- \n   reach(x,z),\n   edge(z,y).": {
         "0": {
          "maxRSS": {
           "post": 303688,
           "pre": 303688
          },
          "num-tuples": 156,
          "runtime": { "start": 1041783486, "end": 1041783841},
          "source-locator": "/root/compiler/measurements/night03-t2/reachability_complement/n4000/emit/transformed.dl [10:1-10:40]"
         }
        }
       },
       "runtime": { "start": 1041783472, "end": 1041783853}
      },
      "24": {
       "copytime": { "start": 1041784104, "end": 1041784119},
       "maxRSS": {
        "post": 303688,
        "pre": 303688
       },
       "num-tuples": 57,
       "recursive-rule": {
        "reach(x,y) :- \n   reach(x,z),\n   edge(z,y).": {
         "0": {
          "maxRSS": {
           "post": 303688,
           "pre": 303688
          },
          "num-tuples": 57,
          "runtime": { "start": 1041783945, "end": 1041784073},
          "source-locator": "/root/compiler/measurements/night03-t2/reachability_complement/n4000/emit/transformed.dl [10:1-10:40]"
         }
        }
       },
       "runtime": { "start": 1041783933, "end": 1041784083}
      },
      "25": {
       "copytime": { "start": 1041784203, "end": 1041784208},
       "maxRSS": {
        "post": 303688,
        "pre": 303688
       },
       "num-tuples": 16,
       "recursive-rule": {
        "reach(x,y) :- \n   reach(x,z),\n   edge(z,y).": {
         "0": {
          "maxRSS": {
           "post": 303688,
           "pre": 303688
          },
          "num-tuples": 16,
          "runtime": { "start": 1041784133, "end": 1041784174},
          "source-locator": "/root/compiler/measurements/night03-t2/reachability_complement/n4000/emit/transformed.dl [10:1-10:40]"
         }
        }
       },
       "runtime": { "start": 1041784123, "end": 1041784183}
      },
      "26": {
       "copytime": { "start": 1041784264, "end": 1041784266},
       "maxRSS": {
        "post": 303688,
        "pre": 303688
       },
       "num-tuples": 5,
       "recursive-rule": {
        "reach(x,y) :- \n   reach(x,z),\n   edge(z,y).": {
         "0": {
          "maxRSS": {
           "post": 303688,
           "pre": 303688
          },
          "num-tuples": 5,
          "runtime": { "start": 1041784222, "end": 1041784235},
          "source-locator": "/root/compiler/measurements/night03-t2/reachability_complement/n4000/emit/transformed.dl [10:1-10:40]"
         }
        }
       },
       "runtime": { "start": 1041784212, "end": 1041784244}
      },
      "27": {
       "copytime": { "start": 1041784311, "end": 1041784312},
       "maxRSS": {
        "post": 303688,
        "pre": 303688
       },
       "num-tuples": 1,
       "recursive-rule": {
        "reach(x,y) :- \n   reach(x,z),\n   edge(z,y).": {
         "0": {
          "maxRSS": {
           "post": 303688,
           "pre": 303688
          },
          "num-tuples": 1,
          "runtime": { "start": 1041784279, "end": 1041784284},
          "source-locator": "/root/compiler/measurements/night03-t2/reachability_complement/n4000/emit/transformed.dl [10:1-10:40]"
         }
        }
       },
       "runtime": { "start": 1041784269, "end": 1041784292}
      },
      "28": {
       "maxRSS": {
        "post": 303688,
        "pre": 303688
       },
       "num-tuples": 0,
       "recursive-rule": {
        "reach(x,y) :- \n   reach(x,z),\n   edge(z,y).": {
         "0": {
          "maxRSS": {
           "post": 303688,
           "pre": 303688
          },
          "num-tuples": 0,
          "runtime": { "start": 1041784316, "end": 1041784317},
          "source-locator": "/root/compiler/measurements/night03-t2/reachability_complement/n4000/emit/transformed.dl [10:1-10:40]"
         }
        }
       },
       "runtime": { "start": 1041784315, "end": 1041784325}
      },
      "3": {
       "copytime": { "start": 1035472577, "end": 1035483817},
       "maxRSS": {
        "post": 19784,
        "pre": 18136
       },
       "num-tuples": 117962,
       "recursive-rule": {
        "reach(x,y) :- \n   reach(x,z),\n   edge(z,y).": {
         "0": {
          "maxRSS": {
           "post": 19784,
           "pre": 18136
          },
          "num-tuples": 117962,
          "runtime": { "start": 1035439818, "end": 1035472380},
          "source-locator": "/root/compiler/measurements/night03-t2/reachability_complement/n4000/emit/transformed.dl [10:1-10:40]"
         }
        }
       },
       "runtime": { "start": 1035439802, "end": 1035472449}
      },
      "4": {
       "copytime": { "start": 1035549536, "end": 1035570982},
       "maxRSS": {
        "post": 27080,
        "pre": 22856
       },
       "num-tuples": 223269,
       "recursive-rule": {
        "reach(x,y) :- \n   reach(x,z),\n   edge(z,y).": {
         "0": {
          "maxRSS": {
           "post": 27080,
           "pre": 22856
          },
          "num-tuples": 223269,
          "runtime": { "start": 1035483851, "end": 1035549216},
          "source-locator": "/root/compiler/measurements/night03-t2/reachability_complement/n4000/emit/transformed.dl [10:1-10:40]"
         }
        }
       },
       "runtime": { "start": 1035483831, "end": 1035549356}
      },
      "5": {
       "copytime": { "start": 1035697580, "end": 1035736963},
       "maxRSS": {
        "post": 40776,
        "pre": 32840
       },
       "num-tuples": 406451,
       "recursive-rule": {
        "reach(x,y) :- \n   reach(x,z),\n   edge(z,y).": {
         "0": {
          "maxRSS": {
           "post": 40776,
           "pre": 32840
          },
          "num-tuples": 406451,
          "runtime": { "start": 1035571017, "end": 1035696880},
          "source-locator": "/root/compiler/measurements/night03-t2/reachability_complement/n4000/emit/transformed.dl [10:1-10:40]"
         }
        }
       },
       "runtime": { "start": 1035570997, "end": 1035697208}
      },
      "6": {
       "copytime": { "start": 1035972578, "end": 1036042811},
       "maxRSS": {
        "post": 64200,
        "pre": 51016
       },
       "num-tuples": 692694,
       "recursive-rule": {
        "reach(x,y) :- \n   reach(x,z),\n   edge(z,y).": {
         "0": {
          "maxRSS": {
           "post": 64200,
           "pre": 51016
          },
          "num-tuples": 692694,
          "runtime": { "start": 1035736999, "end": 1035971398},
          "source-locator": "/root/compiler/measurements/night03-t2/reachability_complement/n4000/emit/transformed.dl [10:1-10:40]"
         }
        }
       },
       "runtime": { "start": 1035736978, "end": 1035971935}
      },
      "7": {
       "copytime": { "start": 1036435726, "end": 1036548828},
       "maxRSS": {
        "post": 100680,
        "pre": 81864
       },
       "num-tuples": 1063669,
       "recursive-rule": {
        "reach(x,y) :- \n   reach(x,z),\n   edge(z,y).": {
         "0": {
          "maxRSS": {
           "post": 100680,
           "pre": 81864
          },
          "num-tuples": 1063669,
          "runtime": { "start": 1036042849, "end": 1036433782},
          "source-locator": "/root/compiler/measurements/night03-t2/reachability_complement/n4000/emit/transformed.dl [10:1-10:40]"
         }
        }
       },
       "runtime": { "start": 1036042826, "end": 1036434596}
      },
      "8": {
       "copytime": { "start": 1037132069, "end": 1037285343},
       "maxRSS": {
        "post": 148296,
        "pre": 127688
       },
       "num-tuples": 1407028,
       "recursive-rule": {
        "reach(x,y) :- \n   reach(x,z),\n   edge(z,y).": {
         "0": {
          "maxRSS": {
           "post": 148296,
           "pre": 127688
          },
          "num-tuples": 1407028,
          "runtime": { "start": 1036548863, "end": 1037128710},
          "source-locator": "/root/compiler/measurements/night03-t2/reachability_complement/n4000/emit/transformed.dl [10:1-10:40]"
         }
        }
       },
       "runtime": { "start": 1036548843, "end": 1037129832}
      },
      "9": {
       "copytime": { "start": 1038029791, "end": 1038215112},
       "maxRSS": {
        "post": 198728,
        "pre": 184392
       },
       "num-tuples": 1556454,
       "recursive-rule": {
        "reach(x,y) :- \n   reach(x,z),\n   edge(z,y).": {
         "0": {
          "maxRSS": {
           "post": 198728,
           "pre": 184392
          },
          "num-tuples": 1556454,
          "runtime": { "start": 1037285378, "end": 1038025991},
          "source-locator": "/root/compiler/measurements/night03-t2/reachability_complement/n4000/emit/transformed.dl [10:1-10:40]"
         }
        }
       },
       "runtime": { "start": 1037285358, "end": 1038027246}
      }
     },
     "maxRSS": {
      "post": 18136,
      "pre": 18136
     },
     "non-recursive-rule": {
      "reach(x,y) :- \n   edge(x,y).": {
       "atom-frequency": {
        "reach(x,y) :- \n   edge(x,y).": {
         "edge": {
          "level": 0,
          "num-tuples": 0
         }
        }
       },
       "maxRSS": {
        "post": 18136,
        "pre": 18136
       },
       "num-tuples": 8000,
       "runtime": { "start": 1035401032, "end": 1035401437},
       "source-locator": "/root/compiler/measurements/night03-t2/reachability_complement/n4000/emit/transformed.dl [9:1-9:27]"
      }
     },
     "num-tuples": 8000,
     "reads": 35394201,
     "runtime": { "start": 1035401019, "end": 1035401454},
     "source-locator": "/root/compiler/measurements/night03-t2/reachability_complement/n4000/emit/transformed.dl [5:7-5:12]"
    },
    "unreach": {
     "maxRSS": {
      "post": 404296,
      "pre": 303688
     },
     "non-recursive-rule": {
      "unreach(x,y) :- \n   node(x),\n   node(y),\n   !reach(x,y).": {
       "atom-frequency": {
        "unreach(x,y) :- \n   node(x),\n   node(y),\n   !reach(x,y).": {
         "node": {
          "level": 0,
          "num-tuples": 0
         }
        }
       },
       "maxRSS": {
        "post": 404296,
        "pre": 303688
       },
       "num-tuples": 6189335,
       "runtime": { "start": 1041784388, "end": 1042925059},
       "source-locator": "/root/compiler/measurements/night03-t2/reachability_complement/n4000/emit/transformed.dl [11:1-11:49]"
      }
     },
     "num-tuples": 6189335,
     "reads": 0,
     "runtime": { "start": 1041784379, "end": 1042928409},
     "source-locator": "/root/compiler/measurements/night03-t2/reachability_complement/n4000/emit/transformed.dl [6:7-6:14]"
    }
   },
   "runtime": { "start": 1035398663, "end": 1042971205},
   "starttime": { "time": 1035398630},
   "usage": {
    "timepoint": {
     "1035398682": {
      "maxRSS": 18136,
      "systemtime": 0,
      "usertime": 4139
     },
     "1035399814": {
      "maxRSS": 18136,
      "systemtime": 0,
      "usertime": 4176
     },
     "1035400672": {
      "maxRSS": 18136,
      "systemtime": 0,
      "usertime": 6144
     },
     "1035401048": {
      "maxRSS": 18136,
      "systemtime": 0,
      "usertime": 6564
     },
     "1035401927": {
      "maxRSS": 18136,
      "systemtime": 0,
      "usertime": 7443
     },
     "1035402997": {
      "maxRSS": 18136,
      "systemtime": 0,
      "usertime": 7451
     },
     "1035404042": {
      "maxRSS": 18136,
      "systemtime": 0,
      "usertime": 9572
     },
     "1035405159": {
      "maxRSS": 18136,
      "systemtime": 0,
      "usertime": 9591
     },
     "1035405570": {
      "maxRSS": 18136,
      "systemtime": 0,
      "usertime": 11149
     },
     "1035406718": {
      "maxRSS": 18136,
      "systemtime": 0,
      "usertime": 11164
     },
     "1035407172": {
      "maxRSS": 18136,
      "systemtime": 0,
      "usertime": 12712
     },
     "1035408270": {
      "maxRSS": 18136,
      "systemtime": 0,
      "usertime": 13659
     },
     "1035409446": {
      "maxRSS": 18136,
      "systemtime": 0,
      "usertime": 13675
     },
     "1035410517": {
      "maxRSS": 18136,
      "systemtime": 0,
      "usertime": 13687
     },
     "1035411594": {
      "maxRSS": 18136,
      "systemtime": 0,
      "usertime": 13704
     },
     "1035412674": {
      "maxRSS": 18136,
      "systemtime": 0,
      "usertime": 17732
     },
     "1035413750": {
      "maxRSS": 18136,
      "systemtime": 0,
      "usertime": 17745
     },
     "1035414921": {
      "maxRSS": 18136,
      "systemtime": 0,
      "usertime": 17760
     },
     "1035415214": {
      "maxRSS": 18136,
      "systemtime": 0,
      "usertime": 20923
     },
     "1035416355": {
      "maxRSS": 18136,
      "systemtime": 0,
      "usertime": 21775
     },
     "1035417440": {
      "maxRSS": 18136,
      "systemtime": 0,
      "usertime": 21797
     },
     "1035418205": {
      "maxRSS": 18136,
      "systemtime": 0,
      "usertime": 23912
     },
     "1035419377": {
      "maxRSS": 18136,
      "systemtime": 0,
      "usertime": 23929
     },
     "1035420522": {
      "maxRSS": 18136,
      "systemtime": 0,
      "usertime": 25861
     },
     "1035421607": {
      "maxRSS": 18136,
      "systemtime": 0,
      "usertime": 25880
     },
     "1035422728": {
      "maxRSS": 18136,
      "systemtime": 0,
      "usertime": 25893
     },
     "1035423801": {
      "maxRSS": 18136,
      "systemtime": 0,
      "usertime": 25907
     },
     "1035424869": {
      "maxRSS": 18136,
      "systemtime": 0,
      "usertime": 29920
     },
     "1035425940": {
      "maxRSS": 18136,
      "systemtime": 0,
      "usertime": 29932
     },
     "1035427041": {
      "maxRSS": 18136,
      "systemtime": 0,
      "usertime": 29945
     },
     "1035428123": {
      "maxRSS": 18136,
      "systemtime": 0,
      "usertime": 33959
     },
     "1035429211": {
      "maxRSS": 18136,
      "systemtime": 0,
      "usertime": 33981
     },
     "1035430335": {
      "maxRSS": 18136,
      "systemtime": 0,
      "usertime": 34002
     },
     "1035431413": {
      "maxRSS": 18136,
      "systemtime": 0,
      "usertime": 34018
     },
     "1035432491": {
      "maxRSS": 18136,
      "systemtime": 0,
      "usertime": 38048
     },
     "1035433610": {
      "maxRSS": 18136,
      "systemtime": 0,
      "usertime": 38061
     },
     "1035434204": {
      "maxRSS": 18136,
      "systemtime": 0,
      "usertime": 40251
     },
     "1035434230": {
      "maxRSS": 18136,
      "systemtime": 0,
      "usertime": 40276
     },
     "1035435405": {
      "maxRSS": 18136,
      "systemtime": 0,
      "usertime": 40293
     },
     "1035436588": {
      "maxRSS": 18136,
      "systemtime": 0,
      "usertime": 42097
     },
     "1035437733": {
      "maxRSS": 18136,
      "systemtime": 0,
      "usertime": 42113
     },
     "1035438898": {
      "maxRSS": 18136,
      "systemtime": 0,
      "usertime": 42127
     },
     "1035439822": {
      "maxRSS": 18136,
      "systemtime": 0,
      "usertime": 45952
     },
     "1035440887": {
      "maxRSS": 18136,
      "systemtime": 0,
      "usertime": 46145
     },
     "1035441952": {
      "maxRSS": 18136,
      "systemtime": 0,
      "usertime": 46152
     },
     "1035443084": {
      "maxRSS": 18136,
      "systemtime": 0,
      "usertime": 46173
     },
     "1035444158": {
      "maxRSS": 18136,
      "systemtime": 0,
      "usertime": 50185
     },
     "1035445279": {
      "maxRSS": 18136,
      "systemtime": 0,
      "usertime": 50198
     },
     "1035446407": {
      "maxRSS": 18136,
      "systemtime": 0,
      "usertime": 50212
     },
     "1035447482": {
      "maxRSS": 18136,
      "systemtime": 0,
      "usertime": 50226
     },
     "1035448568": {
      "maxRSS": 18136,
      "systemtime": 0,
      "usertime": 54243
     },
     "1035449656": {
      "maxRSS": 18136,
      "systemtime": 0,
      "usertime": 54264
     },
     "1035450735": {
      "maxRSS": 18136,
      "systemtime": 0,
      "usertime": 54280
     },
     "1035451846": {
      "maxRSS": 18136,
      "systemtime": 0,
      "usertime": 54295
     },
     "1035452922": {
      "maxRSS": 18136,
      "systemtime": 0,
      "usertime": 58324
     },
     "1035453998": {
      "maxRSS": 18248,
      "systemtime": 0,
      "usertime": 58339
     },
     "1035455066": {
      "maxRSS": 18248,
      "systemtime": 0,
      "usertime": 58350
     },
     "1035456140": {
      "maxRSS": 18376,
      "systemtime": 0,
      "usertime": 62360
     },
     "1035457243": {
      "maxRSS": 18504,
      "systemtime": 0,
      "usertime": 62370
     },
     "1035458352": {
      "maxRSS": 18632,
      "systemtime": 0,
      "usertime": 62394
     },
     "1035459433": {
      "maxRSS": 18632,
      "systemtime": 0,
      "usertime": 62401
     },
     "1035460563": {
      "maxRSS": 18760,
      "systemtime": 0,
      "usertime": 66399
     },
     "1035461697": {
      "maxRSS": 18888,
      "systemtime": 0,
      "usertime": 66417
     },
     "1035462912": {
      "maxRSS": 19016,
      "systemtime": 0,
      "usertime": 66438
     },
     "1035464028": {
      "maxRSS": 19016,
      "systemtime": 0,
      "usertime": 70452
     },
     "1035465101": {
      "maxRSS": 19144,
      "systemtime": 0,
      "usertime": 70462
     },
     "1035466265": {
      "maxRSS": 19272,
      "systemtime": 0,
      "usertime": 70479
     },
     "1035467351": {
      "maxRSS": 19400,
      "systemtime": 0,
      "usertime": 70495
     },
     "1035468592": {
      "maxRSS": 19528,
      "systemtime": 0,
      "usertime": 74535
     },
     "1035469795": {
      "maxRSS": 19528,
      "systemtime": 0,
      "usertime": 74557
     },
     "1035470969": {
      "maxRSS": 19656,
      "systemtime": 0,
      "usertime": 74579
     },
     "1035472034": {
      "maxRSS": 19784,
      "systemtime": 0,
      "usertime": 78593
     },
     "1035472576": {
      "maxRSS": 19784,
      "systemtime": 0,
      "usertime": 79143
     },
     "1035472655": {
      "maxRSS": 19784,
      "systemtime": 0,
      "usertime": 79231
     },
     "1035473796": {
      "maxRSS": 20040,
      "systemtime": 0,
      "usertime": 79249
     },
     "1035474981": {
      "maxRSS": 20424,
      "systemtime": 0,
      "usertime": 79268
     },
     "1035476161": {
      "maxRSS": 20808,
      "systemtime": 0,
      "usertime": 82769
     },
     "1035477250": {
      "maxRSS": 21064,
      "systemtime": 0,
      "usertime": 82785
     },
     "1035478463": {
      "maxRSS": 21320,
      "systemtime": 0,
      "usertime": 82803
     },
     "1035479583": {
      "maxRSS": 21704,
      "systemtime": 0,
      "usertime": 82820
     },
     "1035480669": {
      "maxRSS": 21960,
      "systemtime": 3936,
      "usertime": 82820
     },
     "1035481754": {
      "maxRSS": 22344,
      "systemtime": 3953,
      "usertime": 82820
     },
     "1035482851": {
      "maxRSS": 22600,
      "systemtime": 3990,
      "usertime": 82820
     },
     "1035483864": {
      "maxRSS": 22856,
      "systemtime": 4317,
      "usertime": 86354
     },
     "1035484936": {
      "maxRSS": 22856,
      "systemtime": 4317,
      "usertime": 86521
     },
     "1035486002": {
      "maxRSS": 22856,
      "systemtime": 4317,
      "usertime": 86530
     },
     "1035487079": {
      "maxRSS": 22856,
      "systemtime": 4317,
      "usertime": 86543
     },
     "1035488155": {
      "maxRSS": 22856,
      "systemtime": 4317,
      "usertime": 90556
     },
     "1035489297": {
      "maxRSS": 22856,
      "systemtime": 4317,
      "usertime": 90588
     },
     "1035490406": {
      "maxRSS": 22856,
      "systemtime": 4317,
      "usertime": 90600
     },
     "1035491480": {
      "maxRSS": 22856,
      "systemtime": 4317,
      "usertime": 90612
     },
     "1035492593": {
      "maxRSS": 22856,
      "systemtime": 4317,
      "usertime": 94631
     },
     "1035493828": {
      "maxRSS": 22856,
      "systemtime": 4317,
      "usertime": 94645
     },
     "1035494909": {
      "maxRSS": 22856,
      "systemtime": 4317,
      "usertime": 94662
     },
     "1035495998": {
      "maxRSS": 22856,
      "systemtime": 4317,
      "usertime": 94686
     },
     "1035497181": {
      "maxRSS": 22856,
      "systemtime": 4317,
      "usertime": 98778
     },
     "1035498259": {
      "maxRSS": 22856,
      "systemtime": 4317,
      "usertime": 98793
     },
     "1035499360": {
      "maxRSS": 22856,
      "systemtime": 4317,
      "usertime": 98803
     },
     "1035500528": {
      "maxRSS": 22856,
      "systemtime": 4317,
      "usertime": 102817
     },
     "1035501612": {
      "maxRSS": 22984,
      "systemtime": 4317,
      "usertime": 102833
     },
     "1035502716": {
      "maxRSS": 23112,
      "systemtime": 4317,
      "usertime": 102845
     },
     "1035503791": {
      "maxRSS": 23112,
      "systemtime": 4317,
      "usertime": 102859
     },
     "1035504893": {
      "maxRSS": 23240,
      "systemtime": 4317,
      "usertime": 106843
     },
     "1035506002": {
      "maxRSS": 23368,
      "systemtime": 4317,
      "usertime": 106857
     },
     "1035507074": {
      "maxRSS": 23496,
      "systemtime": 4317,
      "usertime": 106871
     },
     "1035508147": {
      "maxRSS": 23496,
      "systemtime": 4317,
      "usertime": 110880
     },
     "1035509245": {
      "maxRSS": 23624,
      "systemtime": 4317,
      "usertime": 110894
     },
     "1035510323": {
      "maxRSS": 23752,
      "systemtime": 4317,
      "usertime": 110913
     },
     "1035511393": {
      "maxRSS": 23880,
      "systemtime": 4317,
      "usertime": 110925
     },
     "1035512467": {
      "maxRSS": 23880,
      "systemtime": 4317,
      "usertime": 114941
     },
     "1035513572": {
      "maxRSS": 24008,
      "systemtime": 4317,
      "usertime": 114954
     },
     "1035514649": {
      "maxRSS": 24136,
      "systemtime": 4317,
      "usertime": 114966
     },
     "1035515725": {
      "maxRSS": 24264,
      "systemtime": 4317,
      "usertime": 114980
     },
     "1035516910": {
      "maxRSS": 24264,
      "systemtime": 4317,
      "usertime": 119010
     },
     "1035518003": {
      "maxRSS": 24392,
      "systemtime": 4317,
      "usertime": 119026
     },
     "1035519077": {
      "maxRSS": 24520,
      "systemtime": 4317,
      "usertime": 119039
     },
     "1035520149": {
      "maxRSS": 24648,
      "systemtime": 4317,
      "usertime": 123037
     },
     "1035521226": {
      "maxRSS": 24648,
      "systemtime": 4317,
      "usertime": 123050
     },
     "1035522296": {
      "maxRSS": 24776,
      "systemtime": 4317,
      "usertime": 123063
     },
     "1035523360": {
      "maxRSS": 24904,
      "systemtime": 4317,
      "usertime": 123071
     },
     "1035524436": {
      "maxRSS": 25032,
      "systemtime": 4317,
      "usertime": 127084
     },
     "1035525500": {
      "maxRSS": 25032,
      "systemtime": 4317,
      "usertime": 127091
     },
     "1035526563": {
      "maxRSS": 25160,
      "systemtime": 4317,
      "usertime": 127098
     },
     "1035527660": {
      "maxRSS": 25288,
      "systemtime": 4317,
      "usertime": 127105
     },
     "1035528731": {
      "maxRSS": 25288,
      "systemtime": 4317,
      "usertime": 131114
     },
     "1035529826": {
      "maxRSS": 25416,
      "systemtime": 4317,
      "usertime": 131130
     },
     "1035530899": {
      "maxRSS": 25544,
      "systemtime": 4317,
      "usertime": 131145
     },
     "1035531964": {
      "maxRSS": 25672,
      "systemtime": 4317,
      "usertime": 131153
     },
     "1035533035": {
      "maxRSS": 25672,
      "systemtime": 4317,
      "usertime": 135162
     },
     "1035534108": {
      "maxRSS": 25800,
      "systemtime": 4317,
      "usertime": 135173
     },
     "1035535183": {
      "maxRSS": 25928,
      "systemtime": 4317,
      "usertime": 135185
     },
     "1035536270": {
      "maxRSS": 26056,
      "systemtime": 4317,
      "usertime": 139208
     },
     "1035537382": {
      "maxRSS": 26056,
      "systemtime": 4317,
      "usertime": 139247
     },
     "1035538451": {
      "maxRSS": 26184,
      "systemtime": 4317,
      "usertime": 139258
     },
     "1035539572": {
      "maxRSS": 26312,
      "systemtime": 4317,
      "usertime": 139272
     },
     "1035540775": {
      "maxRSS": 26440,
      "systemtime": 4317,
      "usertime": 143285
     },
     "1035541839": {
      "maxRSS": 26440,
      "systemtime": 4317,
      "usertime": 143293
     },
     "1035542903": {
      "maxRSS": 26568,
      "systemtime": 4317,
      "usertime": 143300
     },
     "1035543980": {
      "maxRSS": 26696,
      "systemtime": 4317,
      "usertime": 143313
     },
     "1035545051": {
      "maxRSS": 26824,
      "systemtime": 4317,
      "usertime": 147325
     },
     "1035546124": {
      "maxRSS": 26824,
      "systemtime": 4317,
      "usertime": 147336
     },
     "1035547191": {
      "maxRSS": 26952,
      "systemtime": 4317,
      "usertime": 147346
     },
     "1035548256": {
      "maxRSS": 27080,
      "systemtime": 4317,
      "usertime": 151354
     },
     "1035549321": {
      "maxRSS": 27080,
      "systemtime": 4317,
      "usertime": 152594
     },
     "1035549461": {
      "maxRSS": 27080,
      "systemtime": 4317,
      "usertime": 152825
     },
     "1035549625": {
      "maxRSS": 27080,
      "systemtime": 4317,
      "usertime": 152983
     },
     "1035550697": {
      "maxRSS": 27464,
      "systemtime": 4317,
      "usertime": 152993
     },
     "1035551771": {
      "maxRSS": 27720,
      "systemtime": 4317,
      "usertime": 153007
     },
     "1035552874": {
      "maxRSS": 28104,
      "systemtime": 4317,
      "usertime": 155419
     },
     "1035553946": {
      "maxRSS": 28360,
      "systemtime": 4317,
      "usertime": 155429
     },
     "1035555021": {
      "maxRSS": 28616,
      "systemtime": 4317,
      "usertime": 155442
     },
     "1035556092": {
      "maxRSS": 29000,
      "systemtime": 4317,
      "usertime": 159455
     },
     "1035557256": {
      "maxRSS": 29256,
      "systemtime": 4317,
      "usertime": 159469
     },
     "1035558450": {
      "maxRSS": 29640,
      "systemtime": 4317,
      "usertime": 159482
     },
     "1035559570": {
      "maxRSS": 29896,
      "systemtime": 4317,
      "usertime": 159493
     },
     "1035560662": {
      "maxRSS": 30280,
      "systemtime": 4317,
      "usertime": 163505
     },
     "1035561804": {
      "maxRSS": 30536,
      "systemtime": 4317,
      "usertime": 163523
     },
     "1035562893": {
      "maxRSS": 30792,
      "systemtime": 4317,
      "usertime": 163545
     },
     "1035563968": {
      "maxRSS": 31176,
      "systemtime": 4317,
      "usertime": 163560
     },
     "1035565044": {
      "maxRSS": 31432,
      "systemtime": 4317,
      "usertime": 167588
     },
     "1035566112": {
      "maxRSS": 31688,
      "systemtime": 4317,
      "usertime": 167598
     },
     "1035567183": {
      "maxRSS": 31944,
      "systemtime": 4317,
      "usertime": 167608
     },
     "1035568253": {
      "maxRSS": 32200,
      "systemtime": 4317,
      "usertime": 171603
     },
     "1035569364": {
      "maxRSS": 32584,
      "systemtime": 4317,
      "usertime": 171618
     },
     "1035570463": {
      "maxRSS": 32840,
      "systemtime": 4317,
      "usertime": 171634
     },
     "1035571060": {
      "maxRSS": 32840,
      "systemtime": 4317,
      "usertime": 174666
     },
     "1035572097": {
      "maxRSS": 32840,
      "systemtime": 4317,
      "usertime": 175750
     },
     "1035573214": {
      "maxRSS": 32840,
      "systemtime": 4317,
      "usertime": 175771
     },
     "1035574319": {
      "maxRSS": 32840,
      "systemtime": 4317,
      "usertime": 175783
     },
     "1035575388": {
      "maxRSS": 32840,
      "systemtime": 4317,
      "usertime": 175793
     },
     "1035576465": {
      "maxRSS": 32840,
      "systemtime": 4317,
      "usertime": 179729
     },
     "1035577552": {
      "maxRSS": 32840,
      "systemtime": 4317,
      "usertime": 179747
     },
     "1035578627": {
      "maxRSS": 32840,
      "systemtime": 4317,
      "usertime": 179763
     },
     "1035579699": {
      "maxRSS": 32840,
      "systemtime": 4317,
      "usertime": 179774
     },
     "1035580772": {
      "maxRSS": 32840,
      "systemtime": 4317,
      "usertime": 183786
     },
     "1035581847": {
      "maxRSS": 32840,
      "systemtime": 4317,
      "usertime": 183804
     },
     "1035582939": {
      "maxRSS": 32840,
      "systemtime": 4317,
      "usertime": 183836
     },
     "1035584056": {
      "maxRSS": 32840,
      "systemtime": 4317,
      "usertime": 187845
     },
     "1035585170": {
      "maxRSS": 32840,
      "systemtime": 4317,
      "usertime": 187862
     },
     "1035586254": {
      "maxRSS": 32840,
      "systemtime": 4317,
      "usertime": 187876
     },
     "1035587342": {
      "maxRSS": 32840,
      "systemtime": 4317,
      "usertime": 187894
     },
     "1035588415": {
      "maxRSS": 32840,
      "systemtime": 4317,
      "usertime": 191909
     },
     "1035589488": {
      "maxRSS": 32840,
      "systemtime": 4317,
      "usertime": 191925
     },
     "1035590554": {
      "maxRSS": 32840,
      "systemtime": 4317,
      "usertime": 191933
     },
     "1035591663": {
      "maxRSS": 32840,
      "systemtime": 4317,
      "usertime": 191947
     },
     "1035592733": {
      "maxRSS": 32840,
      "systemtime": 4317,
      "usertime": 195957
     },
     "1035593801": {
      "maxRSS": 32840,
      "systemtime": 4317,
      "usertime": 195968
     },
     "1035594870": {
      "maxRSS": 32840,
      "systemtime": 4317,
      "usertime": 195977
     },
     "1035595944": {
      "maxRSS": 32840,
      "systemtime": 4317,
      "usertime": 195992
     },
     "1035597014": {
      "maxRSS": 32840,
      "systemtime": 4317,
      "usertime": 200002
     },
     "1035598082": {
      "maxRSS": 32840,
      "systemtime": 4317,
      "usertime": 200011
     },
     "1035599156": {
      "maxRSS": 32840,
      "systemtime": 4317,
      "usertime": 200022
     },
     "1035600270": {
      "maxRSS": 32840,
      "systemtime": 4317,
      "usertime": 204052
     },
     "1035601376": {
      "maxRSS": 32840,
      "systemtime": 4317,
      "usertime": 204072
     },
     "1035602457": {
      "maxRSS": 32840,
      "systemtime": 4317,
      "usertime": 204088
     },
     "1035603544": {
      "maxRSS": 32840,
      "systemtime": 4317,
      "usertime": 204109
     },
     "1035604624": {
      "maxRSS": 32840,
      "systemtime": 4317,
      "usertime": 208129
     },
     "1035605701": {
      "maxRSS": 32968,
      "systemtime": 4317,
      "usertime": 208144
     },
     "1035606803": {
      "maxRSS": 33096,
      "systemtime": 4317,
      "usertime": 208157
     },
     "1035607902": {
      "maxRSS": 33224,
      "systemtime": 4317,
      "usertime": 208176
     },
     "1035609006": {
      "maxRSS": 33224,
      "systemtime": 4317,
      "usertime": 212201
     },
     "1035610129": {
      "maxRSS": 33352,
      "systemtime": 4317,
      "usertime": 212237
     },
     "1035611276": {
      "maxRSS": 33480,
      "systemtime": 4317,
      "usertime": 212259
     },
     "1035612351": {
      "maxRSS": 33608,
      "systemtime": 4317,
      "usertime": 216275
     },
     "1035613440": {
      "maxRSS": 33608,
      "systemtime": 4317,
      "usertime": 216291
     },
     "1035614554": {
      "maxRSS": 33736,
      "systemtime": 4317,
      "usertime": 216307
     },
     "1035615634": {
      "maxRSS": 33864,
      "systemtime": 4317,
      "usertime": 216323
     },
     "1035616734": {
      "maxRSS": 33864,
      "systemtime": 4317,
      "usertime": 220362
     },
     "1035617810": {
      "maxRSS": 33992,
      "systemtime": 4317,
      "usertime": 220377
     },
     "1035618905": {
      "maxRSS": 34120,
      "systemtime": 4317,
      "usertime": 220391
     },
     "1035619981": {
      "maxRSS": 34248,
      "systemtime": 4317,
      "usertime": 220405
     },
     "1035621061": {
      "maxRSS": 34248,
      "systemtime": 4317,
      "usertime": 224406
     },
     "1035622154": {
      "maxRSS": 34376,
      "systemtime": 4317,
      "usertime": 224421
     },
     "1035623267": {
      "maxRSS": 34504,
      "systemtime": 4317,
      "usertime": 224455
     },
     "1035624352": {
      "maxRSS": 34504,
      "systemtime": 4317,
      "usertime": 228477
     },
     "1035625454": {
      "maxRSS": 34632,
      "systemtime": 4317,
      "usertime": 228500
     },
     "1035626570": {
      "maxRSS": 34760,
      "systemtime": 4317,
      "usertime": 228528
     },
     "1035627654": {
      "maxRSS": 34888,
      "systemtime": 4317,
      "usertime": 228538
     },
     "1035628734": {
      "maxRSS": 34888,
      "systemtime": 4317,
      "usertime": 232553
     },
     "1035629813": {
      "maxRSS": 35016,
      "systemtime": 4317,
      "usertime": 232568
     },
     "1035630900": {
      "maxRSS": 35144,
      "systemtime": 4317,
      "usertime": 232604
     },
     "1035632025": {
      "maxRSS": 35272,
      "systemtime": 4317,
      "usertime": 236612
     },
     "1035633100": {
      "maxRSS": 35272,
      "systemtime": 4317,
      "usertime": 236619
     },
     "1035634164": {
      "maxRSS": 35400,
      "systemtime": 4317,
      "usertime": 236626
     },
     "1035635229": {
      "maxRSS": 35528,
      "systemtime": 4317,
      "usertime": 236634
     },
     "1035636315": {
      "maxRSS": 35528,
      "systemtime": 4317,
      "usertime": 240646
     },
     "1035637405": {
      "maxRSS": 35656,
      "systemtime": 4317,
      "usertime": 240672
     },
     "1035638484": {
      "maxRSS": 35784,
      "systemtime": 4317,
      "usertime": 240690
     },
     "1035639561": {
      "maxRSS": 35912,
      "systemtime": 4317,
      "usertime": 240704
     },
     "1035640699": {
      "maxRSS": 35912,
      "systemtime": 4317,
      "usertime": 244738
     },
     "1035641811": {
      "maxRSS": 36040,
      "systemtime": 4317,
      "usertime": 244768
     },
     "1035642879": {
      "maxRSS": 36168,
      "systemtime": 4317,
      "usertime": 244778
     },
     "1035643960": {
      "maxRSS": 36296,
      "systemtime": 4317,
      "usertime": 244800
     },
     "1035645080": {
      "maxRSS": 36296,
      "systemtime": 4317,
      "usertime": 248823
     },
     "1035646192": {
      "maxRSS": 36424,
      "systemtime": 4317,
      "usertime": 248839
     },
     "1035647340": {
      "maxRSS": 36552,
      "systemtime": 4317,
      "usertime": 248862
     },
     "1035648471": {
      "maxRSS": 36552,
      "systemtime": 4317,
      "usertime": 252880
     },
     "1035649561": {
      "maxRSS": 36680,
      "systemtime": 4317,
      "usertime": 252895
     },
     "1035650697": {
      "maxRSS": 36808,
      "systemtime": 4317,
      "usertime": 252926
     },
     "1035651907": {
      "maxRSS": 36936,
      "systemtime": 4317,
      "usertime": 252953
     },
     "1035652988": {
      "maxRSS": 37064,
      "systemtime": 4317,
      "usertime": 256986
     },
     "1035654125": {
      "maxRSS": 37064,
      "systemtime": 4317,
      "usertime": 257003
     },
     "1035655206": {
      "maxRSS": 37192,
      "systemtime": 4317,
      "usertime": 257019
     },
     "1035656283": {
      "maxRSS": 37320,
      "systemtime": 4317,
      "usertime": 261016
     },
     "1035657351": {
      "maxRSS": 37320,
      "systemtime": 4317,
      "usertime": 261025
     },
     "1035658447": {
      "maxRSS": 37448,
      "systemtime": 4317,
      "usertime": 261047
     },
     "1035659576": {
      "maxRSS": 37576,
      "systemtime": 4317,
      "usertime": 261072
     },
     "1035660662": {
      "maxRSS": 37704,
      "systemtime": 4317,
      "usertime": 265092
     },
     "1035661740": {
      "maxRSS": 37704,
      "systemtime": 4317,
      "usertime": 265107
     },
     "1035662843": {
      "maxRSS": 37832,
      "systemtime": 4317,
      "usertime": 265118
     },
     "1035663941": {
      "maxRSS": 37960,
      "systemtime": 4317,
      "usertime": 265128
     },
     "1035665085": {
      "maxRSS": 37960,
      "systemtime": 4317,
      "usertime": 269151
     },
     "1035666183": {
      "maxRSS": 38088,
      "systemtime": 4317,
      "usertime": 269160
     },
     "1035667282": {
      "maxRSS": 38216,
      "systemtime": 4317,
      "usertime": 269167
     },
     "1035668415": {
      "maxRSS": 38344,
      "systemtime": 4317,
      "usertime": 273184
     },
     "1035669515": {
      "maxRSS": 38344,
      "systemtime": 4317,
      "usertime": 273192
     },
     "1035670597": {
      "maxRSS": 38472,
      "systemtime": 4317,
      "usertime": 273206
     },
     "1035671746": {
      "maxRSS": 38600,
      "systemtime": 4317,
      "usertime": 273237
     },
     "1035672877": {
      "maxRSS": 38728,
      "systemtime": 4317,
      "usertime": 277259
     },
     "1035673960": {
      "maxRSS": 38728,
      "systemtime": 4317,
      "usertime": 277268
     },
     "1035675025": {
      "maxRSS": 38856,
      "systemtime": 4317,
      "usertime": 277277
     },
     "1035676056": {
      "maxRSS": 38984,
      "systemtime": 4317,
      "usertime": 281285
     },
     "1035677186": {
      "maxRSS": 39112,
      "systemtime": 4317,
      "usertime": 281303
     },
     "1035678294": {
      "maxRSS": 39112,
      "systemtime": 4317,
      "usertime": 281320
     },
     "1035679390": {
      "maxRSS": 39240,
      "systemtime": 4317,
      "usertime": 281327
     },
     "1035680493": {
      "maxRSS": 39368,
      "systemtime": 4317,
      "usertime": 285337
     },
     "1035681593": {
      "maxRSS": 39496,
      "systemtime": 4317,
      "usertime": 285345
     },
     "1035682689": {
      "maxRSS": 39496,
      "systemtime": 4317,
      "usertime": 285351
     },
     "1035683786": {
      "maxRSS": 39624,
      "systemtime": 4317,
      "usertime": 285359
     },
     "1035684854": {
      "maxRSS": 39752,
      "systemtime": 4317,
      "usertime": 289368
     },
     "1035685937": {
      "maxRSS": 39752,
      "systemtime": 4317,
      "usertime": 289384
     },
     "1035687018": {
      "maxRSS": 39880,
      "systemtime": 4317,
      "usertime": 289402
     },
     "1035688099": {
      "maxRSS": 40008,
      "systemtime": 4317,
      "usertime": 293436
     },
     "1035689209": {
      "maxRSS": 40136,
      "systemtime": 4317,
      "usertime": 293452
     },
     "1035690278": {
      "maxRSS": 40136,
      "systemtime": 4317,
      "usertime": 293463
     },
     "1035691374": {
      "maxRSS": 40264,
      "systemtime": 4317,
      "usertime": 293471
     },
     "1035692488": {
      "maxRSS": 40520,
      "systemtime": 4317,
      "usertime": 297482
     },
     "1035693559": {
      "maxRSS": 40520,
      "systemtime": 4317,
      "usertime": 297494
     },
     "1035694658": {
      "maxRSS": 40648,
      "systemtime": 4317,
      "usertime": 297502
     },
     "1035695723": {
      "maxRSS": 40776,
      "systemtime": 4317,
      "usertime": 297509
     },
     "1035696810": {
      "maxRSS": 40776,
      "systemtime": 4317,
      "usertime": 302039
     },
     "1035697425": {
      "maxRSS": 40776,
      "systemtime": 4317,
      "usertime": 302955
     },
     "1035697774": {
      "maxRSS": 40776,
      "systemtime": 4317,
      "usertime": 303322
     },
     "1035698922": {
      "maxRSS": 41160,
      "systemtime": 4317,
      "usertime": 303348
     },
     "1035700056": {
      "maxRSS": 41416,
      "systemtime": 4317,
      "usertime": 305622
     },
     "1035701180": {
      "maxRSS": 41800,
      "systemtime": 4317,
      "usertime": 305637
     },
     "1035702404": {
      "maxRSS": 42056,
      "systemtime": 4317,
      "usertime": 305666
     },
     "1035703510": {
      "maxRSS": 42440,
      "systemtime": 4317,
      "usertime": 305683
     },
     "1035704666": {
      "maxRSS": 42696,
      "systemtime": 4317,
      "usertime": 309744
     },
     "1035705763": {
      "maxRSS": 42952,
      "systemtime": 4317,
      "usertime": 309754
     },
     "1035706860": {
      "maxRSS": 43336,
      "systemtime": 4317,
      "usertime": 309761
     },
     "1035707963": {
      "maxRSS": 43592,
      "systemtime": 4317,
      "usertime": 309774
     },
     "1035709030": {
      "maxRSS": 43976,
      "systemtime": 4317,
      "usertime": 313781
     },
     "1035710095": {
      "maxRSS": 44232,
      "systemtime": 4317,
      "usertime": 313789
     },
     "1035711201": {
      "maxRSS": 44488,
      "systemtime": 4317,
      "usertime": 313804
     },
     "1035712287": {
      "maxRSS": 44744,
      "systemtime": 4317,
      "usertime": 317818
     },
     "1035713441": {
      "maxRSS": 45128,
      "systemtime": 4317,
      "usertime": 317834
     },
     "1035714524": {
      "maxRSS": 45384,
      "systemtime": 4317,
      "usertime": 317851
     },
     "1035715693": {
      "maxRSS": 45768,
      "systemtime": 4317,
      "usertime": 317867
     },
     "1035716901": {
      "maxRSS": 46024,
      "systemtime": 4317,
      "usertime": 321879
     },
     "1035718026": {
      "maxRSS": 46280,
      "systemtime": 4317,
      "usertime": 321908
     },
     "1035719117": {
      "maxRSS": 46664,
      "systemtime": 4317,
      "usertime": 321932
     },
     "1035720187": {
      "maxRSS": 46920,
      "systemtime": 4317,
      "usertime": 325946
     },
     "1035721256": {
      "maxRSS": 47176,
      "systemtime": 4317,
      "usertime": 325956
     },
     "1035722349": {
      "maxRSS": 47560,
      "systemtime": 4317,
      "usertime": 325971
     },
     "1035723439": {
      "maxRSS": 47816,
      "systemtime": 4317,
      "usertime": 325987
     },
     "1035724535": {
      "maxRSS": 48072,
      "systemtime": 4317,
      "usertime": 330001
     },
     "1035725627": {
      "maxRSS": 48328,
      "systemtime": 4317,
      "usertime": 330026
     },
     "1035726749": {
      "maxRSS": 48712,
      "systemtime": 4317,
      "usertime": 330052
     },
     "1035727836": {
      "maxRSS": 48968,
      "systemtime": 4317,
      "usertime": 330074
     },
     "1035728917": {
      "maxRSS": 49224,
      "systemtime": 4317,
      "usertime": 334090
     },
     "1035729991": {
      "maxRSS": 49480,
      "systemtime": 4317,
      "usertime": 334103
     },
     "1035731094": {
      "maxRSS": 49736,
      "systemtime": 4317,
      "usertime": 334112
     },
     "1035732168": {
      "maxRSS": 50120,
      "systemtime": 4317,
      "usertime": 338141
     },
     "1035733267": {
      "maxRSS": 50376,
      "systemtime": 4317,
      "usertime": 338149
     },
     "1035734371": {
      "maxRSS": 50632,
      "systemtime": 4317,
      "usertime": 338158
     },
     "1035735474": {
      "maxRSS": 51016,
      "systemtime": 4317,
      "usertime": 338181
     },
     "1035736591": {
      "maxRSS": 51016,
      "systemtime": 4317,
      "usertime": 342203
     },
     "1035737009": {
      "maxRSS": 51016,
      "systemtime": 4317,
      "usertime": 343230
     },
     "1035738137": {
      "maxRSS": 51016,
      "systemtime": 4317,
      "usertime": 343257
     },
     "1035739220": {
      "maxRSS": 51016,
      "systemtime": 4317,
      "usertime": 343274
     },
     "1035740294": {
      "maxRSS": 51016,
      "systemtime": 4317,
      "usertime": 346295
     },
     "1035741377": {
      "maxRSS": 51016,
      "systemtime": 4317,
      "usertime": 346309
     },
     "1035742472": {
      "maxRSS": 51016,
      "systemtime": 4317,
      "usertime": 346326
     },
     "1035743553": {
      "maxRSS": 51016,
      "systemtime": 4317,
      "usertime": 346342
     },
     "1035744652": {
      "maxRSS": 51016,
      "systemtime": 4317,
      "usertime": 350368
     },
     "1035745757": {
      "maxRSS": 51016,
      "systemtime": 4317,
      "usertime": 350411
     },
     "1035746846": {
      "maxRSS": 51016,
      "systemtime": 4317,
      "usertime": 350426
     },
     "1035747923": {
      "maxRSS": 51016,
      "systemtime": 4317,
      "usertime": 350441
     },
     "1035748999": {
      "maxRSS": 51016,
      "systemtime": 4317,
      "usertime": 354456
     },
     "1035750077": {
      "maxRSS": 51016,
      "systemtime": 4317,
      "usertime": 354472
     },
     "1035751157": {
      "maxRSS": 51016,
      "systemtime": 4317,
      "usertime": 354489
     },
     "1035752240": {
      "maxRSS": 51016,
      "systemtime": 4317,
      "usertime": 358513
     },
     "1035753330": {
      "maxRSS": 51016,
      "systemtime": 4317,
      "usertime": 358529
     },
     "1035754424": {
      "maxRSS": 51016,
      "systemtime": 4317,
      "usertime": 358546
     },
     "1035755500": {
      "maxRSS": 51016,
      "systemtime": 4317,
      "usertime": 358563
     },
     "1035756577": {
      "maxRSS": 51016,
      "systemtime": 4317,
      "usertime": 362595
     },
     "1035757653": {
      "maxRSS": 51016,
      "systemtime": 4317,
      "usertime": 362611
     },
     "1035758741": {
      "maxRSS": 51016,
      "systemtime": 4317,
      "usertime": 362639
     },
     "1035759816": {
      "maxRSS": 51016,
      "systemtime": 4317,
      "usertime": 362653
     },
     "1035760918": {
      "maxRSS": 51016,
      "systemtime": 4317,
      "usertime": 366653
     },
     "1035762000": {
      "maxRSS": 51016,
      "systemtime": 4317,
      "usertime": 366670
     },
     "1035763104": {
      "maxRSS": 51016,
      "systemtime": 4317,
      "usertime": 366687
     },
     "1035764182": {
      "maxRSS": 51016,
      "systemtime": 4317,
      "usertime": 370702
     },
     "1035765292": {
      "maxRSS": 51016,
      "systemtime": 4317,
      "usertime": 370729
     },
     "1035766383": {
      "maxRSS": 51016,
      "systemtime": 4317,
      "usertime": 370746
     },
     "1035767478": {
      "maxRSS": 51016,
      "systemtime": 4317,
      "usertime": 370762
     },
     "1035768612": {
      "maxRSS": 51016,
      "systemtime": 4317,
      "usertime": 374778
     },
     "1035769705": {
      "maxRSS": 51016,
      "systemtime": 4317,
      "usertime": 374793
     },
     "1035770783": {
      "maxRSS": 51016,
      "systemtime": 4317,
      "usertime": 374808
     },
     "1035771901": {
      "maxRSS": 51016,
      "systemtime": 4317,
      "usertime": 374830
     },
     "1035772993": {
      "maxRSS": 51016,
      "systemtime": 4317,
      "usertime": 378915
     },
     "1035774073": {
      "maxRSS": 51016,
      "systemtime": 4317,
      "usertime": 378931
     },
     "1035775177": {
      "maxRSS": 51016,
      "systemtime": 4317,
      "usertime": 378947
     },
     "1035776256": {
      "maxRSS": 51016,
      "systemtime": 4317,
      "usertime": 382917
     },
     "1035777337": {
      "maxRSS": 51016,
      "systemtime": 4317,
      "usertime": 382931
     },
     "1035778429": {
      "maxRSS": 51016,
      "systemtime": 4317,
      "usertime": 382946
     },
     "1035779534": {
      "maxRSS": 51016,
      "systemtime": 4317,
      "usertime": 382973
     },
     "1035780632": {
      "maxRSS": 51016,
      "systemtime": 4317,
      "usertime": 386982
     },
     "1035781739": {
      "maxRSS": 51016,
      "systemtime": 4317,
      "usertime": 386997
     },
     "1035782848": {
      "maxRSS": 51016,
      "systemtime": 4317,
      "usertime": 387022
     },
     "1035783933": {
      "maxRSS": 51016,
      "systemtime": 4317,
      "usertime": 387045
     },
     "1035785012": {
      "maxRSS": 51016,
      "systemtime": 4317,
      "usertime": 391060
     },
     "1035786128": {
      "maxRSS": 51016,
      "systemtime": 4317,
      "usertime": 391088
     },
     "1035787207": {
      "maxRSS": 51016,
      "systemtime": 4317,
      "usertime": 391103
     },
     "1035788283": {
      "maxRSS": 51016,
      "systemtime": 4317,
      "usertime": 395119
     },
     "1035789358": {
      "maxRSS": 51016,
      "systemtime": 4317,
      "usertime": 395133
     },
     "1035790428": {
      "maxRSS": 51016,
      "systemtime": 4317,
      "usertime": 395145
     },
     "1035791500": {
      "maxRSS": 51016,
      "systemtime": 4317,
      "usertime": 395157
     },
     "1035792589": {
      "maxRSS": 51016,
      "systemtime": 4317,
      "usertime": 399181
     },
     "1035793683": {
      "maxRSS": 51016,
      "systemtime": 4317,
      "usertime": 399195
     },
     "1035794760": {
      "maxRSS": 51016,
      "systemtime": 4317,
      "usertime": 399215
     },
     "1035795910": {
      "maxRSS": 51016,
      "systemtime": 4317,
      "usertime": 399230
     },
     "1035797004": {
      "maxRSS": 51016,
      "systemtime": 4317,
      "usertime": 403275
     },
     "1035798098": {
      "maxRSS": 51016,
      "systemtime": 4317,
      "usertime": 403291
     },
     "1035799173": {
      "maxRSS": 51016,
      "systemtime": 4317,
      "usertime": 403308
     },
     "1035800268": {
      "maxRSS": 51016,
      "systemtime": 4317,
      "usertime": 407325
     },
     "1035801339": {
      "maxRSS": 51016,
      "systemtime": 4317,
      "usertime": 407337
     },
     "1035802428": {
      "maxRSS": 51016,
      "systemtime": 4317,
      "usertime": 407351
     },
     "1035803552": {
      "maxRSS": 51016,
      "systemtime": 4317,
      "usertime": 407366
     },
     "1035804630": {
      "maxRSS": 51144,
      "systemtime": 4317,
      "usertime": 411357
     },
     "1035805701": {
      "maxRSS": 51144,
      "systemtime": 4317,
      "usertime": 411370
     },
     "1035806791": {
      "maxRSS": 51272,
      "systemtime": 4317,
      "usertime": 411393
     },
     "1035807887": {
      "maxRSS": 51400,
      "systemtime": 4317,
      "usertime": 411416
     },
     "1035809013": {
      "maxRSS": 51400,
      "systemtime": 4317,
      "usertime": 415459
     },
     "1035810109": {
      "maxRSS": 51528,
      "systemtime": 4317,
      "usertime": 415481
     },
     "1035811187": {
      "maxRSS": 51656,
      "systemtime": 4317,
      "usertime": 415496
     },
     "1035812272": {
      "maxRSS": 51656,
      "systemtime": 4317,
      "usertime": 419541
     },
     "1035813387": {
      "maxRSS": 51784,
      "systemtime": 4317,
      "usertime": 419560
     },
     "1035814461": {
      "maxRSS": 51912,
      "systemtime": 4317,
      "usertime": 419571
     },
     "1035815586": {
      "maxRSS": 52040,
      "systemtime": 4317,
      "usertime": 419593
     },
     "1035816673": {
      "maxRSS": 52040,
      "systemtime": 4317,
      "usertime": 423589
     },
     "1035817745": {
      "maxRSS": 52168,
      "systemtime": 4317,
      "usertime": 423601
     },
     "1035818835": {
      "maxRSS": 52296,
      "systemtime": 4317,
      "usertime": 423614
     },
     "1035819933": {
      "maxRSS": 52296,
      "systemtime": 4317,
      "usertime": 423637
     },
     "1035821016": {
      "maxRSS": 52424,
      "systemtime": 4317,
      "usertime": 427665
     },
     "1035822097": {
      "maxRSS": 52424,
      "systemtime": 4317,
      "usertime": 427683
     },
     "1035823185": {
      "maxRSS": 52552,
      "systemtime": 4317,
      "usertime": 427700
     },
     "1035824265": {
      "maxRSS": 52680,
      "systemtime": 4317,
      "usertime": 431710
     },
     "1035825356": {
      "maxRSS": 52808,
      "systemtime": 4317,
      "usertime": 431725
     },
     "1035826428": {
      "maxRSS": 52808,
      "systemtime": 4317,
      "usertime": 431738
     },
     "1035827542": {
      "maxRSS": 52936,
      "systemtime": 4317,
      "usertime": 431761
     },
     "1035828623": {
      "maxRSS": 53064,
      "systemtime": 4317,
      "usertime": 435774
     },
     "1035829710": {
      "maxRSS": 53064,
      "systemtime": 4317,
      "usertime": 435790
     },
     "1035830803": {
      "maxRSS": 53192,
      "systemtime": 4317,
      "usertime": 435806
     },
     "1035831877": {
      "maxRSS": 53192,
      "systemtime": 4317,
      "usertime": 435818
     },
     "1035832947": {
      "maxRSS": 53320,
      "systemtime": 4317,
      "usertime": 439827
     },
     "1035834073": {
      "maxRSS": 53448,
      "systemtime": 4317,
      "usertime": 439868
     },
     "1035835161": {
      "maxRSS": 53448,
      "systemtime": 4317,
      "usertime": 439884
     },
     "1035836239": {
      "maxRSS": 53576,
      "systemtime": 4317,
      "usertime": 443919
     },
     "1035837316": {
      "maxRSS": 53576,
      "systemtime": 4317,
      "usertime": 443934
     },
     "1035838434": {
      "maxRSS": 53704,
      "systemtime": 4317,
      "usertime": 443954
     },
     "1035839525": {
      "maxRSS": 53832,
      "systemtime": 4317,
      "usertime": 443973
     },
     "1035840646": {
      "maxRSS": 53832,
      "systemtime": 4317,
      "usertime": 448011
     },
     "1035841808": {
      "maxRSS": 53960,
      "systemtime": 4317,
      "usertime": 448050
     },
     "1035842949": {
      "maxRSS": 54088,
      "systemtime": 4317,
      "usertime": 448072
     },
     "1035844023": {
      "maxRSS": 54088,
      "systemtime": 4317,
      "usertime": 452073
     },
     "1035845118": {
      "maxRSS": 54216,
      "systemtime": 4317,
      "usertime": 452090
     },
     "1035846197": {
      "maxRSS": 54344,
      "systemtime": 4317,
      "usertime": 452106
     },
     "1035847285": {
      "maxRSS": 54344,
      "systemtime": 4317,
      "usertime": 452134
     },
     "1035848372": {
      "maxRSS": 54472,
      "systemtime": 4317,
      "usertime": 456147
     },
     "1035849483": {
      "maxRSS": 54600,
      "systemtime": 4317,
      "usertime": 456167
     },
     "1035850583": {
      "maxRSS": 54600,
      "systemtime": 4317,
      "usertime": 456191
     },
     "1035851701": {
      "maxRSS": 54728,
      "systemtime": 4317,
      "usertime": 456217
     },
     "1035852798": {
      "maxRSS": 54856,
      "systemtime": 4317,
      "usertime": 460252
     },
     "1035853876": {
      "maxRSS": 54856,
      "systemtime": 4317,
      "usertime": 460267
     },
     "1035854960": {
      "maxRSS": 54984,
      "systemtime": 4317,
      "usertime": 460304
     },
     "1035856021": {
      "maxRSS": 55112,
      "systemtime": 4317,
      "usertime": 464319
     },
     "1035857139": {
      "maxRSS": 55112,
      "systemtime": 4317,
      "usertime": 464338
     },
     "1035858223": {
      "maxRSS": 55240,
      "systemtime": 4317,
      "usertime": 464362
     },
     "1035859298": {
      "maxRSS": 55368,
      "systemtime": 4317,
      "usertime": 464377
     },
     "1035860392": {
      "maxRSS": 55368,
      "systemtime": 4317,
      "usertime": 468397
     },
     "1035861514": {
      "maxRSS": 55496,
      "systemtime": 4317,
      "usertime": 468437
     },
     "1035862603": {
      "maxRSS": 55624,
      "systemtime": 4317,
      "usertime": 468467
     },
     "1035863694": {
      "maxRSS": 55752,
      "systemtime": 4317,
      "usertime": 468482
     },
     "1035864801": {
      "maxRSS": 55752,
      "systemtime": 4317,
      "usertime": 472511
     },
     "1035865918": {
      "maxRSS": 55880,
      "systemtime": 4317,
      "usertime": 472554
     },
     "1035867004": {
      "maxRSS": 56008,
      "systemtime": 4317,
      "usertime": 472577
     },
     "1035868106": {
      "maxRSS": 56008,
      "systemtime": 4317,
      "usertime": 476652
     },
     "1035869212": {
      "maxRSS": 56136,
      "systemtime": 4317,
      "usertime": 476667
     },
     "1035870303": {
      "maxRSS": 56264,
      "systemtime": 4317,
      "usertime": 476683
     },
     "1035871392": {
      "maxRSS": 56264,
      "systemtime": 4317,
      "usertime": 476699
     },
     "1035872503": {
      "maxRSS": 56392,
      "systemtime": 4317,
      "usertime": 480698
     },
     "1035873597": {
      "maxRSS": 56520,
      "systemtime": 4317,
      "usertime": 480731
     },
     "1035874677": {
      "maxRSS": 56648,
      "systemtime": 4317,
      "usertime": 480752
     },
     "1035875752": {
      "maxRSS": 56648,
      "systemtime": 4317,
      "usertime": 480764
     },
     "1035877835": {
      "maxRSS": 56904,
      "systemtime": 4317,
      "usertime": 484779
     },
     "1035879912": {
      "maxRSS": 57032,
      "systemtime": 4317,
      "usertime": 484794
     },
     "1035882006": {
      "maxRSS": 57160,
      "systemtime": 4317,
      "usertime": 488808
     },
     "1035884066": {
      "maxRSS": 57416,
      "systemtime": 4317,
      "usertime": 492823
     },
     "1035886151": {
      "maxRSS": 57544,
      "systemtime": 4317,
      "usertime": 492840
     },
     "1035888238": {
      "maxRSS": 57672,
      "systemtime": 4317,
      "usertime": 496865
     },
     "1035890324": {
      "maxRSS": 57928,
      "systemtime": 4317,
      "usertime": 496880
     },
     "1035892419": {
      "maxRSS": 58056,
      "systemtime": 4317,
      "usertime": 500893
     },
     "1035894536": {
      "maxRSS": 58184,
      "systemtime": 4317,
      "usertime": 500918
     },
     "1035896632": {
      "maxRSS": 58440,
      "systemtime": 4317,
      "usertime": 504962
     },
     "1035898715": {
      "maxRSS": 58568,
      "systemtime": 4317,
      "usertime": 504983
     },
     "1035900811": {
      "maxRSS": 58696,
      "systemtime": 4317,
      "usertime": 509006
     },
     "1035902893": {
      "maxRSS": 58952,
      "systemtime": 4317,
      "usertime": 509024
     },
     "1035904974": {
      "maxRSS": 59080,
      "systemtime": 4317,
      "usertime": 513039
     },
     "1035907053": {
      "maxRSS": 59208,
      "systemtime": 4317,
      "usertime": 513056
     },
     "1035909193": {
      "maxRSS": 59464,
      "systemtime": 4317,
      "usertime": 517087
     },
     "1035911292": {
      "maxRSS": 59592,
      "systemtime": 4317,
      "usertime": 517109
     },
     "1035913418": {
      "maxRSS": 59720,
      "systemtime": 4317,
      "usertime": 521154
     },
     "1035915513": {
      "maxRSS": 59848,
      "systemtime": 4317,
      "usertime": 521181
     },
     "1035917598": {
      "maxRSS": 59976,
      "systemtime": 4317,
      "usertime": 525217
     },
     "1035919681": {
      "maxRSS": 60232,
      "systemtime": 4317,
      "usertime": 525235
     },
     "1035921755": {
      "maxRSS": 60360,
      "systemtime": 4317,
      "usertime": 529232
     },
     "1035923861": {
      "maxRSS": 60488,
      "systemtime": 4317,
      "usertime": 529245
     },
     "1035925960": {
      "maxRSS": 60744,
      "systemtime": 4317,
      "usertime": 533269
     },
     "1035928029": {
      "maxRSS": 60872,
      "systemtime": 4317,
      "usertime": 533286
     },
     "1035930119": {
      "maxRSS": 61000,
      "systemtime": 4317,
      "usertime": 537352
     },
     "1035932198": {
      "maxRSS": 61128,
      "systemtime": 4317,
      "usertime": 541319
     },
     "1035934270": {
      "maxRSS": 61256,
      "systemtime": 4317,
      "usertime": 541333
     },
     "1035936346": {
      "maxRSS": 61512,
      "systemtime": 4317,
      "usertime": 545346
     },
     "1035938476": {
      "maxRSS": 61640,
      "systemtime": 4317,
      "usertime": 545367
     },
     "1035940595": {
      "maxRSS": 61768,
      "systemtime": 4317,
      "usertime": 549393
     },
     "1035942694": {
      "maxRSS": 62024,
      "systemtime": 4317,
      "usertime": 549402
     },
     "1035944795": {
      "maxRSS": 62152,
      "systemtime": 4317,
      "usertime": 553411
     },
     "1035946918": {
      "maxRSS": 62280,
      "systemtime": 4317,
      "usertime": 553426
     },
     "1035948994": {
      "maxRSS": 62408,
      "systemtime": 4317,
      "usertime": 557448
     },
     "1035951191": {
      "maxRSS": 62664,
      "systemtime": 4317,
      "usertime": 557466
     },
     "1035953326": {
      "maxRSS": 62792,
      "systemtime": 4317,
      "usertime": 561489
     },
     "1035955409": {
      "maxRSS": 63048,
      "systemtime": 4317,
      "usertime": 561505
     },
     "1035957516": {
      "maxRSS": 63176,
      "systemtime": 4317,
      "usertime": 565522
     },
     "1035959584": {
      "maxRSS": 63304,
      "systemtime": 4317,
      "usertime": 565534
     },
     "1035961681": {
      "maxRSS": 63560,
      "systemtime": 4317,
      "usertime": 569541
     },
     "1035963756": {
      "maxRSS": 63688,
      "systemtime": 4317,
      "usertime": 569553
     },
     "1035965842": {
      "maxRSS": 63816,
      "systemtime": 4317,
      "usertime": 573582
     },
     "1035967927": {
      "maxRSS": 64072,
      "systemtime": 4317,
      "usertime": 573598
     },
     "1035970000": {
      "maxRSS": 64200,
      "systemtime": 4317,
      "usertime": 577611
     },
     "1035972081": {
      "maxRSS": 64200,
      "systemtime": 4317,
      "usertime": 581641
     },
     "1035972307": {
      "maxRSS": 64200,
      "systemtime": 4317,
      "usertime": 581946
     },
     "1035972898": {
      "maxRSS": 64200,
      "systemtime": 4317,
      "usertime": 582516
     },
     "1035974016": {
      "maxRSS": 64584,
      "systemtime": 4317,
      "usertime": 582539
     },
     "1035975082": {
      "maxRSS": 64840,
      "systemtime": 4317,
      "usertime": 582548
     },
     "1035976167": {
      "maxRSS": 65224,
      "systemtime": 4317,
      "usertime": 585723
     },
     "1035977249": {
      "maxRSS": 65480,
      "systemtime": 4317,
      "usertime": 585740
     },
     "1035978383": {
      "maxRSS": 65736,
      "systemtime": 4317,
      "usertime": 585763
     },
     "1035979475": {
      "maxRSS": 66120,
      "systemtime": 4317,
      "usertime": 585778
     },
     "1035980581": {
      "maxRSS": 66376,
      "systemtime": 4317,
      "usertime": 589789
     },
     "1035981658": {
      "maxRSS": 66632,
      "systemtime": 4317,
      "usertime": 589808
     },
     "1035982760": {
      "maxRSS": 67016,
      "systemtime": 4317,
      "usertime": 589819
     },
     "1035983862": {
      "maxRSS": 67272,
      "systemtime": 4317,
      "usertime": 589831
     },
     "1035984988": {
      "maxRSS": 67656,
      "systemtime": 4317,
      "usertime": 593849
     },
     "1035986084": {
      "maxRSS": 67912,
      "systemtime": 4317,
      "usertime": 593857
     },
     "1035987160": {
      "maxRSS": 68168,
      "systemtime": 4317,
      "usertime": 593868
     },
     "1035988298": {
      "maxRSS": 68424,
      "systemtime": 4317,
      "usertime": 597898
     },
     "1035989492": {
      "maxRSS": 68808,
      "systemtime": 4317,
      "usertime": 597914
     },
     "1035990671": {
      "maxRSS": 69192,
      "systemtime": 4317,
      "usertime": 597931
     },
     "1035991854": {
      "maxRSS": 69448,
      "systemtime": 4317,
      "usertime": 597947
     },
     "1035993029": {
      "maxRSS": 69832,
      "systemtime": 4317,
      "usertime": 601963
     },
     "1035994179": {
      "maxRSS": 70088,
      "systemtime": 4317,
      "usertime": 601979
     },
     "1035995345": {
      "maxRSS": 70472,
      "systemtime": 4317,
      "usertime": 602003
     },
     "1035996541": {
      "maxRSS": 70728,
      "systemtime": 4317,
      "usertime": 606020
     },
     "1035997729": {
      "maxRSS": 71112,
      "systemtime": 4317,
      "usertime": 606037
     },
     "1035998903": {
      "maxRSS": 71368,
      "systemtime": 4317,
      "usertime": 606053
     },
     "1036000094": {
      "maxRSS": 71752,
      "systemtime": 4317,
      "usertime": 610081
     },
     "1036001174": {
      "maxRSS": 72008,
      "systemtime": 4317,
      "usertime": 610095
     },
     "1036002342": {
      "maxRSS": 72264,
      "systemtime": 4317,
      "usertime": 610117
     },
     "1036003552": {
      "maxRSS": 72648,
      "systemtime": 4317,
      "usertime": 610134
     },
     "1036004678": {
      "maxRSS": 72904,
      "systemtime": 4317,
      "usertime": 614171
     },
     "1036005812": {
      "maxRSS": 73288,
      "systemtime": 4317,
      "usertime": 614193
     },
     "1036006890": {
      "maxRSS": 73544,
      "systemtime": 4317,
      "usertime": 614208
     },
     "1036007962": {
      "maxRSS": 73800,
      "systemtime": 4317,
      "usertime": 614221
     },
     "1036009043": {
      "maxRSS": 74056,
      "systemtime": 4317,
      "usertime": 618238
     },
     "1036010192": {
      "maxRSS": 74440,
      "systemtime": 4317,
      "usertime": 618263
     },
     "1036011267": {
      "maxRSS": 74696,
      "systemtime": 4317,
      "usertime": 618276
     },
     "1036012368": {
      "maxRSS": 74952,
      "systemtime": 4317,
      "usertime": 622309
     },
     "1036013438": {
      "maxRSS": 75208,
      "systemtime": 4317,
      "usertime": 622321
     },
     "1036014573": {
      "maxRSS": 75592,
      "systemtime": 4317,
      "usertime": 622335
     },
     "1036015839": {
      "maxRSS": 75848,
      "systemtime": 4317,
      "usertime": 622351
     },
     "1036017043": {
      "maxRSS": 76104,
      "systemtime": 4317,
      "usertime": 626360
     },
     "1036018240": {
      "maxRSS": 76488,
      "systemtime": 4317,
      "usertime": 626383
     },
     "1036019449": {
      "maxRSS": 76744,
      "systemtime": 4317,
      "usertime": 626398
     },
     "1036020523": {
      "maxRSS": 77000,
      "systemtime": 4317,
      "usertime": 630408
     },
     "1036021605": {
      "maxRSS": 77256,
      "systemtime": 4317,
      "usertime": 630421
     },
     "1036022797": {
      "maxRSS": 77512,
      "systemtime": 4317,
      "usertime": 630435
     },
     "1036023933": {
      "maxRSS": 77768,
      "systemtime": 4317,
      "usertime": 630459
     },
     "1036025114": {
      "maxRSS": 78152,
      "systemtime": 4317,
      "usertime": 634489
     },
     "1036026279": {
      "maxRSS": 78408,
      "systemtime": 4317,
      "usertime": 634505
     },
     "1036027383": {
      "maxRSS": 78664,
      "systemtime": 4317,
      "usertime": 634521
     },
     "1036028468": {
      "maxRSS": 78920,
      "systemtime": 4317,
      "usertime": 638606
     },
     "1036029557": {
      "maxRSS": 79048,
      "systemtime": 4317,
      "usertime": 638625
     },
     "1036030660": {
      "maxRSS": 79304,
      "systemtime": 4317,
      "usertime": 638659
     },
     "1036031925": {
      "maxRSS": 79688,
      "systemtime": 4317,
      "usertime": 638677
     },
     "1036033104": {
      "maxRSS": 79944,
      "systemtime": 4317,
      "usertime": 642622
     },
     "1036034277": {
      "maxRSS": 80200,
      "systemtime": 4317,
      "usertime": 642639
     },
     "1036035441": {
      "maxRSS": 80456,
      "systemtime": 4317,
      "usertime": 642655
     },
     "1036036629": {
      "maxRSS": 80840,
      "systemtime": 4317,
      "usertime": 646670
     },
     "1036037722": {
      "maxRSS": 81224,
      "systemtime": 4317,
      "usertime": 646695
     },
     "1036038796": {
      "maxRSS": 81480,
      "systemtime": 4317,
      "usertime": 646709
     },
     "1036039872": {
      "maxRSS": 81736,
      "systemtime": 4317,
      "usertime": 646724
     },
     "1036040965": {
      "maxRSS": 81864,
      "systemtime": 4317,
      "usertime": 650738
     },
     "1036042038": {
      "maxRSS": 81864,
      "systemtime": 4317,
      "usertime": 650752
     },
     "1036042853": {
      "maxRSS": 81864,
      "systemtime": 4317,
      "usertime": 653612
     },
     "1036043973": {
      "maxRSS": 81864,
      "systemtime": 4317,
      "usertime": 653626
     },
     "1036045118": {
      "maxRSS": 81864,
      "systemtime": 5540,
      "usertime": 653626
     },
     "1036046233": {
      "maxRSS": 81864,
      "systemtime": 5560,
      "usertime": 653626
     },
     "1036047334": {
      "maxRSS": 81864,
      "systemtime": 5570,
      "usertime": 653626
     },
     "1036048410": {
      "maxRSS": 81864,
      "systemtime": 8039,
      "usertime": 655248
     },
     "1036049484": {
      "maxRSS": 81864,
      "systemtime": 8040,
      "usertime": 655263
     },
     "1036050589": {
      "maxRSS": 81864,
      "systemtime": 8040,
      "usertime": 655291
     },
     "1036051732": {
      "maxRSS": 81864,
      "systemtime": 8040,
      "usertime": 655336
     },
     "1036052925": {
      "maxRSS": 81864,
      "systemtime": 8040,
      "usertime": 659281
     },
     "1036054013": {
      "maxRSS": 81864,
      "systemtime": 8040,
      "usertime": 659299
     },
     "1036055088": {
      "maxRSS": 81864,
      "systemtime": 8040,
      "usertime": 659315
     },
     "1036056162": {
      "maxRSS": 81864,
      "systemtime": 8040,
      "usertime": 663333
     },
     "1036057267": {
      "maxRSS": 81864,
      "systemtime": 8040,
      "usertime": 663344
     },
     "1036058367": {
      "maxRSS": 81864,
      "systemtime": 8040,
      "usertime": 663365
     },
     "1036059459": {
      "maxRSS": 81864,
      "systemtime": 8040,
      "usertime": 663381
     },
     "1036060576": {
      "maxRSS": 81864,
      "systemtime": 8040,
      "usertime": 667400
     },
     "1036061677": {
      "maxRSS": 81864,
      "systemtime": 8041,
      "usertime": 667412
     },
     "1036062749": {
      "maxRSS": 81864,
      "systemtime": 8041,
      "usertime": 667422
     },
     "1036063833": {
      "maxRSS": 81864,
      "systemtime": 8041,
      "usertime": 667436
     },
     "1036064933": {
      "maxRSS": 81864,
      "systemtime": 8041,
      "usertime": 671461
     },
     "1036066046": {
      "maxRSS": 81864,
      "systemtime": 8041,
      "usertime": 671485
     },
     "1036067130": {
      "maxRSS": 81864,
      "systemtime": 8042,
      "usertime": 671507
     },
     "1036068208": {
      "maxRSS": 81864,
      "systemtime": 8042,
      "usertime": 675526
     },
     "1036069311": {
      "maxRSS": 81864,
      "systemtime": 8042,
      "usertime": 675543
     },
     "1036070388": {
      "maxRSS": 81864,
      "systemtime": 8042,
      "usertime": 675560
     },
     "1036071463": {
      "maxRSS": 81864,
      "systemtime": 8042,
      "usertime": 675575
     },
     "1036072561": {
      "maxRSS": 81864,
      "systemtime": 8042,
      "usertime": 679608
     },
     "1036073645": {
      "maxRSS": 81864,
      "systemtime": 8042,
      "usertime": 679623
     },
     "1036074762": {
      "maxRSS": 81864,
      "systemtime": 8043,
      "usertime": 679644
     },
     "1036075868": {
      "maxRSS": 81864,
      "systemtime": 8043,
      "usertime": 679656
     },
     "1036076967": {
      "maxRSS": 81864,
      "systemtime": 8043,
      "usertime": 683665
     },
     "1036078067": {
      "maxRSS": 81864,
      "systemtime": 8043,
      "usertime": 683672
     },
     "1036079146": {
      "maxRSS": 81864,
      "systemtime": 8043,
      "usertime": 683692
     },
     "1036080214": {
      "maxRSS": 81864,
      "systemtime": 8043,
      "usertime": 687697
     },
     "1036081314": {
      "maxRSS": 81864,
      "systemtime": 8043,
      "usertime": 687708
     },
     "1036082387": {
      "maxRSS": 81864,
      "systemtime": 8043,
      "usertime": 687719
     },
     "1036083481": {
      "maxRSS": 81864,
      "systemtime": 8043,
      "usertime": 687740
     },
     "1036084580": {
      "maxRSS": 81864,
      "systemtime": 8043,
      "usertime": 691757
     },
     "1036085706": {
      "maxRSS": 81864,
      "systemtime": 8043,
      "usertime": 691781
     },
     "1036086777": {
      "maxRSS": 81864,
      "systemtime": 8044,
      "usertime": 691793
     },
     "1036087863": {
      "maxRSS": 81864,
      "systemtime": 8044,
      "usertime": 691805
     },
     "1036088999": {
      "maxRSS": 81864,
      "systemtime": 8044,
      "usertime": 695823
     },
     "1036090098": {
      "maxRSS": 81864,
      "systemtime": 8062,
      "usertime": 697421
     },
     "1036091170": {
      "maxRSS": 81864,
      "systemtime": 8062,
      "usertime": 697431
     },
     "1036092302": {
      "maxRSS": 81864,
      "systemtime": 8062,
      "usertime": 699845
     },
     "1036093401": {
      "maxRSS": 81864,
      "systemtime": 8062,
      "usertime": 699853
     },
     "1036094500": {
      "maxRSS": 81864,
      "systemtime": 8062,
      "usertime": 699862
     },
     "1036095579": {
      "maxRSS": 81864,
      "systemtime": 8062,
      "usertime": 699877
     },
     "1036096685": {
      "maxRSS": 81864,
      "systemtime": 8062,
      "usertime": 703899
     },
     "1036097765": {
      "maxRSS": 81864,
      "systemtime": 8062,
      "usertime": 703915
     },
     "1036098908": {
      "maxRSS": 81864,
      "systemtime": 8062,
      "usertime": 703939
     },
     "1036100075": {
      "maxRSS": 81864,
      "systemtime": 8062,
      "usertime": 707997
     },
     "1036101210": {
      "maxRSS": 81864,
      "systemtime": 8062,
      "usertime": 708018
     },
     "1036102313": {
      "maxRSS": 81864,
      "systemtime": 8062,
      "usertime": 708027
     },
     "1036103408": {
      "maxRSS": 81864,
      "systemtime": 8062,
      "usertime": 708034
     },
     "1036104591": {
      "maxRSS": 81864,
      "systemtime": 8062,
      "usertime": 712013
     },
     "1036105770": {
      "maxRSS": 81864,
      "systemtime": 8062,
      "usertime": 712031
     },
     "1036106964": {
      "maxRSS": 81864,
      "systemtime": 8062,
      "usertime": 712059
     },
     "1036108153": {
      "maxRSS": 81864,
      "systemtime": 8062,
      "usertime": 716078
     },
     "1036109360": {
      "maxRSS": 81864,
      "systemtime": 8062,
      "usertime": 716095
     },
     "1036110527": {
      "maxRSS": 81864,
      "systemtime": 8062,
      "usertime": 716112
     },
     "1036111665": {
      "maxRSS": 81864,
      "systemtime": 8062,
      "usertime": 716129
     },
     "1036112853": {
      "maxRSS": 81864,
      "systemtime": 8062,
      "usertime": 720172
     },
     "1036113946": {
      "maxRSS": 81864,
      "systemtime": 8062,
      "usertime": 720195
     },
     "1036115060": {
      "maxRSS": 81864,
      "systemtime": 8062,
      "usertime": 720220
     },
     "1036116191": {
      "maxRSS": 81864,
      "systemtime": 8062,
      "usertime": 724225
     },
     "1036117283": {
      "maxRSS": 81864,
      "systemtime": 8062,
      "usertime": 724246
     },
     "1036118364": {
      "maxRSS": 81864,
      "systemtime": 8062,
      "usertime": 724262
     },
     "1036119455": {
      "maxRSS": 81864,
      "systemtime": 8062,
      "usertime": 724278
     },
     "1036120547": {
      "maxRSS": 81864,
      "systemtime": 8062,
      "usertime": 728306
     },
     "1036121631": {
      "maxRSS": 81864,
      "systemtime": 8062,
      "usertime": 728331
     },
     "1036122715": {
      "maxRSS": 81864,
      "systemtime": 8062,
      "usertime": 728358
     },
     "1036123811": {
      "maxRSS": 81864,
      "systemtime": 8062,
      "usertime": 728371
     },
     "1036124917": {
      "maxRSS": 81864,
      "systemtime": 8062,
      "usertime": 732397
     },
     "1036126018": {
      "maxRSS": 81864,
      "systemtime": 8062,
      "usertime": 732416
     },
     "1036127140": {
      "maxRSS": 81864,
      "systemtime": 8062,
      "usertime": 732460
     },
     "1036128243": {
      "maxRSS": 81864,
      "systemtime": 8062,
      "usertime": 736505
     },
     "1036129345": {
      "maxRSS": 81864,
      "systemtime": 8062,
      "usertime": 736524
     },
     "1036130429": {
      "maxRSS": 81864,
      "systemtime": 8062,
      "usertime": 736544
     },
     "1036131539": {
      "maxRSS": 81864,
      "systemtime": 8062,
      "usertime": 736559
     },
     "1036132617": {
      "maxRSS": 81864,
      "systemtime": 8062,
      "usertime": 740574
     },
     "1036133687": {
      "maxRSS": 81864,
      "systemtime": 8062,
      "usertime": 740586
     },
     "1036134797": {
      "maxRSS": 81864,
      "systemtime": 8062,
      "usertime": 740617
     },
     "1036135907": {
      "maxRSS": 81864,
      "systemtime": 8062,
      "usertime": 740649
     },
     "1036136995": {
      "maxRSS": 81864,
      "systemtime": 8062,
      "usertime": 744692
     },
     "1036138103": {
      "maxRSS": 81864,
      "systemtime": 8062,
      "usertime": 744712
     },
     "1036139221": {
      "maxRSS": 81864,
      "systemtime": 8062,
      "usertime": 744742
     },
     "1036140317": {
      "maxRSS": 81864,
      "systemtime": 8062,
      "usertime": 748761
     },
     "1036141447": {
      "maxRSS": 81864,
      "systemtime": 8062,
      "usertime": 748799
     },
     "1036142543": {
      "maxRSS": 81864,
      "systemtime": 8062,
      "usertime": 748819
     },
     "1036143617": {
      "maxRSS": 81864,
      "systemtime": 8062,
      "usertime": 748833
     },
     "1036144747": {
      "maxRSS": 81864,
      "systemtime": 8062,
      "usertime": 752857
     },
     "1036145841": {
      "maxRSS": 81864,
      "systemtime": 8062,
      "usertime": 752887
     },
     "1036146982": {
      "maxRSS": 81864,
      "systemtime": 8062,
      "usertime": 752905
     },
     "1036148063": {
      "maxRSS": 81864,
      "systemtime": 8062,
      "usertime": 756983
     },
     "1036149161": {
      "maxRSS": 81864,
      "systemtime": 8062,
      "usertime": 756991
     },
     "1036150261": {
      "maxRSS": 81864,
      "systemtime": 8062,
      "usertime": 756999
     },
     "1036151359": {
      "maxRSS": 81864,
      "systemtime": 8062,
      "usertime": 757006
     },
     "1036152467": {
      "maxRSS": 81864,
      "systemtime": 8062,
      "usertime": 760966
     },
     "1036153557": {
      "maxRSS": 81864,
      "systemtime": 8062,
      "usertime": 760975
     },
     "1036154635": {
      "maxRSS": 81864,
      "systemtime": 8062,
      "usertime": 760989
     },
     "1036155754": {
      "maxRSS": 81864,
      "systemtime": 8062,
      "usertime": 761010
     },
     "1036156860": {
      "maxRSS": 81864,
      "systemtime": 8062,
      "usertime": 765040
     },
     "1036157926": {
      "maxRSS": 81864,
      "systemtime": 8062,
      "usertime": 765049
     },
     "1036159107": {
      "maxRSS": 81864,
      "systemtime": 8062,
      "usertime": 765063
     },
     "1036160184": {
      "maxRSS": 81864,
      "systemtime": 8062,
      "usertime": 769065
     },
     "1036161363": {
      "maxRSS": 81864,
      "systemtime": 8062,
      "usertime": 769081
     },
     "1036162540": {
      "maxRSS": 81864,
      "systemtime": 8062,
      "usertime": 769105
     },
     "1036163623": {
      "maxRSS": 81864,
      "systemtime": 8062,
      "usertime": 769122
     },
     "1036164708": {
      "maxRSS": 81864,
      "systemtime": 8062,
      "usertime": 773156
     },
     "1036165829": {
      "maxRSS": 81864,
      "systemtime": 8062,
      "usertime": 773191
     },
     "1036166965": {
      "maxRSS": 81864,
      "systemtime": 8062,
      "usertime": 773206
     },
     "1036168022": {
      "maxRSS": 81864,
      "systemtime": 8062,
      "usertime": 777204
     },
     "1036169135": {
      "maxRSS": 81864,
      "systemtime": 8062,
      "usertime": 777224
     },
     "1036170286": {
      "maxRSS": 81864,
      "systemtime": 8062,
      "usertime": 777238
     },
     "1036171465": {
      "maxRSS": 81864,
      "systemtime": 8062,
      "usertime": 777255
     },
     "1036172644": {
      "maxRSS": 81864,
      "systemtime": 8062,
      "usertime": 781269
     },
     "1036173748": {
      "maxRSS": 81864,
      "systemtime": 8062,
      "usertime": 781284
     },
     "1036174920": {
      "maxRSS": 81864,
      "systemtime": 8062,
      "usertime": 781300
     },
     "1036176073": {
      "maxRSS": 81864,
      "systemtime": 8062,
      "usertime": 785324
     },
     "1036177243": {
      "maxRSS": 81864,
      "systemtime": 8062,
      "usertime": 785340
     },
     "1036178416": {
      "maxRSS": 81864,
      "systemtime": 8062,
      "usertime": 785357
     },
     "1036179590": {
      "maxRSS": 81864,
      "systemtime": 8062,
      "usertime": 785374
     },
     "1036180779": {
      "maxRSS": 81864,
      "systemtime": 8062,
      "usertime": 789392
     },
     "1036181953": {
      "maxRSS": 81992,
      "systemtime": 8062,
      "usertime": 789408
     },
     "1036183123": {
      "maxRSS": 81992,
      "systemtime": 8062,
      "usertime": 789425
     },
     "1036184307": {
      "maxRSS": 82120,
      "systemtime": 8062,
      "usertime": 793452
     },
     "1036186431": {
      "maxRSS": 82248,
      "systemtime": 8062,
      "usertime": 793469
     },
     "1036188538": {
      "maxRSS": 82376,
      "systemtime": 8062,
      "usertime": 797490
     },
     "1036190639": {
      "maxRSS": 82632,
      "systemtime": 8062,
      "usertime": 797500
     },
     "1036192745": {
      "maxRSS": 82760,
      "systemtime": 8062,
      "usertime": 801506
     },
     "1036194853": {
      "maxRSS": 82888,
      "systemtime": 8062,
      "usertime": 801524
     },
     "1036196948": {
      "maxRSS": 83016,
      "systemtime": 8062,
      "usertime": 805544
     },
     "1036199018": {
      "maxRSS": 83272,
      "systemtime": 8062,
      "usertime": 805555
     },
     "1036201088": {
      "maxRSS": 83400,
      "systemtime": 8062,
      "usertime": 809565
     },
     "1036203191": {
      "maxRSS": 83528,
      "systemtime": 8062,
      "usertime": 809579
     },
     "1036205301": {
      "maxRSS": 83656,
      "systemtime": 8062,
      "usertime": 813633
     },
     "1036207391": {
      "maxRSS": 83784,
      "systemtime": 8062,
      "usertime": 813658
     },
     "1036209517": {
      "maxRSS": 84040,
      "systemtime": 8062,
      "usertime": 817681
     },
     "1036211683": {
      "maxRSS": 84168,
      "systemtime": 8062,
      "usertime": 817706
     },
     "1036213766": {
      "maxRSS": 84296,
      "systemtime": 8062,
      "usertime": 821716
     },
     "1036215960": {
      "maxRSS": 84424,
      "systemtime": 8062,
      "usertime": 821734
     },
     "1036218129": {
      "maxRSS": 84680,
      "systemtime": 8062,
      "usertime": 825750
     },
     "1036220214": {
      "maxRSS": 84808,
      "systemtime": 8062,
      "usertime": 829767
     },
     "1036222407": {
      "maxRSS": 84936,
      "systemtime": 8062,
      "usertime": 829807
     },
     "1036224511": {
      "maxRSS": 85064,
      "systemtime": 8062,
      "usertime": 833822
     },
     "1036226591": {
      "maxRSS": 85192,
      "systemtime": 8062,
      "usertime": 833835
     },
     "1036228675": {
      "maxRSS": 85448,
      "systemtime": 8062,
      "usertime": 837849
     },
     "1036230847": {
      "maxRSS": 85576,
      "systemtime": 8062,
      "usertime": 837866
     },
     "1036233023": {
      "maxRSS": 85704,
      "systemtime": 8062,
      "usertime": 841884
     },
     "1036235172": {
      "maxRSS": 85832,
      "systemtime": 8062,
      "usertime": 841901
     },
     "1036237301": {
      "maxRSS": 86088,
      "systemtime": 8062,
      "usertime": 845931
     },
     "1036239511": {
      "maxRSS": 86216,
      "systemtime": 8062,
      "usertime": 845951
     },
     "1036241596": {
      "maxRSS": 86344,
      "systemtime": 8062,
      "usertime": 849969
     },
     "1036243687": {
      "maxRSS": 86472,
      "systemtime": 8062,
      "usertime": 849985
     },
     "1036245884": {
      "maxRSS": 86728,
      "systemtime": 8062,
      "usertime": 854003
     },
     "1036248076": {
      "maxRSS": 86856,
      "systemtime": 8062,
      "usertime": 858022
     },
     "1036250267": {
      "maxRSS": 86984,
      "systemtime": 8062,
      "usertime": 858058
     },
     "1036252406": {
      "maxRSS": 87112,
      "systemtime": 8062,
      "usertime": 862113
     },
     "1036254511": {
      "maxRSS": 87240,
      "systemtime": 8062,
      "usertime": 862143
     },
     "1036256634": {
      "maxRSS": 87496,
      "systemtime": 8062,
      "usertime": 866147
     },
     "1036258741": {
      "maxRSS": 87624,
      "systemtime": 8062,
      "usertime": 866160
     },
     "1036260856": {
      "maxRSS": 87752,
      "systemtime": 8062,
      "usertime": 870176
     },
     "1036262963": {
      "maxRSS": 87880,
      "systemtime": 8062,
      "usertime": 870205
     },
     "1036265036": {
      "maxRSS": 88136,
      "systemtime": 8062,
      "usertime": 874284
     },
     "1036267210": {
      "maxRSS": 88264,
      "systemtime": 8062,
      "usertime": 874299
     },
     "1036269397": {
      "maxRSS": 88392,
      "systemtime": 8062,
      "usertime": 878254
     },
     "1036271556": {
      "maxRSS": 88648,
      "systemtime": 8062,
      "usertime": 878270
     },
     "1036273747": {
      "maxRSS": 88776,
      "systemtime": 8062,
      "usertime": 882287
     },
     "1036275858": {
      "maxRSS": 88904,
      "systemtime": 8062,
      "usertime": 882314
     },
     "1036277936": {
      "maxRSS": 89032,
      "systemtime": 8062,
      "usertime": 886330
     },
     "1036280029": {
      "maxRSS": 89288,
      "systemtime": 8062,
      "usertime": 890345
     },
     "1036282123": {
      "maxRSS": 89416,
      "systemtime": 8062,
      "usertime": 890361
     },
     "1036284204": {
      "maxRSS": 89544,
      "systemtime": 8062,
      "usertime": 894390
     },
     "1036286281": {
      "maxRSS": 89672,
      "systemtime": 8062,
      "usertime": 894405
     },
     "1036288365": {
      "maxRSS": 89800,
      "systemtime": 8062,
      "usertime": 898412
     },
     "1036290453": {
      "maxRSS": 90056,
      "systemtime": 8062,
      "usertime": 898439
     },
     "1036292530": {
      "maxRSS": 90184,
      "systemtime": 8062,
      "usertime": 902452
     },
     "1036294642": {
      "maxRSS": 90312,
      "systemtime": 8062,
      "usertime": 902473
     },
     "1036296721": {
      "maxRSS": 90440,
      "systemtime": 8062,
      "usertime": 906490
     },
     "1036298802": {
      "maxRSS": 90568,
      "systemtime": 8062,
      "usertime": 906505
     },
     "1036300880": {
      "maxRSS": 90824,
      "systemtime": 8062,
      "usertime": 910519
     },
     "1036302961": {
      "maxRSS": 90952,
      "systemtime": 8062,
      "usertime": 910541
     },
     "1036305069": {
      "maxRSS": 91080,
      "systemtime": 8062,
      "usertime": 914555
     },
     "1036307176": {
      "maxRSS": 91208,
      "systemtime": 8062,
      "usertime": 914565
     },
     "1036309276": {
      "maxRSS": 91464,
      "systemtime": 8062,
      "usertime": 918574
     },
     "1036311356": {
      "maxRSS": 91592,
      "systemtime": 8062,
      "usertime": 918585
     },
     "1036313439": {
      "maxRSS": 91720,
      "systemtime": 8062,
      "usertime": 922610
     },
     "1036315574": {
      "maxRSS": 91848,
      "systemtime": 8062,
      "usertime": 922642
     },
     "1036317667": {
      "maxRSS": 92104,
      "systemtime": 8062,
      "usertime": 926667
     },
     "1036319786": {
      "maxRSS": 92232,
      "systemtime": 8062,
      "usertime": 926680
     },
     "1036321909": {
      "maxRSS": 92360,
      "systemtime": 8062,
      "usertime": 930696
     },
     "1036323983": {
      "maxRSS": 92488,
      "systemtime": 8062,
      "usertime": 930710
     },
     "1036326053": {
      "maxRSS": 92616,
      "systemtime": 8062,
      "usertime": 934736
     },
     "1036328149": {
      "maxRSS": 92872,
      "systemtime": 8062,
      "usertime": 938761
     },
     "1036330254": {
      "maxRSS": 93000,
      "systemtime": 8062,
      "usertime": 938772
     },
     "1036332350": {
      "maxRSS": 93128,
      "systemtime": 8062,
      "usertime": 942785
     },
     "1036334416": {
      "maxRSS": 93256,
      "systemtime": 8062,
      "usertime": 942793
     },
     "1036336491": {
      "maxRSS": 93384,
      "systemtime": 8062,
      "usertime": 946805
     },
     "1036338621": {
      "maxRSS": 93640,
      "systemtime": 8062,
      "usertime": 946823
     },
     "1036340780": {
      "maxRSS": 93768,
      "systemtime": 8062,
      "usertime": 950841
     },
     "1036342870": {
      "maxRSS": 94024,
      "systemtime": 8062,
      "usertime": 950863
     },
     "1036345321": {
      "maxRSS": 94280,
      "systemtime": 8062,
      "usertime": 954884
     },
     "1036347462": {
      "maxRSS": 94408,
      "systemtime": 8062,
      "usertime": 954900
     },
     "1036349712": {
      "maxRSS": 94536,
      "systemtime": 8062,
      "usertime": 958938
     },
     "1036351911": {
      "maxRSS": 94664,
      "systemtime": 8062,
      "usertime": 958955
     },
     "1036354046": {
      "maxRSS": 94792,
      "systemtime": 8062,
      "usertime": 962961
     },
     "1036356129": {
      "maxRSS": 95048,
      "systemtime": 8062,
      "usertime": 967002
     },
     "1036358216": {
      "maxRSS": 95176,
      "systemtime": 8062,
      "usertime": 967022
     },
     "1036360289": {
      "maxRSS": 95304,
      "systemtime": 8062,
      "usertime": 971037
     },
     "1036362364": {
      "maxRSS": 95432,
      "systemtime": 8062,
      "usertime": 971051
     },
     "1036364446": {
      "maxRSS": 95688,
      "systemtime": 8062,
      "usertime": 975072
     },
     "1036366526": {
      "maxRSS": 95816,
      "systemtime": 8062,
      "usertime": 975088
     },
     "1036368610": {
      "maxRSS": 95944,
      "systemtime": 8062,
      "usertime": 979155
     },
     "1036370695": {
      "maxRSS": 96072,
      "systemtime": 8062,
      "usertime": 979174
     },
     "1036372770": {
      "maxRSS": 96200,
      "systemtime": 8062,
      "usertime": 983144
     },
     "1036374875": {
      "maxRSS": 96328,
      "systemtime": 8062,
      "usertime": 983157
     },
     "1036376944": {
      "maxRSS": 96584,
      "systemtime": 8062,
      "usertime": 987167
     },
     "1036379054": {
      "maxRSS": 96712,
      "systemtime": 8062,
      "usertime": 987179
     },
     "1036381137": {
      "maxRSS": 96840,
      "systemtime": 8062,
      "usertime": 991205
     },
     "1036383242": {
      "maxRSS": 96968,
      "systemtime": 8062,
      "usertime": 991217
     },
     "1036385318": {
      "maxRSS": 97096,
      "systemtime": 8062,
      "usertime": 995239
     },
     "1036387385": {
      "maxRSS": 97352,
      "systemtime": 8062,
      "usertime": 995248
     },
     "1036389454": {
      "maxRSS": 97480,
      "systemtime": 8062,
      "usertime": 999244
     },
     "1036391563": {
      "maxRSS": 97608,
      "systemtime": 8062,
      "usertime": 999260
     },
     "1036393654": {
      "maxRSS": 97736,
      "systemtime": 8062,
      "usertime": 1003286
     },
     "1036395754": {
      "maxRSS": 97992,
      "systemtime": 8062,
      "usertime": 1003320
     },
     "1036397867": {
      "maxRSS": 98120,
      "systemtime": 8062,
      "usertime": 1007341
     },
     "1036399973": {
      "maxRSS": 98248,
      "systemtime": 8062,
      "usertime": 1007355
     },
     "1036402073": {
      "maxRSS": 98376,
      "systemtime": 8062,
      "usertime": 1011363
     },
     "1036404149": {
      "maxRSS": 98632,
      "systemtime": 8062,
      "usertime": 1015375
     },
     "1036406230": {
      "maxRSS": 98760,
      "systemtime": 8062,
      "usertime": 1015391
     },
     "1036408364": {
      "maxRSS": 98888,
      "systemtime": 8062,
      "usertime": 1019446
     },
     "1036410442": {
      "maxRSS": 99016,
      "systemtime": 8062,
      "usertime": 1019462
     },
     "1036412513": {
      "maxRSS": 99144,
      "systemtime": 8062,
      "usertime": 1023472
     },
     "1036414621": {
      "maxRSS": 99400,
      "systemtime": 8062,
      "usertime": 1023485
     },
     "1036416724": {
      "maxRSS": 99528,
      "systemtime": 8062,
      "usertime": 1027498
     },
     "1036418824": {
      "maxRSS": 99656,
      "systemtime": 8062,
      "usertime": 1027505
     },
     "1036420943": {
      "maxRSS": 99784,
      "systemtime": 8062,
      "usertime": 1031531
     },
     "1036423088": {
      "maxRSS": 99912,
      "systemtime": 8062,
      "usertime": 1031558
     },
     "1036425194": {
      "maxRSS": 100168,
      "systemtime": 8062,
      "usertime": 1035581
     },
     "1036427297": {
      "maxRSS": 100296,
      "systemtime": 8062,
      "usertime": 1035589
     },
     "1036429401": {
      "maxRSS": 100424,
      "systemtime": 8062,
      "usertime": 1039585
     },
     "1036431528": {
      "maxRSS": 100552,
      "systemtime": 8062,
      "usertime": 1039598
     },
     "1036433723": {
      "maxRSS": 100680,
      "systemtime": 8066,
      "usertime": 1044554
     },
     "1036435292": {
      "maxRSS": 100680,
      "systemtime": 8083,
      "usertime": 1046807
     },
     "1036436347": {
      "maxRSS": 100680,
      "systemtime": 8083,
      "usertime": 1047917
     },
     "1036437532": {
      "maxRSS": 101064,
      "systemtime": 8083,
      "usertime": 1047938
     },
     "1036438654": {
      "maxRSS": 101320,
      "systemtime": 8083,
      "usertime": 1047953
     },
     "1036439743": {
      "maxRSS": 101576,
      "systemtime": 8083,
      "usertime": 1047968
     },
     "1036440851": {
      "maxRSS": 101832,
      "systemtime": 8083,
      "usertime": 1051729
     },
     "1036441932": {
      "maxRSS": 102216,
      "systemtime": 8083,
      "usertime": 1051744
     },
     "1036443034": {
      "maxRSS": 102472,
      "systemtime": 8083,
      "usertime": 1051771
     },
     "1036444176": {
      "maxRSS": 102728,
      "systemtime": 8083,
      "usertime": 1055814
     },
     "1036445265": {
      "maxRSS": 102984,
      "systemtime": 8083,
      "usertime": 1055845
     },
     "1036446401": {
      "maxRSS": 103368,
      "systemtime": 8083,
      "usertime": 1055876
     },
     "1036447540": {
      "maxRSS": 103624,
      "systemtime": 8083,
      "usertime": 1055906
     },
     "1036448666": {
      "maxRSS": 103880,
      "systemtime": 8083,
      "usertime": 1059955
     },
     "1036449770": {
      "maxRSS": 104264,
      "systemtime": 8083,
      "usertime": 1059978
     },
     "1036450852": {
      "maxRSS": 104520,
      "systemtime": 8083,
      "usertime": 1060004
     },
     "1036451957": {
      "maxRSS": 104776,
      "systemtime": 8083,
      "usertime": 1060028
     },
     "1036453068": {
      "maxRSS": 105032,
      "systemtime": 8083,
      "usertime": 1064045
     },
     "1036454160": {
      "maxRSS": 105416,
      "systemtime": 8083,
      "usertime": 1064074
     },
     "1036455271": {
      "maxRSS": 105672,
      "systemtime": 8083,
      "usertime": 1064105
     },
     "1036456356": {
      "maxRSS": 105928,
      "systemtime": 8083,
      "usertime": 1068131
     },
     "1036457427": {
      "maxRSS": 106184,
      "systemtime": 8083,
      "usertime": 1068145
     },
     "1036458523": {
      "maxRSS": 106568,
      "systemtime": 8083,
      "usertime": 1068168
     },
     "1036459602": {
      "maxRSS": 106824,
      "systemtime": 8083,
      "usertime": 1068188
     },
     "1036460679": {
      "maxRSS": 107080,
      "systemtime": 8083,
      "usertime": 1072203
     },
     "1036461776": {
      "maxRSS": 107208,
      "systemtime": 8083,
      "usertime": 1072226
     },
     "1036462860": {
      "maxRSS": 107464,
      "systemtime": 8083,
      "usertime": 1072245
     },
     "1036463941": {
      "maxRSS": 107720,
      "systemtime": 8083,
      "usertime": 1072263
     },
     "1036465040": {
      "maxRSS": 107976,
      "systemtime": 8083,
      "usertime": 1076285
     },
     "1036466150": {
      "maxRSS": 108232,
      "systemtime": 8083,
      "usertime": 1076300
     },
     "1036467267": {
      "maxRSS": 108616,
      "systemtime": 8083,
      "usertime": 1076317
     },
     "1036468355": {
      "maxRSS": 108872,
      "systemtime": 8083,
      "usertime": 1080340
     },
     "1036469459": {
      "maxRSS": 109128,
      "systemtime": 8083,
      "usertime": 1080363
     },
     "1036470544": {
      "maxRSS": 109384,
      "systemtime": 8083,
      "usertime": 1080391
     },
     "1036471626": {
      "maxRSS": 109640,
      "systemtime": 8083,
      "usertime": 1080407
     },
     "1036472702": {
      "maxRSS": 109896,
      "systemtime": 8083,
      "usertime": 1084422
     },
     "1036473784": {
      "maxRSS": 110280,
      "systemtime": 8083,
      "usertime": 1084440
     },
     "1036474866": {
      "maxRSS": 110536,
      "systemtime": 8083,
      "usertime": 1084457
     },
     "1036475962": {
      "maxRSS": 110792,
      "systemtime": 8083,
      "usertime": 1084486
     },
     "1036477091": {
      "maxRSS": 111048,
      "systemtime": 12094,
      "usertime": 1084490
     },
     "1036478208": {
      "maxRSS": 111304,
      "systemtime": 12094,
      "usertime": 1084510
     },
     "1036479325": {
      "maxRSS": 111560,
      "systemtime": 12095,
      "usertime": 1084536
     },
     "1036480432": {
      "maxRSS": 111944,
      "systemtime": 12095,
      "usertime": 1088547
     },
     "1036481548": {
      "maxRSS": 112200,
      "systemtime": 12095,
      "usertime": 1088566
     },
     "1036482672": {
      "maxRSS": 112456,
      "systemtime": 12095,
      "usertime": 1088612
     },
     "1036483761": {
      "maxRSS": 112840,
      "systemtime": 12096,
      "usertime": 1088642
     },
     "1036484840": {
      "maxRSS": 113096,
      "systemtime": 12096,
      "usertime": 1092657
     },
     "1036485932": {
      "maxRSS": 113224,
      "systemtime": 12096,
      "usertime": 1092674
     },
     "1036487022": {
      "maxRSS": 113480,
      "systemtime": 12096,
      "usertime": 1092691
     },
     "1036488096": {
      "maxRSS": 113736,
      "systemtime": 12096,
      "usertime": 1096758
     },
     "1036489176": {
      "maxRSS": 113992,
      "systemtime": 12096,
      "usertime": 1096779
     },
     "1036490242": {
      "maxRSS": 114248,
      "systemtime": 12096,
      "usertime": 1096788
     },
     "1036491331": {
      "maxRSS": 114504,
      "systemtime": 12097,
      "usertime": 1096799
     },
     "1036492407": {
      "maxRSS": 114760,
      "systemtime": 12097,
      "usertime": 1100765
     },
     "1036493517": {
      "maxRSS": 115144,
      "systemtime": 12097,
      "usertime": 1100781
     },
     "1036494617": {
      "maxRSS": 115400,
      "systemtime": 12097,
      "usertime": 1100805
     },
     "1036495748": {
      "maxRSS": 115656,
      "systemtime": 12097,
      "usertime": 1100875
     },
     "1036496858": {
      "maxRSS": 115912,
      "systemtime": 16112,
      "usertime": 1100875
     },
     "1036497969": {
      "maxRSS": 116168,
      "systemtime": 16130,
      "usertime": 1100885
     },
     "1036499049": {
      "maxRSS": 116424,
      "systemtime": 16130,
      "usertime": 1100905
     },
     "1036500121": {
      "maxRSS": 116680,
      "systemtime": 16130,
      "usertime": 1104918
     },
     "1036501235": {
      "maxRSS": 116936,
      "systemtime": 16130,
      "usertime": 1104937
     },
     "1036502324": {
      "maxRSS": 117192,
      "systemtime": 16130,
      "usertime": 1104962
     },
     "1036503435": {
      "maxRSS": 117448,
      "systemtime": 16131,
      "usertime": 1104985
     },
     "1036504538": {
      "maxRSS": 117704,
      "systemtime": 16131,
      "usertime": 1109014
     },
     "1036505618": {
      "maxRSS": 117960,
      "systemtime": 16131,
      "usertime": 1109035
     },
     "1036506741": {
      "maxRSS": 118344,
      "systemtime": 16131,
      "usertime": 1109066
     },
     "1036507856": {
      "maxRSS": 118600,
      "systemtime": 16132,
      "usertime": 1109085
     },
     "1036508941": {
      "maxRSS": 118856,
      "systemtime": 20147,
      "usertime": 1109085
     },
     "1036510037": {
      "maxRSS": 119112,
      "systemtime": 20165,
      "usertime": 1109089
     },
     "1036511157": {
      "maxRSS": 119368,
      "systemtime": 20165,
      "usertime": 1109114
     },
     "1036512255": {
      "maxRSS": 119624,
      "systemtime": 20165,
      "usertime": 1113144
     },
     "1036513354": {
      "maxRSS": 119880,
      "systemtime": 20166,
      "usertime": 1113173
     },
     "1036514442": {
      "maxRSS": 120136,
      "systemtime": 20166,
      "usertime": 1113199
     },
     "1036515530": {
      "maxRSS": 120392,
      "systemtime": 20166,
      "usertime": 1113214
     },
     "1036516624": {
      "maxRSS": 120648,
      "systemtime": 20166,
      "usertime": 1117237
     },
     "1036517698": {
      "maxRSS": 120904,
      "systemtime": 20166,
      "usertime": 1117250
     },
     "1036518786": {
      "maxRSS": 121160,
      "systemtime": 20167,
      "usertime": 1117264
     },
     "1036519863": {
      "maxRSS": 121416,
      "systemtime": 20167,
      "usertime": 1117278
     },
     "1036520941": {
      "maxRSS": 121672,
      "systemtime": 20167,
      "usertime": 1121295
     },
     "1036522023": {
      "maxRSS": 121928,
      "systemtime": 20167,
      "usertime": 1121311
     },
     "1036523148": {
      "maxRSS": 122184,
      "systemtime": 20167,
      "usertime": 1121338
     },
     "1036524242": {
      "maxRSS": 122440,
      "systemtime": 20169,
      "usertime": 1125432
     },
     "1036525347": {
      "maxRSS": 122696,
      "systemtime": 20169,
      "usertime": 1125456
     },
     "1036526439": {
      "maxRSS": 122952,
      "systemtime": 20170,
      "usertime": 1125486
     },
     "1036527532": {
      "maxRSS": 123208,
      "systemtime": 20170,
      "usertime": 1125502
     },
     "1036528631": {
      "maxRSS": 123464,
      "systemtime": 20170,
      "usertime": 1129457
     },
     "1036529724": {
      "maxRSS": 123848,
      "systemtime": 20170,
      "usertime": 1129472
     },
     "1036530846": {
      "maxRSS": 124104,
      "systemtime": 20170,
      "usertime": 1129507
     },
     "1036531930": {
      "maxRSS": 124360,
      "systemtime": 20170,
      "usertime": 1129532
     },
     "1036533037": {
      "maxRSS": 124616,
      "systemtime": 20170,
      "usertime": 1133558
     },
     "1036534163": {
      "maxRSS": 124872,
      "systemtime": 20170,
      "usertime": 1133596
     },
     "1036535261": {
      "maxRSS": 125128,
      "systemtime": 20171,
      "usertime": 1133620
     },
     "1036536347": {
      "maxRSS": 125384,
      "systemtime": 20171,
      "usertime": 1137635
     },
     "1036537438": {
      "maxRSS": 125640,
      "systemtime": 20171,
      "usertime": 1137660
     },
     "1036538528": {
      "maxRSS": 125896,
      "systemtime": 20171,
      "usertime": 1137673
     },
     "1036539638": {
      "maxRSS": 126152,
      "systemtime": 20171,
      "usertime": 1137685
     },
     "1036540752": {
      "maxRSS": 126536,
      "systemtime": 20171,
      "usertime": 1141710
     },
     "1036541830": {
      "maxRSS": 126792,
      "systemtime": 20171,
      "usertime": 1141725
     },
     "1036542932": {
      "maxRSS": 127048,
      "systemtime": 20172,
      "usertime": 1141749
     },
     "1036544035": {
      "maxRSS": 127432,
      "systemtime": 20172,
      "usertime": 1145782
     },
     "1036545134": {
      "maxRSS": 127688,
      "systemtime": 20172,
      "usertime": 1145813
     },
     "1036546240": {
      "maxRSS": 127688,
      "systemtime": 20173,
      "usertime": 1145827
     },
     "1036547307": {
      "maxRSS": 127688,
      "systemtime": 20173,
      "usertime": 1145837
     },
     "1036548392": {
      "maxRSS": 127688,
      "systemtime": 20241,
      "usertime": 1149795
     },
     "1036548867": {
      "maxRSS": 127688,
      "systemtime": 20241,
      "usertime": 1150675
     },
     "1036549952": {
      "maxRSS": 127688,
      "systemtime": 20241,
      "usertime": 1150692
     },
     "1036551054": {
      "maxRSS": 127688,
      "systemtime": 20241,
      "usertime": 1150703
     },
     "1036552120": {
      "maxRSS": 127688,
      "systemtime": 20241,
      "usertime": 1153852
     },
     "1036553204": {
      "maxRSS": 127688,
      "systemtime": 20241,
      "usertime": 1153863
     },
     "1036554282": {
      "maxRSS": 127688,
      "systemtime": 20241,
      "usertime": 1153879
     },
     "1036555361": {
      "maxRSS": 127688,
      "systemtime": 20241,
      "usertime": 1153894
     },
     "1036556476": {
      "maxRSS": 127688,
      "systemtime": 20241,
      "usertime": 1157919
     },
     "1036557550": {
      "maxRSS": 127688,
      "systemtime": 20241,
      "usertime": 1157936
     },
     "1036558617": {
      "maxRSS": 127688,
      "systemtime": 20241,
      "usertime": 1157944
     },
     "1036559715": {
      "maxRSS": 127688,
      "systemtime": 20241,
      "usertime": 1157962
     },
     "1036560801": {
      "maxRSS": 127688,
      "systemtime": 20241,
      "usertime": 1161984
     },
     "1036561931": {
      "maxRSS": 127688,
      "systemtime": 20241,
      "usertime": 1161999
     },
     "1036563042": {
      "maxRSS": 127688,
      "systemtime": 20241,
      "usertime": 1162018
     },
     "1036564132": {
      "maxRSS": 127688,
      "systemtime": 20241,
      "usertime": 1166052
     },
     "1036565237": {
      "maxRSS": 127688,
      "systemtime": 20241,
      "usertime": 1166068
     },
     "1036566311": {
      "maxRSS": 127688,
      "systemtime": 20241,
      "usertime": 1166083
     },
     "1036567402": {
      "maxRSS": 127688,
      "systemtime": 20241,
      "usertime": 1166098
     },
     "1036568493": {
      "maxRSS": 127688,
      "systemtime": 20241,
      "usertime": 1170110
     },
     "1036569562": {
      "maxRSS": 127688,
      "systemtime": 20241,
      "usertime": 1170122
     },
     "1036570649": {
      "maxRSS": 127688,
      "systemtime": 20241,
      "usertime": 1170144
     },
     "1036571790": {
      "maxRSS": 127688,
      "systemtime": 20241,
      "usertime": 1170174
     },
     "1036572880": {
      "maxRSS": 127688,
      "systemtime": 20241,
      "usertime": 1174191
     },
     "1036573971": {
      "maxRSS": 127688,
      "systemtime": 20241,
      "usertime": 1174205
     },
     "1036575042": {
      "maxRSS": 127688,
      "systemtime": 20241,
      "usertime": 1174219
     },
     "1036576114": {
      "maxRSS": 127688,
      "systemtime": 20241,
      "usertime": 1178231
     },
     "1036577225": {
      "maxRSS": 127688,
      "systemtime": 20241,
      "usertime": 1178254
     },
     "1036578308": {
      "maxRSS": 127688,
      "systemtime": 20241,
      "usertime": 1178271
     },
     "1036579394": {
      "maxRSS": 127688,
      "systemtime": 20241,
      "usertime": 1178289
     },
     "1036580575": {
      "maxRSS": 127688,
      "systemtime": 20241,
      "usertime": 1182314
     },
     "1036581662": {
      "maxRSS": 127688,
      "systemtime": 20241,
      "usertime": 1182331
     },
     "1036582777": {
      "maxRSS": 127688,
      "systemtime": 20241,
      "usertime": 1182357
     },
     "1036583861": {
      "maxRSS": 127688,
      "systemtime": 20241,
      "usertime": 1182371
     },
     "1036584979": {
      "maxRSS": 127688,
      "systemtime": 20241,
      "usertime": 1186398
     },
     "1036586051": {
      "maxRSS": 127688,
      "systemtime": 20241,
      "usertime": 1186410
     },
     "1036587132": {
      "maxRSS": 127688,
      "systemtime": 20241,
      "usertime": 1186426
     },
     "1036588207": {
      "maxRSS": 127688,
      "systemtime": 20241,
      "usertime": 1190443
     },
     "1036589293": {
      "maxRSS": 127688,
      "systemtime": 20241,
      "usertime": 1190470
     },
     "1036590364": {
      "maxRSS": 127688,
      "systemtime": 20241,
      "usertime": 1190482
     },
     "1036591473": {
      "maxRSS": 127688,
      "systemtime": 20241,
      "usertime": 1190523
     },
     "1036592575": {
      "maxRSS": 127688,
      "systemtime": 20241,
      "usertime": 1194533
     },
     "1036593652": {
      "maxRSS": 127688,
      "systemtime": 20241,
      "usertime": 1194547
     },
     "1036594730": {
      "maxRSS": 127688,
      "systemtime": 20241,
      "usertime": 1194562
     },
     "1036595808": {
      "maxRSS": 127688,
      "systemtime": 20241,
      "usertime": 1194577
     },
     "1036596877": {
      "maxRSS": 127688,
      "systemtime": 20241,
      "usertime": 1198589
     },
     "1036598036": {
      "maxRSS": 127688,
      "systemtime": 20241,
      "usertime": 1198657
     },
     "1036599115": {
      "maxRSS": 127688,
      "systemtime": 20241,
      "usertime": 1198670
     },
     "1036600192": {
      "maxRSS": 127688,
      "systemtime": 20241,
      "usertime": 1202686
     },
     "1036601295": {
      "maxRSS": 127688,
      "systemtime": 20241,
      "usertime": 1202701
     },
     "1036602399": {
      "maxRSS": 127688,
      "systemtime": 20241,
      "usertime": 1202714
     },
     "1036603517": {
      "maxRSS": 127688,
      "systemtime": 20241,
      "usertime": 1202730
     },
     "1036604606": {
      "maxRSS": 127816,
      "systemtime": 20241,
      "usertime": 1206761
     },
     "1036605685": {
      "maxRSS": 127816,
      "systemtime": 20241,
      "usertime": 1206777
     },
     "1036606766": {
      "maxRSS": 127816,
      "systemtime": 20241,
      "usertime": 1206790
     },
     "1036607861": {
      "maxRSS": 127816,
      "systemtime": 20241,
      "usertime": 1206811
     },
     "1036608949": {
      "maxRSS": 127816,
      "systemtime": 20241,
      "usertime": 1210835
     },
     "1036610045": {
      "maxRSS": 127816,
      "systemtime": 20241,
      "usertime": 1210854
     },
     "1036611123": {
      "maxRSS": 127816,
      "systemtime": 20241,
      "usertime": 1210876
     },
     "1036612205": {
      "maxRSS": 127816,
      "systemtime": 20241,
      "usertime": 1214898
     },
     "1036613313": {
      "maxRSS": 127816,
      "systemtime": 20241,
      "usertime": 1214914
     },
     "1036614509": {
      "maxRSS": 127816,
      "systemtime": 20241,
      "usertime": 1214929
     },
     "1036615584": {
      "maxRSS": 127816,
      "systemtime": 20241,
      "usertime": 1214944
     },
     "1036616687": {
      "maxRSS": 127816,
      "systemtime": 20241,
      "usertime": 1218969
     },
     "1036617810": {
      "maxRSS": 127816,
      "systemtime": 20241,
      "usertime": 1219005
     },
     "1036618909": {
      "maxRSS": 127816,
      "systemtime": 20241,
      "usertime": 1219041
     },
     "1036619976": {
      "maxRSS": 127816,
      "systemtime": 20241,
      "usertime": 1219050
     },
     "1036621044": {
      "maxRSS": 127816,
      "systemtime": 20241,
      "usertime": 1223058
     },
     "1036622113": {
      "maxRSS": 127816,
      "systemtime": 20241,
      "usertime": 1223069
     },
     "1036623179": {
      "maxRSS": 127816,
      "systemtime": 20241,
      "usertime": 1223078
     },
     "1036624260": {
      "maxRSS": 127816,
      "systemtime": 20241,
      "usertime": 1227098
     },
     "1036625375": {
      "maxRSS": 127816,
      "systemtime": 20241,
      "usertime": 1227121
     },
     "1036626441": {
      "maxRSS": 127816,
      "systemtime": 20241,
      "usertime": 1227130
     },
     "1036627506": {
      "maxRSS": 127816,
      "systemtime": 20241,
      "usertime": 1227137
     },
     "1036628571": {
      "maxRSS": 127816,
      "systemtime": 20241,
      "usertime": 1231145
     },
     "1036629676": {
      "maxRSS": 127816,
      "systemtime": 20241,
      "usertime": 1231156
     },
     "1036630776": {
      "maxRSS": 127816,
      "systemtime": 20241,
      "usertime": 1231165
     },
     "1036631884": {
      "maxRSS": 127816,
      "systemtime": 20241,
      "usertime": 1231180
     },
     "1036632981": {
      "maxRSS": 127816,
      "systemtime": 20241,
      "usertime": 1235191
     },
     "1036634077": {
      "maxRSS": 127816,
      "systemtime": 20241,
      "usertime": 1235198
     },
     "1036635174": {
      "maxRSS": 127816,
      "systemtime": 20241,
      "usertime": 1235204
     },
     "1036636239": {
      "maxRSS": 127816,
      "systemtime": 20241,
      "usertime": 1239209
     },
     "1036637305": {
      "maxRSS": 127816,
      "systemtime": 20241,
      "usertime": 1239217
     },
     "1036638405": {
      "maxRSS": 127816,
      "systemtime": 20241,
      "usertime": 1239226
     },
     "1036639476": {
      "maxRSS": 127816,
      "systemtime": 20241,
      "usertime": 1239240
     },
     "1036640542": {
      "maxRSS": 127816,
      "systemtime": 20241,
      "usertime": 1243247
     },
     "1036641647": {
      "maxRSS": 127816,
      "systemtime": 20241,
      "usertime": 1243260
     },
     "1036642712": {
      "maxRSS": 127816,
      "systemtime": 20241,
      "usertime": 1243268
     },
     "1036643776": {
      "maxRSS": 127816,
      "systemtime": 20241,
      "usertime": 1243275
     },
     "1036644873": {
      "maxRSS": 127816,
      "systemtime": 20241,
      "usertime": 1247283
     },
     "1036645985": {
      "maxRSS": 127816,
      "systemtime": 20241,
      "usertime": 1247301
     },
     "1036647086": {
      "maxRSS": 127816,
      "systemtime": 20241,
      "usertime": 1247312
     },
     "1036648150": {
      "maxRSS": 127816,
      "systemtime": 20241,
      "usertime": 1251319
     },
     "1036649252": {
      "maxRSS": 127816,
      "systemtime": 20241,
      "usertime": 1251330
     },
     "1036650358": {
      "maxRSS": 127816,
      "systemtime": 20241,
      "usertime": 1251343
     },
     "1036651460": {
      "maxRSS": 127816,
      "systemtime": 20241,
      "usertime": 1251354
     },
     "1036652565": {
      "maxRSS": 127816,
      "systemtime": 20241,
      "usertime": 1255366
     },
     "1036653639": {
      "maxRSS": 127816,
      "systemtime": 20241,
      "usertime": 1255376
     },
     "1036654760": {
      "maxRSS": 127816,
      "systemtime": 20241,
      "usertime": 1255394
     },
     "1036655841": {
      "maxRSS": 127816,
      "systemtime": 20241,
      "usertime": 1255412
     },
     "1036657024": {
      "maxRSS": 127816,
      "systemtime": 20241,
      "usertime": 1259432
     },
     "1036658210": {
      "maxRSS": 127816,
      "systemtime": 20241,
      "usertime": 1259448
     },
     "1036659439": {
      "maxRSS": 127816,
      "systemtime": 20241,
      "usertime": 1259499
     },
     "1036660512": {
      "maxRSS": 127816,
      "systemtime": 20241,
      "usertime": 1263513
     },
     "1036661585": {
      "maxRSS": 127816,
      "systemtime": 20241,
      "usertime": 1263525
     },
     "1036662668": {
      "maxRSS": 127816,
      "systemtime": 20241,
      "usertime": 1263540
     },
     "1036663752": {
      "maxRSS": 127816,
      "systemtime": 20241,
      "usertime": 1263556
     },
     "1036664864": {
      "maxRSS": 127816,
      "systemtime": 20241,
      "usertime": 1267577
     },
     "1036665939": {
      "maxRSS": 127816,
      "systemtime": 20241,
      "usertime": 1267589
     },
     "1036667027": {
      "maxRSS": 127816,
      "systemtime": 20241,
      "usertime": 1267613
     },
     "1036668057": {
      "maxRSS": 127816,
      "systemtime": 20241,
      "usertime": 1271627
     },
     "1036669345": {
      "maxRSS": 127816,
      "systemtime": 20241,
      "usertime": 1271656
     },
     "1036670445": {
      "maxRSS": 127816,
      "systemtime": 20241,
      "usertime": 1271679
     },
     "1036671565": {
      "maxRSS": 127816,
      "systemtime": 20241,
      "usertime": 1271707
     },
     "1036672640": {
      "maxRSS": 127816,
      "systemtime": 20241,
      "usertime": 1275746
     },
     "1036673733": {
      "maxRSS": 127816,
      "systemtime": 20241,
      "usertime": 1275775
     },
     "1036674843": {
      "maxRSS": 127816,
      "systemtime": 20241,
      "usertime": 1275802
     },
     "1036675924": {
      "maxRSS": 127816,
      "systemtime": 20241,
      "usertime": 1275818
     },
     "1036676998": {
      "maxRSS": 127816,
      "systemtime": 20241,
      "usertime": 1279812
     },
     "1036678069": {
      "maxRSS": 127816,
      "systemtime": 20241,
      "usertime": 1279824
     },
     "1036679146": {
      "maxRSS": 127816,
      "systemtime": 20241,
      "usertime": 1279839
     },
     "1036680237": {
      "maxRSS": 127816,
      "systemtime": 20241,
      "usertime": 1283873
     },
     "1036681301": {
      "maxRSS": 127816,
      "systemtime": 20241,
      "usertime": 1283880
     },
     "1036682372": {
      "maxRSS": 127816,
      "systemtime": 20241,
      "usertime": 1283888
     },
     "1036683436": {
      "maxRSS": 127816,
      "systemtime": 20241,
      "usertime": 1283895
     },
     "1036684501": {
      "maxRSS": 127816,
      "systemtime": 20241,
      "usertime": 1287902
     },
     "1036685601": {
      "maxRSS": 127816,
      "systemtime": 20241,
      "usertime": 1287914
     },
     "1036686689": {
      "maxRSS": 127816,
      "systemtime": 20241,
      "usertime": 1287938
     },
     "1036687806": {
      "maxRSS": 127816,
      "systemtime": 20241,
      "usertime": 1287956
     },
     "1036689930": {
      "maxRSS": 127816,
      "systemtime": 20241,
      "usertime": 1292009
     },
     "1036692013": {
      "maxRSS": 127816,
      "systemtime": 20241,
      "usertime": 1292028
     },
     "1036694086": {
      "maxRSS": 127816,
      "systemtime": 20241,
      "usertime": 1296030
     },
     "1036696157": {
      "maxRSS": 127816,
      "systemtime": 20241,
      "usertime": 1300026
     },
     "1036698265": {
      "maxRSS": 127816,
      "systemtime": 20241,
      "usertime": 1300045
     },
     "1036700337": {
      "maxRSS": 127816,
      "systemtime": 20241,
      "usertime": 1304058
     },
     "1036702427": {
      "maxRSS": 127816,
      "systemtime": 20241,
      "usertime": 1304071
     },
     "1036704537": {
      "maxRSS": 127816,
      "systemtime": 20241,
      "usertime": 1308092
     },
     "1036706642": {
      "maxRSS": 127816,
      "systemtime": 20241,
      "usertime": 1308105
     },
     "1036708841": {
      "maxRSS": 127816,
      "systemtime": 20241,
      "usertime": 1312116
     },
     "1036711016": {
      "maxRSS": 127816,
      "systemtime": 20241,
      "usertime": 1312133
     },
     "1036713137": {
      "maxRSS": 127816,
      "systemtime": 20241,
      "usertime": 1316231
     },
     "1036715330": {
      "maxRSS": 127816,
      "systemtime": 20241,
      "usertime": 1316248
     },
     "1036717509": {
      "maxRSS": 127816,
      "systemtime": 20241,
      "usertime": 1320197
     },
     "1036719676": {
      "maxRSS": 127816,
      "systemtime": 20241,
      "usertime": 1320213
     },
     "1036721791": {
      "maxRSS": 127816,
      "systemtime": 20241,
      "usertime": 1324230
     },
     "1036723897": {
      "maxRSS": 127816,
      "systemtime": 20241,
      "usertime": 1324242
     },
     "1036726020": {
      "maxRSS": 127816,
      "systemtime": 20241,
      "usertime": 1328309
     },
     "1036728044": {
      "maxRSS": 127816,
      "systemtime": 20241,
      "usertime": 1332316
     },
     "1036730147": {
      "maxRSS": 127816,
      "systemtime": 20241,
      "usertime": 1332329
     },
     "1036732234": {
      "maxRSS": 127816,
      "systemtime": 20241,
      "usertime": 1336356
     },
     "1036734404": {
      "maxRSS": 127816,
      "systemtime": 20241,
      "usertime": 1336372
     },
     "1036736561": {
      "maxRSS": 127816,
      "systemtime": 20241,
      "usertime": 1340401
     },
     "1036738755": {
      "maxRSS": 127816,
      "systemtime": 20241,
      "usertime": 1340433
     },
     "1036740938": {
      "maxRSS": 127816,
      "systemtime": 20241,
      "usertime": 1344451
     },
     "1036743089": {
      "maxRSS": 127816,
      "systemtime": 20241,
      "usertime": 1344467
     },
     "1036745290": {
      "maxRSS": 127816,
      "systemtime": 20241,
      "usertime": 1348485
     },
     "1036747475": {
      "maxRSS": 127816,
      "systemtime": 20241,
      "usertime": 1348504
     },
     "1036749700": {
      "maxRSS": 127816,
      "systemtime": 20241,
      "usertime": 1352594
     },
     "1036751828": {
      "maxRSS": 127816,
      "systemtime": 20241,
      "usertime": 1352621
     },
     "1036753908": {
      "maxRSS": 127816,
      "systemtime": 20241,
      "usertime": 1356564
     },
     "1036756025": {
      "maxRSS": 127816,
      "systemtime": 20241,
      "usertime": 1360578
     },
     "1036758175": {
      "maxRSS": 127816,
      "systemtime": 20241,
      "usertime": 1360591
     },
     "1036760299": {
      "maxRSS": 127816,
      "systemtime": 20241,
      "usertime": 1364607
     },
     "1036762431": {
      "maxRSS": 127816,
      "systemtime": 20241,
      "usertime": 1364624
     },
     "1036764615": {
      "maxRSS": 127816,
      "systemtime": 20241,
      "usertime": 1368642
     },
     "1036766741": {
      "maxRSS": 127816,
      "systemtime": 20241,
      "usertime": 1368668
     },
     "1036768872": {
      "maxRSS": 127816,
      "systemtime": 20241,
      "usertime": 1372763
     },
     "1036771001": {
      "maxRSS": 127816,
      "systemtime": 20241,
      "usertime": 1372781
     },
     "1036773084": {
      "maxRSS": 127816,
      "systemtime": 20241,
      "usertime": 1376740
     },
     "1036775198": {
      "maxRSS": 127816,
      "systemtime": 20241,
      "usertime": 1376766
     },
     "1036777297": {
      "maxRSS": 127816,
      "systemtime": 20241,
      "usertime": 1380770
     },
     "1036779415": {
      "maxRSS": 127816,
      "systemtime": 20241,
      "usertime": 1380808
     },
     "1036781499": {
      "maxRSS": 127816,
      "systemtime": 20241,
      "usertime": 1384832
     },
     "1036783621": {
      "maxRSS": 127816,
      "systemtime": 20241,
      "usertime": 1384860
     },
     "1036785726": {
      "maxRSS": 127816,
      "systemtime": 20241,
      "usertime": 1388989
     },
     "1036787831": {
      "maxRSS": 127816,
      "systemtime": 20241,
      "usertime": 1389019
     },
     "1036789938": {
      "maxRSS": 127816,
      "systemtime": 20241,
      "usertime": 1393028
     },
     "1036792079": {
      "maxRSS": 127816,
      "systemtime": 20241,
      "usertime": 1397001
     },
     "1036794168": {
      "maxRSS": 127816,
      "systemtime": 20241,
      "usertime": 1397027
     },
     "1036796271": {
      "maxRSS": 127816,
      "systemtime": 20241,
      "usertime": 1401030
     },
     "1036798404": {
      "maxRSS": 127816,
      "systemtime": 20241,
      "usertime": 1401062
     },
     "1036800492": {
      "maxRSS": 127816,
      "systemtime": 20241,
      "usertime": 1405083
     },
     "1036802633": {
      "maxRSS": 127816,
      "systemtime": 20241,
      "usertime": 1405130
     },
     "1036804737": {
      "maxRSS": 127816,
      "systemtime": 20241,
      "usertime": 1409179
     },
     "1036806878": {
      "maxRSS": 127816,
      "systemtime": 20241,
      "usertime": 1409214
     },
     "1036809004": {
      "maxRSS": 127816,
      "systemtime": 20241,
      "usertime": 1413227
     },
     "1036811181": {
      "maxRSS": 127816,
      "systemtime": 20241,
      "usertime": 1413243
     },
     "1036813270": {
      "maxRSS": 127816,
      "systemtime": 20241,
      "usertime": 1417259
     },
     "1036815351": {
      "maxRSS": 127816,
      "systemtime": 20241,
      "usertime": 1417276
     },
     "1036817427": {
      "maxRSS": 127816,
      "systemtime": 20241,
      "usertime": 1421285
     },
     "1036819620": {
      "maxRSS": 127816,
      "systemtime": 20241,
      "usertime": 1421315
     },
     "1036821817": {
      "maxRSS": 127816,
      "systemtime": 20241,
      "usertime": 1425333
     },
     "1036823994": {
      "maxRSS": 127816,
      "systemtime": 20241,
      "usertime": 1425350
     },
     "1036826195": {
      "maxRSS": 127944,
      "systemtime": 20241,
      "usertime": 1429385
     },
     "1036828271": {
      "maxRSS": 128200,
      "systemtime": 20241,
      "usertime": 1433400
     },
     "1036830436": {
      "maxRSS": 128328,
      "systemtime": 20241,
      "usertime": 1433417
     },
     "1036832605": {
      "maxRSS": 128456,
      "systemtime": 20241,
      "usertime": 1437482
     },
     "1036834688": {
      "maxRSS": 128584,
      "systemtime": 20241,
      "usertime": 1437500
     },
     "1036836807": {
      "maxRSS": 128712,
      "systemtime": 20241,
      "usertime": 1441496
     },
     "1036838885": {
      "maxRSS": 128840,
      "systemtime": 20241,
      "usertime": 1441511
     },
     "1036840966": {
      "maxRSS": 128968,
      "systemtime": 20241,
      "usertime": 1445510
     },
     "1036843068": {
      "maxRSS": 129096,
      "systemtime": 20241,
      "usertime": 1445521
     },
     "1036845143": {
      "maxRSS": 129224,
      "systemtime": 20241,
      "usertime": 1449605
     },
     "1036847241": {
      "maxRSS": 129352,
      "systemtime": 20241,
      "usertime": 1449613
     },
     "1036849341": {
      "maxRSS": 129480,
      "systemtime": 20241,
      "usertime": 1453554
     },
     "1036851477": {
      "maxRSS": 129608,
      "systemtime": 20241,
      "usertime": 1453575
     },
     "1036853555": {
      "maxRSS": 129864,
      "systemtime": 20241,
      "usertime": 1457590
     },
     "1036855654": {
      "maxRSS": 129992,
      "systemtime": 20241,
      "usertime": 1457627
     },
     "1036857741": {
      "maxRSS": 130120,
      "systemtime": 20241,
      "usertime": 1461655
     },
     "1036859843": {
      "maxRSS": 130248,
      "systemtime": 20241,
      "usertime": 1461666
     },
     "1036861917": {
      "maxRSS": 130376,
      "systemtime": 20241,
      "usertime": 1465677
     },
     "1036863995": {
      "maxRSS": 130504,
      "systemtime": 20241,
      "usertime": 1465693
     },
     "1036866069": {
      "maxRSS": 130632,
      "systemtime": 20241,
      "usertime": 1469708
     },
     "1036868135": {
      "maxRSS": 130760,
      "systemtime": 20241,
      "usertime": 1473716
     },
     "1036870390": {
      "maxRSS": 130888,
      "systemtime": 20241,
      "usertime": 1473724
     },
     "1036872504": {
      "maxRSS": 131016,
      "systemtime": 20241,
      "usertime": 1477747
     },
     "1036874606": {
      "maxRSS": 131272,
      "systemtime": 20241,
      "usertime": 1477760
     },
     "1036876708": {
      "maxRSS": 131400,
      "systemtime": 20241,
      "usertime": 1481769
     },
     "1036878812": {
      "maxRSS": 131528,
      "systemtime": 20241,
      "usertime": 1481780
     },
     "1036880910": {
      "maxRSS": 131656,
      "systemtime": 20241,
      "usertime": 1485786
     },
     "1036883010": {
      "maxRSS": 131784,
      "systemtime": 20241,
      "usertime": 1485796
     },
     "1036885160": {
      "maxRSS": 131912,
      "systemtime": 20241,
      "usertime": 1489823
     },
     "1036887282": {
      "maxRSS": 132040,
      "systemtime": 20241,
      "usertime": 1489839
     },
     "1036889389": {
      "maxRSS": 132168,
      "systemtime": 20241,
      "usertime": 1493863
     },
     "1036891478": {
      "maxRSS": 132296,
      "systemtime": 20241,
      "usertime": 1493877
     },
     "1036893553": {
      "maxRSS": 132424,
      "systemtime": 20241,
      "usertime": 1497879
     },
     "1036895635": {
      "maxRSS": 132680,
      "systemtime": 20241,
      "usertime": 1497895
     },
     "1036897751": {
      "maxRSS": 132808,
      "systemtime": 20241,
      "usertime": 1501920
     },
     "1036899855": {
      "maxRSS": 132936,
      "systemtime": 20241,
      "usertime": 1501927
     },
     "1036901926": {
      "maxRSS": 133064,
      "systemtime": 20241,
      "usertime": 1505938
     },
     "1036904056": {
      "maxRSS": 133192,
      "systemtime": 20241,
      "usertime": 1509972
     },
     "1036906172": {
      "maxRSS": 133320,
      "systemtime": 20241,
      "usertime": 1509993
     },
     "1036908243": {
      "maxRSS": 133448,
      "systemtime": 20241,
      "usertime": 1514007
     },
     "1036910353": {
      "maxRSS": 133576,
      "systemtime": 20241,
      "usertime": 1514026
     },
     "1036912427": {
      "maxRSS": 133704,
      "systemtime": 20241,
      "usertime": 1518040
     },
     "1036914531": {
      "maxRSS": 133832,
      "systemtime": 20241,
      "usertime": 1518056
     },
     "1036916634": {
      "maxRSS": 134088,
      "systemtime": 20241,
      "usertime": 1522071
     },
     "1036918702": {
      "maxRSS": 134216,
      "systemtime": 20241,
      "usertime": 1522081
     },
     "1036920786": {
      "maxRSS": 134344,
      "systemtime": 20241,
      "usertime": 1526097
     },
     "1036922926": {
      "maxRSS": 134472,
      "systemtime": 20241,
      "usertime": 1526117
     },
     "1036925042": {
      "maxRSS": 134600,
      "systemtime": 20241,
      "usertime": 1530142
     },
     "1036927139": {
      "maxRSS": 134728,
      "systemtime": 20241,
      "usertime": 1530155
     },
     "1036929233": {
      "maxRSS": 134856,
      "systemtime": 20241,
      "usertime": 1534184
     },
     "1036931307": {
      "maxRSS": 134984,
      "systemtime": 20241,
      "usertime": 1534199
     },
     "1036933410": {
      "maxRSS": 135112,
      "systemtime": 20241,
      "usertime": 1538214
     },
     "1036935498": {
      "maxRSS": 135240,
      "systemtime": 20241,
      "usertime": 1538243
     },
     "1036937618": {
      "maxRSS": 135368,
      "systemtime": 20241,
      "usertime": 1542300
     },
     "1036939691": {
      "maxRSS": 135624,
      "systemtime": 20241,
      "usertime": 1542315
     },
     "1036941760": {
      "maxRSS": 135752,
      "systemtime": 20241,
      "usertime": 1546326
     },
     "1036943837": {
      "maxRSS": 135880,
      "systemtime": 20241,
      "usertime": 1546334
     },
     "1036945936": {
      "maxRSS": 136008,
      "systemtime": 20241,
      "usertime": 1550354
     },
     "1036948066": {
      "maxRSS": 136136,
      "systemtime": 20241,
      "usertime": 1554384
     },
     "1036950188": {
      "maxRSS": 136392,
      "systemtime": 20241,
      "usertime": 1554416
     },
     "1036952269": {
      "maxRSS": 136520,
      "systemtime": 20241,
      "usertime": 1558489
     },
     "1036954354": {
      "maxRSS": 136648,
      "systemtime": 20241,
      "usertime": 1558508
     },
     "1036956467": {
      "maxRSS": 136776,
      "systemtime": 20241,
      "usertime": 1562472
     },
     "1036958544": {
      "maxRSS": 137032,
      "systemtime": 20241,
      "usertime": 1562485
     },
     "1036962626": {
      "maxRSS": 137288,
      "systemtime": 20241,
      "usertime": 1566503
     },
     "1036966748": {
      "maxRSS": 137544,
      "systemtime": 20241,
      "usertime": 1570530
     },
     "1036970869": {
      "maxRSS": 137800,
      "systemtime": 20241,
      "usertime": 1574605
     },
     "1036974983": {
      "maxRSS": 138056,
      "systemtime": 20241,
      "usertime": 1578580
     },
     "1036979115": {
      "maxRSS": 138312,
      "systemtime": 20241,
      "usertime": 1582604
     },
     "1036983218": {
      "maxRSS": 138568,
      "systemtime": 20241,
      "usertime": 1586616
     },
     "1036987307": {
      "maxRSS": 138824,
      "systemtime": 20241,
      "usertime": 1590631
     },
     "1036991387": {
      "maxRSS": 139208,
      "systemtime": 20241,
      "usertime": 1594652
     },
     "1036995491": {
      "maxRSS": 139464,
      "systemtime": 20241,
      "usertime": 1598674
     },
     "1036999611": {
      "maxRSS": 139720,
      "systemtime": 20241,
      "usertime": 1602692
     },
     "1037003692": {
      "maxRSS": 139976,
      "systemtime": 20241,
      "usertime": 1606708
     },
     "1037007803": {
      "maxRSS": 140232,
      "systemtime": 20241,
      "usertime": 1610727
     },
     "1037011884": {
      "maxRSS": 140488,
      "systemtime": 20241,
      "usertime": 1614739
     },
     "1037016009": {
      "maxRSS": 140872,
      "systemtime": 20241,
      "usertime": 1622770
     },
     "1037020068": {
      "maxRSS": 141128,
      "systemtime": 20241,
      "usertime": 1626806
     },
     "1037024177": {
      "maxRSS": 141384,
      "systemtime": 20241,
      "usertime": 1630912
     },
     "1037028276": {
      "maxRSS": 141640,
      "systemtime": 20241,
      "usertime": 1634863
     },
     "1037032366": {
      "maxRSS": 141896,
      "systemtime": 20241,
      "usertime": 1638904
     },
     "1037036447": {
      "maxRSS": 142152,
      "systemtime": 20241,
      "usertime": 1642905
     },
     "1037040529": {
      "maxRSS": 142408,
      "systemtime": 20241,
      "usertime": 1646932
     },
     "1037044627": {
      "maxRSS": 142664,
      "systemtime": 20241,
      "usertime": 1651000
     },
     "1037048701": {
      "maxRSS": 143048,
      "systemtime": 20241,
      "usertime": 1654964
     },
     "1037052777": {
      "maxRSS": 143304,
      "systemtime": 20241,
      "usertime": 1658976
     },
     "1037056872": {
      "maxRSS": 143560,
      "systemtime": 20241,
      "usertime": 1662991
     },
     "1037060952": {
      "maxRSS": 143816,
      "systemtime": 20241,
      "usertime": 1667007
     },
     "1037065025": {
      "maxRSS": 144200,
      "systemtime": 20241,
      "usertime": 1671022
     },
     "1037069124": {
      "maxRSS": 144456,
      "systemtime": 20241,
      "usertime": 1675046
     },
     "1037073240": {
      "maxRSS": 144712,
      "systemtime": 20241,
      "usertime": 1679082
     },
     "1037077323": {
      "maxRSS": 144968,
      "systemtime": 20241,
      "usertime": 1683086
     },
     "1037081443": {
      "maxRSS": 145224,
      "systemtime": 20241,
      "usertime": 1687116
     },
     "1037085533": {
      "maxRSS": 145480,
      "systemtime": 20241,
      "usertime": 1691138
     },
     "1037089613": {
      "maxRSS": 145736,
      "systemtime": 20241,
      "usertime": 1695199
     },
     "1037093688": {
      "maxRSS": 146120,
      "systemtime": 20241,
      "usertime": 1699174
     },
     "1037097838": {
      "maxRSS": 146376,
      "systemtime": 20241,
      "usertime": 1703213
     },
     "1037101954": {
      "maxRSS": 146632,
      "systemtime": 20241,
      "usertime": 1707238
     },
     "1037106033": {
      "maxRSS": 146888,
      "systemtime": 20241,
      "usertime": 1711298
     },
     "1037110110": {
      "maxRSS": 147144,
      "systemtime": 20241,
      "usertime": 1715269
     },
     "1037114187": {
      "maxRSS": 147400,
      "systemtime": 20241,
      "usertime": 1719287
     },
     "1037118281": {
      "maxRSS": 147656,
      "systemtime": 20241,
      "usertime": 1723303
     },
     "1037122380": {
      "maxRSS": 148040,
      "systemtime": 20241,
      "usertime": 1727352
     },
     "1037126456": {
      "maxRSS": 148296,
      "systemtime": 20241,
      "usertime": 1731346
     },
     "1037130558": {
      "maxRSS": 148296,
      "systemtime": 20241,
      "usertime": 1736091
     },
     "1037130968": {
      "maxRSS": 148296,
      "systemtime": 20241,
      "usertime": 1738321
     },
     "1037132097": {
      "maxRSS": 148296,
      "systemtime": 20241,
      "usertime": 1739440
     },
     "1037133186": {
      "maxRSS": 148296,
      "systemtime": 20241,
      "usertime": 1740605
     },
     "1037134274": {
      "maxRSS": 148680,
      "systemtime": 20241,
      "usertime": 1740634
     },
     "1037135354": {
      "maxRSS": 148936,
      "systemtime": 20241,
      "usertime": 1740650
     },
     "1037136470": {
      "maxRSS": 149192,
      "systemtime": 20241,
      "usertime": 1743545
     },
     "1037137550": {
      "maxRSS": 149320,
      "systemtime": 20241,
      "usertime": 1743560
     },
     "1037138675": {
      "maxRSS": 149576,
      "systemtime": 20241,
      "usertime": 1743578
     },
     "1037139760": {
      "maxRSS": 149832,
      "systemtime": 20241,
      "usertime": 1743595
     },
     "1037140851": {
      "maxRSS": 150088,
      "systemtime": 20241,
      "usertime": 1747622
     },
     "1037141926": {
      "maxRSS": 150344,
      "systemtime": 20241,
      "usertime": 1747638
     },
     "1037143006": {
      "maxRSS": 150600,
      "systemtime": 20241,
      "usertime": 1747654
     },
     "1037144061": {
      "maxRSS": 150728,
      "systemtime": 20241,
      "usertime": 1751669
     },
     "1037145152": {
      "maxRSS": 150984,
      "systemtime": 20241,
      "usertime": 1751686
     },
     "1037146233": {
      "maxRSS": 151368,
      "systemtime": 20241,
      "usertime": 1751702
     },
     "1037147324": {
      "maxRSS": 151624,
      "systemtime": 20241,
      "usertime": 1751718
     },
     "1037148412": {
      "maxRSS": 151880,
      "systemtime": 24054,
      "usertime": 1751977
     },
     "1037149487": {
      "maxRSS": 152136,
      "systemtime": 24054,
      "usertime": 1751991
     },
     "1037150563": {
      "maxRSS": 152392,
      "systemtime": 24055,
      "usertime": 1752006
     },
     "1037151637": {
      "maxRSS": 152776,
      "systemtime": 24055,
      "usertime": 1752021
     },
     "1037152714": {
      "maxRSS": 153032,
      "systemtime": 24055,
      "usertime": 1755982
     },
     "1037153800": {
      "maxRSS": 153288,
      "systemtime": 24055,
      "usertime": 1756000
     },
     "1037154892": {
      "maxRSS": 153544,
      "systemtime": 24055,
      "usertime": 1756024
     },
     "1037155966": {
      "maxRSS": 153800,
      "systemtime": 24055,
      "usertime": 1756038
     },
     "1037157044": {
      "maxRSS": 154056,
      "systemtime": 24055,
      "usertime": 1760053
     },
     "1037158120": {
      "maxRSS": 154312,
      "systemtime": 24055,
      "usertime": 1760067
     },
     "1037159225": {
      "maxRSS": 154696,
      "systemtime": 24055,
      "usertime": 1760087
     },
     "1037160312": {
      "maxRSS": 154824,
      "systemtime": 24056,
      "usertime": 1764112
     },
     "1037161426": {
      "maxRSS": 154952,
      "systemtime": 24056,
      "usertime": 1764131
     },
     "1037162538": {
      "maxRSS": 155336,
      "systemtime": 24056,
      "usertime": 1764142
     },
     "1037163607": {
      "maxRSS": 155592,
      "systemtime": 24056,
      "usertime": 1764153
     },
     "1037164690": {
      "maxRSS": 155848,
      "systemtime": 24056,
      "usertime": 1768160
     },
     "1037165821": {
      "maxRSS": 156232,
      "systemtime": 24056,
      "usertime": 1768175
     },
     "1037166909": {
      "maxRSS": 156488,
      "systemtime": 24057,
      "usertime": 1768191
     },
     "1037167989": {
      "maxRSS": 156744,
      "systemtime": 24057,
      "usertime": 1768213
     },
     "1037169060": {
      "maxRSS": 157000,
      "systemtime": 24057,
      "usertime": 1772223
     },
     "1037170146": {
      "maxRSS": 157256,
      "systemtime": 24057,
      "usertime": 1772236
     },
     "1037171233": {
      "maxRSS": 157512,
      "systemtime": 24057,
      "usertime": 1772252
     },
     "1037172307": {
      "maxRSS": 157896,
      "systemtime": 24057,
      "usertime": 1776269
     },
     "1037173378": {
      "maxRSS": 158152,
      "systemtime": 24057,
      "usertime": 1776281
     },
     "1037174467": {
      "maxRSS": 158408,
      "systemtime": 24058,
      "usertime": 1776294
     },
     "1037175553": {
      "maxRSS": 158664,
      "systemtime": 24058,
      "usertime": 1776316
     },
     "1037176654": {
      "maxRSS": 158920,
      "systemtime": 24058,
      "usertime": 1780326
     },
     "1037177719": {
      "maxRSS": 159304,
      "systemtime": 24058,
      "usertime": 1780333
     },
     "1037178820": {
      "maxRSS": 159560,
      "systemtime": 24058,
      "usertime": 1780349
     },
     "1037179942": {
      "maxRSS": 159816,
      "systemtime": 24059,
      "usertime": 1780370
     },
     "1037181017": {
      "maxRSS": 160072,
      "systemtime": 24059,
      "usertime": 1784387
     },
     "1037182161": {
      "maxRSS": 160456,
      "systemtime": 24060,
      "usertime": 1784455
     },
     "1037183248": {
      "maxRSS": 160712,
      "systemtime": 24060,
      "usertime": 1784468
     },
     "1037184324": {
      "maxRSS": 160968,
      "systemtime": 24060,
      "usertime": 1788482
     },
     "1037185396": {
      "maxRSS": 161224,
      "systemtime": 24060,
      "usertime": 1788495
     },
     "1037186463": {
      "maxRSS": 161480,
      "systemtime": 24060,
      "usertime": 1788505
     },
     "1037187571": {
      "maxRSS": 161736,
      "systemtime": 24060,
      "usertime": 1788515
     },
     "1037188656": {
      "maxRSS": 162120,
      "systemtime": 24060,
      "usertime": 1792536
     },
     "1037189750": {
      "maxRSS": 162376,
      "systemtime": 24061,
      "usertime": 1792550
     },
     "1037190821": {
      "maxRSS": 162632,
      "systemtime": 24061,
      "usertime": 1792564
     },
     "1037191896": {
      "maxRSS": 162888,
      "systemtime": 24061,
      "usertime": 1792577
     },
     "1037192991": {
      "maxRSS": 163144,
      "systemtime": 24061,
      "usertime": 1796591
     },
     "1037194060": {
      "maxRSS": 163528,
      "systemtime": 24061,
      "usertime": 1796602
     },
     "1037195166": {
      "maxRSS": 163784,
      "systemtime": 24061,
      "usertime": 1796622
     },
     "1037196304": {
      "maxRSS": 163912,
      "systemtime": 24062,
      "usertime": 1800691
     },
     "1037197389": {
      "maxRSS": 164168,
      "systemtime": 24062,
      "usertime": 1800704
     },
     "1037198455": {
      "maxRSS": 164424,
      "systemtime": 24062,
      "usertime": 1800711
     },
     "1037199519": {
      "maxRSS": 164680,
      "systemtime": 24063,
      "usertime": 1800718
     },
     "1037200629": {
      "maxRSS": 164936,
      "systemtime": 24063,
      "usertime": 1804674
     },
     "1037201694": {
      "maxRSS": 165320,
      "systemtime": 24063,
      "usertime": 1804682
     },
     "1037202771": {
      "maxRSS": 165576,
      "systemtime": 24063,
      "usertime": 1804697
     },
     "1037203849": {
      "maxRSS": 165832,
      "systemtime": 24063,
      "usertime": 1804709
     },
     "1037204959": {
      "maxRSS": 166088,
      "systemtime": 24063,
      "usertime": 1808725
     },
     "1037206029": {
      "maxRSS": 166344,
      "systemtime": 24063,
      "usertime": 1808737
     },
     "1037207094": {
      "maxRSS": 166728,
      "systemtime": 24063,
      "usertime": 1808746
     },
     "1037208169": {
      "maxRSS": 166984,
      "systemtime": 24063,
      "usertime": 1812758
     },
     "1037209262": {
      "maxRSS": 167240,
      "systemtime": 24063,
      "usertime": 1812780
     },
     "1037210331": {
      "maxRSS": 167496,
      "systemtime": 24063,
      "usertime": 1812792
     },
     "1037211400": {
      "maxRSS": 167880,
      "systemtime": 24063,
      "usertime": 1812802
     },
     "1037212480": {
      "maxRSS": 168136,
      "systemtime": 24063,
      "usertime": 1816816
     },
     "1037213551": {
      "maxRSS": 168392,
      "systemtime": 24063,
      "usertime": 1816829
     },
     "1037214620": {
      "maxRSS": 168648,
      "systemtime": 24064,
      "usertime": 1816839
     },
     "1037215694": {
      "maxRSS": 168904,
      "systemtime": 24064,
      "usertime": 1816856
     },
     "1037216783": {
      "maxRSS": 169160,
      "systemtime": 24064,
      "usertime": 1820867
     },
     "1037217850": {
      "maxRSS": 169416,
      "systemtime": 24064,
      "usertime": 1820877
     },
     "1037218917": {
      "maxRSS": 169672,
      "systemtime": 24064,
      "usertime": 1820886
     },
     "1037219981": {
      "maxRSS": 169928,
      "systemtime": 24064,
      "usertime": 1820893
     },
     "1037221058": {
      "maxRSS": 170184,
      "systemtime": 24064,
      "usertime": 1824901
     },
     "1037222130": {
      "maxRSS": 170440,
      "systemtime": 24064,
      "usertime": 1824916
     },
     "1037223194": {
      "maxRSS": 170824,
      "systemtime": 24064,
      "usertime": 1824924
     },
     "1037224266": {
      "maxRSS": 171080,
      "systemtime": 24064,
      "usertime": 1828932
     },
     "1037225332": {
      "maxRSS": 171336,
      "systemtime": 24065,
      "usertime": 1828941
     },
     "1037226398": {
      "maxRSS": 171592,
      "systemtime": 24065,
      "usertime": 1828950
     },
     "1037227464": {
      "maxRSS": 171848,
      "systemtime": 24065,
      "usertime": 1828958
     },
     "1037228557": {
      "maxRSS": 172104,
      "systemtime": 24065,
      "usertime": 1832971
     },
     "1037229667": {
      "maxRSS": 172488,
      "systemtime": 24065,
      "usertime": 1832989
     },
     "1037230741": {
      "maxRSS": 172744,
      "systemtime": 24065,
      "usertime": 1833003
     },
     "1037231839": {
      "maxRSS": 173000,
      "systemtime": 24065,
      "usertime": 1833011
     },
     "1037232920": {
      "maxRSS": 173256,
      "systemtime": 24065,
      "usertime": 1837022
     },
     "1037234012": {
      "maxRSS": 173512,
      "systemtime": 24065,
      "usertime": 1837037
     },
     "1037235121": {
      "maxRSS": 173896,
      "systemtime": 24066,
      "usertime": 1837062
     },
     "1037236217": {
      "maxRSS": 174152,
      "systemtime": 24066,
      "usertime": 1841112
     },
     "1037237331": {
      "maxRSS": 174408,
      "systemtime": 24067,
      "usertime": 1841128
     },
     "1037238456": {
      "maxRSS": 174664,
      "systemtime": 24067,
      "usertime": 1841146
     },
     "1037239557": {
      "maxRSS": 174920,
      "systemtime": 24067,
      "usertime": 1841157
     },
     "1037240677": {
      "maxRSS": 175176,
      "systemtime": 24067,
      "usertime": 1845174
     },
     "1037241746": {
      "maxRSS": 175432,
      "systemtime": 24067,
      "usertime": 1845185
     },
     "1037242853": {
      "maxRSS": 175816,
      "systemtime": 24067,
      "usertime": 1845201
     },
     "1037243962": {
      "maxRSS": 176072,
      "systemtime": 24068,
      "usertime": 1845222
     },
     "1037245032": {
      "maxRSS": 176328,
      "systemtime": 24068,
      "usertime": 1849215
     },
     "1037246116": {
      "maxRSS": 176584,
      "systemtime": 24068,
      "usertime": 1849232
     },
     "1037247204": {
      "maxRSS": 176840,
      "systemtime": 24068,
      "usertime": 1849255
     },
     "1037248293": {
      "maxRSS": 177096,
      "systemtime": 24068,
      "usertime": 1853281
     },
     "1037249428": {
      "maxRSS": 177352,
      "systemtime": 24069,
      "usertime": 1853316
     },
     "1037250501": {
      "maxRSS": 177608,
      "systemtime": 24069,
      "usertime": 1853331
     },
     "1037251585": {
      "maxRSS": 177864,
      "systemtime": 24069,
      "usertime": 1853345
     },
     "1037252686": {
      "maxRSS": 178248,
      "systemtime": 24069,
      "usertime": 1857360
     },
     "1037253767": {
      "maxRSS": 178376,
      "systemtime": 24069,
      "usertime": 1857375
     },
     "1037254943": {
      "maxRSS": 178760,
      "systemtime": 24069,
      "usertime": 1857393
     },
     "1037256056": {
      "maxRSS": 179016,
      "systemtime": 24070,
      "usertime": 1861423
     },
     "1037257136": {
      "maxRSS": 179272,
      "systemtime": 24070,
      "usertime": 1861438
     },
     "1037258215": {
      "maxRSS": 179528,
      "systemtime": 24070,
      "usertime": 1861452
     },
     "1037259308": {
      "maxRSS": 179784,
      "systemtime": 24070,
      "usertime": 1861466
     },
     "1037260398": {
      "maxRSS": 180040,
      "systemtime": 24070,
      "usertime": 1865476
     },
     "1037261476": {
      "maxRSS": 180296,
      "systemtime": 24070,
      "usertime": 1865490
     },
     "1037262597": {
      "maxRSS": 180552,
      "systemtime": 24071,
      "usertime": 1865510
     },
     "1037263689": {
      "maxRSS": 180808,
      "systemtime": 24071,
      "usertime": 1865539
     },
     "1037264767": {
      "maxRSS": 180936,
      "systemtime": 28083,
      "usertime": 1865573
     },
     "1037265875": {
      "maxRSS": 181192,
      "systemtime": 28084,
      "usertime": 1865599
     },
     "1037266962": {
      "maxRSS": 181448,
      "systemtime": 28084,
      "usertime": 1865623
     },
     "1037268073": {
      "maxRSS": 181704,
      "systemtime": 28084,
      "usertime": 1869617
     },
     "1037269170": {
      "maxRSS": 181960,
      "systemtime": 28084,
      "usertime": 1869637
     },
     "1037270256": {
      "maxRSS": 182216,
      "systemtime": 28085,
      "usertime": 1869659
     },
     "1037271328": {
      "maxRSS": 182472,
      "systemtime": 28085,
      "usertime": 1869672
     },
     "1037273403": {
      "maxRSS": 182984,
      "systemtime": 32097,
      "usertime": 1869673
     },
     "1037275519": {
      "maxRSS": 183496,
      "systemtime": 32097,
      "usertime": 1869702
     },
     "1037277611": {
      "maxRSS": 183880,
      "systemtime": 32098,
      "usertime": 1873728
     },
     "1037279694": {
      "maxRSS": 184392,
      "systemtime": 32098,
      "usertime": 1873745
     },
     "1037281835": {
      "maxRSS": 184392,
      "systemtime": 32099,
      "usertime": 1877801
     },
     "1037283923": {
      "maxRSS": 184392,
      "systemtime": 32099,
      "usertime": 1877826
     },
     "1037285414": {
      "maxRSS": 184392,
      "systemtime": 32122,
      "usertime": 1883193
     },
     "1037286516": {
      "maxRSS": 184392,
      "systemtime": 32123,
      "usertime": 1883218
     },
     "1037287600": {
      "maxRSS": 184392,
      "systemtime": 32123,
      "usertime": 1883235
     },
     "1037288703": {
      "maxRSS": 184392,
      "systemtime": 32123,
      "usertime": 1885876
     },
     "1037289803": {
      "maxRSS": 184392,
      "systemtime": 32123,
      "usertime": 1885902
     },
     "1037290896": {
      "maxRSS": 184392,
      "systemtime": 32123,
      "usertime": 1885917
     },
     "1037291985": {
      "maxRSS": 184392,
      "systemtime": 32123,
      "usertime": 1885931
     },
     "1037293087": {
      "maxRSS": 184392,
      "systemtime": 32123,
      "usertime": 1889952
     },
     "1037294220": {
      "maxRSS": 184392,
      "systemtime": 32123,
      "usertime": 1889988
     },
     "1037295411": {
      "maxRSS": 184392,
      "systemtime": 32123,
      "usertime": 1890011
     },
     "1037296515": {
      "maxRSS": 184392,
      "systemtime": 32123,
      "usertime": 1894040
     },
     "1037297695": {
      "maxRSS": 184392,
      "systemtime": 32123,
      "usertime": 1894143
     },
     "1037298817": {
      "maxRSS": 184392,
      "systemtime": 32123,
      "usertime": 1894169
     },
     "1037299927": {
      "maxRSS": 184392,
      "systemtime": 32123,
      "usertime": 1894203
     },
     "1037301050": {
      "maxRSS": 184392,
      "systemtime": 32123,
      "usertime": 1898260
     },
     "1037302131": {
      "maxRSS": 184392,
      "systemtime": 32123,
      "usertime": 1898280
     },
     "1037303230": {
      "maxRSS": 184392,
      "systemtime": 32123,
      "usertime": 1898301
     },
     "1037304339": {
      "maxRSS": 184520,
      "systemtime": 32123,
      "usertime": 1902314
     },
     "1037305410": {
      "maxRSS": 184520,
      "systemtime": 32123,
      "usertime": 1902327
     },
     "1037306496": {
      "maxRSS": 184520,
      "systemtime": 32123,
      "usertime": 1902339
     },
     "1037307605": {
      "maxRSS": 184520,
      "systemtime": 32123,
      "usertime": 1902355
     },
     "1037308679": {
      "maxRSS": 184520,
      "systemtime": 32123,
      "usertime": 1906370
     },
     "1037309786": {
      "maxRSS": 184520,
      "systemtime": 32123,
      "usertime": 1906384
     },
     "1037310885": {
      "maxRSS": 184520,
      "systemtime": 32123,
      "usertime": 1906409
     },
     "1037311959": {
      "maxRSS": 184520,
      "systemtime": 32123,
      "usertime": 1906423
     },
     "1037313035": {
      "maxRSS": 184520,
      "systemtime": 32123,
      "usertime": 1910436
     },
     "1037314111": {
      "maxRSS": 184520,
      "systemtime": 32123,
      "usertime": 1910449
     },
     "1037315198": {
      "maxRSS": 184520,
      "systemtime": 32123,
      "usertime": 1910464
     },
     "1037316277": {
      "maxRSS": 184520,
      "systemtime": 32123,
      "usertime": 1914484
     },
     "1037317363": {
      "maxRSS": 184520,
      "systemtime": 32123,
      "usertime": 1914508
     },
     "1037318472": {
      "maxRSS": 184520,
      "systemtime": 32123,
      "usertime": 1914531
     },
     "1037319556": {
      "maxRSS": 184520,
      "systemtime": 32123,
      "usertime": 1914556
     },
     "1037320631": {
      "maxRSS": 184520,
      "systemtime": 32123,
      "usertime": 1918565
     },
     "1037321724": {
      "maxRSS": 184520,
      "systemtime": 32123,
      "usertime": 1918580
     },
     "1037322796": {
      "maxRSS": 184520,
      "systemtime": 32123,
      "usertime": 1918594
     },
     "1037323898": {
      "maxRSS": 184520,
      "systemtime": 32123,
      "usertime": 1918607
     },
     "1037324999": {
      "maxRSS": 184520,
      "systemtime": 32123,
      "usertime": 1922633
     },
     "1037326074": {
      "maxRSS": 184520,
      "systemtime": 32123,
      "usertime": 1922647
     },
     "1037327151": {
      "maxRSS": 184520,
      "systemtime": 32123,
      "usertime": 1922662
     },
     "1037328252": {
      "maxRSS": 184520,
      "systemtime": 32123,
      "usertime": 1926673
     },
     "1037329349": {
      "maxRSS": 184520,
      "systemtime": 32123,
      "usertime": 1926687
     },
     "1037330424": {
      "maxRSS": 184520,
      "systemtime": 32123,
      "usertime": 1926700
     },
     "1037331506": {
      "maxRSS": 184520,
      "systemtime": 32123,
      "usertime": 1926719
     },
     "1037332579": {
      "maxRSS": 184520,
      "systemtime": 32123,
      "usertime": 1930729
     },
     "1037333663": {
      "maxRSS": 184520,
      "systemtime": 32123,
      "usertime": 1930737
     },
     "1037334727": {
      "maxRSS": 184520,
      "systemtime": 32123,
      "usertime": 1930744
     },
     "1037335830": {
      "maxRSS": 184520,
      "systemtime": 32123,
      "usertime": 1930752
     },
     "1037336906": {
      "maxRSS": 184520,
      "systemtime": 32123,
      "usertime": 1934764
     },
     "1037338005": {
      "maxRSS": 184520,
      "systemtime": 32123,
      "usertime": 1934787
     },
     "1037339087": {
      "maxRSS": 184520,
      "systemtime": 32123,
      "usertime": 1934801
     },
     "1037340162": {
      "maxRSS": 184520,
      "systemtime": 32123,
      "usertime": 1938842
     },
     "1037341239": {
      "maxRSS": 184520,
      "systemtime": 32123,
      "usertime": 1938857
     },
     "1037342345": {
      "maxRSS": 184520,
      "systemtime": 32123,
      "usertime": 1938884
     },
     "1037343472": {
      "maxRSS": 184520,
      "systemtime": 32123,
      "usertime": 1938921
     },
     "1037344580": {
      "maxRSS": 184520,
      "systemtime": 32123,
      "usertime": 1942928
     },
     "1037345660": {
      "maxRSS": 184520,
      "systemtime": 32123,
      "usertime": 1942943
     },
     "1037346732": {
      "maxRSS": 184520,
      "systemtime": 32123,
      "usertime": 1942956
     },
     "1037347798": {
      "maxRSS": 184520,
      "systemtime": 32123,
      "usertime": 1942966
     },
     "1037348885": {
      "maxRSS": 184520,
      "systemtime": 32123,
      "usertime": 1946976
     },
     "1037349961": {
      "maxRSS": 184520,
      "systemtime": 32123,
      "usertime": 1946991
     },
     "1037351037": {
      "maxRSS": 184520,
      "systemtime": 32123,
      "usertime": 1947006
     },
     "1037352118": {
      "maxRSS": 184520,
      "systemtime": 32123,
      "usertime": 1951030
     },
     "1037353194": {
      "maxRSS": 184520,
      "systemtime": 32123,
      "usertime": 1951044
     },
     "1037354272": {
      "maxRSS": 184520,
      "systemtime": 32123,
      "usertime": 1951058
     },
     "1037355342": {
      "maxRSS": 184520,
      "systemtime": 32123,
      "usertime": 1951069
     },
     "1037356429": {
      "maxRSS": 184520,
      "systemtime": 32123,
      "usertime": 1955096
     },
     "1037357534": {
      "maxRSS": 184520,
      "systemtime": 32123,
      "usertime": 1955111
     },
     "1037358617": {
      "maxRSS": 184520,
      "systemtime": 32123,
      "usertime": 1955134
     },
     "1037359694": {
      "maxRSS": 184520,
      "systemtime": 32123,
      "usertime": 1955148
     },
     "1037360802": {
      "maxRSS": 184520,
      "systemtime": 32123,
      "usertime": 1959153
     },
     "1037361873": {
      "maxRSS": 184520,
      "systemtime": 32123,
      "usertime": 1959165
     },
     "1037362963": {
      "maxRSS": 184520,
      "systemtime": 32123,
      "usertime": 1959184
     },
     "1037364082": {
      "maxRSS": 184520,
      "systemtime": 32123,
      "usertime": 1963231
     },
     "1037365203": {
      "maxRSS": 184520,
      "systemtime": 32123,
      "usertime": 1963270
     },
     "1037366277": {
      "maxRSS": 184520,
      "systemtime": 32123,
      "usertime": 1963284
     },
     "1037367352": {
      "maxRSS": 184520,
      "systemtime": 32123,
      "usertime": 1963298
     },
     "1037368455": {
      "maxRSS": 184520,
      "systemtime": 32123,
      "usertime": 1967312
     },
     "1037369525": {
      "maxRSS": 184520,
      "systemtime": 32123,
      "usertime": 1967325
     },
     "1037370603": {
      "maxRSS": 184520,
      "systemtime": 32123,
      "usertime": 1967337
     },
     "1037371692": {
      "maxRSS": 184520,
      "systemtime": 32123,
      "usertime": 1967360
     },
     "1037372794": {
      "maxRSS": 184520,
      "systemtime": 32123,
      "usertime": 1971375
     },
     "1037373894": {
      "maxRSS": 184520,
      "systemtime": 32123,
      "usertime": 1971383
     },
     "1037374996": {
      "maxRSS": 184520,
      "systemtime": 32123,
      "usertime": 1971395
     },
     "1037376056": {
      "maxRSS": 184520,
      "systemtime": 32123,
      "usertime": 1975417
     },
     "1037377174": {
      "maxRSS": 184520,
      "systemtime": 32123,
      "usertime": 1975447
     },
     "1037378278": {
      "maxRSS": 184520,
      "systemtime": 32123,
      "usertime": 1975460
     },
     "1037379369": {
      "maxRSS": 184520,
      "systemtime": 32123,
      "usertime": 1975481
     },
     "1037380448": {
      "maxRSS": 184520,
      "systemtime": 32123,
      "usertime": 1979498
     },
     "1037381539": {
      "maxRSS": 184520,
      "systemtime": 32123,
      "usertime": 1979514
     },
     "1037382619": {
      "maxRSS": 184520,
      "systemtime": 32123,
      "usertime": 1979531
     },
     "1037383718": {
      "maxRSS": 184520,
      "systemtime": 32123,
      "usertime": 1979549
     },
     "1037384808": {
      "maxRSS": 184520,
      "systemtime": 32123,
      "usertime": 1983565
     },
     "1037385897": {
      "maxRSS": 184520,
      "systemtime": 32123,
      "usertime": 1983592
     },
     "1037386978": {
      "maxRSS": 184520,
      "systemtime": 32123,
      "usertime": 1983608
     },
     "1037388019": {
      "maxRSS": 184520,
      "systemtime": 32123,
      "usertime": 1987620
     },
     "1037389120": {
      "maxRSS": 184520,
      "systemtime": 32123,
      "usertime": 1987630
     },
     "1037390218": {
      "maxRSS": 184520,
      "systemtime": 32123,
      "usertime": 1987638
     },
     "1037391317": {
      "maxRSS": 184520,
      "systemtime": 32123,
      "usertime": 1987646
     },
     "1037392397": {
      "maxRSS": 184520,
      "systemtime": 32123,
      "usertime": 1991669
     },
     "1037393482": {
      "maxRSS": 184520,
      "systemtime": 32123,
      "usertime": 1991684
     },
     "1037394586": {
      "maxRSS": 184520,
      "systemtime": 32124,
      "usertime": 1991702
     },
     "1037395698": {
      "maxRSS": 184520,
      "systemtime": 32124,
      "usertime": 1991736
     },
     "1037396795": {
      "maxRSS": 184520,
      "systemtime": 32125,
      "usertime": 1995789
     },
     "1037397872": {
      "maxRSS": 184520,
      "systemtime": 32125,
      "usertime": 1995804
     },
     "1037399011": {
      "maxRSS": 184520,
      "systemtime": 32126,
      "usertime": 1995880
     },
     "1037400052": {
      "maxRSS": 184520,
      "systemtime": 32126,
      "usertime": 1999862
     },
     "1037401177": {
      "maxRSS": 184520,
      "systemtime": 32126,
      "usertime": 1999895
     },
     "1037402252": {
      "maxRSS": 184520,
      "systemtime": 32127,
      "usertime": 1999909
     },
     "1037403347": {
      "maxRSS": 184520,
      "systemtime": 32127,
      "usertime": 1999925
     },
     "1037404424": {
      "maxRSS": 184520,
      "systemtime": 32127,
      "usertime": 2003945
     },
     "1037405532": {
      "maxRSS": 184520,
      "systemtime": 32127,
      "usertime": 2003972
     },
     "1037406688": {
      "maxRSS": 184520,
      "systemtime": 32129,
      "usertime": 2004063
     },
     "1037407808": {
      "maxRSS": 184520,
      "systemtime": 32129,
      "usertime": 2004091
     },
     "1037408908": {
      "maxRSS": 184520,
      "systemtime": 32129,
      "usertime": 2008111
     },
     "1037409979": {
      "maxRSS": 184520,
      "systemtime": 32129,
      "usertime": 2008123
     },
     "1037411044": {
      "maxRSS": 184520,
      "systemtime": 32130,
      "usertime": 2008131
     },
     "1037412090": {
      "maxRSS": 184520,
      "systemtime": 32130,
      "usertime": 2012170
     },
     "1037413218": {
      "maxRSS": 184520,
      "systemtime": 32130,
      "usertime": 2012200
     },
     "1037414323": {
      "maxRSS": 184520,
      "systemtime": 32131,
      "usertime": 2012212
     },
     "1037415510": {
      "maxRSS": 184520,
      "systemtime": 32131,
      "usertime": 2012224
     },
     "1037416681": {
      "maxRSS": 184520,
      "systemtime": 32131,
      "usertime": 2016215
     },
     "1037417853": {
      "maxRSS": 184520,
      "systemtime": 32131,
      "usertime": 2016232
     },
     "1037419043": {
      "maxRSS": 184520,
      "systemtime": 32131,
      "usertime": 2016248
     },
     "1037420102": {
      "maxRSS": 184520,
      "systemtime": 32131,
      "usertime": 2020269
     },
     "1037421196": {
      "maxRSS": 184520,
      "systemtime": 32131,
      "usertime": 2020285
     },
     "1037422342": {
      "maxRSS": 184520,
      "systemtime": 32132,
      "usertime": 2020304
     },
     "1037423424": {
      "maxRSS": 184520,
      "systemtime": 32132,
      "usertime": 2020320
     },
     "1037424536": {
      "maxRSS": 184520,
      "systemtime": 32132,
      "usertime": 2024339
     },
     "1037426632": {
      "maxRSS": 184520,
      "systemtime": 32132,
      "usertime": 2024347
     },
     "1037428730": {
      "maxRSS": 184520,
      "systemtime": 32132,
      "usertime": 2028379
     },
     "1037430811": {
      "maxRSS": 184520,
      "systemtime": 32133,
      "usertime": 2028398
     },
     "1037432885": {
      "maxRSS": 184520,
      "systemtime": 32133,
      "usertime": 2032411
     },
     "1037434950": {
      "maxRSS": 184520,
      "systemtime": 32133,
      "usertime": 2032419
     },
     "1037437023": {
      "maxRSS": 184520,
      "systemtime": 32133,
      "usertime": 2036429
     },
     "1037439092": {
      "maxRSS": 184520,
      "systemtime": 32133,
      "usertime": 2036440
     },
     "1037441159": {
      "maxRSS": 184520,
      "systemtime": 32133,
      "usertime": 2040450
     },
     "1037443271": {
      "maxRSS": 184520,
      "systemtime": 32133,
      "usertime": 2040471
     },
     "1037445412": {
      "maxRSS": 184520,
      "systemtime": 32133,
      "usertime": 2044485
     },
     "1037447589": {
      "maxRSS": 184520,
      "systemtime": 32133,
      "usertime": 2044499
     },
     "1037449658": {
      "maxRSS": 184520,
      "systemtime": 32133,
      "usertime": 2048510
     },
     "1037451725": {
      "maxRSS": 184520,
      "systemtime": 32133,
      "usertime": 2048520
     },
     "1037453831": {
      "maxRSS": 184520,
      "systemtime": 32133,
      "usertime": 2052532
     },
     "1037455988": {
      "maxRSS": 184520,
      "systemtime": 32134,
      "usertime": 2052579
     },
     "1037458094": {
      "maxRSS": 184520,
      "systemtime": 32134,
      "usertime": 2056592
     },
     "1037460160": {
      "maxRSS": 184520,
      "systemtime": 32134,
      "usertime": 2060601
     },
     "1037462260": {
      "maxRSS": 184520,
      "systemtime": 32134,
      "usertime": 2060609
     },
     "1037464329": {
      "maxRSS": 184520,
      "systemtime": 32134,
      "usertime": 2064618
     },
     "1037466431": {
      "maxRSS": 184520,
      "systemtime": 32134,
      "usertime": 2064628
     },
     "1037468545": {
      "maxRSS": 184520,
      "systemtime": 32134,
      "usertime": 2068649
     },
     "1037470616": {
      "maxRSS": 184520,
      "systemtime": 32134,
      "usertime": 2068662
     },
     "1037472713": {
      "maxRSS": 184520,
      "systemtime": 32134,
      "usertime": 2072676
     },
     "1037474822": {
      "maxRSS": 184520,
      "systemtime": 32134,
      "usertime": 2072699
     },
     "1037476939": {
      "maxRSS": 184520,
      "systemtime": 32135,
      "usertime": 2076725
     },
     "1037479031": {
      "maxRSS": 184520,
      "systemtime": 32135,
      "usertime": 2076744
     },
     "1037481131": {
      "maxRSS": 184520,
      "systemtime": 32135,
      "usertime": 2080781
     },
     "1037483224": {
      "maxRSS": 184520,
      "systemtime": 32136,
      "usertime": 2080807
     },
     "1037485300": {
      "maxRSS": 184520,
      "systemtime": 32136,
      "usertime": 2084823
     },
     "1037487375": {
      "maxRSS": 184520,
      "systemtime": 32136,
      "usertime": 2084837
     },
     "1037489481": {
      "maxRSS": 184520,
      "systemtime": 32136,
      "usertime": 2088849
     },
     "1037491550": {
      "maxRSS": 184520,
      "systemtime": 32136,
      "usertime": 2088859
     },
     "1037493617": {
      "maxRSS": 184520,
      "systemtime": 32136,
      "usertime": 2092867
     },
     "1037495740": {
      "maxRSS": 184520,
      "systemtime": 32137,
      "usertime": 2092927
     },
     "1037497856": {
      "maxRSS": 184520,
      "systemtime": 32137,
      "usertime": 2096946
     },
     "1037499960": {
      "maxRSS": 184520,
      "systemtime": 32137,
      "usertime": 2096956
     },
     "1037502067": {
      "maxRSS": 184520,
      "systemtime": 32137,
      "usertime": 2100968
     },
     "1037504139": {
      "maxRSS": 184520,
      "systemtime": 32137,
      "usertime": 2104982
     },
     "1037506245": {
      "maxRSS": 184520,
      "systemtime": 32137,
      "usertime": 2104997
     },
     "1037508357": {
      "maxRSS": 184520,
      "systemtime": 32137,
      "usertime": 2109036
     },
     "1037510472": {
      "maxRSS": 184520,
      "systemtime": 32137,
      "usertime": 2109054
     },
     "1037512577": {
      "maxRSS": 184520,
      "systemtime": 32137,
      "usertime": 2113067
     },
     "1037514690": {
      "maxRSS": 184520,
      "systemtime": 32138,
      "usertime": 2113077
     },
     "1037516795": {
      "maxRSS": 184520,
      "systemtime": 32138,
      "usertime": 2117088
     },
     "1037518869": {
      "maxRSS": 184520,
      "systemtime": 32138,
      "usertime": 2117099
     },
     "1037520964": {
      "maxRSS": 184520,
      "systemtime": 32139,
      "usertime": 2121201
     },
     "1037523048": {
      "maxRSS": 184520,
      "systemtime": 32139,
      "usertime": 2121219
     },
     "1037525123": {
      "maxRSS": 184520,
      "systemtime": 32139,
      "usertime": 2125164
     },
     "1037527194": {
      "maxRSS": 184520,
      "systemtime": 32139,
      "usertime": 2125177
     },
     "1037529266": {
      "maxRSS": 184520,
      "systemtime": 32139,
      "usertime": 2129186
     },
     "1037531339": {
      "maxRSS": 184520,
      "systemtime": 32139,
      "usertime": 2129200
     },
     "1037533447": {
      "maxRSS": 184520,
      "systemtime": 32139,
      "usertime": 2133277
     },
     "1037535559": {
      "maxRSS": 184520,
      "systemtime": 32140,
      "usertime": 2133302
     },
     "1037537645": {
      "maxRSS": 184520,
      "systemtime": 32140,
      "usertime": 2137277
     },
     "1037539717": {
      "maxRSS": 184520,
      "systemtime": 32140,
      "usertime": 2137289
     },
     "1037541789": {
      "maxRSS": 184520,
      "systemtime": 32140,
      "usertime": 2141301
     },
     "1037543864": {
      "maxRSS": 184520,
      "systemtime": 32140,
      "usertime": 2141315
     },
     "1037545944": {
      "maxRSS": 184520,
      "systemtime": 32140,
      "usertime": 2145361
     },
     "1037548028": {
      "maxRSS": 184520,
      "systemtime": 32140,
      "usertime": 2145390
     },
     "1037550104": {
      "maxRSS": 184520,
      "systemtime": 32140,
      "usertime": 2149414
     },
     "1037552213": {
      "maxRSS": 184520,
      "systemtime": 32140,
      "usertime": 2153393
     },
     "1037554293": {
      "maxRSS": 184520,
      "systemtime": 32140,
      "usertime": 2153410
     },
     "1037556388": {
      "maxRSS": 184520,
      "systemtime": 32140,
      "usertime": 2157443
     },
     "1037558476": {
      "maxRSS": 184520,
      "systemtime": 32140,
      "usertime": 2157459
     },
     "1037560607": {
      "maxRSS": 184520,
      "systemtime": 32141,
      "usertime": 2161485
     },
     "1037562697": {
      "maxRSS": 184520,
      "systemtime": 32141,
      "usertime": 2161505
     },
     "1037564781": {
      "maxRSS": 184520,
      "systemtime": 32141,
      "usertime": 2165520
     },
     "1037566902": {
      "maxRSS": 184520,
      "systemtime": 32141,
      "usertime": 2165548
     },
     "1037569021": {
      "maxRSS": 184520,
      "systemtime": 32141,
      "usertime": 2169579
     },
     "1037571096": {
      "maxRSS": 184520,
      "systemtime": 32142,
      "usertime": 2169593
     },
     "1037573201": {
      "maxRSS": 184520,
      "systemtime": 32142,
      "usertime": 2173647
     },
     "1037575276": {
      "maxRSS": 184520,
      "systemtime": 32142,
      "usertime": 2173662
     },
     "1037577353": {
      "maxRSS": 184520,
      "systemtime": 32142,
      "usertime": 2177645
     },
     "1037579445": {
      "maxRSS": 184520,
      "systemtime": 32142,
      "usertime": 2177665
     },
     "1037581540": {
      "maxRSS": 184520,
      "systemtime": 32142,
      "usertime": 2181697
     },
     "1037583687": {
      "maxRSS": 184520,
      "systemtime": 32143,
      "usertime": 2181731
     },
     "1037585785": {
      "maxRSS": 184520,
      "systemtime": 32143,
      "usertime": 2185764
     },
     "1037587858": {
      "maxRSS": 184520,
      "systemtime": 32143,
      "usertime": 2185777
     },
     "1037589932": {
      "maxRSS": 184520,
      "systemtime": 32143,
      "usertime": 2189805
     },
     "1037592005": {
      "maxRSS": 184520,
      "systemtime": 32143,
      "usertime": 2193805
     },
     "1037594084": {
      "maxRSS": 184520,
      "systemtime": 32143,
      "usertime": 2193819
     },
     "1037596163": {
      "maxRSS": 184520,
      "systemtime": 32143,
      "usertime": 2197839
     },
     "1037598251": {
      "maxRSS": 184520,
      "systemtime": 32144,
      "usertime": 2197865
     },
     "1037600335": {
      "maxRSS": 184520,
      "systemtime": 32144,
      "usertime": 2201881
     },
     "1037602412": {
      "maxRSS": 184520,
      "systemtime": 32144,
      "usertime": 2201896
     },
     "1037604505": {
      "maxRSS": 184520,
      "systemtime": 32145,
      "usertime": 2205965
     },
     "1037606585": {
      "maxRSS": 184520,
      "systemtime": 32145,
      "usertime": 2205980
     },
     "1037608713": {
      "maxRSS": 184520,
      "systemtime": 32145,
      "usertime": 2209970
     },
     "1037610789": {
      "maxRSS": 184520,
      "systemtime": 32145,
      "usertime": 2209986
     },
     "1037612908": {
      "maxRSS": 184648,
      "systemtime": 32145,
      "usertime": 2214028
     },
     "1037615042": {
      "maxRSS": 184648,
      "systemtime": 32146,
      "usertime": 2214070
     },
     "1037617160": {
      "maxRSS": 184648,
      "systemtime": 32146,
      "usertime": 2218113
     },
     "1037619278": {
      "maxRSS": 184648,
      "systemtime": 32147,
      "usertime": 2218152
     },
     "1037621377": {
      "maxRSS": 184648,
      "systemtime": 32147,
      "usertime": 2222206
     },
     "1037623466": {
      "maxRSS": 184648,
      "systemtime": 32148,
      "usertime": 2222231
     },
     "1037625559": {
      "maxRSS": 184648,
      "systemtime": 32148,
      "usertime": 2226241
     },
     "1037627635": {
      "maxRSS": 184648,
      "systemtime": 32148,
      "usertime": 2226255
     },
     "1037629717": {
      "maxRSS": 184648,
      "systemtime": 32148,
      "usertime": 2230272
     },
     "1037631786": {
      "maxRSS": 184648,
      "systemtime": 32148,
      "usertime": 2230284
     },
     "1037633852": {
      "maxRSS": 184648,
      "systemtime": 32148,
      "usertime": 2234307
     },
     "1037635941": {
      "maxRSS": 184648,
      "systemtime": 32148,
      "usertime": 2234321
     },
     "1037638043": {
      "maxRSS": 184648,
      "systemtime": 32148,
      "usertime": 2238344
     },
     "1037640118": {
      "maxRSS": 184648,
      "systemtime": 32148,
      "usertime": 2242362
     },
     "1037642202": {
      "maxRSS": 184648,
      "systemtime": 32148,
      "usertime": 2242377
     },
     "1037644285": {
      "maxRSS": 184648,
      "systemtime": 32148,
      "usertime": 2246392
     },
     "1037646366": {
      "maxRSS": 184648,
      "systemtime": 32148,
      "usertime": 2246407
     },
     "1037648489": {
      "maxRSS": 184648,
      "systemtime": 32149,
      "usertime": 2250439
     },
     "1037650614": {
      "maxRSS": 184648,
      "systemtime": 32149,
      "usertime": 2250463
     },
     "1037652716": {
      "maxRSS": 184648,
      "systemtime": 32149,
      "usertime": 2254473
     },
     "1037654831": {
      "maxRSS": 184648,
      "systemtime": 32149,
      "usertime": 2254489
     },
     "1037656951": {
      "maxRSS": 184648,
      "systemtime": 32149,
      "usertime": 2258510
     },
     "1037659055": {
      "maxRSS": 184648,
      "systemtime": 32149,
      "usertime": 2258521
     },
     "1037661159": {
      "maxRSS": 184648,
      "systemtime": 32149,
      "usertime": 2262532
     },
     "1037663258": {
      "maxRSS": 184648,
      "systemtime": 32149,
      "usertime": 2262539
     },
     "1037665475": {
      "maxRSS": 184648,
      "systemtime": 32149,
      "usertime": 2266561
     },
     "1037667652": {
      "maxRSS": 184648,
      "systemtime": 32150,
      "usertime": 2266577
     },
     "1037669822": {
      "maxRSS": 184648,
      "systemtime": 32150,
      "usertime": 2270594
     },
     "1037671949": {
      "maxRSS": 184648,
      "systemtime": 32150,
      "usertime": 2270611
     },
     "1037674079": {
      "maxRSS": 184648,
      "systemtime": 32150,
      "usertime": 2274648
     },
     "1037676145": {
      "maxRSS": 184648,
      "systemtime": 32150,
      "usertime": 2278657
     },
     "1037678254": {
      "maxRSS": 184648,
      "systemtime": 32150,
      "usertime": 2278673
     },
     "1037680333": {
      "maxRSS": 184648,
      "systemtime": 32150,
      "usertime": 2282689
     },
     "1037682460": {
      "maxRSS": 184648,
      "systemtime": 32151,
      "usertime": 2282723
     },
     "1037684652": {
      "maxRSS": 184648,
      "systemtime": 32151,
      "usertime": 2286735
     },
     "1037686851": {
      "maxRSS": 184648,
      "systemtime": 32151,
      "usertime": 2286751
     },
     "1037688968": {
      "maxRSS": 184648,
      "systemtime": 32151,
      "usertime": 2290773
     },
     "1037691082": {
      "maxRSS": 184648,
      "systemtime": 32151,
      "usertime": 2290797
     },
     "1037693180": {
      "maxRSS": 184648,
      "systemtime": 32151,
      "usertime": 2294803
     },
     "1037697264": {
      "maxRSS": 184648,
      "systemtime": 32151,
      "usertime": 2298821
     },
     "1037701379": {
      "maxRSS": 184648,
      "systemtime": 32151,
      "usertime": 2302844
     },
     "1037705456": {
      "maxRSS": 184648,
      "systemtime": 32151,
      "usertime": 2306862
     },
     "1037709564": {
      "maxRSS": 184648,
      "systemtime": 32151,
      "usertime": 2310881
     },
     "1037713702": {
      "maxRSS": 184648,
      "systemtime": 32151,
      "usertime": 2314919
     },
     "1037717788": {
      "maxRSS": 184648,
      "systemtime": 32151,
      "usertime": 2318941
     },
     "1037721908": {
      "maxRSS": 184648,
      "systemtime": 32151,
      "usertime": 2322963
     },
     "1037726134": {
      "maxRSS": 184648,
      "systemtime": 32152,
      "usertime": 2327007
     },
     "1037730291": {
      "maxRSS": 184648,
      "systemtime": 32152,
      "usertime": 2331033
     },
     "1037734428": {
      "maxRSS": 184648,
      "systemtime": 32152,
      "usertime": 2335051
     },
     "1037738636": {
      "maxRSS": 184648,
      "systemtime": 32152,
      "usertime": 2339079
     },
     "1037742826": {
      "maxRSS": 184648,
      "systemtime": 32152,
      "usertime": 2343115
     },
     "1037746948": {
      "maxRSS": 184648,
      "systemtime": 32152,
      "usertime": 2347130
     },
     "1037751069": {
      "maxRSS": 184648,
      "systemtime": 32152,
      "usertime": 2351166
     },
     "1037755194": {
      "maxRSS": 184648,
      "systemtime": 32152,
      "usertime": 2355191
     },
     "1037759313": {
      "maxRSS": 184648,
      "systemtime": 32153,
      "usertime": 2359239
     },
     "1037763442": {
      "maxRSS": 184648,
      "systemtime": 32153,
      "usertime": 2363237
     },
     "1037767581": {
      "maxRSS": 184648,
      "systemtime": 32153,
      "usertime": 2367274
     },
     "1037771756": {
      "maxRSS": 184648,
      "systemtime": 32153,
      "usertime": 2371282
     },
     "1037775884": {
      "maxRSS": 184648,
      "systemtime": 32153,
      "usertime": 2375301
     },
     "1037779979": {
      "maxRSS": 184904,
      "systemtime": 32153,
      "usertime": 2379321
     },
     "1037784069": {
      "maxRSS": 185032,
      "systemtime": 32153,
      "usertime": 2387342
     },
     "1037788150": {
      "maxRSS": 185288,
      "systemtime": 32153,
      "usertime": 2391359
     },
     "1037792231": {
      "maxRSS": 185544,
      "systemtime": 32153,
      "usertime": 2395382
     },
     "1037796307": {
      "maxRSS": 185800,
      "systemtime": 32153,
      "usertime": 2399396
     },
     "1037800381": {
      "maxRSS": 186056,
      "systemtime": 32153,
      "usertime": 2403411
     },
     "1037804461": {
      "maxRSS": 186312,
      "systemtime": 32153,
      "usertime": 2407428
     },
     "1037808536": {
      "maxRSS": 186440,
      "systemtime": 32153,
      "usertime": 2411445
     },
     "1037812620": {
      "maxRSS": 186696,
      "systemtime": 32153,
      "usertime": 2415479
     },
     "1037816757": {
      "maxRSS": 186952,
      "systemtime": 32153,
      "usertime": 2419508
     },
     "1037820886": {
      "maxRSS": 187208,
      "systemtime": 32153,
      "usertime": 2423564
     },
     "1037824970": {
      "maxRSS": 187464,
      "systemtime": 32153,
      "usertime": 2427539
     },
     "1037829094": {
      "maxRSS": 187592,
      "systemtime": 32153,
      "usertime": 2431573
     },
     "1037833181": {
      "maxRSS": 187848,
      "systemtime": 32153,
      "usertime": 2435599
     },
     "1037837294": {
      "maxRSS": 188104,
      "systemtime": 32154,
      "usertime": 2439685
     },
     "1037841396": {
      "maxRSS": 188360,
      "systemtime": 32154,
      "usertime": 2443655
     },
     "1037845484": {
      "maxRSS": 188488,
      "systemtime": 32154,
      "usertime": 2447682
     },
     "1037849601": {
      "maxRSS": 188744,
      "systemtime": 32154,
      "usertime": 2451712
     },
     "1037853693": {
      "maxRSS": 189000,
      "systemtime": 32154,
      "usertime": 2455740
     },
     "1037857789": {
      "maxRSS": 189256,
      "systemtime": 32154,
      "usertime": 2459774
     },
     "1037861866": {
      "maxRSS": 189384,
      "systemtime": 32154,
      "usertime": 2463774
     },
     "1037865974": {
      "maxRSS": 189640,
      "systemtime": 32154,
      "usertime": 2467824
     },
     "1037870075": {
      "maxRSS": 189896,
      "systemtime": 32154,
      "usertime": 2471839
     },
     "1037874186": {
      "maxRSS": 190152,
      "systemtime": 32154,
      "usertime": 2475858
     },
     "1037878279": {
      "maxRSS": 190280,
      "systemtime": 32154,
      "usertime": 2479900
     },
     "1037882371": {
      "maxRSS": 190536,
      "systemtime": 32154,
      "usertime": 2483892
     },
     "1037886456": {
      "maxRSS": 190792,
      "systemtime": 32154,
      "usertime": 2487905
     },
     "1037890547": {
      "maxRSS": 191048,
      "systemtime": 32154,
      "usertime": 2491931
     },
     "1037894645": {
      "maxRSS": 191304,
      "systemtime": 32154,
      "usertime": 2495969
     },
     "1037898738": {
      "maxRSS": 191432,
      "systemtime": 32154,
      "usertime": 2499988
     },
     "1037902816": {
      "maxRSS": 191688,
      "systemtime": 32154,
      "usertime": 2504003
     },
     "1037906934": {
      "maxRSS": 191944,
      "systemtime": 32154,
      "usertime": 2508037
     },
     "1037911019": {
      "maxRSS": 192200,
      "systemtime": 32154,
      "usertime": 2512058
     },
     "1037915120": {
      "maxRSS": 192328,
      "systemtime": 32154,
      "usertime": 2516093
     },
     "1037919248": {
      "maxRSS": 192584,
      "systemtime": 32154,
      "usertime": 2520146
     },
     "1037923361": {
      "maxRSS": 192840,
      "systemtime": 32154,
      "usertime": 2524161
     },
     "1037927445": {
      "maxRSS": 193096,
      "systemtime": 32154,
      "usertime": 2528179
     },
     "1037931526": {
      "maxRSS": 193352,
      "systemtime": 32154,
      "usertime": 2532200
     },
     "1037935642": {
      "maxRSS": 193608,
      "systemtime": 32155,
      "usertime": 2536237
     },
     "1037939731": {
      "maxRSS": 193864,
      "systemtime": 32155,
      "usertime": 2540274
     },
     "1037943808": {
      "maxRSS": 193992,
      "systemtime": 32155,
      "usertime": 2544276
     },
     "1037947940": {
      "maxRSS": 194248,
      "systemtime": 32155,
      "usertime": 2548310
     },
     "1037952028": {
      "maxRSS": 194504,
      "systemtime": 32155,
      "usertime": 2556350
     },
     "1037956070": {
      "maxRSS": 194760,
      "systemtime": 32155,
      "usertime": 2560380
     },
     "1037960153": {
      "maxRSS": 195016,
      "systemtime": 32155,
      "usertime": 2564382
     },
     "1037964237": {
      "maxRSS": 195272,
      "systemtime": 32155,
      "usertime": 2568402
     },
     "1037968334": {
      "maxRSS": 195528,
      "systemtime": 32155,
      "usertime": 2572423
     },
     "1037972423": {
      "maxRSS": 195656,
      "systemtime": 32156,
      "usertime": 2576501
     },
     "1037976497": {
      "maxRSS": 195912,
      "systemtime": 32156,
      "usertime": 2580468
     },
     "1037980605": {
      "maxRSS": 196168,
      "systemtime": 32156,
      "usertime": 2584497
     },
     "1037984765": {
      "maxRSS": 196424,
      "systemtime": 32156,
      "usertime": 2588524
     },
     "1037988882": {
      "maxRSS": 196680,
      "systemtime": 32156,
      "usertime": 2592550
     },
     "1037992965": {
      "maxRSS": 196936,
      "systemtime": 32156,
      "usertime": 2596574
     },
     "1037997048": {
      "maxRSS": 197192,
      "systemtime": 32156,
      "usertime": 2600660
     },
     "1038001131": {
      "maxRSS": 197448,
      "systemtime": 32156,
      "usertime": 2604618
     },
     "1038005248": {
      "maxRSS": 197576,
      "systemtime": 32156,
      "usertime": 2608679
     },
     "1038009343": {
      "maxRSS": 197832,
      "systemtime": 32156,
      "usertime": 2612689
     },
     "1038013468": {
      "maxRSS": 198088,
      "systemtime": 32156,
      "usertime": 2616741
     },
     "1038017565": {
      "maxRSS": 198344,
      "systemtime": 32156,
      "usertime": 2620750
     },
     "1038021671": {
      "maxRSS": 198600,
      "systemtime": 32156,
      "usertime": 2624786
     },
     "1038025811": {
      "maxRSS": 198728,
      "systemtime": 32164,
      "usertime": 2629487
     },
     "1038028580": {
      "maxRSS": 198728,
      "systemtime": 32181,
      "usertime": 2633375
     },
     "1038029660": {
      "maxRSS": 198728,
      "systemtime": 32181,
      "usertime": 2633397
     },
     "1038030735": {
      "maxRSS": 198728,
      "systemtime": 32181,
      "usertime": 2633412
     },
     "1038031016": {
      "maxRSS": 198728,
      "systemtime": 32193,
      "usertime": 2635831
     },
     "1038032088": {
      "maxRSS": 198984,
      "systemtime": 32193,
      "usertime": 2636854
     },
     "1038033224": {
      "maxRSS": 199240,
      "systemtime": 32193,
      "usertime": 2636885
     },
     "1038034340": {
      "maxRSS": 199496,
      "systemtime": 32193,
      "usertime": 2636902
     },
     "1038035409": {
      "maxRSS": 199880,
      "systemtime": 32193,
      "usertime": 2636913
     },
     "1038036479": {
      "maxRSS": 200136,
      "systemtime": 32193,
      "usertime": 2640920
     },
     "1038037546": {
      "maxRSS": 200392,
      "systemtime": 32193,
      "usertime": 2640929
     },
     "1038038614": {
      "maxRSS": 200648,
      "systemtime": 32193,
      "usertime": 2640939
     },
     "1038039688": {
      "maxRSS": 201032,
      "systemtime": 32193,
      "usertime": 2640956
     },
     "1038040788": {
      "maxRSS": 201288,
      "systemtime": 32193,
      "usertime": 2644970
     },
     "1038041901": {
      "maxRSS": 201544,
      "systemtime": 32193,
      "usertime": 2644982
     },
     "1038043000": {
      "maxRSS": 201928,
      "systemtime": 32193,
      "usertime": 2644990
     },
     "1038044070": {
      "maxRSS": 202184,
      "systemtime": 32193,
      "usertime": 2648995
     },
     "1038045152": {
      "maxRSS": 202440,
      "systemtime": 32193,
      "usertime": 2649003
     },
     "1038046258": {
      "maxRSS": 202696,
      "systemtime": 32193,
      "usertime": 2649019
     },
     "1038047358": {
      "maxRSS": 202952,
      "systemtime": 32193,
      "usertime": 2649029
     },
     "1038048430": {
      "maxRSS": 203208,
      "systemtime": 32193,
      "usertime": 2653038
     },
     "1038049532": {
      "maxRSS": 203464,
      "systemtime": 32193,
      "usertime": 2653047
     },
     "1038050629": {
      "maxRSS": 203848,
      "systemtime": 32193,
      "usertime": 2653054
     },
     "1038051731": {
      "maxRSS": 204104,
      "systemtime": 32193,
      "usertime": 2653066
     },
     "1038052834": {
      "maxRSS": 204360,
      "systemtime": 32193,
      "usertime": 2657078
     },
     "1038053937": {
      "maxRSS": 204616,
      "systemtime": 32193,
      "usertime": 2657089
     },
     "1038055038": {
      "maxRSS": 204872,
      "systemtime": 32193,
      "usertime": 2657099
     },
     "1038056104": {
      "maxRSS": 205128,
      "systemtime": 32193,
      "usertime": 2661107
     },
     "1038057202": {
      "maxRSS": 205384,
      "systemtime": 32193,
      "usertime": 2661114
     },
     "1038058300": {
      "maxRSS": 205640,
      "systemtime": 32193,
      "usertime": 2661122
     },
     "1038059403": {
      "maxRSS": 205896,
      "systemtime": 32193,
      "usertime": 2661133
     },
     "1038060507": {
      "maxRSS": 206152,
      "systemtime": 32193,
      "usertime": 2665147
     },
     "1038061614": {
      "maxRSS": 206408,
      "systemtime": 32193,
      "usertime": 2665164
     },
     "1038062698": {
      "maxRSS": 206664,
      "systemtime": 32193,
      "usertime": 2665185
     },
     "1038063800": {
      "maxRSS": 206920,
      "systemtime": 32193,
      "usertime": 2665196
     },
     "1038064897": {
      "maxRSS": 207176,
      "systemtime": 32193,
      "usertime": 2669205
     },
     "1038065993": {
      "maxRSS": 207432,
      "systemtime": 32193,
      "usertime": 2669212
     },
     "1038067064": {
      "maxRSS": 207688,
      "systemtime": 32193,
      "usertime": 2669226
     },
     "1038068129": {
      "maxRSS": 207944,
      "systemtime": 32193,
      "usertime": 2673234
     },
     "1038069232": {
      "maxRSS": 208200,
      "systemtime": 32193,
      "usertime": 2673248
     },
     "1038070313": {
      "maxRSS": 208328,
      "systemtime": 32193,
      "usertime": 2673266
     },
     "1038071396": {
      "maxRSS": 208584,
      "systemtime": 32193,
      "usertime": 2673283
     },
     "1038072500": {
      "maxRSS": 208840,
      "systemtime": 32193,
      "usertime": 2677294
     },
     "1038073573": {
      "maxRSS": 209096,
      "systemtime": 32193,
      "usertime": 2677310
     },
     "1038074700": {
      "maxRSS": 209480,
      "systemtime": 32193,
      "usertime": 2677328
     },
     "1038075769": {
      "maxRSS": 209736,
      "systemtime": 32193,
      "usertime": 2677340
     },
     "1038076840": {
      "maxRSS": 209992,
      "systemtime": 32193,
      "usertime": 2681349
     },
     "1038077940": {
      "maxRSS": 210248,
      "systemtime": 32193,
      "usertime": 2681357
     },
     "1038079054": {
      "maxRSS": 210504,
      "systemtime": 32193,
      "usertime": 2681374
     },
     "1038080125": {
      "maxRSS": 210760,
      "systemtime": 32193,
      "usertime": 2685388
     },
     "1038081226": {
      "maxRSS": 211016,
      "systemtime": 32193,
      "usertime": 2685395
     },
     "1038082326": {
      "maxRSS": 211272,
      "systemtime": 32193,
      "usertime": 2685403
     },
     "1038083428": {
      "maxRSS": 211528,
      "systemtime": 32193,
      "usertime": 2685412
     },
     "1038084527": {
      "maxRSS": 211784,
      "systemtime": 32193,
      "usertime": 2689421
     },
     "1038085625": {
      "maxRSS": 212040,
      "systemtime": 32193,
      "usertime": 2689436
     },
     "1038086699": {
      "maxRSS": 212168,
      "systemtime": 32193,
      "usertime": 2689448
     },
     "1038087786": {
      "maxRSS": 212552,
      "systemtime": 32193,
      "usertime": 2689469
     },
     "1038088873": {
      "maxRSS": 212680,
      "systemtime": 32193,
      "usertime": 2693485
     },
     "1038090092": {
      "maxRSS": 213064,
      "systemtime": 32193,
      "usertime": 2693510
     },
     "1038091228": {
      "maxRSS": 213320,
      "systemtime": 32193,
      "usertime": 2693538
     },
     "1038092301": {
      "maxRSS": 213576,
      "systemtime": 32193,
      "usertime": 2697548
     },
     "1038093409": {
      "maxRSS": 213832,
      "systemtime": 32193,
      "usertime": 2697568
     },
     "1038094492": {
      "maxRSS": 214088,
      "systemtime": 32193,
      "usertime": 2697586
     },
     "1038095574": {
      "maxRSS": 214344,
      "systemtime": 32193,
      "usertime": 2697602
     },
     "1038096655": {
      "maxRSS": 214472,
      "systemtime": 32193,
      "usertime": 2701620
     },
     "1038097748": {
      "maxRSS": 214856,
      "systemtime": 32193,
      "usertime": 2701638
     },
     "1038098813": {
      "maxRSS": 214984,
      "systemtime": 32193,
      "usertime": 2701648
     },
     "1038099878": {
      "maxRSS": 215240,
      "systemtime": 32193,
      "usertime": 2701655
     },
     "1038100995": {
      "maxRSS": 215496,
      "systemtime": 32193,
      "usertime": 2705673
     },
     "1038102060": {
      "maxRSS": 215752,
      "systemtime": 32193,
      "usertime": 2705681
     },
     "1038103124": {
      "maxRSS": 216008,
      "systemtime": 32193,
      "usertime": 2705688
     },
     "1038104192": {
      "maxRSS": 216264,
      "systemtime": 36183,
      "usertime": 2705722
     },
     "1038105262": {
      "maxRSS": 216520,
      "systemtime": 36183,
      "usertime": 2705735
     },
     "1038106367": {
      "maxRSS": 216776,
      "systemtime": 36183,
      "usertime": 2705743
     },
     "1038107507": {
      "maxRSS": 217032,
      "systemtime": 36183,
      "usertime": 2705758
     },
     "1038108657": {
      "maxRSS": 217288,
      "systemtime": 36183,
      "usertime": 2709754
     },
     "1038109733": {
      "maxRSS": 217544,
      "systemtime": 36183,
      "usertime": 2709768
     },
     "1038110799": {
      "maxRSS": 217800,
      "systemtime": 36183,
      "usertime": 2709778
     },
     "1038111868": {
      "maxRSS": 218056,
      "systemtime": 36184,
      "usertime": 2709787
     },
     "1038112975": {
      "maxRSS": 218312,
      "systemtime": 36184,
      "usertime": 2713810
     },
     "1038114075": {
      "maxRSS": 218568,
      "systemtime": 36184,
      "usertime": 2713821
     },
     "1038115154": {
      "maxRSS": 218824,
      "systemtime": 36184,
      "usertime": 2713838
     },
     "1038116249": {
      "maxRSS": 219080,
      "systemtime": 36184,
      "usertime": 2717867
     },
     "1038117375": {
      "maxRSS": 219336,
      "systemtime": 36184,
      "usertime": 2717889
     },
     "1038118466": {
      "maxRSS": 219592,
      "systemtime": 36185,
      "usertime": 2717907
     },
     "1038119572": {
      "maxRSS": 219848,
      "systemtime": 36185,
      "usertime": 2717923
     },
     "1038120659": {
      "maxRSS": 220104,
      "systemtime": 36186,
      "usertime": 2722049
     },
     "1038121814": {
      "maxRSS": 220360,
      "systemtime": 36187,
      "usertime": 2722116
     },
     "1038122907": {
      "maxRSS": 220488,
      "systemtime": 36188,
      "usertime": 2722145
     },
     "1038123980": {
      "maxRSS": 220744,
      "systemtime": 36188,
      "usertime": 2722160
     },
     "1038125113": {
      "maxRSS": 221000,
      "systemtime": 36188,
      "usertime": 2726090
     },
     "1038126241": {
      "maxRSS": 221256,
      "systemtime": 36188,
      "usertime": 2726129
     },
     "1038127343": {
      "maxRSS": 221512,
      "systemtime": 36188,
      "usertime": 2726160
     },
     "1038128432": {
      "maxRSS": 221768,
      "systemtime": 36188,
      "usertime": 2730173
     },
     "1038129542": {
      "maxRSS": 222024,
      "systemtime": 36188,
      "usertime": 2730188
     },
     "1038130617": {
      "maxRSS": 222280,
      "systemtime": 36188,
      "usertime": 2730202
     },
     "1038131706": {
      "maxRSS": 222536,
      "systemtime": 36188,
      "usertime": 2730215
     },
     "1038132812": {
      "maxRSS": 222792,
      "systemtime": 36188,
      "usertime": 2734241
     },
     "1038133914": {
      "maxRSS": 223048,
      "systemtime": 36188,
      "usertime": 2734265
     },
     "1038135010": {
      "maxRSS": 223304,
      "systemtime": 36189,
      "usertime": 2734289
     },
     "1038136070": {
      "maxRSS": 223560,
      "systemtime": 36189,
      "usertime": 2738310
     },
     "1038137160": {
      "maxRSS": 223816,
      "systemtime": 36189,
      "usertime": 2738332
     },
     "1038138242": {
      "maxRSS": 224072,
      "systemtime": 36189,
      "usertime": 2738350
     },
     "1038139336": {
      "maxRSS": 224328,
      "systemtime": 36189,
      "usertime": 2738366
     },
     "1038140419": {
      "maxRSS": 224584,
      "systemtime": 36189,
      "usertime": 2742384
     },
     "1038141536": {
      "maxRSS": 224712,
      "systemtime": 36190,
      "usertime": 2742399
     },
     "1038142618": {
      "maxRSS": 224968,
      "systemtime": 36190,
      "usertime": 2742422
     },
     "1038143691": {
      "maxRSS": 225224,
      "systemtime": 36190,
      "usertime": 2742435
     },
     "1038144782": {
      "maxRSS": 225480,
      "systemtime": 36190,
      "usertime": 2746453
     },
     "1038145861": {
      "maxRSS": 225736,
      "systemtime": 36190,
      "usertime": 2746469
     },
     "1038146936": {
      "maxRSS": 225992,
      "systemtime": 36190,
      "usertime": 2746484
     },
     "1038148023": {
      "maxRSS": 226248,
      "systemtime": 36190,
      "usertime": 2750497
     },
     "1038149136": {
      "maxRSS": 226376,
      "systemtime": 36191,
      "usertime": 2750529
     },
     "1038150229": {
      "maxRSS": 226632,
      "systemtime": 36191,
      "usertime": 2750559
     },
     "1038151319": {
      "maxRSS": 226888,
      "systemtime": 36191,
      "usertime": 2750574
     },
     "1038152402": {
      "maxRSS": 227144,
      "systemtime": 40208,
      "usertime": 2750574
     },
     "1038153476": {
      "maxRSS": 227400,
      "systemtime": 40213,
      "usertime": 2750584
     },
     "1038154555": {
      "maxRSS": 227656,
      "systemtime": 40213,
      "usertime": 2750599
     },
     "1038155682": {
      "maxRSS": 227912,
      "systemtime": 40213,
      "usertime": 2750632
     },
     "1038156819": {
      "maxRSS": 228168,
      "systemtime": 40214,
      "usertime": 2754668
     },
     "1038157957": {
      "maxRSS": 228424,
      "systemtime": 40214,
      "usertime": 2754698
     },
     "1038159097": {
      "maxRSS": 228680,
      "systemtime": 40215,
      "usertime": 2754728
     },
     "1038160189": {
      "maxRSS": 228936,
      "systemtime": 40215,
      "usertime": 2758747
     },
     "1038161265": {
      "maxRSS": 229192,
      "systemtime": 40215,
      "usertime": 2758760
     },
     "1038162382": {
      "maxRSS": 229448,
      "systemtime": 40215,
      "usertime": 2758786
     },
     "1038163456": {
      "maxRSS": 229704,
      "systemtime": 40215,
      "usertime": 2758803
     },
     "1038164536": {
      "maxRSS": 229960,
      "systemtime": 44237,
      "usertime": 2758808
     },
     "1038165676": {
      "maxRSS": 230216,
      "systemtime": 44237,
      "usertime": 2758824
     },
     "1038166747": {
      "maxRSS": 230472,
      "systemtime": 44237,
      "usertime": 2758836
     },
     "1038167836": {
      "maxRSS": 230728,
      "systemtime": 44238,
      "usertime": 2758846
     },
     "1038168949": {
      "maxRSS": 230984,
      "systemtime": 44238,
      "usertime": 2762871
     },
     "1038170035": {
      "maxRSS": 231240,
      "systemtime": 44238,
      "usertime": 2762892
     },
     "1038172112": {
      "maxRSS": 231752,
      "systemtime": 44238,
      "usertime": 2766906
     },
     "1038174186": {
      "maxRSS": 232264,
      "systemtime": 44238,
      "usertime": 2766921
     },
     "1038176260": {
      "maxRSS": 232648,
      "systemtime": 44238,
      "usertime": 2770936
     },
     "1038178365": {
      "maxRSS": 233160,
      "systemtime": 44238,
      "usertime": 2770955
     },
     "1038180439": {
      "maxRSS": 233672,
      "systemtime": 44239,
      "usertime": 2775018
     },
     "1038182539": {
      "maxRSS": 234056,
      "systemtime": 44239,
      "usertime": 2775040
     },
     "1038184613": {
      "maxRSS": 234568,
      "systemtime": 48205,
      "usertime": 2775040
     },
     "1038186698": {
      "maxRSS": 235080,
      "systemtime": 48220,
      "usertime": 2775040
     },
     "1038188771": {
      "maxRSS": 235592,
      "systemtime": 48260,
      "usertime": 2779015
     },
     "1038190840": {
      "maxRSS": 235976,
      "systemtime": 48260,
      "usertime": 2779026
     },
     "1038192914": {
      "maxRSS": 236488,
      "systemtime": 48260,
      "usertime": 2783036
     },
     "1038195135": {
      "maxRSS": 237000,
      "systemtime": 48262,
      "usertime": 2783114
     },
     "1038197306": {
      "maxRSS": 237512,
      "systemtime": 48262,
      "usertime": 2787149
     },
     "1038199417": {
      "maxRSS": 238024,
      "systemtime": 48262,
      "usertime": 2787180
     },
     "1038201525": {
      "maxRSS": 238536,
      "systemtime": 48263,
      "usertime": 2791214
     },
     "1038203619": {
      "maxRSS": 238920,
      "systemtime": 48263,
      "usertime": 2791243
     },
     "1038205705": {
      "maxRSS": 239432,
      "systemtime": 48263,
      "usertime": 2795264
     },
     "1038207799": {
      "maxRSS": 239944,
      "systemtime": 48263,
      "usertime": 2795288
     },
     "1038209878": {
      "maxRSS": 240072,
      "systemtime": 52286,
      "usertime": 2795295
     },
     "1038212076": {
      "maxRSS": 240072,
      "systemtime": 52286,
      "usertime": 2799297
     },
     "1038214173": {
      "maxRSS": 240072,
      "systemtime": 52321,
      "usertime": 2801192
     },
     "1038215159": {
      "maxRSS": 240072,
      "systemtime": 52343,
      "usertime": 2802417
     },
     "1038216237": {
      "maxRSS": 240072,
      "systemtime": 52343,
      "usertime": 2803288
     },
     "1038217323": {
      "maxRSS": 240072,
      "systemtime": 52343,
      "usertime": 2803317
     },
     "1038218402": {
      "maxRSS": 240072,
      "systemtime": 52343,
      "usertime": 2803331
     },
     "1038219479": {
      "maxRSS": 240072,
      "systemtime": 52343,
      "usertime": 2803347
     },
     "1038220623": {
      "maxRSS": 240072,
      "systemtime": 52343,
      "usertime": 2807389
     },
     "1038221699": {
      "maxRSS": 240072,
      "systemtime": 52343,
      "usertime": 2807403
     },
     "1038222794": {
      "maxRSS": 240072,
      "systemtime": 52343,
      "usertime": 2807419
     },
     "1038223869": {
      "maxRSS": 240072,
      "systemtime": 52343,
      "usertime": 2807434
     },
     "1038224955": {
      "maxRSS": 240072,
      "systemtime": 52343,
      "usertime": 2811434
     },
     "1038226025": {
      "maxRSS": 240072,
      "systemtime": 52343,
      "usertime": 2811445
     },
     "1038227093": {
      "maxRSS": 240072,
      "systemtime": 52343,
      "usertime": 2811455
     },
     "1038228171": {
      "maxRSS": 240072,
      "systemtime": 52343,
      "usertime": 2815469
     },
     "1038229322": {
      "maxRSS": 240072,
      "systemtime": 52343,
      "usertime": 2815493
     },
     "1038230392": {
      "maxRSS": 240072,
      "systemtime": 52343,
      "usertime": 2815505
     },
     "1038231478": {
      "maxRSS": 240072,
      "systemtime": 52343,
      "usertime": 2815530
     },
     "1038232564": {
      "maxRSS": 240072,
      "systemtime": 52343,
      "usertime": 2819547
     },
     "1038233640": {
      "maxRSS": 240072,
      "systemtime": 52343,
      "usertime": 2819561
     },
     "1038234712": {
      "maxRSS": 240072,
      "systemtime": 52343,
      "usertime": 2819575
     },
     "1038235807": {
      "maxRSS": 240072,
      "systemtime": 52343,
      "usertime": 2819593
     },
     "1038236902": {
      "maxRSS": 240072,
      "systemtime": 52343,
      "usertime": 2823616
     },
     "1038237988": {
      "maxRSS": 240072,
      "systemtime": 52343,
      "usertime": 2823641
     },
     "1038239065": {
      "maxRSS": 240072,
      "systemtime": 52343,
      "usertime": 2823656
     },
     "1038240154": {
      "maxRSS": 240072,
      "systemtime": 52343,
      "usertime": 2827672
     },
     "1038241227": {
      "maxRSS": 240072,
      "systemtime": 52343,
      "usertime": 2827687
     },
     "1038242346": {
      "maxRSS": 240072,
      "systemtime": 52343,
      "usertime": 2827714
     },
     "1038243439": {
      "maxRSS": 240072,
      "systemtime": 52343,
      "usertime": 2827746
     },
     "1038244535": {
      "maxRSS": 240072,
      "systemtime": 52343,
      "usertime": 2831854
     },
     "1038245630": {
      "maxRSS": 240072,
      "systemtime": 52343,
      "usertime": 2831878
     },
     "1038246726": {
      "maxRSS": 240072,
      "systemtime": 52343,
      "usertime": 2831903
     },
     "1038247817": {
      "maxRSS": 240072,
      "systemtime": 52343,
      "usertime": 2831925
     },
     "1038248935": {
      "maxRSS": 240072,
      "systemtime": 52343,
      "usertime": 2835894
     },
     "1038250024": {
      "maxRSS": 240072,
      "systemtime": 52343,
      "usertime": 2835918
     },
     "1038251144": {
      "maxRSS": 240072,
      "systemtime": 52343,
      "usertime": 2835940
     },
     "1038252248": {
      "maxRSS": 240072,
      "systemtime": 52343,
      "usertime": 2839975
     },
     "1038253333": {
      "maxRSS": 240072,
      "systemtime": 52343,
      "usertime": 2839991
     },
     "1038254518": {
      "maxRSS": 240072,
      "systemtime": 52343,
      "usertime": 2840008
     },
     "1038255598": {
      "maxRSS": 240072,
      "systemtime": 52343,
      "usertime": 2840025
     },
     "1038256712": {
      "maxRSS": 240072,
      "systemtime": 52343,
      "usertime": 2844052
     },
     "1038257809": {
      "maxRSS": 240072,
      "systemtime": 52343,
      "usertime": 2844070
     },
     "1038258905": {
      "maxRSS": 240072,
      "systemtime": 52343,
      "usertime": 2844108
     },
     "1038260024": {
      "maxRSS": 240072,
      "systemtime": 52343,
      "usertime": 2848116
     },
     "1038261099": {
      "maxRSS": 240072,
      "systemtime": 52343,
      "usertime": 2848127
     },
     "1038262201": {
      "maxRSS": 240072,
      "systemtime": 52343,
      "usertime": 2848143
     },
     "1038263306": {
      "maxRSS": 240072,
      "systemtime": 52343,
      "usertime": 2848169
     },
     "1038264488": {
      "maxRSS": 240072,
      "systemtime": 52343,
      "usertime": 2852199
     },
     "1038265573": {
      "maxRSS": 240072,
      "systemtime": 52343,
      "usertime": 2852227
     },
     "1038266648": {
      "maxRSS": 240072,
      "systemtime": 52343,
      "usertime": 2852240
     },
     "1038267721": {
      "maxRSS": 240072,
      "systemtime": 52343,
      "usertime": 2852253
     },
     "1038268789": {
      "maxRSS": 240072,
      "systemtime": 52343,
      "usertime": 2856280
     },
     "1038269903": {
      "maxRSS": 240072,
      "systemtime": 52343,
      "usertime": 2856294
     },
     "1038271124": {
      "maxRSS": 240072,
      "systemtime": 52343,
      "usertime": 2856328
     },
     "1038272203": {
      "maxRSS": 240072,
      "systemtime": 52343,
      "usertime": 2860326
     },
     "1038273307": {
      "maxRSS": 240072,
      "systemtime": 52343,
      "usertime": 2860339
     },
     "1038274413": {
      "maxRSS": 240072,
      "systemtime": 52343,
      "usertime": 2860349
     },
     "1038275532": {
      "maxRSS": 240072,
      "systemtime": 52343,
      "usertime": 2860367
     },
     "1038276674": {
      "maxRSS": 240072,
      "systemtime": 52343,
      "usertime": 2864391
     },
     "1038277755": {
      "maxRSS": 240072,
      "systemtime": 52343,
      "usertime": 2864413
     },
     "1038278861": {
      "maxRSS": 240072,
      "systemtime": 52343,
      "usertime": 2864427
     },
     "1038279956": {
      "maxRSS": 240200,
      "systemtime": 52343,
      "usertime": 2864452
     },
     "1038281055": {
      "maxRSS": 240200,
      "systemtime": 52343,
      "usertime": 2868469
     },
     "1038282128": {
      "maxRSS": 240200,
      "systemtime": 52343,
      "usertime": 2868482
     },
     "1038283221": {
      "maxRSS": 240200,
      "systemtime": 52343,
      "usertime": 2868496
     },
     "1038284294": {
      "maxRSS": 240200,
      "systemtime": 52343,
      "usertime": 2872510
     },
     "1038285363": {
      "maxRSS": 240200,
      "systemtime": 52343,
      "usertime": 2872521
     },
     "1038286439": {
      "maxRSS": 240200,
      "systemtime": 52343,
      "usertime": 2872539
     },
     "1038287520": {
      "maxRSS": 240200,
      "systemtime": 52343,
      "usertime": 2872553
     },
     "1038288591": {
      "maxRSS": 240200,
      "systemtime": 52343,
      "usertime": 2876628
     },
     "1038289656": {
      "maxRSS": 240200,
      "systemtime": 52343,
      "usertime": 2876637
     },
     "1038290757": {
      "maxRSS": 240200,
      "systemtime": 52343,
      "usertime": 2876647
     },
     "1038291821": {
      "maxRSS": 240200,
      "systemtime": 52343,
      "usertime": 2876654
     },
     "1038292929": {
      "maxRSS": 240200,
      "systemtime": 52343,
      "usertime": 2880611
     },
     "1038294006": {
      "maxRSS": 240200,
      "systemtime": 52343,
      "usertime": 2880624
     },
     "1038295082": {
      "maxRSS": 240200,
      "systemtime": 52343,
      "usertime": 2880637
     },
     "1038296164": {
      "maxRSS": 240200,
      "systemtime": 52343,
      "usertime": 2884656
     },
     "1038297297": {
      "maxRSS": 240200,
      "systemtime": 52343,
      "usertime": 2884678
     },
     "1038298448": {
      "maxRSS": 240200,
      "systemtime": 52343,
      "usertime": 2884690
     },
     "1038299567": {
      "maxRSS": 240200,
      "systemtime": 52343,
      "usertime": 2884716
     },
     "1038300669": {
      "maxRSS": 240200,
      "systemtime": 52343,
      "usertime": 2888725
     },
     "1038301776": {
      "maxRSS": 240200,
      "systemtime": 52343,
      "usertime": 2888742
     },
     "1038302885": {
      "maxRSS": 240200,
      "systemtime": 52343,
      "usertime": 2888759
     },
     "1038303955": {
      "maxRSS": 240200,
      "systemtime": 52343,
      "usertime": 2888769
     },
     "1038305061": {
      "maxRSS": 240200,
      "systemtime": 52343,
      "usertime": 2892800
     },
     "1038306161": {
      "maxRSS": 240200,
      "systemtime": 52343,
      "usertime": 2892811
     },
     "1038307280": {
      "maxRSS": 240200,
      "systemtime": 52343,
      "usertime": 2892839
     },
     "1038308352": {
      "maxRSS": 240200,
      "systemtime": 52343,
      "usertime": 2896833
     },
     "1038309454": {
      "maxRSS": 240200,
      "systemtime": 52343,
      "usertime": 2896844
     },
     "1038310551": {
      "maxRSS": 240200,
      "systemtime": 52343,
      "usertime": 2896851
     },
     "1038311619": {
      "maxRSS": 240200,
      "systemtime": 52343,
      "usertime": 2896860
     },
     "1038312727": {
      "maxRSS": 240200,
      "systemtime": 52343,
      "usertime": 2900870
     },
     "1038313879": {
      "maxRSS": 240200,
      "systemtime": 52343,
      "usertime": 2900930
     },
     "1038314986": {
      "maxRSS": 240200,
      "systemtime": 52343,
      "usertime": 2900947
     },
     "1038316050": {
      "maxRSS": 240200,
      "systemtime": 52343,
      "usertime": 2904961
     },
     "1038317125": {
      "maxRSS": 240200,
      "systemtime": 52343,
      "usertime": 2904973
     },
     "1038318202": {
      "maxRSS": 240200,
      "systemtime": 52343,
      "usertime": 2904988
     },
     "1038319303": {
      "maxRSS": 240200,
      "systemtime": 52343,
      "usertime": 2904997
     },
     "1038320397": {
      "maxRSS": 240200,
      "systemtime": 52343,
      "usertime": 2909015
     },
     "1038321504": {
      "maxRSS": 240200,
      "systemtime": 52343,
      "usertime": 2909027
     },
     "1038322605": {
      "maxRSS": 240200,
      "systemtime": 52343,
      "usertime": 2909037
     },
     "1038323710": {
      "maxRSS": 240200,
      "systemtime": 52343,
      "usertime": 2909055
     },
     "1038324786": {
      "maxRSS": 240200,
      "systemtime": 52343,
      "usertime": 2913071
     },
     "1038325876": {
      "maxRSS": 240200,
      "systemtime": 52343,
      "usertime": 2913085
     },
     "1038326977": {
      "maxRSS": 240200,
      "systemtime": 52343,
      "usertime": 2913109
     },
     "1038328048": {
      "maxRSS": 240200,
      "systemtime": 52343,
      "usertime": 2917132
     },
     "1038329141": {
      "maxRSS": 240200,
      "systemtime": 52343,
      "usertime": 2917153
     },
     "1038330220": {
      "maxRSS": 240200,
      "systemtime": 52343,
      "usertime": 2917169
     },
     "1038331327": {
      "maxRSS": 240200,
      "systemtime": 52343,
      "usertime": 2917181
     },
     "1038332394": {
      "maxRSS": 240200,
      "systemtime": 52343,
      "usertime": 2921191
     },
     "1038333461": {
      "maxRSS": 240200,
      "systemtime": 52343,
      "usertime": 2921200
     },
     "1038334546": {
      "maxRSS": 240200,
      "systemtime": 52343,
      "usertime": 2921223
     },
     "1038335644": {
      "maxRSS": 240200,
      "systemtime": 52343,
      "usertime": 2921241
     },
     "1038336732": {
      "maxRSS": 240200,
      "systemtime": 52343,
      "usertime": 2925263
     },
     "1038337809": {
      "maxRSS": 240200,
      "systemtime": 52343,
      "usertime": 2925279
     },
     "1038338880": {
      "maxRSS": 240200,
      "systemtime": 52343,
      "usertime": 2925291
     },
     "1038339988": {
      "maxRSS": 240200,
      "systemtime": 52343,
      "usertime": 2925305
     },
     "1038341116": {
      "maxRSS": 240200,
      "systemtime": 56258,
      "usertime": 2925423
     },
     "1038342182": {
      "maxRSS": 240200,
      "systemtime": 56258,
      "usertime": 2925431
     },
     "1038343280": {
      "maxRSS": 240200,
      "systemtime": 56258,
      "usertime": 2925449
     },
     "1038344345": {
      "maxRSS": 240200,
      "systemtime": 56258,
      "usertime": 2929457
     },
     "1038345411": {
      "maxRSS": 240200,
      "systemtime": 56258,
      "usertime": 2929465
     },
     "1038346511": {
      "maxRSS": 240200,
      "systemtime": 56258,
      "usertime": 2929473
     },
     "1038347617": {
      "maxRSS": 240200,
      "systemtime": 56259,
      "usertime": 2929488
     },
     "1038348753": {
      "maxRSS": 240200,
      "systemtime": 56259,
      "usertime": 2933503
     },
     "1038349862": {
      "maxRSS": 240200,
      "systemtime": 56259,
      "usertime": 2933515
     },
     "1038350934": {
      "maxRSS": 240200,
      "systemtime": 56259,
      "usertime": 2933522
     },
     "1038352017": {
      "maxRSS": 240200,
      "systemtime": 56259,
      "usertime": 2937535
     },
     "1038353099": {
      "maxRSS": 240200,
      "systemtime": 56259,
      "usertime": 2937553
     },
     "1038354196": {
      "maxRSS": 240200,
      "systemtime": 56260,
      "usertime": 2937584
     },
     "1038356276": {
      "maxRSS": 240200,
      "systemtime": 56261,
      "usertime": 2941665
     },
     "1038358391": {
      "maxRSS": 240200,
      "systemtime": 56261,
      "usertime": 2941682
     },
     "1038360476": {
      "maxRSS": 240200,
      "systemtime": 56261,
      "usertime": 2945636
     },
     "1038362570": {
      "maxRSS": 240200,
      "systemtime": 56261,
      "usertime": 2945651
     },
     "1038364645": {
      "maxRSS": 240200,
      "systemtime": 56261,
      "usertime": 2949670
     },
     "1038366747": {
      "maxRSS": 240200,
      "systemtime": 56261,
      "usertime": 2949685
     },
     "1038368839": {
      "maxRSS": 240200,
      "systemtime": 56261,
      "usertime": 2953713
     },
     "1038370932": {
      "maxRSS": 240200,
      "systemtime": 56261,
      "usertime": 2953729
     },
     "1038373007": {
      "maxRSS": 240200,
      "systemtime": 56261,
      "usertime": 2957745
     },
     "1038375087": {
      "maxRSS": 240200,
      "systemtime": 56261,
      "usertime": 2957761
     },
     "1038377181": {
      "maxRSS": 240200,
      "systemtime": 56261,
      "usertime": 2961778
     },
     "1038379273": {
      "maxRSS": 240200,
      "systemtime": 56262,
      "usertime": 2961794
     },
     "1038381401": {
      "maxRSS": 240200,
      "systemtime": 56262,
      "usertime": 2965846
     },
     "1038383491": {
      "maxRSS": 240200,
      "systemtime": 56263,
      "usertime": 2965872
     },
     "1038385598": {
      "maxRSS": 240200,
      "systemtime": 56263,
      "usertime": 2969897
     },
     "1038387717": {
      "maxRSS": 240200,
      "systemtime": 56263,
      "usertime": 2969933
     },
     "1038389824": {
      "maxRSS": 240200,
      "systemtime": 56264,
      "usertime": 2973966
     },
     "1038391897": {
      "maxRSS": 240200,
      "systemtime": 56264,
      "usertime": 2973980
     },
     "1038394023": {
      "maxRSS": 240200,
      "systemtime": 56264,
      "usertime": 2978012
     },
     "1038396096": {
      "maxRSS": 240200,
      "systemtime": 56264,
      "usertime": 2982030
     },
     "1038398208": {
      "maxRSS": 240200,
      "systemtime": 56265,
      "usertime": 2982056
     },
     "1038400298": {
      "maxRSS": 240200,
      "systemtime": 56265,
      "usertime": 2986078
     },
     "1038402375": {
      "maxRSS": 240200,
      "systemtime": 56265,
      "usertime": 2986094
     },
     "1038404475": {
      "maxRSS": 240200,
      "systemtime": 56265,
      "usertime": 2990132
     },
     "1038406597": {
      "maxRSS": 240200,
      "systemtime": 56266,
      "usertime": 2990175
     },
     "1038408679": {
      "maxRSS": 240200,
      "systemtime": 56266,
      "usertime": 2994181
     },
     "1038410750": {
      "maxRSS": 240200,
      "systemtime": 56266,
      "usertime": 2994195
     },
     "1038412829": {
      "maxRSS": 240200,
      "systemtime": 56266,
      "usertime": 2998205
     },
     "1038414905": {
      "maxRSS": 240200,
      "systemtime": 56266,
      "usertime": 2998219
     },
     "1038416979": {
      "maxRSS": 240200,
      "systemtime": 56266,
      "usertime": 3002235
     },
     "1038419088": {
      "maxRSS": 240200,
      "systemtime": 56267,
      "usertime": 3002249
     },
     "1038421216": {
      "maxRSS": 240200,
      "systemtime": 56267,
      "usertime": 3006277
     },
     "1038423309": {
      "maxRSS": 240200,
      "systemtime": 56267,
      "usertime": 3006291
     },
     "1038425416": {
      "maxRSS": 240200,
      "systemtime": 56267,
      "usertime": 3010305
     },
     "1038427518": {
      "maxRSS": 240200,
      "systemtime": 56267,
      "usertime": 3010316
     },
     "1038429599": {
      "maxRSS": 240200,
      "systemtime": 56267,
      "usertime": 3014331
     },
     "1038431688": {
      "maxRSS": 240200,
      "systemtime": 56267,
      "usertime": 3014352
     },
     "1038433792": {
      "maxRSS": 240200,
      "systemtime": 56269,
      "usertime": 3018455
     },
     "1038435870": {
      "maxRSS": 240200,
      "systemtime": 56269,
      "usertime": 3018469
     },
     "1038437948": {
      "maxRSS": 240200,
      "systemtime": 56269,
      "usertime": 3022418
     },
     "1038440017": {
      "maxRSS": 240200,
      "systemtime": 56269,
      "usertime": 3026434
     },
     "1038442095": {
      "maxRSS": 240200,
      "systemtime": 56269,
      "usertime": 3026448
     },
     "1038444166": {
      "maxRSS": 240200,
      "systemtime": 56269,
      "usertime": 3030457
     },
     "1038446284": {
      "maxRSS": 240200,
      "systemtime": 56269,
      "usertime": 3030483
     },
     "1038448371": {
      "maxRSS": 240200,
      "systemtime": 56269,
      "usertime": 3034508
     },
     "1038450484": {
      "maxRSS": 240200,
      "systemtime": 56269,
      "usertime": 3034528
     },
     "1038452662": {
      "maxRSS": 240200,
      "systemtime": 56269,
      "usertime": 3038544
     },
     "1038454781": {
      "maxRSS": 240200,
      "systemtime": 56269,
      "usertime": 3038562
     },
     "1038456898": {
      "maxRSS": 240200,
      "systemtime": 56269,
      "usertime": 3042584
     },
     "1038459083": {
      "maxRSS": 240200,
      "systemtime": 56270,
      "usertime": 3042609
     },
     "1038461260": {
      "maxRSS": 240200,
      "systemtime": 56270,
      "usertime": 3046626
     },
     "1038463344": {
      "maxRSS": 240200,
      "systemtime": 56270,
      "usertime": 3046642
     },
     "1038465516": {
      "maxRSS": 240200,
      "systemtime": 56270,
      "usertime": 3050660
     },
     "1038467691": {
      "maxRSS": 240200,
      "systemtime": 56270,
      "usertime": 3050676
     },
     "1038469867": {
      "maxRSS": 240200,
      "systemtime": 56270,
      "usertime": 3054694
     },
     "1038471952": {
      "maxRSS": 240200,
      "systemtime": 56271,
      "usertime": 3054711
     },
     "1038474130": {
      "maxRSS": 240200,
      "systemtime": 56272,
      "usertime": 3058797
     },
     "1038476150": {
      "maxRSS": 240200,
      "systemtime": 56272,
      "usertime": 3062758
     },
     "1038478327": {
      "maxRSS": 240200,
      "systemtime": 56272,
      "usertime": 3062775
     },
     "1038480412": {
      "maxRSS": 240200,
      "systemtime": 56272,
      "usertime": 3066858
     },
     "1038482544": {
      "maxRSS": 240200,
      "systemtime": 56272,
      "usertime": 3066878
     },
     "1038484623": {
      "maxRSS": 240200,
      "systemtime": 56272,
      "usertime": 3070832
     },
     "1038486765": {
      "maxRSS": 240200,
      "systemtime": 56273,
      "usertime": 3070906
     },
     "1038488882": {
      "maxRSS": 240200,
      "systemtime": 56273,
      "usertime": 3074927
     },
     "1038490979": {
      "maxRSS": 240200,
      "systemtime": 56273,
      "usertime": 3074942
     },
     "1038493051": {
      "maxRSS": 240200,
      "systemtime": 56273,
      "usertime": 3078954
     },
     "1038495140": {
      "maxRSS": 240200,
      "systemtime": 56273,
      "usertime": 3078969
     },
     "1038497235": {
      "maxRSS": 240200,
      "systemtime": 56274,
      "usertime": 3083041
     },
     "1038499327": {
      "maxRSS": 240200,
      "systemtime": 56275,
      "usertime": 3083070
     },
     "1038501409": {
      "maxRSS": 240200,
      "systemtime": 56275,
      "usertime": 3087027
     },
     "1038503521": {
      "maxRSS": 240200,
      "systemtime": 56275,
      "usertime": 3087056
     },
     "1038505646": {
      "maxRSS": 240200,
      "systemtime": 56275,
      "usertime": 3091088
     },
     "1038507847": {
      "maxRSS": 240200,
      "systemtime": 56275,
      "usertime": 3091104
     },
     "1038509946": {
      "maxRSS": 240200,
      "systemtime": 56275,
      "usertime": 3095122
     },
     "1038512070": {
      "maxRSS": 240200,
      "systemtime": 56275,
      "usertime": 3099154
     },
     "1038514152": {
      "maxRSS": 240200,
      "systemtime": 56275,
      "usertime": 3099175
     },
     "1038516232": {
      "maxRSS": 240200,
      "systemtime": 56275,
      "usertime": 3103193
     },
     "1038518316": {
      "maxRSS": 240200,
      "systemtime": 56275,
      "usertime": 3103208
     },
     "1038520394": {
      "maxRSS": 240200,
      "systemtime": 56275,
      "usertime": 3107237
     },
     "1038522501": {
      "maxRSS": 240200,
      "systemtime": 56276,
      "usertime": 3107253
     },
     "1038524580": {
      "maxRSS": 240200,
      "systemtime": 56276,
      "usertime": 3111254
     },
     "1038526681": {
      "maxRSS": 240200,
      "systemtime": 56276,
      "usertime": 3111283
     },
     "1038528877": {
      "maxRSS": 240200,
      "systemtime": 56276,
      "usertime": 3115300
     },
     "1038530959": {
      "maxRSS": 240200,
      "systemtime": 56276,
      "usertime": 3115316
     },
     "1038533075": {
      "maxRSS": 240200,
      "systemtime": 56276,
      "usertime": 3119346
     },
     "1038535164": {
      "maxRSS": 240200,
      "systemtime": 56277,
      "usertime": 3119370
     },
     "1038537246": {
      "maxRSS": 240200,
      "systemtime": 56277,
      "usertime": 3123417
     },
     "1038539342": {
      "maxRSS": 240200,
      "systemtime": 56278,
      "usertime": 3123446
     },
     "1038541435": {
      "maxRSS": 240200,
      "systemtime": 56278,
      "usertime": 3127428
     },
     "1038543642": {
      "maxRSS": 240200,
      "systemtime": 56279,
      "usertime": 3127518
     },
     "1038545774": {
      "maxRSS": 240200,
      "systemtime": 56279,
      "usertime": 3131578
     },
     "1038547858": {
      "maxRSS": 240200,
      "systemtime": 56280,
      "usertime": 3131602
     },
     "1038549951": {
      "maxRSS": 240200,
      "systemtime": 56280,
      "usertime": 3135605
     },
     "1038552044": {
      "maxRSS": 240200,
      "systemtime": 56280,
      "usertime": 3139632
     },
     "1038554126": {
      "maxRSS": 240200,
      "systemtime": 56280,
      "usertime": 3139648
     },
     "1038556204": {
      "maxRSS": 240200,
      "systemtime": 56280,
      "usertime": 3143679
     },
     "1038558296": {
      "maxRSS": 240200,
      "systemtime": 56280,
      "usertime": 3143693
     },
     "1038560373": {
      "maxRSS": 240200,
      "systemtime": 56280,
      "usertime": 3147693
     },
     "1038562477": {
      "maxRSS": 240200,
      "systemtime": 56281,
      "usertime": 3147722
     },
     "1038564580": {
      "maxRSS": 240200,
      "systemtime": 56281,
      "usertime": 3151760
     },
     "1038566671": {
      "maxRSS": 240200,
      "systemtime": 56281,
      "usertime": 3151775
     },
     "1038568768": {
      "maxRSS": 240200,
      "systemtime": 56281,
      "usertime": 3155796
     },
     "1038570872": {
      "maxRSS": 240200,
      "systemtime": 56282,
      "usertime": 3155823
     },
     "1038572992": {
      "maxRSS": 240200,
      "systemtime": 56282,
      "usertime": 3159860
     },
     "1038575083": {
      "maxRSS": 240200,
      "systemtime": 56282,
      "usertime": 3159884
     },
     "1038577171": {
      "maxRSS": 240200,
      "systemtime": 56283,
      "usertime": 3163911
     },
     "1038579305": {
      "maxRSS": 240200,
      "systemtime": 56283,
      "usertime": 3163938
     },
     "1038581384": {
      "maxRSS": 240200,
      "systemtime": 56283,
      "usertime": 3167961
     },
     "1038583461": {
      "maxRSS": 240200,
      "systemtime": 56283,
      "usertime": 3167976
     },
     "1038585539": {
      "maxRSS": 240200,
      "systemtime": 56283,
      "usertime": 3171992
     },
     "1038587612": {
      "maxRSS": 240200,
      "systemtime": 56284,
      "usertime": 3172006
     },
     "1038589720": {
      "maxRSS": 240200,
      "systemtime": 56284,
      "usertime": 3176023
     },
     "1038591819": {
      "maxRSS": 240200,
      "systemtime": 56284,
      "usertime": 3176058
     },
     "1038593909": {
      "maxRSS": 240200,
      "systemtime": 56285,
      "usertime": 3180111
     },
     "1038596040": {
      "maxRSS": 240200,
      "systemtime": 56285,
      "usertime": 3184108
     },
     "1038598138": {
      "maxRSS": 240200,
      "systemtime": 56285,
      "usertime": 3184127
     },
     "1038600216": {
      "maxRSS": 240200,
      "systemtime": 56285,
      "usertime": 3188147
     },
     "1038602327": {
      "maxRSS": 240200,
      "systemtime": 56285,
      "usertime": 3188162
     },
     "1038604434": {
      "maxRSS": 240200,
      "systemtime": 56285,
      "usertime": 3192183
     },
     "1038606553": {
      "maxRSS": 240200,
      "systemtime": 56285,
      "usertime": 3192204
     },
     "1038608648": {
      "maxRSS": 240200,
      "systemtime": 56285,
      "usertime": 3196223
     },
     "1038610755": {
      "maxRSS": 240200,
      "systemtime": 56285,
      "usertime": 3196238
     },
     "1038612865": {
      "maxRSS": 240200,
      "systemtime": 56286,
      "usertime": 3200267
     },
     "1038614973": {
      "maxRSS": 240200,
      "systemtime": 56286,
      "usertime": 3200282
     },
     "1038617097": {
      "maxRSS": 240200,
      "systemtime": 56286,
      "usertime": 3204299
     },
     "1038619179": {
      "maxRSS": 240200,
      "systemtime": 56286,
      "usertime": 3204315
     },
     "1038621300": {
      "maxRSS": 240200,
      "systemtime": 56286,
      "usertime": 3208345
     },
     "1038623396": {
      "maxRSS": 240200,
      "systemtime": 56287,
      "usertime": 3208366
     },
     "1038627476": {
      "maxRSS": 240200,
      "systemtime": 56288,
      "usertime": 3212453
     },
     "1038631573": {
      "maxRSS": 240200,
      "systemtime": 56288,
      "usertime": 3216393
     },
     "1038635682": {
      "maxRSS": 240328,
      "systemtime": 56288,
      "usertime": 3220445
     },
     "1038639794": {
      "maxRSS": 240328,
      "systemtime": 56288,
      "usertime": 3224445
     },
     "1038643882": {
      "maxRSS": 240328,
      "systemtime": 56288,
      "usertime": 3228471
     },
     "1038647997": {
      "maxRSS": 240328,
      "systemtime": 56288,
      "usertime": 3232500
     },
     "1038652044": {
      "maxRSS": 240328,
      "systemtime": 60234,
      "usertime": 3236592
     },
     "1038656123": {
      "maxRSS": 240328,
      "systemtime": 60234,
      "usertime": 3240631
     },
     "1038660230": {
      "maxRSS": 240328,
      "systemtime": 60234,
      "usertime": 3244637
     },
     "1038664349": {
      "maxRSS": 240328,
      "systemtime": 60234,
      "usertime": 3248668
     },
     "1038668460": {
      "maxRSS": 240328,
      "systemtime": 60235,
      "usertime": 3252697
     },
     "1038672543": {
      "maxRSS": 240328,
      "systemtime": 60236,
      "usertime": 3256791
     },
     "1038676633": {
      "maxRSS": 240328,
      "systemtime": 60236,
      "usertime": 3260736
     },
     "1038680712": {
      "maxRSS": 240328,
      "systemtime": 60236,
      "usertime": 3264749
     },
     "1038684793": {
      "maxRSS": 240328,
      "systemtime": 60236,
      "usertime": 3268766
     },
     "1038688890": {
      "maxRSS": 240328,
      "systemtime": 60236,
      "usertime": 3272801
     },
     "1038693000": {
      "maxRSS": 240328,
      "systemtime": 60236,
      "usertime": 3276847
     },
     "1038697118": {
      "maxRSS": 240328,
      "systemtime": 60236,
      "usertime": 3280873
     },
     "1038701195": {
      "maxRSS": 240328,
      "systemtime": 60236,
      "usertime": 3284902
     },
     "1038705298": {
      "maxRSS": 240328,
      "systemtime": 60236,
      "usertime": 3288913
     },
     "1038709387": {
      "maxRSS": 240328,
      "systemtime": 60236,
      "usertime": 3292939
     },
     "1038713496": {
      "maxRSS": 240328,
      "systemtime": 60237,
      "usertime": 3296995
     },
     "1038717590": {
      "maxRSS": 240328,
      "systemtime": 60237,
      "usertime": 3301009
     },
     "1038721687": {
      "maxRSS": 240328,
      "systemtime": 60237,
      "usertime": 3305035
     },
     "1038725776": {
      "maxRSS": 240328,
      "systemtime": 60237,
      "usertime": 3309057
     },
     "1038729897": {
      "maxRSS": 240328,
      "systemtime": 60237,
      "usertime": 3313080
     },
     "1038734012": {
      "maxRSS": 240328,
      "systemtime": 60238,
      "usertime": 3317119
     },
     "1038738119": {
      "maxRSS": 240328,
      "systemtime": 60238,
      "usertime": 3321140
     },
     "1038742221": {
      "maxRSS": 240328,
      "systemtime": 60238,
      "usertime": 3325159
     },
     "1038746319": {
      "maxRSS": 240328,
      "systemtime": 60238,
      "usertime": 3329173
     },
     "1038750446": {
      "maxRSS": 240328,
      "systemtime": 60238,
      "usertime": 3333208
     },
     "1038754550": {
      "maxRSS": 240328,
      "systemtime": 60239,
      "usertime": 3337255
     },
     "1038758656": {
      "maxRSS": 240328,
      "systemtime": 60239,
      "usertime": 3341255
     },
     "1038762800": {
      "maxRSS": 240328,
      "systemtime": 60240,
      "usertime": 3345330
     },
     "1038766918": {
      "maxRSS": 240328,
      "systemtime": 60240,
      "usertime": 3349350
     },
     "1038771022": {
      "maxRSS": 240328,
      "systemtime": 60240,
      "usertime": 3353374
     },
     "1038775105": {
      "maxRSS": 240328,
      "systemtime": 60240,
      "usertime": 3357423
     },
     "1038779256": {
      "maxRSS": 240328,
      "systemtime": 60240,
      "usertime": 3361409
     },
     "1038783389": {
      "maxRSS": 240328,
      "systemtime": 60240,
      "usertime": 3365429
     },
     "1038787514": {
      "maxRSS": 240328,
      "systemtime": 60240,
      "usertime": 3369448
     },
     "1038791602": {
      "maxRSS": 240328,
      "systemtime": 60240,
      "usertime": 3373482
     },
     "1038795713": {
      "maxRSS": 240328,
      "systemtime": 60240,
      "usertime": 3377492
     },
     "1038799787": {
      "maxRSS": 240328,
      "systemtime": 60240,
      "usertime": 3381507
     },
     "1038803862": {
      "maxRSS": 240328,
      "systemtime": 60240,
      "usertime": 3385520
     },
     "1038807973": {
      "maxRSS": 240328,
      "systemtime": 60240,
      "usertime": 3389542
     },
     "1038812072": {
      "maxRSS": 240328,
      "systemtime": 60241,
      "usertime": 3397616
     },
     "1038816161": {
      "maxRSS": 240328,
      "systemtime": 60241,
      "usertime": 3401589
     },
     "1038820280": {
      "maxRSS": 240328,
      "systemtime": 60241,
      "usertime": 3405605
     },
     "1038824380": {
      "maxRSS": 240328,
      "systemtime": 60241,
      "usertime": 3409630
     },
     "1038828474": {
      "maxRSS": 240328,
      "systemtime": 60241,
      "usertime": 3413657
     },
     "1038832554": {
      "maxRSS": 240328,
      "systemtime": 60241,
      "usertime": 3417693
     },
     "1038836684": {
      "maxRSS": 240328,
      "systemtime": 60241,
      "usertime": 3421716
     },
     "1038840789": {
      "maxRSS": 240328,
      "systemtime": 60241,
      "usertime": 3425758
     },
     "1038844868": {
      "maxRSS": 240328,
      "systemtime": 60241,
      "usertime": 3429776
     },
     "1038848948": {
      "maxRSS": 240328,
      "systemtime": 60242,
      "usertime": 3433808
     },
     "1038853024": {
      "maxRSS": 240328,
      "systemtime": 60242,
      "usertime": 3437810
     },
     "1038857101": {
      "maxRSS": 240328,
      "systemtime": 60242,
      "usertime": 3441827
     },
     "1038861173": {
      "maxRSS": 240328,
      "systemtime": 60242,
      "usertime": 3445840
     },
     "1038865285": {
      "maxRSS": 240328,
      "systemtime": 60242,
      "usertime": 3449854
     },
     "1038869412": {
      "maxRSS": 240328,
      "systemtime": 60242,
      "usertime": 3453904
     },
     "1038873500": {
      "maxRSS": 240328,
      "systemtime": 60242,
      "usertime": 3457923
     },
     "1038877724": {
      "maxRSS": 240328,
      "systemtime": 60242,
      "usertime": 3461945
     },
     "1038881830": {
      "maxRSS": 240328,
      "systemtime": 60242,
      "usertime": 3465979
     },
     "1038885916": {
      "maxRSS": 240328,
      "systemtime": 60243,
      "usertime": 3470000
     },
     "1038889998": {
      "maxRSS": 240328,
      "systemtime": 60243,
      "usertime": 3474034
     },
     "1038894104": {
      "maxRSS": 240328,
      "systemtime": 60243,
      "usertime": 3478051
     },
     "1038898221": {
      "maxRSS": 240328,
      "systemtime": 60243,
      "usertime": 3482082
     },
     "1038902302": {
      "maxRSS": 240328,
      "systemtime": 60243,
      "usertime": 3486101
     },
     "1038906381": {
      "maxRSS": 240328,
      "systemtime": 60243,
      "usertime": 3490130
     },
     "1038910479": {
      "maxRSS": 240328,
      "systemtime": 60243,
      "usertime": 3494134
     },
     "1038914583": {
      "maxRSS": 240328,
      "systemtime": 60243,
      "usertime": 3498167
     },
     "1038918741": {
      "maxRSS": 240328,
      "systemtime": 60245,
      "usertime": 3502255
     },
     "1038922944": {
      "maxRSS": 240328,
      "systemtime": 60245,
      "usertime": 3506286
     },
     "1038927038": {
      "maxRSS": 240328,
      "systemtime": 60245,
      "usertime": 3510316
     },
     "1038931125": {
      "maxRSS": 240328,
      "systemtime": 60245,
      "usertime": 3514348
     },
     "1038935227": {
      "maxRSS": 240328,
      "systemtime": 60246,
      "usertime": 3518368
     },
     "1038939310": {
      "maxRSS": 240328,
      "systemtime": 60246,
      "usertime": 3522375
     },
     "1038943412": {
      "maxRSS": 240328,
      "systemtime": 60246,
      "usertime": 3526412
     },
     "1038947497": {
      "maxRSS": 240328,
      "systemtime": 60246,
      "usertime": 3530435
     },
     "1038951589": {
      "maxRSS": 240328,
      "systemtime": 60246,
      "usertime": 3534448
     },
     "1038955702": {
      "maxRSS": 240328,
      "systemtime": 60246,
      "usertime": 3538471
     },
     "1038959797": {
      "maxRSS": 240328,
      "systemtime": 60246,
      "usertime": 3542502
     },
     "1038963888": {
      "maxRSS": 240328,
      "systemtime": 60246,
      "usertime": 3546530
     },
     "1038967982": {
      "maxRSS": 240328,
      "systemtime": 60246,
      "usertime": 3550549
     },
     "1038972076": {
      "maxRSS": 240328,
      "systemtime": 64192,
      "usertime": 3550647
     },
     "1038976155": {
      "maxRSS": 240328,
      "systemtime": 64192,
      "usertime": 3558664
     },
     "1038980232": {
      "maxRSS": 240328,
      "systemtime": 64192,
      "usertime": 3562679
     },
     "1038984311": {
      "maxRSS": 240328,
      "systemtime": 64192,
      "usertime": 3566693
     },
     "1038988389": {
      "maxRSS": 240328,
      "systemtime": 64192,
      "usertime": 3570715
     },
     "1038992464": {
      "maxRSS": 240456,
      "systemtime": 64192,
      "usertime": 3574737
     },
     "1038996580": {
      "maxRSS": 240712,
      "systemtime": 64193,
      "usertime": 3578765
     },
     "1039000700": {
      "maxRSS": 240840,
      "systemtime": 64193,
      "usertime": 3582796
     },
     "1039004793": {
      "maxRSS": 240968,
      "systemtime": 64263,
      "usertime": 3586763
     },
     "1039006215": {
      "maxRSS": 240968,
      "systemtime": 64263,
      "usertime": 3588965
     },
     "1039007292": {
      "maxRSS": 240968,
      "systemtime": 64263,
      "usertime": 3588982
     },
     "1039008282": {
      "maxRSS": 240968,
      "systemtime": 64263,
      "usertime": 3591048
     },
     "1039009403": {
      "maxRSS": 241224,
      "systemtime": 64263,
      "usertime": 3591090
     },
     "1039010514": {
      "maxRSS": 241480,
      "systemtime": 64263,
      "usertime": 3591106
     },
     "1039011597": {
      "maxRSS": 241736,
      "systemtime": 64263,
      "usertime": 3591121
     },
     "1039012716": {
      "maxRSS": 241992,
      "systemtime": 68041,
      "usertime": 3591121
     },
     "1039013799": {
      "maxRSS": 242248,
      "systemtime": 68061,
      "usertime": 3591121
     },
     "1039014876": {
      "maxRSS": 242504,
      "systemtime": 68076,
      "usertime": 3591121
     },
     "1039015985": {
      "maxRSS": 242888,
      "systemtime": 68102,
      "usertime": 3591121
     },
     "1039017062": {
      "maxRSS": 243144,
      "systemtime": 68209,
      "usertime": 3595027
     },
     "1039018140": {
      "maxRSS": 243400,
      "systemtime": 68209,
      "usertime": 3595041
     },
     "1039019245": {
      "maxRSS": 243656,
      "systemtime": 68209,
      "usertime": 3595055
     },
     "1039020338": {
      "maxRSS": 243912,
      "systemtime": 68209,
      "usertime": 3599068
     },
     "1039021413": {
      "maxRSS": 244168,
      "systemtime": 68210,
      "usertime": 3599081
     },
     "1039022502": {
      "maxRSS": 244424,
      "systemtime": 68210,
      "usertime": 3599097
     },
     "1039023586": {
      "maxRSS": 244680,
      "systemtime": 68210,
      "usertime": 3599117
     },
     "1039024690": {
      "maxRSS": 244936,
      "systemtime": 68211,
      "usertime": 3603167
     },
     "1039025775": {
      "maxRSS": 245192,
      "systemtime": 68211,
      "usertime": 3603194
     },
     "1039026848": {
      "maxRSS": 245320,
      "systemtime": 68212,
      "usertime": 3603208
     },
     "1039027962": {
      "maxRSS": 245576,
      "systemtime": 68212,
      "usertime": 3603222
     },
     "1039029040": {
      "maxRSS": 245832,
      "systemtime": 68212,
      "usertime": 3607252
     },
     "1039030139": {
      "maxRSS": 246088,
      "systemtime": 68213,
      "usertime": 3607276
     },
     "1039031213": {
      "maxRSS": 246344,
      "systemtime": 68213,
      "usertime": 3607291
     },
     "1039032305": {
      "maxRSS": 246600,
      "systemtime": 68213,
      "usertime": 3611283
     },
     "1039033384": {
      "maxRSS": 246856,
      "systemtime": 68213,
      "usertime": 3611298
     },
     "1039034459": {
      "maxRSS": 247112,
      "systemtime": 68213,
      "usertime": 3611313
     },
     "1039035536": {
      "maxRSS": 247368,
      "systemtime": 68214,
      "usertime": 3611329
     },
     "1039036629": {
      "maxRSS": 247624,
      "systemtime": 68214,
      "usertime": 3615339
     },
     "1039037746": {
      "maxRSS": 247880,
      "systemtime": 68214,
      "usertime": 3615356
     },
     "1039038838": {
      "maxRSS": 248136,
      "systemtime": 68214,
      "usertime": 3615373
     },
     "1039039917": {
      "maxRSS": 248392,
      "systemtime": 68214,
      "usertime": 3615389
     },
     "1039040989": {
      "maxRSS": 248520,
      "systemtime": 68214,
      "usertime": 3619404
     },
     "1039042062": {
      "maxRSS": 248776,
      "systemtime": 68215,
      "usertime": 3619416
     },
     "1039043185": {
      "maxRSS": 249032,
      "systemtime": 68215,
      "usertime": 3619448
     },
     "1039044284": {
      "maxRSS": 249288,
      "systemtime": 68215,
      "usertime": 3623461
     },
     "1039045378": {
      "maxRSS": 249544,
      "systemtime": 68216,
      "usertime": 3623473
     },
     "1039046452": {
      "maxRSS": 249800,
      "systemtime": 68216,
      "usertime": 3623490
     },
     "1039047520": {
      "maxRSS": 250056,
      "systemtime": 68216,
      "usertime": 3623501
     },
     "1039048625": {
      "maxRSS": 250312,
      "systemtime": 68216,
      "usertime": 3627509
     },
     "1039049695": {
      "maxRSS": 250568,
      "systemtime": 68216,
      "usertime": 3627520
     },
     "1039050809": {
      "maxRSS": 250824,
      "systemtime": 68217,
      "usertime": 3627570
     },
     "1039051884": {
      "maxRSS": 250952,
      "systemtime": 68217,
      "usertime": 3627583
     },
     "1039053057": {
      "maxRSS": 251208,
      "systemtime": 68217,
      "usertime": 3631604
     },
     "1039054171": {
      "maxRSS": 251464,
      "systemtime": 68218,
      "usertime": 3631631
     },
     "1039055260": {
      "maxRSS": 251720,
      "systemtime": 68218,
      "usertime": 3631654
     },
     "1039056330": {
      "maxRSS": 251976,
      "systemtime": 68218,
      "usertime": 3635667
     },
     "1039057403": {
      "maxRSS": 252232,
      "systemtime": 68219,
      "usertime": 3635683
     },
     "1039058467": {
      "maxRSS": 252488,
      "systemtime": 68219,
      "usertime": 3635690
     },
     "1039059532": {
      "maxRSS": 252744,
      "systemtime": 68219,
      "usertime": 3635698
     },
     "1039060606": {
      "maxRSS": 253000,
      "systemtime": 68219,
      "usertime": 3639706
     },
     "1039061681": {
      "maxRSS": 253256,
      "systemtime": 68219,
      "usertime": 3639719
     },
     "1039062772": {
      "maxRSS": 253512,
      "systemtime": 68219,
      "usertime": 3639733
     },
     "1039063857": {
      "maxRSS": 253768,
      "systemtime": 68220,
      "usertime": 3639756
     },
     "1039064934": {
      "maxRSS": 254024,
      "systemtime": 68220,
      "usertime": 3643774
     },
     "1039066026": {
      "maxRSS": 254280,
      "systemtime": 68220,
      "usertime": 3643788
     },
     "1039067098": {
      "maxRSS": 254536,
      "systemtime": 68220,
      "usertime": 3643801
     },
     "1039068210": {
      "maxRSS": 254792,
      "systemtime": 68221,
      "usertime": 3647850
     },
     "1039069291": {
      "maxRSS": 255048,
      "systemtime": 68222,
      "usertime": 3647872
     },
     "1039070387": {
      "maxRSS": 255176,
      "systemtime": 68222,
      "usertime": 3647892
     },
     "1039071499": {
      "maxRSS": 255432,
      "systemtime": 68222,
      "usertime": 3647908
     },
     "1039072574": {
      "maxRSS": 255688,
      "systemtime": 68222,
      "usertime": 3651912
     },
     "1039073646": {
      "maxRSS": 255944,
      "systemtime": 68222,
      "usertime": 3651926
     },
     "1039074717": {
      "maxRSS": 256200,
      "systemtime": 68223,
      "usertime": 3651938
     },
     "1039075821": {
      "maxRSS": 256456,
      "systemtime": 68223,
      "usertime": 3651951
     },
     "1039076938": {
      "maxRSS": 256712,
      "systemtime": 68223,
      "usertime": 3655962
     },
     "1039078015": {
      "maxRSS": 256968,
      "systemtime": 68223,
      "usertime": 3655980
     },
     "1039079101": {
      "maxRSS": 257224,
      "systemtime": 68224,
      "usertime": 3656011
     },
     "1039080177": {
      "maxRSS": 257480,
      "systemtime": 68225,
      "usertime": 3660078
     },
     "1039081254": {
      "maxRSS": 257736,
      "systemtime": 68225,
      "usertime": 3660093
     },
     "1039082355": {
      "maxRSS": 257992,
      "systemtime": 68225,
      "usertime": 3660121
     },
     "1039083437": {
      "maxRSS": 258248,
      "systemtime": 68226,
      "usertime": 3660140
     },
     "1039084515": {
      "maxRSS": 258504,
      "systemtime": 68226,
      "usertime": 3664107
     },
     "1039085584": {
      "maxRSS": 258760,
      "systemtime": 68226,
      "usertime": 3664119
     },
     "1039086660": {
      "maxRSS": 258888,
      "systemtime": 68226,
      "usertime": 3664132
     },
     "1039087730": {
      "maxRSS": 259144,
      "systemtime": 68226,
      "usertime": 3664144
     },
     "1039088808": {
      "maxRSS": 259400,
      "systemtime": 68226,
      "usertime": 3668172
     },
     "1039089883": {
      "maxRSS": 259656,
      "systemtime": 68226,
      "usertime": 3668187
     },
     "1039090968": {
      "maxRSS": 259912,
      "systemtime": 68227,
      "usertime": 3668210
     },
     "1039092016": {
      "maxRSS": 260168,
      "systemtime": 68227,
      "usertime": 3672207
     },
     "1039093126": {
      "maxRSS": 260424,
      "systemtime": 68227,
      "usertime": 3672220
     },
     "1039094231": {
      "maxRSS": 260680,
      "systemtime": 68227,
      "usertime": 3672248
     },
     "1039095331": {
      "maxRSS": 260936,
      "systemtime": 68227,
      "usertime": 3672263
     },
     "1039096414": {
      "maxRSS": 261192,
      "systemtime": 68228,
      "usertime": 3676293
     },
     "1039097533": {
      "maxRSS": 261448,
      "systemtime": 68228,
      "usertime": 3676316
     },
     "1039098642": {
      "maxRSS": 261704,
      "systemtime": 68228,
      "usertime": 3676333
     },
     "1039099718": {
      "maxRSS": 261960,
      "systemtime": 68229,
      "usertime": 3676348
     },
     "1039100790": {
      "maxRSS": 262216,
      "systemtime": 68229,
      "usertime": 3680349
     },
     "1039101865": {
      "maxRSS": 262472,
      "systemtime": 68229,
      "usertime": 3680363
     },
     "1039102934": {
      "maxRSS": 262728,
      "systemtime": 68229,
      "usertime": 3680374
     },
     "1039104014": {
      "maxRSS": 262984,
      "systemtime": 68229,
      "usertime": 3684384
     },
     "1039105091": {
      "maxRSS": 263240,
      "systemtime": 68229,
      "usertime": 3684403
     },
     "1039106156": {
      "maxRSS": 263496,
      "systemtime": 68229,
      "usertime": 3684410
     },
     "1039107279": {
      "maxRSS": 263752,
      "systemtime": 68230,
      "usertime": 3684431
     },
     "1039108372": {
      "maxRSS": 263880,
      "systemtime": 72244,
      "usertime": 3684459
     },
     "1039109452": {
      "maxRSS": 264136,
      "systemtime": 72244,
      "usertime": 3684474
     },
     "1039110530": {
      "maxRSS": 264392,
      "systemtime": 72244,
      "usertime": 3684489
     },
     "1039111619": {
      "maxRSS": 264648,
      "systemtime": 72245,
      "usertime": 3684512
     },
     "1039112699": {
      "maxRSS": 264904,
      "systemtime": 72245,
      "usertime": 3688516
     },
     "1039113777": {
      "maxRSS": 265160,
      "systemtime": 72245,
      "usertime": 3688532
     },
     "1039114847": {
      "maxRSS": 265416,
      "systemtime": 72245,
      "usertime": 3688545
     },
     "1039115912": {
      "maxRSS": 265544,
      "systemtime": 72245,
      "usertime": 3688553
     },
     "1039116996": {
      "maxRSS": 265800,
      "systemtime": 76257,
      "usertime": 3688553
     },
     "1039118093": {
      "maxRSS": 266184,
      "systemtime": 76259,
      "usertime": 3688574
     },
     "1039119181": {
      "maxRSS": 266440,
      "systemtime": 76260,
      "usertime": 3688587
     },
     "1039120253": {
      "maxRSS": 266696,
      "systemtime": 76260,
      "usertime": 3692599
     },
     "1039121329": {
      "maxRSS": 266952,
      "systemtime": 76260,
      "usertime": 3692613
     },
     "1039122406": {
      "maxRSS": 267208,
      "systemtime": 76260,
      "usertime": 3692628
     },
     "1039123496": {
      "maxRSS": 267464,
      "systemtime": 76261,
      "usertime": 3692643
     },
     "1039124582": {
      "maxRSS": 267848,
      "systemtime": 76261,
      "usertime": 3696664
     },
     "1039125653": {
      "maxRSS": 268104,
      "systemtime": 76261,
      "usertime": 3696676
     },
     "1039126725": {
      "maxRSS": 268360,
      "systemtime": 76261,
      "usertime": 3696690
     },
     "1039127797": {
      "maxRSS": 268616,
      "systemtime": 76262,
      "usertime": 3696703
     },
     "1039128877": {
      "maxRSS": 268744,
      "systemtime": 76262,
      "usertime": 3700718
     },
     "1039129953": {
      "maxRSS": 269000,
      "systemtime": 76262,
      "usertime": 3700733
     },
     "1039131026": {
      "maxRSS": 269256,
      "systemtime": 76262,
      "usertime": 3700748
     },
     "1039132111": {
      "maxRSS": 269512,
      "systemtime": 76263,
      "usertime": 3704782
     },
     "1039133207": {
      "maxRSS": 269768,
      "systemtime": 76263,
      "usertime": 3704799
     },
     "1039134301": {
      "maxRSS": 270024,
      "systemtime": 76263,
      "usertime": 3704814
     },
     "1039135389": {
      "maxRSS": 270280,
      "systemtime": 76264,
      "usertime": 3704829
     },
     "1039136473": {
      "maxRSS": 270536,
      "systemtime": 76264,
      "usertime": 3708834
     },
     "1039137561": {
      "maxRSS": 270664,
      "systemtime": 76264,
      "usertime": 3708851
     },
     "1039138642": {
      "maxRSS": 270920,
      "systemtime": 76264,
      "usertime": 3708872
     },
     "1039139747": {
      "maxRSS": 271176,
      "systemtime": 76264,
      "usertime": 3708884
     },
     "1039140820": {
      "maxRSS": 271432,
      "systemtime": 80279,
      "usertime": 3708890
     },
     "1039141888": {
      "maxRSS": 271688,
      "systemtime": 80279,
      "usertime": 3708901
     },
     "1039142953": {
      "maxRSS": 271944,
      "systemtime": 80279,
      "usertime": 3708908
     },
     "1039144012": {
      "maxRSS": 272200,
      "systemtime": 80279,
      "usertime": 3712911
     },
     "1039145093": {
      "maxRSS": 272456,
      "systemtime": 80279,
      "usertime": 3712929
     },
     "1039146168": {
      "maxRSS": 272584,
      "systemtime": 80279,
      "usertime": 3712943
     },
     "1039148256": {
      "maxRSS": 273096,
      "systemtime": 80279,
      "usertime": 3716956
     },
     "1039150323": {
      "maxRSS": 273608,
      "systemtime": 80280,
      "usertime": 3716966
     },
     "1039152422": {
      "maxRSS": 273992,
      "systemtime": 80280,
      "usertime": 3720990
     },
     "1039154585": {
      "maxRSS": 274504,
      "systemtime": 80281,
      "usertime": 3721053
     },
     "1039156693": {
      "maxRSS": 275016,
      "systemtime": 80281,
      "usertime": 3725083
     },
     "1039158770": {
      "maxRSS": 275528,
      "systemtime": 80282,
      "usertime": 3725098
     },
     "1039160843": {
      "maxRSS": 275912,
      "systemtime": 80282,
      "usertime": 3729108
     },
     "1039162952": {
      "maxRSS": 276424,
      "systemtime": 80282,
      "usertime": 3729123
     },
     "1039165033": {
      "maxRSS": 276936,
      "systemtime": 80282,
      "usertime": 3733138
     },
     "1039167108": {
      "maxRSS": 277448,
      "systemtime": 80282,
      "usertime": 3733152
     },
     "1039169208": {
      "maxRSS": 277832,
      "systemtime": 80283,
      "usertime": 3737174
     },
     "1039171355": {
      "maxRSS": 278344,
      "systemtime": 80284,
      "usertime": 3737240
     },
     "1039173440": {
      "maxRSS": 278856,
      "systemtime": 80284,
      "usertime": 3741262
     },
     "1039175522": {
      "maxRSS": 279240,
      "systemtime": 80284,
      "usertime": 3741278
     },
     "1039177604": {
      "maxRSS": 279752,
      "systemtime": 80284,
      "usertime": 3745294
     },
     "1039179677": {
      "maxRSS": 280264,
      "systemtime": 80285,
      "usertime": 3745308
     },
     "1039181767": {
      "maxRSS": 280520,
      "systemtime": 80285,
      "usertime": 3749324
     },
     "1039183874": {
      "maxRSS": 280520,
      "systemtime": 80285,
      "usertime": 3749351
     },
     "1039185984": {
      "maxRSS": 280520,
      "systemtime": 80286,
      "usertime": 3753382
     },
     "1039188070": {
      "maxRSS": 280520,
      "systemtime": 80352,
      "usertime": 3757340
     },
     "1039188451": {
      "maxRSS": 280520,
      "systemtime": 80352,
      "usertime": 3757767
     },
     "1039189554": {
      "maxRSS": 280520,
      "systemtime": 80352,
      "usertime": 3757780
     },
     "1039190646": {
      "maxRSS": 280520,
      "systemtime": 80352,
      "usertime": 3757791
     },
     "1039191738": {
      "maxRSS": 280520,
      "systemtime": 80352,
      "usertime": 3757818
     },
     "1039192817": {
      "maxRSS": 280520,
      "systemtime": 80352,
      "usertime": 3761435
     },
     "1039193902": {
      "maxRSS": 280520,
      "systemtime": 80352,
      "usertime": 3761449
     },
     "1039194975": {
      "maxRSS": 280520,
      "systemtime": 80352,
      "usertime": 3761462
     },
     "1039196022": {
      "maxRSS": 280520,
      "systemtime": 80352,
      "usertime": 3765464
     },
     "1039197114": {
      "maxRSS": 280520,
      "systemtime": 80352,
      "usertime": 3765487
     },
     "1039198224": {
      "maxRSS": 280520,
      "systemtime": 80352,
      "usertime": 3765526
     },
     "1039199322": {
      "maxRSS": 280520,
      "systemtime": 80352,
      "usertime": 3765551
     },
     "1039200445": {
      "maxRSS": 280520,
      "systemtime": 80352,
      "usertime": 3769579
     },
     "1039201513": {
      "maxRSS": 280520,
      "systemtime": 80352,
      "usertime": 3769590
     },
     "1039202590": {
      "maxRSS": 280520,
      "systemtime": 80352,
      "usertime": 3769602
     },
     "1039203724": {
      "maxRSS": 280520,
      "systemtime": 80352,
      "usertime": 3769619
     },
     "1039204820": {
      "maxRSS": 280520,
      "systemtime": 80352,
      "usertime": 3773667
     },
     "1039205898": {
      "maxRSS": 280520,
      "systemtime": 80352,
      "usertime": 3773682
     },
     "1039206975": {
      "maxRSS": 280520,
      "systemtime": 80352,
      "usertime": 3773699
     },
     "1039208075": {
      "maxRSS": 280520,
      "systemtime": 80352,
      "usertime": 3777733
     },
     "1039209181": {
      "maxRSS": 280520,
      "systemtime": 80352,
      "usertime": 3777761
     },
     "1039210259": {
      "maxRSS": 280520,
      "systemtime": 80352,
      "usertime": 3777776
     },
     "1039211330": {
      "maxRSS": 280520,
      "systemtime": 80352,
      "usertime": 3777789
     },
     "1039212413": {
      "maxRSS": 280520,
      "systemtime": 80352,
      "usertime": 3781792
     },
     "1039213561": {
      "maxRSS": 280520,
      "systemtime": 80352,
      "usertime": 3781814
     },
     "1039214654": {
      "maxRSS": 280520,
      "systemtime": 80352,
      "usertime": 3781828
     },
     "1039215727": {
      "maxRSS": 280520,
      "systemtime": 80352,
      "usertime": 3781844
     },
     "1039216803": {
      "maxRSS": 280520,
      "systemtime": 80352,
      "usertime": 3785849
     },
     "1039217893": {
      "maxRSS": 280520,
      "systemtime": 80352,
      "usertime": 3785863
     },
     "1039218980": {
      "maxRSS": 280520,
      "systemtime": 80352,
      "usertime": 3785887
     },
     "1039220030": {
      "maxRSS": 280520,
      "systemtime": 80352,
      "usertime": 3789903
     },
     "1039221112": {
      "maxRSS": 280520,
      "systemtime": 80352,
      "usertime": 3789921
     },
     "1039222217": {
      "maxRSS": 280520,
      "systemtime": 80352,
      "usertime": 3789956
     },
     "1039223313": {
      "maxRSS": 280520,
      "systemtime": 80352,
      "usertime": 3789991
     },
     "1039224401": {
      "maxRSS": 280520,
      "systemtime": 80352,
      "usertime": 3794022
     },
     "1039225501": {
      "maxRSS": 280520,
      "systemtime": 80352,
      "usertime": 3794052
     },
     "1039226580": {
      "maxRSS": 280520,
      "systemtime": 80352,
      "usertime": 3794066
     },
     "1039227659": {
      "maxRSS": 280520,
      "systemtime": 80352,
      "usertime": 3794081
     },
     "1039228738": {
      "maxRSS": 280520,
      "systemtime": 80352,
      "usertime": 3798081
     },
     "1039229850": {
      "maxRSS": 280520,
      "systemtime": 80352,
      "usertime": 3798119
     },
     "1039230934": {
      "maxRSS": 280520,
      "systemtime": 80352,
      "usertime": 3798143
     },
     "1039232035": {
      "maxRSS": 280520,
      "systemtime": 80352,
      "usertime": 3802167
     },
     "1039233101": {
      "maxRSS": 280520,
      "systemtime": 80352,
      "usertime": 3802176
     },
     "1039234172": {
      "maxRSS": 280520,
      "systemtime": 80352,
      "usertime": 3802186
     },
     "1039235273": {
      "maxRSS": 280520,
      "systemtime": 80352,
      "usertime": 3802210
     },
     "1039236397": {
      "maxRSS": 280520,
      "systemtime": 80352,
      "usertime": 3806224
     },
     "1039237507": {
      "maxRSS": 280520,
      "systemtime": 80352,
      "usertime": 3806248
     },
     "1039238628": {
      "maxRSS": 280520,
      "systemtime": 80352,
      "usertime": 3806286
     },
     "1039239713": {
      "maxRSS": 280520,
      "systemtime": 80352,
      "usertime": 3806313
     },
     "1039240844": {
      "maxRSS": 280520,
      "systemtime": 80352,
      "usertime": 3810326
     },
     "1039241944": {
      "maxRSS": 280520,
      "systemtime": 80352,
      "usertime": 3810346
     },
     "1039243025": {
      "maxRSS": 280520,
      "systemtime": 80352,
      "usertime": 3810371
     },
     "1039244101": {
      "maxRSS": 280520,
      "systemtime": 80352,
      "usertime": 3814385
     },
     "1039245181": {
      "maxRSS": 280520,
      "systemtime": 80352,
      "usertime": 3814401
     },
     "1039246271": {
      "maxRSS": 280520,
      "systemtime": 80352,
      "usertime": 3814424
     },
     "1039247350": {
      "maxRSS": 280520,
      "systemtime": 80352,
      "usertime": 3814440
     },
     "1039248440": {
      "maxRSS": 280520,
      "systemtime": 80352,
      "usertime": 3818456
     },
     "1039249516": {
      "maxRSS": 280520,
      "systemtime": 80352,
      "usertime": 3818471
     },
     "1039250654": {
      "maxRSS": 280520,
      "systemtime": 80352,
      "usertime": 3818488
     },
     "1039251838": {
      "maxRSS": 280520,
      "systemtime": 80352,
      "usertime": 3818514
     },
     "1039252998": {
      "maxRSS": 280520,
      "systemtime": 80352,
      "usertime": 3822581
     },
     "1039254209": {
      "maxRSS": 280520,
      "systemtime": 80352,
      "usertime": 3822604
     },
     "1039255288": {
      "maxRSS": 280520,
      "systemtime": 80352,
      "usertime": 3822623
     },
     "1039256360": {
      "maxRSS": 280520,
      "systemtime": 80352,
      "usertime": 3826641
     },
     "1039257429": {
      "maxRSS": 280520,
      "systemtime": 80352,
      "usertime": 3826651
     },
     "1039258497": {
      "maxRSS": 280520,
      "systemtime": 80352,
      "usertime": 3826660
     },
     "1039259615": {
      "maxRSS": 280520,
      "systemtime": 80352,
      "usertime": 3826684
     },
     "1039260716": {
      "maxRSS": 280520,
      "systemtime": 80352,
      "usertime": 3830674
     },
     "1039261788": {
      "maxRSS": 280520,
      "systemtime": 80352,
      "usertime": 3830686
     },
     "1039262859": {
      "maxRSS": 280520,
      "systemtime": 80352,
      "usertime": 3830699
     },
     "1039263936": {
      "maxRSS": 280520,
      "systemtime": 80352,
      "usertime": 3830713
     },
     "1039265056": {
      "maxRSS": 280520,
      "systemtime": 80352,
      "usertime": 3834747
     },
     "1039266173": {
      "maxRSS": 280520,
      "systemtime": 80352,
      "usertime": 3834763
     },
     "1039267282": {
      "maxRSS": 280520,
      "systemtime": 80352,
      "usertime": 3834805
     },
     "1039268368": {
      "maxRSS": 280520,
      "systemtime": 80352,
      "usertime": 3838850
     },
     "1039269460": {
      "maxRSS": 280520,
      "systemtime": 80352,
      "usertime": 3838868
     },
     "1039270551": {
      "maxRSS": 280520,
      "systemtime": 80352,
      "usertime": 3838887
     },
     "1039271646": {
      "maxRSS": 280520,
      "systemtime": 80352,
      "usertime": 3838906
     },
     "1039272761": {
      "maxRSS": 280520,
      "systemtime": 80352,
      "usertime": 3842904
     },
     "1039273854": {
      "maxRSS": 280520,
      "systemtime": 80352,
      "usertime": 3842934
     },
     "1039274939": {
      "maxRSS": 280520,
      "systemtime": 80352,
      "usertime": 3842949
     },
     "1039276054": {
      "maxRSS": 280520,
      "systemtime": 80352,
      "usertime": 3846968
     },
     "1039277169": {
      "maxRSS": 280520,
      "systemtime": 80352,
      "usertime": 3846993
     },
     "1039278248": {
      "maxRSS": 280520,
      "systemtime": 80352,
      "usertime": 3847006
     },
     "1039279352": {
      "maxRSS": 280520,
      "systemtime": 80352,
      "usertime": 3847035
     },
     "1039280450": {
      "maxRSS": 280520,
      "systemtime": 80352,
      "usertime": 3851070
     },
     "1039281525": {
      "maxRSS": 280520,
      "systemtime": 80352,
      "usertime": 3851085
     },
     "1039282599": {
      "maxRSS": 280520,
      "systemtime": 80352,
      "usertime": 3851100
     },
     "1039283680": {
      "maxRSS": 280520,
      "systemtime": 80352,
      "usertime": 3851117
     },
     "1039284788": {
      "maxRSS": 280520,
      "systemtime": 80352,
      "usertime": 3855150
     },
     "1039285871": {
      "maxRSS": 280520,
      "systemtime": 80352,
      "usertime": 3855163
     },
     "1039287007": {
      "maxRSS": 280520,
      "systemtime": 80352,
      "usertime": 3855233
     },
     "1039288080": {
      "maxRSS": 280520,
      "systemtime": 80352,
      "usertime": 3859232
     },
     "1039289179": {
      "maxRSS": 280520,
      "systemtime": 80352,
      "usertime": 3859246
     },
     "1039290254": {
      "maxRSS": 280520,
      "systemtime": 80352,
      "usertime": 3859260
     },
     "1039291322": {
      "maxRSS": 280520,
      "systemtime": 80352,
      "usertime": 3859269
     },
     "1039292430": {
      "maxRSS": 280520,
      "systemtime": 80352,
      "usertime": 3863276
     },
     "1039293502": {
      "maxRSS": 280520,
      "systemtime": 80352,
      "usertime": 3863287
     },
     "1039294589": {
      "maxRSS": 280520,
      "systemtime": 80352,
      "usertime": 3863311
     },
     "1039295691": {
      "maxRSS": 280520,
      "systemtime": 80352,
      "usertime": 3863324
     },
     "1039296796": {
      "maxRSS": 280520,
      "systemtime": 80352,
      "usertime": 3867336
     },
     "1039297899": {
      "maxRSS": 280520,
      "systemtime": 80352,
      "usertime": 3867350
     },
     "1039298975": {
      "maxRSS": 280520,
      "systemtime": 80352,
      "usertime": 3867365
     },
     "1039300017": {
      "maxRSS": 280520,
      "systemtime": 80352,
      "usertime": 3871376
     },
     "1039301093": {
      "maxRSS": 280520,
      "systemtime": 80352,
      "usertime": 3871396
     },
     "1039302160": {
      "maxRSS": 280520,
      "systemtime": 80352,
      "usertime": 3871406
     },
     "1039303232": {
      "maxRSS": 280520,
      "systemtime": 80352,
      "usertime": 3871417
     },
     "1039304323": {
      "maxRSS": 280520,
      "systemtime": 80352,
      "usertime": 3875431
     },
     "1039305395": {
      "maxRSS": 280520,
      "systemtime": 80352,
      "usertime": 3875444
     },
     "1039306463": {
      "maxRSS": 280520,
      "systemtime": 80352,
      "usertime": 3875454
     },
     "1039307536": {
      "maxRSS": 280520,
      "systemtime": 80352,
      "usertime": 3875470
     },
     "1039308607": {
      "maxRSS": 280520,
      "systemtime": 80352,
      "usertime": 3879481
     },
     "1039309677": {
      "maxRSS": 280520,
      "systemtime": 80352,
      "usertime": 3879493
     },
     "1039310744": {
      "maxRSS": 280520,
      "systemtime": 80352,
      "usertime": 3879504
     },
     "1039311833": {
      "maxRSS": 280520,
      "systemtime": 80352,
      "usertime": 3879517
     },
     "1039312940": {
      "maxRSS": 280520,
      "systemtime": 80352,
      "usertime": 3883542
     },
     "1039314034": {
      "maxRSS": 280520,
      "systemtime": 80352,
      "usertime": 3883576
     },
     "1039315109": {
      "maxRSS": 280520,
      "systemtime": 80352,
      "usertime": 3883589
     },
     "1039316183": {
      "maxRSS": 280520,
      "systemtime": 80352,
      "usertime": 3887606
     },
     "1039317254": {
      "maxRSS": 280520,
      "systemtime": 80352,
      "usertime": 3887619
     },
     "1039318327": {
      "maxRSS": 280520,
      "systemtime": 80352,
      "usertime": 3887632
     },
     "1039319414": {
      "maxRSS": 280520,
      "systemtime": 80352,
      "usertime": 3887648
     },
     "1039320498": {
      "maxRSS": 280520,
      "systemtime": 80352,
      "usertime": 3891665
     },
     "1039321586": {
      "maxRSS": 280520,
      "systemtime": 80352,
      "usertime": 3891694
     },
     "1039322663": {
      "maxRSS": 280520,
      "systemtime": 80352,
      "usertime": 3891709
     },
     "1039323733": {
      "maxRSS": 280520,
      "systemtime": 80352,
      "usertime": 3891722
     },
     "1039324857": {
      "maxRSS": 280520,
      "systemtime": 80352,
      "usertime": 3895736
     },
     "1039325925": {
      "maxRSS": 280520,
      "systemtime": 80352,
      "usertime": 3895747
     },
     "1039327001": {
      "maxRSS": 280520,
      "systemtime": 80352,
      "usertime": 3895761
     },
     "1039329089": {
      "maxRSS": 280520,
      "systemtime": 80352,
      "usertime": 3899787
     },
     "1039331184": {
      "maxRSS": 280520,
      "systemtime": 80352,
      "usertime": 3899802
     },
     "1039333259": {
      "maxRSS": 280520,
      "systemtime": 80352,
      "usertime": 3903822
     },
     "1039335334": {
      "maxRSS": 280520,
      "systemtime": 80352,
      "usertime": 3903836
     },
     "1039337446": {
      "maxRSS": 280520,
      "systemtime": 80352,
      "usertime": 3907849
     },
     "1039339520": {
      "maxRSS": 280520,
      "systemtime": 80352,
      "usertime": 3907865
     },
     "1039341704": {
      "maxRSS": 280520,
      "systemtime": 80352,
      "usertime": 3911906
     },
     "1039343806": {
      "maxRSS": 280520,
      "systemtime": 80352,
      "usertime": 3911921
     },
     "1039345891": {
      "maxRSS": 280520,
      "systemtime": 80352,
      "usertime": 3915938
     },
     "1039347996": {
      "maxRSS": 280520,
      "systemtime": 80352,
      "usertime": 3915950
     },
     "1039350099": {
      "maxRSS": 280520,
      "systemtime": 80352,
      "usertime": 3919970
     },
     "1039352179": {
      "maxRSS": 280520,
      "systemtime": 80352,
      "usertime": 3923987
     },
     "1039354267": {
      "maxRSS": 280520,
      "systemtime": 80352,
      "usertime": 3924013
     },
     "1039356367": {
      "maxRSS": 280520,
      "systemtime": 80352,
      "usertime": 3928028
     },
     "1039358484": {
      "maxRSS": 280520,
      "systemtime": 80352,
      "usertime": 3928045
     },
     "1039360588": {
      "maxRSS": 280520,
      "systemtime": 80352,
      "usertime": 3932067
     },
     "1039362663": {
      "maxRSS": 280520,
      "systemtime": 80352,
      "usertime": 3932081
     },
     "1039364752": {
      "maxRSS": 280520,
      "systemtime": 80352,
      "usertime": 3936104
     },
     "1039366825": {
      "maxRSS": 280520,
      "systemtime": 80352,
      "usertime": 3936119
     },
     "1039368909": {
      "maxRSS": 280520,
      "systemtime": 80352,
      "usertime": 3940144
     },
     "1039371039": {
      "maxRSS": 280520,
      "systemtime": 80352,
      "usertime": 3940163
     },
     "1039373142": {
      "maxRSS": 280520,
      "systemtime": 80352,
      "usertime": 3944215
     },
     "1039375244": {
      "maxRSS": 280520,
      "systemtime": 80352,
      "usertime": 3944236
     },
     "1039377324": {
      "maxRSS": 280520,
      "systemtime": 80352,
      "usertime": 3948229
     },
     "1039379422": {
      "maxRSS": 280520,
      "systemtime": 80352,
      "usertime": 3948246
     },
     "1039381524": {
      "maxRSS": 280520,
      "systemtime": 80352,
      "usertime": 3952278
     },
     "1039383615": {
      "maxRSS": 280520,
      "systemtime": 80352,
      "usertime": 3952296
     },
     "1039385706": {
      "maxRSS": 280520,
      "systemtime": 80352,
      "usertime": 3956331
     },
     "1039387808": {
      "maxRSS": 280520,
      "systemtime": 80352,
      "usertime": 3956349
     },
     "1039389882": {
      "maxRSS": 280520,
      "systemtime": 80352,
      "usertime": 3960348
     },
     "1039391971": {
      "maxRSS": 280520,
      "systemtime": 80352,
      "usertime": 3960362
     },
     "1039394062": {
      "maxRSS": 280648,
      "systemtime": 80352,
      "usertime": 3964392
     },
     "1039396139": {
      "maxRSS": 280648,
      "systemtime": 80352,
      "usertime": 3968436
     },
     "1039398244": {
      "maxRSS": 280648,
      "systemtime": 80352,
      "usertime": 3968452
     },
     "1039400388": {
      "maxRSS": 280648,
      "systemtime": 80352,
      "usertime": 3972461
     },
     "1039402507": {
      "maxRSS": 280648,
      "systemtime": 80352,
      "usertime": 3972476
     },
     "1039404584": {
      "maxRSS": 280648,
      "systemtime": 80352,
      "usertime": 3976502
     },
     "1039406666": {
      "maxRSS": 280648,
      "systemtime": 80352,
      "usertime": 3976526
     },
     "1039408740": {
      "maxRSS": 280648,
      "systemtime": 80352,
      "usertime": 3980526
     },
     "1039410819": {
      "maxRSS": 280648,
      "systemtime": 80352,
      "usertime": 3980541
     },
     "1039412918": {
      "maxRSS": 280648,
      "systemtime": 80352,
      "usertime": 3984560
     },
     "1039415000": {
      "maxRSS": 280648,
      "systemtime": 80352,
      "usertime": 3984580
     },
     "1039417147": {
      "maxRSS": 280648,
      "systemtime": 80352,
      "usertime": 3988627
     },
     "1039419241": {
      "maxRSS": 280648,
      "systemtime": 80352,
      "usertime": 3988648
     },
     "1039421328": {
      "maxRSS": 280648,
      "systemtime": 80352,
      "usertime": 3992661
     },
     "1039423403": {
      "maxRSS": 280648,
      "systemtime": 80352,
      "usertime": 3992677
     },
     "1039425480": {
      "maxRSS": 280648,
      "systemtime": 80352,
      "usertime": 3996694
     },
     "1039427576": {
      "maxRSS": 280648,
      "systemtime": 80352,
      "usertime": 3996710
     },
     "1039429666": {
      "maxRSS": 280648,
      "systemtime": 80352,
      "usertime": 4000727
     },
     "1039431818": {
      "maxRSS": 280648,
      "systemtime": 80352,
      "usertime": 4000752
     },
     "1039433906": {
      "maxRSS": 280648,
      "systemtime": 80352,
      "usertime": 4004785
     },
     "1039436012": {
      "maxRSS": 280648,
      "systemtime": 80352,
      "usertime": 4008790
     },
     "1039438111": {
      "maxRSS": 280648,
      "systemtime": 80352,
      "usertime": 4008798
     },
     "1039440179": {
      "maxRSS": 280648,
      "systemtime": 80352,
      "usertime": 4012807
     },
     "1039442281": {
      "maxRSS": 280648,
      "systemtime": 80352,
      "usertime": 4012815
     },
     "1039444355": {
      "maxRSS": 280648,
      "systemtime": 80352,
      "usertime": 4016831
     },
     "1039446451": {
      "maxRSS": 280648,
      "systemtime": 80352,
      "usertime": 4016865
     },
     "1039448558": {
      "maxRSS": 280648,
      "systemtime": 80352,
      "usertime": 4020884
     },
     "1039450638": {
      "maxRSS": 280648,
      "systemtime": 80352,
      "usertime": 4020900
     },
     "1039452757": {
      "maxRSS": 280648,
      "systemtime": 80352,
      "usertime": 4024924
     },
     "1039454826": {
      "maxRSS": 280648,
      "systemtime": 80352,
      "usertime": 4024932
     },
     "1039456912": {
      "maxRSS": 280648,
      "systemtime": 80352,
      "usertime": 4028945
     },
     "1039459039": {
      "maxRSS": 280648,
      "systemtime": 80352,
      "usertime": 4029013
     },
     "1039461106": {
      "maxRSS": 280648,
      "systemtime": 80352,
      "usertime": 4033023
     },
     "1039463178": {
      "maxRSS": 280648,
      "systemtime": 80352,
      "usertime": 4033034
     },
     "1039465286": {
      "maxRSS": 280648,
      "systemtime": 80352,
      "usertime": 4037049
     },
     "1039467386": {
      "maxRSS": 280648,
      "systemtime": 80352,
      "usertime": 4037056
     },
     "1039469490": {
      "maxRSS": 280648,
      "systemtime": 80352,
      "usertime": 4041065
     },
     "1039471595": {
      "maxRSS": 280648,
      "systemtime": 80352,
      "usertime": 4041078
     },
     "1039473680": {
      "maxRSS": 280648,
      "systemtime": 80352,
      "usertime": 4045105
     },
     "1039475779": {
      "maxRSS": 280648,
      "systemtime": 80352,
      "usertime": 4045114
     },
     "1039477885": {
      "maxRSS": 280648,
      "systemtime": 80352,
      "usertime": 4049124
     },
     "1039479970": {
      "maxRSS": 280648,
      "systemtime": 80352,
      "usertime": 4049142
     },
     "1039482073": {
      "maxRSS": 280648,
      "systemtime": 80352,
      "usertime": 4053203
     },
     "1039484155": {
      "maxRSS": 280648,
      "systemtime": 80352,
      "usertime": 4057196
     },
     "1039486269": {
      "maxRSS": 280648,
      "systemtime": 80352,
      "usertime": 4057219
     },
     "1039488340": {
      "maxRSS": 280648,
      "systemtime": 80352,
      "usertime": 4061230
     },
     "1039490410": {
      "maxRSS": 280648,
      "systemtime": 80352,
      "usertime": 4061242
     },
     "1039492479": {
      "maxRSS": 280648,
      "systemtime": 80352,
      "usertime": 4065254
     },
     "1039494545": {
      "maxRSS": 280648,
      "systemtime": 80352,
      "usertime": 4065263
     },
     "1039496621": {
      "maxRSS": 280648,
      "systemtime": 80352,
      "usertime": 4069290
     },
     "1039498706": {
      "maxRSS": 280648,
      "systemtime": 80352,
      "usertime": 4069316
     },
     "1039500779": {
      "maxRSS": 280648,
      "systemtime": 80352,
      "usertime": 4073312
     },
     "1039502849": {
      "maxRSS": 280648,
      "systemtime": 80352,
      "usertime": 4073323
     },
     "1039504923": {
      "maxRSS": 280648,
      "systemtime": 80352,
      "usertime": 4077335
     },
     "1039506992": {
      "maxRSS": 280648,
      "systemtime": 80352,
      "usertime": 4077346
     },
     "1039509067": {
      "maxRSS": 280648,
      "systemtime": 80352,
      "usertime": 4081357
     },
     "1039511182": {
      "maxRSS": 280648,
      "systemtime": 80352,
      "usertime": 4081378
     },
     "1039513255": {
      "maxRSS": 280648,
      "systemtime": 80352,
      "usertime": 4085392
     },
     "1039515325": {
      "maxRSS": 280648,
      "systemtime": 80352,
      "usertime": 4085403
     },
     "1039517458": {
      "maxRSS": 280648,
      "systemtime": 80352,
      "usertime": 4089426
     },
     "1039519555": {
      "maxRSS": 280648,
      "systemtime": 80352,
      "usertime": 4089435
     },
     "1039521649": {
      "maxRSS": 280648,
      "systemtime": 80352,
      "usertime": 4093445
     },
     "1039523726": {
      "maxRSS": 280648,
      "systemtime": 80352,
      "usertime": 4093459
     },
     "1039525814": {
      "maxRSS": 280648,
      "systemtime": 80352,
      "usertime": 4097485
     },
     "1039527884": {
      "maxRSS": 280648,
      "systemtime": 80352,
      "usertime": 4097498
     },
     "1039529981": {
      "maxRSS": 280648,
      "systemtime": 80352,
      "usertime": 4101509
     },
     "1039532022": {
      "maxRSS": 280648,
      "systemtime": 80352,
      "usertime": 4101523
     },
     "1039534094": {
      "maxRSS": 280648,
      "systemtime": 80352,
      "usertime": 4105593
     },
     "1039536165": {
      "maxRSS": 280648,
      "systemtime": 80352,
      "usertime": 4109550
     },
     "1039538247": {
      "maxRSS": 280648,
      "systemtime": 80352,
      "usertime": 4109571
     },
     "1039540321": {
      "maxRSS": 280648,
      "systemtime": 80352,
      "usertime": 4113586
     },
     "1039542394": {
      "maxRSS": 280648,
      "systemtime": 80352,
      "usertime": 4113601
     },
     "1039544592": {
      "maxRSS": 280648,
      "systemtime": 80352,
      "usertime": 4117622
     },
     "1039546691": {
      "maxRSS": 280648,
      "systemtime": 80352,
      "usertime": 4117645
     },
     "1039548793": {
      "maxRSS": 280648,
      "systemtime": 80352,
      "usertime": 4121678
     },
     "1039550899": {
      "maxRSS": 280648,
      "systemtime": 80352,
      "usertime": 4121709
     },
     "1039552984": {
      "maxRSS": 280648,
      "systemtime": 80352,
      "usertime": 4125728
     },
     "1039555092": {
      "maxRSS": 280648,
      "systemtime": 80352,
      "usertime": 4125755
     },
     "1039557187": {
      "maxRSS": 280648,
      "systemtime": 80352,
      "usertime": 4129792
     },
     "1039559258": {
      "maxRSS": 280648,
      "systemtime": 80352,
      "usertime": 4129803
     },
     "1039561347": {
      "maxRSS": 280648,
      "systemtime": 80352,
      "usertime": 4133813
     },
     "1039563478": {
      "maxRSS": 280648,
      "systemtime": 80352,
      "usertime": 4133861
     },
     "1039565575": {
      "maxRSS": 280648,
      "systemtime": 80352,
      "usertime": 4137882
     },
     "1039567655": {
      "maxRSS": 280648,
      "systemtime": 80352,
      "usertime": 4137900
     },
     "1039569756": {
      "maxRSS": 280648,
      "systemtime": 80352,
      "usertime": 4141919
     },
     "1039571839": {
      "maxRSS": 280648,
      "systemtime": 80352,
      "usertime": 4141937
     },
     "1039573921": {
      "maxRSS": 280648,
      "systemtime": 80352,
      "usertime": 4145965
     },
     "1039576071": {
      "maxRSS": 280648,
      "systemtime": 80352,
      "usertime": 4149989
     },
     "1039578178": {
      "maxRSS": 280648,
      "systemtime": 80352,
      "usertime": 4150014
     },
     "1039580269": {
      "maxRSS": 280648,
      "systemtime": 80352,
      "usertime": 4154028
     },
     "1039582369": {
      "maxRSS": 280648,
      "systemtime": 80352,
      "usertime": 4154056
     },
     "1039584448": {
      "maxRSS": 280648,
      "systemtime": 80352,
      "usertime": 4158073
     },
     "1039586531": {
      "maxRSS": 280648,
      "systemtime": 80352,
      "usertime": 4158091
     },
     "1039588608": {
      "maxRSS": 280648,
      "systemtime": 80352,
      "usertime": 4162125
     },
     "1039590706": {
      "maxRSS": 280648,
      "systemtime": 80352,
      "usertime": 4162157
     },
     "1039592794": {
      "maxRSS": 280648,
      "systemtime": 80352,
      "usertime": 4166206
     },
     "1039594879": {
      "maxRSS": 280648,
      "systemtime": 80352,
      "usertime": 4166226
     },
     "1039598975": {
      "maxRSS": 280648,
      "systemtime": 80352,
      "usertime": 4170213
     },
     "1039603064": {
      "maxRSS": 280648,
      "systemtime": 80352,
      "usertime": 4174236
     },
     "1039607176": {
      "maxRSS": 280648,
      "systemtime": 80352,
      "usertime": 4178255
     },
     "1039611274": {
      "maxRSS": 280648,
      "systemtime": 80352,
      "usertime": 4182317
     },
     "1039615389": {
      "maxRSS": 280648,
      "systemtime": 80352,
      "usertime": 4186328
     },
     "1039619479": {
      "maxRSS": 280648,
      "systemtime": 80352,
      "usertime": 4190350
     },
     "1039623614": {
      "maxRSS": 280648,
      "systemtime": 80352,
      "usertime": 4194373
     },
     "1039627715": {
      "maxRSS": 280648,
      "systemtime": 80352,
      "usertime": 4198398
     },
     "1039631832": {
      "maxRSS": 280648,
      "systemtime": 80352,
      "usertime": 4202442
     },
     "1039635930": {
      "maxRSS": 280648,
      "systemtime": 80352,
      "usertime": 4206451
     },
     "1039640012": {
      "maxRSS": 280648,
      "systemtime": 80352,
      "usertime": 4214465
     },
     "1039644087": {
      "maxRSS": 280648,
      "systemtime": 80352,
      "usertime": 4218496
     },
     "1039648182": {
      "maxRSS": 280648,
      "systemtime": 80352,
      "usertime": 4222501
     },
     "1039652259": {
      "maxRSS": 280648,
      "systemtime": 80352,
      "usertime": 4226518
     },
     "1039656337": {
      "maxRSS": 280648,
      "systemtime": 80352,
      "usertime": 4230535
     },
     "1039660425": {
      "maxRSS": 280648,
      "systemtime": 80352,
      "usertime": 4234565
     },
     "1039664503": {
      "maxRSS": 280648,
      "systemtime": 80352,
      "usertime": 4238582
     },
     "1039668610": {
      "maxRSS": 280648,
      "systemtime": 80352,
      "usertime": 4242608
     },
     "1039672739": {
      "maxRSS": 280648,
      "systemtime": 80352,
      "usertime": 4246673
     },
     "1039676875": {
      "maxRSS": 280648,
      "systemtime": 80352,
      "usertime": 4250715
     },
     "1039681001": {
      "maxRSS": 280648,
      "systemtime": 80352,
      "usertime": 4254746
     },
     "1039685116": {
      "maxRSS": 280648,
      "systemtime": 80352,
      "usertime": 4258768
     },
     "1039689246": {
      "maxRSS": 280648,
      "systemtime": 80352,
      "usertime": 4262821
     },
     "1039693413": {
      "maxRSS": 280648,
      "systemtime": 80352,
      "usertime": 4266862
     },
     "1039697511": {
      "maxRSS": 280648,
      "systemtime": 80352,
      "usertime": 4270868
     },
     "1039701649": {
      "maxRSS": 280648,
      "systemtime": 80352,
      "usertime": 4274915
     },
     "1039705889": {
      "maxRSS": 280648,
      "systemtime": 80352,
      "usertime": 4278955
     },
     "1039709974": {
      "maxRSS": 280648,
      "systemtime": 80352,
      "usertime": 4282975
     },
     "1039714069": {
      "maxRSS": 280648,
      "systemtime": 80352,
      "usertime": 4287005
     },
     "1039718182": {
      "maxRSS": 280648,
      "systemtime": 80352,
      "usertime": 4291036
     },
     "1039722268": {
      "maxRSS": 280648,
      "systemtime": 80352,
      "usertime": 4295058
     },
     "1039726358": {
      "maxRSS": 280648,
      "systemtime": 80352,
      "usertime": 4299082
     },
     "1039730451": {
      "maxRSS": 280648,
      "systemtime": 80352,
      "usertime": 4303134
     },
     "1039734539": {
      "maxRSS": 280648,
      "systemtime": 80352,
      "usertime": 4307152
     },
     "1039738697": {
      "maxRSS": 280648,
      "systemtime": 80352,
      "usertime": 4311214
     },
     "1039742832": {
      "maxRSS": 280648,
      "systemtime": 80352,
      "usertime": 4315247
     },
     "1039746934": {
      "maxRSS": 280648,
      "systemtime": 80352,
      "usertime": 4319280
     },
     "1039751017": {
      "maxRSS": 280648,
      "systemtime": 80352,
      "usertime": 4323301
     },
     "1039755113": {
      "maxRSS": 280648,
      "systemtime": 80352,
      "usertime": 4327333
     },
     "1039759190": {
      "maxRSS": 280648,
      "systemtime": 80352,
      "usertime": 4331333
     },
     "1039763279": {
      "maxRSS": 280648,
      "systemtime": 80352,
      "usertime": 4335361
     },
     "1039767350": {
      "maxRSS": 280648,
      "systemtime": 80352,
      "usertime": 4339431
     },
     "1039771426": {
      "maxRSS": 280648,
      "systemtime": 80352,
      "usertime": 4343390
     },
     "1039775508": {
      "maxRSS": 280648,
      "systemtime": 80352,
      "usertime": 4347414
     },
     "1039779610": {
      "maxRSS": 280648,
      "systemtime": 80352,
      "usertime": 4351435
     },
     "1039783747": {
      "maxRSS": 280648,
      "systemtime": 80352,
      "usertime": 4355474
     },
     "1039787864": {
      "maxRSS": 280648,
      "systemtime": 80352,
      "usertime": 4359503
     },
     "1039791968": {
      "maxRSS": 280648,
      "systemtime": 80352,
      "usertime": 4363543
     },
     "1039796083": {
      "maxRSS": 280648,
      "systemtime": 80352,
      "usertime": 4371583
     },
     "1039800167": {
      "maxRSS": 280648,
      "systemtime": 80352,
      "usertime": 4375592
     },
     "1039804250": {
      "maxRSS": 280648,
      "systemtime": 80352,
      "usertime": 4379625
     },
     "1039808331": {
      "maxRSS": 280648,
      "systemtime": 80352,
      "usertime": 4383633
     },
     "1039812427": {
      "maxRSS": 280648,
      "systemtime": 80352,
      "usertime": 4387668
     },
     "1039816516": {
      "maxRSS": 280648,
      "systemtime": 80352,
      "usertime": 4391698
     },
     "1039820598": {
      "maxRSS": 280648,
      "systemtime": 80352,
      "usertime": 4395775
     },
     "1039824733": {
      "maxRSS": 280648,
      "systemtime": 80352,
      "usertime": 4399737
     },
     "1039828816": {
      "maxRSS": 280648,
      "systemtime": 80352,
      "usertime": 4403754
     },
     "1039832969": {
      "maxRSS": 280648,
      "systemtime": 80352,
      "usertime": 4407806
     },
     "1039837096": {
      "maxRSS": 280648,
      "systemtime": 80352,
      "usertime": 4411815
     },
     "1039841262": {
      "maxRSS": 280648,
      "systemtime": 80352,
      "usertime": 4415858
     },
     "1039845369": {
      "maxRSS": 280648,
      "systemtime": 80352,
      "usertime": 4419875
     },
     "1039849511": {
      "maxRSS": 280648,
      "systemtime": 80352,
      "usertime": 4423904
     },
     "1039853620": {
      "maxRSS": 280648,
      "systemtime": 80352,
      "usertime": 4427913
     },
     "1039857793": {
      "maxRSS": 280648,
      "systemtime": 80352,
      "usertime": 4431930
     },
     "1039861925": {
      "maxRSS": 280648,
      "systemtime": 80352,
      "usertime": 4435946
     },
     "1039866080": {
      "maxRSS": 280648,
      "systemtime": 80352,
      "usertime": 4439986
     },
     "1039870257": {
      "maxRSS": 280648,
      "systemtime": 80352,
      "usertime": 4444038
     },
     "1039874356": {
      "maxRSS": 280648,
      "systemtime": 80352,
      "usertime": 4448055
     },
     "1039878442": {
      "maxRSS": 280648,
      "systemtime": 80352,
      "usertime": 4452072
     },
     "1039882525": {
      "maxRSS": 280648,
      "systemtime": 80352,
      "usertime": 4456091
     },
     "1039886611": {
      "maxRSS": 280648,
      "systemtime": 80352,
      "usertime": 4460166
     },
     "1039890706": {
      "maxRSS": 280648,
      "systemtime": 80352,
      "usertime": 4464132
     },
     "1039894797": {
      "maxRSS": 280648,
      "systemtime": 80352,
      "usertime": 4468156
     },
     "1039898897": {
      "maxRSS": 280648,
      "systemtime": 80352,
      "usertime": 4474578
     },
     "1039901050": {
      "maxRSS": 280648,
      "systemtime": 80352,
      "usertime": 4477235
     },
     "1039902139": {
      "maxRSS": 280648,
      "systemtime": 80352,
      "usertime": 4477255
     },
     "1039902407": {
      "maxRSS": 280648,
      "systemtime": 80352,
      "usertime": 4478611
     },
     "1039903485": {
      "maxRSS": 280648,
      "systemtime": 80352,
      "usertime": 4478625
     },
     "1039904601": {
      "maxRSS": 280648,
      "systemtime": 80352,
      "usertime": 4480304
     },
     "1039905700": {
      "maxRSS": 280648,
      "systemtime": 80352,
      "usertime": 4480329
     },
     "1039906770": {
      "maxRSS": 280648,
      "systemtime": 80352,
      "usertime": 4480342
     },
     "1039907850": {
      "maxRSS": 280648,
      "systemtime": 80352,
      "usertime": 4480355
     },
     "1039908925": {
      "maxRSS": 280648,
      "systemtime": 80352,
      "usertime": 4484386
     },
     "1039910012": {
      "maxRSS": 280648,
      "systemtime": 80352,
      "usertime": 4484401
     },
     "1039911103": {
      "maxRSS": 280648,
      "systemtime": 80352,
      "usertime": 4484429
     },
     "1039912175": {
      "maxRSS": 280648,
      "systemtime": 80352,
      "usertime": 4488422
     },
     "1039913253": {
      "maxRSS": 280648,
      "systemtime": 80352,
      "usertime": 4488438
     },
     "1039914343": {
      "maxRSS": 280648,
      "systemtime": 80352,
      "usertime": 4488453
     },
     "1039915424": {
      "maxRSS": 280648,
      "systemtime": 80352,
      "usertime": 4488468
     },
     "1039916512": {
      "maxRSS": 280648,
      "systemtime": 80352,
      "usertime": 4492485
     },
     "1039917607": {
      "maxRSS": 280648,
      "systemtime": 80352,
      "usertime": 4492513
     },
     "1039918715": {
      "maxRSS": 280648,
      "systemtime": 80352,
      "usertime": 4492530
     },
     "1039919796": {
      "maxRSS": 280648,
      "systemtime": 80352,
      "usertime": 4492547
     },
     "1039920879": {
      "maxRSS": 280648,
      "systemtime": 80352,
      "usertime": 4496591
     },
     "1039921950": {
      "maxRSS": 280648,
      "systemtime": 80352,
      "usertime": 4496604
     },
     "1039923056": {
      "maxRSS": 280648,
      "systemtime": 80352,
      "usertime": 4496618
     },
     "1039924135": {
      "maxRSS": 280648,
      "systemtime": 80352,
      "usertime": 4500607
     },
     "1039925263": {
      "maxRSS": 280648,
      "systemtime": 80352,
      "usertime": 4500648
     },
     "1039926366": {
      "maxRSS": 280648,
      "systemtime": 80352,
      "usertime": 4500660
     },
     "1039927466": {
      "maxRSS": 280648,
      "systemtime": 80352,
      "usertime": 4500672
     },
     "1039928620": {
      "maxRSS": 280648,
      "systemtime": 80352,
      "usertime": 4504701
     },
     "1039929695": {
      "maxRSS": 280648,
      "systemtime": 80352,
      "usertime": 4504717
     },
     "1039930775": {
      "maxRSS": 280648,
      "systemtime": 80352,
      "usertime": 4504733
     },
     "1039931879": {
      "maxRSS": 280648,
      "systemtime": 80352,
      "usertime": 4504761
     },
     "1039932994": {
      "maxRSS": 280648,
      "systemtime": 80352,
      "usertime": 4508789
     },
     "1039934082": {
      "maxRSS": 280648,
      "systemtime": 80352,
      "usertime": 4508814
     },
     "1039935194": {
      "maxRSS": 280648,
      "systemtime": 80352,
      "usertime": 4508839
     },
     "1039936299": {
      "maxRSS": 280648,
      "systemtime": 80352,
      "usertime": 4512869
     },
     "1039937389": {
      "maxRSS": 280648,
      "systemtime": 80352,
      "usertime": 4512886
     },
     "1039938494": {
      "maxRSS": 280648,
      "systemtime": 80352,
      "usertime": 4512910
     },
     "1039939572": {
      "maxRSS": 280648,
      "systemtime": 80352,
      "usertime": 4512925
     },
     "1039940687": {
      "maxRSS": 280648,
      "systemtime": 80352,
      "usertime": 4516956
     },
     "1039941801": {
      "maxRSS": 280648,
      "systemtime": 80352,
      "usertime": 4516989
     },
     "1039942908": {
      "maxRSS": 280648,
      "systemtime": 80352,
      "usertime": 4517021
     },
     "1039944045": {
      "maxRSS": 280648,
      "systemtime": 80352,
      "usertime": 4521048
     },
     "1039945136": {
      "maxRSS": 280648,
      "systemtime": 80352,
      "usertime": 4521076
     },
     "1039946207": {
      "maxRSS": 280648,
      "systemtime": 80352,
      "usertime": 4521089
     },
     "1039947279": {
      "maxRSS": 280648,
      "systemtime": 80352,
      "usertime": 4521103
     },
     "1039948380": {
      "maxRSS": 280648,
      "systemtime": 80352,
      "usertime": 4525134
     },
     "1039949491": {
      "maxRSS": 280648,
      "systemtime": 80352,
      "usertime": 4525164
     },
     "1039950593": {
      "maxRSS": 280648,
      "systemtime": 80352,
      "usertime": 4525193
     },
     "1039951670": {
      "maxRSS": 280648,
      "systemtime": 80352,
      "usertime": 4525209
     },
     "1039952754": {
      "maxRSS": 280776,
      "systemtime": 80352,
      "usertime": 4529222
     },
     "1039953836": {
      "maxRSS": 281032,
      "systemtime": 80352,
      "usertime": 4529238
     },
     "1039954941": {
      "maxRSS": 281288,
      "systemtime": 80352,
      "usertime": 4529251
     },
     "1039956063": {
      "maxRSS": 281544,
      "systemtime": 84322,
      "usertime": 4529336
     },
     "1039957137": {
      "maxRSS": 281800,
      "systemtime": 84322,
      "usertime": 4529347
     },
     "1039958211": {
      "maxRSS": 282056,
      "systemtime": 84323,
      "usertime": 4529363
     },
     "1039959289": {
      "maxRSS": 282312,
      "systemtime": 84323,
      "usertime": 4529384
     },
     "1039960384": {
      "maxRSS": 282568,
      "systemtime": 84323,
      "usertime": 4533348
     },
     "1039961457": {
      "maxRSS": 282824,
      "systemtime": 84323,
      "usertime": 4533361
     },
     "1039962536": {
      "maxRSS": 282952,
      "systemtime": 84323,
      "usertime": 4533377
     },
     "1039963637": {
      "maxRSS": 283208,
      "systemtime": 84323,
      "usertime": 4533403
     },
     "1039964726": {
      "maxRSS": 283464,
      "systemtime": 84324,
      "usertime": 4537467
     },
     "1039965814": {
      "maxRSS": 283720,
      "systemtime": 84325,
      "usertime": 4537489
     },
     "1039966900": {
      "maxRSS": 283976,
      "systemtime": 84325,
      "usertime": 4537504
     },
     "1039967989": {
      "maxRSS": 284232,
      "systemtime": 84325,
      "usertime": 4537519
     },
     "1039969080": {
      "maxRSS": 284488,
      "systemtime": 84325,
      "usertime": 4541510
     },
     "1039970157": {
      "maxRSS": 284616,
      "systemtime": 84325,
      "usertime": 4541527
     },
     "1039971245": {
      "maxRSS": 284872,
      "systemtime": 84325,
      "usertime": 4541541
     },
     "1039972360": {
      "maxRSS": 285128,
      "systemtime": 84325,
      "usertime": 4545561
     },
     "1039973504": {
      "maxRSS": 285384,
      "systemtime": 84326,
      "usertime": 4545595
     },
     "1039974624": {
      "maxRSS": 285640,
      "systemtime": 84327,
      "usertime": 4545636
     },
     "1039975702": {
      "maxRSS": 285896,
      "systemtime": 84327,
      "usertime": 4545656
     },
     "1039976808": {
      "maxRSS": 286152,
      "systemtime": 84327,
      "usertime": 4549678
     },
     "1039977950": {
      "maxRSS": 286408,
      "systemtime": 84328,
      "usertime": 4549711
     },
     "1039979043": {
      "maxRSS": 286664,
      "systemtime": 84328,
      "usertime": 4549736
     },
     "1039980140": {
      "maxRSS": 286920,
      "systemtime": 88344,
      "usertime": 4549745
     },
     "1039981215": {
      "maxRSS": 287176,
      "systemtime": 88344,
      "usertime": 4549759
     },
     "1039982320": {
      "maxRSS": 287432,
      "systemtime": 88345,
      "usertime": 4549786
     },
     "1039983436": {
      "maxRSS": 287688,
      "systemtime": 88346,
      "usertime": 4549827
     },
     "1039984554": {
      "maxRSS": 287944,
      "systemtime": 88346,
      "usertime": 4553864
     },
     "1039985658": {
      "maxRSS": 288200,
      "systemtime": 88347,
      "usertime": 4553890
     },
     "1039986804": {
      "maxRSS": 288328,
      "systemtime": 88347,
      "usertime": 4553927
     },
     "1039987912": {
      "maxRSS": 288584,
      "systemtime": 88348,
      "usertime": 4553944
     },
     "1039989015": {
      "maxRSS": 288840,
      "systemtime": 88348,
      "usertime": 4557950
     },
     "1039990082": {
      "maxRSS": 289096,
      "systemtime": 88348,
      "usertime": 4557959
     },
     "1039991149": {
      "maxRSS": 289352,
      "systemtime": 88348,
      "usertime": 4557968
     },
     "1039992234": {
      "maxRSS": 289608,
      "systemtime": 88348,
      "usertime": 4561975
     },
     "1039993312": {
      "maxRSS": 289864,
      "systemtime": 88348,
      "usertime": 4561994
     },
     "1039994379": {
      "maxRSS": 290120,
      "systemtime": 88348,
      "usertime": 4562003
     },
     "1039995449": {
      "maxRSS": 290376,
      "systemtime": 88348,
      "usertime": 4562014
     },
     "1039996523": {
      "maxRSS": 290504,
      "systemtime": 88348,
      "usertime": 4566026
     },
     "1039997590": {
      "maxRSS": 290760,
      "systemtime": 88348,
      "usertime": 4566035
     },
     "1039998655": {
      "maxRSS": 291016,
      "systemtime": 88349,
      "usertime": 4566044
     },
     "1039999728": {
      "maxRSS": 291400,
      "systemtime": 88349,
      "usertime": 4566059
     },
     "1040000796": {
      "maxRSS": 291656,
      "systemtime": 88349,
      "usertime": 4570068
     },
     "1040001862": {
      "maxRSS": 291912,
      "systemtime": 88349,
      "usertime": 4570076
     },
     "1040002929": {
      "maxRSS": 292168,
      "systemtime": 88349,
      "usertime": 4570085
     },
     "1040004023": {
      "maxRSS": 292424,
      "systemtime": 88349,
      "usertime": 4574106
     },
     "1040005115": {
      "maxRSS": 292680,
      "systemtime": 88350,
      "usertime": 4574122
     },
     "1040006189": {
      "maxRSS": 292936,
      "systemtime": 88350,
      "usertime": 4574137
     },
     "1040007281": {
      "maxRSS": 293192,
      "systemtime": 88350,
      "usertime": 4574157
     },
     "1040008353": {
      "maxRSS": 293448,
      "systemtime": 88350,
      "usertime": 4578176
     },
     "1040009454": {
      "maxRSS": 293576,
      "systemtime": 88350,
      "usertime": 4578188
     },
     "1040010527": {
      "maxRSS": 293832,
      "systemtime": 88351,
      "usertime": 4578200
     },
     "1040011612": {
      "maxRSS": 294088,
      "systemtime": 88351,
      "usertime": 4578217
     },
     "1040012695": {
      "maxRSS": 294344,
      "systemtime": 88351,
      "usertime": 4582218
     },
     "1040013780": {
      "maxRSS": 294600,
      "systemtime": 88351,
      "usertime": 4582241
     },
     "1040014856": {
      "maxRSS": 294856,
      "systemtime": 88352,
      "usertime": 4582256
     },
     "1040015931": {
      "maxRSS": 295112,
      "systemtime": 88352,
      "usertime": 4582269
     },
     "1040017005": {
      "maxRSS": 295240,
      "systemtime": 88352,
      "usertime": 4586280
     },
     "1040018078": {
      "maxRSS": 295496,
      "systemtime": 88352,
      "usertime": 4586292
     },
     "1040019148": {
      "maxRSS": 295752,
      "systemtime": 88352,
      "usertime": 4586304
     },
     "1040020236": {
      "maxRSS": 296008,
      "systemtime": 88353,
      "usertime": 4590341
     },
     "1040021317": {
      "maxRSS": 296264,
      "systemtime": 88353,
      "usertime": 4590353
     },
     "1040022427": {
      "maxRSS": 296520,
      "systemtime": 88353,
      "usertime": 4590370
     },
     "1040023507": {
      "maxRSS": 296776,
      "systemtime": 88354,
      "usertime": 4590392
     },
     "1040024585": {
      "maxRSS": 297032,
      "systemtime": 88354,
      "usertime": 4594387
     },
     "1040025659": {
      "maxRSS": 297160,
      "systemtime": 88354,
      "usertime": 4594401
     },
     "1040026746": {
      "maxRSS": 297416,
      "systemtime": 88354,
      "usertime": 4594421
     },
     "1040027835": {
      "maxRSS": 297672,
      "systemtime": 88354,
      "usertime": 4594437
     },
     "1040028926": {
      "maxRSS": 297928,
      "systemtime": 88354,
      "usertime": 4598450
     },
     "1040030002": {
      "maxRSS": 298184,
      "systemtime": 88354,
      "usertime": 4598465
     },
     "1040031095": {
      "maxRSS": 298440,
      "systemtime": 88355,
      "usertime": 4598480
     },
     "1040032170": {
      "maxRSS": 298696,
      "systemtime": 88355,
      "usertime": 4602496
     },
     "1040033246": {
      "maxRSS": 298952,
      "systemtime": 88355,
      "usertime": 4602511
     },
     "1040034333": {
      "maxRSS": 299208,
      "systemtime": 88355,
      "usertime": 4602534
     },
     "1040035408": {
      "maxRSS": 299336,
      "systemtime": 88356,
      "usertime": 4602547
     },
     "1040036572": {
      "maxRSS": 299592,
      "systemtime": 88357,
      "usertime": 4606628
     },
     "1040037700": {
      "maxRSS": 299848,
      "systemtime": 88357,
      "usertime": 4606645
     },
     "1040038805": {
      "maxRSS": 299976,
      "systemtime": 88357,
      "usertime": 4606658
     },
     "1040039878": {
      "maxRSS": 299976,
      "systemtime": 88358,
      "usertime": 4606668
     },
     "1040041000": {
      "maxRSS": 299976,
      "systemtime": 88358,
      "usertime": 4610692
     },
     "1040043078": {
      "maxRSS": 299976,
      "systemtime": 88358,
      "usertime": 4610707
     },
     "1040044513": {
      "maxRSS": 299976,
      "systemtime": 88425,
      "usertime": 4615146
     },
     "1040045600": {
      "maxRSS": 299976,
      "systemtime": 88425,
      "usertime": 4615171
     },
     "1040046695": {
      "maxRSS": 299976,
      "systemtime": 88425,
      "usertime": 4615186
     },
     "1040047765": {
      "maxRSS": 299976,
      "systemtime": 88425,
      "usertime": 4615199
     },
     "1040048893": {
      "maxRSS": 299976,
      "systemtime": 88425,
      "usertime": 4618769
     },
     "1040050003": {
      "maxRSS": 299976,
      "systemtime": 88425,
      "usertime": 4618784
     },
     "1040051078": {
      "maxRSS": 299976,
      "systemtime": 88425,
      "usertime": 4618800
     },
     "1040052179": {
      "maxRSS": 299976,
      "systemtime": 88425,
      "usertime": 4622806
     },
     "1040053260": {
      "maxRSS": 299976,
      "systemtime": 88425,
      "usertime": 4622824
     },
     "1040054337": {
      "maxRSS": 299976,
      "systemtime": 88425,
      "usertime": 4622839
     },
     "1040055422": {
      "maxRSS": 299976,
      "systemtime": 88425,
      "usertime": 4622863
     },
     "1040056500": {
      "maxRSS": 299976,
      "systemtime": 88425,
      "usertime": 4626879
     },
     "1040057568": {
      "maxRSS": 299976,
      "systemtime": 88425,
      "usertime": 4626890
     },
     "1040058658": {
      "maxRSS": 299976,
      "systemtime": 88425,
      "usertime": 4626901
     },
     "1040059746": {
      "maxRSS": 299976,
      "systemtime": 88425,
      "usertime": 4626916
     },
     "1040060844": {
      "maxRSS": 299976,
      "systemtime": 88425,
      "usertime": 4630931
     },
     "1040062019": {
      "maxRSS": 299976,
      "systemtime": 88425,
      "usertime": 4630948
     },
     "1040063108": {
      "maxRSS": 299976,
      "systemtime": 88425,
      "usertime": 4630973
     },
     "1040064183": {
      "maxRSS": 299976,
      "systemtime": 88425,
      "usertime": 4634994
     },
     "1040065253": {
      "maxRSS": 299976,
      "systemtime": 88425,
      "usertime": 4635007
     },
     "1040066339": {
      "maxRSS": 299976,
      "systemtime": 88425,
      "usertime": 4635021
     },
     "1040067430": {
      "maxRSS": 299976,
      "systemtime": 88425,
      "usertime": 4635036
     },
     "1040068603": {
      "maxRSS": 299976,
      "systemtime": 88425,
      "usertime": 4639067
     },
     "1040069694": {
      "maxRSS": 299976,
      "systemtime": 88425,
      "usertime": 4639090
     },
     "1040070768": {
      "maxRSS": 299976,
      "systemtime": 88425,
      "usertime": 4639105
     },
     "1040071852": {
      "maxRSS": 299976,
      "systemtime": 88425,
      "usertime": 4639121
     },
     "1040072972": {
      "maxRSS": 299976,
      "systemtime": 88425,
      "usertime": 4643167
     },
     "1040074081": {
      "maxRSS": 299976,
      "systemtime": 88425,
      "usertime": 4643195
     },
     "1040075184": {
      "maxRSS": 299976,
      "systemtime": 88425,
      "usertime": 4643222
     },
     "1040076284": {
      "maxRSS": 299976,
      "systemtime": 88425,
      "usertime": 4647227
     },
     "1040077360": {
      "maxRSS": 299976,
      "systemtime": 88425,
      "usertime": 4647242
     },
     "1040078437": {
      "maxRSS": 299976,
      "systemtime": 88425,
      "usertime": 4647257
     },
     "1040079514": {
      "maxRSS": 299976,
      "systemtime": 88425,
      "usertime": 4647274
     },
     "1040080596": {
      "maxRSS": 299976,
      "systemtime": 88425,
      "usertime": 4651293
     },
     "1040081677": {
      "maxRSS": 299976,
      "systemtime": 88425,
      "usertime": 4651311
     },
     "1040082767": {
      "maxRSS": 299976,
      "systemtime": 88425,
      "usertime": 4651341
     },
     "1040083881": {
      "maxRSS": 299976,
      "systemtime": 88425,
      "usertime": 4651368
     },
     "1040084971": {
      "maxRSS": 299976,
      "systemtime": 88425,
      "usertime": 4655410
     },
     "1040086044": {
      "maxRSS": 299976,
      "systemtime": 88425,
      "usertime": 4655423
     },
     "1040087154": {
      "maxRSS": 299976,
      "systemtime": 88425,
      "usertime": 4655438
     },
     "1040088275": {
      "maxRSS": 299976,
      "systemtime": 88425,
      "usertime": 4659438
     },
     "1040089385": {
      "maxRSS": 299976,
      "systemtime": 88425,
      "usertime": 4659456
     },
     "1040090476": {
      "maxRSS": 299976,
      "systemtime": 88425,
      "usertime": 4659473
     },
     "1040091577": {
      "maxRSS": 299976,
      "systemtime": 88425,
      "usertime": 4659486
     },
     "1040092713": {
      "maxRSS": 299976,
      "systemtime": 88425,
      "usertime": 4663490
     },
     "1040093782": {
      "maxRSS": 299976,
      "systemtime": 88425,
      "usertime": 4663500
     },
     "1040094856": {
      "maxRSS": 299976,
      "systemtime": 88425,
      "usertime": 4663512
     },
     "1040095931": {
      "maxRSS": 299976,
      "systemtime": 88425,
      "usertime": 4663526
     },
     "1040097022": {
      "maxRSS": 299976,
      "systemtime": 88425,
      "usertime": 4667552
     },
     "1040098112": {
      "maxRSS": 299976,
      "systemtime": 88425,
      "usertime": 4669173
     },
     "1040099225": {
      "maxRSS": 299976,
      "systemtime": 88425,
      "usertime": 4669192
     },
     "1040100296": {
      "maxRSS": 299976,
      "systemtime": 88425,
      "usertime": 4671595
     },
     "1040101388": {
      "maxRSS": 299976,
      "systemtime": 88425,
      "usertime": 4671610
     },
     "1040102466": {
      "maxRSS": 299976,
      "systemtime": 88425,
      "usertime": 4671625
     },
     "1040103591": {
      "maxRSS": 299976,
      "systemtime": 88425,
      "usertime": 4671660
     },
     "1040104700": {
      "maxRSS": 299976,
      "systemtime": 88425,
      "usertime": 4675711
     },
     "1040105779": {
      "maxRSS": 299976,
      "systemtime": 88425,
      "usertime": 4675728
     },
     "1040106889": {
      "maxRSS": 299976,
      "systemtime": 88425,
      "usertime": 4675741
     },
     "1040107956": {
      "maxRSS": 299976,
      "systemtime": 88425,
      "usertime": 4675751
     },
     "1040109090": {
      "maxRSS": 299976,
      "systemtime": 88425,
      "usertime": 4679752
     },
     "1040110191": {
      "maxRSS": 299976,
      "systemtime": 88425,
      "usertime": 4679780
     },
     "1040111280": {
      "maxRSS": 299976,
      "systemtime": 88425,
      "usertime": 4679795
     },
     "1040112360": {
      "maxRSS": 299976,
      "systemtime": 88425,
      "usertime": 4683796
     },
     "1040113465": {
      "maxRSS": 299976,
      "systemtime": 88425,
      "usertime": 4683808
     },
     "1040114567": {
      "maxRSS": 299976,
      "systemtime": 88425,
      "usertime": 4683818
     },
     "1040115676": {
      "maxRSS": 299976,
      "systemtime": 88425,
      "usertime": 4683837
     },
     "1040116786": {
      "maxRSS": 299976,
      "systemtime": 88425,
      "usertime": 4687853
     },
     "1040117850": {
      "maxRSS": 299976,
      "systemtime": 88425,
      "usertime": 4687860
     },
     "1040118947": {
      "maxRSS": 299976,
      "systemtime": 88425,
      "usertime": 4687867
     },
     "1040120028": {
      "maxRSS": 299976,
      "systemtime": 88425,
      "usertime": 4691891
     },
     "1040121101": {
      "maxRSS": 299976,
      "systemtime": 88425,
      "usertime": 4691905
     },
     "1040122167": {
      "maxRSS": 299976,
      "systemtime": 88425,
      "usertime": 4691914
     },
     "1040123242": {
      "maxRSS": 299976,
      "systemtime": 88425,
      "usertime": 4691923
     },
     "1040124319": {
      "maxRSS": 299976,
      "systemtime": 88425,
      "usertime": 4695927
     },
     "1040125395": {
      "maxRSS": 299976,
      "systemtime": 88425,
      "usertime": 4695941
     },
     "1040126505": {
      "maxRSS": 299976,
      "systemtime": 88425,
      "usertime": 4695957
     },
     "1040127584": {
      "maxRSS": 299976,
      "systemtime": 88425,
      "usertime": 4695972
     },
     "1040128684": {
      "maxRSS": 299976,
      "systemtime": 88425,
      "usertime": 4700017
     },
     "1040129793": {
      "maxRSS": 299976,
      "systemtime": 88425,
      "usertime": 4700046
     },
     "1040130879": {
      "maxRSS": 299976,
      "systemtime": 88425,
      "usertime": 4700070
     },
     "1040131949": {
      "maxRSS": 299976,
      "systemtime": 88425,
      "usertime": 4700081
     },
     "1040133019": {
      "maxRSS": 299976,
      "systemtime": 88425,
      "usertime": 4704062
     },
     "1040134087": {
      "maxRSS": 299976,
      "systemtime": 88425,
      "usertime": 4704072
     },
     "1040135193": {
      "maxRSS": 299976,
      "systemtime": 88425,
      "usertime": 4704084
     },
     "1040136297": {
      "maxRSS": 299976,
      "systemtime": 88425,
      "usertime": 4708114
     },
     "1040137405": {
      "maxRSS": 299976,
      "systemtime": 88425,
      "usertime": 4708163
     },
     "1040138477": {
      "maxRSS": 299976,
      "systemtime": 88425,
      "usertime": 4708176
     },
     "1040139555": {
      "maxRSS": 299976,
      "systemtime": 88425,
      "usertime": 4708191
     },
     "1040140696": {
      "maxRSS": 299976,
      "systemtime": 88425,
      "usertime": 4712210
     },
     "1040141793": {
      "maxRSS": 299976,
      "systemtime": 88425,
      "usertime": 4712224
     },
     "1040142878": {
      "maxRSS": 299976,
      "systemtime": 88425,
      "usertime": 4712240
     },
     "1040143963": {
      "maxRSS": 299976,
      "systemtime": 88425,
      "usertime": 4712265
     },
     "1040145048": {
      "maxRSS": 299976,
      "systemtime": 88425,
      "usertime": 4716283
     },
     "1040146129": {
      "maxRSS": 299976,
      "systemtime": 88425,
      "usertime": 4716300
     },
     "1040147244": {
      "maxRSS": 299976,
      "systemtime": 88425,
      "usertime": 4716329
     },
     "1040148326": {
      "maxRSS": 299976,
      "systemtime": 88425,
      "usertime": 4720356
     },
     "1040149421": {
      "maxRSS": 299976,
      "systemtime": 88425,
      "usertime": 4720370
     },
     "1040150490": {
      "maxRSS": 299976,
      "systemtime": 88425,
      "usertime": 4720381
     },
     "1040151566": {
      "maxRSS": 299976,
      "systemtime": 88425,
      "usertime": 4720400
     },
     "1040152669": {
      "maxRSS": 299976,
      "systemtime": 88425,
      "usertime": 4724430
     },
     "1040153771": {
      "maxRSS": 299976,
      "systemtime": 88425,
      "usertime": 4724456
     },
     "1040154850": {
      "maxRSS": 299976,
      "systemtime": 88425,
      "usertime": 4724473
     },
     "1040155933": {
      "maxRSS": 299976,
      "systemtime": 88425,
      "usertime": 4724488
     },
     "1040157034": {
      "maxRSS": 299976,
      "systemtime": 88425,
      "usertime": 4728504
     },
     "1040158126": {
      "maxRSS": 299976,
      "systemtime": 88425,
      "usertime": 4728532
     },
     "1040159201": {
      "maxRSS": 299976,
      "systemtime": 88425,
      "usertime": 4728546
     },
     "1040160278": {
      "maxRSS": 299976,
      "systemtime": 88425,
      "usertime": 4732576
     },
     "1040161376": {
      "maxRSS": 299976,
      "systemtime": 88425,
      "usertime": 4732593
     },
     "1040162492": {
      "maxRSS": 299976,
      "systemtime": 88425,
      "usertime": 4732615
     },
     "1040163570": {
      "maxRSS": 299976,
      "systemtime": 88425,
      "usertime": 4732629
     },
     "1040164679": {
      "maxRSS": 299976,
      "systemtime": 88425,
      "usertime": 4736644
     },
     "1040165746": {
      "maxRSS": 299976,
      "systemtime": 88425,
      "usertime": 4736653
     },
     "1040166813": {
      "maxRSS": 299976,
      "systemtime": 88425,
      "usertime": 4736661
     },
     "1040167880": {
      "maxRSS": 299976,
      "systemtime": 88425,
      "usertime": 4736670
     },
     "1040168954": {
      "maxRSS": 299976,
      "systemtime": 88425,
      "usertime": 4740681
     },
     "1040170034": {
      "maxRSS": 299976,
      "systemtime": 88425,
      "usertime": 4740698
     },
     "1040171151": {
      "maxRSS": 299976,
      "systemtime": 88425,
      "usertime": 4740720
     },
     "1040172243": {
      "maxRSS": 299976,
      "systemtime": 88425,
      "usertime": 4744733
     },
     "1040173313": {
      "maxRSS": 299976,
      "systemtime": 88425,
      "usertime": 4744745
     },
     "1040174377": {
      "maxRSS": 299976,
      "systemtime": 88425,
      "usertime": 4744752
     },
     "1040175473": {
      "maxRSS": 299976,
      "systemtime": 88425,
      "usertime": 4744764
     },
     "1040176550": {
      "maxRSS": 299976,
      "systemtime": 88425,
      "usertime": 4748778
     },
     "1040177623": {
      "maxRSS": 299976,
      "systemtime": 88425,
      "usertime": 4748788
     },
     "1040178725": {
      "maxRSS": 299976,
      "systemtime": 88425,
      "usertime": 4748811
     },
     "1040179812": {
      "maxRSS": 299976,
      "systemtime": 88425,
      "usertime": 4748828
     },
     "1040180897": {
      "maxRSS": 299976,
      "systemtime": 88425,
      "usertime": 4752880
     },
     "1040181995": {
      "maxRSS": 299976,
      "systemtime": 88425,
      "usertime": 4752898
     },
     "1040183084": {
      "maxRSS": 299976,
      "systemtime": 88425,
      "usertime": 4752913
     },
     "1040185182": {
      "maxRSS": 299976,
      "systemtime": 88425,
      "usertime": 4756901
     },
     "1040187282": {
      "maxRSS": 299976,
      "systemtime": 88425,
      "usertime": 4756934
     },
     "1040189377": {
      "maxRSS": 299976,
      "systemtime": 88425,
      "usertime": 4761027
     },
     "1040191472": {
      "maxRSS": 299976,
      "systemtime": 88425,
      "usertime": 4761043
     },
     "1040193550": {
      "maxRSS": 299976,
      "systemtime": 88425,
      "usertime": 4764995
     },
     "1040195657": {
      "maxRSS": 299976,
      "systemtime": 88425,
      "usertime": 4765010
     },
     "1040197731": {
      "maxRSS": 299976,
      "systemtime": 88425,
      "usertime": 4769026
     },
     "1040199835": {
      "maxRSS": 299976,
      "systemtime": 88425,
      "usertime": 4769056
     },
     "1040201928": {
      "maxRSS": 299976,
      "systemtime": 88425,
      "usertime": 4773069
     },
     "1040204020": {
      "maxRSS": 299976,
      "systemtime": 88425,
      "usertime": 4777087
     },
     "1040206114": {
      "maxRSS": 299976,
      "systemtime": 88425,
      "usertime": 4777103
     },
     "1040208193": {
      "maxRSS": 299976,
      "systemtime": 88425,
      "usertime": 4781116
     },
     "1040210280": {
      "maxRSS": 299976,
      "systemtime": 88425,
      "usertime": 4781134
     },
     "1040212460": {
      "maxRSS": 299976,
      "systemtime": 88425,
      "usertime": 4785188
     },
     "1040214641": {
      "maxRSS": 299976,
      "systemtime": 88425,
      "usertime": 4785210
     },
     "1040216722": {
      "maxRSS": 299976,
      "systemtime": 88425,
      "usertime": 4789225
     },
     "1040218811": {
      "maxRSS": 299976,
      "systemtime": 88425,
      "usertime": 4789241
     },
     "1040220924": {
      "maxRSS": 299976,
      "systemtime": 88425,
      "usertime": 4793267
     },
     "1040223028": {
      "maxRSS": 299976,
      "systemtime": 88425,
      "usertime": 4793293
     },
     "1040225110": {
      "maxRSS": 299976,
      "systemtime": 88425,
      "usertime": 4797302
     },
     "1040227241": {
      "maxRSS": 299976,
      "systemtime": 88425,
      "usertime": 4797342
     },
     "1040229344": {
      "maxRSS": 299976,
      "systemtime": 88425,
      "usertime": 4801370
     },
     "1040231421": {
      "maxRSS": 299976,
      "systemtime": 88425,
      "usertime": 4801386
     },
     "1040233508": {
      "maxRSS": 299976,
      "systemtime": 88425,
      "usertime": 4805401
     },
     "1040235586": {
      "maxRSS": 299976,
      "systemtime": 88425,
      "usertime": 4805417
     },
     "1040237676": {
      "maxRSS": 299976,
      "systemtime": 88425,
      "usertime": 4809434
     },
     "1040239768": {
      "maxRSS": 299976,
      "systemtime": 88425,
      "usertime": 4809467
     },
     "1040241859": {
      "maxRSS": 299976,
      "systemtime": 88425,
      "usertime": 4813483
     },
     "1040243936": {
      "maxRSS": 299976,
      "systemtime": 88425,
      "usertime": 4813499
     },
     "1040246034": {
      "maxRSS": 299976,
      "systemtime": 88425,
      "usertime": 4817517
     },
     "1040248081": {
      "maxRSS": 299976,
      "systemtime": 88425,
      "usertime": 4821573
     },
     "1040250218": {
      "maxRSS": 299976,
      "systemtime": 88425,
      "usertime": 4821610
     },
     "1040252313": {
      "maxRSS": 299976,
      "systemtime": 88425,
      "usertime": 4825622
     },
     "1040254388": {
      "maxRSS": 299976,
      "systemtime": 88425,
      "usertime": 4825639
     },
     "1040256467": {
      "maxRSS": 299976,
      "systemtime": 88425,
      "usertime": 4829656
     },
     "1040258560": {
      "maxRSS": 299976,
      "systemtime": 88425,
      "usertime": 4829672
     },
     "1040260643": {
      "maxRSS": 299976,
      "systemtime": 88425,
      "usertime": 4833748
     },
     "1040262742": {
      "maxRSS": 299976,
      "systemtime": 88425,
      "usertime": 4833766
     },
     "1040264839": {
      "maxRSS": 300104,
      "systemtime": 88425,
      "usertime": 4837816
     },
     "1040266928": {
      "maxRSS": 300104,
      "systemtime": 88425,
      "usertime": 4837834
     },
     "1040269022": {
      "maxRSS": 300104,
      "systemtime": 88425,
      "usertime": 4841793
     },
     "1040271162": {
      "maxRSS": 300104,
      "systemtime": 88425,
      "usertime": 4841826
     },
     "1040273265": {
      "maxRSS": 300104,
      "systemtime": 88425,
      "usertime": 4845846
     },
     "1040275345": {
      "maxRSS": 300104,
      "systemtime": 88425,
      "usertime": 4845867
     },
     "1040277436": {
      "maxRSS": 300104,
      "systemtime": 88425,
      "usertime": 4849885
     },
     "1040279543": {
      "maxRSS": 300104,
      "systemtime": 88425,
      "usertime": 4849917
     },
     "1040281631": {
      "maxRSS": 300104,
      "systemtime": 88425,
      "usertime": 4853933
     },
     "1040283709": {
      "maxRSS": 300104,
      "systemtime": 88425,
      "usertime": 4853948
     },
     "1040285828": {
      "maxRSS": 300104,
      "systemtime": 88425,
      "usertime": 4857965
     },
     "1040287904": {
      "maxRSS": 300104,
      "systemtime": 88425,
      "usertime": 4857979
     },
     "1040289977": {
      "maxRSS": 300104,
      "systemtime": 88425,
      "usertime": 4861992
     },
     "1040292078": {
      "maxRSS": 300104,
      "systemtime": 88425,
      "usertime": 4866030
     },
     "1040294192": {
      "maxRSS": 300104,
      "systemtime": 88425,
      "usertime": 4866052
     },
     "1040296294": {
      "maxRSS": 300104,
      "systemtime": 88425,
      "usertime": 4870074
     },
     "1040298365": {
      "maxRSS": 300104,
      "systemtime": 88425,
      "usertime": 4870087
     },
     "1040300473": {
      "maxRSS": 300104,
      "systemtime": 88425,
      "usertime": 4874112
     },
     "1040302557": {
      "maxRSS": 300104,
      "systemtime": 88425,
      "usertime": 4874136
     },
     "1040304647": {
      "maxRSS": 300104,
      "systemtime": 88425,
      "usertime": 4878220
     },
     "1040306726": {
      "maxRSS": 300104,
      "systemtime": 88425,
      "usertime": 4878235
     },
     "1040308828": {
      "maxRSS": 300104,
      "systemtime": 88425,
      "usertime": 4882200
     },
     "1040310901": {
      "maxRSS": 300104,
      "systemtime": 88425,
      "usertime": 4882214
     },
     "1040312987": {
      "maxRSS": 300104,
      "systemtime": 88425,
      "usertime": 4886246
     },
     "1040315070": {
      "maxRSS": 300104,
      "systemtime": 88425,
      "usertime": 4886265
     },
     "1040317167": {
      "maxRSS": 300104,
      "systemtime": 88425,
      "usertime": 4890285
     },
     "1040319275": {
      "maxRSS": 300104,
      "systemtime": 88425,
      "usertime": 4890314
     },
     "1040321367": {
      "maxRSS": 300104,
      "systemtime": 88425,
      "usertime": 4894348
     },
     "1040323445": {
      "maxRSS": 300104,
      "systemtime": 88425,
      "usertime": 4894363
     },
     "1040325538": {
      "maxRSS": 300104,
      "systemtime": 88425,
      "usertime": 4898371
     },
     "1040327630": {
      "maxRSS": 300104,
      "systemtime": 88425,
      "usertime": 4898386
     },
     "1040329840": {
      "maxRSS": 300104,
      "systemtime": 88425,
      "usertime": 4902412
     },
     "1040331941": {
      "maxRSS": 300104,
      "systemtime": 88425,
      "usertime": 4902453
     },
     "1040334032": {
      "maxRSS": 300104,
      "systemtime": 88425,
      "usertime": 4906469
     },
     "1040336128": {
      "maxRSS": 300104,
      "systemtime": 88425,
      "usertime": 4910500
     },
     "1040338222": {
      "maxRSS": 300104,
      "systemtime": 88425,
      "usertime": 4910515
     },
     "1040340294": {
      "maxRSS": 300104,
      "systemtime": 88425,
      "usertime": 4914518
     },
     "1040342366": {
      "maxRSS": 300104,
      "systemtime": 88425,
      "usertime": 4914531
     },
     "1040344524": {
      "maxRSS": 300104,
      "systemtime": 88425,
      "usertime": 4918557
     },
     "1040346602": {
      "maxRSS": 300104,
      "systemtime": 88425,
      "usertime": 4918572
     },
     "1040348733": {
      "maxRSS": 300104,
      "systemtime": 88425,
      "usertime": 4922633
     },
     "1040350803": {
      "maxRSS": 300104,
      "systemtime": 88425,
      "usertime": 4922646
     },
     "1040352892": {
      "maxRSS": 300104,
      "systemtime": 88425,
      "usertime": 4926645
     },
     "1040354966": {
      "maxRSS": 300104,
      "systemtime": 88425,
      "usertime": 4926660
     },
     "1040357087": {
      "maxRSS": 300104,
      "systemtime": 88425,
      "usertime": 4930702
     },
     "1040359166": {
      "maxRSS": 300104,
      "systemtime": 88425,
      "usertime": 4930716
     },
     "1040361256": {
      "maxRSS": 300104,
      "systemtime": 88425,
      "usertime": 4934716
     },
     "1040363362": {
      "maxRSS": 300104,
      "systemtime": 88425,
      "usertime": 4934742
     },
     "1040365465": {
      "maxRSS": 300104,
      "systemtime": 88425,
      "usertime": 4938763
     },
     "1040367605": {
      "maxRSS": 300104,
      "systemtime": 88425,
      "usertime": 4938792
     },
     "1040369703": {
      "maxRSS": 300104,
      "systemtime": 88425,
      "usertime": 4942824
     },
     "1040371800": {
      "maxRSS": 300104,
      "systemtime": 88425,
      "usertime": 4942840
     },
     "1040373898": {
      "maxRSS": 300104,
      "systemtime": 88425,
      "usertime": 4946895
     },
     "1040375970": {
      "maxRSS": 300104,
      "systemtime": 88425,
      "usertime": 4946909
     },
     "1040378051": {
      "maxRSS": 300104,
      "systemtime": 88425,
      "usertime": 4950886
     },
     "1040380158": {
      "maxRSS": 300104,
      "systemtime": 88425,
      "usertime": 4954923
     },
     "1040382243": {
      "maxRSS": 300104,
      "systemtime": 88425,
      "usertime": 4954948
     },
     "1040384346": {
      "maxRSS": 300104,
      "systemtime": 88425,
      "usertime": 4958969
     },
     "1040386454": {
      "maxRSS": 300104,
      "systemtime": 88425,
      "usertime": 4959002
     },
     "1040388565": {
      "maxRSS": 300104,
      "systemtime": 88425,
      "usertime": 4963045
     },
     "1040390674": {
      "maxRSS": 300104,
      "systemtime": 88425,
      "usertime": 4963083
     },
     "1040392781": {
      "maxRSS": 300104,
      "systemtime": 88425,
      "usertime": 4967146
     },
     "1040394902": {
      "maxRSS": 300104,
      "systemtime": 88425,
      "usertime": 4967188
     },
     "1040397024": {
      "maxRSS": 300104,
      "systemtime": 88425,
      "usertime": 4971288
     },
     "1040399108": {
      "maxRSS": 300104,
      "systemtime": 88425,
      "usertime": 4971310
     },
     "1040401253": {
      "maxRSS": 300104,
      "systemtime": 88425,
      "usertime": 4975269
     },
     "1040403343": {
      "maxRSS": 300104,
      "systemtime": 88425,
      "usertime": 4975287
     },
     "1040405431": {
      "maxRSS": 300104,
      "systemtime": 88425,
      "usertime": 4979314
     },
     "1040407508": {
      "maxRSS": 300104,
      "systemtime": 88425,
      "usertime": 4979330
     },
     "1040409610": {
      "maxRSS": 300104,
      "systemtime": 88425,
      "usertime": 4983364
     },
     "1040411702": {
      "maxRSS": 300104,
      "systemtime": 88425,
      "usertime": 4983390
     },
     "1040413788": {
      "maxRSS": 300104,
      "systemtime": 88425,
      "usertime": 4987411
     },
     "1040415880": {
      "maxRSS": 300104,
      "systemtime": 88425,
      "usertime": 4987431
     },
     "1040417962": {
      "maxRSS": 300104,
      "systemtime": 88425,
      "usertime": 4991452
     },
     "1040420017": {
      "maxRSS": 300104,
      "systemtime": 88425,
      "usertime": 4995464
     },
     "1040422099": {
      "maxRSS": 300104,
      "systemtime": 88425,
      "usertime": 4995489
     },
     "1040424167": {
      "maxRSS": 300104,
      "systemtime": 88425,
      "usertime": 4999499
     },
     "1040426293": {
      "maxRSS": 300104,
      "systemtime": 88425,
      "usertime": 4999515
     },
     "1040428371": {
      "maxRSS": 300104,
      "systemtime": 88425,
      "usertime": 5003531
     },
     "1040430442": {
      "maxRSS": 300104,
      "systemtime": 88425,
      "usertime": 5003544
     },
     "1040432518": {
      "maxRSS": 300104,
      "systemtime": 88425,
      "usertime": 5007557
     },
     "1040434597": {
      "maxRSS": 300104,
      "systemtime": 88425,
      "usertime": 5007572
     },
     "1040436685": {
      "maxRSS": 300104,
      "systemtime": 88425,
      "usertime": 5011600
     },
     "1040438808": {
      "maxRSS": 300104,
      "systemtime": 88425,
      "usertime": 5011622
     },
     "1040440965": {
      "maxRSS": 300104,
      "systemtime": 88425,
      "usertime": 5015658
     },
     "1040443046": {
      "maxRSS": 300104,
      "systemtime": 88425,
      "usertime": 5015671
     },
     "1040445119": {
      "maxRSS": 300104,
      "systemtime": 88425,
      "usertime": 5019681
     },
     "1040447187": {
      "maxRSS": 300104,
      "systemtime": 88425,
      "usertime": 5019690
     },
     "1040449318": {
      "maxRSS": 300104,
      "systemtime": 88425,
      "usertime": 5023727
     },
     "1040451385": {
      "maxRSS": 300104,
      "systemtime": 88425,
      "usertime": 5023736
     },
     "1040455470": {
      "maxRSS": 300104,
      "systemtime": 88425,
      "usertime": 5027750
     },
     "1040459588": {
      "maxRSS": 300104,
      "systemtime": 88425,
      "usertime": 5031776
     },
     "1040463675": {
      "maxRSS": 300104,
      "systemtime": 88425,
      "usertime": 5035799
     },
     "1040467760": {
      "maxRSS": 300104,
      "systemtime": 88425,
      "usertime": 5039821
     },
     "1040471866": {
      "maxRSS": 300104,
      "systemtime": 88425,
      "usertime": 5043864
     },
     "1040475977": {
      "maxRSS": 300104,
      "systemtime": 88425,
      "usertime": 5047879
     },
     "1040480047": {
      "maxRSS": 300104,
      "systemtime": 88425,
      "usertime": 5055890
     },
     "1040484130": {
      "maxRSS": 300104,
      "systemtime": 88425,
      "usertime": 5059900
     },
     "1040488243": {
      "maxRSS": 300104,
      "systemtime": 88425,
      "usertime": 5063920
     },
     "1040492323": {
      "maxRSS": 300104,
      "systemtime": 88425,
      "usertime": 5067938
     },
     "1040496420": {
      "maxRSS": 300104,
      "systemtime": 88425,
      "usertime": 5071971
     },
     "1040500619": {
      "maxRSS": 300104,
      "systemtime": 88425,
      "usertime": 5076004
     },
     "1040504789": {
      "maxRSS": 300104,
      "systemtime": 88425,
      "usertime": 5080018
     },
     "1040508872": {
      "maxRSS": 300104,
      "systemtime": 88425,
      "usertime": 5084027
     },
     "1040512979": {
      "maxRSS": 300104,
      "systemtime": 88425,
      "usertime": 5088056
     },
     "1040517062": {
      "maxRSS": 300104,
      "systemtime": 88425,
      "usertime": 5092077
     },
     "1040521149": {
      "maxRSS": 300104,
      "systemtime": 88425,
      "usertime": 5096095
     },
     "1040525245": {
      "maxRSS": 300104,
      "systemtime": 88425,
      "usertime": 5100126
     },
     "1040529445": {
      "maxRSS": 300104,
      "systemtime": 88425,
      "usertime": 5104145
     },
     "1040533524": {
      "maxRSS": 300104,
      "systemtime": 88425,
      "usertime": 5108164
     },
     "1040537602": {
      "maxRSS": 300104,
      "systemtime": 88425,
      "usertime": 5112247
     },
     "1040541701": {
      "maxRSS": 300104,
      "systemtime": 88425,
      "usertime": 5116200
     },
     "1040545780": {
      "maxRSS": 300104,
      "systemtime": 88425,
      "usertime": 5120218
     },
     "1040549877": {
      "maxRSS": 300104,
      "systemtime": 88425,
      "usertime": 5124249
     },
     "1040553953": {
      "maxRSS": 300104,
      "systemtime": 88425,
      "usertime": 5128265
     },
     "1040558030": {
      "maxRSS": 300104,
      "systemtime": 88425,
      "usertime": 5132285
     },
     "1040562120": {
      "maxRSS": 300104,
      "systemtime": 88425,
      "usertime": 5136305
     },
     "1040566220": {
      "maxRSS": 300104,
      "systemtime": 88425,
      "usertime": 5140327
     },
     "1040570311": {
      "maxRSS": 300104,
      "systemtime": 88425,
      "usertime": 5144349
     },
     "1040574410": {
      "maxRSS": 300104,
      "systemtime": 88425,
      "usertime": 5148388
     },
     "1040578524": {
      "maxRSS": 300104,
      "systemtime": 88425,
      "usertime": 5152407
     },
     "1040582600": {
      "maxRSS": 300104,
      "systemtime": 88425,
      "usertime": 5156426
     },
     "1040586682": {
      "maxRSS": 300104,
      "systemtime": 88425,
      "usertime": 5160439
     },
     "1040590792": {
      "maxRSS": 300104,
      "systemtime": 88425,
      "usertime": 5164458
     },
     "1040594880": {
      "maxRSS": 300104,
      "systemtime": 88456,
      "usertime": 5170671
     },
     "1040595329": {
      "maxRSS": 300104,
      "systemtime": 88475,
      "usertime": 5171774
     },
     "1040595995": {
      "maxRSS": 300104,
      "systemtime": 88486,
      "usertime": 5172465
     },
     "1040597091": {
      "maxRSS": 300104,
      "systemtime": 88486,
      "usertime": 5172597
     },
     "1040598174": {
      "maxRSS": 300104,
      "systemtime": 88486,
      "usertime": 5172613
     },
     "1040599250": {
      "maxRSS": 300104,
      "systemtime": 88486,
      "usertime": 5172628
     },
     "1040600330": {
      "maxRSS": 300104,
      "systemtime": 88486,
      "usertime": 5176590
     },
     "1040601419": {
      "maxRSS": 300104,
      "systemtime": 88486,
      "usertime": 5176613
     },
     "1040602517": {
      "maxRSS": 300104,
      "systemtime": 88486,
      "usertime": 5176636
     },
     "1040603596": {
      "maxRSS": 300104,
      "systemtime": 88486,
      "usertime": 5176653
     },
     "1040604701": {
      "maxRSS": 300104,
      "systemtime": 88486,
      "usertime": 5180698
     },
     "1040605784": {
      "maxRSS": 300104,
      "systemtime": 88486,
      "usertime": 5180714
     },
     "1040606857": {
      "maxRSS": 300104,
      "systemtime": 88486,
      "usertime": 5180728
     },
     "1040607955": {
      "maxRSS": 300104,
      "systemtime": 88486,
      "usertime": 5180754
     },
     "1040609071": {
      "maxRSS": 300104,
      "systemtime": 88486,
      "usertime": 5184774
     },
     "1040610144": {
      "maxRSS": 300104,
      "systemtime": 88486,
      "usertime": 5184788
     },
     "1040611225": {
      "maxRSS": 300104,
      "systemtime": 88486,
      "usertime": 5184803
     },
     "1040612297": {
      "maxRSS": 300104,
      "systemtime": 88486,
      "usertime": 5188818
     },
     "1040613375": {
      "maxRSS": 300104,
      "systemtime": 88486,
      "usertime": 5188832
     },
     "1040614474": {
      "maxRSS": 300104,
      "systemtime": 88486,
      "usertime": 5188858
     },
     "1040615633": {
      "maxRSS": 300104,
      "systemtime": 88486,
      "usertime": 5188909
     },
     "1040616719": {
      "maxRSS": 300104,
      "systemtime": 88486,
      "usertime": 5192954
     },
     "1040617806": {
      "maxRSS": 300104,
      "systemtime": 88486,
      "usertime": 5192970
     },
     "1040618885": {
      "maxRSS": 300104,
      "systemtime": 88486,
      "usertime": 5192985
     },
     "1040619968": {
      "maxRSS": 300104,
      "systemtime": 88486,
      "usertime": 5193002
     },
     "1040621068": {
      "maxRSS": 300104,
      "systemtime": 88486,
      "usertime": 5197005
     },
     "1040622200": {
      "maxRSS": 300104,
      "systemtime": 88486,
      "usertime": 5197056
     },
     "1040623296": {
      "maxRSS": 300104,
      "systemtime": 88486,
      "usertime": 5197085
     },
     "1040624481": {
      "maxRSS": 300104,
      "systemtime": 88486,
      "usertime": 5201143
     },
     "1040625565": {
      "maxRSS": 300104,
      "systemtime": 88486,
      "usertime": 5201163
     },
     "1040626665": {
      "maxRSS": 300104,
      "systemtime": 88486,
      "usertime": 5201190
     },
     "1040627759": {
      "maxRSS": 300104,
      "systemtime": 88486,
      "usertime": 5201222
     },
     "1040628853": {
      "maxRSS": 300104,
      "systemtime": 88486,
      "usertime": 5205214
     },
     "1040629931": {
      "maxRSS": 300104,
      "systemtime": 88486,
      "usertime": 5205230
     },
     "1040631008": {
      "maxRSS": 300104,
      "systemtime": 88486,
      "usertime": 5205245
     },
     "1040632060": {
      "maxRSS": 300104,
      "systemtime": 88486,
      "usertime": 5209269
     },
     "1040633158": {
      "maxRSS": 300104,
      "systemtime": 88486,
      "usertime": 5209290
     },
     "1040634259": {
      "maxRSS": 300104,
      "systemtime": 88486,
      "usertime": 5209313
     },
     "1040635345": {
      "maxRSS": 300104,
      "systemtime": 88486,
      "usertime": 5209339
     },
     "1040636434": {
      "maxRSS": 300104,
      "systemtime": 88486,
      "usertime": 5213382
     },
     "1040637513": {
      "maxRSS": 300104,
      "systemtime": 88486,
      "usertime": 5213400
     },
     "1040638672": {
      "maxRSS": 300104,
      "systemtime": 88486,
      "usertime": 5213417
     },
     "1040639755": {
      "maxRSS": 300104,
      "systemtime": 88486,
      "usertime": 5213435
     },
     "1040640833": {
      "maxRSS": 300104,
      "systemtime": 88486,
      "usertime": 5217442
     },
     "1040641926": {
      "maxRSS": 300104,
      "systemtime": 88486,
      "usertime": 5217457
     },
     "1040643045": {
      "maxRSS": 300104,
      "systemtime": 88486,
      "usertime": 5217488
     },
     "1040644157": {
      "maxRSS": 300104,
      "systemtime": 88486,
      "usertime": 5221498
     },
     "1040645237": {
      "maxRSS": 300104,
      "systemtime": 88486,
      "usertime": 5221513
     },
     "1040646313": {
      "maxRSS": 300104,
      "systemtime": 88486,
      "usertime": 5221530
     },
     "1040647386": {
      "maxRSS": 300104,
      "systemtime": 88486,
      "usertime": 5221544
     },
     "1040648455": {
      "maxRSS": 300104,
      "systemtime": 88486,
      "usertime": 5225555
     },
     "1040649535": {
      "maxRSS": 300104,
      "systemtime": 88486,
      "usertime": 5225577
     },
     "1040650604": {
      "maxRSS": 300104,
      "systemtime": 88486,
      "usertime": 5225586
     },
     "1040651673": {
      "maxRSS": 300104,
      "systemtime": 88486,
      "usertime": 5225597
     },
     "1040652793": {
      "maxRSS": 300104,
      "systemtime": 88486,
      "usertime": 5229609
     },
     "1040653939": {
      "maxRSS": 300104,
      "systemtime": 88486,
      "usertime": 5229630
     },
     "1040655008": {
      "maxRSS": 300104,
      "systemtime": 88486,
      "usertime": 5229641
     },
     "1040656059": {
      "maxRSS": 300104,
      "systemtime": 88486,
      "usertime": 5233658
     },
     "1040657159": {
      "maxRSS": 300104,
      "systemtime": 88486,
      "usertime": 5233666
     },
     "1040658255": {
      "maxRSS": 300104,
      "systemtime": 88486,
      "usertime": 5233673
     },
     "1040659320": {
      "maxRSS": 300104,
      "systemtime": 88486,
      "usertime": 5233680
     },
     "1040660420": {
      "maxRSS": 300104,
      "systemtime": 88486,
      "usertime": 5237688
     },
     "1040661491": {
      "maxRSS": 300104,
      "systemtime": 88486,
      "usertime": 5237699
     },
     "1040662559": {
      "maxRSS": 300104,
      "systemtime": 88486,
      "usertime": 5237709
     },
     "1040663632": {
      "maxRSS": 300104,
      "systemtime": 88486,
      "usertime": 5237725
     },
     "1040664703": {
      "maxRSS": 300104,
      "systemtime": 88486,
      "usertime": 5241735
     },
     "1040665771": {
      "maxRSS": 300104,
      "systemtime": 88486,
      "usertime": 5241745
     },
     "1040666840": {
      "maxRSS": 300104,
      "systemtime": 88486,
      "usertime": 5241756
     },
     "1040667906": {
      "maxRSS": 300104,
      "systemtime": 88486,
      "usertime": 5241764
     },
     "1040668973": {
      "maxRSS": 300104,
      "systemtime": 88486,
      "usertime": 5245773
     },
     "1040670074": {
      "maxRSS": 300104,
      "systemtime": 88486,
      "usertime": 5245790
     },
     "1040671143": {
      "maxRSS": 300104,
      "systemtime": 88486,
      "usertime": 5245800
     },
     "1040672210": {
      "maxRSS": 300104,
      "systemtime": 88486,
      "usertime": 5249810
     },
     "1040673279": {
      "maxRSS": 300104,
      "systemtime": 88486,
      "usertime": 5249820
     },
     "1040674345": {
      "maxRSS": 300104,
      "systemtime": 88486,
      "usertime": 5249828
     },
     "1040675488": {
      "maxRSS": 300360,
      "systemtime": 88486,
      "usertime": 5249837
     },
     "1040676632": {
      "maxRSS": 300744,
      "systemtime": 92456,
      "usertime": 5249911
     },
     "1040677698": {
      "maxRSS": 301000,
      "systemtime": 92456,
      "usertime": 5249920
     },
     "1040679092": {
      "maxRSS": 301256,
      "systemtime": 92456,
      "usertime": 5249933
     },
     "1040680178": {
      "maxRSS": 301512,
      "systemtime": 92456,
      "usertime": 5253953
     },
     "1040681257": {
      "maxRSS": 301768,
      "systemtime": 92457,
      "usertime": 5253970
     },
     "1040682327": {
      "maxRSS": 302024,
      "systemtime": 92457,
      "usertime": 5253982
     },
     "1040683414": {
      "maxRSS": 302280,
      "systemtime": 92457,
      "usertime": 5254004
     },
     "1040684521": {
      "maxRSS": 302408,
      "systemtime": 92457,
      "usertime": 5257998
     },
     "1040685587": {
      "maxRSS": 302664,
      "systemtime": 92457,
      "usertime": 5258006
     },
     "1040686659": {
      "maxRSS": 302920,
      "systemtime": 92457,
      "usertime": 5258016
     },
     "1040687770": {
      "maxRSS": 303176,
      "systemtime": 92457,
      "usertime": 5258033
     },
     "1040688874": {
      "maxRSS": 303176,
      "systemtime": 92457,
      "usertime": 5262043
     },
     "1040689979": {
      "maxRSS": 303176,
      "systemtime": 92457,
      "usertime": 5262053
     },
     "1040691089": {
      "maxRSS": 303176,
      "systemtime": 92458,
      "usertime": 5262069
     },
     "1040692155": {
      "maxRSS": 303176,
      "systemtime": 92523,
      "usertime": 5266010
     },
     "1040692446": {
      "maxRSS": 303176,
      "systemtime": 92523,
      "usertime": 5266457
     },
     "1040693546": {
      "maxRSS": 303176,
      "systemtime": 92523,
      "usertime": 5266464
     },
     "1040694620": {
      "maxRSS": 303176,
      "systemtime": 92523,
      "usertime": 5266475
     },
     "1040695733": {
      "maxRSS": 303176,
      "systemtime": 92523,
      "usertime": 5266496
     },
     "1040696841": {
      "maxRSS": 303176,
      "systemtime": 92523,
      "usertime": 5270073
     },
     "1040697938": {
      "maxRSS": 303176,
      "systemtime": 92523,
      "usertime": 5270080
     },
     "1040699038": {
      "maxRSS": 303176,
      "systemtime": 92523,
      "usertime": 5270089
     },
     "1040700045": {
      "maxRSS": 303176,
      "systemtime": 92523,
      "usertime": 5274096
     },
     "1040701110": {
      "maxRSS": 303176,
      "systemtime": 92523,
      "usertime": 5274103
     },
     "1040702215": {
      "maxRSS": 303176,
      "systemtime": 92523,
      "usertime": 5274116
     },
     "1040703296": {
      "maxRSS": 303176,
      "systemtime": 92523,
      "usertime": 5274131
     },
     "1040704374": {
      "maxRSS": 303176,
      "systemtime": 92523,
      "usertime": 5278146
     },
     "1040705521": {
      "maxRSS": 303176,
      "systemtime": 92523,
      "usertime": 5278167
     },
     "1040706602": {
      "maxRSS": 303176,
      "systemtime": 92523,
      "usertime": 5278180
     },
     "1040707715": {
      "maxRSS": 303176,
      "systemtime": 92523,
      "usertime": 5278197
     },
     "1040708823": {
      "maxRSS": 303176,
      "systemtime": 92523,
      "usertime": 5282215
     },
     "1040709945": {
      "maxRSS": 303176,
      "systemtime": 92523,
      "usertime": 5282239
     },
     "1040711050": {
      "maxRSS": 303176,
      "systemtime": 92523,
      "usertime": 5282249
     },
     "1040712123": {
      "maxRSS": 303176,
      "systemtime": 92523,
      "usertime": 5286259
     },
     "1040713194": {
      "maxRSS": 303176,
      "systemtime": 92523,
      "usertime": 5286272
     },
     "1040714299": {
      "maxRSS": 303176,
      "systemtime": 92523,
      "usertime": 5286283
     },
     "1040715397": {
      "maxRSS": 303176,
      "systemtime": 92523,
      "usertime": 5286290
     },
     "1040716498": {
      "maxRSS": 303176,
      "systemtime": 92523,
      "usertime": 5290300
     },
     "1040717571": {
      "maxRSS": 303176,
      "systemtime": 92523,
      "usertime": 5290315
     },
     "1040718636": {
      "maxRSS": 303176,
      "systemtime": 92523,
      "usertime": 5290323
     },
     "1040719704": {
      "maxRSS": 303176,
      "systemtime": 92523,
      "usertime": 5290331
     },
     "1040720777": {
      "maxRSS": 303176,
      "systemtime": 92523,
      "usertime": 5294344
     },
     "1040721856": {
      "maxRSS": 303176,
      "systemtime": 92523,
      "usertime": 5294361
     },
     "1040722961": {
      "maxRSS": 303176,
      "systemtime": 92523,
      "usertime": 5294374
     },
     "1040724036": {
      "maxRSS": 303176,
      "systemtime": 92523,
      "usertime": 5298405
     },
     "1040725185": {
      "maxRSS": 303176,
      "systemtime": 92523,
      "usertime": 5298432
     },
     "1040726299": {
      "maxRSS": 303176,
      "systemtime": 92523,
      "usertime": 5298453
     },
     "1040727437": {
      "maxRSS": 303176,
      "systemtime": 92523,
      "usertime": 5298465
     },
     "1040728515": {
      "maxRSS": 303176,
      "systemtime": 92523,
      "usertime": 5302482
     },
     "1040729587": {
      "maxRSS": 303176,
      "systemtime": 92523,
      "usertime": 5302495
     },
     "1040730671": {
      "maxRSS": 303176,
      "systemtime": 92523,
      "usertime": 5302520
     },
     "1040731759": {
      "maxRSS": 303176,
      "systemtime": 92523,
      "usertime": 5302535
     },
     "1040732839": {
      "maxRSS": 303176,
      "systemtime": 92523,
      "usertime": 5306550
     },
     "1040733930": {
      "maxRSS": 303176,
      "systemtime": 92523,
      "usertime": 5306564
     },
     "1040735008": {
      "maxRSS": 303176,
      "systemtime": 92523,
      "usertime": 5306579
     },
     "1040736086": {
      "maxRSS": 303176,
      "systemtime": 92523,
      "usertime": 5310589
     },
     "1040737185": {
      "maxRSS": 303176,
      "systemtime": 92523,
      "usertime": 5310626
     },
     "1040738260": {
      "maxRSS": 303176,
      "systemtime": 92523,
      "usertime": 5310642
     },
     "1040739332": {
      "maxRSS": 303176,
      "systemtime": 92523,
      "usertime": 5310656
     },
     "1040740409": {
      "maxRSS": 303176,
      "systemtime": 92523,
      "usertime": 5314672
     },
     "1040741525": {
      "maxRSS": 303176,
      "systemtime": 92523,
      "usertime": 5314699
     },
     "1040742688": {
      "maxRSS": 303176,
      "systemtime": 92523,
      "usertime": 5314732
     },
     "1040743797": {
      "maxRSS": 303176,
      "systemtime": 92523,
      "usertime": 5314763
     },
     "1040744908": {
      "maxRSS": 303176,
      "systemtime": 92523,
      "usertime": 5318809
     },
     "1040746009": {
      "maxRSS": 303176,
      "systemtime": 92523,
      "usertime": 5318829
     },
     "1040747098": {
      "maxRSS": 303176,
      "systemtime": 92523,
      "usertime": 5318849
     },
     "1040748169": {
      "maxRSS": 303176,
      "systemtime": 92523,
      "usertime": 5322866
     },
     "1040749252": {
      "maxRSS": 303176,
      "systemtime": 92523,
      "usertime": 5322878
     },
     "1040750330": {
      "maxRSS": 303176,
      "systemtime": 92523,
      "usertime": 5322897
     },
     "1040751430": {
      "maxRSS": 303176,
      "systemtime": 92523,
      "usertime": 5322932
     },
     "1040752528": {
      "maxRSS": 303176,
      "systemtime": 92523,
      "usertime": 5327010
     },
     "1040753616": {
      "maxRSS": 303176,
      "systemtime": 92523,
      "usertime": 5327026
     },
     "1040754708": {
      "maxRSS": 303176,
      "systemtime": 92523,
      "usertime": 5327042
     },
     "1040755833": {
      "maxRSS": 303176,
      "systemtime": 92523,
      "usertime": 5327064
     },
     "1040756911": {
      "maxRSS": 303176,
      "systemtime": 92523,
      "usertime": 5331031
     },
     "1040757995": {
      "maxRSS": 303176,
      "systemtime": 92523,
      "usertime": 5331055
     },
     "1040759072": {
      "maxRSS": 303176,
      "systemtime": 92523,
      "usertime": 5331070
     },
     "1040760152": {
      "maxRSS": 303176,
      "systemtime": 92523,
      "usertime": 5335083
     },
     "1040761248": {
      "maxRSS": 303176,
      "systemtime": 92523,
      "usertime": 5335107
     },
     "1040762348": {
      "maxRSS": 303176,
      "systemtime": 92523,
      "usertime": 5335127
     },
     "1040763437": {
      "maxRSS": 303176,
      "systemtime": 92523,
      "usertime": 5335141
     },
     "1040764556": {
      "maxRSS": 303176,
      "systemtime": 92523,
      "usertime": 5339167
     },
     "1040765649": {
      "maxRSS": 303176,
      "systemtime": 92523,
      "usertime": 5339183
     },
     "1040766730": {
      "maxRSS": 303176,
      "systemtime": 92523,
      "usertime": 5339200
     },
     "1040767803": {
      "maxRSS": 303176,
      "systemtime": 92523,
      "usertime": 5339212
     },
     "1040768881": {
      "maxRSS": 303176,
      "systemtime": 92523,
      "usertime": 5343230
     },
     "1040769964": {
      "maxRSS": 303176,
      "systemtime": 92523,
      "usertime": 5343247
     },
     "1040771074": {
      "maxRSS": 303176,
      "systemtime": 92523,
      "usertime": 5343262
     },
     "1040772120": {
      "maxRSS": 303176,
      "systemtime": 92523,
      "usertime": 5347286
     },
     "1040773199": {
      "maxRSS": 303176,
      "systemtime": 92523,
      "usertime": 5347301
     },
     "1040774302": {
      "maxRSS": 303176,
      "systemtime": 92523,
      "usertime": 5347317
     },
     "1040775422": {
      "maxRSS": 303176,
      "systemtime": 92523,
      "usertime": 5347343
     },
     "1040776526": {
      "maxRSS": 303176,
      "systemtime": 92523,
      "usertime": 5351379
     },
     "1040777612": {
      "maxRSS": 303176,
      "systemtime": 92523,
      "usertime": 5351396
     },
     "1040778773": {
      "maxRSS": 303176,
      "systemtime": 92523,
      "usertime": 5351427
     },
     "1040779847": {
      "maxRSS": 303176,
      "systemtime": 92523,
      "usertime": 5351441
     },
     "1040780954": {
      "maxRSS": 303176,
      "systemtime": 92523,
      "usertime": 5355456
     },
     "1040782043": {
      "maxRSS": 303176,
      "systemtime": 92523,
      "usertime": 5355471
     },
     "1040783172": {
      "maxRSS": 303176,
      "systemtime": 92523,
      "usertime": 5355498
     },
     "1040784270": {
      "maxRSS": 303176,
      "systemtime": 92523,
      "usertime": 5359518
     },
     "1040785369": {
      "maxRSS": 303176,
      "systemtime": 92523,
      "usertime": 5359542
     },
     "1040786459": {
      "maxRSS": 303176,
      "systemtime": 92523,
      "usertime": 5359557
     },
     "1040787534": {
      "maxRSS": 303176,
      "systemtime": 92523,
      "usertime": 5359573
     },
     "1040788683": {
      "maxRSS": 303176,
      "systemtime": 92523,
      "usertime": 5363697
     },
     "1040789798": {
      "maxRSS": 303176,
      "systemtime": 92523,
      "usertime": 5363731
     },
     "1040790895": {
      "maxRSS": 303176,
      "systemtime": 92523,
      "usertime": 5363763
     },
     "1040791989": {
      "maxRSS": 303176,
      "systemtime": 92523,
      "usertime": 5363795
     },
     "1040793069": {
      "maxRSS": 303176,
      "systemtime": 92523,
      "usertime": 5367778
     },
     "1040794162": {
      "maxRSS": 303176,
      "systemtime": 92523,
      "usertime": 5367794
     },
     "1040795267": {
      "maxRSS": 303176,
      "systemtime": 92523,
      "usertime": 5367810
     },
     "1040796348": {
      "maxRSS": 303176,
      "systemtime": 92523,
      "usertime": 5371810
     },
     "1040797447": {
      "maxRSS": 303176,
      "systemtime": 92523,
      "usertime": 5371828
     },
     "1040798542": {
      "maxRSS": 303176,
      "systemtime": 92523,
      "usertime": 5371861
     },
     "1040799671": {
      "maxRSS": 303176,
      "systemtime": 92523,
      "usertime": 5371896
     },
     "1040800777": {
      "maxRSS": 303176,
      "systemtime": 92523,
      "usertime": 5375908
     },
     "1040801858": {
      "maxRSS": 303176,
      "systemtime": 92523,
      "usertime": 5375922
     },
     "1040802975": {
      "maxRSS": 303176,
      "systemtime": 92523,
      "usertime": 5375942
     },
     "1040804065": {
      "maxRSS": 303176,
      "systemtime": 92523,
      "usertime": 5379972
     },
     "1040805195": {
      "maxRSS": 303176,
      "systemtime": 92523,
      "usertime": 5380008
     },
     "1040806319": {
      "maxRSS": 303176,
      "systemtime": 92523,
      "usertime": 5380047
     },
     "1040807392": {
      "maxRSS": 303176,
      "systemtime": 92523,
      "usertime": 5380061
     },
     "1040808465": {
      "maxRSS": 303176,
      "systemtime": 92523,
      "usertime": 5384074
     },
     "1040809535": {
      "maxRSS": 303176,
      "systemtime": 92523,
      "usertime": 5384086
     },
     "1040810611": {
      "maxRSS": 303176,
      "systemtime": 92523,
      "usertime": 5384099
     },
     "1040811709": {
      "maxRSS": 303176,
      "systemtime": 92523,
      "usertime": 5384116
     },
     "1040812827": {
      "maxRSS": 303176,
      "systemtime": 92523,
      "usertime": 5388219
     },
     "1040813905": {
      "maxRSS": 303176,
      "systemtime": 92523,
      "usertime": 5388234
     },
     "1040814978": {
      "maxRSS": 303176,
      "systemtime": 92523,
      "usertime": 5388248
     },
     "1040816014": {
      "maxRSS": 303176,
      "systemtime": 92523,
      "usertime": 5392205
     },
     "1040817080": {
      "maxRSS": 303176,
      "systemtime": 92523,
      "usertime": 5392214
     },
     "1040818168": {
      "maxRSS": 303176,
      "systemtime": 92523,
      "usertime": 5392227
     },
     "1040819257": {
      "maxRSS": 303176,
      "systemtime": 92523,
      "usertime": 5392251
     },
     "1040820338": {
      "maxRSS": 303176,
      "systemtime": 92523,
      "usertime": 5396268
     },
     "1040821452": {
      "maxRSS": 303176,
      "systemtime": 92523,
      "usertime": 5396286
     },
     "1040822562": {
      "maxRSS": 303176,
      "systemtime": 92523,
      "usertime": 5396298
     },
     "1040823684": {
      "maxRSS": 303176,
      "systemtime": 92523,
      "usertime": 5396323
     },
     "1040824826": {
      "maxRSS": 303176,
      "systemtime": 92523,
      "usertime": 5400365
     },
     "1040825927": {
      "maxRSS": 303176,
      "systemtime": 92523,
      "usertime": 5400375
     },
     "1040827045": {
      "maxRSS": 303176,
      "systemtime": 92523,
      "usertime": 5400401
     },
     "1040828140": {
      "maxRSS": 303176,
      "systemtime": 92523,
      "usertime": 5404419
     },
     "1040829251": {
      "maxRSS": 303176,
      "systemtime": 92523,
      "usertime": 5404433
     },
     "1040830330": {
      "maxRSS": 303176,
      "systemtime": 92523,
      "usertime": 5404447
     },
     "1040831405": {
      "maxRSS": 303176,
      "systemtime": 92523,
      "usertime": 5404462
     },
     "1040833489": {
      "maxRSS": 303176,
      "systemtime": 92523,
      "usertime": 5408480
     },
     "1040835594": {
      "maxRSS": 303176,
      "systemtime": 92523,
      "usertime": 5408508
     },
     "1040837682": {
      "maxRSS": 303176,
      "systemtime": 92523,
      "usertime": 5412542
     },
     "1040839814": {
      "maxRSS": 303176,
      "systemtime": 92523,
      "usertime": 5412579
     },
     "1040841916": {
      "maxRSS": 303176,
      "systemtime": 92523,
      "usertime": 5416585
     },
     "1040844035": {
      "maxRSS": 303176,
      "systemtime": 92523,
      "usertime": 5416608
     },
     "1040846117": {
      "maxRSS": 303176,
      "systemtime": 92523,
      "usertime": 5420666
     },
     "1040848250": {
      "maxRSS": 303176,
      "systemtime": 92523,
      "usertime": 5424694
     },
     "1040850394": {
      "maxRSS": 303176,
      "systemtime": 92523,
      "usertime": 5424728
     },
     "1040852482": {
      "maxRSS": 303176,
      "systemtime": 92523,
      "usertime": 5428730
     },
     "1040854657": {
      "maxRSS": 303176,
      "systemtime": 92523,
      "usertime": 5428748
     },
     "1040856833": {
      "maxRSS": 303176,
      "systemtime": 92523,
      "usertime": 5432767
     },
     "1040859026": {
      "maxRSS": 303176,
      "systemtime": 92523,
      "usertime": 5432784
     },
     "1040861196": {
      "maxRSS": 303176,
      "systemtime": 92523,
      "usertime": 5436815
     },
     "1040863336": {
      "maxRSS": 303176,
      "systemtime": 92523,
      "usertime": 5436847
     },
     "1040865479": {
      "maxRSS": 303176,
      "systemtime": 92523,
      "usertime": 5440869
     },
     "1040867564": {
      "maxRSS": 303176,
      "systemtime": 92523,
      "usertime": 5440886
     },
     "1040869659": {
      "maxRSS": 303176,
      "systemtime": 92523,
      "usertime": 5444922
     },
     "1040871775": {
      "maxRSS": 303176,
      "systemtime": 92523,
      "usertime": 5444946
     },
     "1040873887": {
      "maxRSS": 303176,
      "systemtime": 92523,
      "usertime": 5448964
     },
     "1040875972": {
      "maxRSS": 303176,
      "systemtime": 92523,
      "usertime": 5448990
     },
     "1040878053": {
      "maxRSS": 303176,
      "systemtime": 92523,
      "usertime": 5453005
     },
     "1040880124": {
      "maxRSS": 303176,
      "systemtime": 92523,
      "usertime": 5457018
     },
     "1040882237": {
      "maxRSS": 303176,
      "systemtime": 92523,
      "usertime": 5457034
     },
     "1040884308": {
      "maxRSS": 303176,
      "systemtime": 92523,
      "usertime": 5461047
     },
     "1040886377": {
      "maxRSS": 303176,
      "systemtime": 92523,
      "usertime": 5461058
     },
     "1040888494": {
      "maxRSS": 303176,
      "systemtime": 92523,
      "usertime": 5465094
     },
     "1040890599": {
      "maxRSS": 303176,
      "systemtime": 92523,
      "usertime": 5465109
     },
     "1040892672": {
      "maxRSS": 303176,
      "systemtime": 92523,
      "usertime": 5469117
     },
     "1040894749": {
      "maxRSS": 303176,
      "systemtime": 92523,
      "usertime": 5469130
     },
     "1040896821": {
      "maxRSS": 303176,
      "systemtime": 92523,
      "usertime": 5473139
     },
     "1040898889": {
      "maxRSS": 303176,
      "systemtime": 92523,
      "usertime": 5473151
     },
     "1040900974": {
      "maxRSS": 303176,
      "systemtime": 92523,
      "usertime": 5477171
     },
     "1040903085": {
      "maxRSS": 303176,
      "systemtime": 92523,
      "usertime": 5477189
     },
     "1040905165": {
      "maxRSS": 303176,
      "systemtime": 92523,
      "usertime": 5481204
     },
     "1040907278": {
      "maxRSS": 303176,
      "systemtime": 92523,
      "usertime": 5481229
     },
     "1040909349": {
      "maxRSS": 303176,
      "systemtime": 92523,
      "usertime": 5485242
     },
     "1040911426": {
      "maxRSS": 303176,
      "systemtime": 92523,
      "usertime": 5485261
     },
     "1040913516": {
      "maxRSS": 303176,
      "systemtime": 92523,
      "usertime": 5489287
     },
     "1040915629": {
      "maxRSS": 303176,
      "systemtime": 92523,
      "usertime": 5489303
     },
     "1040917706": {
      "maxRSS": 303176,
      "systemtime": 92523,
      "usertime": 5493315
     },
     "1040919803": {
      "maxRSS": 303176,
      "systemtime": 92523,
      "usertime": 5493329
     },
     "1040921887": {
      "maxRSS": 303176,
      "systemtime": 92523,
      "usertime": 5497351
     },
     "1040923996": {
      "maxRSS": 303176,
      "systemtime": 92523,
      "usertime": 5497364
     },
     "1040926085": {
      "maxRSS": 303176,
      "systemtime": 92523,
      "usertime": 5501391
     },
     "1040928158": {
      "maxRSS": 303176,
      "systemtime": 92523,
      "usertime": 5505405
     },
     "1040930224": {
      "maxRSS": 303176,
      "systemtime": 92523,
      "usertime": 5505413
     },
     "1040932291": {
      "maxRSS": 303176,
      "systemtime": 92523,
      "usertime": 5509422
     },
     "1040934389": {
      "maxRSS": 303176,
      "systemtime": 92523,
      "usertime": 5509430
     },
     "1040936456": {
      "maxRSS": 303176,
      "systemtime": 92523,
      "usertime": 5513438
     },
     "1040938563": {
      "maxRSS": 303176,
      "systemtime": 92523,
      "usertime": 5513447
     },
     "1040940643": {
      "maxRSS": 303176,
      "systemtime": 92523,
      "usertime": 5517468
     },
     "1040942717": {
      "maxRSS": 303176,
      "systemtime": 92523,
      "usertime": 5517483
     },
     "1040944806": {
      "maxRSS": 303176,
      "systemtime": 92523,
      "usertime": 5521522
     },
     "1040946888": {
      "maxRSS": 303176,
      "systemtime": 92523,
      "usertime": 5521543
     },
     "1040948967": {
      "maxRSS": 303176,
      "systemtime": 92523,
      "usertime": 5525548
     },
     "1040951073": {
      "maxRSS": 303176,
      "systemtime": 92523,
      "usertime": 5525573
     },
     "1040953180": {
      "maxRSS": 303304,
      "systemtime": 92523,
      "usertime": 5529608
     },
     "1040955292": {
      "maxRSS": 303304,
      "systemtime": 92523,
      "usertime": 5529625
     },
     "1040957372": {
      "maxRSS": 303304,
      "systemtime": 92523,
      "usertime": 5533645
     },
     "1040959468": {
      "maxRSS": 303304,
      "systemtime": 92523,
      "usertime": 5533661
     },
     "1040961547": {
      "maxRSS": 303304,
      "systemtime": 92523,
      "usertime": 5537675
     },
     "1040963623": {
      "maxRSS": 303304,
      "systemtime": 92523,
      "usertime": 5537691
     },
     "1040965759": {
      "maxRSS": 303304,
      "systemtime": 92523,
      "usertime": 5541736
     },
     "1040967852": {
      "maxRSS": 303304,
      "systemtime": 92523,
      "usertime": 5541761
     },
     "1040969959": {
      "maxRSS": 303304,
      "systemtime": 92523,
      "usertime": 5545777
     },
     "1040972023": {
      "maxRSS": 303304,
      "systemtime": 92523,
      "usertime": 5549792
     },
     "1040974096": {
      "maxRSS": 303304,
      "systemtime": 92523,
      "usertime": 5549806
     },
     "1040976172": {
      "maxRSS": 303304,
      "systemtime": 92523,
      "usertime": 5553820
     },
     "1040978271": {
      "maxRSS": 303304,
      "systemtime": 92523,
      "usertime": 5553845
     },
     "1040980387": {
      "maxRSS": 303304,
      "systemtime": 92523,
      "usertime": 5557873
     },
     "1040982520": {
      "maxRSS": 303304,
      "systemtime": 92523,
      "usertime": 5557919
     },
     "1040984654": {
      "maxRSS": 303304,
      "systemtime": 92523,
      "usertime": 5562022
     },
     "1040986745": {
      "maxRSS": 303304,
      "systemtime": 92523,
      "usertime": 5562037
     },
     "1040988856": {
      "maxRSS": 303304,
      "systemtime": 92523,
      "usertime": 5565993
     },
     "1040990974": {
      "maxRSS": 303304,
      "systemtime": 92523,
      "usertime": 5566022
     },
     "1040993090": {
      "maxRSS": 303304,
      "systemtime": 92523,
      "usertime": 5570049
     },
     "1040995248": {
      "maxRSS": 303304,
      "systemtime": 92523,
      "usertime": 5570066
     },
     "1040997356": {
      "maxRSS": 303304,
      "systemtime": 92523,
      "usertime": 5574091
     },
     "1040999434": {
      "maxRSS": 303304,
      "systemtime": 92523,
      "usertime": 5574108
     },
     "1041001511": {
      "maxRSS": 303304,
      "systemtime": 92523,
      "usertime": 5578122
     },
     "1041003629": {
      "maxRSS": 303304,
      "systemtime": 92523,
      "usertime": 5578146
     },
     "1041005716": {
      "maxRSS": 303304,
      "systemtime": 92523,
      "usertime": 5582240
     },
     "1041007787": {
      "maxRSS": 303304,
      "systemtime": 92523,
      "usertime": 5582252
     },
     "1041009859": {
      "maxRSS": 303304,
      "systemtime": 92523,
      "usertime": 5586196
     },
     "1041011965": {
      "maxRSS": 303304,
      "systemtime": 92523,
      "usertime": 5586209
     },
     "1041014054": {
      "maxRSS": 303304,
      "systemtime": 92523,
      "usertime": 5590226
     },
     "1041016126": {
      "maxRSS": 303304,
      "systemtime": 92523,
      "usertime": 5594240
     },
     "1041018218": {
      "maxRSS": 303304,
      "systemtime": 92523,
      "usertime": 5594261
     },
     "1041020291": {
      "maxRSS": 303304,
      "systemtime": 92523,
      "usertime": 5598281
     },
     "1041022361": {
      "maxRSS": 303304,
      "systemtime": 92523,
      "usertime": 5598293
     },
     "1041024462": {
      "maxRSS": 303304,
      "systemtime": 92523,
      "usertime": 5602305
     },
     "1041026530": {
      "maxRSS": 303304,
      "systemtime": 92523,
      "usertime": 5602315
     },
     "1041028621": {
      "maxRSS": 303304,
      "systemtime": 92523,
      "usertime": 5606329
     },
     "1041030726": {
      "maxRSS": 303304,
      "systemtime": 92523,
      "usertime": 5606367
     },
     "1041032803": {
      "maxRSS": 303304,
      "systemtime": 92523,
      "usertime": 5610383
     },
     "1041034921": {
      "maxRSS": 303304,
      "systemtime": 92523,
      "usertime": 5610403
     },
     "1041037001": {
      "maxRSS": 303304,
      "systemtime": 92523,
      "usertime": 5614418
     },
     "1041039083": {
      "maxRSS": 303304,
      "systemtime": 92523,
      "usertime": 5614434
     },
     "1041041160": {
      "maxRSS": 303304,
      "systemtime": 92523,
      "usertime": 5618450
     },
     "1041043250": {
      "maxRSS": 303304,
      "systemtime": 92523,
      "usertime": 5618465
     },
     "1041045378": {
      "maxRSS": 303304,
      "systemtime": 92523,
      "usertime": 5622511
     },
     "1041047463": {
      "maxRSS": 303304,
      "systemtime": 92523,
      "usertime": 5622537
     },
     "1041049586": {
      "maxRSS": 303304,
      "systemtime": 92523,
      "usertime": 5626577
     },
     "1041051684": {
      "maxRSS": 303304,
      "systemtime": 92523,
      "usertime": 5626597
     },
     "1041053768": {
      "maxRSS": 303304,
      "systemtime": 92523,
      "usertime": 5630602
     },
     "1041055855": {
      "maxRSS": 303304,
      "systemtime": 92523,
      "usertime": 5630618
     },
     "1041057987": {
      "maxRSS": 303304,
      "systemtime": 92523,
      "usertime": 5634658
     },
     "1041060065": {
      "maxRSS": 303304,
      "systemtime": 92523,
      "usertime": 5638688
     },
     "1041062165": {
      "maxRSS": 303304,
      "systemtime": 92523,
      "usertime": 5638716
     },
     "1041064246": {
      "maxRSS": 303304,
      "systemtime": 92523,
      "usertime": 5642744
     },
     "1041066342": {
      "maxRSS": 303304,
      "systemtime": 92523,
      "usertime": 5644782
     },
     "1041066547": {
      "maxRSS": 303304,
      "systemtime": 92523,
      "usertime": 5645304
     },
     "1041066899": {
      "maxRSS": 303304,
      "systemtime": 92523,
      "usertime": 5645672
     },
     "1041067994": {
      "maxRSS": 303304,
      "systemtime": 92523,
      "usertime": 5645685
     },
     "1041069126": {
      "maxRSS": 303304,
      "systemtime": 92523,
      "usertime": 5646860
     },
     "1041070235": {
      "maxRSS": 303304,
      "systemtime": 92523,
      "usertime": 5646876
     },
     "1041071312": {
      "maxRSS": 303304,
      "systemtime": 92523,
      "usertime": 5646891
     },
     "1041072415": {
      "maxRSS": 303304,
      "systemtime": 92523,
      "usertime": 5650934
     },
     "1041073504": {
      "maxRSS": 303304,
      "systemtime": 92523,
      "usertime": 5650961
     },
     "1041074585": {
      "maxRSS": 303304,
      "systemtime": 92523,
      "usertime": 5650978
     },
     "1041075698": {
      "maxRSS": 303304,
      "systemtime": 92523,
      "usertime": 5651003
     },
     "1041076790": {
      "maxRSS": 303304,
      "systemtime": 92523,
      "usertime": 5655023
     },
     "1041077872": {
      "maxRSS": 303304,
      "systemtime": 92523,
      "usertime": 5655040
     },
     "1041078952": {
      "maxRSS": 303304,
      "systemtime": 92523,
      "usertime": 5655056
     },
     "1041080057": {
      "maxRSS": 303304,
      "systemtime": 92523,
      "usertime": 5659073
     },
     "1041081161": {
      "maxRSS": 303304,
      "systemtime": 92523,
      "usertime": 5659116
     },
     "1041082242": {
      "maxRSS": 303304,
      "systemtime": 92523,
      "usertime": 5659133
     },
     "1041083318": {
      "maxRSS": 303304,
      "systemtime": 92523,
      "usertime": 5659148
     },
     "1041084439": {
      "maxRSS": 303304,
      "systemtime": 92523,
      "usertime": 5663179
     },
     "1041085521": {
      "maxRSS": 303304,
      "systemtime": 92523,
      "usertime": 5663196
     },
     "1041086602": {
      "maxRSS": 303304,
      "systemtime": 92523,
      "usertime": 5663213
     },
     "1041087700": {
      "maxRSS": 303304,
      "systemtime": 92523,
      "usertime": 5663246
     },
     "1041088836": {
      "maxRSS": 303304,
      "systemtime": 92523,
      "usertime": 5667343
     },
     "1041089927": {
      "maxRSS": 303304,
      "systemtime": 92523,
      "usertime": 5667374
     },
     "1041091034": {
      "maxRSS": 303304,
      "systemtime": 92523,
      "usertime": 5667407
     },
     "1041092148": {
      "maxRSS": 303304,
      "systemtime": 92523,
      "usertime": 5671365
     },
     "1041093251": {
      "maxRSS": 303304,
      "systemtime": 92523,
      "usertime": 5671378
     },
     "1041094333": {
      "maxRSS": 303304,
      "systemtime": 92523,
      "usertime": 5671401
     },
     "1041095425": {
      "maxRSS": 303304,
      "systemtime": 92523,
      "usertime": 5671416
     },
     "1041096510": {
      "maxRSS": 303304,
      "systemtime": 92523,
      "usertime": 5675424
     },
     "1041097617": {
      "maxRSS": 303304,
      "systemtime": 92523,
      "usertime": 5675441
     },
     "1041098712": {
      "maxRSS": 303304,
      "systemtime": 92523,
      "usertime": 5675457
     },
     "1041099784": {
      "maxRSS": 303304,
      "systemtime": 92523,
      "usertime": 5675470
     },
     "1041100883": {
      "maxRSS": 303304,
      "systemtime": 92523,
      "usertime": 5679494
     },
     "1041101991": {
      "maxRSS": 303304,
      "systemtime": 92523,
      "usertime": 5679515
     },
     "1041103079": {
      "maxRSS": 303304,
      "systemtime": 92523,
      "usertime": 5679542
     },
     "1041104160": {
      "maxRSS": 303304,
      "systemtime": 92523,
      "usertime": 5683568
     },
     "1041105255": {
      "maxRSS": 303304,
      "systemtime": 92523,
      "usertime": 5683584
     },
     "1041106336": {
      "maxRSS": 303304,
      "systemtime": 92523,
      "usertime": 5683599
     },
     "1041107475": {
      "maxRSS": 303304,
      "systemtime": 92523,
      "usertime": 5683626
     },
     "1041108573": {
      "maxRSS": 303304,
      "systemtime": 92523,
      "usertime": 5687646
     },
     "1041109684": {
      "maxRSS": 303304,
      "systemtime": 92523,
      "usertime": 5687662
     },
     "1041110783": {
      "maxRSS": 303304,
      "systemtime": 92523,
      "usertime": 5687688
     },
     "1041111911": {
      "maxRSS": 303304,
      "systemtime": 92523,
      "usertime": 5687724
     },
     "1041113017": {
      "maxRSS": 303304,
      "systemtime": 92523,
      "usertime": 5691748
     },
     "1041114114": {
      "maxRSS": 303304,
      "systemtime": 92523,
      "usertime": 5691776
     },
     "1041115227": {
      "maxRSS": 303304,
      "systemtime": 92523,
      "usertime": 5691808
     },
     "1041116312": {
      "maxRSS": 303304,
      "systemtime": 92523,
      "usertime": 5695833
     },
     "1041117407": {
      "maxRSS": 303304,
      "systemtime": 92523,
      "usertime": 5695851
     },
     "1041118492": {
      "maxRSS": 303304,
      "systemtime": 92523,
      "usertime": 5695876
     },
     "1041119562": {
      "maxRSS": 303304,
      "systemtime": 92523,
      "usertime": 5695887
     },
     "1041120651": {
      "maxRSS": 303304,
      "systemtime": 92523,
      "usertime": 5699902
     },
     "1041121749": {
      "maxRSS": 303304,
      "systemtime": 92523,
      "usertime": 5699928
     },
     "1041122821": {
      "maxRSS": 303304,
      "systemtime": 92523,
      "usertime": 5699942
     },
     "1041123895": {
      "maxRSS": 303304,
      "systemtime": 92523,
      "usertime": 5699961
     },
     "1041124987": {
      "maxRSS": 303304,
      "systemtime": 92523,
      "usertime": 5703975
     },
     "1041126119": {
      "maxRSS": 303304,
      "systemtime": 92523,
      "usertime": 5704002
     },
     "1041127256": {
      "maxRSS": 303304,
      "systemtime": 92523,
      "usertime": 5704031
     },
     "1041128357": {
      "maxRSS": 303304,
      "systemtime": 92523,
      "usertime": 5708079
     },
     "1041129446": {
      "maxRSS": 303304,
      "systemtime": 92523,
      "usertime": 5708094
     },
     "1041130536": {
      "maxRSS": 303304,
      "systemtime": 92523,
      "usertime": 5708108
     },
     "1041131608": {
      "maxRSS": 303304,
      "systemtime": 92523,
      "usertime": 5708122
     },
     "1041132375": {
      "maxRSS": 303304,
      "systemtime": 92523,
      "usertime": 5712489
     },
     "1041133465": {
      "maxRSS": 303304,
      "systemtime": 92523,
      "usertime": 5712506
     },
     "1041134556": {
      "maxRSS": 303304,
      "systemtime": 92523,
      "usertime": 5712521
     },
     "1041135640": {
      "maxRSS": 303304,
      "systemtime": 92523,
      "usertime": 5712548
     },
     "1041136727": {
      "maxRSS": 303304,
      "systemtime": 92523,
      "usertime": 5716200
     },
     "1041137845": {
      "maxRSS": 303304,
      "systemtime": 92523,
      "usertime": 5716228
     },
     "1041138921": {
      "maxRSS": 303304,
      "systemtime": 92523,
      "usertime": 5716246
     },
     "1041139988": {
      "maxRSS": 303304,
      "systemtime": 92523,
      "usertime": 5716256
     },
     "1041141060": {
      "maxRSS": 303304,
      "systemtime": 92523,
      "usertime": 5720269
     },
     "1041142153": {
      "maxRSS": 303304,
      "systemtime": 92523,
      "usertime": 5720294
     },
     "1041143260": {
      "maxRSS": 303304,
      "systemtime": 92523,
      "usertime": 5720315
     },
     "1041144345": {
      "maxRSS": 303304,
      "systemtime": 92523,
      "usertime": 5724368
     },
     "1041145423": {
      "maxRSS": 303304,
      "systemtime": 92523,
      "usertime": 5724383
     },
     "1041146555": {
      "maxRSS": 303304,
      "systemtime": 92523,
      "usertime": 5724401
     },
     "1041147650": {
      "maxRSS": 303304,
      "systemtime": 92523,
      "usertime": 5724418
     },
     "1041148750": {
      "maxRSS": 303304,
      "systemtime": 92523,
      "usertime": 5728417
     },
     "1041149842": {
      "maxRSS": 303304,
      "systemtime": 92523,
      "usertime": 5728432
     },
     "1041150916": {
      "maxRSS": 303304,
      "systemtime": 92523,
      "usertime": 5728447
     },
     "1041152018": {
      "maxRSS": 303304,
      "systemtime": 92523,
      "usertime": 5732471
     },
     "1041153098": {
      "maxRSS": 303304,
      "systemtime": 92523,
      "usertime": 5732486
     },
     "1041154191": {
      "maxRSS": 303304,
      "systemtime": 92523,
      "usertime": 5732502
     },
     "1041155290": {
      "maxRSS": 303304,
      "systemtime": 92523,
      "usertime": 5732524
     },
     "1041156361": {
      "maxRSS": 303304,
      "systemtime": 92523,
      "usertime": 5736536
     },
     "1041157449": {
      "maxRSS": 303304,
      "systemtime": 92523,
      "usertime": 5736549
     },
     "1041158531": {
      "maxRSS": 303304,
      "systemtime": 92523,
      "usertime": 5736565
     },
     "1041159603": {
      "maxRSS": 303304,
      "systemtime": 92523,
      "usertime": 5736580
     },
     "1041160679": {
      "maxRSS": 303304,
      "systemtime": 92523,
      "usertime": 5740595
     },
     "1041161756": {
      "maxRSS": 303304,
      "systemtime": 92523,
      "usertime": 5740609
     },
     "1041162859": {
      "maxRSS": 303304,
      "systemtime": 92523,
      "usertime": 5740632
     },
     "1041163933": {
      "maxRSS": 303304,
      "systemtime": 92523,
      "usertime": 5740647
     },
     "1041165064": {
      "maxRSS": 303304,
      "systemtime": 92523,
      "usertime": 5744673
     },
     "1041166176": {
      "maxRSS": 303304,
      "systemtime": 92523,
      "usertime": 5744706
     },
     "1041167263": {
      "maxRSS": 303304,
      "systemtime": 92523,
      "usertime": 5744733
     },
     "1041168337": {
      "maxRSS": 303304,
      "systemtime": 92523,
      "usertime": 5748748
     },
     "1041169467": {
      "maxRSS": 303432,
      "systemtime": 92523,
      "usertime": 5748777
     },
     "1041170553": {
      "maxRSS": 303432,
      "systemtime": 92523,
      "usertime": 5748794
     },
     "1041171649": {
      "maxRSS": 303432,
      "systemtime": 92523,
      "usertime": 5748813
     },
     "1041172727": {
      "maxRSS": 303432,
      "systemtime": 92523,
      "usertime": 5752835
     },
     "1041173815": {
      "maxRSS": 303432,
      "systemtime": 92523,
      "usertime": 5752848
     },
     "1041174908": {
      "maxRSS": 303432,
      "systemtime": 92523,
      "usertime": 5752864
     },
     "1041176017": {
      "maxRSS": 303432,
      "systemtime": 96352,
      "usertime": 5753072
     },
     "1041177096": {
      "maxRSS": 303432,
      "systemtime": 96353,
      "usertime": 5753087
     },
     "1041178182": {
      "maxRSS": 303432,
      "systemtime": 96353,
      "usertime": 5753105
     },
     "1041179279": {
      "maxRSS": 303432,
      "systemtime": 96353,
      "usertime": 5753122
     },
     "1041180356": {
      "maxRSS": 303432,
      "systemtime": 96353,
      "usertime": 5757138
     },
     "1041181459": {
      "maxRSS": 303432,
      "systemtime": 96354,
      "usertime": 5757166
     },
     "1041182557": {
      "maxRSS": 303432,
      "systemtime": 96354,
      "usertime": 5757202
     },
     "1041183634": {
      "maxRSS": 303432,
      "systemtime": 96355,
      "usertime": 5757217
     },
     "1041184727": {
      "maxRSS": 303432,
      "systemtime": 96355,
      "usertime": 5761233
     },
     "1041185829": {
      "maxRSS": 303432,
      "systemtime": 96355,
      "usertime": 5761258
     },
     "1041186934": {
      "maxRSS": 303432,
      "systemtime": 96356,
      "usertime": 5761289
     },
     "1041188012": {
      "maxRSS": 303432,
      "systemtime": 96356,
      "usertime": 5761306
     },
     "1041189117": {
      "maxRSS": 303432,
      "systemtime": 96356,
      "usertime": 5765352
     },
     "1041190239": {
      "maxRSS": 303432,
      "systemtime": 96357,
      "usertime": 5765395
     },
     "1041191331": {
      "maxRSS": 303432,
      "systemtime": 96358,
      "usertime": 5765424
     },
     "1041192409": {
      "maxRSS": 303432,
      "systemtime": 96358,
      "usertime": 5769424
     },
     "1041193489": {
      "maxRSS": 303432,
      "systemtime": 96358,
      "usertime": 5769440
     },
     "1041194574": {
      "maxRSS": 303432,
      "systemtime": 96358,
      "usertime": 5769456
     },
     "1041195651": {
      "maxRSS": 303432,
      "systemtime": 96358,
      "usertime": 5769473
     },
     "1041196739": {
      "maxRSS": 303432,
      "systemtime": 96358,
      "usertime": 5773501
     },
     "1041197816": {
      "maxRSS": 303432,
      "systemtime": 96359,
      "usertime": 5773516
     },
     "1041198892": {
      "maxRSS": 303432,
      "systemtime": 96359,
      "usertime": 5773530
     },
     "1041199966": {
      "maxRSS": 303432,
      "systemtime": 96359,
      "usertime": 5773544
     },
     "1041201042": {
      "maxRSS": 303432,
      "systemtime": 96359,
      "usertime": 5777557
     },
     "1041202148": {
      "maxRSS": 303432,
      "systemtime": 96359,
      "usertime": 5777582
     },
     "1041203308": {
      "maxRSS": 303432,
      "systemtime": 96361,
      "usertime": 5777661
     },
     "1041204387": {
      "maxRSS": 303432,
      "systemtime": 96361,
      "usertime": 5781679
     },
     "1041205459": {
      "maxRSS": 303432,
      "systemtime": 96361,
      "usertime": 5781691
     },
     "1041206529": {
      "maxRSS": 303432,
      "systemtime": 96361,
      "usertime": 5781710
     },
     "1041207605": {
      "maxRSS": 303432,
      "systemtime": 96362,
      "usertime": 5781722
     },
     "1041208696": {
      "maxRSS": 303432,
      "systemtime": 96362,
      "usertime": 5785736
     },
     "1041209779": {
      "maxRSS": 303432,
      "systemtime": 96362,
      "usertime": 5785760
     },
     "1041210886": {
      "maxRSS": 303432,
      "systemtime": 96362,
      "usertime": 5785781
     },
     "1041211998": {
      "maxRSS": 303432,
      "systemtime": 96363,
      "usertime": 5785815
     },
     "1041213103": {
      "maxRSS": 303432,
      "systemtime": 96363,
      "usertime": 5789860
     },
     "1041214174": {
      "maxRSS": 303432,
      "systemtime": 96363,
      "usertime": 5789873
     },
     "1041215246": {
      "maxRSS": 303432,
      "systemtime": 96363,
      "usertime": 5789886
     },
     "1041216329": {
      "maxRSS": 303432,
      "systemtime": 96363,
      "usertime": 5793902
     },
     "1041217416": {
      "maxRSS": 303432,
      "systemtime": 96363,
      "usertime": 5793927
     },
     "1041218514": {
      "maxRSS": 303432,
      "systemtime": 96363,
      "usertime": 5793953
     },
     "1041219610": {
      "maxRSS": 303432,
      "systemtime": 96363,
      "usertime": 5793979
     },
     "1041220704": {
      "maxRSS": 303432,
      "systemtime": 96363,
      "usertime": 5798009
     },
     "1041221777": {
      "maxRSS": 303432,
      "systemtime": 96363,
      "usertime": 5798023
     },
     "1041222851": {
      "maxRSS": 303432,
      "systemtime": 96363,
      "usertime": 5798037
     },
     "1041223948": {
      "maxRSS": 303432,
      "systemtime": 96363,
      "usertime": 5798061
     },
     "1041225025": {
      "maxRSS": 303432,
      "systemtime": 96363,
      "usertime": 5802062
     },
     "1041226094": {
      "maxRSS": 303432,
      "systemtime": 96363,
      "usertime": 5802073
     },
     "1041227159": {
      "maxRSS": 303432,
      "systemtime": 96363,
      "usertime": 5802082
     },
     "1041228295": {
      "maxRSS": 303432,
      "systemtime": 96363,
      "usertime": 5806108
     },
     "1041229452": {
      "maxRSS": 303432,
      "systemtime": 96363,
      "usertime": 5806138
     },
     "1041230591": {
      "maxRSS": 303432,
      "systemtime": 96363,
      "usertime": 5806165
     },
     "1041231733": {
      "maxRSS": 303432,
      "systemtime": 96363,
      "usertime": 5806189
     },
     "1041232821": {
      "maxRSS": 303432,
      "systemtime": 96363,
      "usertime": 5810206
     },
     "1041233940": {
      "maxRSS": 303432,
      "systemtime": 96363,
      "usertime": 5810236
     },
     "1041235035": {
      "maxRSS": 303432,
      "systemtime": 96363,
      "usertime": 5810256
     },
     "1041236116": {
      "maxRSS": 303432,
      "systemtime": 96363,
      "usertime": 5814272
     },
     "1041237215": {
      "maxRSS": 303432,
      "systemtime": 96363,
      "usertime": 5814295
     },
     "1041238291": {
      "maxRSS": 303432,
      "systemtime": 96363,
      "usertime": 5814310
     },
     "1041239375": {
      "maxRSS": 303432,
      "systemtime": 96363,
      "usertime": 5814326
     },
     "1041240466": {
      "maxRSS": 303432,
      "systemtime": 96363,
      "usertime": 5818342
     },
     "1041241571": {
      "maxRSS": 303432,
      "systemtime": 96363,
      "usertime": 5818373
     },
     "1041242652": {
      "maxRSS": 303432,
      "systemtime": 96363,
      "usertime": 5818388
     },
     "1041243742": {
      "maxRSS": 303432,
      "systemtime": 96363,
      "usertime": 5818404
     },
     "1041244832": {
      "maxRSS": 303432,
      "systemtime": 96363,
      "usertime": 5822429
     },
     "1041245927": {
      "maxRSS": 303432,
      "systemtime": 96363,
      "usertime": 5822445
     },
     "1041247063": {
      "maxRSS": 303432,
      "systemtime": 96363,
      "usertime": 5822466
     },
     "1041248157": {
      "maxRSS": 303432,
      "systemtime": 96363,
      "usertime": 5826519
     },
     "1041249252": {
      "maxRSS": 303432,
      "systemtime": 96363,
      "usertime": 5826538
     },
     "1041250328": {
      "maxRSS": 303432,
      "systemtime": 96363,
      "usertime": 5826553
     },
     "1041251422": {
      "maxRSS": 303432,
      "systemtime": 96363,
      "usertime": 5826582
     },
     "1041252537": {
      "maxRSS": 303432,
      "systemtime": 96363,
      "usertime": 5830585
     },
     "1041253647": {
      "maxRSS": 303432,
      "systemtime": 96363,
      "usertime": 5830601
     },
     "1041254734": {
      "maxRSS": 303432,
      "systemtime": 96363,
      "usertime": 5830617
     },
     "1041255840": {
      "maxRSS": 303432,
      "systemtime": 96363,
      "usertime": 5830646
     },
     "1041256935": {
      "maxRSS": 303432,
      "systemtime": 96363,
      "usertime": 5834671
     },
     "1041258046": {
      "maxRSS": 303432,
      "systemtime": 96363,
      "usertime": 5834696
     },
     "1041259115": {
      "maxRSS": 303432,
      "systemtime": 96363,
      "usertime": 5834707
     },
     "1041260196": {
      "maxRSS": 303432,
      "systemtime": 96363,
      "usertime": 5838735
     },
     "1041261281": {
      "maxRSS": 303432,
      "systemtime": 96363,
      "usertime": 5838752
     },
     "1041262372": {
      "maxRSS": 303432,
      "systemtime": 96363,
      "usertime": 5838766
     },
     "1041263449": {
      "maxRSS": 303432,
      "systemtime": 96363,
      "usertime": 5838781
     },
     "1041264554": {
      "maxRSS": 303432,
      "systemtime": 96363,
      "usertime": 5842793
     },
     "1041265649": {
      "maxRSS": 303432,
      "systemtime": 96363,
      "usertime": 5842807
     },
     "1041266719": {
      "maxRSS": 303432,
      "systemtime": 96363,
      "usertime": 5842820
     },
     "1041267785": {
      "maxRSS": 303432,
      "systemtime": 96363,
      "usertime": 5842828
     },
     "1041268852": {
      "maxRSS": 303432,
      "systemtime": 96363,
      "usertime": 5846838
     },
     "1041269921": {
      "maxRSS": 303432,
      "systemtime": 96363,
      "usertime": 5846849
     },
     "1041270997": {
      "maxRSS": 303432,
      "systemtime": 96363,
      "usertime": 5846866
     },
     "1041273114": {
      "maxRSS": 303432,
      "systemtime": 96363,
      "usertime": 5850884
     },
     "1041275205": {
      "maxRSS": 303432,
      "systemtime": 96363,
      "usertime": 5850917
     },
     "1041277314": {
      "maxRSS": 303432,
      "systemtime": 96363,
      "usertime": 5854951
     },
     "1041279434": {
      "maxRSS": 303432,
      "systemtime": 96363,
      "usertime": 5854977
     },
     "1041281528": {
      "maxRSS": 303432,
      "systemtime": 96363,
      "usertime": 5859000
     },
     "1041283711": {
      "maxRSS": 303432,
      "systemtime": 96363,
      "usertime": 5859024
     },
     "1041285843": {
      "maxRSS": 303432,
      "systemtime": 96363,
      "usertime": 5863268
     },
     "1041287957": {
      "maxRSS": 303432,
      "systemtime": 96363,
      "usertime": 5863306
     },
     "1041290088": {
      "maxRSS": 303432,
      "systemtime": 96363,
      "usertime": 5867201
     },
     "1041292209": {
      "maxRSS": 303432,
      "systemtime": 96363,
      "usertime": 5871253
     },
     "1041294330": {
      "maxRSS": 303432,
      "systemtime": 96363,
      "usertime": 5871295
     },
     "1041296446": {
      "maxRSS": 303432,
      "systemtime": 96363,
      "usertime": 5875294
     },
     "1041298593": {
      "maxRSS": 303432,
      "systemtime": 96363,
      "usertime": 5875364
     },
     "1041300708": {
      "maxRSS": 303432,
      "systemtime": 96363,
      "usertime": 5879405
     },
     "1041302834": {
      "maxRSS": 303432,
      "systemtime": 96363,
      "usertime": 5879443
     },
     "1041305040": {
      "maxRSS": 303432,
      "systemtime": 96363,
      "usertime": 5883493
     },
     "1041307226": {
      "maxRSS": 303432,
      "systemtime": 96363,
      "usertime": 5883520
     },
     "1041309336": {
      "maxRSS": 303432,
      "systemtime": 96363,
      "usertime": 5887527
     },
     "1041311484": {
      "maxRSS": 303432,
      "systemtime": 96363,
      "usertime": 5887582
     },
     "1041313605": {
      "maxRSS": 303432,
      "systemtime": 96363,
      "usertime": 5891628
     },
     "1041315704": {
      "maxRSS": 303432,
      "systemtime": 96363,
      "usertime": 5891662
     },
     "1041317844": {
      "maxRSS": 303432,
      "systemtime": 96363,
      "usertime": 5895682
     },
     "1041320052": {
      "maxRSS": 303432,
      "systemtime": 96363,
      "usertime": 5899710
     },
     "1041322174": {
      "maxRSS": 303432,
      "systemtime": 96363,
      "usertime": 5899726
     },
     "1041324271": {
      "maxRSS": 303432,
      "systemtime": 96363,
      "usertime": 5903758
     },
     "1041326343": {
      "maxRSS": 303432,
      "systemtime": 96363,
      "usertime": 5903770
     },
     "1041328426": {
      "maxRSS": 303432,
      "systemtime": 96363,
      "usertime": 5907782
     },
     "1041330505": {
      "maxRSS": 303432,
      "systemtime": 96363,
      "usertime": 5907797
     },
     "1041332600": {
      "maxRSS": 303432,
      "systemtime": 96363,
      "usertime": 5911832
     },
     "1041334695": {
      "maxRSS": 303432,
      "systemtime": 96363,
      "usertime": 5911851
     },
     "1041336780": {
      "maxRSS": 303432,
      "systemtime": 96363,
      "usertime": 5915866
     },
     "1041338908": {
      "maxRSS": 303432,
      "systemtime": 96363,
      "usertime": 5915897
     },
     "1041340995": {
      "maxRSS": 303432,
      "systemtime": 96363,
      "usertime": 5919914
     },
     "1041343075": {
      "maxRSS": 303432,
      "systemtime": 96363,
      "usertime": 5919930
     },
     "1041345155": {
      "maxRSS": 303432,
      "systemtime": 96363,
      "usertime": 5923948
     },
     "1041347231": {
      "maxRSS": 303432,
      "systemtime": 96363,
      "usertime": 5923964
     },
     "1041349358": {
      "maxRSS": 303432,
      "systemtime": 96363,
      "usertime": 5927983
     },
     "1041351652": {
      "maxRSS": 303432,
      "systemtime": 96363,
      "usertime": 5928070
     },
     "1041353820": {
      "maxRSS": 303432,
      "systemtime": 96363,
      "usertime": 5932103
     },
     "1041355892": {
      "maxRSS": 303432,
      "systemtime": 96363,
      "usertime": 5932116
     },
     "1041357963": {
      "maxRSS": 303432,
      "systemtime": 96363,
      "usertime": 5936129
     },
     "1041360031": {
      "maxRSS": 303432,
      "systemtime": 96363,
      "usertime": 5940139
     },
     "1041362126": {
      "maxRSS": 303432,
      "systemtime": 96363,
      "usertime": 5940155
     },
     "1041364332": {
      "maxRSS": 303432,
      "systemtime": 96363,
      "usertime": 5944188
     },
     "1041366416": {
      "maxRSS": 303432,
      "systemtime": 96363,
      "usertime": 5944203
     },
     "1041368529": {
      "maxRSS": 303432,
      "systemtime": 96363,
      "usertime": 5948223
     },
     "1041370634": {
      "maxRSS": 303432,
      "systemtime": 96363,
      "usertime": 5948234
     },
     "1041372724": {
      "maxRSS": 303432,
      "systemtime": 96363,
      "usertime": 5952964
     },
     "1041373453": {
      "maxRSS": 303432,
      "systemtime": 96363,
      "usertime": 5953678
     },
     "1041374641": {
      "maxRSS": 303432,
      "systemtime": 96363,
      "usertime": 5953721
     },
     "1041375717": {
      "maxRSS": 303432,
      "systemtime": 96363,
      "usertime": 5953738
     },
     "1041376817": {
      "maxRSS": 303432,
      "systemtime": 96363,
      "usertime": 5956338
     },
     "1041377885": {
      "maxRSS": 303432,
      "systemtime": 96363,
      "usertime": 5956348
     },
     "1041378968": {
      "maxRSS": 303432,
      "systemtime": 96363,
      "usertime": 5956364
     },
     "1041380024": {
      "maxRSS": 303432,
      "systemtime": 96363,
      "usertime": 5960385
     },
     "1041381093": {
      "maxRSS": 303432,
      "systemtime": 96363,
      "usertime": 5960398
     },
     "1041382225": {
      "maxRSS": 303432,
      "systemtime": 96363,
      "usertime": 5960429
     },
     "1041383311": {
      "maxRSS": 303432,
      "systemtime": 96363,
      "usertime": 5960449
     },
     "1041384391": {
      "maxRSS": 303432,
      "systemtime": 96363,
      "usertime": 5964466
     },
     "1041385472": {
      "maxRSS": 303432,
      "systemtime": 96363,
      "usertime": 5964482
     },
     "1041386557": {
      "maxRSS": 303432,
      "systemtime": 96363,
      "usertime": 5964501
     },
     "1041387753": {
      "maxRSS": 303432,
      "systemtime": 96363,
      "usertime": 5964529
     },
     "1041388882": {
      "maxRSS": 303432,
      "systemtime": 96363,
      "usertime": 5968588
     },
     "1041389958": {
      "maxRSS": 303432,
      "systemtime": 96363,
      "usertime": 5968603
     },
     "1041391037": {
      "maxRSS": 303432,
      "systemtime": 96363,
      "usertime": 5968617
     },
     "1041392115": {
      "maxRSS": 303432,
      "systemtime": 96363,
      "usertime": 5972634
     },
     "1041393189": {
      "maxRSS": 303432,
      "systemtime": 96363,
      "usertime": 5972649
     },
     "1041394268": {
      "maxRSS": 303432,
      "systemtime": 96363,
      "usertime": 5972664
     },
     "1041395365": {
      "maxRSS": 303432,
      "systemtime": 96363,
      "usertime": 5972697
     },
     "1041396477": {
      "maxRSS": 303432,
      "systemtime": 96363,
      "usertime": 5976714
     },
     "1041397546": {
      "maxRSS": 303432,
      "systemtime": 96363,
      "usertime": 5976725
     },
     "1041398655": {
      "maxRSS": 303432,
      "systemtime": 96363,
      "usertime": 5976743
     },
     "1041399739": {
      "maxRSS": 303432,
      "systemtime": 96363,
      "usertime": 5976772
     },
     "1041400806": {
      "maxRSS": 303432,
      "systemtime": 96363,
      "usertime": 5980781
     },
     "1041401919": {
      "maxRSS": 303432,
      "systemtime": 96363,
      "usertime": 5980801
     },
     "1041402985": {
      "maxRSS": 303432,
      "systemtime": 96363,
      "usertime": 5980810
     },
     "1041404027": {
      "maxRSS": 303432,
      "systemtime": 96363,
      "usertime": 5984822
     },
     "1041405117": {
      "maxRSS": 303432,
      "systemtime": 96363,
      "usertime": 5984844
     },
     "1041406203": {
      "maxRSS": 303432,
      "systemtime": 96363,
      "usertime": 5984864
     },
     "1041407281": {
      "maxRSS": 303432,
      "systemtime": 96363,
      "usertime": 5984881
     },
     "1041408357": {
      "maxRSS": 303432,
      "systemtime": 96363,
      "usertime": 5988897
     },
     "1041409455": {
      "maxRSS": 303432,
      "systemtime": 96363,
      "usertime": 5988929
     },
     "1041410539": {
      "maxRSS": 303432,
      "systemtime": 96363,
      "usertime": 5988947
     },
     "1041411615": {
      "maxRSS": 303432,
      "systemtime": 96363,
      "usertime": 5988961
     },
     "1041412691": {
      "maxRSS": 303432,
      "systemtime": 96363,
      "usertime": 5992977
     },
     "1041413794": {
      "maxRSS": 303432,
      "systemtime": 96363,
      "usertime": 5992992
     },
     "1041414862": {
      "maxRSS": 303432,
      "systemtime": 96383,
      "usertime": 5995830
     },
     "1041415104": {
      "maxRSS": 303432,
      "systemtime": 96387,
      "usertime": 5996094
     },
     "1041416169": {
      "maxRSS": 303432,
      "systemtime": 96387,
      "usertime": 5997007
     },
     "1041417232": {
      "maxRSS": 303432,
      "systemtime": 96387,
      "usertime": 5997014
     },
     "1041418359": {
      "maxRSS": 303432,
      "systemtime": 96387,
      "usertime": 5997028
     },
     "1041419445": {
      "maxRSS": 303432,
      "systemtime": 96387,
      "usertime": 5997046
     },
     "1041420576": {
      "maxRSS": 303432,
      "systemtime": 96387,
      "usertime": 6001114
     },
     "1041421703": {
      "maxRSS": 303432,
      "systemtime": 96387,
      "usertime": 6001140
     },
     "1041422814": {
      "maxRSS": 303432,
      "systemtime": 96387,
      "usertime": 6001158
     },
     "1041423893": {
      "maxRSS": 303432,
      "systemtime": 96387,
      "usertime": 6001170
     },
     "1041424976": {
      "maxRSS": 303432,
      "systemtime": 96387,
      "usertime": 6005141
     },
     "1041426158": {
      "maxRSS": 303432,
      "systemtime": 96387,
      "usertime": 6005155
     },
     "1041427240": {
      "maxRSS": 303432,
      "systemtime": 96387,
      "usertime": 6005169
     },
     "1041428323": {
      "maxRSS": 303432,
      "systemtime": 96387,
      "usertime": 6009197
     },
     "1041429394": {
      "maxRSS": 303432,
      "systemtime": 96387,
      "usertime": 6009210
     },
     "1041430463": {
      "maxRSS": 303432,
      "systemtime": 96387,
      "usertime": 6009221
     },
     "1041431537": {
      "maxRSS": 303432,
      "systemtime": 96387,
      "usertime": 6009232
     },
     "1041432657": {
      "maxRSS": 303432,
      "systemtime": 96387,
      "usertime": 6013247
     },
     "1041433759": {
      "maxRSS": 303432,
      "systemtime": 96387,
      "usertime": 6013258
     },
     "1041434859": {
      "maxRSS": 303432,
      "systemtime": 96387,
      "usertime": 6013266
     },
     "1041435975": {
      "maxRSS": 303560,
      "systemtime": 96387,
      "usertime": 6013295
     },
     "1041437046": {
      "maxRSS": 303560,
      "systemtime": 96387,
      "usertime": 6017306
     },
     "1041438118": {
      "maxRSS": 303560,
      "systemtime": 96387,
      "usertime": 6017321
     },
     "1041439222": {
      "maxRSS": 303560,
      "systemtime": 96387,
      "usertime": 6017331
     },
     "1041440292": {
      "maxRSS": 303560,
      "systemtime": 96387,
      "usertime": 6021343
     },
     "1041441359": {
      "maxRSS": 303560,
      "systemtime": 96387,
      "usertime": 6021353
     },
     "1041442434": {
      "maxRSS": 303560,
      "systemtime": 96387,
      "usertime": 6021371
     },
     "1041443533": {
      "maxRSS": 303560,
      "systemtime": 96387,
      "usertime": 6021379
     },
     "1041444599": {
      "maxRSS": 303560,
      "systemtime": 96387,
      "usertime": 6025386
     },
     "1041445679": {
      "maxRSS": 303560,
      "systemtime": 96387,
      "usertime": 6025397
     },
     "1041446807": {
      "maxRSS": 303560,
      "systemtime": 96387,
      "usertime": 6025421
     },
     "1041447929": {
      "maxRSS": 303560,
      "systemtime": 96387,
      "usertime": 6025437
     },
     "1041449036": {
      "maxRSS": 303560,
      "systemtime": 96387,
      "usertime": 6029461
     },
     "1041450124": {
      "maxRSS": 303560,
      "systemtime": 96387,
      "usertime": 6029470
     },
     "1041451259": {
      "maxRSS": 303560,
      "systemtime": 96387,
      "usertime": 6029493
     },
     "1041452328": {
      "maxRSS": 303560,
      "systemtime": 96387,
      "usertime": 6033503
     },
     "1041453427": {
      "maxRSS": 303560,
      "systemtime": 96387,
      "usertime": 6033511
     },
     "1041454525": {
      "maxRSS": 303560,
      "systemtime": 96387,
      "usertime": 6033519
     },
     "1041455599": {
      "maxRSS": 303560,
      "systemtime": 96387,
      "usertime": 6033536
     },
     "1041456702": {
      "maxRSS": 303560,
      "systemtime": 96387,
      "usertime": 6037546
     },
     "1041457802": {
      "maxRSS": 303560,
      "systemtime": 96387,
      "usertime": 6037555
     },
     "1041458900": {
      "maxRSS": 303560,
      "systemtime": 96387,
      "usertime": 6037564
     },
     "1041459966": {
      "maxRSS": 303560,
      "systemtime": 96387,
      "usertime": 6037573
     },
     "1041461066": {
      "maxRSS": 303560,
      "systemtime": 96387,
      "usertime": 6041586
     },
     "1041462170": {
      "maxRSS": 303560,
      "systemtime": 96387,
      "usertime": 6041603
     },
     "1041463320": {
      "maxRSS": 303560,
      "systemtime": 96387,
      "usertime": 6041643
     },
     "1041464447": {
      "maxRSS": 303560,
      "systemtime": 96387,
      "usertime": 6045738
     },
     "1041465548": {
      "maxRSS": 303560,
      "systemtime": 96387,
      "usertime": 6045748
     },
     "1041466637": {
      "maxRSS": 303560,
      "systemtime": 96387,
      "usertime": 6045757
     },
     "1041467705": {
      "maxRSS": 303560,
      "systemtime": 96387,
      "usertime": 6045766
     },
     "1041468780": {
      "maxRSS": 303560,
      "systemtime": 96387,
      "usertime": 6049715
     },
     "1041469865": {
      "maxRSS": 303560,
      "systemtime": 96387,
      "usertime": 6049740
     },
     "1041470975": {
      "maxRSS": 303560,
      "systemtime": 96387,
      "usertime": 6049751
     },
     "1041472056": {
      "maxRSS": 303560,
      "systemtime": 96387,
      "usertime": 6053760
     },
     "1041473167": {
      "maxRSS": 303560,
      "systemtime": 96387,
      "usertime": 6053773
     },
     "1041474277": {
      "maxRSS": 303560,
      "systemtime": 96387,
      "usertime": 6053788
     },
     "1041475374": {
      "maxRSS": 303560,
      "systemtime": 96387,
      "usertime": 6053795
     },
     "1041476484": {
      "maxRSS": 303560,
      "systemtime": 96387,
      "usertime": 6057810
     },
     "1041477583": {
      "maxRSS": 303560,
      "systemtime": 96387,
      "usertime": 6057818
     },
     "1041478655": {
      "maxRSS": 303560,
      "systemtime": 96387,
      "usertime": 6057829
     },
     "1041479724": {
      "maxRSS": 303560,
      "systemtime": 96387,
      "usertime": 6057842
     },
     "1041480802": {
      "maxRSS": 303560,
      "systemtime": 96387,
      "usertime": 6061907
     },
     "1041481884": {
      "maxRSS": 303560,
      "systemtime": 96387,
      "usertime": 6061922
     },
     "1041482969": {
      "maxRSS": 303560,
      "systemtime": 96387,
      "usertime": 6061944
     },
     "1041484024": {
      "maxRSS": 303560,
      "systemtime": 96387,
      "usertime": 6065909
     },
     "1041485158": {
      "maxRSS": 303560,
      "systemtime": 96387,
      "usertime": 6065926
     },
     "1041486249": {
      "maxRSS": 303560,
      "systemtime": 96387,
      "usertime": 6065942
     },
     "1041487330": {
      "maxRSS": 303560,
      "systemtime": 96387,
      "usertime": 6065960
     },
     "1041488410": {
      "maxRSS": 303560,
      "systemtime": 96387,
      "usertime": 6069981
     },
     "1041489504": {
      "maxRSS": 303560,
      "systemtime": 96387,
      "usertime": 6069997
     },
     "1041490600": {
      "maxRSS": 303560,
      "systemtime": 96387,
      "usertime": 6070028
     },
     "1041491677": {
      "maxRSS": 303560,
      "systemtime": 96387,
      "usertime": 6070044
     },
     "1041492758": {
      "maxRSS": 303560,
      "systemtime": 96387,
      "usertime": 6074057
     },
     "1041493841": {
      "maxRSS": 303560,
      "systemtime": 96387,
      "usertime": 6074073
     },
     "1041494928": {
      "maxRSS": 303560,
      "systemtime": 96387,
      "usertime": 6074093
     },
     "1041496118": {
      "maxRSS": 303560,
      "systemtime": 96387,
      "usertime": 6078110
     },
     "1041497244": {
      "maxRSS": 303560,
      "systemtime": 96387,
      "usertime": 6078169
     },
     "1041498318": {
      "maxRSS": 303560,
      "systemtime": 96387,
      "usertime": 6078183
     },
     "1041499394": {
      "maxRSS": 303560,
      "systemtime": 96387,
      "usertime": 6078196
     },
     "1041500484": {
      "maxRSS": 303560,
      "systemtime": 96387,
      "usertime": 6082241
     },
     "1041501568": {
      "maxRSS": 303560,
      "systemtime": 96387,
      "usertime": 6082257
     },
     "1041502667": {
      "maxRSS": 303560,
      "systemtime": 96387,
      "usertime": 6082272
     },
     "1041503799": {
      "maxRSS": 303560,
      "systemtime": 96387,
      "usertime": 6082305
     },
     "1041504872": {
      "maxRSS": 303560,
      "systemtime": 96387,
      "usertime": 6086290
     },
     "1041505955": {
      "maxRSS": 303560,
      "systemtime": 96387,
      "usertime": 6086303
     },
     "1041507032": {
      "maxRSS": 303560,
      "systemtime": 96387,
      "usertime": 6086318
     },
     "1041508110": {
      "maxRSS": 303560,
      "systemtime": 96387,
      "usertime": 6090330
     },
     "1041509189": {
      "maxRSS": 303560,
      "systemtime": 96387,
      "usertime": 6090347
     },
     "1041510276": {
      "maxRSS": 303560,
      "systemtime": 96387,
      "usertime": 6090373
     },
     "1041511358": {
      "maxRSS": 303560,
      "systemtime": 96387,
      "usertime": 6090390
     },
     "1041512556": {
      "maxRSS": 303560,
      "systemtime": 96387,
      "usertime": 6094410
     },
     "1041513637": {
      "maxRSS": 303560,
      "systemtime": 96387,
      "usertime": 6094427
     },
     "1041514715": {
      "maxRSS": 303560,
      "systemtime": 96387,
      "usertime": 6094445
     },
     "1041515789": {
      "maxRSS": 303560,
      "systemtime": 96387,
      "usertime": 6094460
     },
     "1041516881": {
      "maxRSS": 303560,
      "systemtime": 96387,
      "usertime": 6098475
     },
     "1041517974": {
      "maxRSS": 303560,
      "systemtime": 96387,
      "usertime": 6098501
     },
     "1041519056": {
      "maxRSS": 303560,
      "systemtime": 96387,
      "usertime": 6098517
     },
     "1041520098": {
      "maxRSS": 303560,
      "systemtime": 96387,
      "usertime": 6102532
     },
     "1041521173": {
      "maxRSS": 303560,
      "systemtime": 96387,
      "usertime": 6102547
     },
     "1041522318": {
      "maxRSS": 303560,
      "systemtime": 96387,
      "usertime": 6102570
     },
     "1041523402": {
      "maxRSS": 303560,
      "systemtime": 96387,
      "usertime": 6102596
     },
     "1041524483": {
      "maxRSS": 303560,
      "systemtime": 96387,
      "usertime": 6106618
     },
     "1041525562": {
      "maxRSS": 303560,
      "systemtime": 96387,
      "usertime": 6106630
     },
     "1041526667": {
      "maxRSS": 303560,
      "systemtime": 96387,
      "usertime": 6106648
     },
     "1041527745": {
      "maxRSS": 303560,
      "systemtime": 96387,
      "usertime": 6106664
     },
     "1041528864": {
      "maxRSS": 303560,
      "systemtime": 96387,
      "usertime": 6110765
     },
     "1041529978": {
      "maxRSS": 303560,
      "systemtime": 96387,
      "usertime": 6110785
     },
     "1041531055": {
      "maxRSS": 303560,
      "systemtime": 96387,
      "usertime": 6110803
     },
     "1041532125": {
      "maxRSS": 303560,
      "systemtime": 96387,
      "usertime": 6114744
     },
     "1041533219": {
      "maxRSS": 303560,
      "systemtime": 96387,
      "usertime": 6114762
     },
     "1041534300": {
      "maxRSS": 303560,
      "systemtime": 96387,
      "usertime": 6114784
     },
     "1041535377": {
      "maxRSS": 303560,
      "systemtime": 96387,
      "usertime": 6114799
     },
     "1041536456": {
      "maxRSS": 303560,
      "systemtime": 96387,
      "usertime": 6118814
     },
     "1041537535": {
      "maxRSS": 303560,
      "systemtime": 96387,
      "usertime": 6118835
     },
     "1041538641": {
      "maxRSS": 303560,
      "systemtime": 96387,
      "usertime": 6118845
     },
     "1041539753": {
      "maxRSS": 303560,
      "systemtime": 96387,
      "usertime": 6118864
     },
     "1041540821": {
      "maxRSS": 303560,
      "systemtime": 96387,
      "usertime": 6122873
     },
     "1041541887": {
      "maxRSS": 303560,
      "systemtime": 96387,
      "usertime": 6122882
     },
     "1041542993": {
      "maxRSS": 303560,
      "systemtime": 96387,
      "usertime": 6122893
     },
     "1041544015": {
      "maxRSS": 303560,
      "systemtime": 96387,
      "usertime": 6126900
     },
     "1041545128": {
      "maxRSS": 303560,
      "systemtime": 96387,
      "usertime": 6126920
     },
     "1041546228": {
      "maxRSS": 303560,
      "systemtime": 96387,
      "usertime": 6126931
     },
     "1041547309": {
      "maxRSS": 303560,
      "systemtime": 96387,
      "usertime": 6126946
     },
     "1041548393": {
      "maxRSS": 303560,
      "systemtime": 96387,
      "usertime": 6130964
     },
     "1041549472": {
      "maxRSS": 303560,
      "systemtime": 96387,
      "usertime": 6130979
     },
     "1041550540": {
      "maxRSS": 303560,
      "systemtime": 96387,
      "usertime": 6130991
     },
     "1041551625": {
      "maxRSS": 303560,
      "systemtime": 96387,
      "usertime": 6131017
     },
     "1041552095": {
      "maxRSS": 303560,
      "systemtime": 96423,
      "usertime": 6135082
     },
     "1041552146": {
      "maxRSS": 303560,
      "systemtime": 96423,
      "usertime": 6135145
     },
     "1041553217": {
      "maxRSS": 303560,
      "systemtime": 96423,
      "usertime": 6135156
     },
     "1041554294": {
      "maxRSS": 303560,
      "systemtime": 96423,
      "usertime": 6135171
     },
     "1041555398": {
      "maxRSS": 303560,
      "systemtime": 96423,
      "usertime": 6135195
     },
     "1041556507": {
      "maxRSS": 303560,
      "systemtime": 96423,
      "usertime": 6139116
     },
     "1041557611": {
      "maxRSS": 303560,
      "systemtime": 96423,
      "usertime": 6139134
     },
     "1041558710": {
      "maxRSS": 303560,
      "systemtime": 96423,
      "usertime": 6139161
     },
     "1041559815": {
      "maxRSS": 303560,
      "systemtime": 96423,
      "usertime": 6139178
     },
     "1041560913": {
      "maxRSS": 303560,
      "systemtime": 96423,
      "usertime": 6143194
     },
     "1041561989": {
      "maxRSS": 303560,
      "systemtime": 96423,
      "usertime": 6143208
     },
     "1041563097": {
      "maxRSS": 303560,
      "systemtime": 96423,
      "usertime": 6143238
     },
     "1041564198": {
      "maxRSS": 303560,
      "systemtime": 96423,
      "usertime": 6147275
     },
     "1041565298": {
      "maxRSS": 303560,
      "systemtime": 96423,
      "usertime": 6147295
     },
     "1041566397": {
      "maxRSS": 303560,
      "systemtime": 96423,
      "usertime": 6147321
     },
     "1041567470": {
      "maxRSS": 303560,
      "systemtime": 96423,
      "usertime": 6147336
     },
     "1041568548": {
      "maxRSS": 303560,
      "systemtime": 96423,
      "usertime": 6151336
     },
     "1041569626": {
      "maxRSS": 303560,
      "systemtime": 96423,
      "usertime": 6151351
     },
     "1041570712": {
      "maxRSS": 303560,
      "systemtime": 96423,
      "usertime": 6151377
     },
     "1041571784": {
      "maxRSS": 303560,
      "systemtime": 96423,
      "usertime": 6151390
     },
     "1041572873": {
      "maxRSS": 303560,
      "systemtime": 96423,
      "usertime": 6155419
     },
     "1041573950": {
      "maxRSS": 303560,
      "systemtime": 96423,
      "usertime": 6155434
     },
     "1041575076": {
      "maxRSS": 303560,
      "systemtime": 96423,
      "usertime": 6155468
     },
     "1041576154": {
      "maxRSS": 303560,
      "systemtime": 96423,
      "usertime": 6159470
     },
     "1041577234": {
      "maxRSS": 303560,
      "systemtime": 96423,
      "usertime": 6159492
     },
     "1041578310": {
      "maxRSS": 303560,
      "systemtime": 96423,
      "usertime": 6159505
     },
     "1041579302": {
      "maxRSS": 303560,
      "systemtime": 96423,
      "usertime": 6162810
     },
     "1041580402": {
      "maxRSS": 303560,
      "systemtime": 96423,
      "usertime": 6163558
     },
     "1041581509": {
      "maxRSS": 303560,
      "systemtime": 96423,
      "usertime": 6163573
     },
     "1041582588": {
      "maxRSS": 303560,
      "systemtime": 96423,
      "usertime": 6163589
     },
     "1041583676": {
      "maxRSS": 303560,
      "systemtime": 96423,
      "usertime": 6163614
     },
     "1041584766": {
      "maxRSS": 303560,
      "systemtime": 96423,
      "usertime": 6167630
     },
     "1041585875": {
      "maxRSS": 303560,
      "systemtime": 96423,
      "usertime": 6167652
     },
     "1041586991": {
      "maxRSS": 303560,
      "systemtime": 96423,
      "usertime": 6167688
     },
     "1041588079": {
      "maxRSS": 303560,
      "systemtime": 96423,
      "usertime": 6171741
     },
     "1041589169": {
      "maxRSS": 303560,
      "systemtime": 96423,
      "usertime": 6171775
     },
     "1041590264": {
      "maxRSS": 303560,
      "systemtime": 96423,
      "usertime": 6171806
     },
     "1041591377": {
      "maxRSS": 303560,
      "systemtime": 96423,
      "usertime": 6171826
     },
     "1041592470": {
      "maxRSS": 303560,
      "systemtime": 96423,
      "usertime": 6175844
     },
     "1041593553": {
      "maxRSS": 303560,
      "systemtime": 96423,
      "usertime": 6175860
     },
     "1041594626": {
      "maxRSS": 303560,
      "systemtime": 96423,
      "usertime": 6175874
     },
     "1041595730": {
      "maxRSS": 303560,
      "systemtime": 96423,
      "usertime": 6175889
     },
     "1041596812": {
      "maxRSS": 303560,
      "systemtime": 96423,
      "usertime": 6179910
     },
     "1041597911": {
      "maxRSS": 303560,
      "systemtime": 96423,
      "usertime": 6179948
     },
     "1041598992": {
      "maxRSS": 303560,
      "systemtime": 96423,
      "usertime": 6179963
     },
     "1041600033": {
      "maxRSS": 303560,
      "systemtime": 96423,
      "usertime": 6179977
     },
     "1041601133": {
      "maxRSS": 303560,
      "systemtime": 96423,
      "usertime": 6184036
     },
     "1041602231": {
      "maxRSS": 303560,
      "systemtime": 96423,
      "usertime": 6184068
     },
     "1041603314": {
      "maxRSS": 303560,
      "systemtime": 96423,
      "usertime": 6184085
     },
     "1041604439": {
      "maxRSS": 303560,
      "systemtime": 96423,
      "usertime": 6188101
     },
     "1041605530": {
      "maxRSS": 303560,
      "systemtime": 96423,
      "usertime": 6188113
     },
     "1041606603": {
      "maxRSS": 303560,
      "systemtime": 96423,
      "usertime": 6188128
     },
     "1041607704": {
      "maxRSS": 303560,
      "systemtime": 96423,
      "usertime": 6188153
     },
     "1041608801": {
      "maxRSS": 303560,
      "systemtime": 96423,
      "usertime": 6192171
     },
     "1041609881": {
      "maxRSS": 303560,
      "systemtime": 96423,
      "usertime": 6192189
     },
     "1041610966": {
      "maxRSS": 303560,
      "systemtime": 96423,
      "usertime": 6192213
     },
     "1041612039": {
      "maxRSS": 303560,
      "systemtime": 96423,
      "usertime": 6196226
     },
     "1041613153": {
      "maxRSS": 303560,
      "systemtime": 96423,
      "usertime": 6196247
     },
     "1041614238": {
      "maxRSS": 303560,
      "systemtime": 96423,
      "usertime": 6196271
     },
     "1041615319": {
      "maxRSS": 303560,
      "systemtime": 96423,
      "usertime": 6196287
     },
     "1041616401": {
      "maxRSS": 303560,
      "systemtime": 96423,
      "usertime": 6200303
     },
     "1041617490": {
      "maxRSS": 303560,
      "systemtime": 96423,
      "usertime": 6200328
     },
     "1041618565": {
      "maxRSS": 303560,
      "systemtime": 96423,
      "usertime": 6200343
     },
     "1041619649": {
      "maxRSS": 303560,
      "systemtime": 96423,
      "usertime": 6200358
     },
     "1041620725": {
      "maxRSS": 303560,
      "systemtime": 96423,
      "usertime": 6204391
     },
     "1041621799": {
      "maxRSS": 303560,
      "systemtime": 96423,
      "usertime": 6204406
     },
     "1041622891": {
      "maxRSS": 303560,
      "systemtime": 96423,
      "usertime": 6204422
     },
     "1041623975": {
      "maxRSS": 303560,
      "systemtime": 96423,
      "usertime": 6204447
     },
     "1041625050": {
      "maxRSS": 303560,
      "systemtime": 96423,
      "usertime": 6208460
     },
     "1041626156": {
      "maxRSS": 303560,
      "systemtime": 96423,
      "usertime": 6208476
     },
     "1041627240": {
      "maxRSS": 303560,
      "systemtime": 96423,
      "usertime": 6208494
     },
     "1041628323": {
      "maxRSS": 303560,
      "systemtime": 96423,
      "usertime": 6212505
     },
     "1041629401": {
      "maxRSS": 303560,
      "systemtime": 96423,
      "usertime": 6212520
     },
     "1041630471": {
      "maxRSS": 303560,
      "systemtime": 96423,
      "usertime": 6212532
     },
     "1041631576": {
      "maxRSS": 303560,
      "systemtime": 96423,
      "usertime": 6212558
     },
     "1041632661": {
      "maxRSS": 303560,
      "systemtime": 96423,
      "usertime": 6216571
     },
     "1041633757": {
      "maxRSS": 303560,
      "systemtime": 96423,
      "usertime": 6216595
     },
     "1041634845": {
      "maxRSS": 303560,
      "systemtime": 96423,
      "usertime": 6216620
     },
     "1041635930": {
      "maxRSS": 303560,
      "systemtime": 96423,
      "usertime": 6216635
     },
     "1041637010": {
      "maxRSS": 303560,
      "systemtime": 96423,
      "usertime": 6220668
     },
     "1041638118": {
      "maxRSS": 303560,
      "systemtime": 96423,
      "usertime": 6220695
     },
     "1041639190": {
      "maxRSS": 303560,
      "systemtime": 96423,
      "usertime": 6220709
     },
     "1041640258": {
      "maxRSS": 303560,
      "systemtime": 96423,
      "usertime": 6224701
     },
     "1041641353": {
      "maxRSS": 303560,
      "systemtime": 96423,
      "usertime": 6224720
     },
     "1041642435": {
      "maxRSS": 303560,
      "systemtime": 96423,
      "usertime": 6224746
     },
     "1041643537": {
      "maxRSS": 303560,
      "systemtime": 96423,
      "usertime": 6224763
     },
     "1041644627": {
      "maxRSS": 303560,
      "systemtime": 96423,
      "usertime": 6228791
     },
     "1041645727": {
      "maxRSS": 303560,
      "systemtime": 96423,
      "usertime": 6228808
     },
     "1041646807": {
      "maxRSS": 303560,
      "systemtime": 96423,
      "usertime": 6228824
     },
     "1041647907": {
      "maxRSS": 303560,
      "systemtime": 96423,
      "usertime": 6228842
     },
     "1041649015": {
      "maxRSS": 303560,
      "systemtime": 96423,
      "usertime": 6232870
     },
     "1041650098": {
      "maxRSS": 303560,
      "systemtime": 96423,
      "usertime": 6232890
     },
     "1041651188": {
      "maxRSS": 303688,
      "systemtime": 96423,
      "usertime": 6232918
     },
     "1041652261": {
      "maxRSS": 303688,
      "systemtime": 96423,
      "usertime": 6236931
     },
     "1041653364": {
      "maxRSS": 303688,
      "systemtime": 96423,
      "usertime": 6236955
     },
     "1041654447": {
      "maxRSS": 303688,
      "systemtime": 96423,
      "usertime": 6236979
     },
     "1041655517": {
      "maxRSS": 303688,
      "systemtime": 96423,
      "usertime": 6236990
     },
     "1041656591": {
      "maxRSS": 303688,
      "systemtime": 96423,
      "usertime": 6241003
     },
     "1041657275": {
      "maxRSS": 303688,
      "systemtime": 96423,
      "usertime": 6242278
     },
     "1041658553": {
      "maxRSS": 303688,
      "systemtime": 96423,
      "usertime": 6242349
     },
     "1041659676": {
      "maxRSS": 303688,
      "systemtime": 96423,
      "usertime": 6242377
     },
     "1041660769": {
      "maxRSS": 303688,
      "systemtime": 96423,
      "usertime": 6245153
     },
     "1041661880": {
      "maxRSS": 303688,
      "systemtime": 96423,
      "usertime": 6245178
     },
     "1041662972": {
      "maxRSS": 303688,
      "systemtime": 96423,
      "usertime": 6245211
     },
     "1041664016": {
      "maxRSS": 303688,
      "systemtime": 96423,
      "usertime": 6245225
     },
     "1041665106": {
      "maxRSS": 303688,
      "systemtime": 96423,
      "usertime": 6249256
     },
     "1041666194": {
      "maxRSS": 303688,
      "systemtime": 96423,
      "usertime": 6249272
     },
     "1041667300": {
      "maxRSS": 303688,
      "systemtime": 96423,
      "usertime": 6249295
     },
     "1041668385": {
      "maxRSS": 303688,
      "systemtime": 96423,
      "usertime": 6253269
     },
     "1041669464": {
      "maxRSS": 303688,
      "systemtime": 96423,
      "usertime": 6253285
     },
     "1041670559": {
      "maxRSS": 303688,
      "systemtime": 96423,
      "usertime": 6253300
     },
     "1041671644": {
      "maxRSS": 303688,
      "systemtime": 96423,
      "usertime": 6253328
     },
     "1041672721": {
      "maxRSS": 303688,
      "systemtime": 96423,
      "usertime": 6257344
     },
     "1041673526": {
      "maxRSS": 303688,
      "systemtime": 96423,
      "usertime": 6258859
     },
     "1041674614": {
      "maxRSS": 303688,
      "systemtime": 96423,
      "usertime": 6258883
     },
     "1041675720": {
      "maxRSS": 303688,
      "systemtime": 96423,
      "usertime": 6258909
     },
     "1041676812": {
      "maxRSS": 303688,
      "systemtime": 96423,
      "usertime": 6261446
     },
     "1041677904": {
      "maxRSS": 303688,
      "systemtime": 96423,
      "usertime": 6261474
     },
     "1041678979": {
      "maxRSS": 303688,
      "systemtime": 96423,
      "usertime": 6261490
     },
     "1041680016": {
      "maxRSS": 303688,
      "systemtime": 96423,
      "usertime": 6261503
     },
     "1041681120": {
      "maxRSS": 303688,
      "systemtime": 96423,
      "usertime": 6265533
     },
     "1041682220": {
      "maxRSS": 303688,
      "systemtime": 96423,
      "usertime": 6265559
     },
     "1041683302": {
      "maxRSS": 303688,
      "systemtime": 96423,
      "usertime": 6265575
     },
     "1041684385": {
      "maxRSS": 303688,
      "systemtime": 96423,
      "usertime": 6269579
     },
     "1041685480": {
      "maxRSS": 303688,
      "systemtime": 96423,
      "usertime": 6269607
     },
     "1041686562": {
      "maxRSS": 303688,
      "systemtime": 96423,
      "usertime": 6269632
     },
     "1041687657": {
      "maxRSS": 303688,
      "systemtime": 96423,
      "usertime": 6269650
     },
     "1041688757": {
      "maxRSS": 303688,
      "systemtime": 96423,
      "usertime": 6273665
     },
     "1041689834": {
      "maxRSS": 303688,
      "systemtime": 96423,
      "usertime": 6273680
     },
     "1041690947": {
      "maxRSS": 303688,
      "systemtime": 96423,
      "usertime": 6273708
     },
     "1041692090": {
      "maxRSS": 303688,
      "systemtime": 96423,
      "usertime": 6277753
     },
     "1041693168": {
      "maxRSS": 303688,
      "systemtime": 96423,
      "usertime": 6277768
     },
     "1041694251": {
      "maxRSS": 303688,
      "systemtime": 96423,
      "usertime": 6277786
     },
     "1041695368": {
      "maxRSS": 303688,
      "systemtime": 96423,
      "usertime": 6277840
     },
     "1041696461": {
      "maxRSS": 303688,
      "systemtime": 96423,
      "usertime": 6281854
     },
     "1041697534": {
      "maxRSS": 303688,
      "systemtime": 96423,
      "usertime": 6281869
     },
     "1041698615": {
      "maxRSS": 303688,
      "systemtime": 96423,
      "usertime": 6281893
     },
     "1041699709": {
      "maxRSS": 303688,
      "systemtime": 96423,
      "usertime": 6281903
     },
     "1041700794": {
      "maxRSS": 303688,
      "systemtime": 96423,
      "usertime": 6285911
     },
     "1041701900": {
      "maxRSS": 303688,
      "systemtime": 96423,
      "usertime": 6285924
     },
     "1041702994": {
      "maxRSS": 303688,
      "systemtime": 96423,
      "usertime": 6285938
     },
     "1041704051": {
      "maxRSS": 303688,
      "systemtime": 96423,
      "usertime": 6289957
     },
     "1041705157": {
      "maxRSS": 303688,
      "systemtime": 96423,
      "usertime": 6289985
     },
     "1041706236": {
      "maxRSS": 303688,
      "systemtime": 96423,
      "usertime": 6290002
     },
     "1041707308": {
      "maxRSS": 303688,
      "systemtime": 96423,
      "usertime": 6290015
     },
     "1041708383": {
      "maxRSS": 303688,
      "systemtime": 96423,
      "usertime": 6294025
     },
     "1041709455": {
      "maxRSS": 303688,
      "systemtime": 96423,
      "usertime": 6294037
     },
     "1041710521": {
      "maxRSS": 303688,
      "systemtime": 96423,
      "usertime": 6294046
     },
     "1041711599": {
      "maxRSS": 303688,
      "systemtime": 96423,
      "usertime": 6294058
     },
     "1041712713": {
      "maxRSS": 303688,
      "systemtime": 96423,
      "usertime": 6298098
     },
     "1041713813": {
      "maxRSS": 303688,
      "systemtime": 96423,
      "usertime": 6298118
     },
     "1041714906": {
      "maxRSS": 303688,
      "systemtime": 96423,
      "usertime": 6298134
     },
     "1041716023": {
      "maxRSS": 303688,
      "systemtime": 96423,
      "usertime": 6302147
     },
     "1041716881": {
      "maxRSS": 303688,
      "systemtime": 96423,
      "usertime": 6303030
     },
     "1041717961": {
      "maxRSS": 303688,
      "systemtime": 96423,
      "usertime": 6303058
     },
     "1041719061": {
      "maxRSS": 303688,
      "systemtime": 96423,
      "usertime": 6303082
     },
     "1041720137": {
      "maxRSS": 303688,
      "systemtime": 96423,
      "usertime": 6306273
     },
     "1041721212": {
      "maxRSS": 303688,
      "systemtime": 96423,
      "usertime": 6306288
     },
     "1041722288": {
      "maxRSS": 303688,
      "systemtime": 96423,
      "usertime": 6306304
     },
     "1041723376": {
      "maxRSS": 303688,
      "systemtime": 96423,
      "usertime": 6306318
     },
     "1041724485": {
      "maxRSS": 303688,
      "systemtime": 96423,
      "usertime": 6310280
     },
     "1041725584": {
      "maxRSS": 303688,
      "systemtime": 96423,
      "usertime": 6310315
     },
     "1041726679": {
      "maxRSS": 303688,
      "systemtime": 96423,
      "usertime": 6310335
     },
     "1041726786": {
      "maxRSS": 303688,
      "systemtime": 96444,
      "usertime": 6313103
     },
     "1041727874": {
      "maxRSS": 303688,
      "systemtime": 96444,
      "usertime": 6313114
     },
     "1041728960": {
      "maxRSS": 303688,
      "systemtime": 96444,
      "usertime": 6314363
     },
     "1041730052": {
      "maxRSS": 303688,
      "systemtime": 96444,
      "usertime": 6314380
     },
     "1041731205": {
      "maxRSS": 303688,
      "systemtime": 96444,
      "usertime": 6314419
     },
     "1041732289": {
      "maxRSS": 303688,
      "systemtime": 96444,
      "usertime": 6318439
     },
     "1041733415": {
      "maxRSS": 303688,
      "systemtime": 96444,
      "usertime": 6318458
     },
     "1041734502": {
      "maxRSS": 303688,
      "systemtime": 96444,
      "usertime": 6318486
     },
     "1041735584": {
      "maxRSS": 303688,
      "systemtime": 96444,
      "usertime": 6318501
     },
     "1041736664": {
      "maxRSS": 303688,
      "systemtime": 96444,
      "usertime": 6322515
     },
     "1041737743": {
      "maxRSS": 303688,
      "systemtime": 96444,
      "usertime": 6322531
     },
     "1041738836": {
      "maxRSS": 303688,
      "systemtime": 96444,
      "usertime": 6322560
     },
     "1041739915": {
      "maxRSS": 303688,
      "systemtime": 96444,
      "usertime": 6322575
     },
     "1041741020": {
      "maxRSS": 303688,
      "systemtime": 96444,
      "usertime": 6326615
     },
     "1041742121": {
      "maxRSS": 303688,
      "systemtime": 96444,
      "usertime": 6326639
     },
     "1041743200": {
      "maxRSS": 303688,
      "systemtime": 96444,
      "usertime": 6326654
     },
     "1041744273": {
      "maxRSS": 303688,
      "systemtime": 96444,
      "usertime": 6330656
     },
     "1041745359": {
      "maxRSS": 303688,
      "systemtime": 96444,
      "usertime": 6330683
     },
     "1041746466": {
      "maxRSS": 303688,
      "systemtime": 96444,
      "usertime": 6330699
     },
     "1041747570": {
      "maxRSS": 303688,
      "systemtime": 96444,
      "usertime": 6330711
     },
     "1041748638": {
      "maxRSS": 303688,
      "systemtime": 96444,
      "usertime": 6334719
     },
     "1041749713": {
      "maxRSS": 303688,
      "systemtime": 96444,
      "usertime": 6334731
     },
     "1041750012": {
      "maxRSS": 303688,
      "systemtime": 96444,
      "usertime": 6336747
     },
     "1041751094": {
      "maxRSS": 303688,
      "systemtime": 96444,
      "usertime": 6336777
     },
     "1041752177": {
      "maxRSS": 303688,
      "systemtime": 96444,
      "usertime": 6338785
     },
     "1041753255": {
      "maxRSS": 303688,
      "systemtime": 96444,
      "usertime": 6338802
     },
     "1041754367": {
      "maxRSS": 303688,
      "systemtime": 96444,
      "usertime": 6338827
     },
     "1041755125": {
      "maxRSS": 303688,
      "systemtime": 96455,
      "usertime": 6341943
     },
     "1041756200": {
      "maxRSS": 303688,
      "systemtime": 96455,
      "usertime": 6342845
     },
     "1041757286": {
      "maxRSS": 303688,
      "systemtime": 96455,
      "usertime": 6342869
     },
     "1041758363": {
      "maxRSS": 303688,
      "systemtime": 96455,
      "usertime": 6342883
     },
     "1041759453": {
      "maxRSS": 303688,
      "systemtime": 96455,
      "usertime": 6342899
     },
     "1041760527": {
      "maxRSS": 303688,
      "systemtime": 96455,
      "usertime": 6346914
     },
     "1041761607": {
      "maxRSS": 303688,
      "systemtime": 96455,
      "usertime": 6346929
     },
     "1041762680": {
      "maxRSS": 303688,
      "systemtime": 96455,
      "usertime": 6346942
     },
     "1041763755": {
      "maxRSS": 303688,
      "systemtime": 96455,
      "usertime": 6346953
     },
     "1041764837": {
      "maxRSS": 303688,
      "systemtime": 96455,
      "usertime": 6350979
     },
     "1041765939": {
      "maxRSS": 303688,
      "systemtime": 96455,
      "usertime": 6350994
     },
     "1041767054": {
      "maxRSS": 303688,
      "systemtime": 96455,
      "usertime": 6351016
     },
     "1041767656": {
      "maxRSS": 303688,
      "systemtime": 96465,
      "usertime": 6354645
     },
     "1041768728": {
      "maxRSS": 303688,
      "systemtime": 96465,
      "usertime": 6355030
     },
     "1041769805": {
      "maxRSS": 303688,
      "systemtime": 96465,
      "usertime": 6355042
     },
     "1041770397": {
      "maxRSS": 303688,
      "systemtime": 96465,
      "usertime": 6357449
     },
     "1041771512": {
      "maxRSS": 303688,
      "systemtime": 96465,
      "usertime": 6357470
     },
     "1041772611": {
      "maxRSS": 303688,
      "systemtime": 96465,
      "usertime": 6359119
     },
     "1041773700": {
      "maxRSS": 303688,
      "systemtime": 96465,
      "usertime": 6359143
     },
     "1041774787": {
      "maxRSS": 303688,
      "systemtime": 96465,
      "usertime": 6359158
     },
     "1041775876": {
      "maxRSS": 303688,
      "systemtime": 96465,
      "usertime": 6359173
     },
     "1041776836": {
      "maxRSS": 303688,
      "systemtime": 96465,
      "usertime": 6364013
     },
     "1041777926": {
      "maxRSS": 303688,
      "systemtime": 96465,
      "usertime": 6364036
     },
     "1041778476": {
      "maxRSS": 303688,
      "systemtime": 96465,
      "usertime": 6365717
     },
     "1041779551": {
      "maxRSS": 303688,
      "systemtime": 96465,
      "usertime": 6365732
     },
     "1041780635": {
      "maxRSS": 303688,
      "systemtime": 96465,
      "usertime": 6367312
     },
     "1041781592": {
      "maxRSS": 303688,
      "systemtime": 96465,
      "usertime": 6368882
     },
     "1041782247": {
      "maxRSS": 303688,
      "systemtime": 96465,
      "usertime": 6369563
     },
     "1041783400": {
      "maxRSS": 303688,
      "systemtime": 96465,
      "usertime": 6370708
     },
     "1041783492": {
      "maxRSS": 303688,
      "systemtime": 96467,
      "usertime": 6370891
     },
     "1041783878": {
      "maxRSS": 303688,
      "systemtime": 96473,
      "usertime": 6371284
     },
     "1041783953": {
      "maxRSS": 303688,
      "systemtime": 96474,
      "usertime": 6371367
     },
     "1041784104": {
      "maxRSS": 303688,
      "systemtime": 96474,
      "usertime": 6371533
     },
     "1041784137": {
      "maxRSS": 303688,
      "systemtime": 96474,
      "usertime": 6371576
     },
     "1041784201": {
      "maxRSS": 303688,
      "systemtime": 96474,
      "usertime": 6371655
     },
     "1041784238": {
      "maxRSS": 303688,
      "systemtime": 96474,
      "usertime": 6371705
     },
     "1041784261": {
      "maxRSS": 303688,
      "systemtime": 96474,
      "usertime": 6371740
     },
     "1041784287": {
      "maxRSS": 303688,
      "systemtime": 96474,
      "usertime": 6371776
     },
     "1041784310": {
      "maxRSS": 303688,
      "systemtime": 96474,
      "usertime": 6371808
     },
     "1041784360": {
      "maxRSS": 303688,
      "systemtime": 96474,
      "usertime": 6371858
     },
     "1041784393": {
      "maxRSS": 303688,
      "systemtime": 96474,
      "usertime": 6371922
     },
     "1041785466": {
      "maxRSS": 303688,
      "systemtime": 96474,
      "usertime": 6371934
     },
     "1041786569": {
      "maxRSS": 303688,
      "systemtime": 96474,
      "usertime": 6371958
     },
     "1041787662": {
      "maxRSS": 303688,
      "systemtime": 96474,
      "usertime": 6371985
     },
     "1041788754": {
      "maxRSS": 303688,
      "systemtime": 96474,
      "usertime": 6375616
     },
     "1041789826": {
      "maxRSS": 303688,
      "systemtime": 96474,
      "usertime": 6375628
     },
     "1041790912": {
      "maxRSS": 303688,
      "systemtime": 96474,
      "usertime": 6375652
     },
     "1041791986": {
      "maxRSS": 303688,
      "systemtime": 96474,
      "usertime": 6375666
     },
     "1041793101": {
      "maxRSS": 303688,
      "systemtime": 96474,
      "usertime": 6379694
     },
     "1041794195": {
      "maxRSS": 303688,
      "systemtime": 96474,
      "usertime": 6379724
     },
     "1041795313": {
      "maxRSS": 303688,
      "systemtime": 96474,
      "usertime": 6379745
     },
     "1041796417": {
      "maxRSS": 303688,
      "systemtime": 96474,
      "usertime": 6383765
     },
     "1041797533": {
      "maxRSS": 303688,
      "systemtime": 96474,
      "usertime": 6383787
     },
     "1041798633": {
      "maxRSS": 303688,
      "systemtime": 96474,
      "usertime": 6383795
     },
     "1041799734": {
      "maxRSS": 303688,
      "systemtime": 96474,
      "usertime": 6383804
     },
     "1041800833": {
      "maxRSS": 303688,
      "systemtime": 96474,
      "usertime": 6387808
     },
     "1041801937": {
      "maxRSS": 303688,
      "systemtime": 96474,
      "usertime": 6387819
     },
     "1041803009": {
      "maxRSS": 303688,
      "systemtime": 96474,
      "usertime": 6387829
     },
     "1041804030": {
      "maxRSS": 303688,
      "systemtime": 96474,
      "usertime": 6391845
     },
     "1041805137": {
      "maxRSS": 303688,
      "systemtime": 96474,
      "usertime": 6391873
     },
     "1041806241": {
      "maxRSS": 303688,
      "systemtime": 96474,
      "usertime": 6391884
     },
     "1041807338": {
      "maxRSS": 303688,
      "systemtime": 96474,
      "usertime": 6391892
     },
     "1041808414": {
      "maxRSS": 303688,
      "systemtime": 96474,
      "usertime": 6395904
     },
     "1041809521": {
      "maxRSS": 303688,
      "systemtime": 96474,
      "usertime": 6395930
     },
     "1041810605": {
      "maxRSS": 303688,
      "systemtime": 96474,
      "usertime": 6395955
     },
     "1041811693": {
      "maxRSS": 303688,
      "systemtime": 96474,
      "usertime": 6395978
     },
     "1041812772": {
      "maxRSS": 303688,
      "systemtime": 96474,
      "usertime": 6400005
     },
     "1041813843": {
      "maxRSS": 303688,
      "systemtime": 96474,
      "usertime": 6400017
     },
     "1041814910": {
      "maxRSS": 303688,
      "systemtime": 96474,
      "usertime": 6400026
     },
     "1041815975": {
      "maxRSS": 303688,
      "systemtime": 96474,
      "usertime": 6400034
     },
     "1041817055": {
      "maxRSS": 303688,
      "systemtime": 96474,
      "usertime": 6404028
     },
     "1041818158": {
      "maxRSS": 303688,
      "systemtime": 96474,
      "usertime": 6404052
     },
     "1041819234": {
      "maxRSS": 303688,
      "systemtime": 96474,
      "usertime": 6404067
     },
     "1041820309": {
      "maxRSS": 303688,
      "systemtime": 96474,
      "usertime": 6408081
     },
     "1041821402": {
      "maxRSS": 303688,
      "systemtime": 96474,
      "usertime": 6408096
     },
     "1041822476": {
      "maxRSS": 303688,
      "systemtime": 96474,
      "usertime": 6408111
     },
     "1041823552": {
      "maxRSS": 303688,
      "systemtime": 96474,
      "usertime": 6408126
     },
     "1041824644": {
      "maxRSS": 303688,
      "systemtime": 96474,
      "usertime": 6412154
     },
     "1041825746": {
      "maxRSS": 303688,
      "systemtime": 96474,
      "usertime": 6412179
     },
     "1041826835": {
      "maxRSS": 303688,
      "systemtime": 96474,
      "usertime": 6412203
     },
     "1041827925": {
      "maxRSS": 303688,
      "systemtime": 96474,
      "usertime": 6412222
     },
     "1041829008": {
      "maxRSS": 303688,
      "systemtime": 96474,
      "usertime": 6416273
     },
     "1041830135": {
      "maxRSS": 303688,
      "systemtime": 96474,
      "usertime": 6416294
     },
     "1041831217": {
      "maxRSS": 303688,
      "systemtime": 96474,
      "usertime": 6416313
     },
     "1041832329": {
      "maxRSS": 303688,
      "systemtime": 96474,
      "usertime": 6420316
     },
     "1041833403": {
      "maxRSS": 303688,
      "systemtime": 96474,
      "usertime": 6420329
     },
     "1041834494": {
      "maxRSS": 303688,
      "systemtime": 96474,
      "usertime": 6420341
     },
     "1041835575": {
      "maxRSS": 303688,
      "systemtime": 96474,
      "usertime": 6420357
     },
     "1041836686": {
      "maxRSS": 303688,
      "systemtime": 96474,
      "usertime": 6424369
     },
     "1041837758": {
      "maxRSS": 303688,
      "systemtime": 96474,
      "usertime": 6424382
     },
     "1041838838": {
      "maxRSS": 303688,
      "systemtime": 96474,
      "usertime": 6424404
     },
     "1041839905": {
      "maxRSS": 303688,
      "systemtime": 96474,
      "usertime": 6424412
     },
     "1041840990": {
      "maxRSS": 303688,
      "systemtime": 96474,
      "usertime": 6428424
     },
     "1041842081": {
      "maxRSS": 303688,
      "systemtime": 96474,
      "usertime": 6428440
     },
     "1041843196": {
      "maxRSS": 303688,
      "systemtime": 96474,
      "usertime": 6428462
     },
     "1041844298": {
      "maxRSS": 303688,
      "systemtime": 96474,
      "usertime": 6432492
     },
     "1041845403": {
      "maxRSS": 303688,
      "systemtime": 96474,
      "usertime": 6432529
     },
     "1041846510": {
      "maxRSS": 303688,
      "systemtime": 96474,
      "usertime": 6432556
     },
     "1041847598": {
      "maxRSS": 303688,
      "systemtime": 96474,
      "usertime": 6432581
     },
     "1041848674": {
      "maxRSS": 303688,
      "systemtime": 96474,
      "usertime": 6436607
     },
     "1041849752": {
      "maxRSS": 303688,
      "systemtime": 96474,
      "usertime": 6436622
     },
     "1041850824": {
      "maxRSS": 303688,
      "systemtime": 96474,
      "usertime": 6436635
     },
     "1041851909": {
      "maxRSS": 303816,
      "systemtime": 96474,
      "usertime": 6436661
     },
     "1041852987": {
      "maxRSS": 303816,
      "systemtime": 96474,
      "usertime": 6440664
     },
     "1041854078": {
      "maxRSS": 303816,
      "systemtime": 96474,
      "usertime": 6440682
     },
     "1041855156": {
      "maxRSS": 303816,
      "systemtime": 96474,
      "usertime": 6440698
     },
     "1041856236": {
      "maxRSS": 303816,
      "systemtime": 96474,
      "usertime": 6444716
     },
     "1041857315": {
      "maxRSS": 303816,
      "systemtime": 96474,
      "usertime": 6444731
     },
     "1041858408": {
      "maxRSS": 303816,
      "systemtime": 96474,
      "usertime": 6444753
     },
     "1041859524": {
      "maxRSS": 303816,
      "systemtime": 96474,
      "usertime": 6444771
     },
     "1041860625": {
      "maxRSS": 303816,
      "systemtime": 96474,
      "usertime": 6448780
     },
     "1041861750": {
      "maxRSS": 303816,
      "systemtime": 96474,
      "usertime": 6448793
     },
     "1041862830": {
      "maxRSS": 303816,
      "systemtime": 96474,
      "usertime": 6448811
     },
     "1041863933": {
      "maxRSS": 303816,
      "systemtime": 96474,
      "usertime": 6448822
     },
     "1041865039": {
      "maxRSS": 303816,
      "systemtime": 96474,
      "usertime": 6452851
     },
     "1041866149": {
      "maxRSS": 303816,
      "systemtime": 96474,
      "usertime": 6452869
     },
     "1041867273": {
      "maxRSS": 303816,
      "systemtime": 96474,
      "usertime": 6452885
     },
     "1041868413": {
      "maxRSS": 303816,
      "systemtime": 96474,
      "usertime": 6456891
     },
     "1041869493": {
      "maxRSS": 303816,
      "systemtime": 96474,
      "usertime": 6456907
     },
     "1041870617": {
      "maxRSS": 303816,
      "systemtime": 96474,
      "usertime": 6456922
     },
     "1041871687": {
      "maxRSS": 303816,
      "systemtime": 96474,
      "usertime": 6456935
     },
     "1041872767": {
      "maxRSS": 303816,
      "systemtime": 96474,
      "usertime": 6460972
     },
     "1041873844": {
      "maxRSS": 303816,
      "systemtime": 96474,
      "usertime": 6460986
     },
     "1041874920": {
      "maxRSS": 303816,
      "systemtime": 96474,
      "usertime": 6461001
     },
     "1041875987": {
      "maxRSS": 303816,
      "systemtime": 96474,
      "usertime": 6461011
     },
     "1041877068": {
      "maxRSS": 303816,
      "systemtime": 96474,
      "usertime": 6465010
     },
     "1041878146": {
      "maxRSS": 303816,
      "systemtime": 96474,
      "usertime": 6465026
     },
     "1041879266": {
      "maxRSS": 303816,
      "systemtime": 96474,
      "usertime": 6465047
     },
     "1041880332": {
      "maxRSS": 303816,
      "systemtime": 96474,
      "usertime": 6469056
     },
     "1041881433": {
      "maxRSS": 303816,
      "systemtime": 96474,
      "usertime": 6469075
     },
     "1041882573": {
      "maxRSS": 303816,
      "systemtime": 96474,
      "usertime": 6469122
     },
     "1041883685": {
      "maxRSS": 303816,
      "systemtime": 96474,
      "usertime": 6469151
     },
     "1041884777": {
      "maxRSS": 303816,
      "systemtime": 96474,
      "usertime": 6473192
     },
     "1041885874": {
      "maxRSS": 303816,
      "systemtime": 96474,
      "usertime": 6473218
     },
     "1041886965": {
      "maxRSS": 303816,
      "systemtime": 96474,
      "usertime": 6473234
     },
     "1041888048": {
      "maxRSS": 303816,
      "systemtime": 96474,
      "usertime": 6477240
     },
     "1041889118": {
      "maxRSS": 303816,
      "systemtime": 96474,
      "usertime": 6477253
     },
     "1041890186": {
      "maxRSS": 303816,
      "systemtime": 96474,
      "usertime": 6477262
     },
     "1041891261": {
      "maxRSS": 303816,
      "systemtime": 96474,
      "usertime": 6477272
     },
     "1041892475": {
      "maxRSS": 303816,
      "systemtime": 96474,
      "usertime": 6481287
     },
     "1041893588": {
      "maxRSS": 303816,
      "systemtime": 96474,
      "usertime": 6481318
     },
     "1041894666": {
      "maxRSS": 303816,
      "systemtime": 96474,
      "usertime": 6481333
     },
     "1041895743": {
      "maxRSS": 303816,
      "systemtime": 96474,
      "usertime": 6481349
     },
     "1041896840": {
      "maxRSS": 303816,
      "systemtime": 96474,
      "usertime": 6485363
     },
     "1041897931": {
      "maxRSS": 303816,
      "systemtime": 96474,
      "usertime": 6485379
     },
     "1041899010": {
      "maxRSS": 303816,
      "systemtime": 96474,
      "usertime": 6485395
     },
     "1041900060": {
      "maxRSS": 303816,
      "systemtime": 96474,
      "usertime": 6489424
     },
     "1041901147": {
      "maxRSS": 303816,
      "systemtime": 96474,
      "usertime": 6489448
     },
     "1041902224": {
      "maxRSS": 303816,
      "systemtime": 96474,
      "usertime": 6489463
     },
     "1041903311": {
      "maxRSS": 303816,
      "systemtime": 96474,
      "usertime": 6489478
     },
     "1041904388": {
      "maxRSS": 303816,
      "systemtime": 96474,
      "usertime": 6493493
     },
     "1041905458": {
      "maxRSS": 303816,
      "systemtime": 96474,
      "usertime": 6493506
     },
     "1041906578": {
      "maxRSS": 303816,
      "systemtime": 96474,
      "usertime": 6493538
     },
     "1041907692": {
      "maxRSS": 303816,
      "systemtime": 96474,
      "usertime": 6493563
     },
     "1041908773": {
      "maxRSS": 303816,
      "systemtime": 96474,
      "usertime": 6497576
     },
     "1041909854": {
      "maxRSS": 303816,
      "systemtime": 96474,
      "usertime": 6497599
     },
     "1041910967": {
      "maxRSS": 303816,
      "systemtime": 96474,
      "usertime": 6497626
     },
     "1041912035": {
      "maxRSS": 303816,
      "systemtime": 96474,
      "usertime": 6501660
     },
     "1041913143": {
      "maxRSS": 303816,
      "systemtime": 96474,
      "usertime": 6501687
     },
     "1041914243": {
      "maxRSS": 303816,
      "systemtime": 96474,
      "usertime": 6501703
     },
     "1041915318": {
      "maxRSS": 303816,
      "systemtime": 96474,
      "usertime": 6501718
     },
     "1041916397": {
      "maxRSS": 303816,
      "systemtime": 96474,
      "usertime": 6505729
     },
     "1041917470": {
      "maxRSS": 303816,
      "systemtime": 96474,
      "usertime": 6505743
     },
     "1041918544": {
      "maxRSS": 303816,
      "systemtime": 96474,
      "usertime": 6505755
     },
     "1041919637": {
      "maxRSS": 303816,
      "systemtime": 96474,
      "usertime": 6505771
     },
     "1041920725": {
      "maxRSS": 303816,
      "systemtime": 96474,
      "usertime": 6509802
     },
     "1041921794": {
      "maxRSS": 303816,
      "systemtime": 96474,
      "usertime": 6509814
     },
     "1041922867": {
      "maxRSS": 303816,
      "systemtime": 96474,
      "usertime": 6509825
     },
     "1041924940": {
      "maxRSS": 303816,
      "systemtime": 96474,
      "usertime": 6513834
     },
     "1041927018": {
      "maxRSS": 303816,
      "systemtime": 96474,
      "usertime": 6513848
     },
     "1041929128": {
      "maxRSS": 303816,
      "systemtime": 96474,
      "usertime": 6517893
     },
     "1041931239": {
      "maxRSS": 303816,
      "systemtime": 96474,
      "usertime": 6517928
     },
     "1041933352": {
      "maxRSS": 303816,
      "systemtime": 96474,
      "usertime": 6521944
     },
     "1041935437": {
      "maxRSS": 303816,
      "systemtime": 96474,
      "usertime": 6521967
     },
     "1041937524": {
      "maxRSS": 303816,
      "systemtime": 96474,
      "usertime": 6525986
     },
     "1041939603": {
      "maxRSS": 303816,
      "systemtime": 96474,
      "usertime": 6526003
     },
     "1041941699": {
      "maxRSS": 303816,
      "systemtime": 96474,
      "usertime": 6530027
     },
     "1041943791": {
      "maxRSS": 303816,
      "systemtime": 96474,
      "usertime": 6530058
     },
     "1041945874": {
      "maxRSS": 303816,
      "systemtime": 96474,
      "usertime": 6534064
     },
     "1041947955": {
      "maxRSS": 303816,
      "systemtime": 96474,
      "usertime": 6534080
     },
     "1041950037": {
      "maxRSS": 303816,
      "systemtime": 96474,
      "usertime": 6538108
     },
     "1041952155": {
      "maxRSS": 303816,
      "systemtime": 96474,
      "usertime": 6542128
     },
     "1041954275": {
      "maxRSS": 303816,
      "systemtime": 96474,
      "usertime": 6542153
     },
     "1041956391": {
      "maxRSS": 303816,
      "systemtime": 96474,
      "usertime": 6546207
     },
     "1041958468": {
      "maxRSS": 303816,
      "systemtime": 96474,
      "usertime": 6546225
     },
     "1041960556": {
      "maxRSS": 303816,
      "systemtime": 96474,
      "usertime": 6550240
     },
     "1041962647": {
      "maxRSS": 303816,
      "systemtime": 96474,
      "usertime": 6550254
     },
     "1041964728": {
      "maxRSS": 303816,
      "systemtime": 96474,
      "usertime": 6554274
     },
     "1041966807": {
      "maxRSS": 303944,
      "systemtime": 96474,
      "usertime": 6554290
     },
     "1041968894": {
      "maxRSS": 304072,
      "systemtime": 96474,
      "usertime": 6558347
     },
     "1041970979": {
      "maxRSS": 304328,
      "systemtime": 96474,
      "usertime": 6558369
     },
     "1041973077": {
      "maxRSS": 304584,
      "systemtime": 96474,
      "usertime": 6562339
     },
     "1041975188": {
      "maxRSS": 304840,
      "systemtime": 96474,
      "usertime": 6562369
     },
     "1041977271": {
      "maxRSS": 304968,
      "systemtime": 100465,
      "usertime": 6562414
     },
     "1041979361": {
      "maxRSS": 305224,
      "systemtime": 100465,
      "usertime": 6562429
     },
     "1041981467": {
      "maxRSS": 305480,
      "systemtime": 100465,
      "usertime": 6566431
     },
     "1041983545": {
      "maxRSS": 305608,
      "systemtime": 100465,
      "usertime": 6566449
     },
     "1041985620": {
      "maxRSS": 305736,
      "systemtime": 100465,
      "usertime": 6570459
     },
     "1041987726": {
      "maxRSS": 305992,
      "systemtime": 100465,
      "usertime": 6570475
     },
     "1041989801": {
      "maxRSS": 306248,
      "systemtime": 104485,
      "usertime": 6570539
     },
     "1041991873": {
      "maxRSS": 306504,
      "systemtime": 104485,
      "usertime": 6570552
     },
     "1041993963": {
      "maxRSS": 306632,
      "systemtime": 104485,
      "usertime": 6574501
     },
     "1041996072": {
      "maxRSS": 306760,
      "systemtime": 108504,
      "usertime": 6574556
     },
     "1041998166": {
      "maxRSS": 307016,
      "systemtime": 108504,
      "usertime": 6574576
     },
     "1042000253": {
      "maxRSS": 307272,
      "systemtime": 108504,
      "usertime": 6578570
     },
     "1042002326": {
      "maxRSS": 307528,
      "systemtime": 108504,
      "usertime": 6578586
     },
     "1042004501": {
      "maxRSS": 307656,
      "systemtime": 108504,
      "usertime": 6582604
     },
     "1042006598": {
      "maxRSS": 307912,
      "systemtime": 108504,
      "usertime": 6582627
     },
     "1042008743": {
      "maxRSS": 308040,
      "systemtime": 108506,
      "usertime": 6586717
     },
     "1042010859": {
      "maxRSS": 308296,
      "systemtime": 108506,
      "usertime": 6586756
     },
     "1042012963": {
      "maxRSS": 308552,
      "systemtime": 108506,
      "usertime": 6590738
     },
     "1042015070": {
      "maxRSS": 308808,
      "systemtime": 108506,
      "usertime": 6590769
     },
     "1042017160": {
      "maxRSS": 308936,
      "systemtime": 108506,
      "usertime": 6594792
     },
     "1042019304": {
      "maxRSS": 309192,
      "systemtime": 108507,
      "usertime": 6594817
     },
     "1042021394": {
      "maxRSS": 309448,
      "systemtime": 108507,
      "usertime": 6598849
     },
     "1042023481": {
      "maxRSS": 309704,
      "systemtime": 108507,
      "usertime": 6598874
     },
     "1042025591": {
      "maxRSS": 309832,
      "systemtime": 108508,
      "usertime": 6602943
     },
     "1042027734": {
      "maxRSS": 310088,
      "systemtime": 108508,
      "usertime": 6602967
     },
     "1042029826": {
      "maxRSS": 310472,
      "systemtime": 108508,
      "usertime": 6606930
     },
     "1042031945": {
      "maxRSS": 310600,
      "systemtime": 108508,
      "usertime": 6606956
     },
     "1042034089": {
      "maxRSS": 310856,
      "systemtime": 108508,
      "usertime": 6610993
     },
     "1042036197": {
      "maxRSS": 311112,
      "systemtime": 108508,
      "usertime": 6615025
     },
     "1042038420": {
      "maxRSS": 311240,
      "systemtime": 108509,
      "usertime": 6615043
     },
     "1042040514": {
      "maxRSS": 311496,
      "systemtime": 108509,
      "usertime": 6619067
     },
     "1042042588": {
      "maxRSS": 311624,
      "systemtime": 108509,
      "usertime": 6619081
     },
     "1042044671": {
      "maxRSS": 311880,
      "systemtime": 108510,
      "usertime": 6623130
     },
     "1042046746": {
      "maxRSS": 312008,
      "systemtime": 108510,
      "usertime": 6623145
     },
     "1042048828": {
      "maxRSS": 312392,
      "systemtime": 108510,
      "usertime": 6627154
     },
     "1042050931": {
      "maxRSS": 312520,
      "systemtime": 108510,
      "usertime": 6627165
     },
     "1042053009": {
      "maxRSS": 312776,
      "systemtime": 108510,
      "usertime": 6631154
     },
     "1042055122": {
      "maxRSS": 313032,
      "systemtime": 108510,
      "usertime": 6631169
     },
     "1042057230": {
      "maxRSS": 313288,
      "systemtime": 108510,
      "usertime": 6635185
     },
     "1042059301": {
      "maxRSS": 313416,
      "systemtime": 108510,
      "usertime": 6635197
     },
     "1042061389": {
      "maxRSS": 313672,
      "systemtime": 108510,
      "usertime": 6639219
     },
     "1042063462": {
      "maxRSS": 314056,
      "systemtime": 108510,
      "usertime": 6639231
     },
     "1042065543": {
      "maxRSS": 314312,
      "systemtime": 108510,
      "usertime": 6643256
     },
     "1042067622": {
      "maxRSS": 314440,
      "systemtime": 108510,
      "usertime": 6643276
     },
     "1042069691": {
      "maxRSS": 314824,
      "systemtime": 108510,
      "usertime": 6647284
     },
     "1042071810": {
      "maxRSS": 315080,
      "systemtime": 108510,
      "usertime": 6647302
     },
     "1042073884": {
      "maxRSS": 315336,
      "systemtime": 108510,
      "usertime": 6651316
     },
     "1042075962": {
      "maxRSS": 315464,
      "systemtime": 108511,
      "usertime": 6651336
     },
     "1042078033": {
      "maxRSS": 315592,
      "systemtime": 108511,
      "usertime": 6655347
     },
     "1042080058": {
      "maxRSS": 315848,
      "systemtime": 108511,
      "usertime": 6659359
     },
     "1042082152": {
      "maxRSS": 316232,
      "systemtime": 108511,
      "usertime": 6659379
     },
     "1042084221": {
      "maxRSS": 316488,
      "systemtime": 108511,
      "usertime": 6663392
     },
     "1042086292": {
      "maxRSS": 316616,
      "systemtime": 108511,
      "usertime": 6663402
     },
     "1042088379": {
      "maxRSS": 316872,
      "systemtime": 108511,
      "usertime": 6667428
     },
     "1042090454": {
      "maxRSS": 317128,
      "systemtime": 108511,
      "usertime": 6667442
     },
     "1042092587": {
      "maxRSS": 317384,
      "systemtime": 108511,
      "usertime": 6671457
     },
     "1042094680": {
      "maxRSS": 317512,
      "systemtime": 108511,
      "usertime": 6671470
     },
     "1042096753": {
      "maxRSS": 317768,
      "systemtime": 108511,
      "usertime": 6675485
     },
     "1042098868": {
      "maxRSS": 317896,
      "systemtime": 108511,
      "usertime": 6675497
     },
     "1042100989": {
      "maxRSS": 318152,
      "systemtime": 108512,
      "usertime": 6679520
     },
     "1042103061": {
      "maxRSS": 318408,
      "systemtime": 108512,
      "usertime": 6679533
     },
     "1042105131": {
      "maxRSS": 318536,
      "systemtime": 108512,
      "usertime": 6683545
     },
     "1042107200": {
      "maxRSS": 318792,
      "systemtime": 108512,
      "usertime": 6683556
     },
     "1042109277": {
      "maxRSS": 318920,
      "systemtime": 108512,
      "usertime": 6687569
     },
     "1042111356": {
      "maxRSS": 319304,
      "systemtime": 108512,
      "usertime": 6687588
     },
     "1042113451": {
      "maxRSS": 319432,
      "systemtime": 108512,
      "usertime": 6691617
     },
     "1042115526": {
      "maxRSS": 319688,
      "systemtime": 108512,
      "usertime": 6691631
     },
     "1042117603": {
      "maxRSS": 319944,
      "systemtime": 112532,
      "usertime": 6691639
     },
     "1042119683": {
      "maxRSS": 320072,
      "systemtime": 112532,
      "usertime": 6691653
     },
     "1042121756": {
      "maxRSS": 320456,
      "systemtime": 112532,
      "usertime": 6695654
     },
     "1042123827": {
      "maxRSS": 320712,
      "systemtime": 112532,
      "usertime": 6695666
     },
     "1042125908": {
      "maxRSS": 320840,
      "systemtime": 112532,
      "usertime": 6699679
     },
     "1042127995": {
      "maxRSS": 321096,
      "systemtime": 112532,
      "usertime": 6699703
     },
     "1042130114": {
      "maxRSS": 321352,
      "systemtime": 112532,
      "usertime": 6703726
     },
     "1042132192": {
      "maxRSS": 321480,
      "systemtime": 112532,
      "usertime": 6707741
     },
     "1042134264": {
      "maxRSS": 321736,
      "systemtime": 112532,
      "usertime": 6707755
     },
     "1042136356": {
      "maxRSS": 321992,
      "systemtime": 112532,
      "usertime": 6711767
     },
     "1042138435": {
      "maxRSS": 322248,
      "systemtime": 112532,
      "usertime": 6711783
     },
     "1042140517": {
      "maxRSS": 322632,
      "systemtime": 112532,
      "usertime": 6715806
     },
     "1042142587": {
      "maxRSS": 322760,
      "systemtime": 112532,
      "usertime": 6715818
     },
     "1042144666": {
      "maxRSS": 323016,
      "systemtime": 112532,
      "usertime": 6719832
     },
     "1042146752": {
      "maxRSS": 323144,
      "systemtime": 112532,
      "usertime": 6719846
     },
     "1042148830": {
      "maxRSS": 323400,
      "systemtime": 112532,
      "usertime": 6723866
     },
     "1042150906": {
      "maxRSS": 323656,
      "systemtime": 112532,
      "usertime": 6723883
     },
     "1042152995": {
      "maxRSS": 323912,
      "systemtime": 112532,
      "usertime": 6727908
     },
     "1042155089": {
      "maxRSS": 324168,
      "systemtime": 112532,
      "usertime": 6727934
     },
     "1042157215": {
      "maxRSS": 324296,
      "systemtime": 112532,
      "usertime": 6731979
     },
     "1042159300": {
      "maxRSS": 324552,
      "systemtime": 112532,
      "usertime": 6732000
     },
     "1042161382": {
      "maxRSS": 324680,
      "systemtime": 112532,
      "usertime": 6736017
     },
     "1042163459": {
      "maxRSS": 324936,
      "systemtime": 112532,
      "usertime": 6736033
     },
     "1042165558": {
      "maxRSS": 325192,
      "systemtime": 112532,
      "usertime": 6740055
     },
     "1042167634": {
      "maxRSS": 325320,
      "systemtime": 112532,
      "usertime": 6740071
     },
     "1042169714": {
      "maxRSS": 325576,
      "systemtime": 112532,
      "usertime": 6744086
     },
     "1042171810": {
      "maxRSS": 325832,
      "systemtime": 112532,
      "usertime": 6744103
     },
     "1042173890": {
      "maxRSS": 326088,
      "systemtime": 112532,
      "usertime": 6748119
     },
     "1042175980": {
      "maxRSS": 326216,
      "systemtime": 112532,
      "usertime": 6748135
     },
     "1042178061": {
      "maxRSS": 326472,
      "systemtime": 116486,
      "usertime": 6748199
     },
     "1042180166": {
      "maxRSS": 326728,
      "systemtime": 116487,
      "usertime": 6752231
     },
     "1042182258": {
      "maxRSS": 326984,
      "systemtime": 116487,
      "usertime": 6752248
     },
     "1042184347": {
      "maxRSS": 327112,
      "systemtime": 116487,
      "usertime": 6756271
     },
     "1042186425": {
      "maxRSS": 327240,
      "systemtime": 116487,
      "usertime": 6756287
     },
     "1042188505": {
      "maxRSS": 327496,
      "systemtime": 116487,
      "usertime": 6760290
     },
     "1042190621": {
      "maxRSS": 327880,
      "systemtime": 116487,
      "usertime": 6760318
     },
     "1042194718": {
      "maxRSS": 328392,
      "systemtime": 116488,
      "usertime": 6764349
     },
     "1042198806": {
      "maxRSS": 328904,
      "systemtime": 116488,
      "usertime": 6768365
     },
     "1042202890": {
      "maxRSS": 329288,
      "systemtime": 116488,
      "usertime": 6772384
     },
     "1042206976": {
      "maxRSS": 329672,
      "systemtime": 116488,
      "usertime": 6776414
     },
     "1042211061": {
      "maxRSS": 330056,
      "systemtime": 116488,
      "usertime": 6780428
     },
     "1042215185": {
      "maxRSS": 330568,
      "systemtime": 116488,
      "usertime": 6784470
     },
     "1042219310": {
      "maxRSS": 331208,
      "systemtime": 116489,
      "usertime": 6788511
     },
     "1042223403": {
      "maxRSS": 331720,
      "systemtime": 116489,
      "usertime": 6792533
     },
     "1042227487": {
      "maxRSS": 332104,
      "systemtime": 116489,
      "usertime": 6796556
     },
     "1042231599": {
      "maxRSS": 332616,
      "systemtime": 116489,
      "usertime": 6800570
     },
     "1042235684": {
      "maxRSS": 333000,
      "systemtime": 116489,
      "usertime": 6804603
     },
     "1042239778": {
      "maxRSS": 333640,
      "systemtime": 116490,
      "usertime": 6808644
     },
     "1042243880": {
      "maxRSS": 334152,
      "systemtime": 116490,
      "usertime": 6812637
     },
     "1042247973": {
      "maxRSS": 334536,
      "systemtime": 116490,
      "usertime": 6816674
     },
     "1042252093": {
      "maxRSS": 334792,
      "systemtime": 116490,
      "usertime": 6824698
     },
     "1042256177": {
      "maxRSS": 335304,
      "systemtime": 116490,
      "usertime": 6828718
     },
     "1042260295": {
      "maxRSS": 335688,
      "systemtime": 116490,
      "usertime": 6832785
     },
     "1042264375": {
      "maxRSS": 336072,
      "systemtime": 116490,
      "usertime": 6836787
     },
     "1042268454": {
      "maxRSS": 336456,
      "systemtime": 116490,
      "usertime": 6840792
     },
     "1042272559": {
      "maxRSS": 336840,
      "systemtime": 116490,
      "usertime": 6844819
     },
     "1042276634": {
      "maxRSS": 337224,
      "systemtime": 116490,
      "usertime": 6848837
     },
     "1042280713": {
      "maxRSS": 337736,
      "systemtime": 116490,
      "usertime": 6852856
     },
     "1042284794": {
      "maxRSS": 337992,
      "systemtime": 116490,
      "usertime": 6856873
     },
     "1042288902": {
      "maxRSS": 338504,
      "systemtime": 116490,
      "usertime": 6860896
     },
     "1042292988": {
      "maxRSS": 338888,
      "systemtime": 116490,
      "usertime": 6864922
     },
     "1042297099": {
      "maxRSS": 339400,
      "systemtime": 116491,
      "usertime": 6868956
     },
     "1042301181": {
      "maxRSS": 339912,
      "systemtime": 116491,
      "usertime": 6872975
     },
     "1042305297": {
      "maxRSS": 340424,
      "systemtime": 116491,
      "usertime": 6876995
     },
     "1042309377": {
      "maxRSS": 340680,
      "systemtime": 116491,
      "usertime": 6881013
     },
     "1042313465": {
      "maxRSS": 341192,
      "systemtime": 116491,
      "usertime": 6885035
     },
     "1042317546": {
      "maxRSS": 341832,
      "systemtime": 116491,
      "usertime": 6889056
     },
     "1042321678": {
      "maxRSS": 342216,
      "systemtime": 116491,
      "usertime": 6893102
     },
     "1042325760": {
      "maxRSS": 342728,
      "systemtime": 116491,
      "usertime": 6897102
     },
     "1042329838": {
      "maxRSS": 343112,
      "systemtime": 116491,
      "usertime": 6901118
     },
     "1042333930": {
      "maxRSS": 343624,
      "systemtime": 120508,
      "usertime": 6901118
     },
     "1042338008": {
      "maxRSS": 344136,
      "systemtime": 120508,
      "usertime": 6905135
     },
     "1042342086": {
      "maxRSS": 344520,
      "systemtime": 120508,
      "usertime": 6909163
     },
     "1042346247": {
      "maxRSS": 345032,
      "systemtime": 120508,
      "usertime": 6913183
     },
     "1042350325": {
      "maxRSS": 345288,
      "systemtime": 124525,
      "usertime": 6913189
     },
     "1042354410": {
      "maxRSS": 345800,
      "systemtime": 124525,
      "usertime": 6917202
     },
     "1042358497": {
      "maxRSS": 346184,
      "systemtime": 124527,
      "usertime": 6921293
     },
     "1042362578": {
      "maxRSS": 346568,
      "systemtime": 124527,
      "usertime": 6925252
     },
     "1042366660": {
      "maxRSS": 347080,
      "systemtime": 124527,
      "usertime": 6929257
     },
     "1042370754": {
      "maxRSS": 347464,
      "systemtime": 124527,
      "usertime": 6933276
     },
     "1042374899": {
      "maxRSS": 347848,
      "systemtime": 124527,
      "usertime": 6937309
     },
     "1042378988": {
      "maxRSS": 348232,
      "systemtime": 124527,
      "usertime": 6941325
     },
     "1042383067": {
      "maxRSS": 348616,
      "systemtime": 124527,
      "usertime": 6945345
     },
     "1042387171": {
      "maxRSS": 349000,
      "systemtime": 124527,
      "usertime": 6949362
     },
     "1042391262": {
      "maxRSS": 349512,
      "systemtime": 124527,
      "usertime": 6953382
     },
     "1042395361": {
      "maxRSS": 350024,
      "systemtime": 124527,
      "usertime": 6957402
     },
     "1042399471": {
      "maxRSS": 350664,
      "systemtime": 124527,
      "usertime": 6961436
     },
     "1042403576": {
      "maxRSS": 351176,
      "systemtime": 124527,
      "usertime": 6965451
     },
     "1042407717": {
      "maxRSS": 351560,
      "systemtime": 124527,
      "usertime": 6969486
     },
     "1042411835": {
      "maxRSS": 351944,
      "systemtime": 124527,
      "usertime": 6973526
     },
     "1042415952": {
      "maxRSS": 352456,
      "systemtime": 124527,
      "usertime": 6977536
     },
     "1042420110": {
      "maxRSS": 352840,
      "systemtime": 124527,
      "usertime": 6985572
     },
     "1042424256": {
      "maxRSS": 353224,
      "systemtime": 124527,
      "usertime": 6989593
     },
     "1042428348": {
      "maxRSS": 353736,
      "systemtime": 128544,
      "usertime": 6989605
     },
     "1042432440": {
      "maxRSS": 354120,
      "systemtime": 128544,
      "usertime": 6993612
     },
     "1042436527": {
      "maxRSS": 354504,
      "systemtime": 128544,
      "usertime": 6997630
     },
     "1042440600": {
      "maxRSS": 354888,
      "systemtime": 128544,
      "usertime": 7001651
     },
     "1042444718": {
      "maxRSS": 355272,
      "systemtime": 128544,
      "usertime": 7005682
     },
     "1042448865": {
      "maxRSS": 355784,
      "systemtime": 128545,
      "usertime": 7009734
     },
     "1042452958": {
      "maxRSS": 356296,
      "systemtime": 128545,
      "usertime": 7013752
     },
     "1042457037": {
      "maxRSS": 356808,
      "systemtime": 128545,
      "usertime": 7017768
     },
     "1042461113": {
      "maxRSS": 357320,
      "systemtime": 128545,
      "usertime": 7021786
     },
     "1042465205": {
      "maxRSS": 357704,
      "systemtime": 128545,
      "usertime": 7025804
     },
     "1042469294": {
      "maxRSS": 358088,
      "systemtime": 128545,
      "usertime": 7029848
     },
     "1042473396": {
      "maxRSS": 358600,
      "systemtime": 128546,
      "usertime": 7033911
     },
     "1042477527": {
      "maxRSS": 359112,
      "systemtime": 132540,
      "usertime": 7033911
     },
     "1042481615": {
      "maxRSS": 359496,
      "systemtime": 132563,
      "usertime": 7037928
     },
     "1042485706": {
      "maxRSS": 359880,
      "systemtime": 132563,
      "usertime": 7041923
     },
     "1042489791": {
      "maxRSS": 360136,
      "systemtime": 132563,
      "usertime": 7045968
     },
     "1042493872": {
      "maxRSS": 360648,
      "systemtime": 132563,
      "usertime": 7049960
     },
     "1042497973": {
      "maxRSS": 361288,
      "systemtime": 132563,
      "usertime": 7053989
     },
     "1042502060": {
      "maxRSS": 361672,
      "systemtime": 132563,
      "usertime": 7058008
     },
     "1042506164": {
      "maxRSS": 361928,
      "systemtime": 136580,
      "usertime": 7058016
     },
     "1042510295": {
      "maxRSS": 362312,
      "systemtime": 136581,
      "usertime": 7062067
     },
     "1042514385": {
      "maxRSS": 362824,
      "systemtime": 136581,
      "usertime": 7066081
     },
     "1042518469": {
      "maxRSS": 363208,
      "systemtime": 136581,
      "usertime": 7070100
     },
     "1042522590": {
      "maxRSS": 363464,
      "systemtime": 136581,
      "usertime": 7074137
     },
     "1042526689": {
      "maxRSS": 363848,
      "systemtime": 136582,
      "usertime": 7078178
     },
     "1042530786": {
      "maxRSS": 364232,
      "systemtime": 136582,
      "usertime": 7082209
     },
     "1042534876": {
      "maxRSS": 364744,
      "systemtime": 136582,
      "usertime": 7086232
     },
     "1042538965": {
      "maxRSS": 365256,
      "systemtime": 136582,
      "usertime": 7090257
     },
     "1042543050": {
      "maxRSS": 365640,
      "systemtime": 136582,
      "usertime": 7094279
     },
     "1042547130": {
      "maxRSS": 366024,
      "systemtime": 136582,
      "usertime": 7098297
     },
     "1042551226": {
      "maxRSS": 366408,
      "systemtime": 136583,
      "usertime": 7102329
     },
     "1042555322": {
      "maxRSS": 366920,
      "systemtime": 136583,
      "usertime": 7106360
     },
     "1042559458": {
      "maxRSS": 367432,
      "systemtime": 136583,
      "usertime": 7110393
     },
     "1042563546": {
      "maxRSS": 367816,
      "systemtime": 136584,
      "usertime": 7114442
     },
     "1042567676": {
      "maxRSS": 368328,
      "systemtime": 136584,
      "usertime": 7118448
     },
     "1042571779": {
      "maxRSS": 368840,
      "systemtime": 136584,
      "usertime": 7122446
     },
     "1042575900": {
      "maxRSS": 369352,
      "systemtime": 136584,
      "usertime": 7126468
     },
     "1042580025": {
      "maxRSS": 369736,
      "systemtime": 136584,
      "usertime": 7134480
     },
     "1042584061": {
      "maxRSS": 370120,
      "systemtime": 136584,
      "usertime": 7138496
     },
     "1042588141": {
      "maxRSS": 370376,
      "systemtime": 136584,
      "usertime": 7142519
     },
     "1042592219": {
      "maxRSS": 370760,
      "systemtime": 136584,
      "usertime": 7146536
     },
     "1042596295": {
      "maxRSS": 371016,
      "systemtime": 136584,
      "usertime": 7150552
     },
     "1042600405": {
      "maxRSS": 371528,
      "systemtime": 136584,
      "usertime": 7154569
     },
     "1042604529": {
      "maxRSS": 371912,
      "systemtime": 140601,
      "usertime": 7154590
     },
     "1042608723": {
      "maxRSS": 372296,
      "systemtime": 140601,
      "usertime": 7158605
     },
     "1042612807": {
      "maxRSS": 372680,
      "systemtime": 140601,
      "usertime": 7162624
     },
     "1042616981": {
      "maxRSS": 373192,
      "systemtime": 140601,
      "usertime": 7166649
     },
     "1042621107": {
      "maxRSS": 373704,
      "systemtime": 140601,
      "usertime": 7170677
     },
     "1042625289": {
      "maxRSS": 374216,
      "systemtime": 140601,
      "usertime": 7174690
     },
     "1042629481": {
      "maxRSS": 374472,
      "systemtime": 140601,
      "usertime": 7178723
     },
     "1042633556": {
      "maxRSS": 374984,
      "systemtime": 144619,
      "usertime": 7178734
     },
     "1042637638": {
      "maxRSS": 375368,
      "systemtime": 144619,
      "usertime": 7182738
     },
     "1042641739": {
      "maxRSS": 375624,
      "systemtime": 144619,
      "usertime": 7186753
     },
     "1042645818": {
      "maxRSS": 376136,
      "systemtime": 144619,
      "usertime": 7190769
     },
     "1042649946": {
      "maxRSS": 376520,
      "systemtime": 144619,
      "usertime": 7194806
     },
     "1042654044": {
      "maxRSS": 377032,
      "systemtime": 144619,
      "usertime": 7198840
     },
     "1042658160": {
      "maxRSS": 377544,
      "systemtime": 144619,
      "usertime": 7202860
     },
     "1042662257": {
      "maxRSS": 377928,
      "systemtime": 144620,
      "usertime": 7206897
     },
     "1042666383": {
      "maxRSS": 378312,
      "systemtime": 144620,
      "usertime": 7210938
     },
     "1042670525": {
      "maxRSS": 378824,
      "systemtime": 144620,
      "usertime": 7214950
     },
     "1042674645": {
      "maxRSS": 379208,
      "systemtime": 144620,
      "usertime": 7218990
     },
     "1042678783": {
      "maxRSS": 379592,
      "systemtime": 144621,
      "usertime": 7223049
     },
     "1042682917": {
      "maxRSS": 380104,
      "systemtime": 144622,
      "usertime": 7227085
     },
     "1042687055": {
      "maxRSS": 380616,
      "systemtime": 144622,
      "usertime": 7231116
     },
     "1042691161": {
      "maxRSS": 381128,
      "systemtime": 144622,
      "usertime": 7235146
     },
     "1042695242": {
      "maxRSS": 381512,
      "systemtime": 144622,
      "usertime": 7239163
     },
     "1042699381": {
      "maxRSS": 381896,
      "systemtime": 144623,
      "usertime": 7243202
     },
     "1042703482": {
      "maxRSS": 382280,
      "systemtime": 144623,
      "usertime": 7247233
     },
     "1042707588": {
      "maxRSS": 382920,
      "systemtime": 144623,
      "usertime": 7251254
     },
     "1042711683": {
      "maxRSS": 383560,
      "systemtime": 144623,
      "usertime": 7255265
     },
     "1042715799": {
      "maxRSS": 383944,
      "systemtime": 144623,
      "usertime": 7259295
     },
     "1042723920": {
      "maxRSS": 384840,
      "systemtime": 144623,
      "usertime": 7267331
     },
     "1042732059": {
      "maxRSS": 385608,
      "systemtime": 148640,
      "usertime": 7275362
     },
     "1042740147": {
      "maxRSS": 386376,
      "systemtime": 152658,
      "usertime": 7279376
     },
     "1042748271": {
      "maxRSS": 387144,
      "systemtime": 152658,
      "usertime": 7287415
     },
     "1042756364": {
      "maxRSS": 387912,
      "systemtime": 152658,
      "usertime": 7295443
     },
     "1042764458": {
      "maxRSS": 388680,
      "systemtime": 152658,
      "usertime": 7303469
     },
     "1042772593": {
      "maxRSS": 389448,
      "systemtime": 152658,
      "usertime": 7311497
     },
     "1042780718": {
      "maxRSS": 390344,
      "systemtime": 152658,
      "usertime": 7319523
     },
     "1042788832": {
      "maxRSS": 391112,
      "systemtime": 152658,
      "usertime": 7327545
     },
     "1042796927": {
      "maxRSS": 392136,
      "systemtime": 152658,
      "usertime": 7335578
     },
     "1042805026": {
      "maxRSS": 392904,
      "systemtime": 152658,
      "usertime": 7343601
     },
     "1042813107": {
      "maxRSS": 393928,
      "systemtime": 152658,
      "usertime": 7351614
     },
     "1042821190": {
      "maxRSS": 394568,
      "systemtime": 152658,
      "usertime": 7359630
     },
     "1042829316": {
      "maxRSS": 395592,
      "systemtime": 152658,
      "usertime": 7367654
     },
     "1042837416": {
      "maxRSS": 396488,
      "systemtime": 152658,
      "usertime": 7375702
     },
     "1042845550": {
      "maxRSS": 397000,
      "systemtime": 152658,
      "usertime": 7383718
     },
     "1042853646": {
      "maxRSS": 397640,
      "systemtime": 152658,
      "usertime": 7391749
     },
     "1042861751": {
      "maxRSS": 398536,
      "systemtime": 152658,
      "usertime": 7399779
     },
     "1042869842": {
      "maxRSS": 399560,
      "systemtime": 152658,
      "usertime": 7407807
     },
     "1042877935": {
      "maxRSS": 400200,
      "systemtime": 152658,
      "usertime": 7415836
     },
     "1042886068": {
      "maxRSS": 400968,
      "systemtime": 152658,
      "usertime": 7423876
     },
     "1042894213": {
      "maxRSS": 401608,
      "systemtime": 152658,
      "usertime": 7431935
     },
     "1042902315": {
      "maxRSS": 402248,
      "systemtime": 152658,
      "usertime": 7439944
     },
     "1042910401": {
      "maxRSS": 403144,
      "systemtime": 152658,
      "usertime": 7447964
     },
     "1042918507": {
      "maxRSS": 403912,
      "systemtime": 156672,
      "usertime": 7451976
     },
     "1042926614": {
      "maxRSS": 404296,
      "systemtime": 156714,
      "usertime": 7461049
     },
     "1042934739": {
      "maxRSS": 404296,
      "systemtime": 156714,
      "usertime": 7467997
     },
     "1042942826": {
      "maxRSS": 404296,
      "systemtime": 156714,
      "usertime": 7476024
     },
     "1042950952": {
      "maxRSS": 404296,
      "systemtime": 156714,
      "usertime": 7484070
     },
     "1042958717": {
      "maxRSS": 404296,
      "systemtime": 156727,
      "usertime": 7494781
     },
     "1042958784": {
      "maxRSS": 404296,
      "systemtime": 156728,
      "usertime": 7494859
     },
     "1042959867": {
      "maxRSS": 404296,
      "systemtime": 156733,
      "usertime": 7495063
     },
     "1042960958": {
      "maxRSS": 404296,
      "systemtime": 156733,
      "usertime": 7496129
     },
     "1042962080": {
      "maxRSS": 404296,
      "systemtime": 156733,
      "usertime": 7496147
     },
     "1042963192": {
      "maxRSS": 404296,
      "systemtime": 156733,
      "usertime": 7496182
     },
     "1042964274": {
      "maxRSS": 404296,
      "systemtime": 156733,
      "usertime": 7500198
     },
     "1042965353": {
      "maxRSS": 404296,
      "systemtime": 156733,
      "usertime": 7500215
     },
     "1042966431": {
      "maxRSS": 404296,
      "systemtime": 156733,
      "usertime": 7500230
     },
     "1042967500": {
      "maxRSS": 404296,
      "systemtime": 156733,
      "usertime": 7500243
     },
     "1042968614": {
      "maxRSS": 404296,
      "systemtime": 156733,
      "usertime": 7504281
     },
     "1042969716": {
      "maxRSS": 404296,
      "systemtime": 156733,
      "usertime": 7504311
     },
     "1042970805": {
      "maxRSS": 404296,
      "systemtime": 156733,
      "usertime": 7504333
     }
    }
   }
  }
 }
}
