{
 "root": {
  "program": {
   "configuration": {
    "": "/root/compiler/measurements/m3-5-headline-m4/family/reachability_complement/n2000/emit_guarded/transformed.dl",
    "fact-dir": "/root/compiler/fixtures/p2-scale-2000",
    "include-dir": ".",
    "jobs": "1",
    "libraries": "functors",
    "library-dir": ".",
    "output-dir": "/root/compiler/measurements/m3-5-headline-m4/family/reachability_complement/n2000/dlc",
    "profile": "prof.log",
    "relationCount": "12",
    "ruleCount": "17",
    "version": "2.5",
    "warn": "all",
    "wno": "none"
   },
   "relation": {
    "edge": {
     "loadtime": { "start": 17230363462, "end": 17230364482},
     "num-tuples": 4000,
     "reads": 0,
     "source-locator": "/root/compiler/measurements/m3-5-headline-m4/family/reachability_complement/n2000/emit_guarded/transformed.dl [1:7-1:11]"
    },
    "magic_reach_bf": {
     "maxRSS": {
      "post": 16500,
      "pre": 16500
     },
     "non-recursive-rule": {
      "magic_reach_bf(x) :- \n   sup_unreach_bf_r0_2(x,_).": {
       "atom-frequency": {
        "magic_reach_bf(x) :- \n   sup_unreach_bf_r0_2(x,_).": {
         "sup_unreach_bf_r0_2": {
          "level": 0,
          "num-tuples": 0
         }
        }
       },
       "maxRSS": {
        "post": 16500,
        "pre": 16500
       },
       "num-tuples": 1,
       "runtime": { "start": 17230364872, "end": 17230364902},
       "source-locator": "/root/compiler/measurements/m3-5-headline-m4/family/reachability_complement/n2000/emit_guarded/transformed.dl [26:1-26:48]"
      }
     },
     "num-tuples": 1,
     "reads": 0,
     "runtime": { "start": 17230364862, "end": 17230364914},
     "source-locator": "/root/compiler/measurements/m3-5-headline-m4/family/reachability_complement/n2000/emit_guarded/transformed.dl [13:7-13:21]"
    },
    "magic_unreach_bf": {
     "maxRSS": {
      "post": 16500,
      "pre": 16500
     },
     "non-recursive-rule": {
      "magic_unreach_bf(1).": {
       "maxRSS": {
        "post": 16500,
        "pre": 16500
       },
       "num-tuples": 1,
       "runtime": { "start": 17230364505, "end": 17230364508},
       "source-locator": "/root/compiler/measurements/m3-5-headline-m4/family/reachability_complement/n2000/emit_guarded/transformed.dl [36:1-36:21]"
      }
     },
     "num-tuples": 1,
     "reads": 0,
     "runtime": { "start": 17230364492, "end": 17230364517},
     "source-locator": "/root/compiler/measurements/m3-5-headline-m4/family/reachability_complement/n2000/emit_guarded/transformed.dl [21:7-21:23]"
    },
    "node": {
     "loadtime": { "start": 17230364523, "end": 17230364720},
     "num-tuples": 2000,
     "reads": 1,
     "source-locator": "/root/compiler/measurements/m3-5-headline-m4/family/reachability_complement/n2000/emit_guarded/transformed.dl [3:7-3:11]"
    },
    "q_unreach": {
     "maxRSS": {
      "post": 16500,
      "pre": 16500
     },
     "non-recursive-rule": {
      "q_unreach(y) :- \n   sup_unreach_bf_r0_3(1,y).": {
       "atom-frequency": {
        "q_unreach(y) :- \n   sup_unreach_bf_r0_3(1,y).": {
         "sup_unreach_bf_r0_3": {
          "level": 0,
          "num-tuples": 0
         }
        }
       },
       "maxRSS": {
        "post": 16500,
        "pre": 16500
       },
       "num-tuples": 461,
       "runtime": { "start": 17230373695, "end": 17230373710},
       "source-locator": "/root/compiler/measurements/m3-5-headline-m4/family/reachability_complement/n2000/emit_guarded/transformed.dl [37:1-37:34]"
      }
     },
     "num-tuples": 461,
     "reads": 0,
     "runtime": { "start": 17230373684, "end": 17230373719},
     "savetime": { "start": 17230373724, "end": 17230373841},
     "source-locator": "/root/compiler/measurements/m3-5-headline-m4/family/reachability_complement/n2000/emit_guarded/transformed.dl [7:7-7:16]"
    },
    "reach_bf": {
     "iteration": {
      "0": {
       "copytime": { "start": 17230365132, "end": 17230365133},
       "maxRSS": {
        "post": 16500,
        "pre": 16500
       },
       "num-tuples": 0,
       "recursive-rule": {
        "reach_bf(x,y) :- \n   sup_reach_bf_r1_2(x,y).": {
         "0": {
          "atom-frequency": {
           "@new_reach_bf(x,y) :- \n   @delta_sup_reach_bf_r1_2(x,y).": {
            "@delta_sup_reach_bf_r1_2": {
             "level": 0,
             "num-tuples": 0
            }
           }
          },
          "maxRSS": {
           "post": 16500,
           "pre": 16500
          },
          "num-tuples": 0,
          "runtime": { "start": 17230365012, "end": 17230365013},
          "source-locator": "/root/compiler/measurements/m3-5-headline-m4/family/reachability_complement/n2000/emit_guarded/transformed.dl [35:1-35:43]"
         }
        }
       },
       "runtime": { "start": 17230365002, "end": 17230365027}
      },
      "1": {
       "copytime": { "start": 17230365224, "end": 17230365225},
       "maxRSS": {
        "post": 16500,
        "pre": 16500
       },
       "num-tuples": 0,
       "recursive-rule": {
        "reach_bf(x,y) :- \n   sup_reach_bf_r1_2(x,y).": {
         "0": {
          "maxRSS": {
           "post": 16500,
           "pre": 16500
          },
          "num-tuples": 0,
          "runtime": { "start": 17230365146, "end": 17230365147},
          "source-locator": "/root/compiler/measurements/m3-5-headline-m4/family/reachability_complement/n2000/emit_guarded/transformed.dl [35:1-35:43]"
         }
        }
       },
       "runtime": { "start": 17230365145, "end": 17230365154}
      },
      "10": {
       "copytime": { "start": 17230366278, "end": 17230366279},
       "maxRSS": {
        "post": 16500,
        "pre": 16500
       },
       "num-tuples": 0,
       "recursive-rule": {
        "reach_bf(x,y) :- \n   sup_reach_bf_r1_2(x,y).": {
         "0": {
          "maxRSS": {
           "post": 16500,
           "pre": 16500
          },
          "num-tuples": 0,
          "runtime": { "start": 17230366176, "end": 17230366177},
          "source-locator": "/root/compiler/measurements/m3-5-headline-m4/family/reachability_complement/n2000/emit_guarded/transformed.dl [35:1-35:43]"
         }
        }
       },
       "runtime": { "start": 17230366175, "end": 17230366184}
      },
      "11": {
       "copytime": { "start": 17230366416, "end": 17230366418},
       "maxRSS": {
        "post": 16500,
        "pre": 16500
       },
       "num-tuples": 15,
       "recursive-rule": {
        "reach_bf(x,y) :- \n   sup_reach_bf_r1_2(x,y).": {
         "0": {
          "maxRSS": {
           "post": 16500,
           "pre": 16500
          },
          "num-tuples": 15,
          "runtime": { "start": 17230366312, "end": 17230366315},
          "source-locator": "/root/compiler/measurements/m3-5-headline-m4/family/reachability_complement/n2000/emit_guarded/transformed.dl [35:1-35:43]"
         }
        }
       },
       "runtime": { "start": 17230366303, "end": 17230366324}
      },
      "12": {
       "copytime": { "start": 17230366550, "end": 17230366551},
       "maxRSS": {
        "post": 16500,
        "pre": 16500
       },
       "num-tuples": 0,
       "recursive-rule": {
        "reach_bf(x,y) :- \n   sup_reach_bf_r1_2(x,y).": {
         "0": {
          "maxRSS": {
           "post": 16500,
           "pre": 16500
          },
          "num-tuples": 0,
          "runtime": { "start": 17230366453, "end": 17230366454},
          "source-locator": "/root/compiler/measurements/m3-5-headline-m4/family/reachability_complement/n2000/emit_guarded/transformed.dl [35:1-35:43]"
         }
        }
       },
       "runtime": { "start": 17230366444, "end": 17230366462}
      },
      "13": {
       "copytime": { "start": 17230366692, "end": 17230366692},
       "maxRSS": {
        "post": 16500,
        "pre": 16500
       },
       "num-tuples": 0,
       "recursive-rule": {
        "reach_bf(x,y) :- \n   sup_reach_bf_r1_2(x,y).": {
         "0": {
          "maxRSS": {
           "post": 16500,
           "pre": 16500
          },
          "num-tuples": 0,
          "runtime": { "start": 17230366584, "end": 17230366585},
          "source-locator": "/root/compiler/measurements/m3-5-headline-m4/family/reachability_complement/n2000/emit_guarded/transformed.dl [35:1-35:43]"
         }
        }
       },
       "runtime": { "start": 17230366575, "end": 17230366593}
      },
      "14": {
       "copytime": { "start": 17230366823, "end": 17230366825},
       "maxRSS": {
        "post": 16500,
        "pre": 16500
       },
       "num-tuples": 23,
       "recursive-rule": {
        "reach_bf(x,y) :- \n   sup_reach_bf_r1_2(x,y).": {
         "0": {
          "maxRSS": {
           "post": 16500,
           "pre": 16500
          },
          "num-tuples": 23,
          "runtime": { "start": 17230366725, "end": 17230366729},
          "source-locator": "/root/compiler/measurements/m3-5-headline-m4/family/reachability_complement/n2000/emit_guarded/transformed.dl [35:1-35:43]"
         }
        }
       },
       "runtime": { "start": 17230366717, "end": 17230366738}
      },
      "15": {
       "copytime": { "start": 17230366952, "end": 17230366953},
       "maxRSS": {
        "post": 16500,
        "pre": 16500
       },
       "num-tuples": 0,
       "recursive-rule": {
        "reach_bf(x,y) :- \n   sup_reach_bf_r1_2(x,y).": {
         "0": {
          "maxRSS": {
           "post": 16500,
           "pre": 16500
          },
          "num-tuples": 0,
          "runtime": { "start": 17230366856, "end": 17230366857},
          "source-locator": "/root/compiler/measurements/m3-5-headline-m4/family/reachability_complement/n2000/emit_guarded/transformed.dl [35:1-35:43]"
         }
        }
       },
       "runtime": { "start": 17230366847, "end": 17230366864}
      },
      "16": {
       "copytime": { "start": 17230367102, "end": 17230367103},
       "maxRSS": {
        "post": 16500,
        "pre": 16500
       },
       "num-tuples": 0,
       "recursive-rule": {
        "reach_bf(x,y) :- \n   sup_reach_bf_r1_2(x,y).": {
         "0": {
          "maxRSS": {
           "post": 16500,
           "pre": 16500
          },
          "num-tuples": 0,
          "runtime": { "start": 17230366988, "end": 17230366988},
          "source-locator": "/root/compiler/measurements/m3-5-headline-m4/family/reachability_complement/n2000/emit_guarded/transformed.dl [35:1-35:43]"
         }
        }
       },
       "runtime": { "start": 17230366976, "end": 17230366997}
      },
      "17": {
       "copytime": { "start": 17230367250, "end": 17230367254},
       "maxRSS": {
        "post": 16500,
        "pre": 16500
       },
       "num-tuples": 38,
       "recursive-rule": {
        "reach_bf(x,y) :- \n   sup_reach_bf_r1_2(x,y).": {
         "0": {
          "maxRSS": {
           "post": 16500,
           "pre": 16500
          },
          "num-tuples": 38,
          "runtime": { "start": 17230367140, "end": 17230367145},
          "source-locator": "/root/compiler/measurements/m3-5-headline-m4/family/reachability_complement/n2000/emit_guarded/transformed.dl [35:1-35:43]"
         }
        }
       },
       "runtime": { "start": 17230367131, "end": 17230367153}
      },
      "18": {
       "copytime": { "start": 17230367394, "end": 17230367394},
       "maxRSS": {
        "post": 16500,
        "pre": 16500
       },
       "num-tuples": 0,
       "recursive-rule": {
        "reach_bf(x,y) :- \n   sup_reach_bf_r1_2(x,y).": {
         "0": {
          "maxRSS": {
           "post": 16500,
           "pre": 16500
          },
          "num-tuples": 0,
          "runtime": { "start": 17230367286, "end": 17230367287},
          "source-locator": "/root/compiler/measurements/m3-5-headline-m4/family/reachability_complement/n2000/emit_guarded/transformed.dl [35:1-35:43]"
         }
        }
       },
       "runtime": { "start": 17230367277, "end": 17230367297}
      },
      "19": {
       "copytime": { "start": 17230367547, "end": 17230367548},
       "maxRSS": {
        "post": 16500,
        "pre": 16500
       },
       "num-tuples": 0,
       "recursive-rule": {
        "reach_bf(x,y) :- \n   sup_reach_bf_r1_2(x,y).": {
         "0": {
          "maxRSS": {
           "post": 16500,
           "pre": 16500
          },
          "num-tuples": 0,
          "runtime": { "start": 17230367428, "end": 17230367429},
          "source-locator": "/root/compiler/measurements/m3-5-headline-m4/family/reachability_complement/n2000/emit_guarded/transformed.dl [35:1-35:43]"
         }
        }
       },
       "runtime": { "start": 17230367420, "end": 17230367437}
      },
      "2": {
       "copytime": { "start": 17230365307, "end": 17230365308},
       "maxRSS": {
        "post": 16500,
        "pre": 16500
       },
       "num-tuples": 2,
       "recursive-rule": {
        "reach_bf(x,y) :- \n   sup_reach_bf_r1_2(x,y).": {
         "0": {
          "maxRSS": {
           "post": 16500,
           "pre": 16500
          },
          "num-tuples": 2,
          "runtime": { "start": 17230365239, "end": 17230365241},
          "source-locator": "/root/compiler/measurements/m3-5-headline-m4/family/reachability_complement/n2000/emit_guarded/transformed.dl [35:1-35:43]"
         }
        }
       },
       "runtime": { "start": 17230365239, "end": 17230365247}
      },
      "20": {
       "copytime": { "start": 17230367696, "end": 17230367702},
       "maxRSS": {
        "post": 16500,
        "pre": 16500
       },
       "num-tuples": 84,
       "recursive-rule": {
        "reach_bf(x,y) :- \n   sup_reach_bf_r1_2(x,y).": {
         "0": {
          "maxRSS": {
           "post": 16500,
           "pre": 16500
          },
          "num-tuples": 84,
          "runtime": { "start": 17230367588, "end": 17230367598},
          "source-locator": "/root/compiler/measurements/m3-5-headline-m4/family/reachability_complement/n2000/emit_guarded/transformed.dl [35:1-35:43]"
         }
        }
       },
       "runtime": { "start": 17230367579, "end": 17230367608}
      },
      "21": {
       "copytime": { "start": 17230367840, "end": 17230367841},
       "maxRSS": {
        "post": 16500,
        "pre": 16500
       },
       "num-tuples": 0,
       "recursive-rule": {
        "reach_bf(x,y) :- \n   sup_reach_bf_r1_2(x,y).": {
         "0": {
          "maxRSS": {
           "post": 16500,
           "pre": 16500
          },
          "num-tuples": 0,
          "runtime": { "start": 17230367736, "end": 17230367737},
          "source-locator": "/root/compiler/measurements/m3-5-headline-m4/family/reachability_complement/n2000/emit_guarded/transformed.dl [35:1-35:43]"
         }
        }
       },
       "runtime": { "start": 17230367727, "end": 17230367745}
      },
      "22": {
       "copytime": { "start": 17230368052, "end": 17230368053},
       "maxRSS": {
        "post": 16500,
        "pre": 16500
       },
       "num-tuples": 0,
       "recursive-rule": {
        "reach_bf(x,y) :- \n   sup_reach_bf_r1_2(x,y).": {
         "0": {
          "maxRSS": {
           "post": 16500,
           "pre": 16500
          },
          "num-tuples": 0,
          "runtime": { "start": 17230367881, "end": 17230367881},
          "source-locator": "/root/compiler/measurements/m3-5-headline-m4/family/reachability_complement/n2000/emit_guarded/transformed.dl [35:1-35:43]"
         }
        }
       },
       "runtime": { "start": 17230367880, "end": 17230367890}
      },
      "23": {
       "copytime": { "start": 17230368210, "end": 17230368223},
       "maxRSS": {
        "post": 16500,
        "pre": 16500
       },
       "num-tuples": 148,
       "recursive-rule": {
        "reach_bf(x,y) :- \n   sup_reach_bf_r1_2(x,y).": {
         "0": {
          "maxRSS": {
           "post": 16500,
           "pre": 16500
          },
          "num-tuples": 148,
          "runtime": { "start": 17230368098, "end": 17230368114},
          "source-locator": "/root/compiler/measurements/m3-5-headline-m4/family/reachability_complement/n2000/emit_guarded/transformed.dl [35:1-35:43]"
         }
        }
       },
       "runtime": { "start": 17230368089, "end": 17230368123}
      },
      "24": {
       "copytime": { "start": 17230368364, "end": 17230368365},
       "maxRSS": {
        "post": 16500,
        "pre": 16500
       },
       "num-tuples": 0,
       "recursive-rule": {
        "reach_bf(x,y) :- \n   sup_reach_bf_r1_2(x,y).": {
         "0": {
          "maxRSS": {
           "post": 16500,
           "pre": 16500
          },
          "num-tuples": 0,
          "runtime": { "start": 17230368255, "end": 17230368256},
          "source-locator": "/root/compiler/measurements/m3-5-headline-m4/family/reachability_complement/n2000/emit_guarded/transformed.dl [35:1-35:43]"
         }
        }
       },
       "runtime": { "start": 17230368246, "end": 17230368263}
      },
      "25": {
       "copytime": { "start": 17230368585, "end": 17230368586},
       "maxRSS": {
        "post": 16500,
        "pre": 16500
       },
       "num-tuples": 0,
       "recursive-rule": {
        "reach_bf(x,y) :- \n   sup_reach_bf_r1_2(x,y).": {
         "0": {
          "maxRSS": {
           "post": 16500,
           "pre": 16500
          },
          "num-tuples": 0,
          "runtime": { "start": 17230368409, "end": 17230368409},
          "source-locator": "/root/compiler/measurements/m3-5-headline-m4/family/reachability_complement/n2000/emit_guarded/transformed.dl [35:1-35:43]"
         }
        }
       },
       "runtime": { "start": 17230368408, "end": 17230368417}
      },
      "26": {
       "copytime": { "start": 17230368765, "end": 17230368786},
       "maxRSS": {
        "post": 16500,
        "pre": 16500
       },
       "num-tuples": 256,
       "recursive-rule": {
        "reach_bf(x,y) :- \n   sup_reach_bf_r1_2(x,y).": {
         "0": {
          "maxRSS": {
           "post": 16500,
           "pre": 16500
          },
          "num-tuples": 256,
          "runtime": { "start": 17230368638, "end": 17230368665},
          "source-locator": "/root/compiler/measurements/m3-5-headline-m4/family/reachability_complement/n2000/emit_guarded/transformed.dl [35:1-35:43]"
         }
        }
       },
       "runtime": { "start": 17230368629, "end": 17230368676}
      },
      "27": {
       "copytime": { "start": 17230368946, "end": 17230368947},
       "maxRSS": {
        "post": 16500,
        "pre": 16500
       },
       "num-tuples": 0,
       "recursive-rule": {
        "reach_bf(x,y) :- \n   sup_reach_bf_r1_2(x,y).": {
         "0": {
          "maxRSS": {
           "post": 16500,
           "pre": 16500
          },
          "num-tuples": 0,
          "runtime": { "start": 17230368818, "end": 17230368819},
          "source-locator": "/root/compiler/measurements/m3-5-headline-m4/family/reachability_complement/n2000/emit_guarded/transformed.dl [35:1-35:43]"
         }
        }
       },
       "runtime": { "start": 17230368810, "end": 17230368830}
      },
      "28": {
       "copytime": { "start": 17230369217, "end": 17230369218},
       "maxRSS": {
        "post": 16500,
        "pre": 16500
       },
       "num-tuples": 0,
       "recursive-rule": {
        "reach_bf(x,y) :- \n   sup_reach_bf_r1_2(x,y).": {
         "0": {
          "maxRSS": {
           "post": 16500,
           "pre": 16500
          },
          "num-tuples": 0,
          "runtime": { "start": 17230368999, "end": 17230369000},
          "source-locator": "/root/compiler/measurements/m3-5-headline-m4/family/reachability_complement/n2000/emit_guarded/transformed.dl [35:1-35:43]"
         }
        }
       },
       "runtime": { "start": 17230368998, "end": 17230369007}
      },
      "29": {
       "copytime": { "start": 17230369411, "end": 17230369439},
       "maxRSS": {
        "post": 16500,
        "pre": 16500
       },
       "num-tuples": 324,
       "recursive-rule": {
        "reach_bf(x,y) :- \n   sup_reach_bf_r1_2(x,y).": {
         "0": {
          "maxRSS": {
           "post": 16500,
           "pre": 16500
          },
          "num-tuples": 324,
          "runtime": { "start": 17230369277, "end": 17230369314},
          "source-locator": "/root/compiler/measurements/m3-5-headline-m4/family/reachability_complement/n2000/emit_guarded/transformed.dl [35:1-35:43]"
         }
        }
       },
       "runtime": { "start": 17230369268, "end": 17230369322}
      },
      "3": {
       "copytime": { "start": 17230365405, "end": 17230365415},
       "maxRSS": {
        "post": 16500,
        "pre": 16500
       },
       "num-tuples": 0,
       "recursive-rule": {
        "reach_bf(x,y) :- \n   sup_reach_bf_r1_2(x,y).": {
         "0": {
          "maxRSS": {
           "post": 16500,
           "pre": 16500
          },
          "num-tuples": 0,
          "runtime": { "start": 17230365319, "end": 17230365319},
          "source-locator": "/root/compiler/measurements/m3-5-headline-m4/family/reachability_complement/n2000/emit_guarded/transformed.dl [35:1-35:43]"
         }
        }
       },
       "runtime": { "start": 17230365318, "end": 17230365325}
      },
      "30": {
       "copytime": { "start": 17230369599, "end": 17230369600},
       "maxRSS": {
        "post": 16500,
        "pre": 16500
       },
       "num-tuples": 0,
       "recursive-rule": {
        "reach_bf(x,y) :- \n   sup_reach_bf_r1_2(x,y).": {
         "0": {
          "maxRSS": {
           "post": 16500,
           "pre": 16500
          },
          "num-tuples": 0,
          "runtime": { "start": 17230369471, "end": 17230369472},
          "source-locator": "/root/compiler/measurements/m3-5-headline-m4/family/reachability_complement/n2000/emit_guarded/transformed.dl [35:1-35:43]"
         }
        }
       },
       "runtime": { "start": 17230369462, "end": 17230369480}
      },
      "31": {
       "copytime": { "start": 17230369876, "end": 17230369885},
       "maxRSS": {
        "post": 16500,
        "pre": 16500
       },
       "num-tuples": 0,
       "recursive-rule": {
        "reach_bf(x,y) :- \n   sup_reach_bf_r1_2(x,y).": {
         "0": {
          "maxRSS": {
           "post": 16500,
           "pre": 16500
          },
          "num-tuples": 0,
          "runtime": { "start": 17230369658, "end": 17230369658},
          "source-locator": "/root/compiler/measurements/m3-5-headline-m4/family/reachability_complement/n2000/emit_guarded/transformed.dl [35:1-35:43]"
         }
        }
       },
       "runtime": { "start": 17230369657, "end": 17230369666}
      },
      "32": {
       "copytime": { "start": 17230370065, "end": 17230370092},
       "maxRSS": {
        "post": 16500,
        "pre": 16500
       },
       "num-tuples": 294,
       "recursive-rule": {
        "reach_bf(x,y) :- \n   sup_reach_bf_r1_2(x,y).": {
         "0": {
          "maxRSS": {
           "post": 16500,
           "pre": 16500
          },
          "num-tuples": 294,
          "runtime": { "start": 17230369934, "end": 17230369969},
          "source-locator": "/root/compiler/measurements/m3-5-headline-m4/family/reachability_complement/n2000/emit_guarded/transformed.dl [35:1-35:43]"
         }
        }
       },
       "runtime": { "start": 17230369925, "end": 17230369977}
      },
      "33": {
       "copytime": { "start": 17230370255, "end": 17230370256},
       "maxRSS": {
        "post": 16500,
        "pre": 16500
       },
       "num-tuples": 0,
       "recursive-rule": {
        "reach_bf(x,y) :- \n   sup_reach_bf_r1_2(x,y).": {
         "0": {
          "maxRSS": {
           "post": 16500,
           "pre": 16500
          },
          "num-tuples": 0,
          "runtime": { "start": 17230370125, "end": 17230370125},
          "source-locator": "/root/compiler/measurements/m3-5-headline-m4/family/reachability_complement/n2000/emit_guarded/transformed.dl [35:1-35:43]"
         }
        }
       },
       "runtime": { "start": 17230370116, "end": 17230370134}
      },
      "34": {
       "copytime": { "start": 17230370513, "end": 17230370513},
       "maxRSS": {
        "post": 16500,
        "pre": 16500
       },
       "num-tuples": 0,
       "recursive-rule": {
        "reach_bf(x,y) :- \n   sup_reach_bf_r1_2(x,y).": {
         "0": {
          "maxRSS": {
           "post": 16500,
           "pre": 16500
          },
          "num-tuples": 0,
          "runtime": { "start": 17230370302, "end": 17230370303},
          "source-locator": "/root/compiler/measurements/m3-5-headline-m4/family/reachability_complement/n2000/emit_guarded/transformed.dl [35:1-35:43]"
         }
        }
       },
       "runtime": { "start": 17230370302, "end": 17230370312}
      },
      "35": {
       "copytime": { "start": 17230370685, "end": 17230370704},
       "maxRSS": {
        "post": 16500,
        "pre": 16500
       },
       "num-tuples": 184,
       "recursive-rule": {
        "reach_bf(x,y) :- \n   sup_reach_bf_r1_2(x,y).": {
         "0": {
          "maxRSS": {
           "post": 16500,
           "pre": 16500
          },
          "num-tuples": 184,
          "runtime": { "start": 17230370563, "end": 17230370586},
          "source-locator": "/root/compiler/measurements/m3-5-headline-m4/family/reachability_complement/n2000/emit_guarded/transformed.dl [35:1-35:43]"
         }
        }
       },
       "runtime": { "start": 17230370554, "end": 17230370597}
      },
      "36": {
       "copytime": { "start": 17230370845, "end": 17230370846},
       "maxRSS": {
        "post": 16500,
        "pre": 16500
       },
       "num-tuples": 0,
       "recursive-rule": {
        "reach_bf(x,y) :- \n   sup_reach_bf_r1_2(x,y).": {
         "0": {
          "maxRSS": {
           "post": 16500,
           "pre": 16500
          },
          "num-tuples": 0,
          "runtime": { "start": 17230370728, "end": 17230370728},
          "source-locator": "/root/compiler/measurements/m3-5-headline-m4/family/reachability_complement/n2000/emit_guarded/transformed.dl [35:1-35:43]"
         }
        }
       },
       "runtime": { "start": 17230370727, "end": 17230370735}
      },
      "37": {
       "copytime": { "start": 17230371065, "end": 17230371065},
       "maxRSS": {
        "post": 16500,
        "pre": 16500
       },
       "num-tuples": 0,
       "recursive-rule": {
        "reach_bf(x,y) :- \n   sup_reach_bf_r1_2(x,y).": {
         "0": {
          "maxRSS": {
           "post": 16500,
           "pre": 16500
          },
          "num-tuples": 0,
          "runtime": { "start": 17230370895, "end": 17230370896},
          "source-locator": "/root/compiler/measurements/m3-5-headline-m4/family/reachability_complement/n2000/emit_guarded/transformed.dl [35:1-35:43]"
         }
        }
       },
       "runtime": { "start": 17230370895, "end": 17230370904}
      },
      "38": {
       "copytime": { "start": 17230371228, "end": 17230371238},
       "maxRSS": {
        "post": 16500,
        "pre": 16500
       },
       "num-tuples": 85,
       "recursive-rule": {
        "reach_bf(x,y) :- \n   sup_reach_bf_r1_2(x,y).": {
         "0": {
          "maxRSS": {
           "post": 16500,
           "pre": 16500
          },
          "num-tuples": 85,
          "runtime": { "start": 17230371117, "end": 17230371130},
          "source-locator": "/root/compiler/measurements/m3-5-headline-m4/family/reachability_complement/n2000/emit_guarded/transformed.dl [35:1-35:43]"
         }
        }
       },
       "runtime": { "start": 17230371108, "end": 17230371139}
      },
      "39": {
       "copytime": { "start": 17230371381, "end": 17230371382},
       "maxRSS": {
        "post": 16500,
        "pre": 16500
       },
       "num-tuples": 0,
       "recursive-rule": {
        "reach_bf(x,y) :- \n   sup_reach_bf_r1_2(x,y).": {
         "0": {
          "maxRSS": {
           "post": 16500,
           "pre": 16500
          },
          "num-tuples": 0,
          "runtime": { "start": 17230371271, "end": 17230371272},
          "source-locator": "/root/compiler/measurements/m3-5-headline-m4/family/reachability_complement/n2000/emit_guarded/transformed.dl [35:1-35:43]"
         }
        }
       },
       "runtime": { "start": 17230371262, "end": 17230371280}
      },
      "4": {
       "copytime": { "start": 17230365517, "end": 17230365518},
       "maxRSS": {
        "post": 16500,
        "pre": 16500
       },
       "num-tuples": 0,
       "recursive-rule": {
        "reach_bf(x,y) :- \n   sup_reach_bf_r1_2(x,y).": {
         "0": {
          "maxRSS": {
           "post": 16500,
           "pre": 16500
          },
          "num-tuples": 0,
          "runtime": { "start": 17230365438, "end": 17230365439},
          "source-locator": "/root/compiler/measurements/m3-5-headline-m4/family/reachability_complement/n2000/emit_guarded/transformed.dl [35:1-35:43]"
         }
        }
       },
       "runtime": { "start": 17230365429, "end": 17230365447}
      },
      "40": {
       "copytime": { "start": 17230371550, "end": 17230371552},
       "maxRSS": {
        "post": 16500,
        "pre": 16500
       },
       "num-tuples": 0,
       "recursive-rule": {
        "reach_bf(x,y) :- \n   sup_reach_bf_r1_2(x,y).": {
         "0": {
          "maxRSS": {
           "post": 16500,
           "pre": 16500
          },
          "num-tuples": 0,
          "runtime": { "start": 17230371422, "end": 17230371422},
          "source-locator": "/root/compiler/measurements/m3-5-headline-m4/family/reachability_complement/n2000/emit_guarded/transformed.dl [35:1-35:43]"
         }
        }
       },
       "runtime": { "start": 17230371421, "end": 17230371430}
      },
      "41": {
       "copytime": { "start": 17230371693, "end": 17230371698},
       "maxRSS": {
        "post": 16500,
        "pre": 16500
       },
       "num-tuples": 38,
       "recursive-rule": {
        "reach_bf(x,y) :- \n   sup_reach_bf_r1_2(x,y).": {
         "0": {
          "maxRSS": {
           "post": 16500,
           "pre": 16500
          },
          "num-tuples": 38,
          "runtime": { "start": 17230371589, "end": 17230371595},
          "source-locator": "/root/compiler/measurements/m3-5-headline-m4/family/reachability_complement/n2000/emit_guarded/transformed.dl [35:1-35:43]"
         }
        }
       },
       "runtime": { "start": 17230371580, "end": 17230371604}
      },
      "42": {
       "copytime": { "start": 17230371832, "end": 17230371833},
       "maxRSS": {
        "post": 16500,
        "pre": 16500
       },
       "num-tuples": 0,
       "recursive-rule": {
        "reach_bf(x,y) :- \n   sup_reach_bf_r1_2(x,y).": {
         "0": {
          "maxRSS": {
           "post": 16500,
           "pre": 16500
          },
          "num-tuples": 0,
          "runtime": { "start": 17230371729, "end": 17230371730},
          "source-locator": "/root/compiler/measurements/m3-5-headline-m4/family/reachability_complement/n2000/emit_guarded/transformed.dl [35:1-35:43]"
         }
        }
       },
       "runtime": { "start": 17230371721, "end": 17230371740}
      },
      "43": {
       "copytime": { "start": 17230371986, "end": 17230371986},
       "maxRSS": {
        "post": 16500,
        "pre": 16500
       },
       "num-tuples": 0,
       "recursive-rule": {
        "reach_bf(x,y) :- \n   sup_reach_bf_r1_2(x,y).": {
         "0": {
          "maxRSS": {
           "post": 16500,
           "pre": 16500
          },
          "num-tuples": 0,
          "runtime": { "start": 17230371872, "end": 17230371874},
          "source-locator": "/root/compiler/measurements/m3-5-headline-m4/family/reachability_complement/n2000/emit_guarded/transformed.dl [35:1-35:43]"
         }
        }
       },
       "runtime": { "start": 17230371871, "end": 17230371881}
      },
      "44": {
       "copytime": { "start": 17230372120, "end": 17230372123},
       "maxRSS": {
        "post": 16500,
        "pre": 16500
       },
       "num-tuples": 19,
       "recursive-rule": {
        "reach_bf(x,y) :- \n   sup_reach_bf_r1_2(x,y).": {
         "0": {
          "maxRSS": {
           "post": 16500,
           "pre": 16500
          },
          "num-tuples": 19,
          "runtime": { "start": 17230372018, "end": 17230372022},
          "source-locator": "/root/compiler/measurements/m3-5-headline-m4/family/reachability_complement/n2000/emit_guarded/transformed.dl [35:1-35:43]"
         }
        }
       },
       "runtime": { "start": 17230372018, "end": 17230372032}
      },
      "45": {
       "copytime": { "start": 17230372256, "end": 17230372257},
       "maxRSS": {
        "post": 16500,
        "pre": 16500
       },
       "num-tuples": 0,
       "recursive-rule": {
        "reach_bf(x,y) :- \n   sup_reach_bf_r1_2(x,y).": {
         "0": {
          "maxRSS": {
           "post": 16500,
           "pre": 16500
          },
          "num-tuples": 0,
          "runtime": { "start": 17230372155, "end": 17230372156},
          "source-locator": "/root/compiler/measurements/m3-5-headline-m4/family/reachability_complement/n2000/emit_guarded/transformed.dl [35:1-35:43]"
         }
        }
       },
       "runtime": { "start": 17230372146, "end": 17230372165}
      },
      "46": {
       "copytime": { "start": 17230372386, "end": 17230372388},
       "maxRSS": {
        "post": 16500,
        "pre": 16500
       },
       "num-tuples": 0,
       "recursive-rule": {
        "reach_bf(x,y) :- \n   sup_reach_bf_r1_2(x,y).": {
         "0": {
          "maxRSS": {
           "post": 16500,
           "pre": 16500
          },
          "num-tuples": 0,
          "runtime": { "start": 17230372290, "end": 17230372291},
          "source-locator": "/root/compiler/measurements/m3-5-headline-m4/family/reachability_complement/n2000/emit_guarded/transformed.dl [35:1-35:43]"
         }
        }
       },
       "runtime": { "start": 17230372281, "end": 17230372299}
      },
      "47": {
       "copytime": { "start": 17230372488, "end": 17230372490},
       "maxRSS": {
        "post": 16500,
        "pre": 16500
       },
       "num-tuples": 12,
       "recursive-rule": {
        "reach_bf(x,y) :- \n   sup_reach_bf_r1_2(x,y).": {
         "0": {
          "maxRSS": {
           "post": 16500,
           "pre": 16500
          },
          "num-tuples": 12,
          "runtime": { "start": 17230372412, "end": 17230372415},
          "source-locator": "/root/compiler/measurements/m3-5-headline-m4/family/reachability_complement/n2000/emit_guarded/transformed.dl [35:1-35:43]"
         }
        }
       },
       "runtime": { "start": 17230372412, "end": 17230372423}
      },
      "48": {
       "copytime": { "start": 17230372590, "end": 17230372600},
       "maxRSS": {
        "post": 16500,
        "pre": 16500
       },
       "num-tuples": 0,
       "recursive-rule": {
        "reach_bf(x,y) :- \n   sup_reach_bf_r1_2(x,y).": {
         "0": {
          "maxRSS": {
           "post": 16500,
           "pre": 16500
          },
          "num-tuples": 0,
          "runtime": { "start": 17230372509, "end": 17230372510},
          "source-locator": "/root/compiler/measurements/m3-5-headline-m4/family/reachability_complement/n2000/emit_guarded/transformed.dl [35:1-35:43]"
         }
        }
       },
       "runtime": { "start": 17230372499, "end": 17230372519}
      },
      "49": {
       "copytime": { "start": 17230372717, "end": 17230372727},
       "maxRSS": {
        "post": 16500,
        "pre": 16500
       },
       "num-tuples": 0,
       "recursive-rule": {
        "reach_bf(x,y) :- \n   sup_reach_bf_r1_2(x,y).": {
         "0": {
          "maxRSS": {
           "post": 16500,
           "pre": 16500
          },
          "num-tuples": 0,
          "runtime": { "start": 17230372624, "end": 17230372625},
          "source-locator": "/root/compiler/measurements/m3-5-headline-m4/family/reachability_complement/n2000/emit_guarded/transformed.dl [35:1-35:43]"
         }
        }
       },
       "runtime": { "start": 17230372615, "end": 17230372634}
      },
      "5": {
       "copytime": { "start": 17230365647, "end": 17230365648},
       "maxRSS": {
        "post": 16500,
        "pre": 16500
       },
       "num-tuples": 5,
       "recursive-rule": {
        "reach_bf(x,y) :- \n   sup_reach_bf_r1_2(x,y).": {
         "0": {
          "maxRSS": {
           "post": 16500,
           "pre": 16500
          },
          "num-tuples": 5,
          "runtime": { "start": 17230365536, "end": 17230365537},
          "source-locator": "/root/compiler/measurements/m3-5-headline-m4/family/reachability_complement/n2000/emit_guarded/transformed.dl [35:1-35:43]"
         }
        }
       },
       "runtime": { "start": 17230365535, "end": 17230365546}
      },
      "50": {
       "copytime": { "start": 17230372874, "end": 17230372879},
       "maxRSS": {
        "post": 16500,
        "pre": 16500
       },
       "num-tuples": 3,
       "recursive-rule": {
        "reach_bf(x,y) :- \n   sup_reach_bf_r1_2(x,y).": {
         "0": {
          "maxRSS": {
           "post": 16500,
           "pre": 16500
          },
          "num-tuples": 3,
          "runtime": { "start": 17230372752, "end": 17230372754},
          "source-locator": "/root/compiler/measurements/m3-5-headline-m4/family/reachability_complement/n2000/emit_guarded/transformed.dl [35:1-35:43]"
         }
        }
       },
       "runtime": { "start": 17230372742, "end": 17230372762}
      },
      "51": {
       "copytime": { "start": 17230373013, "end": 17230373014},
       "maxRSS": {
        "post": 16500,
        "pre": 16500
       },
       "num-tuples": 0,
       "recursive-rule": {
        "reach_bf(x,y) :- \n   sup_reach_bf_r1_2(x,y).": {
         "0": {
          "maxRSS": {
           "post": 16500,
           "pre": 16500
          },
          "num-tuples": 0,
          "runtime": { "start": 17230372910, "end": 17230372911},
          "source-locator": "/root/compiler/measurements/m3-5-headline-m4/family/reachability_complement/n2000/emit_guarded/transformed.dl [35:1-35:43]"
         }
        }
       },
       "runtime": { "start": 17230372909, "end": 17230372924}
      },
      "52": {
       "copytime": { "start": 17230373128, "end": 17230373128},
       "maxRSS": {
        "post": 16500,
        "pre": 16500
       },
       "num-tuples": 0,
       "recursive-rule": {
        "reach_bf(x,y) :- \n   sup_reach_bf_r1_2(x,y).": {
         "0": {
          "maxRSS": {
           "post": 16500,
           "pre": 16500
          },
          "num-tuples": 0,
          "runtime": { "start": 17230373040, "end": 17230373041},
          "source-locator": "/root/compiler/measurements/m3-5-headline-m4/family/reachability_complement/n2000/emit_guarded/transformed.dl [35:1-35:43]"
         }
        }
       },
       "runtime": { "start": 17230373040, "end": 17230373050}
      },
      "53": {
       "copytime": { "start": 17230373275, "end": 17230373277},
       "maxRSS": {
        "post": 16500,
        "pre": 16500
       },
       "num-tuples": 2,
       "recursive-rule": {
        "reach_bf(x,y) :- \n   sup_reach_bf_r1_2(x,y).": {
         "0": {
          "maxRSS": {
           "post": 16500,
           "pre": 16500
          },
          "num-tuples": 2,
          "runtime": { "start": 17230373142, "end": 17230373161},
          "source-locator": "/root/compiler/measurements/m3-5-headline-m4/family/reachability_complement/n2000/emit_guarded/transformed.dl [35:1-35:43]"
         }
        }
       },
       "runtime": { "start": 17230373140, "end": 17230373174}
      },
      "54": {
       "copytime": { "start": 17230373370, "end": 17230373379},
       "maxRSS": {
        "post": 16500,
        "pre": 16500
       },
       "num-tuples": 0,
       "recursive-rule": {
        "reach_bf(x,y) :- \n   sup_reach_bf_r1_2(x,y).": {
         "0": {
          "maxRSS": {
           "post": 16500,
           "pre": 16500
          },
          "num-tuples": 0,
          "runtime": { "start": 17230373294, "end": 17230373294},
          "source-locator": "/root/compiler/measurements/m3-5-headline-m4/family/reachability_complement/n2000/emit_guarded/transformed.dl [35:1-35:43]"
         }
        }
       },
       "runtime": { "start": 17230373293, "end": 17230373303}
      },
      "55": {
       "maxRSS": {
        "post": 16500,
        "pre": 16500
       },
       "num-tuples": 0,
       "recursive-rule": {
        "reach_bf(x,y) :- \n   sup_reach_bf_r1_2(x,y).": {
         "0": {
          "maxRSS": {
           "post": 16500,
           "pre": 16500
          },
          "num-tuples": 0,
          "runtime": { "start": 17230373394, "end": 17230373395},
          "source-locator": "/root/compiler/measurements/m3-5-headline-m4/family/reachability_complement/n2000/emit_guarded/transformed.dl [35:1-35:43]"
         }
        }
       },
       "runtime": { "start": 17230373394, "end": 17230373403}
      },
      "6": {
       "copytime": { "start": 17230365778, "end": 17230365779},
       "maxRSS": {
        "post": 16500,
        "pre": 16500
       },
       "num-tuples": 0,
       "recursive-rule": {
        "reach_bf(x,y) :- \n   sup_reach_bf_r1_2(x,y).": {
         "0": {
          "maxRSS": {
           "post": 16500,
           "pre": 16500
          },
          "num-tuples": 0,
          "runtime": { "start": 17230365680, "end": 17230365681},
          "source-locator": "/root/compiler/measurements/m3-5-headline-m4/family/reachability_complement/n2000/emit_guarded/transformed.dl [35:1-35:43]"
         }
        }
       },
       "runtime": { "start": 17230365671, "end": 17230365689}
      },
      "7": {
       "copytime": { "start": 17230365900, "end": 17230365901},
       "maxRSS": {
        "post": 16500,
        "pre": 16500
       },
       "num-tuples": 0,
       "recursive-rule": {
        "reach_bf(x,y) :- \n   sup_reach_bf_r1_2(x,y).": {
         "0": {
          "maxRSS": {
           "post": 16500,
           "pre": 16500
          },
          "num-tuples": 0,
          "runtime": { "start": 17230365812, "end": 17230365812},
          "source-locator": "/root/compiler/measurements/m3-5-headline-m4/family/reachability_complement/n2000/emit_guarded/transformed.dl [35:1-35:43]"
         }
        }
       },
       "runtime": { "start": 17230365802, "end": 17230365820}
      },
      "8": {
       "copytime": { "start": 17230366018, "end": 17230366021},
       "maxRSS": {
        "post": 16500,
        "pre": 16500
       },
       "num-tuples": 6,
       "recursive-rule": {
        "reach_bf(x,y) :- \n   sup_reach_bf_r1_2(x,y).": {
         "0": {
          "maxRSS": {
           "post": 16500,
           "pre": 16500
          },
          "num-tuples": 6,
          "runtime": { "start": 17230365933, "end": 17230365934},
          "source-locator": "/root/compiler/measurements/m3-5-headline-m4/family/reachability_complement/n2000/emit_guarded/transformed.dl [35:1-35:43]"
         }
        }
       },
       "runtime": { "start": 17230365924, "end": 17230365943}
      },
      "9": {
       "copytime": { "start": 17230366148, "end": 17230366149},
       "maxRSS": {
        "post": 16500,
        "pre": 16500
       },
       "num-tuples": 0,
       "recursive-rule": {
        "reach_bf(x,y) :- \n   sup_reach_bf_r1_2(x,y).": {
         "0": {
          "maxRSS": {
           "post": 16500,
           "pre": 16500
          },
          "num-tuples": 0,
          "runtime": { "start": 17230366044, "end": 17230366045},
          "source-locator": "/root/compiler/measurements/m3-5-headline-m4/family/reachability_complement/n2000/emit_guarded/transformed.dl [35:1-35:43]"
         }
        }
       },
       "runtime": { "start": 17230366044, "end": 17230366051}
      }
     },
     "maxRSS": {
      "post": 16500,
      "pre": 16500
     },
     "non-recursive-rule": {
      "reach_bf(x,y) :- \n   sup_reach_bf_r0_1(x,y).": {
       "atom-frequency": {
        "reach_bf(x,y) :- \n   sup_reach_bf_r0_1(x,y).": {
         "sup_reach_bf_r0_1": {
          "level": 0,
          "num-tuples": 0
         }
        }
       },
       "maxRSS": {
        "post": 16500,
        "pre": 16500
       },
       "num-tuples": 1,
       "runtime": { "start": 17230364972, "end": 17230364974},
       "source-locator": "/root/compiler/measurements/m3-5-headline-m4/family/reachability_complement/n2000/emit_guarded/transformed.dl [30:1-30:43]"
      }
     },
     "num-tuples": 1,
     "reads": 3539,
     "runtime": { "start": 17230364961, "end": 17230364986},
     "source-locator": "/root/compiler/measurements/m3-5-headline-m4/family/reachability_complement/n2000/emit_guarded/transformed.dl [17:7-17:15]"
    },
    "sup_reach_bf_r0_1": {
     "maxRSS": {
      "post": 16500,
      "pre": 16500
     },
     "non-recursive-rule": {
      "sup_reach_bf_r0_1(x,y) :- \n   magic_reach_bf(x),\n   edge(x,y).": {
       "atom-frequency": {
        "sup_reach_bf_r0_1(x,y) :- \n   magic_reach_bf(x),\n   edge(x,y).": {
         "edge": {
          "level": 1,
          "num-tuples": 0
         },
         "magic_reach_bf": {
          "level": 0,
          "num-tuples": 0
         }
        }
       },
       "maxRSS": {
        "post": 16500,
        "pre": 16500
       },
       "num-tuples": 1,
       "runtime": { "start": 17230364934, "end": 17230364941},
       "source-locator": "/root/compiler/measurements/m3-5-headline-m4/family/reachability_complement/n2000/emit_guarded/transformed.dl [29:1-29:61]"
      }
     },
     "num-tuples": 1,
     "reads": 0,
     "runtime": { "start": 17230364919, "end": 17230364953},
     "source-locator": "/root/compiler/measurements/m3-5-headline-m4/family/reachability_complement/n2000/emit_guarded/transformed.dl [16:7-16:24]"
    },
    "sup_reach_bf_r1_1": {
     "iteration": {
      "0": {
       "copytime": { "start": 17230365137, "end": 17230365138},
       "maxRSS": {
        "post": 16500,
        "pre": 16500
       },
       "num-tuples": 1,
       "recursive-rule": {
        "sup_reach_bf_r1_1(x,z) :- \n   magic_reach_bf(x),\n   reach_bf(x,z).": {
         "0": {
          "atom-frequency": {
           "@new_sup_reach_bf_r1_1(x,z) :- \n   magic_reach_bf(x),\n   @delta_reach_bf(x,z).": {
            "@delta_reach_bf": {
             "level": 1,
             "num-tuples": 0
            },
            "magic_reach_bf": {
             "level": 0,
             "num-tuples": 0
            }
           }
          },
          "maxRSS": {
           "post": 16500,
           "pre": 16500
          },
          "num-tuples": 1,
          "runtime": { "start": 17230365048, "end": 17230365052},
          "source-locator": "/root/compiler/measurements/m3-5-headline-m4/family/reachability_complement/n2000/emit_guarded/transformed.dl [32:1-32:65]"
         }
        }
       },
       "runtime": { "start": 17230365034, "end": 17230365065}
      },
      "1": {
       "copytime": { "start": 17230365229, "end": 17230365230},
       "maxRSS": {
        "post": 16500,
        "pre": 16500
       },
       "num-tuples": 0,
       "recursive-rule": {
        "sup_reach_bf_r1_1(x,z) :- \n   magic_reach_bf(x),\n   reach_bf(x,z).": {
         "0": {
          "maxRSS": {
           "post": 16500,
           "pre": 16500
          },
          "num-tuples": 0,
          "runtime": { "start": 17230365167, "end": 17230365168},
          "source-locator": "/root/compiler/measurements/m3-5-headline-m4/family/reachability_complement/n2000/emit_guarded/transformed.dl [32:1-32:65]"
         }
        }
       },
       "runtime": { "start": 17230365157, "end": 17230365177}
      },
      "10": {
       "copytime": { "start": 17230366283, "end": 17230366292},
       "maxRSS": {
        "post": 16500,
        "pre": 16500
       },
       "num-tuples": 0,
       "recursive-rule": {
        "sup_reach_bf_r1_1(x,z) :- \n   magic_reach_bf(x),\n   reach_bf(x,z).": {
         "0": {
          "maxRSS": {
           "post": 16500,
           "pre": 16500
          },
          "num-tuples": 0,
          "runtime": { "start": 17230366197, "end": 17230366198},
          "source-locator": "/root/compiler/measurements/m3-5-headline-m4/family/reachability_complement/n2000/emit_guarded/transformed.dl [32:1-32:65]"
         }
        }
       },
       "runtime": { "start": 17230366188, "end": 17230366208}
      },
      "11": {
       "copytime": { "start": 17230366422, "end": 17230366434},
       "maxRSS": {
        "post": 16500,
        "pre": 16500
       },
       "num-tuples": 0,
       "recursive-rule": {
        "sup_reach_bf_r1_1(x,z) :- \n   magic_reach_bf(x),\n   reach_bf(x,z).": {
         "0": {
          "maxRSS": {
           "post": 16500,
           "pre": 16500
          },
          "num-tuples": 0,
          "runtime": { "start": 17230366338, "end": 17230366338},
          "source-locator": "/root/compiler/measurements/m3-5-headline-m4/family/reachability_complement/n2000/emit_guarded/transformed.dl [32:1-32:65]"
         }
        }
       },
       "runtime": { "start": 17230366328, "end": 17230366348}
      },
      "12": {
       "copytime": { "start": 17230366555, "end": 17230366565},
       "maxRSS": {
        "post": 16500,
        "pre": 16500
       },
       "num-tuples": 15,
       "recursive-rule": {
        "sup_reach_bf_r1_1(x,z) :- \n   magic_reach_bf(x),\n   reach_bf(x,z).": {
         "0": {
          "maxRSS": {
           "post": 16500,
           "pre": 16500
          },
          "num-tuples": 15,
          "runtime": { "start": 17230366475, "end": 17230366478},
          "source-locator": "/root/compiler/measurements/m3-5-headline-m4/family/reachability_complement/n2000/emit_guarded/transformed.dl [32:1-32:65]"
         }
        }
       },
       "runtime": { "start": 17230366466, "end": 17230366487}
      },
      "13": {
       "copytime": { "start": 17230366696, "end": 17230366705},
       "maxRSS": {
        "post": 16500,
        "pre": 16500
       },
       "num-tuples": 0,
       "recursive-rule": {
        "sup_reach_bf_r1_1(x,z) :- \n   magic_reach_bf(x),\n   reach_bf(x,z).": {
         "0": {
          "maxRSS": {
           "post": 16500,
           "pre": 16500
          },
          "num-tuples": 0,
          "runtime": { "start": 17230366607, "end": 17230366607},
          "source-locator": "/root/compiler/measurements/m3-5-headline-m4/family/reachability_complement/n2000/emit_guarded/transformed.dl [32:1-32:65]"
         }
        }
       },
       "runtime": { "start": 17230366598, "end": 17230366617}
      },
      "14": {
       "copytime": { "start": 17230366829, "end": 17230366838},
       "maxRSS": {
        "post": 16500,
        "pre": 16500
       },
       "num-tuples": 0,
       "recursive-rule": {
        "sup_reach_bf_r1_1(x,z) :- \n   magic_reach_bf(x),\n   reach_bf(x,z).": {
         "0": {
          "maxRSS": {
           "post": 16500,
           "pre": 16500
          },
          "num-tuples": 0,
          "runtime": { "start": 17230366750, "end": 17230366751},
          "source-locator": "/root/compiler/measurements/m3-5-headline-m4/family/reachability_complement/n2000/emit_guarded/transformed.dl [32:1-32:65]"
         }
        }
       },
       "runtime": { "start": 17230366741, "end": 17230366761}
      },
      "15": {
       "copytime": { "start": 17230366957, "end": 17230366967},
       "maxRSS": {
        "post": 16500,
        "pre": 16500
       },
       "num-tuples": 23,
       "recursive-rule": {
        "sup_reach_bf_r1_1(x,z) :- \n   magic_reach_bf(x),\n   reach_bf(x,z).": {
         "0": {
          "maxRSS": {
           "post": 16500,
           "pre": 16500
          },
          "num-tuples": 23,
          "runtime": { "start": 17230366876, "end": 17230366880},
          "source-locator": "/root/compiler/measurements/m3-5-headline-m4/family/reachability_complement/n2000/emit_guarded/transformed.dl [32:1-32:65]"
         }
        }
       },
       "runtime": { "start": 17230366868, "end": 17230366890}
      },
      "16": {
       "copytime": { "start": 17230367107, "end": 17230367116},
       "maxRSS": {
        "post": 16500,
        "pre": 16500
       },
       "num-tuples": 0,
       "recursive-rule": {
        "sup_reach_bf_r1_1(x,z) :- \n   magic_reach_bf(x),\n   reach_bf(x,z).": {
         "0": {
          "maxRSS": {
           "post": 16500,
           "pre": 16500
          },
          "num-tuples": 0,
          "runtime": { "start": 17230367010, "end": 17230367011},
          "source-locator": "/root/compiler/measurements/m3-5-headline-m4/family/reachability_complement/n2000/emit_guarded/transformed.dl [32:1-32:65]"
         }
        }
       },
       "runtime": { "start": 17230367001, "end": 17230367020}
      },
      "17": {
       "copytime": { "start": 17230367258, "end": 17230367267},
       "maxRSS": {
        "post": 16500,
        "pre": 16500
       },
       "num-tuples": 0,
       "recursive-rule": {
        "sup_reach_bf_r1_1(x,z) :- \n   magic_reach_bf(x),\n   reach_bf(x,z).": {
         "0": {
          "maxRSS": {
           "post": 16500,
           "pre": 16500
          },
          "num-tuples": 0,
          "runtime": { "start": 17230367173, "end": 17230367174},
          "source-locator": "/root/compiler/measurements/m3-5-headline-m4/family/reachability_complement/n2000/emit_guarded/transformed.dl [32:1-32:65]"
         }
        }
       },
       "runtime": { "start": 17230367165, "end": 17230367183}
      },
      "18": {
       "copytime": { "start": 17230367398, "end": 17230367410},
       "maxRSS": {
        "post": 16500,
        "pre": 16500
       },
       "num-tuples": 38,
       "recursive-rule": {
        "sup_reach_bf_r1_1(x,z) :- \n   magic_reach_bf(x),\n   reach_bf(x,z).": {
         "0": {
          "maxRSS": {
           "post": 16500,
           "pre": 16500
          },
          "num-tuples": 38,
          "runtime": { "start": 17230367310, "end": 17230367316},
          "source-locator": "/root/compiler/measurements/m3-5-headline-m4/family/reachability_complement/n2000/emit_guarded/transformed.dl [32:1-32:65]"
         }
        }
       },
       "runtime": { "start": 17230367301, "end": 17230367326}
      },
      "19": {
       "copytime": { "start": 17230367552, "end": 17230367561},
       "maxRSS": {
        "post": 16500,
        "pre": 16500
       },
       "num-tuples": 0,
       "recursive-rule": {
        "sup_reach_bf_r1_1(x,z) :- \n   magic_reach_bf(x),\n   reach_bf(x,z).": {
         "0": {
          "maxRSS": {
           "post": 16500,
           "pre": 16500
          },
          "num-tuples": 0,
          "runtime": { "start": 17230367449, "end": 17230367450},
          "source-locator": "/root/compiler/measurements/m3-5-headline-m4/family/reachability_complement/n2000/emit_guarded/transformed.dl [32:1-32:65]"
         }
        }
       },
       "runtime": { "start": 17230367441, "end": 17230367460}
      },
      "2": {
       "copytime": { "start": 17230365311, "end": 17230365312},
       "maxRSS": {
        "post": 16500,
        "pre": 16500
       },
       "num-tuples": 0,
       "recursive-rule": {
        "sup_reach_bf_r1_1(x,z) :- \n   magic_reach_bf(x),\n   reach_bf(x,z).": {
         "0": {
          "maxRSS": {
           "post": 16500,
           "pre": 16500
          },
          "num-tuples": 0,
          "runtime": { "start": 17230365259, "end": 17230365260},
          "source-locator": "/root/compiler/measurements/m3-5-headline-m4/family/reachability_complement/n2000/emit_guarded/transformed.dl [32:1-32:65]"
         }
        }
       },
       "runtime": { "start": 17230365250, "end": 17230365269}
      },
      "20": {
       "copytime": { "start": 17230367706, "end": 17230367717},
       "maxRSS": {
        "post": 16500,
        "pre": 16500
       },
       "num-tuples": 0,
       "recursive-rule": {
        "sup_reach_bf_r1_1(x,z) :- \n   magic_reach_bf(x),\n   reach_bf(x,z).": {
         "0": {
          "maxRSS": {
           "post": 16500,
           "pre": 16500
          },
          "num-tuples": 0,
          "runtime": { "start": 17230367621, "end": 17230367622},
          "source-locator": "/root/compiler/measurements/m3-5-headline-m4/family/reachability_complement/n2000/emit_guarded/transformed.dl [32:1-32:65]"
         }
        }
       },
       "runtime": { "start": 17230367612, "end": 17230367632}
      },
      "21": {
       "copytime": { "start": 17230367845, "end": 17230367860},
       "maxRSS": {
        "post": 16500,
        "pre": 16500
       },
       "num-tuples": 84,
       "recursive-rule": {
        "sup_reach_bf_r1_1(x,z) :- \n   magic_reach_bf(x),\n   reach_bf(x,z).": {
         "0": {
          "maxRSS": {
           "post": 16500,
           "pre": 16500
          },
          "num-tuples": 84,
          "runtime": { "start": 17230367759, "end": 17230367768},
          "source-locator": "/root/compiler/measurements/m3-5-headline-m4/family/reachability_complement/n2000/emit_guarded/transformed.dl [32:1-32:65]"
         }
        }
       },
       "runtime": { "start": 17230367750, "end": 17230367777}
      },
      "22": {
       "copytime": { "start": 17230368057, "end": 17230368067},
       "maxRSS": {
        "post": 16500,
        "pre": 16500
       },
       "num-tuples": 0,
       "recursive-rule": {
        "sup_reach_bf_r1_1(x,z) :- \n   magic_reach_bf(x),\n   reach_bf(x,z).": {
         "0": {
          "maxRSS": {
           "post": 16500,
           "pre": 16500
          },
          "num-tuples": 0,
          "runtime": { "start": 17230367902, "end": 17230367903},
          "source-locator": "/root/compiler/measurements/m3-5-headline-m4/family/reachability_complement/n2000/emit_guarded/transformed.dl [32:1-32:65]"
         }
        }
       },
       "runtime": { "start": 17230367893, "end": 17230367912}
      },
      "23": {
       "copytime": { "start": 17230368227, "end": 17230368236},
       "maxRSS": {
        "post": 16500,
        "pre": 16500
       },
       "num-tuples": 0,
       "recursive-rule": {
        "sup_reach_bf_r1_1(x,z) :- \n   magic_reach_bf(x),\n   reach_bf(x,z).": {
         "0": {
          "maxRSS": {
           "post": 16500,
           "pre": 16500
          },
          "num-tuples": 0,
          "runtime": { "start": 17230368136, "end": 17230368137},
          "source-locator": "/root/compiler/measurements/m3-5-headline-m4/family/reachability_complement/n2000/emit_guarded/transformed.dl [32:1-32:65]"
         }
        }
       },
       "runtime": { "start": 17230368127, "end": 17230368147}
      },
      "24": {
       "copytime": { "start": 17230368369, "end": 17230368388},
       "maxRSS": {
        "post": 16500,
        "pre": 16500
       },
       "num-tuples": 148,
       "recursive-rule": {
        "sup_reach_bf_r1_1(x,z) :- \n   magic_reach_bf(x),\n   reach_bf(x,z).": {
         "0": {
          "maxRSS": {
           "post": 16500,
           "pre": 16500
          },
          "num-tuples": 148,
          "runtime": { "start": 17230368276, "end": 17230368291},
          "source-locator": "/root/compiler/measurements/m3-5-headline-m4/family/reachability_complement/n2000/emit_guarded/transformed.dl [32:1-32:65]"
         }
        }
       },
       "runtime": { "start": 17230368267, "end": 17230368301}
      },
      "25": {
       "copytime": { "start": 17230368590, "end": 17230368599},
       "maxRSS": {
        "post": 16500,
        "pre": 16500
       },
       "num-tuples": 0,
       "recursive-rule": {
        "sup_reach_bf_r1_1(x,z) :- \n   magic_reach_bf(x),\n   reach_bf(x,z).": {
         "0": {
          "maxRSS": {
           "post": 16500,
           "pre": 16500
          },
          "num-tuples": 0,
          "runtime": { "start": 17230368430, "end": 17230368431},
          "source-locator": "/root/compiler/measurements/m3-5-headline-m4/family/reachability_complement/n2000/emit_guarded/transformed.dl [32:1-32:65]"
         }
        }
       },
       "runtime": { "start": 17230368421, "end": 17230368440}
      },
      "26": {
       "copytime": { "start": 17230368790, "end": 17230368799},
       "maxRSS": {
        "post": 16500,
        "pre": 16500
       },
       "num-tuples": 0,
       "recursive-rule": {
        "sup_reach_bf_r1_1(x,z) :- \n   magic_reach_bf(x),\n   reach_bf(x,z).": {
         "0": {
          "maxRSS": {
           "post": 16500,
           "pre": 16500
          },
          "num-tuples": 0,
          "runtime": { "start": 17230368689, "end": 17230368690},
          "source-locator": "/root/compiler/measurements/m3-5-headline-m4/family/reachability_complement/n2000/emit_guarded/transformed.dl [32:1-32:65]"
         }
        }
       },
       "runtime": { "start": 17230368680, "end": 17230368700}
      },
      "27": {
       "copytime": { "start": 17230368951, "end": 17230368978},
       "maxRSS": {
        "post": 16500,
        "pre": 16500
       },
       "num-tuples": 256,
       "recursive-rule": {
        "sup_reach_bf_r1_1(x,z) :- \n   magic_reach_bf(x),\n   reach_bf(x,z).": {
         "0": {
          "maxRSS": {
           "post": 16500,
           "pre": 16500
          },
          "num-tuples": 256,
          "runtime": { "start": 17230368843, "end": 17230368872},
          "source-locator": "/root/compiler/measurements/m3-5-headline-m4/family/reachability_complement/n2000/emit_guarded/transformed.dl [32:1-32:65]"
         }
        }
       },
       "runtime": { "start": 17230368834, "end": 17230368881}
      },
      "28": {
       "copytime": { "start": 17230369222, "end": 17230369231},
       "maxRSS": {
        "post": 16500,
        "pre": 16500
       },
       "num-tuples": 0,
       "recursive-rule": {
        "sup_reach_bf_r1_1(x,z) :- \n   magic_reach_bf(x),\n   reach_bf(x,z).": {
         "0": {
          "maxRSS": {
           "post": 16500,
           "pre": 16500
          },
          "num-tuples": 0,
          "runtime": { "start": 17230369019, "end": 17230369020},
          "source-locator": "/root/compiler/measurements/m3-5-headline-m4/family/reachability_complement/n2000/emit_guarded/transformed.dl [32:1-32:65]"
         }
        }
       },
       "runtime": { "start": 17230369011, "end": 17230369030}
      },
      "29": {
       "copytime": { "start": 17230369443, "end": 17230369452},
       "maxRSS": {
        "post": 16500,
        "pre": 16500
       },
       "num-tuples": 0,
       "recursive-rule": {
        "sup_reach_bf_r1_1(x,z) :- \n   magic_reach_bf(x),\n   reach_bf(x,z).": {
         "0": {
          "maxRSS": {
           "post": 16500,
           "pre": 16500
          },
          "num-tuples": 0,
          "runtime": { "start": 17230369335, "end": 17230369336},
          "source-locator": "/root/compiler/measurements/m3-5-headline-m4/family/reachability_complement/n2000/emit_guarded/transformed.dl [32:1-32:65]"
         }
        }
       },
       "runtime": { "start": 17230369326, "end": 17230369346}
      },
      "3": {
       "copytime": { "start": 17230365420, "end": 17230365421},
       "maxRSS": {
        "post": 16500,
        "pre": 16500
       },
       "num-tuples": 2,
       "recursive-rule": {
        "sup_reach_bf_r1_1(x,z) :- \n   magic_reach_bf(x),\n   reach_bf(x,z).": {
         "0": {
          "maxRSS": {
           "post": 16500,
           "pre": 16500
          },
          "num-tuples": 2,
          "runtime": { "start": 17230365338, "end": 17230365339},
          "source-locator": "/root/compiler/measurements/m3-5-headline-m4/family/reachability_complement/n2000/emit_guarded/transformed.dl [32:1-32:65]"
         }
        }
       },
       "runtime": { "start": 17230365328, "end": 17230365348}
      },
      "30": {
       "copytime": { "start": 17230369605, "end": 17230369637},
       "maxRSS": {
        "post": 16500,
        "pre": 16500
       },
       "num-tuples": 324,
       "recursive-rule": {
        "sup_reach_bf_r1_1(x,z) :- \n   magic_reach_bf(x),\n   reach_bf(x,z).": {
         "0": {
          "maxRSS": {
           "post": 16500,
           "pre": 16500
          },
          "num-tuples": 324,
          "runtime": { "start": 17230369493, "end": 17230369526},
          "source-locator": "/root/compiler/measurements/m3-5-headline-m4/family/reachability_complement/n2000/emit_guarded/transformed.dl [32:1-32:65]"
         }
        }
       },
       "runtime": { "start": 17230369484, "end": 17230369536}
      },
      "31": {
       "copytime": { "start": 17230369890, "end": 17230369891},
       "maxRSS": {
        "post": 16500,
        "pre": 16500
       },
       "num-tuples": 0,
       "recursive-rule": {
        "sup_reach_bf_r1_1(x,z) :- \n   magic_reach_bf(x),\n   reach_bf(x,z).": {
         "0": {
          "maxRSS": {
           "post": 16500,
           "pre": 16500
          },
          "num-tuples": 0,
          "runtime": { "start": 17230369679, "end": 17230369680},
          "source-locator": "/root/compiler/measurements/m3-5-headline-m4/family/reachability_complement/n2000/emit_guarded/transformed.dl [32:1-32:65]"
         }
        }
       },
       "runtime": { "start": 17230369671, "end": 17230369689}
      },
      "32": {
       "copytime": { "start": 17230370096, "end": 17230370105},
       "maxRSS": {
        "post": 16500,
        "pre": 16500
       },
       "num-tuples": 0,
       "recursive-rule": {
        "sup_reach_bf_r1_1(x,z) :- \n   magic_reach_bf(x),\n   reach_bf(x,z).": {
         "0": {
          "maxRSS": {
           "post": 16500,
           "pre": 16500
          },
          "num-tuples": 0,
          "runtime": { "start": 17230369990, "end": 17230369991},
          "source-locator": "/root/compiler/measurements/m3-5-headline-m4/family/reachability_complement/n2000/emit_guarded/transformed.dl [32:1-32:65]"
         }
        }
       },
       "runtime": { "start": 17230369981, "end": 17230370000}
      },
      "33": {
       "copytime": { "start": 17230370260, "end": 17230370283},
       "maxRSS": {
        "post": 16500,
        "pre": 16500
       },
       "num-tuples": 294,
       "recursive-rule": {
        "sup_reach_bf_r1_1(x,z) :- \n   magic_reach_bf(x),\n   reach_bf(x,z).": {
         "0": {
          "maxRSS": {
           "post": 16500,
           "pre": 16500
          },
          "num-tuples": 294,
          "runtime": { "start": 17230370147, "end": 17230370179},
          "source-locator": "/root/compiler/measurements/m3-5-headline-m4/family/reachability_complement/n2000/emit_guarded/transformed.dl [32:1-32:65]"
         }
        }
       },
       "runtime": { "start": 17230370138, "end": 17230370190}
      },
      "34": {
       "copytime": { "start": 17230370517, "end": 17230370527},
       "maxRSS": {
        "post": 16500,
        "pre": 16500
       },
       "num-tuples": 0,
       "recursive-rule": {
        "sup_reach_bf_r1_1(x,z) :- \n   magic_reach_bf(x),\n   reach_bf(x,z).": {
         "0": {
          "maxRSS": {
           "post": 16500,
           "pre": 16500
          },
          "num-tuples": 0,
          "runtime": { "start": 17230370325, "end": 17230370326},
          "source-locator": "/root/compiler/measurements/m3-5-headline-m4/family/reachability_complement/n2000/emit_guarded/transformed.dl [32:1-32:65]"
         }
        }
       },
       "runtime": { "start": 17230370316, "end": 17230370335}
      },
      "35": {
       "copytime": { "start": 17230370708, "end": 17230370718},
       "maxRSS": {
        "post": 16500,
        "pre": 16500
       },
       "num-tuples": 0,
       "recursive-rule": {
        "sup_reach_bf_r1_1(x,z) :- \n   magic_reach_bf(x),\n   reach_bf(x,z).": {
         "0": {
          "maxRSS": {
           "post": 16500,
           "pre": 16500
          },
          "num-tuples": 0,
          "runtime": { "start": 17230370610, "end": 17230370611},
          "source-locator": "/root/compiler/measurements/m3-5-headline-m4/family/reachability_complement/n2000/emit_guarded/transformed.dl [32:1-32:65]"
         }
        }
       },
       "runtime": { "start": 17230370602, "end": 17230370621}
      },
      "36": {
       "copytime": { "start": 17230370850, "end": 17230370874},
       "maxRSS": {
        "post": 16500,
        "pre": 16500
       },
       "num-tuples": 184,
       "recursive-rule": {
        "sup_reach_bf_r1_1(x,z) :- \n   magic_reach_bf(x),\n   reach_bf(x,z).": {
         "0": {
          "maxRSS": {
           "post": 16500,
           "pre": 16500
          },
          "num-tuples": 184,
          "runtime": { "start": 17230370749, "end": 17230370771},
          "source-locator": "/root/compiler/measurements/m3-5-headline-m4/family/reachability_complement/n2000/emit_guarded/transformed.dl [32:1-32:65]"
         }
        }
       },
       "runtime": { "start": 17230370740, "end": 17230370780}
      },
      "37": {
       "copytime": { "start": 17230371070, "end": 17230371079},
       "maxRSS": {
        "post": 16500,
        "pre": 16500
       },
       "num-tuples": 0,
       "recursive-rule": {
        "sup_reach_bf_r1_1(x,z) :- \n   magic_reach_bf(x),\n   reach_bf(x,z).": {
         "0": {
          "maxRSS": {
           "post": 16500,
           "pre": 16500
          },
          "num-tuples": 0,
          "runtime": { "start": 17230370916, "end": 17230370917},
          "source-locator": "/root/compiler/measurements/m3-5-headline-m4/family/reachability_complement/n2000/emit_guarded/transformed.dl [32:1-32:65]"
         }
        }
       },
       "runtime": { "start": 17230370907, "end": 17230370927}
      },
      "38": {
       "copytime": { "start": 17230371242, "end": 17230371251},
       "maxRSS": {
        "post": 16500,
        "pre": 16500
       },
       "num-tuples": 0,
       "recursive-rule": {
        "sup_reach_bf_r1_1(x,z) :- \n   magic_reach_bf(x),\n   reach_bf(x,z).": {
         "0": {
          "maxRSS": {
           "post": 16500,
           "pre": 16500
          },
          "num-tuples": 0,
          "runtime": { "start": 17230371152, "end": 17230371153},
          "source-locator": "/root/compiler/measurements/m3-5-headline-m4/family/reachability_complement/n2000/emit_guarded/transformed.dl [32:1-32:65]"
         }
        }
       },
       "runtime": { "start": 17230371143, "end": 17230371163}
      },
      "39": {
       "copytime": { "start": 17230371386, "end": 17230371401},
       "maxRSS": {
        "post": 16500,
        "pre": 16500
       },
       "num-tuples": 85,
       "recursive-rule": {
        "sup_reach_bf_r1_1(x,z) :- \n   magic_reach_bf(x),\n   reach_bf(x,z).": {
         "0": {
          "maxRSS": {
           "post": 16500,
           "pre": 16500
          },
          "num-tuples": 85,
          "runtime": { "start": 17230371293, "end": 17230371304},
          "source-locator": "/root/compiler/measurements/m3-5-headline-m4/family/reachability_complement/n2000/emit_guarded/transformed.dl [32:1-32:65]"
         }
        }
       },
       "runtime": { "start": 17230371284, "end": 17230371314}
      },
      "4": {
       "copytime": { "start": 17230365523, "end": 17230365524},
       "maxRSS": {
        "post": 16500,
        "pre": 16500
       },
       "num-tuples": 0,
       "recursive-rule": {
        "sup_reach_bf_r1_1(x,z) :- \n   magic_reach_bf(x),\n   reach_bf(x,z).": {
         "0": {
          "maxRSS": {
           "post": 16500,
           "pre": 16500
          },
          "num-tuples": 0,
          "runtime": { "start": 17230365452, "end": 17230365453},
          "source-locator": "/root/compiler/measurements/m3-5-headline-m4/family/reachability_complement/n2000/emit_guarded/transformed.dl [32:1-32:65]"
         }
        }
       },
       "runtime": { "start": 17230365452, "end": 17230365459}
      },
      "40": {
       "copytime": { "start": 17230371556, "end": 17230371566},
       "maxRSS": {
        "post": 16500,
        "pre": 16500
       },
       "num-tuples": 0,
       "recursive-rule": {
        "sup_reach_bf_r1_1(x,z) :- \n   magic_reach_bf(x),\n   reach_bf(x,z).": {
         "0": {
          "maxRSS": {
           "post": 16500,
           "pre": 16500
          },
          "num-tuples": 0,
          "runtime": { "start": 17230371442, "end": 17230371443},
          "source-locator": "/root/compiler/measurements/m3-5-headline-m4/family/reachability_complement/n2000/emit_guarded/transformed.dl [32:1-32:65]"
         }
        }
       },
       "runtime": { "start": 17230371434, "end": 17230371452}
      },
      "41": {
       "copytime": { "start": 17230371702, "end": 17230371711},
       "maxRSS": {
        "post": 16500,
        "pre": 16500
       },
       "num-tuples": 0,
       "recursive-rule": {
        "sup_reach_bf_r1_1(x,z) :- \n   magic_reach_bf(x),\n   reach_bf(x,z).": {
         "0": {
          "maxRSS": {
           "post": 16500,
           "pre": 16500
          },
          "num-tuples": 0,
          "runtime": { "start": 17230371618, "end": 17230371618},
          "source-locator": "/root/compiler/measurements/m3-5-headline-m4/family/reachability_complement/n2000/emit_guarded/transformed.dl [32:1-32:65]"
         }
        }
       },
       "runtime": { "start": 17230371608, "end": 17230371629}
      },
      "42": {
       "copytime": { "start": 17230371837, "end": 17230371850},
       "maxRSS": {
        "post": 16500,
        "pre": 16500
       },
       "num-tuples": 38,
       "recursive-rule": {
        "sup_reach_bf_r1_1(x,z) :- \n   magic_reach_bf(x),\n   reach_bf(x,z).": {
         "0": {
          "maxRSS": {
           "post": 16500,
           "pre": 16500
          },
          "num-tuples": 38,
          "runtime": { "start": 17230371753, "end": 17230371759},
          "source-locator": "/root/compiler/measurements/m3-5-headline-m4/family/reachability_complement/n2000/emit_guarded/transformed.dl [32:1-32:65]"
         }
        }
       },
       "runtime": { "start": 17230371744, "end": 17230371768}
      },
      "43": {
       "copytime": { "start": 17230371990, "end": 17230372000},
       "maxRSS": {
        "post": 16500,
        "pre": 16500
       },
       "num-tuples": 0,
       "recursive-rule": {
        "sup_reach_bf_r1_1(x,z) :- \n   magic_reach_bf(x),\n   reach_bf(x,z).": {
         "0": {
          "maxRSS": {
           "post": 16500,
           "pre": 16500
          },
          "num-tuples": 0,
          "runtime": { "start": 17230371894, "end": 17230371895},
          "source-locator": "/root/compiler/measurements/m3-5-headline-m4/family/reachability_complement/n2000/emit_guarded/transformed.dl [32:1-32:65]"
         }
        }
       },
       "runtime": { "start": 17230371885, "end": 17230371905}
      },
      "44": {
       "copytime": { "start": 17230372127, "end": 17230372137},
       "maxRSS": {
        "post": 16500,
        "pre": 16500
       },
       "num-tuples": 0,
       "recursive-rule": {
        "sup_reach_bf_r1_1(x,z) :- \n   magic_reach_bf(x),\n   reach_bf(x,z).": {
         "0": {
          "maxRSS": {
           "post": 16500,
           "pre": 16500
          },
          "num-tuples": 0,
          "runtime": { "start": 17230372045, "end": 17230372046},
          "source-locator": "/root/compiler/measurements/m3-5-headline-m4/family/reachability_complement/n2000/emit_guarded/transformed.dl [32:1-32:65]"
         }
        }
       },
       "runtime": { "start": 17230372036, "end": 17230372055}
      },
      "45": {
       "copytime": { "start": 17230372261, "end": 17230372272},
       "maxRSS": {
        "post": 16500,
        "pre": 16500
       },
       "num-tuples": 19,
       "recursive-rule": {
        "sup_reach_bf_r1_1(x,z) :- \n   magic_reach_bf(x),\n   reach_bf(x,z).": {
         "0": {
          "maxRSS": {
           "post": 16500,
           "pre": 16500
          },
          "num-tuples": 19,
          "runtime": { "start": 17230372178, "end": 17230372182},
          "source-locator": "/root/compiler/measurements/m3-5-headline-m4/family/reachability_complement/n2000/emit_guarded/transformed.dl [32:1-32:65]"
         }
        }
       },
       "runtime": { "start": 17230372169, "end": 17230372192}
      },
      "46": {
       "copytime": { "start": 17230372391, "end": 17230372392},
       "maxRSS": {
        "post": 16500,
        "pre": 16500
       },
       "num-tuples": 0,
       "recursive-rule": {
        "sup_reach_bf_r1_1(x,z) :- \n   magic_reach_bf(x),\n   reach_bf(x,z).": {
         "0": {
          "maxRSS": {
           "post": 16500,
           "pre": 16500
          },
          "num-tuples": 0,
          "runtime": { "start": 17230372312, "end": 17230372313},
          "source-locator": "/root/compiler/measurements/m3-5-headline-m4/family/reachability_complement/n2000/emit_guarded/transformed.dl [32:1-32:65]"
         }
        }
       },
       "runtime": { "start": 17230372303, "end": 17230372323}
      },
      "47": {
       "copytime": { "start": 17230372493, "end": 17230372493},
       "maxRSS": {
        "post": 16500,
        "pre": 16500
       },
       "num-tuples": 0,
       "recursive-rule": {
        "sup_reach_bf_r1_1(x,z) :- \n   magic_reach_bf(x),\n   reach_bf(x,z).": {
         "0": {
          "maxRSS": {
           "post": 16500,
           "pre": 16500
          },
          "num-tuples": 0,
          "runtime": { "start": 17230372438, "end": 17230372439},
          "source-locator": "/root/compiler/measurements/m3-5-headline-m4/family/reachability_complement/n2000/emit_guarded/transformed.dl [32:1-32:65]"
         }
        }
       },
       "runtime": { "start": 17230372428, "end": 17230372447}
      },
      "48": {
       "copytime": { "start": 17230372605, "end": 17230372607},
       "maxRSS": {
        "post": 16500,
        "pre": 16500
       },
       "num-tuples": 12,
       "recursive-rule": {
        "sup_reach_bf_r1_1(x,z) :- \n   magic_reach_bf(x),\n   reach_bf(x,z).": {
         "0": {
          "maxRSS": {
           "post": 16500,
           "pre": 16500
          },
          "num-tuples": 12,
          "runtime": { "start": 17230372524, "end": 17230372527},
          "source-locator": "/root/compiler/measurements/m3-5-headline-m4/family/reachability_complement/n2000/emit_guarded/transformed.dl [32:1-32:65]"
         }
        }
       },
       "runtime": { "start": 17230372524, "end": 17230372534}
      },
      "49": {
       "copytime": { "start": 17230372732, "end": 17230372733},
       "maxRSS": {
        "post": 16500,
        "pre": 16500
       },
       "num-tuples": 0,
       "recursive-rule": {
        "sup_reach_bf_r1_1(x,z) :- \n   magic_reach_bf(x),\n   reach_bf(x,z).": {
         "0": {
          "maxRSS": {
           "post": 16500,
           "pre": 16500
          },
          "num-tuples": 0,
          "runtime": { "start": 17230372647, "end": 17230372648},
          "source-locator": "/root/compiler/measurements/m3-5-headline-m4/family/reachability_complement/n2000/emit_guarded/transformed.dl [32:1-32:65]"
         }
        }
       },
       "runtime": { "start": 17230372638, "end": 17230372658}
      },
      "5": {
       "copytime": { "start": 17230365651, "end": 17230365661},
       "maxRSS": {
        "post": 16500,
        "pre": 16500
       },
       "num-tuples": 0,
       "recursive-rule": {
        "sup_reach_bf_r1_1(x,z) :- \n   magic_reach_bf(x),\n   reach_bf(x,z).": {
         "0": {
          "maxRSS": {
           "post": 16500,
           "pre": 16500
          },
          "num-tuples": 0,
          "runtime": { "start": 17230365568, "end": 17230365569},
          "source-locator": "/root/compiler/measurements/m3-5-headline-m4/family/reachability_complement/n2000/emit_guarded/transformed.dl [32:1-32:65]"
         }
        }
       },
       "runtime": { "start": 17230365556, "end": 17230365582}
      },
      "50": {
       "copytime": { "start": 17230372886, "end": 17230372897},
       "maxRSS": {
        "post": 16500,
        "pre": 16500
       },
       "num-tuples": 0,
       "recursive-rule": {
        "sup_reach_bf_r1_1(x,z) :- \n   magic_reach_bf(x),\n   reach_bf(x,z).": {
         "0": {
          "maxRSS": {
           "post": 16500,
           "pre": 16500
          },
          "num-tuples": 0,
          "runtime": { "start": 17230372768, "end": 17230372768},
          "source-locator": "/root/compiler/measurements/m3-5-headline-m4/family/reachability_complement/n2000/emit_guarded/transformed.dl [32:1-32:65]"
         }
        }
       },
       "runtime": { "start": 17230372767, "end": 17230372774}
      },
      "51": {
       "copytime": { "start": 17230373018, "end": 17230373029},
       "maxRSS": {
        "post": 16500,
        "pre": 16500
       },
       "num-tuples": 3,
       "recursive-rule": {
        "sup_reach_bf_r1_1(x,z) :- \n   magic_reach_bf(x),\n   reach_bf(x,z).": {
         "0": {
          "maxRSS": {
           "post": 16500,
           "pre": 16500
          },
          "num-tuples": 3,
          "runtime": { "start": 17230372939, "end": 17230372943},
          "source-locator": "/root/compiler/measurements/m3-5-headline-m4/family/reachability_complement/n2000/emit_guarded/transformed.dl [32:1-32:65]"
         }
        }
       },
       "runtime": { "start": 17230372929, "end": 17230372954}
      },
      "52": {
       "copytime": { "start": 17230373131, "end": 17230373132},
       "maxRSS": {
        "post": 16500,
        "pre": 16500
       },
       "num-tuples": 0,
       "recursive-rule": {
        "sup_reach_bf_r1_1(x,z) :- \n   magic_reach_bf(x),\n   reach_bf(x,z).": {
         "0": {
          "maxRSS": {
           "post": 16500,
           "pre": 16500
          },
          "num-tuples": 0,
          "runtime": { "start": 17230373057, "end": 17230373057},
          "source-locator": "/root/compiler/measurements/m3-5-headline-m4/family/reachability_complement/n2000/emit_guarded/transformed.dl [32:1-32:65]"
         }
        }
       },
       "runtime": { "start": 17230373054, "end": 17230373065}
      },
      "53": {
       "copytime": { "start": 17230373282, "end": 17230373282},
       "maxRSS": {
        "post": 16500,
        "pre": 16500
       },
       "num-tuples": 0,
       "recursive-rule": {
        "sup_reach_bf_r1_1(x,z) :- \n   magic_reach_bf(x),\n   reach_bf(x,z).": {
         "0": {
          "maxRSS": {
           "post": 16500,
           "pre": 16500
          },
          "num-tuples": 0,
          "runtime": { "start": 17230373191, "end": 17230373192},
          "source-locator": "/root/compiler/measurements/m3-5-headline-m4/family/reachability_complement/n2000/emit_guarded/transformed.dl [32:1-32:65]"
         }
        }
       },
       "runtime": { "start": 17230373180, "end": 17230373206}
      },
      "54": {
       "copytime": { "start": 17230373384, "end": 17230373385},
       "maxRSS": {
        "post": 16500,
        "pre": 16500
       },
       "num-tuples": 2,
       "recursive-rule": {
        "sup_reach_bf_r1_1(x,z) :- \n   magic_reach_bf(x),\n   reach_bf(x,z).": {
         "0": {
          "maxRSS": {
           "post": 16500,
           "pre": 16500
          },
          "num-tuples": 2,
          "runtime": { "start": 17230373317, "end": 17230373320},
          "source-locator": "/root/compiler/measurements/m3-5-headline-m4/family/reachability_complement/n2000/emit_guarded/transformed.dl [32:1-32:65]"
         }
        }
       },
       "runtime": { "start": 17230373307, "end": 17230373329}
      },
      "55": {
       "maxRSS": {
        "post": 16500,
        "pre": 16500
       },
       "num-tuples": 0,
       "recursive-rule": {
        "sup_reach_bf_r1_1(x,z) :- \n   magic_reach_bf(x),\n   reach_bf(x,z).": {
         "0": {
          "maxRSS": {
           "post": 16500,
           "pre": 16500
          },
          "num-tuples": 0,
          "runtime": { "start": 17230373417, "end": 17230373418},
          "source-locator": "/root/compiler/measurements/m3-5-headline-m4/family/reachability_complement/n2000/emit_guarded/transformed.dl [32:1-32:65]"
         }
        }
       },
       "runtime": { "start": 17230373407, "end": 17230373429}
      },
      "6": {
       "copytime": { "start": 17230365783, "end": 17230365793},
       "maxRSS": {
        "post": 16500,
        "pre": 16500
       },
       "num-tuples": 5,
       "recursive-rule": {
        "sup_reach_bf_r1_1(x,z) :- \n   magic_reach_bf(x),\n   reach_bf(x,z).": {
         "0": {
          "maxRSS": {
           "post": 16500,
           "pre": 16500
          },
          "num-tuples": 5,
          "runtime": { "start": 17230365702, "end": 17230365704},
          "source-locator": "/root/compiler/measurements/m3-5-headline-m4/family/reachability_complement/n2000/emit_guarded/transformed.dl [32:1-32:65]"
         }
        }
       },
       "runtime": { "start": 17230365693, "end": 17230365713}
      },
      "7": {
       "copytime": { "start": 17230365904, "end": 17230365914},
       "maxRSS": {
        "post": 16500,
        "pre": 16500
       },
       "num-tuples": 0,
       "recursive-rule": {
        "sup_reach_bf_r1_1(x,z) :- \n   magic_reach_bf(x),\n   reach_bf(x,z).": {
         "0": {
          "maxRSS": {
           "post": 16500,
           "pre": 16500
          },
          "num-tuples": 0,
          "runtime": { "start": 17230365834, "end": 17230365835},
          "source-locator": "/root/compiler/measurements/m3-5-headline-m4/family/reachability_complement/n2000/emit_guarded/transformed.dl [32:1-32:65]"
         }
        }
       },
       "runtime": { "start": 17230365825, "end": 17230365844}
      },
      "8": {
       "copytime": { "start": 17230366024, "end": 17230366024},
       "maxRSS": {
        "post": 16500,
        "pre": 16500
       },
       "num-tuples": 0,
       "recursive-rule": {
        "sup_reach_bf_r1_1(x,z) :- \n   magic_reach_bf(x),\n   reach_bf(x,z).": {
         "0": {
          "maxRSS": {
           "post": 16500,
           "pre": 16500
          },
          "num-tuples": 0,
          "runtime": { "start": 17230365956, "end": 17230365957},
          "source-locator": "/root/compiler/measurements/m3-5-headline-m4/family/reachability_complement/n2000/emit_guarded/transformed.dl [32:1-32:65]"
         }
        }
       },
       "runtime": { "start": 17230365947, "end": 17230365965}
      },
      "9": {
       "copytime": { "start": 17230366153, "end": 17230366165},
       "maxRSS": {
        "post": 16500,
        "pre": 16500
       },
       "num-tuples": 6,
       "recursive-rule": {
        "sup_reach_bf_r1_1(x,z) :- \n   magic_reach_bf(x),\n   reach_bf(x,z).": {
         "0": {
          "maxRSS": {
           "post": 16500,
           "pre": 16500
          },
          "num-tuples": 6,
          "runtime": { "start": 17230366064, "end": 17230366066},
          "source-locator": "/root/compiler/measurements/m3-5-headline-m4/family/reachability_complement/n2000/emit_guarded/transformed.dl [32:1-32:65]"
         }
        }
       },
       "runtime": { "start": 17230366055, "end": 17230366076}
      }
     },
     "num-tuples": 0,
     "reads": 1539,
     "source-locator": "/root/compiler/measurements/m3-5-headline-m4/family/reachability_complement/n2000/emit_guarded/transformed.dl [19:7-19:24]"
    },
    "sup_reach_bf_r1_2": {
     "iteration": {
      "0": {
       "copytime": { "start": 17230365141, "end": 17230365142},
       "maxRSS": {
        "post": 16500,
        "pre": 16500
       },
       "num-tuples": 0,
       "recursive-rule": {
        "sup_reach_bf_r1_2(x,y) :- \n   sup_reach_bf_r1_1(x,z),\n   edge(z,y).": {
         "0": {
          "atom-frequency": {
           "@new_sup_reach_bf_r1_2(x,y) :- \n   @delta_sup_reach_bf_r1_1(x,z),\n   edge(z,y).": {
            "@delta_sup_reach_bf_r1_1": {
             "level": 0,
             "num-tuples": 0
            },
            "edge": {
             "level": 1,
             "num-tuples": 0
            }
           }
          },
          "maxRSS": {
           "post": 16500,
           "pre": 16500
          },
          "num-tuples": 0,
          "runtime": { "start": 17230365081, "end": 17230365082},
          "source-locator": "/root/compiler/measurements/m3-5-headline-m4/family/reachability_complement/n2000/emit_guarded/transformed.dl [33:1-33:64]"
         }
        }
       },
       "runtime": { "start": 17230365071, "end": 17230365101}
      },
      "1": {
       "copytime": { "start": 17230365233, "end": 17230365236},
       "maxRSS": {
        "post": 16500,
        "pre": 16500
       },
       "num-tuples": 2,
       "recursive-rule": {
        "sup_reach_bf_r1_2(x,y) :- \n   sup_reach_bf_r1_1(x,z),\n   edge(z,y).": {
         "0": {
          "maxRSS": {
           "post": 16500,
           "pre": 16500
          },
          "num-tuples": 2,
          "runtime": { "start": 17230365182, "end": 17230365184},
          "source-locator": "/root/compiler/measurements/m3-5-headline-m4/family/reachability_complement/n2000/emit_guarded/transformed.dl [33:1-33:64]"
         }
        }
       },
       "runtime": { "start": 17230365181, "end": 17230365190}
      },
      "10": {
       "copytime": { "start": 17230366297, "end": 17230366300},
       "maxRSS": {
        "post": 16500,
        "pre": 16500
       },
       "num-tuples": 15,
       "recursive-rule": {
        "sup_reach_bf_r1_2(x,y) :- \n   sup_reach_bf_r1_1(x,z),\n   edge(z,y).": {
         "0": {
          "maxRSS": {
           "post": 16500,
           "pre": 16500
          },
          "num-tuples": 15,
          "runtime": { "start": 17230366222, "end": 17230366228},
          "source-locator": "/root/compiler/measurements/m3-5-headline-m4/family/reachability_complement/n2000/emit_guarded/transformed.dl [33:1-33:64]"
         }
        }
       },
       "runtime": { "start": 17230366212, "end": 17230366237}
      },
      "11": {
       "copytime": { "start": 17230366440, "end": 17230366441},
       "maxRSS": {
        "post": 16500,
        "pre": 16500
       },
       "num-tuples": 0,
       "recursive-rule": {
        "sup_reach_bf_r1_2(x,y) :- \n   sup_reach_bf_r1_1(x,z),\n   edge(z,y).": {
         "0": {
          "maxRSS": {
           "post": 16500,
           "pre": 16500
          },
          "num-tuples": 0,
          "runtime": { "start": 17230366362, "end": 17230366363},
          "source-locator": "/root/compiler/measurements/m3-5-headline-m4/family/reachability_complement/n2000/emit_guarded/transformed.dl [33:1-33:64]"
         }
        }
       },
       "runtime": { "start": 17230366353, "end": 17230366372}
      },
      "12": {
       "copytime": { "start": 17230366571, "end": 17230366571},
       "maxRSS": {
        "post": 16500,
        "pre": 16500
       },
       "num-tuples": 0,
       "recursive-rule": {
        "sup_reach_bf_r1_2(x,y) :- \n   sup_reach_bf_r1_1(x,z),\n   edge(z,y).": {
         "0": {
          "maxRSS": {
           "post": 16500,
           "pre": 16500
          },
          "num-tuples": 0,
          "runtime": { "start": 17230366501, "end": 17230366501},
          "source-locator": "/root/compiler/measurements/m3-5-headline-m4/family/reachability_complement/n2000/emit_guarded/transformed.dl [33:1-33:64]"
         }
        }
       },
       "runtime": { "start": 17230366492, "end": 17230366511}
      },
      "13": {
       "copytime": { "start": 17230366711, "end": 17230366713},
       "maxRSS": {
        "post": 16500,
        "pre": 16500
       },
       "num-tuples": 23,
       "recursive-rule": {
        "sup_reach_bf_r1_2(x,y) :- \n   sup_reach_bf_r1_1(x,z),\n   edge(z,y).": {
         "0": {
          "maxRSS": {
           "post": 16500,
           "pre": 16500
          },
          "num-tuples": 23,
          "runtime": { "start": 17230366634, "end": 17230366644},
          "source-locator": "/root/compiler/measurements/m3-5-headline-m4/family/reachability_complement/n2000/emit_guarded/transformed.dl [33:1-33:64]"
         }
        }
       },
       "runtime": { "start": 17230366621, "end": 17230366654}
      },
      "14": {
       "copytime": { "start": 17230366843, "end": 17230366844},
       "maxRSS": {
        "post": 16500,
        "pre": 16500
       },
       "num-tuples": 0,
       "recursive-rule": {
        "sup_reach_bf_r1_2(x,y) :- \n   sup_reach_bf_r1_1(x,z),\n   edge(z,y).": {
         "0": {
          "maxRSS": {
           "post": 16500,
           "pre": 16500
          },
          "num-tuples": 0,
          "runtime": { "start": 17230366774, "end": 17230366774},
          "source-locator": "/root/compiler/measurements/m3-5-headline-m4/family/reachability_complement/n2000/emit_guarded/transformed.dl [33:1-33:64]"
         }
        }
       },
       "runtime": { "start": 17230366765, "end": 17230366783}
      },
      "15": {
       "copytime": { "start": 17230366972, "end": 17230366973},
       "maxRSS": {
        "post": 16500,
        "pre": 16500
       },
       "num-tuples": 0,
       "recursive-rule": {
        "sup_reach_bf_r1_2(x,y) :- \n   sup_reach_bf_r1_1(x,z),\n   edge(z,y).": {
         "0": {
          "maxRSS": {
           "post": 16500,
           "pre": 16500
          },
          "num-tuples": 0,
          "runtime": { "start": 17230366903, "end": 17230366903},
          "source-locator": "/root/compiler/measurements/m3-5-headline-m4/family/reachability_complement/n2000/emit_guarded/transformed.dl [33:1-33:64]"
         }
        }
       },
       "runtime": { "start": 17230366894, "end": 17230366913}
      },
      "16": {
       "copytime": { "start": 17230367122, "end": 17230367126},
       "maxRSS": {
        "post": 16500,
        "pre": 16500
       },
       "num-tuples": 38,
       "recursive-rule": {
        "sup_reach_bf_r1_2(x,y) :- \n   sup_reach_bf_r1_1(x,z),\n   edge(z,y).": {
         "0": {
          "maxRSS": {
           "post": 16500,
           "pre": 16500
          },
          "num-tuples": 38,
          "runtime": { "start": 17230367034, "end": 17230367050},
          "source-locator": "/root/compiler/measurements/m3-5-headline-m4/family/reachability_complement/n2000/emit_guarded/transformed.dl [33:1-33:64]"
         }
        }
       },
       "runtime": { "start": 17230367025, "end": 17230367059}
      },
      "17": {
       "copytime": { "start": 17230367273, "end": 17230367274},
       "maxRSS": {
        "post": 16500,
        "pre": 16500
       },
       "num-tuples": 0,
       "recursive-rule": {
        "sup_reach_bf_r1_2(x,y) :- \n   sup_reach_bf_r1_1(x,z),\n   edge(z,y).": {
         "0": {
          "maxRSS": {
           "post": 16500,
           "pre": 16500
          },
          "num-tuples": 0,
          "runtime": { "start": 17230367197, "end": 17230367197},
          "source-locator": "/root/compiler/measurements/m3-5-headline-m4/family/reachability_complement/n2000/emit_guarded/transformed.dl [33:1-33:64]"
         }
        }
       },
       "runtime": { "start": 17230367188, "end": 17230367208}
      },
      "18": {
       "copytime": { "start": 17230367415, "end": 17230367416},
       "maxRSS": {
        "post": 16500,
        "pre": 16500
       },
       "num-tuples": 0,
       "recursive-rule": {
        "sup_reach_bf_r1_2(x,y) :- \n   sup_reach_bf_r1_1(x,z),\n   edge(z,y).": {
         "0": {
          "maxRSS": {
           "post": 16500,
           "pre": 16500
          },
          "num-tuples": 0,
          "runtime": { "start": 17230367344, "end": 17230367344},
          "source-locator": "/root/compiler/measurements/m3-5-headline-m4/family/reachability_complement/n2000/emit_guarded/transformed.dl [33:1-33:64]"
         }
        }
       },
       "runtime": { "start": 17230367331, "end": 17230367353}
      },
      "19": {
       "copytime": { "start": 17230367567, "end": 17230367575},
       "maxRSS": {
        "post": 16500,
        "pre": 16500
       },
       "num-tuples": 84,
       "recursive-rule": {
        "sup_reach_bf_r1_2(x,y) :- \n   sup_reach_bf_r1_1(x,z),\n   edge(z,y).": {
         "0": {
          "maxRSS": {
           "post": 16500,
           "pre": 16500
          },
          "num-tuples": 84,
          "runtime": { "start": 17230367473, "end": 17230367499},
          "source-locator": "/root/compiler/measurements/m3-5-headline-m4/family/reachability_complement/n2000/emit_guarded/transformed.dl [33:1-33:64]"
         }
        }
       },
       "runtime": { "start": 17230367465, "end": 17230367508}
      },
      "2": {
       "copytime": { "start": 17230365314, "end": 17230365315},
       "maxRSS": {
        "post": 16500,
        "pre": 16500
       },
       "num-tuples": 0,
       "recursive-rule": {
        "sup_reach_bf_r1_2(x,y) :- \n   sup_reach_bf_r1_1(x,z),\n   edge(z,y).": {
         "0": {
          "maxRSS": {
           "post": 16500,
           "pre": 16500
          },
          "num-tuples": 0,
          "runtime": { "start": 17230365274, "end": 17230365275},
          "source-locator": "/root/compiler/measurements/m3-5-headline-m4/family/reachability_complement/n2000/emit_guarded/transformed.dl [33:1-33:64]"
         }
        }
       },
       "runtime": { "start": 17230365273, "end": 17230365280}
      },
      "20": {
       "copytime": { "start": 17230367723, "end": 17230367724},
       "maxRSS": {
        "post": 16500,
        "pre": 16500
       },
       "num-tuples": 0,
       "recursive-rule": {
        "sup_reach_bf_r1_2(x,y) :- \n   sup_reach_bf_r1_1(x,z),\n   edge(z,y).": {
         "0": {
          "maxRSS": {
           "post": 16500,
           "pre": 16500
          },
          "num-tuples": 0,
          "runtime": { "start": 17230367645, "end": 17230367646},
          "source-locator": "/root/compiler/measurements/m3-5-headline-m4/family/reachability_complement/n2000/emit_guarded/transformed.dl [33:1-33:64]"
         }
        }
       },
       "runtime": { "start": 17230367636, "end": 17230367656}
      },
      "21": {
       "copytime": { "start": 17230367865, "end": 17230367874},
       "maxRSS": {
        "post": 16500,
        "pre": 16500
       },
       "num-tuples": 0,
       "recursive-rule": {
        "sup_reach_bf_r1_2(x,y) :- \n   sup_reach_bf_r1_1(x,z),\n   edge(z,y).": {
         "0": {
          "maxRSS": {
           "post": 16500,
           "pre": 16500
          },
          "num-tuples": 0,
          "runtime": { "start": 17230367790, "end": 17230367791},
          "source-locator": "/root/compiler/measurements/m3-5-headline-m4/family/reachability_complement/n2000/emit_guarded/transformed.dl [33:1-33:64]"
         }
        }
       },
       "runtime": { "start": 17230367781, "end": 17230367801}
      },
      "22": {
       "copytime": { "start": 17230368072, "end": 17230368085},
       "maxRSS": {
        "post": 16500,
        "pre": 16500
       },
       "num-tuples": 148,
       "recursive-rule": {
        "sup_reach_bf_r1_2(x,y) :- \n   sup_reach_bf_r1_1(x,z),\n   edge(z,y).": {
         "0": {
          "maxRSS": {
           "post": 16500,
           "pre": 16500
          },
          "num-tuples": 148,
          "runtime": { "start": 17230367926, "end": 17230367968},
          "source-locator": "/root/compiler/measurements/m3-5-headline-m4/family/reachability_complement/n2000/emit_guarded/transformed.dl [33:1-33:64]"
         }
        }
       },
       "runtime": { "start": 17230367918, "end": 17230367978}
      },
      "23": {
       "copytime": { "start": 17230368242, "end": 17230368243},
       "maxRSS": {
        "post": 16500,
        "pre": 16500
       },
       "num-tuples": 0,
       "recursive-rule": {
        "sup_reach_bf_r1_2(x,y) :- \n   sup_reach_bf_r1_1(x,z),\n   edge(z,y).": {
         "0": {
          "maxRSS": {
           "post": 16500,
           "pre": 16500
          },
          "num-tuples": 0,
          "runtime": { "start": 17230368161, "end": 17230368161},
          "source-locator": "/root/compiler/measurements/m3-5-headline-m4/family/reachability_complement/n2000/emit_guarded/transformed.dl [33:1-33:64]"
         }
        }
       },
       "runtime": { "start": 17230368152, "end": 17230368170}
      },
      "24": {
       "copytime": { "start": 17230368393, "end": 17230368402},
       "maxRSS": {
        "post": 16500,
        "pre": 16500
       },
       "num-tuples": 0,
       "recursive-rule": {
        "sup_reach_bf_r1_2(x,y) :- \n   sup_reach_bf_r1_1(x,z),\n   edge(z,y).": {
         "0": {
          "maxRSS": {
           "post": 16500,
           "pre": 16500
          },
          "num-tuples": 0,
          "runtime": { "start": 17230368314, "end": 17230368315},
          "source-locator": "/root/compiler/measurements/m3-5-headline-m4/family/reachability_complement/n2000/emit_guarded/transformed.dl [33:1-33:64]"
         }
        }
       },
       "runtime": { "start": 17230368305, "end": 17230368325}
      },
      "25": {
       "copytime": { "start": 17230368605, "end": 17230368625},
       "maxRSS": {
        "post": 16500,
        "pre": 16500
       },
       "num-tuples": 256,
       "recursive-rule": {
        "sup_reach_bf_r1_2(x,y) :- \n   sup_reach_bf_r1_1(x,z),\n   edge(z,y).": {
         "0": {
          "maxRSS": {
           "post": 16500,
           "pre": 16500
          },
          "num-tuples": 256,
          "runtime": { "start": 17230368453, "end": 17230368532},
          "source-locator": "/root/compiler/measurements/m3-5-headline-m4/family/reachability_complement/n2000/emit_guarded/transformed.dl [33:1-33:64]"
         }
        }
       },
       "runtime": { "start": 17230368444, "end": 17230368543}
      },
      "26": {
       "copytime": { "start": 17230368804, "end": 17230368806},
       "maxRSS": {
        "post": 16500,
        "pre": 16500
       },
       "num-tuples": 0,
       "recursive-rule": {
        "sup_reach_bf_r1_2(x,y) :- \n   sup_reach_bf_r1_1(x,z),\n   edge(z,y).": {
         "0": {
          "maxRSS": {
           "post": 16500,
           "pre": 16500
          },
          "num-tuples": 0,
          "runtime": { "start": 17230368714, "end": 17230368715},
          "source-locator": "/root/compiler/measurements/m3-5-headline-m4/family/reachability_complement/n2000/emit_guarded/transformed.dl [33:1-33:64]"
         }
        }
       },
       "runtime": { "start": 17230368705, "end": 17230368724}
      },
      "27": {
       "copytime": { "start": 17230368984, "end": 17230368993},
       "maxRSS": {
        "post": 16500,
        "pre": 16500
       },
       "num-tuples": 0,
       "recursive-rule": {
        "sup_reach_bf_r1_2(x,y) :- \n   sup_reach_bf_r1_1(x,z),\n   edge(z,y).": {
         "0": {
          "maxRSS": {
           "post": 16500,
           "pre": 16500
          },
          "num-tuples": 0,
          "runtime": { "start": 17230368895, "end": 17230368896},
          "source-locator": "/root/compiler/measurements/m3-5-headline-m4/family/reachability_complement/n2000/emit_guarded/transformed.dl [33:1-33:64]"
         }
        }
       },
       "runtime": { "start": 17230368886, "end": 17230368906}
      },
      "28": {
       "copytime": { "start": 17230369237, "end": 17230369264},
       "maxRSS": {
        "post": 16500,
        "pre": 16500
       },
       "num-tuples": 325,
       "recursive-rule": {
        "sup_reach_bf_r1_2(x,y) :- \n   sup_reach_bf_r1_1(x,z),\n   edge(z,y).": {
         "0": {
          "maxRSS": {
           "post": 16500,
           "pre": 16500
          },
          "num-tuples": 325,
          "runtime": { "start": 17230369043, "end": 17230369168},
          "source-locator": "/root/compiler/measurements/m3-5-headline-m4/family/reachability_complement/n2000/emit_guarded/transformed.dl [33:1-33:64]"
         }
        }
       },
       "runtime": { "start": 17230369035, "end": 17230369178}
      },
      "29": {
       "copytime": { "start": 17230369457, "end": 17230369459},
       "maxRSS": {
        "post": 16500,
        "pre": 16500
       },
       "num-tuples": 0,
       "recursive-rule": {
        "sup_reach_bf_r1_2(x,y) :- \n   sup_reach_bf_r1_1(x,z),\n   edge(z,y).": {
         "0": {
          "maxRSS": {
           "post": 16500,
           "pre": 16500
          },
          "num-tuples": 0,
          "runtime": { "start": 17230369360, "end": 17230369361},
          "source-locator": "/root/compiler/measurements/m3-5-headline-m4/family/reachability_complement/n2000/emit_guarded/transformed.dl [33:1-33:64]"
         }
        }
       },
       "runtime": { "start": 17230369351, "end": 17230369371}
      },
      "3": {
       "copytime": { "start": 17230365425, "end": 17230365425},
       "maxRSS": {
        "post": 16500,
        "pre": 16500
       },
       "num-tuples": 0,
       "recursive-rule": {
        "sup_reach_bf_r1_2(x,y) :- \n   sup_reach_bf_r1_1(x,z),\n   edge(z,y).": {
         "0": {
          "maxRSS": {
           "post": 16500,
           "pre": 16500
          },
          "num-tuples": 0,
          "runtime": { "start": 17230365363, "end": 17230365364},
          "source-locator": "/root/compiler/measurements/m3-5-headline-m4/family/reachability_complement/n2000/emit_guarded/transformed.dl [33:1-33:64]"
         }
        }
       },
       "runtime": { "start": 17230365353, "end": 17230365373}
      },
      "30": {
       "copytime": { "start": 17230369642, "end": 17230369652},
       "maxRSS": {
        "post": 16500,
        "pre": 16500
       },
       "num-tuples": 0,
       "recursive-rule": {
        "sup_reach_bf_r1_2(x,y) :- \n   sup_reach_bf_r1_1(x,z),\n   edge(z,y).": {
         "0": {
          "maxRSS": {
           "post": 16500,
           "pre": 16500
          },
          "num-tuples": 0,
          "runtime": { "start": 17230369549, "end": 17230369550},
          "source-locator": "/root/compiler/measurements/m3-5-headline-m4/family/reachability_complement/n2000/emit_guarded/transformed.dl [33:1-33:64]"
         }
        }
       },
       "runtime": { "start": 17230369541, "end": 17230369559}
      },
      "31": {
       "copytime": { "start": 17230369895, "end": 17230369922},
       "maxRSS": {
        "post": 16500,
        "pre": 16500
       },
       "num-tuples": 294,
       "recursive-rule": {
        "sup_reach_bf_r1_2(x,y) :- \n   sup_reach_bf_r1_1(x,z),\n   edge(z,y).": {
         "0": {
          "maxRSS": {
           "post": 16500,
           "pre": 16500
          },
          "num-tuples": 294,
          "runtime": { "start": 17230369703, "end": 17230369838},
          "source-locator": "/root/compiler/measurements/m3-5-headline-m4/family/reachability_complement/n2000/emit_guarded/transformed.dl [33:1-33:64]"
         }
        }
       },
       "runtime": { "start": 17230369694, "end": 17230369847}
      },
      "32": {
       "copytime": { "start": 17230370111, "end": 17230370112},
       "maxRSS": {
        "post": 16500,
        "pre": 16500
       },
       "num-tuples": 0,
       "recursive-rule": {
        "sup_reach_bf_r1_2(x,y) :- \n   sup_reach_bf_r1_1(x,z),\n   edge(z,y).": {
         "0": {
          "maxRSS": {
           "post": 16500,
           "pre": 16500
          },
          "num-tuples": 0,
          "runtime": { "start": 17230370014, "end": 17230370015},
          "source-locator": "/root/compiler/measurements/m3-5-headline-m4/family/reachability_complement/n2000/emit_guarded/transformed.dl [33:1-33:64]"
         }
        }
       },
       "runtime": { "start": 17230370005, "end": 17230370025}
      },
      "33": {
       "copytime": { "start": 17230370286, "end": 17230370296},
       "maxRSS": {
        "post": 16500,
        "pre": 16500
       },
       "num-tuples": 0,
       "recursive-rule": {
        "sup_reach_bf_r1_2(x,y) :- \n   sup_reach_bf_r1_1(x,z),\n   edge(z,y).": {
         "0": {
          "maxRSS": {
           "post": 16500,
           "pre": 16500
          },
          "num-tuples": 0,
          "runtime": { "start": 17230370204, "end": 17230370204},
          "source-locator": "/root/compiler/measurements/m3-5-headline-m4/family/reachability_complement/n2000/emit_guarded/transformed.dl [33:1-33:64]"
         }
        }
       },
       "runtime": { "start": 17230370195, "end": 17230370214}
      },
      "34": {
       "copytime": { "start": 17230370533, "end": 17230370550},
       "maxRSS": {
        "post": 16500,
        "pre": 16500
       },
       "num-tuples": 184,
       "recursive-rule": {
        "sup_reach_bf_r1_2(x,y) :- \n   sup_reach_bf_r1_1(x,z),\n   edge(z,y).": {
         "0": {
          "maxRSS": {
           "post": 16500,
           "pre": 16500
          },
          "num-tuples": 184,
          "runtime": { "start": 17230370350, "end": 17230370463},
          "source-locator": "/root/compiler/measurements/m3-5-headline-m4/family/reachability_complement/n2000/emit_guarded/transformed.dl [33:1-33:64]"
         }
        }
       },
       "runtime": { "start": 17230370341, "end": 17230370472}
      },
      "35": {
       "copytime": { "start": 17230370723, "end": 17230370724},
       "maxRSS": {
        "post": 16500,
        "pre": 16500
       },
       "num-tuples": 0,
       "recursive-rule": {
        "sup_reach_bf_r1_2(x,y) :- \n   sup_reach_bf_r1_1(x,z),\n   edge(z,y).": {
         "0": {
          "maxRSS": {
           "post": 16500,
           "pre": 16500
          },
          "num-tuples": 0,
          "runtime": { "start": 17230370634, "end": 17230370635},
          "source-locator": "/root/compiler/measurements/m3-5-headline-m4/family/reachability_complement/n2000/emit_guarded/transformed.dl [33:1-33:64]"
         }
        }
       },
       "runtime": { "start": 17230370625, "end": 17230370644}
      },
      "36": {
       "copytime": { "start": 17230370880, "end": 17230370889},
       "maxRSS": {
        "post": 16500,
        "pre": 16500
       },
       "num-tuples": 0,
       "recursive-rule": {
        "sup_reach_bf_r1_2(x,y) :- \n   sup_reach_bf_r1_1(x,z),\n   edge(z,y).": {
         "0": {
          "maxRSS": {
           "post": 16500,
           "pre": 16500
          },
          "num-tuples": 0,
          "runtime": { "start": 17230370793, "end": 17230370794},
          "source-locator": "/root/compiler/measurements/m3-5-headline-m4/family/reachability_complement/n2000/emit_guarded/transformed.dl [33:1-33:64]"
         }
        }
       },
       "runtime": { "start": 17230370784, "end": 17230370804}
      },
      "37": {
       "copytime": { "start": 17230371085, "end": 17230371102},
       "maxRSS": {
        "post": 16500,
        "pre": 16500
       },
       "num-tuples": 85,
       "recursive-rule": {
        "sup_reach_bf_r1_2(x,y) :- \n   sup_reach_bf_r1_1(x,z),\n   edge(z,y).": {
         "0": {
          "maxRSS": {
           "post": 16500,
           "pre": 16500
          },
          "num-tuples": 85,
          "runtime": { "start": 17230370940, "end": 17230371011},
          "source-locator": "/root/compiler/measurements/m3-5-headline-m4/family/reachability_complement/n2000/emit_guarded/transformed.dl [33:1-33:64]"
         }
        }
       },
       "runtime": { "start": 17230370932, "end": 17230371023}
      },
      "38": {
       "copytime": { "start": 17230371257, "end": 17230371258},
       "maxRSS": {
        "post": 16500,
        "pre": 16500
       },
       "num-tuples": 0,
       "recursive-rule": {
        "sup_reach_bf_r1_2(x,y) :- \n   sup_reach_bf_r1_1(x,z),\n   edge(z,y).": {
         "0": {
          "maxRSS": {
           "post": 16500,
           "pre": 16500
          },
          "num-tuples": 0,
          "runtime": { "start": 17230371177, "end": 17230371178},
          "source-locator": "/root/compiler/measurements/m3-5-headline-m4/family/reachability_complement/n2000/emit_guarded/transformed.dl [33:1-33:64]"
         }
        }
       },
       "runtime": { "start": 17230371168, "end": 17230371188}
      },
      "39": {
       "copytime": { "start": 17230371407, "end": 17230371415},
       "maxRSS": {
        "post": 16500,
        "pre": 16500
       },
       "num-tuples": 0,
       "recursive-rule": {
        "sup_reach_bf_r1_2(x,y) :- \n   sup_reach_bf_r1_1(x,z),\n   edge(z,y).": {
         "0": {
          "maxRSS": {
           "post": 16500,
           "pre": 16500
          },
          "num-tuples": 0,
          "runtime": { "start": 17230371328, "end": 17230371329},
          "source-locator": "/root/compiler/measurements/m3-5-headline-m4/family/reachability_complement/n2000/emit_guarded/transformed.dl [33:1-33:64]"
         }
        }
       },
       "runtime": { "start": 17230371319, "end": 17230371338}
      },
      "4": {
       "copytime": { "start": 17230365528, "end": 17230365531},
       "maxRSS": {
        "post": 16500,
        "pre": 16500
       },
       "num-tuples": 5,
       "recursive-rule": {
        "sup_reach_bf_r1_2(x,y) :- \n   sup_reach_bf_r1_1(x,z),\n   edge(z,y).": {
         "0": {
          "maxRSS": {
           "post": 16500,
           "pre": 16500
          },
          "num-tuples": 5,
          "runtime": { "start": 17230365472, "end": 17230365475},
          "source-locator": "/root/compiler/measurements/m3-5-headline-m4/family/reachability_complement/n2000/emit_guarded/transformed.dl [33:1-33:64]"
         }
        }
       },
       "runtime": { "start": 17230365462, "end": 17230365487}
      },
      "40": {
       "copytime": { "start": 17230371571, "end": 17230371576},
       "maxRSS": {
        "post": 16500,
        "pre": 16500
       },
       "num-tuples": 38,
       "recursive-rule": {
        "sup_reach_bf_r1_2(x,y) :- \n   sup_reach_bf_r1_1(x,z),\n   edge(z,y).": {
         "0": {
          "maxRSS": {
           "post": 16500,
           "pre": 16500
          },
          "num-tuples": 38,
          "runtime": { "start": 17230371466, "end": 17230371501},
          "source-locator": "/root/compiler/measurements/m3-5-headline-m4/family/reachability_complement/n2000/emit_guarded/transformed.dl [33:1-33:64]"
         }
        }
       },
       "runtime": { "start": 17230371457, "end": 17230371510}
      },
      "41": {
       "copytime": { "start": 17230371717, "end": 17230371717},
       "maxRSS": {
        "post": 16500,
        "pre": 16500
       },
       "num-tuples": 0,
       "recursive-rule": {
        "sup_reach_bf_r1_2(x,y) :- \n   sup_reach_bf_r1_1(x,z),\n   edge(z,y).": {
         "0": {
          "maxRSS": {
           "post": 16500,
           "pre": 16500
          },
          "num-tuples": 0,
          "runtime": { "start": 17230371642, "end": 17230371643},
          "source-locator": "/root/compiler/measurements/m3-5-headline-m4/family/reachability_complement/n2000/emit_guarded/transformed.dl [33:1-33:64]"
         }
        }
       },
       "runtime": { "start": 17230371633, "end": 17230371653}
      },
      "42": {
       "copytime": { "start": 17230371855, "end": 17230371864},
       "maxRSS": {
        "post": 16500,
        "pre": 16500
       },
       "num-tuples": 0,
       "recursive-rule": {
        "sup_reach_bf_r1_2(x,y) :- \n   sup_reach_bf_r1_1(x,z),\n   edge(z,y).": {
         "0": {
          "maxRSS": {
           "post": 16500,
           "pre": 16500
          },
          "num-tuples": 0,
          "runtime": { "start": 17230371783, "end": 17230371783},
          "source-locator": "/root/compiler/measurements/m3-5-headline-m4/family/reachability_complement/n2000/emit_guarded/transformed.dl [33:1-33:64]"
         }
        }
       },
       "runtime": { "start": 17230371774, "end": 17230371793}
      },
      "43": {
       "copytime": { "start": 17230372010, "end": 17230372014},
       "maxRSS": {
        "post": 16500,
        "pre": 16500
       },
       "num-tuples": 19,
       "recursive-rule": {
        "sup_reach_bf_r1_2(x,y) :- \n   sup_reach_bf_r1_1(x,z),\n   edge(z,y).": {
         "0": {
          "maxRSS": {
           "post": 16500,
           "pre": 16500
          },
          "num-tuples": 19,
          "runtime": { "start": 17230371919, "end": 17230371935},
          "source-locator": "/root/compiler/measurements/m3-5-headline-m4/family/reachability_complement/n2000/emit_guarded/transformed.dl [33:1-33:64]"
         }
        }
       },
       "runtime": { "start": 17230371910, "end": 17230371946}
      },
      "44": {
       "copytime": { "start": 17230372142, "end": 17230372143},
       "maxRSS": {
        "post": 16500,
        "pre": 16500
       },
       "num-tuples": 0,
       "recursive-rule": {
        "sup_reach_bf_r1_2(x,y) :- \n   sup_reach_bf_r1_1(x,z),\n   edge(z,y).": {
         "0": {
          "maxRSS": {
           "post": 16500,
           "pre": 16500
          },
          "num-tuples": 0,
          "runtime": { "start": 17230372070, "end": 17230372071},
          "source-locator": "/root/compiler/measurements/m3-5-headline-m4/family/reachability_complement/n2000/emit_guarded/transformed.dl [33:1-33:64]"
         }
        }
       },
       "runtime": { "start": 17230372061, "end": 17230372080}
      },
      "45": {
       "copytime": { "start": 17230372277, "end": 17230372278},
       "maxRSS": {
        "post": 16500,
        "pre": 16500
       },
       "num-tuples": 0,
       "recursive-rule": {
        "sup_reach_bf_r1_2(x,y) :- \n   sup_reach_bf_r1_1(x,z),\n   edge(z,y).": {
         "0": {
          "maxRSS": {
           "post": 16500,
           "pre": 16500
          },
          "num-tuples": 0,
          "runtime": { "start": 17230372206, "end": 17230372206},
          "source-locator": "/root/compiler/measurements/m3-5-headline-m4/family/reachability_complement/n2000/emit_guarded/transformed.dl [33:1-33:64]"
         }
        }
       },
       "runtime": { "start": 17230372197, "end": 17230372215}
      },
      "46": {
       "copytime": { "start": 17230372395, "end": 17230372406},
       "maxRSS": {
        "post": 16500,
        "pre": 16500
       },
       "num-tuples": 12,
       "recursive-rule": {
        "sup_reach_bf_r1_2(x,y) :- \n   sup_reach_bf_r1_1(x,z),\n   edge(z,y).": {
         "0": {
          "maxRSS": {
           "post": 16500,
           "pre": 16500
          },
          "num-tuples": 12,
          "runtime": { "start": 17230372337, "end": 17230372348},
          "source-locator": "/root/compiler/measurements/m3-5-headline-m4/family/reachability_complement/n2000/emit_guarded/transformed.dl [33:1-33:64]"
         }
        }
       },
       "runtime": { "start": 17230372328, "end": 17230372358}
      },
      "47": {
       "copytime": { "start": 17230372496, "end": 17230372497},
       "maxRSS": {
        "post": 16500,
        "pre": 16500
       },
       "num-tuples": 0,
       "recursive-rule": {
        "sup_reach_bf_r1_2(x,y) :- \n   sup_reach_bf_r1_1(x,z),\n   edge(z,y).": {
         "0": {
          "maxRSS": {
           "post": 16500,
           "pre": 16500
          },
          "num-tuples": 0,
          "runtime": { "start": 17230372453, "end": 17230372453},
          "source-locator": "/root/compiler/measurements/m3-5-headline-m4/family/reachability_complement/n2000/emit_guarded/transformed.dl [33:1-33:64]"
         }
        }
       },
       "runtime": { "start": 17230372452, "end": 17230372462}
      },
      "48": {
       "copytime": { "start": 17230372611, "end": 17230372612},
       "maxRSS": {
        "post": 16500,
        "pre": 16500
       },
       "num-tuples": 0,
       "recursive-rule": {
        "sup_reach_bf_r1_2(x,y) :- \n   sup_reach_bf_r1_1(x,z),\n   edge(z,y).": {
         "0": {
          "maxRSS": {
           "post": 16500,
           "pre": 16500
          },
          "num-tuples": 0,
          "runtime": { "start": 17230372547, "end": 17230372548},
          "source-locator": "/root/compiler/measurements/m3-5-headline-m4/family/reachability_complement/n2000/emit_guarded/transformed.dl [33:1-33:64]"
         }
        }
       },
       "runtime": { "start": 17230372538, "end": 17230372557}
      },
      "49": {
       "copytime": { "start": 17230372738, "end": 17230372739},
       "maxRSS": {
        "post": 16500,
        "pre": 16500
       },
       "num-tuples": 3,
       "recursive-rule": {
        "sup_reach_bf_r1_2(x,y) :- \n   sup_reach_bf_r1_1(x,z),\n   edge(z,y).": {
         "0": {
          "maxRSS": {
           "post": 16500,
           "pre": 16500
          },
          "num-tuples": 3,
          "runtime": { "start": 17230372672, "end": 17230372679},
          "source-locator": "/root/compiler/measurements/m3-5-headline-m4/family/reachability_complement/n2000/emit_guarded/transformed.dl [33:1-33:64]"
         }
        }
       },
       "runtime": { "start": 17230372663, "end": 17230372689}
      },
      "5": {
       "copytime": { "start": 17230365667, "end": 17230365667},
       "maxRSS": {
        "post": 16500,
        "pre": 16500
       },
       "num-tuples": 0,
       "recursive-rule": {
        "sup_reach_bf_r1_2(x,y) :- \n   sup_reach_bf_r1_1(x,z),\n   edge(z,y).": {
         "0": {
          "maxRSS": {
           "post": 16500,
           "pre": 16500
          },
          "num-tuples": 0,
          "runtime": { "start": 17230365601, "end": 17230365602},
          "source-locator": "/root/compiler/measurements/m3-5-headline-m4/family/reachability_complement/n2000/emit_guarded/transformed.dl [33:1-33:64]"
         }
        }
       },
       "runtime": { "start": 17230365589, "end": 17230365611}
      },
      "50": {
       "copytime": { "start": 17230372904, "end": 17230372905},
       "maxRSS": {
        "post": 16500,
        "pre": 16500
       },
       "num-tuples": 0,
       "recursive-rule": {
        "sup_reach_bf_r1_2(x,y) :- \n   sup_reach_bf_r1_1(x,z),\n   edge(z,y).": {
         "0": {
          "maxRSS": {
           "post": 16500,
           "pre": 16500
          },
          "num-tuples": 0,
          "runtime": { "start": 17230372789, "end": 17230372790},
          "source-locator": "/root/compiler/measurements/m3-5-headline-m4/family/reachability_complement/n2000/emit_guarded/transformed.dl [33:1-33:64]"
         }
        }
       },
       "runtime": { "start": 17230372778, "end": 17230372800}
      },
      "51": {
       "copytime": { "start": 17230373035, "end": 17230373035},
       "maxRSS": {
        "post": 16500,
        "pre": 16500
       },
       "num-tuples": 0,
       "recursive-rule": {
        "sup_reach_bf_r1_2(x,y) :- \n   sup_reach_bf_r1_1(x,z),\n   edge(z,y).": {
         "0": {
          "maxRSS": {
           "post": 16500,
           "pre": 16500
          },
          "num-tuples": 0,
          "runtime": { "start": 17230372970, "end": 17230372971},
          "source-locator": "/root/compiler/measurements/m3-5-headline-m4/family/reachability_complement/n2000/emit_guarded/transformed.dl [33:1-33:64]"
         }
        }
       },
       "runtime": { "start": 17230372961, "end": 17230372980}
      },
      "52": {
       "copytime": { "start": 17230373135, "end": 17230373137},
       "maxRSS": {
        "post": 16500,
        "pre": 16500
       },
       "num-tuples": 2,
       "recursive-rule": {
        "sup_reach_bf_r1_2(x,y) :- \n   sup_reach_bf_r1_1(x,z),\n   edge(z,y).": {
         "0": {
          "maxRSS": {
           "post": 16500,
           "pre": 16500
          },
          "num-tuples": 2,
          "runtime": { "start": 17230373079, "end": 17230373086},
          "source-locator": "/root/compiler/measurements/m3-5-headline-m4/family/reachability_complement/n2000/emit_guarded/transformed.dl [33:1-33:64]"
         }
        }
       },
       "runtime": { "start": 17230373069, "end": 17230373095}
      },
      "53": {
       "copytime": { "start": 17230373286, "end": 17230373289},
       "maxRSS": {
        "post": 16500,
        "pre": 16500
       },
       "num-tuples": 0,
       "recursive-rule": {
        "sup_reach_bf_r1_2(x,y) :- \n   sup_reach_bf_r1_1(x,z),\n   edge(z,y).": {
         "0": {
          "maxRSS": {
           "post": 16500,
           "pre": 16500
          },
          "num-tuples": 0,
          "runtime": { "start": 17230373221, "end": 17230373221},
          "source-locator": "/root/compiler/measurements/m3-5-headline-m4/family/reachability_complement/n2000/emit_guarded/transformed.dl [33:1-33:64]"
         }
        }
       },
       "runtime": { "start": 17230373211, "end": 17230373232}
      },
      "54": {
       "copytime": { "start": 17230373390, "end": 17230373390},
       "maxRSS": {
        "post": 16500,
        "pre": 16500
       },
       "num-tuples": 0,
       "recursive-rule": {
        "sup_reach_bf_r1_2(x,y) :- \n   sup_reach_bf_r1_1(x,z),\n   edge(z,y).": {
         "0": {
          "maxRSS": {
           "post": 16500,
           "pre": 16500
          },
          "num-tuples": 0,
          "runtime": { "start": 17230373335, "end": 17230373335},
          "source-locator": "/root/compiler/measurements/m3-5-headline-m4/family/reachability_complement/n2000/emit_guarded/transformed.dl [33:1-33:64]"
         }
        }
       },
       "runtime": { "start": 17230373334, "end": 17230373342}
      },
      "55": {
       "maxRSS": {
        "post": 16500,
        "pre": 16500
       },
       "num-tuples": 0,
       "recursive-rule": {
        "sup_reach_bf_r1_2(x,y) :- \n   sup_reach_bf_r1_1(x,z),\n   edge(z,y).": {
         "0": {
          "maxRSS": {
           "post": 16500,
           "pre": 16500
          },
          "num-tuples": 0,
          "runtime": { "start": 17230373443, "end": 17230373448},
          "source-locator": "/root/compiler/measurements/m3-5-headline-m4/family/reachability_complement/n2000/emit_guarded/transformed.dl [33:1-33:64]"
         }
        }
       },
       "runtime": { "start": 17230373434, "end": 17230373457}
      },
      "6": {
       "copytime": { "start": 17230365798, "end": 17230365799},
       "maxRSS": {
        "post": 16500,
        "pre": 16500
       },
       "num-tuples": 0,
       "recursive-rule": {
        "sup_reach_bf_r1_2(x,y) :- \n   sup_reach_bf_r1_1(x,z),\n   edge(z,y).": {
         "0": {
          "maxRSS": {
           "post": 16500,
           "pre": 16500
          },
          "num-tuples": 0,
          "runtime": { "start": 17230365727, "end": 17230365728},
          "source-locator": "/root/compiler/measurements/m3-5-headline-m4/family/reachability_complement/n2000/emit_guarded/transformed.dl [33:1-33:64]"
         }
        }
       },
       "runtime": { "start": 17230365718, "end": 17230365738}
      },
      "7": {
       "copytime": { "start": 17230365919, "end": 17230365920},
       "maxRSS": {
        "post": 16500,
        "pre": 16500
       },
       "num-tuples": 6,
       "recursive-rule": {
        "sup_reach_bf_r1_2(x,y) :- \n   sup_reach_bf_r1_1(x,z),\n   edge(z,y).": {
         "0": {
          "maxRSS": {
           "post": 16500,
           "pre": 16500
          },
          "num-tuples": 6,
          "runtime": { "start": 17230365857, "end": 17230365861},
          "source-locator": "/root/compiler/measurements/m3-5-headline-m4/family/reachability_complement/n2000/emit_guarded/transformed.dl [33:1-33:64]"
         }
        }
       },
       "runtime": { "start": 17230365848, "end": 17230365872}
      },
      "8": {
       "copytime": { "start": 17230366028, "end": 17230366037},
       "maxRSS": {
        "post": 16500,
        "pre": 16500
       },
       "num-tuples": 0,
       "recursive-rule": {
        "sup_reach_bf_r1_2(x,y) :- \n   sup_reach_bf_r1_1(x,z),\n   edge(z,y).": {
         "0": {
          "maxRSS": {
           "post": 16500,
           "pre": 16500
          },
          "num-tuples": 0,
          "runtime": { "start": 17230365980, "end": 17230365981},
          "source-locator": "/root/compiler/measurements/m3-5-headline-m4/family/reachability_complement/n2000/emit_guarded/transformed.dl [33:1-33:64]"
         }
        }
       },
       "runtime": { "start": 17230365971, "end": 17230365989}
      },
      "9": {
       "copytime": { "start": 17230366170, "end": 17230366172},
       "maxRSS": {
        "post": 16500,
        "pre": 16500
       },
       "num-tuples": 0,
       "recursive-rule": {
        "sup_reach_bf_r1_2(x,y) :- \n   sup_reach_bf_r1_1(x,z),\n   edge(z,y).": {
         "0": {
          "maxRSS": {
           "post": 16500,
           "pre": 16500
          },
          "num-tuples": 0,
          "runtime": { "start": 17230366089, "end": 17230366090},
          "source-locator": "/root/compiler/measurements/m3-5-headline-m4/family/reachability_complement/n2000/emit_guarded/transformed.dl [33:1-33:64]"
         }
        }
       },
       "runtime": { "start": 17230366080, "end": 17230366099}
      }
     },
     "num-tuples": 0,
     "reads": 3057,
     "source-locator": "/root/compiler/measurements/m3-5-headline-m4/family/reachability_complement/n2000/emit_guarded/transformed.dl [20:7-20:24]"
    },
    "sup_unreach_bf_r0_1": {
     "maxRSS": {
      "post": 16500,
      "pre": 16500
     },
     "non-recursive-rule": {
      "sup_unreach_bf_r0_1(x) :- \n   magic_unreach_bf(x),\n   node(x).": {
       "atom-frequency": {
        "sup_unreach_bf_r0_1(x) :- \n   magic_unreach_bf(x),\n   node(x).": {
         "magic_unreach_bf": {
          "level": 0,
          "num-tuples": 0
         }
        }
       },
       "maxRSS": {
        "post": 16500,
        "pre": 16500
       },
       "num-tuples": 1,
       "runtime": { "start": 17230364737, "end": 17230364746},
       "source-locator": "/root/compiler/measurements/m3-5-headline-m4/family/reachability_complement/n2000/emit_guarded/transformed.dl [23:1-23:59]"
      }
     },
     "num-tuples": 1,
     "reads": 0,
     "runtime": { "start": 17230364727, "end": 17230364756},
     "source-locator": "/root/compiler/measurements/m3-5-headline-m4/family/reachability_complement/n2000/emit_guarded/transformed.dl [10:7-10:26]"
    },
    "sup_unreach_bf_r0_2": {
     "maxRSS": {
      "post": 16500,
      "pre": 16500
     },
     "non-recursive-rule": {
      "sup_unreach_bf_r0_2(x,y) :- \n   sup_unreach_bf_r0_1(x),\n   node(y).": {
       "atom-frequency": {
        "sup_unreach_bf_r0_2(x,y) :- \n   sup_unreach_bf_r0_1(x),\n   node(y).": {
         "node": {
          "level": 1,
          "num-tuples": 0
         },
         "sup_unreach_bf_r0_1": {
          "level": 0,
          "num-tuples": 0
         }
        }
       },
       "maxRSS": {
        "post": 16500,
        "pre": 16500
       },
       "num-tuples": 2000,
       "runtime": { "start": 17230364770, "end": 17230364847},
       "source-locator": "/root/compiler/measurements/m3-5-headline-m4/family/reachability_complement/n2000/emit_guarded/transformed.dl [24:1-24:62]"
      }
     },
     "num-tuples": 2000,
     "reads": 0,
     "runtime": { "start": 17230364761, "end": 17230364856},
     "source-locator": "/root/compiler/measurements/m3-5-headline-m4/family/reachability_complement/n2000/emit_guarded/transformed.dl [11:7-11:26]"
    },
    "sup_unreach_bf_r0_3": {
     "maxRSS": {
      "post": 16500,
      "pre": 16500
     },
     "non-recursive-rule": {
      "sup_unreach_bf_r0_3(x,y) :- \n   sup_unreach_bf_r0_2(x,y),\n   !reach_bf(x,y).": {
       "atom-frequency": {
        "sup_unreach_bf_r0_3(x,y) :- \n   sup_unreach_bf_r0_2(x,y),\n   !reach_bf(x,y).": {
         "sup_unreach_bf_r0_2": {
          "level": 0,
          "num-tuples": 0
         }
        }
       },
       "maxRSS": {
        "post": 16500,
        "pre": 16500
       },
       "num-tuples": 461,
       "runtime": { "start": 17230373534, "end": 17230373661},
       "source-locator": "/root/compiler/measurements/m3-5-headline-m4/family/reachability_complement/n2000/emit_guarded/transformed.dl [25:1-25:73]"
      }
     },
     "num-tuples": 461,
     "reads": 0,
     "runtime": { "start": 17230373525, "end": 17230373672},
     "source-locator": "/root/compiler/measurements/m3-5-headline-m4/family/reachability_complement/n2000/emit_guarded/transformed.dl [12:7-12:26]"
    }
   },
   "runtime": { "start": 17230363446, "end": 17230373848},
   "starttime": { "time": 17230363403},
   "usage": {
    "timepoint": {
     "17230363415": {
      "maxRSS": 16500,
      "systemtime": 0,
      "usertime": 2512
     },
     "17230363471": {
      "maxRSS": 16500,
      "systemtime": 0,
      "usertime": 5677
     },
     "17230364515": {
      "maxRSS": 16500,
      "systemtime": 0,
      "usertime": 6738
     },
     "17230364525": {
      "maxRSS": 16500,
      "systemtime": 0,
      "usertime": 6763
     },
     "17230364747": {
      "maxRSS": 16500,
      "systemtime": 0,
      "usertime": 6996
     },
     "17230364776": {
      "maxRSS": 16500,
      "systemtime": 0,
      "usertime": 7031
     },
     "17230364877": {
      "maxRSS": 16500,
      "systemtime": 0,
      "usertime": 7139
     },
     "17230364948": {
      "maxRSS": 16500,
      "systemtime": 0,
      "usertime": 7226
     },
     "17230364975": {
      "maxRSS": 16500,
      "systemtime": 0,
      "usertime": 7271
     },
     "17230365026": {
      "maxRSS": 16500,
      "systemtime": 0,
      "usertime": 7336
     },
     "17230365054": {
      "maxRSS": 16500,
      "systemtime": 0,
      "usertime": 7372
     },
     "17230365083": {
      "maxRSS": 16500,
      "systemtime": 0,
      "usertime": 7410
     },
     "17230365133": {
      "maxRSS": 16500,
      "systemtime": 0,
      "usertime": 7475
     },
     "17230365149": {
      "maxRSS": 16500,
      "systemtime": 0,
      "usertime": 7501
     },
     "17230365183": {
      "maxRSS": 16500,
      "systemtime": 0,
      "usertime": 7553
     },
     "17230365204": {
      "maxRSS": 16500,
      "systemtime": 0,
      "usertime": 7583
     },
     "17230365227": {
      "maxRSS": 16500,
      "systemtime": 0,
      "usertime": 7615
     },
     "17230365238": {
      "maxRSS": 16500,
      "systemtime": 0,
      "usertime": 7634
     },
     "17230365272": {
      "maxRSS": 16500,
      "systemtime": 0,
      "usertime": 7677
     },
     "17230365309": {
      "maxRSS": 16500,
      "systemtime": 0,
      "usertime": 7730
     },
     "17230365320": {
      "maxRSS": 16500,
      "systemtime": 0,
      "usertime": 7751
     },
     "17230365343": {
      "maxRSS": 16500,
      "systemtime": 0,
      "usertime": 7777
     },
     "17230365367": {
      "maxRSS": 16500,
      "systemtime": 0,
      "usertime": 7809
     },
     "17230365395": {
      "maxRSS": 16500,
      "systemtime": 0,
      "usertime": 7846
     },
     "17230365421": {
      "maxRSS": 16500,
      "systemtime": 0,
      "usertime": 7887
     },
     "17230365445": {
      "maxRSS": 16500,
      "systemtime": 0,
      "usertime": 7912
     },
     "17230365453": {
      "maxRSS": 16500,
      "systemtime": 0,
      "usertime": 7934
     },
     "17230365476": {
      "maxRSS": 16500,
      "systemtime": 0,
      "usertime": 7961
     },
     "17230365516": {
      "maxRSS": 16500,
      "systemtime": 0,
      "usertime": 8013
     },
     "17230365535": {
      "maxRSS": 16500,
      "systemtime": 0,
      "usertime": 8043
     },
     "17230365574": {
      "maxRSS": 16500,
      "systemtime": 0,
      "usertime": 8089
     },
     "17230365608": {
      "maxRSS": 16500,
      "systemtime": 0,
      "usertime": 8131
     },
     "17230365618": {
      "maxRSS": 16500,
      "systemtime": 0,
      "usertime": 8158
     },
     "17230365644": {
      "maxRSS": 16500,
      "systemtime": 0,
      "usertime": 8193
     },
     "17230365665": {
      "maxRSS": 16500,
      "systemtime": 0,
      "usertime": 8219
     },
     "17230365685": {
      "maxRSS": 16500,
      "systemtime": 0,
      "usertime": 8246
     },
     "17230365707": {
      "maxRSS": 16500,
      "systemtime": 0,
      "usertime": 8275
     },
     "17230365732": {
      "maxRSS": 16500,
      "systemtime": 0,
      "usertime": 8306
     },
     "17230365756": {
      "maxRSS": 16500,
      "systemtime": 0,
      "usertime": 8339
     },
     "17230365776": {
      "maxRSS": 16500,
      "systemtime": 0,
      "usertime": 8366
     },
     "17230365797": {
      "maxRSS": 16500,
      "systemtime": 0,
      "usertime": 8393
     },
     "17230365816": {
      "maxRSS": 16500,
      "systemtime": 0,
      "usertime": 8419
     },
     "17230365839": {
      "maxRSS": 16500,
      "systemtime": 0,
      "usertime": 8449
     },
     "17230365862": {
      "maxRSS": 16500,
      "systemtime": 0,
      "usertime": 8482
     },
     "17230365890": {
      "maxRSS": 16500,
      "systemtime": 0,
      "usertime": 8512
     },
     "17230365898": {
      "maxRSS": 16500,
      "systemtime": 0,
      "usertime": 8531
     },
     "17230365918": {
      "maxRSS": 16500,
      "systemtime": 0,
      "usertime": 8554
     },
     "17230365937": {
      "maxRSS": 16500,
      "systemtime": 0,
      "usertime": 8581
     },
     "17230365961": {
      "maxRSS": 16500,
      "systemtime": 0,
      "usertime": 8610
     },
     "17230365985": {
      "maxRSS": 16500,
      "systemtime": 0,
      "usertime": 8641
     },
     "17230366007": {
      "maxRSS": 16500,
      "systemtime": 0,
      "usertime": 8669
     },
     "17230366022": {
      "maxRSS": 16500,
      "systemtime": 0,
      "usertime": 8700
     },
     "17230366041": {
      "maxRSS": 16500,
      "systemtime": 0,
      "usertime": 8721
     },
     "17230366069": {
      "maxRSS": 16500,
      "systemtime": 0,
      "usertime": 8757
     },
     "17230366094": {
      "maxRSS": 16500,
      "systemtime": 0,
      "usertime": 8788
     },
     "17230366118": {
      "maxRSS": 16500,
      "systemtime": 0,
      "usertime": 8818
     },
     "17230366146": {
      "maxRSS": 16500,
      "systemtime": 0,
      "usertime": 8853
     },
     "17230366167": {
      "maxRSS": 16500,
      "systemtime": 0,
      "usertime": 8885
     },
     "17230366172": {
      "maxRSS": 16500,
      "systemtime": 0,
      "usertime": 8897
     },
     "17230366177": {
      "maxRSS": 16500,
      "systemtime": 0,
      "usertime": 8906
     },
     "17230366202": {
      "maxRSS": 16500,
      "systemtime": 0,
      "usertime": 8932
     },
     "17230366226": {
      "maxRSS": 16500,
      "systemtime": 0,
      "usertime": 8963
     },
     "17230366256": {
      "maxRSS": 16500,
      "systemtime": 0,
      "usertime": 8999
     },
     "17230366276": {
      "maxRSS": 16500,
      "systemtime": 0,
      "usertime": 9027
     },
     "17230366296": {
      "maxRSS": 16500,
      "systemtime": 0,
      "usertime": 9054
     },
     "17230366320": {
      "maxRSS": 16500,
      "systemtime": 0,
      "usertime": 9086
     },
     "17230366344": {
      "maxRSS": 16500,
      "systemtime": 0,
      "usertime": 9119
     },
     "17230366367": {
      "maxRSS": 16500,
      "systemtime": 0,
      "usertime": 9152
     },
     "17230366393": {
      "maxRSS": 16500,
      "systemtime": 0,
      "usertime": 9184
     },
     "17230366414": {
      "maxRSS": 16500,
      "systemtime": 0,
      "usertime": 9212
     },
     "17230366439": {
      "maxRSS": 16500,
      "systemtime": 0,
      "usertime": 9246
     },
     "17230366458": {
      "maxRSS": 16500,
      "systemtime": 0,
      "usertime": 9272
     },
     "17230366479": {
      "maxRSS": 16500,
      "systemtime": 0,
      "usertime": 9303
     },
     "17230366505": {
      "maxRSS": 16500,
      "systemtime": 0,
      "usertime": 9333
     },
     "17230366529": {
      "maxRSS": 16500,
      "systemtime": 0,
      "usertime": 9363
     },
     "17230366548": {
      "maxRSS": 16500,
      "systemtime": 0,
      "usertime": 9389
     },
     "17230366569": {
      "maxRSS": 16500,
      "systemtime": 0,
      "usertime": 9418
     },
     "17230366589": {
      "maxRSS": 16500,
      "systemtime": 0,
      "usertime": 9444
     },
     "17230366611": {
      "maxRSS": 16500,
      "systemtime": 0,
      "usertime": 9474
     },
     "17230366638": {
      "maxRSS": 16500,
      "systemtime": 0,
      "usertime": 9507
     },
     "17230366671": {
      "maxRSS": 16500,
      "systemtime": 0,
      "usertime": 9546
     },
     "17230366690": {
      "maxRSS": 16500,
      "systemtime": 0,
      "usertime": 9572
     },
     "17230366710": {
      "maxRSS": 16500,
      "systemtime": 0,
      "usertime": 9599
     },
     "17230366730": {
      "maxRSS": 16500,
      "systemtime": 0,
      "usertime": 9630
     },
     "17230366755": {
      "maxRSS": 16500,
      "systemtime": 0,
      "usertime": 9658
     },
     "17230366779": {
      "maxRSS": 16500,
      "systemtime": 0,
      "usertime": 9689
     },
     "17230366802": {
      "maxRSS": 16500,
      "systemtime": 0,
      "usertime": 9718
     },
     "17230366821": {
      "maxRSS": 16500,
      "systemtime": 0,
      "usertime": 9744
     },
     "17230366842": {
      "maxRSS": 16500,
      "systemtime": 0,
      "usertime": 9772
     },
     "17230366860": {
      "maxRSS": 16500,
      "systemtime": 0,
      "usertime": 9798
     },
     "17230366881": {
      "maxRSS": 16500,
      "systemtime": 0,
      "usertime": 9828
     },
     "17230366907": {
      "maxRSS": 16500,
      "systemtime": 0,
      "usertime": 9857
     },
     "17230366931": {
      "maxRSS": 16500,
      "systemtime": 0,
      "usertime": 9887
     },
     "17230366950": {
      "maxRSS": 16500,
      "systemtime": 0,
      "usertime": 9913
     },
     "17230366969": {
      "maxRSS": 16500,
      "systemtime": 0,
      "usertime": 9939
     },
     "17230366992": {
      "maxRSS": 16500,
      "systemtime": 0,
      "usertime": 9967
     },
     "17230367016": {
      "maxRSS": 16500,
      "systemtime": 0,
      "usertime": 9996
     },
     "17230367039": {
      "maxRSS": 16500,
      "systemtime": 0,
      "usertime": 10026
     },
     "17230367076": {
      "maxRSS": 16500,
      "systemtime": 0,
      "usertime": 10071
     },
     "17230367100": {
      "maxRSS": 16500,
      "systemtime": 0,
      "usertime": 10100
     },
     "17230367120": {
      "maxRSS": 16500,
      "systemtime": 0,
      "usertime": 10126
     },
     "17230367144": {
      "maxRSS": 16500,
      "systemtime": 0,
      "usertime": 10157
     },
     "17230367178": {
      "maxRSS": 16500,
      "systemtime": 0,
      "usertime": 10196
     },
     "17230367201": {
      "maxRSS": 16500,
      "systemtime": 0,
      "usertime": 10225
     },
     "17230367225": {
      "maxRSS": 16500,
      "systemtime": 0,
      "usertime": 10255
     },
     "17230367247": {
      "maxRSS": 16500,
      "systemtime": 0,
      "usertime": 10284
     },
     "17230367271": {
      "maxRSS": 16500,
      "systemtime": 0,
      "usertime": 10314
     },
     "17230367290": {
      "maxRSS": 16500,
      "systemtime": 0,
      "usertime": 10341
     },
     "17230367314": {
      "maxRSS": 16500,
      "systemtime": 0,
      "usertime": 10369
     },
     "17230367348": {
      "maxRSS": 16500,
      "systemtime": 0,
      "usertime": 10409
     },
     "17230367371": {
      "maxRSS": 16500,
      "systemtime": 0,
      "usertime": 10437
     },
     "17230367391": {
      "maxRSS": 16500,
      "systemtime": 0,
      "usertime": 10462
     },
     "17230367411": {
      "maxRSS": 16500,
      "systemtime": 0,
      "usertime": 10490
     },
     "17230367432": {
      "maxRSS": 16500,
      "systemtime": 0,
      "usertime": 10516
     },
     "17230367453": {
      "maxRSS": 16500,
      "systemtime": 0,
      "usertime": 10542
     },
     "17230367477": {
      "maxRSS": 16500,
      "systemtime": 0,
      "usertime": 10571
     },
     "17230367526": {
      "maxRSS": 16500,
      "systemtime": 0,
      "usertime": 10624
     },
     "17230367545": {
      "maxRSS": 16500,
      "systemtime": 0,
      "usertime": 10649
     },
     "17230367565": {
      "maxRSS": 16500,
      "systemtime": 0,
      "usertime": 10675
     },
     "17230367592": {
      "maxRSS": 16500,
      "systemtime": 0,
      "usertime": 10707
     },
     "17230367625": {
      "maxRSS": 16500,
      "systemtime": 0,
      "usertime": 10747
     },
     "17230367653": {
      "maxRSS": 16500,
      "systemtime": 0,
      "usertime": 10777
     },
     "17230367674": {
      "maxRSS": 16500,
      "systemtime": 0,
      "usertime": 10807
     },
     "17230367694": {
      "maxRSS": 16500,
      "systemtime": 0,
      "usertime": 10831
     },
     "17230367721": {
      "maxRSS": 16500,
      "systemtime": 0,
      "usertime": 10864
     },
     "17230367742": {
      "maxRSS": 16500,
      "systemtime": 0,
      "usertime": 10890
     },
     "17230367765": {
      "maxRSS": 16500,
      "systemtime": 0,
      "usertime": 10922
     },
     "17230367795": {
      "maxRSS": 16500,
      "systemtime": 0,
      "usertime": 10960
     },
     "17230367819": {
      "maxRSS": 16500,
      "systemtime": 0,
      "usertime": 10989
     },
     "17230367838": {
      "maxRSS": 16500,
      "systemtime": 0,
      "usertime": 11014
     },
     "17230367858": {
      "maxRSS": 16500,
      "systemtime": 0,
      "usertime": 11031
     },
     "17230367878": {
      "maxRSS": 16500,
      "systemtime": 0,
      "usertime": 11066
     },
     "17230367906": {
      "maxRSS": 16500,
      "systemtime": 0,
      "usertime": 11101
     },
     "17230367931": {
      "maxRSS": 16500,
      "systemtime": 0,
      "usertime": 11130
     },
     "17230367996": {
      "maxRSS": 16500,
      "systemtime": 0,
      "usertime": 11200
     },
     "17230368050": {
      "maxRSS": 16500,
      "systemtime": 74,
      "usertime": 11207
     },
     "17230368071": {
      "maxRSS": 16500,
      "systemtime": 102,
      "usertime": 11207
     },
     "17230368103": {
      "maxRSS": 16500,
      "systemtime": 141,
      "usertime": 11207
     },
     "17230368141": {
      "maxRSS": 16500,
      "systemtime": 188,
      "usertime": 11207
     },
     "17230368165": {
      "maxRSS": 16500,
      "systemtime": 219,
      "usertime": 11207
     },
     "17230368189": {
      "maxRSS": 16500,
      "systemtime": 248,
      "usertime": 11207
     },
     "17230368208": {
      "maxRSS": 16500,
      "systemtime": 274,
      "usertime": 11207
     },
     "17230368241": {
      "maxRSS": 16500,
      "systemtime": 314,
      "usertime": 11207
     },
     "17230368260": {
      "maxRSS": 16500,
      "systemtime": 340,
      "usertime": 11207
     },
     "17230368281": {
      "maxRSS": 16500,
      "systemtime": 367,
      "usertime": 11207
     },
     "17230368319": {
      "maxRSS": 16500,
      "systemtime": 414,
      "usertime": 11207
     },
     "17230368343": {
      "maxRSS": 16500,
      "systemtime": 444,
      "usertime": 11207
     },
     "17230368363": {
      "maxRSS": 16500,
      "systemtime": 470,
      "usertime": 11207
     },
     "17230368383": {
      "maxRSS": 16500,
      "systemtime": 488,
      "usertime": 11207
     },
     "17230368407": {
      "maxRSS": 16500,
      "systemtime": 528,
      "usertime": 11207
     },
     "17230368435": {
      "maxRSS": 16500,
      "systemtime": 563,
      "usertime": 11207
     },
     "17230368458": {
      "maxRSS": 16500,
      "systemtime": 594,
      "usertime": 11207
     },
     "17230368563": {
      "maxRSS": 16500,
      "systemtime": 705,
      "usertime": 11207
     },
     "17230368583": {
      "maxRSS": 16500,
      "systemtime": 733,
      "usertime": 11207
     },
     "17230368604": {
      "maxRSS": 16500,
      "systemtime": 760,
      "usertime": 11207
     },
     "17230368642": {
      "maxRSS": 16500,
      "systemtime": 806,
      "usertime": 11207
     },
     "17230368694": {
      "maxRSS": 16500,
      "systemtime": 864,
      "usertime": 11207
     },
     "17230368719": {
      "maxRSS": 16500,
      "systemtime": 897,
      "usertime": 11207
     },
     "17230368742": {
      "maxRSS": 16500,
      "systemtime": 927,
      "usertime": 11207
     },
     "17230368762": {
      "maxRSS": 16500,
      "systemtime": 955,
      "usertime": 11207
     },
     "17230368804": {
      "maxRSS": 16500,
      "systemtime": 1002,
      "usertime": 11207
     },
     "17230368823": {
      "maxRSS": 16500,
      "systemtime": 1029,
      "usertime": 11207
     },
     "17230368848": {
      "maxRSS": 16500,
      "systemtime": 1062,
      "usertime": 11207
     },
     "17230368900": {
      "maxRSS": 16500,
      "systemtime": 1123,
      "usertime": 11207
     },
     "17230368925": {
      "maxRSS": 16500,
      "systemtime": 1154,
      "usertime": 11207
     },
     "17230368944": {
      "maxRSS": 16500,
      "systemtime": 1180,
      "usertime": 11207
     },
     "17230368965": {
      "maxRSS": 16500,
      "systemtime": 1199,
      "usertime": 11207
     },
     "17230368997": {
      "maxRSS": 16500,
      "systemtime": 1246,
      "usertime": 11207
     },
     "17230369024": {
      "maxRSS": 16500,
      "systemtime": 1281,
      "usertime": 11207
     },
     "17230369048": {
      "maxRSS": 16500,
      "systemtime": 1311,
      "usertime": 11207
     },
     "17230369197": {
      "maxRSS": 16500,
      "systemtime": 1467,
      "usertime": 11207
     },
     "17230369216": {
      "maxRSS": 16500,
      "systemtime": 1493,
      "usertime": 11207
     },
     "17230369236": {
      "maxRSS": 16500,
      "systemtime": 1520,
      "usertime": 11207
     },
     "17230369281": {
      "maxRSS": 16500,
      "systemtime": 1573,
      "usertime": 11207
     },
     "17230369340": {
      "maxRSS": 16500,
      "systemtime": 1638,
      "usertime": 11207
     },
     "17230369365": {
      "maxRSS": 16500,
      "systemtime": 1670,
      "usertime": 11207
     },
     "17230369389": {
      "maxRSS": 16500,
      "systemtime": 1702,
      "usertime": 11207
     },
     "17230369409": {
      "maxRSS": 16500,
      "systemtime": 1728,
      "usertime": 11207
     },
     "17230369456": {
      "maxRSS": 16500,
      "systemtime": 1782,
      "usertime": 11207
     },
     "17230369476": {
      "maxRSS": 16500,
      "systemtime": 1809,
      "usertime": 11207
     },
     "17230369498": {
      "maxRSS": 16500,
      "systemtime": 1837,
      "usertime": 11207
     },
     "17230369554": {
      "maxRSS": 16500,
      "systemtime": 1901,
      "usertime": 11207
     },
     "17230369578": {
      "maxRSS": 16500,
      "systemtime": 1933,
      "usertime": 11207
     },
     "17230369598": {
      "maxRSS": 16500,
      "systemtime": 1958,
      "usertime": 11207
     },
     "17230369618": {
      "maxRSS": 16500,
      "systemtime": 1977,
      "usertime": 11207
     },
     "17230369656": {
      "maxRSS": 16500,
      "systemtime": 2030,
      "usertime": 11207
     },
     "17230369684": {
      "maxRSS": 16500,
      "systemtime": 2065,
      "usertime": 11207
     },
     "17230369707": {
      "maxRSS": 16500,
      "systemtime": 2095,
      "usertime": 11207
     },
     "17230369868": {
      "maxRSS": 16500,
      "systemtime": 2269,
      "usertime": 11207
     },
     "17230369892": {
      "maxRSS": 16500,
      "systemtime": 2303,
      "usertime": 11207
     },
     "17230369938": {
      "maxRSS": 16500,
      "systemtime": 2354,
      "usertime": 11207
     },
     "17230369994": {
      "maxRSS": 16500,
      "systemtime": 2417,
      "usertime": 11207
     },
     "17230370019": {
      "maxRSS": 16500,
      "systemtime": 2448,
      "usertime": 11207
     },
     "17230370043": {
      "maxRSS": 16500,
      "systemtime": 2478,
      "usertime": 11207
     },
     "17230370063": {
      "maxRSS": 16500,
      "systemtime": 2505,
      "usertime": 11207
     },
     "17230370109": {
      "maxRSS": 16500,
      "systemtime": 2560,
      "usertime": 11207
     },
     "17230370129": {
      "maxRSS": 16500,
      "systemtime": 2587,
      "usertime": 11207
     },
     "17230370152": {
      "maxRSS": 16500,
      "systemtime": 2616,
      "usertime": 11207
     },
     "17230370208": {
      "maxRSS": 16500,
      "systemtime": 2680,
      "usertime": 11207
     },
     "17230370234": {
      "maxRSS": 16500,
      "systemtime": 2712,
      "usertime": 11207
     },
     "17230370253": {
      "maxRSS": 16500,
      "systemtime": 2738,
      "usertime": 11207
     },
     "17230370302": {
      "maxRSS": 16500,
      "systemtime": 2811,
      "usertime": 11207
     },
     "17230370332": {
      "maxRSS": 16500,
      "systemtime": 2844,
      "usertime": 11207
     },
     "17230370354": {
      "maxRSS": 16500,
      "systemtime": 2876,
      "usertime": 11207
     },
     "17230370490": {
      "maxRSS": 16500,
      "systemtime": 3018,
      "usertime": 11207
     },
     "17230370511": {
      "maxRSS": 16500,
      "systemtime": 3046,
      "usertime": 11207
     },
     "17230370531": {
      "maxRSS": 16500,
      "systemtime": 3074,
      "usertime": 11207
     },
     "17230370568": {
      "maxRSS": 16500,
      "systemtime": 3121,
      "usertime": 11207
     },
     "17230370615": {
      "maxRSS": 16500,
      "systemtime": 3176,
      "usertime": 11207
     },
     "17230370639": {
      "maxRSS": 16500,
      "systemtime": 3207,
      "usertime": 11207
     },
     "17230370662": {
      "maxRSS": 16500,
      "systemtime": 3237,
      "usertime": 11207
     },
     "17230370683": {
      "maxRSS": 16500,
      "systemtime": 3264,
      "usertime": 11207
     },
     "17230370722": {
      "maxRSS": 16500,
      "systemtime": 3310,
      "usertime": 11207
     },
     "17230370754": {
      "maxRSS": 16500,
      "systemtime": 3353,
      "usertime": 11207
     },
     "17230370798": {
      "maxRSS": 16500,
      "systemtime": 3405,
      "usertime": 11207
     },
     "17230370823": {
      "maxRSS": 16500,
      "systemtime": 3436,
      "usertime": 11207
     },
     "17230370843": {
      "maxRSS": 16500,
      "systemtime": 3462,
      "usertime": 11207
     },
     "17230370864": {
      "maxRSS": 16500,
      "systemtime": 3481,
      "usertime": 11207
     },
     "17230370894": {
      "maxRSS": 16500,
      "systemtime": 3527,
      "usertime": 11207
     },
     "17230370921": {
      "maxRSS": 16500,
      "systemtime": 3562,
      "usertime": 11207
     },
     "17230370945": {
      "maxRSS": 16500,
      "systemtime": 3595,
      "usertime": 11207
     },
     "17230371042": {
      "maxRSS": 16500,
      "systemtime": 3698,
      "usertime": 11207
     },
     "17230371062": {
      "maxRSS": 16500,
      "systemtime": 3725,
      "usertime": 11207
     },
     "17230371083": {
      "maxRSS": 16500,
      "systemtime": 3739,
      "usertime": 11219
     },
     "17230371121": {
      "maxRSS": 16500,
      "systemtime": 3750,
      "usertime": 11252
     },
     "17230371156": {
      "maxRSS": 16500,
      "systemtime": 3761,
      "usertime": 11283
     },
     "17230371181": {
      "maxRSS": 16500,
      "systemtime": 3769,
      "usertime": 11308
     },
     "17230371206": {
      "maxRSS": 16500,
      "systemtime": 3776,
      "usertime": 11330
     },
     "17230371226": {
      "maxRSS": 16500,
      "systemtime": 3782,
      "usertime": 11348
     },
     "17230371255": {
      "maxRSS": 16500,
      "systemtime": 3791,
      "usertime": 11375
     },
     "17230371275": {
      "maxRSS": 16500,
      "systemtime": 3798,
      "usertime": 11394
     },
     "17230371296": {
      "maxRSS": 16500,
      "systemtime": 3804,
      "usertime": 11414
     },
     "17230371332": {
      "maxRSS": 16500,
      "systemtime": 3815,
      "usertime": 11447
     },
     "17230371359": {
      "maxRSS": 16500,
      "systemtime": 3823,
      "usertime": 11471
     },
     "17230371379": {
      "maxRSS": 16500,
      "systemtime": 3830,
      "usertime": 11490
     },
     "17230371398": {
      "maxRSS": 16500,
      "systemtime": 3834,
      "usertime": 11502
     },
     "17230371419": {
      "maxRSS": 16500,
      "systemtime": 3842,
      "usertime": 11528
     },
     "17230371446": {
      "maxRSS": 16500,
      "systemtime": 3851,
      "usertime": 11553
     },
     "17230371470": {
      "maxRSS": 16500,
      "systemtime": 3858,
      "usertime": 11576
     },
     "17230371529": {
      "maxRSS": 16500,
      "systemtime": 3874,
      "usertime": 11624
     },
     "17230371548": {
      "maxRSS": 16500,
      "systemtime": 3881,
      "usertime": 11643
     },
     "17230371569": {
      "maxRSS": 16500,
      "systemtime": 3888,
      "usertime": 11665
     },
     "17230371593": {
      "maxRSS": 16500,
      "systemtime": 3895,
      "usertime": 11687
     },
     "17230371624": {
      "maxRSS": 16500,
      "systemtime": 3905,
      "usertime": 11715
     },
     "17230371646": {
      "maxRSS": 16500,
      "systemtime": 3912,
      "usertime": 11738
     },
     "17230371671": {
      "maxRSS": 16500,
      "systemtime": 3921,
      "usertime": 11764
     },
     "17230371691": {
      "maxRSS": 16500,
      "systemtime": 3927,
      "usertime": 11783
     },
     "17230371715": {
      "maxRSS": 16500,
      "systemtime": 3935,
      "usertime": 11806
     },
     "17230371733": {
      "maxRSS": 16500,
      "systemtime": 3941,
      "usertime": 11824
     },
     "17230371757": {
      "maxRSS": 16500,
      "systemtime": 3948,
      "usertime": 11845
     },
     "17230371787": {
      "maxRSS": 16500,
      "systemtime": 3957,
      "usertime": 11872
     },
     "17230371810": {
      "maxRSS": 16500,
      "systemtime": 3965,
      "usertime": 11895
     },
     "17230371830": {
      "maxRSS": 16500,
      "systemtime": 3971,
      "usertime": 11914
     },
     "17230371850": {
      "maxRSS": 16500,
      "systemtime": 3978,
      "usertime": 11936
     },
     "17230371868": {
      "maxRSS": 16500,
      "systemtime": 3983,
      "usertime": 11951
     },
     "17230371876": {
      "maxRSS": 16500,
      "systemtime": 3987,
      "usertime": 11963
     },
     "17230371898": {
      "maxRSS": 16500,
      "systemtime": 3993,
      "usertime": 11981
     },
     "17230371923": {
      "maxRSS": 16500,
      "systemtime": 4002,
      "usertime": 12006
     },
     "17230371963": {
      "maxRSS": 16500,
      "systemtime": 4013,
      "usertime": 12040
     },
     "17230371983": {
      "maxRSS": 16500,
      "systemtime": 4019,
      "usertime": 12059
     },
     "17230372022": {
      "maxRSS": 16500,
      "systemtime": 4025,
      "usertime": 12104
     },
     "17230372052": {
      "maxRSS": 16500,
      "systemtime": 4025,
      "usertime": 12137
     },
     "17230372074": {
      "maxRSS": 16500,
      "systemtime": 4025,
      "usertime": 12170
     },
     "17230372098": {
      "maxRSS": 16500,
      "systemtime": 4025,
      "usertime": 12203
     },
     "17230372118": {
      "maxRSS": 16500,
      "systemtime": 4025,
      "usertime": 12231
     },
     "17230372141": {
      "maxRSS": 16500,
      "systemtime": 4025,
      "usertime": 12260
     },
     "17230372160": {
      "maxRSS": 16500,
      "systemtime": 4025,
      "usertime": 12287
     },
     "17230372183": {
      "maxRSS": 16500,
      "systemtime": 4025,
      "usertime": 12320
     },
     "17230372210": {
      "maxRSS": 16500,
      "systemtime": 4025,
      "usertime": 12351
     },
     "17230372235": {
      "maxRSS": 16500,
      "systemtime": 4025,
      "usertime": 12384
     },
     "17230372254": {
      "maxRSS": 16500,
      "systemtime": 4025,
      "usertime": 12412
     },
     "17230372274": {
      "maxRSS": 16500,
      "systemtime": 4025,
      "usertime": 12441
     },
     "17230372294": {
      "maxRSS": 16500,
      "systemtime": 4025,
      "usertime": 12467
     },
     "17230372317": {
      "maxRSS": 16500,
      "systemtime": 4025,
      "usertime": 12496
     },
     "17230372344": {
      "maxRSS": 16500,
      "systemtime": 4025,
      "usertime": 12528
     },
     "17230372378": {
      "maxRSS": 16500,
      "systemtime": 4025,
      "usertime": 12578
     },
     "17230372388": {
      "maxRSS": 16500,
      "systemtime": 4025,
      "usertime": 12598
     },
     "17230372391": {
      "maxRSS": 16500,
      "systemtime": 4025,
      "usertime": 12605
     },
     "17230372409": {
      "maxRSS": 16500,
      "systemtime": 4025,
      "usertime": 12624
     },
     "17230372449": {
      "maxRSS": 16500,
      "systemtime": 4025,
      "usertime": 12678
     },
     "17230372479": {
      "maxRSS": 16500,
      "systemtime": 4025,
      "usertime": 12723
     },
     "17230372485": {
      "maxRSS": 16500,
      "systemtime": 4025,
      "usertime": 12734
     },
     "17230372517": {
      "maxRSS": 16500,
      "systemtime": 4025,
      "usertime": 12778
     },
     "17230372524": {
      "maxRSS": 16500,
      "systemtime": 4025,
      "usertime": 12799
     },
     "17230372557": {
      "maxRSS": 16500,
      "systemtime": 4025,
      "usertime": 12839
     },
     "17230372565": {
      "maxRSS": 16500,
      "systemtime": 4025,
      "usertime": 12854
     },
     "17230372584": {
      "maxRSS": 16500,
      "systemtime": 4025,
      "usertime": 12876
     },
     "17230372604": {
      "maxRSS": 16500,
      "systemtime": 4025,
      "usertime": 12903
     },
     "17230372629": {
      "maxRSS": 16500,
      "systemtime": 4025,
      "usertime": 12941
     },
     "17230372652": {
      "maxRSS": 16500,
      "systemtime": 4025,
      "usertime": 12971
     },
     "17230372677": {
      "maxRSS": 16500,
      "systemtime": 4025,
      "usertime": 13003
     },
     "17230372709": {
      "maxRSS": 16500,
      "systemtime": 4025,
      "usertime": 13049
     },
     "17230372733": {
      "maxRSS": 16500,
      "systemtime": 4025,
      "usertime": 13082
     },
     "17230372757": {
      "maxRSS": 16500,
      "systemtime": 4025,
      "usertime": 13111
     },
     "17230372794": {
      "maxRSS": 16500,
      "systemtime": 4025,
      "usertime": 13165
     },
     "17230372820": {
      "maxRSS": 16500,
      "systemtime": 4025,
      "usertime": 13198
     },
     "17230372844": {
      "maxRSS": 16500,
      "systemtime": 4025,
      "usertime": 13227
     },
     "17230372905": {
      "maxRSS": 16500,
      "systemtime": 4025,
      "usertime": 13311
     },
     "17230372912": {
      "maxRSS": 16500,
      "systemtime": 4025,
      "usertime": 13324
     },
     "17230372944": {
      "maxRSS": 16500,
      "systemtime": 4025,
      "usertime": 13362
     },
     "17230372975": {
      "maxRSS": 16500,
      "systemtime": 4025,
      "usertime": 13397
     },
     "17230372987": {
      "maxRSS": 16500,
      "systemtime": 4025,
      "usertime": 13425
     },
     "17230373010": {
      "maxRSS": 16500,
      "systemtime": 4025,
      "usertime": 13457
     },
     "17230373042": {
      "maxRSS": 16500,
      "systemtime": 4025,
      "usertime": 13503
     },
     "17230373060": {
      "maxRSS": 16500,
      "systemtime": 4025,
      "usertime": 13532
     },
     "17230373084": {
      "maxRSS": 16500,
      "systemtime": 4025,
      "usertime": 13560
     },
     "17230373123": {
      "maxRSS": 16500,
      "systemtime": 4025,
      "usertime": 13611
     },
     "17230373145": {
      "maxRSS": 16500,
      "systemtime": 4025,
      "usertime": 13653
     },
     "17230373199": {
      "maxRSS": 16500,
      "systemtime": 4025,
      "usertime": 13710
     },
     "17230373227": {
      "maxRSS": 16500,
      "systemtime": 4025,
      "usertime": 13748
     },
     "17230373253": {
      "maxRSS": 16500,
      "systemtime": 4025,
      "usertime": 13788
     },
     "17230373279": {
      "maxRSS": 16500,
      "systemtime": 4025,
      "usertime": 13822
     },
     "17230373292": {
      "maxRSS": 16500,
      "systemtime": 4025,
      "usertime": 13844
     },
     "17230373329": {
      "maxRSS": 16500,
      "systemtime": 4025,
      "usertime": 13901
     },
     "17230373362": {
      "maxRSS": 16500,
      "systemtime": 4025,
      "usertime": 13945
     },
     "17230373394": {
      "maxRSS": 16500,
      "systemtime": 4025,
      "usertime": 13991
     },
     "17230373424": {
      "maxRSS": 16500,
      "systemtime": 4025,
      "usertime": 14025
     },
     "17230373453": {
      "maxRSS": 16500,
      "systemtime": 4025,
      "usertime": 14061
     },
     "17230373479": {
      "maxRSS": 16500,
      "systemtime": 4025,
      "usertime": 14101
     },
     "17230373540": {
      "maxRSS": 16500,
      "systemtime": 4025,
      "usertime": 14171
     },
     "17230373702": {
      "maxRSS": 16500,
      "systemtime": 4025,
      "usertime": 14342
     },
     "17230373743": {
      "maxRSS": 16500,
      "systemtime": 4025,
      "usertime": 14384
     }
    }
   }
  }
 }
}
