{
 "root": {
  "program": {
   "configuration": {
    "": "/root/compiler/measurements/night03-t2/transitive_closure_bound/n4000/emit/transformed.dl",
    "fact-dir": "/root/compiler/fixtures/benchmark-family/transitive_closure_bound/n4000",
    "include-dir": ".",
    "jobs": "1",
    "libraries": "functors",
    "library-dir": ".",
    "output-dir": "/root/compiler/measurements/night03-t2/transitive_closure_bound/n4000/emitted",
    "profile": "prof.log",
    "relationCount": "3",
    "ruleCount": "5",
    "version": "2.5",
    "warn": "all",
    "wno": "none"
   },
   "relation": {
    "edge": {
     "loadtime": { "start": 943499016, "end": 943501065},
     "num-tuples": 8000,
     "reads": 0,
     "source-locator": "/root/compiler/measurements/night03-t2/transitive_closure_bound/n4000/emit/transformed.dl [1:7-1:11]"
    },
    "q_tc": {
     "maxRSS": {
      "post": 195196,
      "pre": 195196
     },
     "non-recursive-rule": {
      "q_tc(y) :- \n   tc(1,y).": {
       "atom-frequency": {
        "q_tc(y) :- \n   tc(1,y).": {
         "tc": {
          "level": 0,
          "num-tuples": 0
         }
        }
       },
       "maxRSS": {
        "post": 195196,
        "pre": 195196
       },
       "num-tuples": 50,
       "runtime": { "start": 947895781, "end": 947895787},
       "source-locator": "/root/compiler/measurements/night03-t2/transitive_closure_bound/n4000/emit/transformed.dl [8:1-8:21]"
      }
     },
     "num-tuples": 50,
     "reads": 0,
     "runtime": { "start": 947895772, "end": 947895796},
     "savetime": { "start": 947895802, "end": 947895933},
     "source-locator": "/root/compiler/measurements/night03-t2/transitive_closure_bound/n4000/emit/transformed.dl [4:7-4:11]"
    },
    "tc": {
     "iteration": {
      "0": {
       "copytime": { "start": 943505557, "end": 943507023},
       "maxRSS": {
        "post": 16660,
        "pre": 16660
       },
       "num-tuples": 17295,
       "recursive-rule": {
        "tc(x,y) :- \n   tc(x,z),\n   edge(z,y).": {
         "0": {
          "atom-frequency": {
           "@new_tc(x,y) :- \n   @delta_tc(x,z),\n   edge(z,y).": {
            "@delta_tc": {
             "level": 0,
             "num-tuples": 0
            },
            "edge": {
             "level": 1,
             "num-tuples": 0
            }
           }
          },
          "maxRSS": {
           "post": 16660,
           "pre": 16660
          },
          "num-tuples": 17295,
          "runtime": { "start": 943501909, "end": 943505510},
          "source-locator": "/root/compiler/measurements/night03-t2/transitive_closure_bound/n4000/emit/transformed.dl [7:1-7:34]"
         }
        }
       },
       "runtime": { "start": 943501897, "end": 943505526}
      },
      "1": {
       "copytime": { "start": 943515217, "end": 943518855},
       "maxRSS": {
        "post": 16660,
        "pre": 16660
       },
       "num-tuples": 36015,
       "recursive-rule": {
        "tc(x,y) :- \n   tc(x,z),\n   edge(z,y).": {
         "0": {
          "maxRSS": {
           "post": 16660,
           "pre": 16660
          },
          "num-tuples": 36015,
          "runtime": { "start": 943507045, "end": 943515165},
          "source-locator": "/root/compiler/measurements/night03-t2/transitive_closure_bound/n4000/emit/transformed.dl [7:1-7:34]"
         }
        }
       },
       "runtime": { "start": 943507032, "end": 943515185}
      },
      "10": {
       "copytime": { "start": 944396805, "end": 944449815},
       "maxRSS": {
        "post": 73212,
        "pre": 67580
       },
       "num-tuples": 485049,
       "recursive-rule": {
        "tc(x,y) :- \n   tc(x,z),\n   edge(z,y).": {
         "0": {
          "maxRSS": {
           "post": 73212,
           "pre": 67580
          },
          "num-tuples": 485049,
          "runtime": { "start": 944192565, "end": 944395969},
          "source-locator": "/root/compiler/measurements/night03-t2/transitive_closure_bound/n4000/emit/transformed.dl [7:1-7:34]"
         }
        }
       },
       "runtime": { "start": 944192545, "end": 944396372}
      },
      "11": {
       "copytime": { "start": 944707597, "end": 944773182},
       "maxRSS": {
        "post": 91388,
        "pre": 85884
       },
       "num-tuples": 572919,
       "recursive-rule": {
        "tc(x,y) :- \n   tc(x,z),\n   edge(z,y).": {
         "0": {
          "maxRSS": {
           "post": 91388,
           "pre": 85884
          },
          "num-tuples": 572919,
          "runtime": { "start": 944449853, "end": 944706645},
          "source-locator": "/root/compiler/measurements/night03-t2/transitive_closure_bound/n4000/emit/transformed.dl [7:1-7:34]"
         }
        }
       },
       "runtime": { "start": 944449830, "end": 944707099}
      },
      "12": {
       "copytime": { "start": 945078328, "end": 945151410},
       "maxRSS": {
        "post": 110844,
        "pre": 106620
       },
       "num-tuples": 627513,
       "recursive-rule": {
        "tc(x,y) :- \n   tc(x,z),\n   edge(z,y).": {
         "0": {
          "maxRSS": {
           "post": 110844,
           "pre": 106620
          },
          "num-tuples": 627513,
          "runtime": { "start": 944773227, "end": 945077319},
          "source-locator": "/root/compiler/measurements/night03-t2/transitive_closure_bound/n4000/emit/transformed.dl [7:1-7:34]"
         }
        }
       },
       "runtime": { "start": 944773199, "end": 945077803}
      },
      "13": {
       "copytime": { "start": 945481402, "end": 945564282},
       "maxRSS": {
        "post": 129660,
        "pre": 127740
       },
       "num-tuples": 637691,
       "recursive-rule": {
        "tc(x,y) :- \n   tc(x,z),\n   edge(z,y).": {
         "0": {
          "maxRSS": {
           "post": 129660,
           "pre": 127740
          },
          "num-tuples": 637691,
          "runtime": { "start": 945151444, "end": 945480419},
          "source-locator": "/root/compiler/measurements/night03-t2/transitive_closure_bound/n4000/emit/transformed.dl [7:1-7:34]"
         }
        }
       },
       "runtime": { "start": 945151425, "end": 945480873}
      },
      "14": {
       "copytime": { "start": 945894417, "end": 945973869},
       "maxRSS": {
        "post": 147324,
        "pre": 147196
       },
       "num-tuples": 600595,
       "recursive-rule": {
        "tc(x,y) :- \n   tc(x,z),\n   edge(z,y).": {
         "0": {
          "maxRSS": {
           "post": 147324,
           "pre": 147196
          },
          "num-tuples": 600595,
          "runtime": { "start": 945564320, "end": 945893427},
          "source-locator": "/root/compiler/measurements/night03-t2/transitive_closure_bound/n4000/emit/transformed.dl [7:1-7:34]"
         }
        }
       },
       "runtime": { "start": 945564297, "end": 945893904}
      },
      "15": {
       "copytime": { "start": 946284668, "end": 946357788},
       "maxRSS": {
        "post": 163452,
        "pre": 163324
       },
       "num-tuples": 528067,
       "recursive-rule": {
        "tc(x,y) :- \n   tc(x,z),\n   edge(z,y).": {
         "0": {
          "maxRSS": {
           "post": 163452,
           "pre": 163324
          },
          "num-tuples": 528067,
          "runtime": { "start": 945973907, "end": 946283748},
          "source-locator": "/root/compiler/measurements/night03-t2/transitive_closure_bound/n4000/emit/transformed.dl [7:1-7:34]"
         }
        }
       },
       "runtime": { "start": 945973883, "end": 946284174}
      },
      "16": {
       "copytime": { "start": 946632448, "end": 946696036},
       "maxRSS": {
        "post": 175612,
        "pre": 175484
       },
       "num-tuples": 437478,
       "recursive-rule": {
        "tc(x,y) :- \n   tc(x,z),\n   edge(z,y).": {
         "0": {
          "maxRSS": {
           "post": 175612,
           "pre": 175484
          },
          "num-tuples": 437478,
          "runtime": { "start": 946357825, "end": 946631621},
          "source-locator": "/root/compiler/measurements/night03-t2/transitive_closure_bound/n4000/emit/transformed.dl [7:1-7:34]"
         }
        }
       },
       "runtime": { "start": 946357804, "end": 946632031}
      },
      "17": {
       "copytime": { "start": 946925323, "end": 946975247},
       "maxRSS": {
        "post": 183932,
        "pre": 183804
       },
       "num-tuples": 343746,
       "recursive-rule": {
        "tc(x,y) :- \n   tc(x,z),\n   edge(z,y).": {
         "0": {
          "maxRSS": {
           "post": 183932,
           "pre": 183804
          },
          "num-tuples": 343746,
          "runtime": { "start": 946696071, "end": 946924764},
          "source-locator": "/root/compiler/measurements/night03-t2/transitive_closure_bound/n4000/emit/transformed.dl [7:1-7:34]"
         }
        }
       },
       "runtime": { "start": 946696051, "end": 946925020}
      },
      "18": {
       "copytime": { "start": 947157461, "end": 947198566},
       "maxRSS": {
        "post": 189308,
        "pre": 189180
       },
       "num-tuples": 258815,
       "recursive-rule": {
        "tc(x,y) :- \n   tc(x,z),\n   edge(z,y).": {
         "0": {
          "maxRSS": {
           "post": 189308,
           "pre": 189180
          },
          "num-tuples": 258815,
          "runtime": { "start": 946975288, "end": 947157017},
          "source-locator": "/root/compiler/measurements/night03-t2/transitive_closure_bound/n4000/emit/transformed.dl [7:1-7:34]"
         }
        }
       },
       "runtime": { "start": 946975263, "end": 947157221}
      },
      "19": {
       "copytime": { "start": 947348507, "end": 947381897},
       "maxRSS": {
        "post": 192380,
        "pre": 192252
       },
       "num-tuples": 187552,
       "recursive-rule": {
        "tc(x,y) :- \n   tc(x,z),\n   edge(z,y).": {
         "0": {
          "maxRSS": {
           "post": 192380,
           "pre": 192252
          },
          "num-tuples": 187552,
          "runtime": { "start": 947198621, "end": 947348189},
          "source-locator": "/root/compiler/measurements/night03-t2/transitive_closure_bound/n4000/emit/transformed.dl [7:1-7:34]"
         }
        }
       },
       "runtime": { "start": 947198586, "end": 947348330}
      },
      "2": {
       "copytime": { "start": 943537305, "end": 943543036},
       "maxRSS": {
        "post": 16660,
        "pre": 16660
       },
       "num-tuples": 61517,
       "recursive-rule": {
        "tc(x,y) :- \n   tc(x,z),\n   edge(z,y).": {
         "0": {
          "maxRSS": {
           "post": 16660,
           "pre": 16660
          },
          "num-tuples": 61517,
          "runtime": { "start": 943518891, "end": 943537239},
          "source-locator": "/root/compiler/measurements/night03-t2/transitive_closure_bound/n4000/emit/transformed.dl [7:1-7:34]"
         }
        }
       },
       "runtime": { "start": 943518866, "end": 943537264}
      },
      "20": {
       "copytime": { "start": 947493365, "end": 947519820},
       "maxRSS": {
        "post": 193788,
        "pre": 193788
       },
       "num-tuples": 131660,
       "recursive-rule": {
        "tc(x,y) :- \n   tc(x,z),\n   edge(z,y).": {
         "0": {
          "maxRSS": {
           "post": 193788,
           "pre": 193788
          },
          "num-tuples": 131660,
          "runtime": { "start": 947381935, "end": 947493157},
          "source-locator": "/root/compiler/measurements/night03-t2/transitive_closure_bound/n4000/emit/transformed.dl [7:1-7:34]"
         }
        }
       },
       "runtime": { "start": 947381918, "end": 947493260}
      },
      "21": {
       "copytime": { "start": 947599662, "end": 947619693},
       "maxRSS": {
        "post": 194556,
        "pre": 194428
       },
       "num-tuples": 90400,
       "recursive-rule": {
        "tc(x,y) :- \n   tc(x,z),\n   edge(z,y).": {
         "0": {
          "maxRSS": {
           "post": 194556,
           "pre": 194428
          },
          "num-tuples": 90400,
          "runtime": { "start": 947519849, "end": 947599529},
          "source-locator": "/root/compiler/measurements/night03-t2/transitive_closure_bound/n4000/emit/transformed.dl [7:1-7:34]"
         }
        }
       },
       "runtime": { "start": 947519837, "end": 947599580}
      },
      "22": {
       "copytime": { "start": 947685389, "end": 947701757},
       "maxRSS": {
        "post": 194684,
        "pre": 194684
       },
       "num-tuples": 61541,
       "recursive-rule": {
        "tc(x,y) :- \n   tc(x,z),\n   edge(z,y).": {
         "0": {
          "maxRSS": {
           "post": 194684,
           "pre": 194684
          },
          "num-tuples": 61541,
          "runtime": { "start": 947619720, "end": 947685308},
          "source-locator": "/root/compiler/measurements/night03-t2/transitive_closure_bound/n4000/emit/transformed.dl [7:1-7:34]"
         }
        }
       },
       "runtime": { "start": 947619707, "end": 947685341}
      },
      "23": {
       "copytime": { "start": 947744517, "end": 947755998},
       "maxRSS": {
        "post": 194684,
        "pre": 194684
       },
       "num-tuples": 42186,
       "recursive-rule": {
        "tc(x,y) :- \n   tc(x,z),\n   edge(z,y).": {
         "0": {
          "maxRSS": {
           "post": 194684,
           "pre": 194684
          },
          "num-tuples": 42186,
          "runtime": { "start": 947701787, "end": 947744435},
          "source-locator": "/root/compiler/measurements/night03-t2/transitive_closure_bound/n4000/emit/transformed.dl [7:1-7:34]"
         }
        }
       },
       "runtime": { "start": 947701772, "end": 947744461}
      },
      "24": {
       "copytime": { "start": 947785177, "end": 947793638},
       "maxRSS": {
        "post": 194940,
        "pre": 194812
       },
       "num-tuples": 29157,
       "recursive-rule": {
        "tc(x,y) :- \n   tc(x,z),\n   edge(z,y).": {
         "0": {
          "maxRSS": {
           "post": 194940,
           "pre": 194812
          },
          "num-tuples": 29157,
          "runtime": { "start": 947756045, "end": 947785119},
          "source-locator": "/root/compiler/measurements/night03-t2/transitive_closure_bound/n4000/emit/transformed.dl [7:1-7:34]"
         }
        }
       },
       "runtime": { "start": 947756033, "end": 947785140}
      },
      "25": {
       "copytime": { "start": 947815636, "end": 947822514},
       "maxRSS": {
        "post": 194940,
        "pre": 194940
       },
       "num-tuples": 20331,
       "recursive-rule": {
        "tc(x,y) :- \n   tc(x,z),\n   edge(z,y).": {
         "0": {
          "maxRSS": {
           "post": 194940,
           "pre": 194940
          },
          "num-tuples": 20331,
          "runtime": { "start": 947793667, "end": 947815585},
          "source-locator": "/root/compiler/measurements/night03-t2/transitive_closure_bound/n4000/emit/transformed.dl [7:1-7:34]"
         }
        }
       },
       "runtime": { "start": 947793651, "end": 947815607}
      },
      "26": {
       "copytime": { "start": 947841216, "end": 947846127},
       "maxRSS": {
        "post": 195068,
        "pre": 195068
       },
       "num-tuples": 14282,
       "recursive-rule": {
        "tc(x,y) :- \n   tc(x,z),\n   edge(z,y).": {
         "0": {
          "maxRSS": {
           "post": 195068,
           "pre": 195068
          },
          "num-tuples": 14282,
          "runtime": { "start": 947822553, "end": 947841172},
          "source-locator": "/root/compiler/measurements/night03-t2/transitive_closure_bound/n4000/emit/transformed.dl [7:1-7:34]"
         }
        }
       },
       "runtime": { "start": 947822527, "end": 947841190}
      },
      "27": {
       "copytime": { "start": 947858920, "end": 947862514},
       "maxRSS": {
        "post": 195196,
        "pre": 195196
       },
       "num-tuples": 10008,
       "recursive-rule": {
        "tc(x,y) :- \n   tc(x,z),\n   edge(z,y).": {
         "0": {
          "maxRSS": {
           "post": 195196,
           "pre": 195196
          },
          "num-tuples": 10008,
          "runtime": { "start": 947846151, "end": 947858861},
          "source-locator": "/root/compiler/measurements/night03-t2/transitive_closure_bound/n4000/emit/transformed.dl [7:1-7:34]"
         }
        }
       },
       "runtime": { "start": 947846139, "end": 947858894}
      },
      "28": {
       "copytime": { "start": 947871590, "end": 947874185},
       "maxRSS": {
        "post": 195196,
        "pre": 195196
       },
       "num-tuples": 6783,
       "recursive-rule": {
        "tc(x,y) :- \n   tc(x,z),\n   edge(z,y).": {
         "0": {
          "maxRSS": {
           "post": 195196,
           "pre": 195196
          },
          "num-tuples": 6783,
          "runtime": { "start": 947862543, "end": 947871535},
          "source-locator": "/root/compiler/measurements/night03-t2/transitive_closure_bound/n4000/emit/transformed.dl [7:1-7:34]"
         }
        }
       },
       "runtime": { "start": 947862529, "end": 947871551}
      },
      "29": {
       "copytime": { "start": 947880599, "end": 947882499},
       "maxRSS": {
        "post": 195196,
        "pre": 195196
       },
       "num-tuples": 4402,
       "recursive-rule": {
        "tc(x,y) :- \n   tc(x,z),\n   edge(z,y).": {
         "0": {
          "maxRSS": {
           "post": 195196,
           "pre": 195196
          },
          "num-tuples": 4402,
          "runtime": { "start": 947874209, "end": 947880558},
          "source-locator": "/root/compiler/measurements/night03-t2/transitive_closure_bound/n4000/emit/transformed.dl [7:1-7:34]"
         }
        }
       },
       "runtime": { "start": 947874197, "end": 947880575}
      },
      "3": {
       "copytime": { "start": 943574066, "end": 943584771},
       "maxRSS": {
        "post": 18556,
        "pre": 17660
       },
       "num-tuples": 80263,
       "recursive-rule": {
        "tc(x,y) :- \n   tc(x,z),\n   edge(z,y).": {
         "0": {
          "maxRSS": {
           "post": 18556,
           "pre": 17660
          },
          "num-tuples": 80263,
          "runtime": { "start": 943543123, "end": 943573931},
          "source-locator": "/root/compiler/measurements/night03-t2/transitive_closure_bound/n4000/emit/transformed.dl [7:1-7:34]"
         }
        }
       },
       "runtime": { "start": 943543045, "end": 943573991}
      },
      "30": {
       "copytime": { "start": 947886606, "end": 947887737},
       "maxRSS": {
        "post": 195196,
        "pre": 195196
       },
       "num-tuples": 2661,
       "recursive-rule": {
        "tc(x,y) :- \n   tc(x,z),\n   edge(z,y).": {
         "0": {
          "maxRSS": {
           "post": 195196,
           "pre": 195196
          },
          "num-tuples": 2661,
          "runtime": { "start": 947882525, "end": 947886567},
          "source-locator": "/root/compiler/measurements/night03-t2/transitive_closure_bound/n4000/emit/transformed.dl [7:1-7:34]"
         }
        }
       },
       "runtime": { "start": 947882512, "end": 947886583}
      },
      "31": {
       "copytime": { "start": 947890342, "end": 947890821},
       "maxRSS": {
        "post": 195196,
        "pre": 195196
       },
       "num-tuples": 1550,
       "recursive-rule": {
        "tc(x,y) :- \n   tc(x,z),\n   edge(z,y).": {
         "0": {
          "maxRSS": {
           "post": 195196,
           "pre": 195196
          },
          "num-tuples": 1550,
          "runtime": { "start": 947887771, "end": 947890299},
          "source-locator": "/root/compiler/measurements/night03-t2/transitive_closure_bound/n4000/emit/transformed.dl [7:1-7:34]"
         }
        }
       },
       "runtime": { "start": 947887770, "end": 947890314}
      },
      "32": {
       "copytime": { "start": 947892414, "end": 947892784},
       "maxRSS": {
        "post": 195196,
        "pre": 195196
       },
       "num-tuples": 876,
       "recursive-rule": {
        "tc(x,y) :- \n   tc(x,z),\n   edge(z,y).": {
         "0": {
          "maxRSS": {
           "post": 195196,
           "pre": 195196
          },
          "num-tuples": 876,
          "runtime": { "start": 947890849, "end": 947892375},
          "source-locator": "/root/compiler/measurements/night03-t2/transitive_closure_bound/n4000/emit/transformed.dl [7:1-7:34]"
         }
        }
       },
       "runtime": { "start": 947890830, "end": 947892390}
      },
      "33": {
       "copytime": { "start": 947893637, "end": 947893823},
       "maxRSS": {
        "post": 195196,
        "pre": 195196
       },
       "num-tuples": 517,
       "recursive-rule": {
        "tc(x,y) :- \n   tc(x,z),\n   edge(z,y).": {
         "0": {
          "maxRSS": {
           "post": 195196,
           "pre": 195196
          },
          "num-tuples": 517,
          "runtime": { "start": 947892803, "end": 947893601},
          "source-locator": "/root/compiler/measurements/night03-t2/transitive_closure_bound/n4000/emit/transformed.dl [7:1-7:34]"
         }
        }
       },
       "runtime": { "start": 947892793, "end": 947893615}
      },
      "34": {
       "copytime": { "start": 947894401, "end": 947894493},
       "maxRSS": {
        "post": 195196,
        "pre": 195196
       },
       "num-tuples": 330,
       "recursive-rule": {
        "tc(x,y) :- \n   tc(x,z),\n   edge(z,y).": {
         "0": {
          "maxRSS": {
           "post": 195196,
           "pre": 195196
          },
          "num-tuples": 330,
          "runtime": { "start": 947893841, "end": 947894367},
          "source-locator": "/root/compiler/measurements/night03-t2/transitive_closure_bound/n4000/emit/transformed.dl [7:1-7:34]"
         }
        }
       },
       "runtime": { "start": 947893831, "end": 947894379}
      },
      "35": {
       "copytime": { "start": 947894825, "end": 947894893},
       "maxRSS": {
        "post": 195196,
        "pre": 195196
       },
       "num-tuples": 208,
       "recursive-rule": {
        "tc(x,y) :- \n   tc(x,z),\n   edge(z,y).": {
         "0": {
          "maxRSS": {
           "post": 195196,
           "pre": 195196
          },
          "num-tuples": 208,
          "runtime": { "start": 947894512, "end": 947894791},
          "source-locator": "/root/compiler/measurements/night03-t2/transitive_closure_bound/n4000/emit/transformed.dl [7:1-7:34]"
         }
        }
       },
       "runtime": { "start": 947894499, "end": 947894803}
      },
      "36": {
       "copytime": { "start": 947895073, "end": 947895100},
       "maxRSS": {
        "post": 195196,
        "pre": 195196
       },
       "num-tuples": 120,
       "recursive-rule": {
        "tc(x,y) :- \n   tc(x,z),\n   edge(z,y).": {
         "0": {
          "maxRSS": {
           "post": 195196,
           "pre": 195196
          },
          "num-tuples": 120,
          "runtime": { "start": 947894909, "end": 947895040},
          "source-locator": "/root/compiler/measurements/night03-t2/transitive_closure_bound/n4000/emit/transformed.dl [7:1-7:34]"
         }
        }
       },
       "runtime": { "start": 947894899, "end": 947895051}
      },
      "37": {
       "copytime": { "start": 947895245, "end": 947895260},
       "maxRSS": {
        "post": 195196,
        "pre": 195196
       },
       "num-tuples": 66,
       "recursive-rule": {
        "tc(x,y) :- \n   tc(x,z),\n   edge(z,y).": {
         "0": {
          "maxRSS": {
           "post": 195196,
           "pre": 195196
          },
          "num-tuples": 66,
          "runtime": { "start": 947895114, "end": 947895201},
          "source-locator": "/root/compiler/measurements/night03-t2/transitive_closure_bound/n4000/emit/transformed.dl [7:1-7:34]"
         }
        }
       },
       "runtime": { "start": 947895105, "end": 947895225}
      },
      "38": {
       "copytime": { "start": 947895357, "end": 947895367},
       "maxRSS": {
        "post": 195196,
        "pre": 195196
       },
       "num-tuples": 44,
       "recursive-rule": {
        "tc(x,y) :- \n   tc(x,z),\n   edge(z,y).": {
         "0": {
          "maxRSS": {
           "post": 195196,
           "pre": 195196
          },
          "num-tuples": 44,
          "runtime": { "start": 947895273, "end": 947895327},
          "source-locator": "/root/compiler/measurements/night03-t2/transitive_closure_bound/n4000/emit/transformed.dl [7:1-7:34]"
         }
        }
       },
       "runtime": { "start": 947895264, "end": 947895337}
      },
      "39": {
       "copytime": { "start": 947895429, "end": 947895436},
       "maxRSS": {
        "post": 195196,
        "pre": 195196
       },
       "num-tuples": 33,
       "recursive-rule": {
        "tc(x,y) :- \n   tc(x,z),\n   edge(z,y).": {
         "0": {
          "maxRSS": {
           "post": 195196,
           "pre": 195196
          },
          "num-tuples": 33,
          "runtime": { "start": 947895372, "end": 947895401},
          "source-locator": "/root/compiler/measurements/night03-t2/transitive_closure_bound/n4000/emit/transformed.dl [7:1-7:34]"
         }
        }
       },
       "runtime": { "start": 947895371, "end": 947895409}
      },
      "4": {
       "copytime": { "start": 943621834, "end": 943630785},
       "maxRSS": {
        "post": 21372,
        "pre": 20732
       },
       "num-tuples": 89132,
       "recursive-rule": {
        "tc(x,y) :- \n   tc(x,z),\n   edge(z,y).": {
         "0": {
          "maxRSS": {
           "post": 21372,
           "pre": 20732
          },
          "num-tuples": 89132,
          "runtime": { "start": 943584803, "end": 943621725},
          "source-locator": "/root/compiler/measurements/night03-t2/transitive_closure_bound/n4000/emit/transformed.dl [7:1-7:34]"
         }
        }
       },
       "runtime": { "start": 943584785, "end": 943621771}
      },
      "40": {
       "copytime": { "start": 947895537, "end": 947895553},
       "maxRSS": {
        "post": 195196,
        "pre": 195196
       },
       "num-tuples": 24,
       "recursive-rule": {
        "tc(x,y) :- \n   tc(x,z),\n   edge(z,y).": {
         "0": {
          "maxRSS": {
           "post": 195196,
           "pre": 195196
          },
          "num-tuples": 24,
          "runtime": { "start": 947895464, "end": 947895495},
          "source-locator": "/root/compiler/measurements/night03-t2/transitive_closure_bound/n4000/emit/transformed.dl [7:1-7:34]"
         }
        }
       },
       "runtime": { "start": 947895440, "end": 947895504}
      },
      "41": {
       "copytime": { "start": 947895602, "end": 947895606},
       "maxRSS": {
        "post": 195196,
        "pre": 195196
       },
       "num-tuples": 13,
       "recursive-rule": {
        "tc(x,y) :- \n   tc(x,z),\n   edge(z,y).": {
         "0": {
          "maxRSS": {
           "post": 195196,
           "pre": 195196
          },
          "num-tuples": 13,
          "runtime": { "start": 947895559, "end": 947895575},
          "source-locator": "/root/compiler/measurements/night03-t2/transitive_closure_bound/n4000/emit/transformed.dl [7:1-7:34]"
         }
        }
       },
       "runtime": { "start": 947895558, "end": 947895583}
      },
      "42": {
       "copytime": { "start": 947895655, "end": 947895657},
       "maxRSS": {
        "post": 195196,
        "pre": 195196
       },
       "num-tuples": 5,
       "recursive-rule": {
        "tc(x,y) :- \n   tc(x,z),\n   edge(z,y).": {
         "0": {
          "maxRSS": {
           "post": 195196,
           "pre": 195196
          },
          "num-tuples": 5,
          "runtime": { "start": 947895619, "end": 947895627},
          "source-locator": "/root/compiler/measurements/night03-t2/transitive_closure_bound/n4000/emit/transformed.dl [7:1-7:34]"
         }
        }
       },
       "runtime": { "start": 947895609, "end": 947895635}
      },
      "43": {
       "copytime": { "start": 947895702, "end": 947895703},
       "maxRSS": {
        "post": 195196,
        "pre": 195196
       },
       "num-tuples": 1,
       "recursive-rule": {
        "tc(x,y) :- \n   tc(x,z),\n   edge(z,y).": {
         "0": {
          "maxRSS": {
           "post": 195196,
           "pre": 195196
          },
          "num-tuples": 1,
          "runtime": { "start": 947895670, "end": 947895673},
          "source-locator": "/root/compiler/measurements/night03-t2/transitive_closure_bound/n4000/emit/transformed.dl [7:1-7:34]"
         }
        }
       },
       "runtime": { "start": 947895660, "end": 947895682}
      },
      "44": {
       "maxRSS": {
        "post": 195196,
        "pre": 195196
       },
       "num-tuples": 0,
       "recursive-rule": {
        "tc(x,y) :- \n   tc(x,z),\n   edge(z,y).": {
         "0": {
          "maxRSS": {
           "post": 195196,
           "pre": 195196
          },
          "num-tuples": 0,
          "runtime": { "start": 947895716, "end": 947895717},
          "source-locator": "/root/compiler/measurements/night03-t2/transitive_closure_bound/n4000/emit/transformed.dl [7:1-7:34]"
         }
        }
       },
       "runtime": { "start": 947895706, "end": 947895726}
      },
      "5": {
       "copytime": { "start": 943672973, "end": 943684148},
       "maxRSS": {
        "post": 24572,
        "pre": 23804
       },
       "num-tuples": 106381,
       "recursive-rule": {
        "tc(x,y) :- \n   tc(x,z),\n   edge(z,y).": {
         "0": {
          "maxRSS": {
           "post": 24572,
           "pre": 23804
          },
          "num-tuples": 106381,
          "runtime": { "start": 943630816, "end": 943672856},
          "source-locator": "/root/compiler/measurements/night03-t2/transitive_closure_bound/n4000/emit/transformed.dl [7:1-7:34]"
         }
        }
       },
       "runtime": { "start": 943630797, "end": 943672910}
      },
      "6": {
       "copytime": { "start": 943739188, "end": 943754475},
       "maxRSS": {
        "post": 29180,
        "pre": 27516
       },
       "num-tuples": 143761,
       "recursive-rule": {
        "tc(x,y) :- \n   tc(x,z),\n   edge(z,y).": {
         "0": {
          "maxRSS": {
           "post": 29180,
           "pre": 27516
          },
          "num-tuples": 143761,
          "runtime": { "start": 943684181, "end": 943738984},
          "source-locator": "/root/compiler/measurements/night03-t2/transitive_closure_bound/n4000/emit/transformed.dl [7:1-7:34]"
         }
        }
       },
       "runtime": { "start": 943684164, "end": 943739068}
      },
      "7": {
       "copytime": { "start": 943832104, "end": 943856191},
       "maxRSS": {
        "post": 35708,
        "pre": 33020
       },
       "num-tuples": 203488,
       "recursive-rule": {
        "tc(x,y) :- \n   tc(x,z),\n   edge(z,y).": {
         "0": {
          "maxRSS": {
           "post": 35708,
           "pre": 33020
          },
          "num-tuples": 203488,
          "runtime": { "start": 943754515, "end": 943831757},
          "source-locator": "/root/compiler/measurements/night03-t2/transitive_closure_bound/n4000/emit/transformed.dl [7:1-7:34]"
         }
        }
       },
       "runtime": { "start": 943754489, "end": 943831889}
      },
      "8": {
       "copytime": { "start": 943965829, "end": 943997594},
       "maxRSS": {
        "post": 45052,
        "pre": 40956
       },
       "num-tuples": 285018,
       "recursive-rule": {
        "tc(x,y) :- \n   tc(x,z),\n   edge(z,y).": {
         "0": {
          "maxRSS": {
           "post": 45052,
           "pre": 40956
          },
          "num-tuples": 285018,
          "runtime": { "start": 943856221, "end": 943965397},
          "source-locator": "/root/compiler/measurements/night03-t2/transitive_closure_bound/n4000/emit/transformed.dl [7:1-7:34]"
         }
        }
       },
       "runtime": { "start": 943856204, "end": 943965595}
      },
      "9": {
       "copytime": { "start": 944151920, "end": 944192529},
       "maxRSS": {
        "post": 57596,
        "pre": 52476
       },
       "num-tuples": 382871,
       "recursive-rule": {
        "tc(x,y) :- \n   tc(x,z),\n   edge(z,y).": {
         "0": {
          "maxRSS": {
           "post": 57596,
           "pre": 52476
          },
          "num-tuples": 382871,
          "runtime": { "start": 943997627, "end": 944151298},
          "source-locator": "/root/compiler/measurements/night03-t2/transitive_closure_bound/n4000/emit/transformed.dl [7:1-7:34]"
         }
        }
       },
       "runtime": { "start": 943997607, "end": 944151591}
      }
     },
     "maxRSS": {
      "post": 16660,
      "pre": 16660
     },
     "non-recursive-rule": {
      "tc(x,y) :- \n   edge(x,y).": {
       "atom-frequency": {
        "tc(x,y) :- \n   edge(x,y).": {
         "edge": {
          "level": 0,
          "num-tuples": 0
         }
        }
       },
       "maxRSS": {
        "post": 16660,
        "pre": 16660
       },
       "num-tuples": 8000,
       "runtime": { "start": 943501090, "end": 943501488},
       "source-locator": "/root/compiler/measurements/night03-t2/transitive_closure_bound/n4000/emit/transformed.dl [6:1-6:24]"
      }
     },
     "num-tuples": 8000,
     "reads": 13207253,
     "runtime": { "start": 943501077, "end": 943501498},
     "source-locator": "/root/compiler/measurements/night03-t2/transitive_closure_bound/n4000/emit/transformed.dl [3:7-3:9]"
    }
   },
   "runtime": { "start": 943499012, "end": 947919908},
   "starttime": { "time": 943498984},
   "usage": {
    "timepoint": {
     "943499089": {
      "maxRSS": 16660,
      "systemtime": 4117,
      "usertime": 0
     },
     "943500157": {
      "maxRSS": 16660,
      "systemtime": 4117,
      "usertime": 1035
     },
     "943501119": {
      "maxRSS": 16660,
      "systemtime": 4117,
      "usertime": 2125
     },
     "943501923": {
      "maxRSS": 16660,
      "systemtime": 4117,
      "usertime": 2958
     },
     "943503002": {
      "maxRSS": 16660,
      "systemtime": 4117,
      "usertime": 2973
     },
     "943504061": {
      "maxRSS": 16660,
      "systemtime": 4117,
      "usertime": 5084
     },
     "943505189": {
      "maxRSS": 16660,
      "systemtime": 4117,
      "usertime": 5108
     },
     "943505559": {
      "maxRSS": 16660,
      "systemtime": 4117,
      "usertime": 6684
     },
     "943506682": {
      "maxRSS": 16660,
      "systemtime": 4117,
      "usertime": 6696
     },
     "943507144": {
      "maxRSS": 16660,
      "systemtime": 4117,
      "usertime": 8200
     },
     "943508256": {
      "maxRSS": 16660,
      "systemtime": 4117,
      "usertime": 9174
     },
     "943509356": {
      "maxRSS": 16660,
      "systemtime": 4117,
      "usertime": 9189
     },
     "943510526": {
      "maxRSS": 16660,
      "systemtime": 4117,
      "usertime": 9206
     },
     "943511705": {
      "maxRSS": 16660,
      "systemtime": 4117,
      "usertime": 9222
     },
     "943512828": {
      "maxRSS": 16660,
      "systemtime": 4117,
      "usertime": 13250
     },
     "943513960": {
      "maxRSS": 16660,
      "systemtime": 4117,
      "usertime": 13266
     },
     "943515055": {
      "maxRSS": 16660,
      "systemtime": 4117,
      "usertime": 13300
     },
     "943515214": {
      "maxRSS": 16660,
      "systemtime": 4126,
      "usertime": 16506
     },
     "943515234": {
      "maxRSS": 16660,
      "systemtime": 4129,
      "usertime": 16519
     },
     "943516357": {
      "maxRSS": 16660,
      "systemtime": 4129,
      "usertime": 17319
     },
     "943517532": {
      "maxRSS": 16660,
      "systemtime": 4129,
      "usertime": 17338
     },
     "943518617": {
      "maxRSS": 16660,
      "systemtime": 4129,
      "usertime": 17357
     },
     "943518933": {
      "maxRSS": 16660,
      "systemtime": 4129,
      "usertime": 20260
     },
     "943520075": {
      "maxRSS": 16660,
      "systemtime": 4129,
      "usertime": 21393
     },
     "943521192": {
      "maxRSS": 16660,
      "systemtime": 4129,
      "usertime": 21405
     },
     "943522291": {
      "maxRSS": 16660,
      "systemtime": 4129,
      "usertime": 21413
     },
     "943523431": {
      "maxRSS": 16660,
      "systemtime": 4129,
      "usertime": 21431
     },
     "943524545": {
      "maxRSS": 16660,
      "systemtime": 4129,
      "usertime": 25447
     },
     "943525645": {
      "maxRSS": 16660,
      "systemtime": 4129,
      "usertime": 25455
     },
     "943526717": {
      "maxRSS": 16660,
      "systemtime": 4129,
      "usertime": 25464
     },
     "943527827": {
      "maxRSS": 16660,
      "systemtime": 4129,
      "usertime": 25480
     },
     "943528930": {
      "maxRSS": 16660,
      "systemtime": 4129,
      "usertime": 29486
     },
     "943530039": {
      "maxRSS": 16660,
      "systemtime": 4129,
      "usertime": 29501
     },
     "943531106": {
      "maxRSS": 16660,
      "systemtime": 4129,
      "usertime": 29509
     },
     "943532190": {
      "maxRSS": 16660,
      "systemtime": 4129,
      "usertime": 33523
     },
     "943533285": {
      "maxRSS": 16660,
      "systemtime": 4129,
      "usertime": 33538
     },
     "943534407": {
      "maxRSS": 16660,
      "systemtime": 4129,
      "usertime": 33562
     },
     "943535535": {
      "maxRSS": 16660,
      "systemtime": 4129,
      "usertime": 33584
     },
     "943536662": {
      "maxRSS": 16660,
      "systemtime": 4129,
      "usertime": 37617
     },
     "943537352": {
      "maxRSS": 16660,
      "systemtime": 4129,
      "usertime": 38955
     },
     "943538458": {
      "maxRSS": 16660,
      "systemtime": 4129,
      "usertime": 38967
     },
     "943539558": {
      "maxRSS": 16660,
      "systemtime": 4129,
      "usertime": 38975
     },
     "943540659": {
      "maxRSS": 17020,
      "systemtime": 4129,
      "usertime": 41681
     },
     "943541724": {
      "maxRSS": 17276,
      "systemtime": 4129,
      "usertime": 41688
     },
     "943542824": {
      "maxRSS": 17532,
      "systemtime": 4129,
      "usertime": 41695
     },
     "943543134": {
      "maxRSS": 17660,
      "systemtime": 4129,
      "usertime": 44826
     },
     "943544168": {
      "maxRSS": 17660,
      "systemtime": 4129,
      "usertime": 45727
     },
     "943545277": {
      "maxRSS": 17660,
      "systemtime": 4129,
      "usertime": 45743
     },
     "943546389": {
      "maxRSS": 17660,
      "systemtime": 4129,
      "usertime": 45762
     },
     "943547460": {
      "maxRSS": 17660,
      "systemtime": 4129,
      "usertime": 45772
     },
     "943548567": {
      "maxRSS": 17660,
      "systemtime": 4129,
      "usertime": 49781
     },
     "943549678": {
      "maxRSS": 17660,
      "systemtime": 4129,
      "usertime": 49798
     },
     "943550784": {
      "maxRSS": 17660,
      "systemtime": 4129,
      "usertime": 49811
     },
     "943551862": {
      "maxRSS": 17660,
      "systemtime": 4129,
      "usertime": 49823
     },
     "943552939": {
      "maxRSS": 17660,
      "systemtime": 4129,
      "usertime": 53866
     },
     "943554021": {
      "maxRSS": 17660,
      "systemtime": 4129,
      "usertime": 53883
     },
     "943555094": {
      "maxRSS": 17660,
      "systemtime": 4129,
      "usertime": 53896
     },
     "943556172": {
      "maxRSS": 17788,
      "systemtime": 4129,
      "usertime": 57898
     },
     "943557246": {
      "maxRSS": 17788,
      "systemtime": 4129,
      "usertime": 57911
     },
     "943558350": {
      "maxRSS": 17916,
      "systemtime": 4129,
      "usertime": 57924
     },
     "943559416": {
      "maxRSS": 17916,
      "systemtime": 4129,
      "usertime": 57934
     },
     "943560490": {
      "maxRSS": 18044,
      "systemtime": 4129,
      "usertime": 61932
     },
     "943561589": {
      "maxRSS": 18044,
      "systemtime": 4129,
      "usertime": 61954
     },
     "943562704": {
      "maxRSS": 18172,
      "systemtime": 4129,
      "usertime": 61994
     },
     "943563807": {
      "maxRSS": 18172,
      "systemtime": 4129,
      "usertime": 62026
     },
     "943564919": {
      "maxRSS": 18172,
      "systemtime": 4129,
      "usertime": 66064
     },
     "943566032": {
      "maxRSS": 18300,
      "systemtime": 4129,
      "usertime": 66089
     },
     "943567153": {
      "maxRSS": 18300,
      "systemtime": 4129,
      "usertime": 66110
     },
     "943568243": {
      "maxRSS": 18428,
      "systemtime": 4129,
      "usertime": 70183
     },
     "943569341": {
      "maxRSS": 18428,
      "systemtime": 4129,
      "usertime": 70208
     },
     "943570446": {
      "maxRSS": 18428,
      "systemtime": 4129,
      "usertime": 70238
     },
     "943571553": {
      "maxRSS": 18556,
      "systemtime": 4129,
      "usertime": 70264
     },
     "943572663": {
      "maxRSS": 18556,
      "systemtime": 4129,
      "usertime": 74299
     },
     "943573795": {
      "maxRSS": 18556,
      "systemtime": 4129,
      "usertime": 74325
     },
     "943574051": {
      "maxRSS": 18556,
      "systemtime": 4129,
      "usertime": 76323
     },
     "943574108": {
      "maxRSS": 18556,
      "systemtime": 4129,
      "usertime": 76382
     },
     "943575224": {
      "maxRSS": 18812,
      "systemtime": 4129,
      "usertime": 76409
     },
     "943576463": {
      "maxRSS": 19068,
      "systemtime": 4129,
      "usertime": 78372
     },
     "943577578": {
      "maxRSS": 19196,
      "systemtime": 4129,
      "usertime": 78406
     },
     "943578702": {
      "maxRSS": 19452,
      "systemtime": 4129,
      "usertime": 78441
     },
     "943579896": {
      "maxRSS": 19708,
      "systemtime": 4129,
      "usertime": 78473
     },
     "943581076": {
      "maxRSS": 19836,
      "systemtime": 7878,
      "usertime": 78783
     },
     "943582248": {
      "maxRSS": 20092,
      "systemtime": 7882,
      "usertime": 78821
     },
     "943583480": {
      "maxRSS": 20476,
      "systemtime": 7885,
      "usertime": 78859
     },
     "943584601": {
      "maxRSS": 20732,
      "systemtime": 7890,
      "usertime": 82851
     },
     "943584842": {
      "maxRSS": 20732,
      "systemtime": 7961,
      "usertime": 83595
     },
     "943586006": {
      "maxRSS": 20732,
      "systemtime": 7963,
      "usertime": 83612
     },
     "943587103": {
      "maxRSS": 20732,
      "systemtime": 7965,
      "usertime": 83633
     },
     "943588221": {
      "maxRSS": 20732,
      "systemtime": 7965,
      "usertime": 86886
     },
     "943589355": {
      "maxRSS": 20732,
      "systemtime": 7965,
      "usertime": 86923
     },
     "943590473": {
      "maxRSS": 20732,
      "systemtime": 7965,
      "usertime": 86955
     },
     "943591596": {
      "maxRSS": 20732,
      "systemtime": 7965,
      "usertime": 86983
     },
     "943592680": {
      "maxRSS": 20732,
      "systemtime": 7965,
      "usertime": 91002
     },
     "943593846": {
      "maxRSS": 20732,
      "systemtime": 7965,
      "usertime": 91028
     },
     "943595043": {
      "maxRSS": 20732,
      "systemtime": 7965,
      "usertime": 91051
     },
     "943596121": {
      "maxRSS": 20732,
      "systemtime": 7965,
      "usertime": 95067
     },
     "943597343": {
      "maxRSS": 20732,
      "systemtime": 7965,
      "usertime": 95084
     },
     "943598494": {
      "maxRSS": 20732,
      "systemtime": 7965,
      "usertime": 95101
     },
     "943599664": {
      "maxRSS": 20732,
      "systemtime": 7965,
      "usertime": 95117
     },
     "943600783": {
      "maxRSS": 20732,
      "systemtime": 7965,
      "usertime": 99132
     },
     "943602027": {
      "maxRSS": 20732,
      "systemtime": 7965,
      "usertime": 99150
     },
     "943603217": {
      "maxRSS": 20732,
      "systemtime": 7965,
      "usertime": 99180
     },
     "943604333": {
      "maxRSS": 20732,
      "systemtime": 7965,
      "usertime": 103222
     },
     "943605447": {
      "maxRSS": 20732,
      "systemtime": 7965,
      "usertime": 103241
     },
     "943606552": {
      "maxRSS": 20732,
      "systemtime": 7965,
      "usertime": 103254
     },
     "943607652": {
      "maxRSS": 20732,
      "systemtime": 7965,
      "usertime": 103263
     },
     "943608721": {
      "maxRSS": 20732,
      "systemtime": 7965,
      "usertime": 107270
     },
     "943609838": {
      "maxRSS": 20732,
      "systemtime": 7965,
      "usertime": 107303
     },
     "943610964": {
      "maxRSS": 20860,
      "systemtime": 7965,
      "usertime": 107325
     },
     "943612025": {
      "maxRSS": 20860,
      "systemtime": 7965,
      "usertime": 111340
     },
     "943613099": {
      "maxRSS": 20988,
      "systemtime": 7965,
      "usertime": 111353
     },
     "943614169": {
      "maxRSS": 20988,
      "systemtime": 7965,
      "usertime": 111363
     },
     "943615283": {
      "maxRSS": 21116,
      "systemtime": 7965,
      "usertime": 111380
     },
     "943616365": {
      "maxRSS": 21116,
      "systemtime": 7965,
      "usertime": 115397
     },
     "943617492": {
      "maxRSS": 21116,
      "systemtime": 7965,
      "usertime": 115417
     },
     "943618607": {
      "maxRSS": 21244,
      "systemtime": 7965,
      "usertime": 115431
     },
     "943619684": {
      "maxRSS": 21244,
      "systemtime": 7965,
      "usertime": 115444
     },
     "943620757": {
      "maxRSS": 21372,
      "systemtime": 7965,
      "usertime": 119454
     },
     "943621818": {
      "maxRSS": 21372,
      "systemtime": 8077,
      "usertime": 121161
     },
     "943621863": {
      "maxRSS": 21372,
      "systemtime": 8080,
      "usertime": 121205
     },
     "943622940": {
      "maxRSS": 21756,
      "systemtime": 8081,
      "usertime": 121219
     },
     "943624027": {
      "maxRSS": 22012,
      "systemtime": 8081,
      "usertime": 123389
     },
     "943625104": {
      "maxRSS": 22268,
      "systemtime": 8081,
      "usertime": 123402
     },
     "943626183": {
      "maxRSS": 22652,
      "systemtime": 8081,
      "usertime": 123417
     },
     "943627266": {
      "maxRSS": 22908,
      "systemtime": 8081,
      "usertime": 123432
     },
     "943628392": {
      "maxRSS": 23164,
      "systemtime": 8081,
      "usertime": 127450
     },
     "943629480": {
      "maxRSS": 23548,
      "systemtime": 8081,
      "usertime": 127471
     },
     "943630551": {
      "maxRSS": 23804,
      "systemtime": 8081,
      "usertime": 127483
     },
     "943630855": {
      "maxRSS": 23804,
      "systemtime": 8141,
      "usertime": 130256
     },
     "943631955": {
      "maxRSS": 23804,
      "systemtime": 8141,
      "usertime": 130265
     },
     "943633049": {
      "maxRSS": 23804,
      "systemtime": 8141,
      "usertime": 131465
     },
     "943634128": {
      "maxRSS": 23804,
      "systemtime": 8141,
      "usertime": 131481
     },
     "943635214": {
      "maxRSS": 23804,
      "systemtime": 8141,
      "usertime": 131501
     },
     "943636299": {
      "maxRSS": 23804,
      "systemtime": 8141,
      "usertime": 135519
     },
     "943637416": {
      "maxRSS": 23804,
      "systemtime": 8141,
      "usertime": 135537
     },
     "943638495": {
      "maxRSS": 23804,
      "systemtime": 8141,
      "usertime": 135552
     },
     "943639612": {
      "maxRSS": 23804,
      "systemtime": 8141,
      "usertime": 135567
     },
     "943640694": {
      "maxRSS": 23804,
      "systemtime": 8141,
      "usertime": 139581
     },
     "943641777": {
      "maxRSS": 23804,
      "systemtime": 8141,
      "usertime": 139600
     },
     "943642880": {
      "maxRSS": 23804,
      "systemtime": 8141,
      "usertime": 139610
     },
     "943643954": {
      "maxRSS": 23804,
      "systemtime": 8141,
      "usertime": 139621
     },
     "943645160": {
      "maxRSS": 23804,
      "systemtime": 8141,
      "usertime": 143654
     },
     "943646373": {
      "maxRSS": 23804,
      "systemtime": 8141,
      "usertime": 143670
     },
     "943647574": {
      "maxRSS": 23804,
      "systemtime": 8141,
      "usertime": 143687
     },
     "943648753": {
      "maxRSS": 23804,
      "systemtime": 8141,
      "usertime": 147704
     },
     "943649934": {
      "maxRSS": 23804,
      "systemtime": 8141,
      "usertime": 147728
     },
     "943651031": {
      "maxRSS": 23804,
      "systemtime": 8141,
      "usertime": 147745
     },
     "943652071": {
      "maxRSS": 23804,
      "systemtime": 8141,
      "usertime": 151760
     },
     "943653272": {
      "maxRSS": 23804,
      "systemtime": 8141,
      "usertime": 151777
     },
     "943654447": {
      "maxRSS": 23804,
      "systemtime": 8141,
      "usertime": 151793
     },
     "943655633": {
      "maxRSS": 23804,
      "systemtime": 8141,
      "usertime": 151810
     },
     "943656724": {
      "maxRSS": 23804,
      "systemtime": 8141,
      "usertime": 155832
     },
     "943657909": {
      "maxRSS": 23804,
      "systemtime": 8141,
      "usertime": 155865
     },
     "943659099": {
      "maxRSS": 23804,
      "systemtime": 8141,
      "usertime": 155882
     },
     "943660188": {
      "maxRSS": 23804,
      "systemtime": 8141,
      "usertime": 159900
     },
     "943661295": {
      "maxRSS": 23932,
      "systemtime": 8141,
      "usertime": 159918
     },
     "943662386": {
      "maxRSS": 23932,
      "systemtime": 8141,
      "usertime": 159935
     },
     "943663544": {
      "maxRSS": 24060,
      "systemtime": 8141,
      "usertime": 159957
     },
     "943664728": {
      "maxRSS": 24060,
      "systemtime": 8141,
      "usertime": 163973
     },
     "943665915": {
      "maxRSS": 24188,
      "systemtime": 8141,
      "usertime": 163990
     },
     "943667091": {
      "maxRSS": 24316,
      "systemtime": 8141,
      "usertime": 164007
     },
     "943668203": {
      "maxRSS": 24316,
      "systemtime": 8141,
      "usertime": 168024
     },
     "943669483": {
      "maxRSS": 24444,
      "systemtime": 8141,
      "usertime": 168044
     },
     "943670651": {
      "maxRSS": 24444,
      "systemtime": 8141,
      "usertime": 168065
     },
     "943671813": {
      "maxRSS": 24572,
      "systemtime": 8141,
      "usertime": 168081
     },
     "943672955": {
      "maxRSS": 24572,
      "systemtime": 8141,
      "usertime": 173040
     },
     "943673014": {
      "maxRSS": 24572,
      "systemtime": 8141,
      "usertime": 173096
     },
     "943674113": {
      "maxRSS": 24956,
      "systemtime": 8141,
      "usertime": 173104
     },
     "943675190": {
      "maxRSS": 25212,
      "systemtime": 8141,
      "usertime": 173116
     },
     "943676273": {
      "maxRSS": 25468,
      "systemtime": 11171,
      "usertime": 173116
     },
     "943677399": {
      "maxRSS": 25724,
      "systemtime": 11200,
      "usertime": 173116
     },
     "943678516": {
      "maxRSS": 26108,
      "systemtime": 11216,
      "usertime": 173116
     },
     "943679600": {
      "maxRSS": 26364,
      "systemtime": 11246,
      "usertime": 173116
     },
     "943680674": {
      "maxRSS": 26620,
      "systemtime": 12023,
      "usertime": 176347
     },
     "943681787": {
      "maxRSS": 26876,
      "systemtime": 12025,
      "usertime": 176372
     },
     "943682901": {
      "maxRSS": 27260,
      "systemtime": 12027,
      "usertime": 176397
     },
     "943684018": {
      "maxRSS": 27516,
      "systemtime": 12027,
      "usertime": 180412
     },
     "943684187": {
      "maxRSS": 27516,
      "systemtime": 12039,
      "usertime": 180591
     },
     "943685421": {
      "maxRSS": 27516,
      "systemtime": 12041,
      "usertime": 180628
     },
     "943686528": {
      "maxRSS": 27516,
      "systemtime": 12043,
      "usertime": 180649
     },
     "943687655": {
      "maxRSS": 27516,
      "systemtime": 12044,
      "usertime": 180668
     },
     "943688864": {
      "maxRSS": 27516,
      "systemtime": 12044,
      "usertime": 184526
     },
     "943690015": {
      "maxRSS": 27644,
      "systemtime": 12044,
      "usertime": 184555
     },
     "943691088": {
      "maxRSS": 27644,
      "systemtime": 12044,
      "usertime": 184568
     },
     "943692155": {
      "maxRSS": 27644,
      "systemtime": 12044,
      "usertime": 188567
     },
     "943693223": {
      "maxRSS": 27644,
      "systemtime": 12044,
      "usertime": 188577
     },
     "943694294": {
      "maxRSS": 27644,
      "systemtime": 12044,
      "usertime": 188589
     },
     "943695365": {
      "maxRSS": 27644,
      "systemtime": 12044,
      "usertime": 188601
     },
     "943696489": {
      "maxRSS": 27644,
      "systemtime": 12044,
      "usertime": 192632
     },
     "943697596": {
      "maxRSS": 27644,
      "systemtime": 12044,
      "usertime": 192645
     },
     "943698700": {
      "maxRSS": 27644,
      "systemtime": 12044,
      "usertime": 192655
     },
     "943699802": {
      "maxRSS": 27644,
      "systemtime": 12044,
      "usertime": 192665
     },
     "943700909": {
      "maxRSS": 27644,
      "systemtime": 12044,
      "usertime": 196677
     },
     "943702004": {
      "maxRSS": 27644,
      "systemtime": 12044,
      "usertime": 196693
     },
     "943703115": {
      "maxRSS": 27644,
      "systemtime": 12044,
      "usertime": 196707
     },
     "943704212": {
      "maxRSS": 27644,
      "systemtime": 12044,
      "usertime": 200725
     },
     "943705289": {
      "maxRSS": 27644,
      "systemtime": 12044,
      "usertime": 200740
     },
     "943706362": {
      "maxRSS": 27644,
      "systemtime": 12045,
      "usertime": 200751
     },
     "943707518": {
      "maxRSS": 27644,
      "systemtime": 12045,
      "usertime": 200760
     },
     "943708675": {
      "maxRSS": 27644,
      "systemtime": 12045,
      "usertime": 204772
     },
     "943709787": {
      "maxRSS": 27644,
      "systemtime": 12046,
      "usertime": 204795
     },
     "943710890": {
      "maxRSS": 27644,
      "systemtime": 12049,
      "usertime": 204835
     },
     "943711967": {
      "maxRSS": 27644,
      "systemtime": 12049,
      "usertime": 204847
     },
     "943713083": {
      "maxRSS": 27644,
      "systemtime": 12049,
      "usertime": 208860
     },
     "943714182": {
      "maxRSS": 27644,
      "systemtime": 12050,
      "usertime": 208876
     },
     "943715276": {
      "maxRSS": 27644,
      "systemtime": 12052,
      "usertime": 208905
     },
     "943716349": {
      "maxRSS": 27644,
      "systemtime": 12052,
      "usertime": 212915
     },
     "943717440": {
      "maxRSS": 27772,
      "systemtime": 12053,
      "usertime": 212941
     },
     "943718603": {
      "maxRSS": 27900,
      "systemtime": 12055,
      "usertime": 212976
     },
     "943719783": {
      "maxRSS": 27900,
      "systemtime": 12056,
      "usertime": 212997
     },
     "943720971": {
      "maxRSS": 28028,
      "systemtime": 12056,
      "usertime": 217016
     },
     "943722159": {
      "maxRSS": 28028,
      "systemtime": 12057,
      "usertime": 217032
     },
     "943723288": {
      "maxRSS": 28156,
      "systemtime": 12058,
      "usertime": 217047
     },
     "943724390": {
      "maxRSS": 28284,
      "systemtime": 12058,
      "usertime": 221081
     },
     "943725508": {
      "maxRSS": 28284,
      "systemtime": 12060,
      "usertime": 221101
     },
     "943726588": {
      "maxRSS": 28412,
      "systemtime": 12060,
      "usertime": 221112
     },
     "943727692": {
      "maxRSS": 28412,
      "systemtime": 12061,
      "usertime": 221123
     },
     "943728770": {
      "maxRSS": 28540,
      "systemtime": 12061,
      "usertime": 225135
     },
     "943729887": {
      "maxRSS": 28540,
      "systemtime": 12061,
      "usertime": 225155
     },
     "943730970": {
      "maxRSS": 28668,
      "systemtime": 12062,
      "usertime": 225171
     },
     "943732053": {
      "maxRSS": 28668,
      "systemtime": 12063,
      "usertime": 229201
     },
     "943733136": {
      "maxRSS": 28796,
      "systemtime": 12063,
      "usertime": 229215
     },
     "943734221": {
      "maxRSS": 28924,
      "systemtime": 12064,
      "usertime": 229231
     },
     "943735320": {
      "maxRSS": 28924,
      "systemtime": 12065,
      "usertime": 229247
     },
     "943736401": {
      "maxRSS": 29052,
      "systemtime": 12065,
      "usertime": 233265
     },
     "943737477": {
      "maxRSS": 29052,
      "systemtime": 12066,
      "usertime": 233279
     },
     "943738564": {
      "maxRSS": 29180,
      "systemtime": 12067,
      "usertime": 233305
     },
     "943739141": {
      "maxRSS": 29180,
      "systemtime": 12222,
      "usertime": 236292
     },
     "943739285": {
      "maxRSS": 29180,
      "systemtime": 12227,
      "usertime": 236393
     },
     "943740501": {
      "maxRSS": 29436,
      "systemtime": 12227,
      "usertime": 237188
     },
     "943741600": {
      "maxRSS": 29820,
      "systemtime": 12227,
      "usertime": 237201
     },
     "943742703": {
      "maxRSS": 30076,
      "systemtime": 12227,
      "usertime": 237210
     },
     "943743790": {
      "maxRSS": 30332,
      "systemtime": 12227,
      "usertime": 237234
     },
     "943744875": {
      "maxRSS": 30588,
      "systemtime": 12227,
      "usertime": 241254
     },
     "943745984": {
      "maxRSS": 30972,
      "systemtime": 12227,
      "usertime": 241266
     },
     "943747081": {
      "maxRSS": 31228,
      "systemtime": 12227,
      "usertime": 241274
     },
     "943748162": {
      "maxRSS": 31484,
      "systemtime": 12227,
      "usertime": 245282
     },
     "943749259": {
      "maxRSS": 31740,
      "systemtime": 12227,
      "usertime": 245303
     },
     "943750382": {
      "maxRSS": 31996,
      "systemtime": 12227,
      "usertime": 245345
     },
     "943751510": {
      "maxRSS": 32380,
      "systemtime": 12227,
      "usertime": 245368
     },
     "943752594": {
      "maxRSS": 32636,
      "systemtime": 12227,
      "usertime": 249391
     },
     "943753704": {
      "maxRSS": 32892,
      "systemtime": 12227,
      "usertime": 249425
     },
     "943754528": {
      "maxRSS": 33020,
      "systemtime": 12227,
      "usertime": 251960
     },
     "943755637": {
      "maxRSS": 33020,
      "systemtime": 12227,
      "usertime": 251976
     },
     "943756747": {
      "maxRSS": 33020,
      "systemtime": 12227,
      "usertime": 253525
     },
     "943757883": {
      "maxRSS": 33020,
      "systemtime": 12227,
      "usertime": 253564
     },
     "943758969": {
      "maxRSS": 33020,
      "systemtime": 12227,
      "usertime": 253580
     },
     "943760041": {
      "maxRSS": 33020,
      "systemtime": 12227,
      "usertime": 257594
     },
     "943761160": {
      "maxRSS": 33020,
      "systemtime": 12227,
      "usertime": 257622
     },
     "943762277": {
      "maxRSS": 33020,
      "systemtime": 12227,
      "usertime": 257639
     },
     "943763385": {
      "maxRSS": 33020,
      "systemtime": 12227,
      "usertime": 257657
     },
     "943764497": {
      "maxRSS": 33020,
      "systemtime": 12227,
      "usertime": 261683
     },
     "943765577": {
      "maxRSS": 33020,
      "systemtime": 12227,
      "usertime": 261704
     },
     "943766670": {
      "maxRSS": 33020,
      "systemtime": 12227,
      "usertime": 261720
     },
     "943767745": {
      "maxRSS": 33020,
      "systemtime": 12227,
      "usertime": 261736
     },
     "943768874": {
      "maxRSS": 33020,
      "systemtime": 12227,
      "usertime": 265768
     },
     "943769986": {
      "maxRSS": 33020,
      "systemtime": 12227,
      "usertime": 265784
     },
     "943771114": {
      "maxRSS": 33020,
      "systemtime": 12227,
      "usertime": 265819
     },
     "943772178": {
      "maxRSS": 33020,
      "systemtime": 12227,
      "usertime": 269810
     },
     "943773274": {
      "maxRSS": 33020,
      "systemtime": 12227,
      "usertime": 269817
     },
     "943774376": {
      "maxRSS": 33020,
      "systemtime": 12227,
      "usertime": 269827
     },
     "943775473": {
      "maxRSS": 33020,
      "systemtime": 12227,
      "usertime": 269834
     },
     "943776556": {
      "maxRSS": 33020,
      "systemtime": 12227,
      "usertime": 273848
     },
     "943777654": {
      "maxRSS": 33020,
      "systemtime": 12227,
      "usertime": 273880
     },
     "943778734": {
      "maxRSS": 33020,
      "systemtime": 12227,
      "usertime": 273898
     },
     "943779811": {
      "maxRSS": 33020,
      "systemtime": 12227,
      "usertime": 273912
     },
     "943780882": {
      "maxRSS": 33020,
      "systemtime": 12227,
      "usertime": 277927
     },
     "943781949": {
      "maxRSS": 33020,
      "systemtime": 12227,
      "usertime": 277937
     },
     "943783019": {
      "maxRSS": 33020,
      "systemtime": 12227,
      "usertime": 277947
     },
     "943784070": {
      "maxRSS": 33020,
      "systemtime": 12227,
      "usertime": 281969
     },
     "943785149": {
      "maxRSS": 33020,
      "systemtime": 12227,
      "usertime": 281990
     },
     "943786252": {
      "maxRSS": 33020,
      "systemtime": 12227,
      "usertime": 282001
     },
     "943787324": {
      "maxRSS": 33020,
      "systemtime": 12227,
      "usertime": 282011
     },
     "943788400": {
      "maxRSS": 33020,
      "systemtime": 12227,
      "usertime": 286077
     },
     "943789497": {
      "maxRSS": 33020,
      "systemtime": 12227,
      "usertime": 286087
     },
     "943790562": {
      "maxRSS": 33020,
      "systemtime": 12227,
      "usertime": 286095
     },
     "943791711": {
      "maxRSS": 33020,
      "systemtime": 12227,
      "usertime": 286137
     },
     "943792864": {
      "maxRSS": 33020,
      "systemtime": 12227,
      "usertime": 290105
     },
     "943793982": {
      "maxRSS": 33148,
      "systemtime": 12227,
      "usertime": 290120
     },
     "943795062": {
      "maxRSS": 33148,
      "systemtime": 12227,
      "usertime": 290135
     },
     "943796131": {
      "maxRSS": 33276,
      "systemtime": 12227,
      "usertime": 294146
     },
     "943797232": {
      "maxRSS": 33404,
      "systemtime": 12227,
      "usertime": 294160
     },
     "943798321": {
      "maxRSS": 33404,
      "systemtime": 12227,
      "usertime": 294188
     },
     "943799424": {
      "maxRSS": 33532,
      "systemtime": 12227,
      "usertime": 294198
     },
     "943800542": {
      "maxRSS": 33532,
      "systemtime": 12227,
      "usertime": 298209
     },
     "943801646": {
      "maxRSS": 33660,
      "systemtime": 12227,
      "usertime": 298246
     },
     "943802720": {
      "maxRSS": 33788,
      "systemtime": 12227,
      "usertime": 298263
     },
     "943803813": {
      "maxRSS": 33788,
      "systemtime": 12227,
      "usertime": 298281
     },
     "943804907": {
      "maxRSS": 33916,
      "systemtime": 12227,
      "usertime": 302328
     },
     "943806011": {
      "maxRSS": 33916,
      "systemtime": 12227,
      "usertime": 302340
     },
     "943807087": {
      "maxRSS": 34044,
      "systemtime": 12227,
      "usertime": 302353
     },
     "943808156": {
      "maxRSS": 34044,
      "systemtime": 12227,
      "usertime": 306348
     },
     "943809229": {
      "maxRSS": 34172,
      "systemtime": 12227,
      "usertime": 306359
     },
     "943810337": {
      "maxRSS": 34300,
      "systemtime": 12227,
      "usertime": 306370
     },
     "943811425": {
      "maxRSS": 34300,
      "systemtime": 12227,
      "usertime": 306396
     },
     "943812499": {
      "maxRSS": 34428,
      "systemtime": 12227,
      "usertime": 310407
     },
     "943813566": {
      "maxRSS": 34428,
      "systemtime": 12227,
      "usertime": 310416
     },
     "943814639": {
      "maxRSS": 34556,
      "systemtime": 12227,
      "usertime": 310427
     },
     "943815713": {
      "maxRSS": 34556,
      "systemtime": 12227,
      "usertime": 310438
     },
     "943816798": {
      "maxRSS": 34684,
      "systemtime": 12227,
      "usertime": 314453
     },
     "943817915": {
      "maxRSS": 34812,
      "systemtime": 12227,
      "usertime": 314482
     },
     "943819056": {
      "maxRSS": 34812,
      "systemtime": 12227,
      "usertime": 314520
     },
     "943820156": {
      "maxRSS": 34940,
      "systemtime": 12227,
      "usertime": 318553
     },
     "943821334": {
      "maxRSS": 34940,
      "systemtime": 12227,
      "usertime": 318570
     },
     "943822511": {
      "maxRSS": 35068,
      "systemtime": 12227,
      "usertime": 318587
     },
     "943823595": {
      "maxRSS": 35196,
      "systemtime": 12227,
      "usertime": 318603
     },
     "943824768": {
      "maxRSS": 35196,
      "systemtime": 12227,
      "usertime": 322620
     },
     "943825950": {
      "maxRSS": 35324,
      "systemtime": 12227,
      "usertime": 322649
     },
     "943827113": {
      "maxRSS": 35324,
      "systemtime": 12227,
      "usertime": 322664
     },
     "943828207": {
      "maxRSS": 35452,
      "systemtime": 16141,
      "usertime": 322825
     },
     "943829292": {
      "maxRSS": 35580,
      "systemtime": 16142,
      "usertime": 322842
     },
     "943830375": {
      "maxRSS": 35580,
      "systemtime": 16142,
      "usertime": 322856
     },
     "943831454": {
      "maxRSS": 35708,
      "systemtime": 16143,
      "usertime": 322871
     },
     "943832037": {
      "maxRSS": 35708,
      "systemtime": 16332,
      "usertime": 326659
     },
     "943832193": {
      "maxRSS": 35708,
      "systemtime": 16332,
      "usertime": 326838
     },
     "943833262": {
      "maxRSS": 35964,
      "systemtime": 16332,
      "usertime": 326848
     },
     "943834363": {
      "maxRSS": 36220,
      "systemtime": 16332,
      "usertime": 326856
     },
     "943835456": {
      "maxRSS": 36604,
      "systemtime": 16332,
      "usertime": 326871
     },
     "943836540": {
      "maxRSS": 36860,
      "systemtime": 16332,
      "usertime": 330726
     },
     "943837642": {
      "maxRSS": 37116,
      "systemtime": 16332,
      "usertime": 330761
     },
     "943838721": {
      "maxRSS": 37372,
      "systemtime": 16332,
      "usertime": 330777
     },
     "943839792": {
      "maxRSS": 37756,
      "systemtime": 16332,
      "usertime": 330788
     },
     "943840859": {
      "maxRSS": 38012,
      "systemtime": 16332,
      "usertime": 334796
     },
     "943841932": {
      "maxRSS": 38268,
      "systemtime": 16332,
      "usertime": 334808
     },
     "943843019": {
      "maxRSS": 38524,
      "systemtime": 16332,
      "usertime": 334823
     },
     "943844090": {
      "maxRSS": 38780,
      "systemtime": 16332,
      "usertime": 338858
     },
     "943845172": {
      "maxRSS": 39036,
      "systemtime": 16332,
      "usertime": 338882
     },
     "943846237": {
      "maxRSS": 39420,
      "systemtime": 16332,
      "usertime": 338890
     },
     "943847311": {
      "maxRSS": 39676,
      "systemtime": 16332,
      "usertime": 338901
     },
     "943848418": {
      "maxRSS": 39804,
      "systemtime": 16332,
      "usertime": 342894
     },
     "943849532": {
      "maxRSS": 39932,
      "systemtime": 16332,
      "usertime": 342913
     },
     "943850622": {
      "maxRSS": 39932,
      "systemtime": 16332,
      "usertime": 342935
     },
     "943851756": {
      "maxRSS": 40060,
      "systemtime": 16332,
      "usertime": 342989
     },
     "943852872": {
      "maxRSS": 40316,
      "systemtime": 16332,
      "usertime": 347028
     },
     "943853954": {
      "maxRSS": 40572,
      "systemtime": 16332,
      "usertime": 347045
     },
     "943855062": {
      "maxRSS": 40828,
      "systemtime": 16332,
      "usertime": 347060
     },
     "943856141": {
      "maxRSS": 40956,
      "systemtime": 16332,
      "usertime": 351139
     },
     "943856226": {
      "maxRSS": 40956,
      "systemtime": 16332,
      "usertime": 351295
     },
     "943857347": {
      "maxRSS": 40956,
      "systemtime": 16332,
      "usertime": 351319
     },
     "943858445": {
      "maxRSS": 40956,
      "systemtime": 16332,
      "usertime": 351332
     },
     "943859556": {
      "maxRSS": 40956,
      "systemtime": 16332,
      "usertime": 351353
     },
     "943860642": {
      "maxRSS": 40956,
      "systemtime": 16332,
      "usertime": 355155
     },
     "943861719": {
      "maxRSS": 40956,
      "systemtime": 16332,
      "usertime": 355170
     },
     "943862789": {
      "maxRSS": 40956,
      "systemtime": 16332,
      "usertime": 355182
     },
     "943863871": {
      "maxRSS": 40956,
      "systemtime": 16332,
      "usertime": 355206
     },
     "943865009": {
      "maxRSS": 40956,
      "systemtime": 16332,
      "usertime": 359223
     },
     "943866081": {
      "maxRSS": 40956,
      "systemtime": 16332,
      "usertime": 359236
     },
     "943867187": {
      "maxRSS": 40956,
      "systemtime": 16332,
      "usertime": 359256
     },
     "943868289": {
      "maxRSS": 40956,
      "systemtime": 16332,
      "usertime": 363269
     },
     "943869403": {
      "maxRSS": 40956,
      "systemtime": 16332,
      "usertime": 363286
     },
     "943870521": {
      "maxRSS": 40956,
      "systemtime": 16332,
      "usertime": 363304
     },
     "943871684": {
      "maxRSS": 40956,
      "systemtime": 16332,
      "usertime": 363339
     },
     "943872793": {
      "maxRSS": 40956,
      "systemtime": 16332,
      "usertime": 367371
     },
     "943873894": {
      "maxRSS": 40956,
      "systemtime": 16332,
      "usertime": 367381
     },
     "943874991": {
      "maxRSS": 40956,
      "systemtime": 16332,
      "usertime": 367388
     },
     "943876056": {
      "maxRSS": 40956,
      "systemtime": 16332,
      "usertime": 371383
     },
     "943877208": {
      "maxRSS": 40956,
      "systemtime": 16332,
      "usertime": 371410
     },
     "943878295": {
      "maxRSS": 40956,
      "systemtime": 16332,
      "usertime": 371437
     },
     "943879361": {
      "maxRSS": 40956,
      "systemtime": 16332,
      "usertime": 371445
     },
     "943880512": {
      "maxRSS": 40956,
      "systemtime": 16332,
      "usertime": 375472
     },
     "943881620": {
      "maxRSS": 40956,
      "systemtime": 16332,
      "usertime": 375486
     },
     "943882687": {
      "maxRSS": 40956,
      "systemtime": 16332,
      "usertime": 375494
     },
     "943883792": {
      "maxRSS": 40956,
      "systemtime": 16332,
      "usertime": 375505
     },
     "943884923": {
      "maxRSS": 40956,
      "systemtime": 16332,
      "usertime": 379532
     },
     "943886029": {
      "maxRSS": 40956,
      "systemtime": 16332,
      "usertime": 379542
     },
     "943887132": {
      "maxRSS": 40956,
      "systemtime": 16332,
      "usertime": 379551
     },
     "943888216": {
      "maxRSS": 40956,
      "systemtime": 16332,
      "usertime": 383564
     },
     "943889377": {
      "maxRSS": 40956,
      "systemtime": 16332,
      "usertime": 383579
     },
     "943890496": {
      "maxRSS": 40956,
      "systemtime": 16332,
      "usertime": 383597
     },
     "943891619": {
      "maxRSS": 40956,
      "systemtime": 16332,
      "usertime": 383623
     },
     "943892722": {
      "maxRSS": 40956,
      "systemtime": 16332,
      "usertime": 387635
     },
     "943893836": {
      "maxRSS": 40956,
      "systemtime": 16332,
      "usertime": 387660
     },
     "943894974": {
      "maxRSS": 40956,
      "systemtime": 16332,
      "usertime": 387673
     },
     "943896054": {
      "maxRSS": 40956,
      "systemtime": 16332,
      "usertime": 391688
     },
     "943897166": {
      "maxRSS": 40956,
      "systemtime": 16332,
      "usertime": 391706
     },
     "943898266": {
      "maxRSS": 40956,
      "systemtime": 16332,
      "usertime": 391712
     },
     "943899336": {
      "maxRSS": 40956,
      "systemtime": 16332,
      "usertime": 391724
     },
     "943900445": {
      "maxRSS": 40956,
      "systemtime": 16332,
      "usertime": 395738
     },
     "943901552": {
      "maxRSS": 40956,
      "systemtime": 16332,
      "usertime": 395750
     },
     "943902666": {
      "maxRSS": 40956,
      "systemtime": 16332,
      "usertime": 395763
     },
     "943903734": {
      "maxRSS": 40956,
      "systemtime": 16332,
      "usertime": 395773
     },
     "943904839": {
      "maxRSS": 40956,
      "systemtime": 16332,
      "usertime": 399789
     },
     "943905985": {
      "maxRSS": 41084,
      "systemtime": 16332,
      "usertime": 399835
     },
     "943907097": {
      "maxRSS": 41084,
      "systemtime": 16332,
      "usertime": 399847
     },
     "943908168": {
      "maxRSS": 41084,
      "systemtime": 16332,
      "usertime": 403857
     },
     "943909233": {
      "maxRSS": 41212,
      "systemtime": 16332,
      "usertime": 403865
     },
     "943910337": {
      "maxRSS": 41212,
      "systemtime": 16332,
      "usertime": 403876
     },
     "943911447": {
      "maxRSS": 41340,
      "systemtime": 16332,
      "usertime": 403893
     },
     "943912570": {
      "maxRSS": 41468,
      "systemtime": 16332,
      "usertime": 407924
     },
     "943913678": {
      "maxRSS": 41468,
      "systemtime": 16332,
      "usertime": 407938
     },
     "943914784": {
      "maxRSS": 41596,
      "systemtime": 16332,
      "usertime": 407946
     },
     "943915910": {
      "maxRSS": 41596,
      "systemtime": 16332,
      "usertime": 407957
     },
     "943917030": {
      "maxRSS": 41724,
      "systemtime": 16332,
      "usertime": 411970
     },
     "943918133": {
      "maxRSS": 41724,
      "systemtime": 16332,
      "usertime": 411979
     },
     "943919242": {
      "maxRSS": 41852,
      "systemtime": 16332,
      "usertime": 411997
     },
     "943920315": {
      "maxRSS": 41980,
      "systemtime": 16332,
      "usertime": 416005
     },
     "943921414": {
      "maxRSS": 41980,
      "systemtime": 16332,
      "usertime": 416013
     },
     "943922514": {
      "maxRSS": 42108,
      "systemtime": 16332,
      "usertime": 416024
     },
     "943923611": {
      "maxRSS": 42108,
      "systemtime": 16332,
      "usertime": 416037
     },
     "943924684": {
      "maxRSS": 42236,
      "systemtime": 16332,
      "usertime": 420047
     },
     "943925786": {
      "maxRSS": 42364,
      "systemtime": 16332,
      "usertime": 420059
     },
     "943926871": {
      "maxRSS": 42364,
      "systemtime": 16332,
      "usertime": 420081
     },
     "943927952": {
      "maxRSS": 42492,
      "systemtime": 16332,
      "usertime": 420094
     },
     "943929142": {
      "maxRSS": 42492,
      "systemtime": 16332,
      "usertime": 424109
     },
     "943930256": {
      "maxRSS": 42620,
      "systemtime": 16332,
      "usertime": 424128
     },
     "943931359": {
      "maxRSS": 42748,
      "systemtime": 16332,
      "usertime": 424138
     },
     "943932461": {
      "maxRSS": 42748,
      "systemtime": 16332,
      "usertime": 428150
     },
     "943933554": {
      "maxRSS": 42876,
      "systemtime": 16332,
      "usertime": 428176
     },
     "943934634": {
      "maxRSS": 42876,
      "systemtime": 16332,
      "usertime": 428191
     },
     "943935740": {
      "maxRSS": 43004,
      "systemtime": 16332,
      "usertime": 428207
     },
     "943936860": {
      "maxRSS": 43004,
      "systemtime": 16332,
      "usertime": 432222
     },
     "943937972": {
      "maxRSS": 43132,
      "systemtime": 16332,
      "usertime": 432245
     },
     "943939075": {
      "maxRSS": 43260,
      "systemtime": 16332,
      "usertime": 432253
     },
     "943940159": {
      "maxRSS": 43260,
      "systemtime": 16332,
      "usertime": 436273
     },
     "943941257": {
      "maxRSS": 43388,
      "systemtime": 16332,
      "usertime": 436281
     },
     "943942369": {
      "maxRSS": 43388,
      "systemtime": 16332,
      "usertime": 436294
     },
     "943943449": {
      "maxRSS": 43516,
      "systemtime": 16332,
      "usertime": 436305
     },
     "943944522": {
      "maxRSS": 43644,
      "systemtime": 16332,
      "usertime": 440320
     },
     "943945605": {
      "maxRSS": 43644,
      "systemtime": 16332,
      "usertime": 440336
     },
     "943946752": {
      "maxRSS": 43772,
      "systemtime": 16332,
      "usertime": 440381
     },
     "943947834": {
      "maxRSS": 43772,
      "systemtime": 16332,
      "usertime": 440397
     },
     "943948960": {
      "maxRSS": 43900,
      "systemtime": 16332,
      "usertime": 444423
     },
     "943950054": {
      "maxRSS": 44028,
      "systemtime": 16332,
      "usertime": 444444
     },
     "943951139": {
      "maxRSS": 44028,
      "systemtime": 16332,
      "usertime": 444459
     },
     "943952224": {
      "maxRSS": 44156,
      "systemtime": 16332,
      "usertime": 448480
     },
     "943953305": {
      "maxRSS": 44156,
      "systemtime": 16332,
      "usertime": 448499
     },
     "943954440": {
      "maxRSS": 44284,
      "systemtime": 16332,
      "usertime": 448551
     },
     "943955529": {
      "maxRSS": 44412,
      "systemtime": 16332,
      "usertime": 448578
     },
     "943956638": {
      "maxRSS": 44412,
      "systemtime": 16332,
      "usertime": 452593
     },
     "943957714": {
      "maxRSS": 44540,
      "systemtime": 16332,
      "usertime": 452607
     },
     "943958794": {
      "maxRSS": 44540,
      "systemtime": 16332,
      "usertime": 452623
     },
     "943959875": {
      "maxRSS": 44668,
      "systemtime": 16332,
      "usertime": 452639
     },
     "943960974": {
      "maxRSS": 44668,
      "systemtime": 16332,
      "usertime": 456714
     },
     "943962057": {
      "maxRSS": 44796,
      "systemtime": 16332,
      "usertime": 456730
     },
     "943963164": {
      "maxRSS": 44924,
      "systemtime": 16332,
      "usertime": 456745
     },
     "943964242": {
      "maxRSS": 44924,
      "systemtime": 16332,
      "usertime": 460717
     },
     "943965332": {
      "maxRSS": 45052,
      "systemtime": 16332,
      "usertime": 461899
     },
     "943965733": {
      "maxRSS": 45052,
      "systemtime": 16332,
      "usertime": 462469
     },
     "943965949": {
      "maxRSS": 45052,
      "systemtime": 16332,
      "usertime": 462696
     },
     "943967041": {
      "maxRSS": 45308,
      "systemtime": 16332,
      "usertime": 462711
     },
     "943968125": {
      "maxRSS": 45564,
      "systemtime": 16332,
      "usertime": 464844
     },
     "943969240": {
      "maxRSS": 45820,
      "systemtime": 16332,
      "usertime": 464865
     },
     "943970312": {
      "maxRSS": 46076,
      "systemtime": 16332,
      "usertime": 464879
     },
     "943971378": {
      "maxRSS": 46460,
      "systemtime": 16332,
      "usertime": 464888
     },
     "943972467": {
      "maxRSS": 46716,
      "systemtime": 16332,
      "usertime": 468877
     },
     "943973566": {
      "maxRSS": 46972,
      "systemtime": 16332,
      "usertime": 468901
     },
     "943974654": {
      "maxRSS": 47228,
      "systemtime": 16332,
      "usertime": 468928
     },
     "943975733": {
      "maxRSS": 47612,
      "systemtime": 16332,
      "usertime": 468942
     },
     "943976840": {
      "maxRSS": 47740,
      "systemtime": 16332,
      "usertime": 472954
     },
     "943977937": {
      "maxRSS": 47996,
      "systemtime": 16332,
      "usertime": 472971
     },
     "943979029": {
      "maxRSS": 48252,
      "systemtime": 16332,
      "usertime": 472986
     },
     "943980116": {
      "maxRSS": 48636,
      "systemtime": 16332,
      "usertime": 477021
     },
     "943981214": {
      "maxRSS": 48892,
      "systemtime": 16332,
      "usertime": 477046
     },
     "943982334": {
      "maxRSS": 49148,
      "systemtime": 16332,
      "usertime": 477079
     },
     "943983459": {
      "maxRSS": 49404,
      "systemtime": 16332,
      "usertime": 477116
     },
     "943984543": {
      "maxRSS": 49788,
      "systemtime": 16332,
      "usertime": 481123
     },
     "943985617": {
      "maxRSS": 49916,
      "systemtime": 16332,
      "usertime": 481137
     },
     "943986700": {
      "maxRSS": 50172,
      "systemtime": 16332,
      "usertime": 481162
     },
     "943987770": {
      "maxRSS": 50300,
      "systemtime": 16332,
      "usertime": 481174
     },
     "943988892": {
      "maxRSS": 50556,
      "systemtime": 16332,
      "usertime": 485214
     },
     "943989978": {
      "maxRSS": 50940,
      "systemtime": 16332,
      "usertime": 485240
     },
     "943991056": {
      "maxRSS": 51196,
      "systemtime": 16332,
      "usertime": 485255
     },
     "943992128": {
      "maxRSS": 51452,
      "systemtime": 16332,
      "usertime": 489253
     },
     "943993209": {
      "maxRSS": 51708,
      "systemtime": 16332,
      "usertime": 489276
     },
     "943994280": {
      "maxRSS": 51964,
      "systemtime": 16332,
      "usertime": 489288
     },
     "943995359": {
      "maxRSS": 52092,
      "systemtime": 16332,
      "usertime": 489303
     },
     "943996442": {
      "maxRSS": 52348,
      "systemtime": 20225,
      "usertime": 489448
     },
     "943997548": {
      "maxRSS": 52476,
      "systemtime": 20279,
      "usertime": 490759
     },
     "943997631": {
      "maxRSS": 52476,
      "systemtime": 20289,
      "usertime": 491009
     },
     "943998742": {
      "maxRSS": 52476,
      "systemtime": 20290,
      "usertime": 491026
     },
     "943999839": {
      "maxRSS": 52476,
      "systemtime": 20290,
      "usertime": 491033
     },
     "944000912": {
      "maxRSS": 52476,
      "systemtime": 20290,
      "usertime": 493421
     },
     "944001995": {
      "maxRSS": 52476,
      "systemtime": 20290,
      "usertime": 493438
     },
     "944003084": {
      "maxRSS": 52476,
      "systemtime": 20290,
      "usertime": 493465
     },
     "944004161": {
      "maxRSS": 52476,
      "systemtime": 20290,
      "usertime": 497510
     },
     "944005237": {
      "maxRSS": 52476,
      "systemtime": 20290,
      "usertime": 497524
     },
     "944006325": {
      "maxRSS": 52476,
      "systemtime": 20290,
      "usertime": 497551
     },
     "944007392": {
      "maxRSS": 52476,
      "systemtime": 20290,
      "usertime": 497560
     },
     "944008458": {
      "maxRSS": 52476,
      "systemtime": 20290,
      "usertime": 501552
     },
     "944009531": {
      "maxRSS": 52476,
      "systemtime": 20290,
      "usertime": 501562
     },
     "944010608": {
      "maxRSS": 52476,
      "systemtime": 20290,
      "usertime": 501576
     },
     "944011682": {
      "maxRSS": 52476,
      "systemtime": 20290,
      "usertime": 501591
     },
     "944012811": {
      "maxRSS": 52476,
      "systemtime": 20290,
      "usertime": 505646
     },
     "944013925": {
      "maxRSS": 52476,
      "systemtime": 20290,
      "usertime": 505678
     },
     "944015012": {
      "maxRSS": 52476,
      "systemtime": 20290,
      "usertime": 505707
     },
     "944016052": {
      "maxRSS": 52476,
      "systemtime": 20290,
      "usertime": 509717
     },
     "944017167": {
      "maxRSS": 52476,
      "systemtime": 20290,
      "usertime": 509749
     },
     "944018256": {
      "maxRSS": 52476,
      "systemtime": 20290,
      "usertime": 509776
     },
     "944019345": {
      "maxRSS": 52476,
      "systemtime": 20290,
      "usertime": 509802
     },
     "944020454": {
      "maxRSS": 52476,
      "systemtime": 20290,
      "usertime": 513827
     },
     "944021560": {
      "maxRSS": 52476,
      "systemtime": 20290,
      "usertime": 513857
     },
     "944022665": {
      "maxRSS": 52476,
      "systemtime": 20290,
      "usertime": 513883
     },
     "944023747": {
      "maxRSS": 52476,
      "systemtime": 20290,
      "usertime": 513905
     },
     "944024836": {
      "maxRSS": 52476,
      "systemtime": 20290,
      "usertime": 517918
     },
     "944025925": {
      "maxRSS": 52476,
      "systemtime": 20290,
      "usertime": 517943
     },
     "944027036": {
      "maxRSS": 52476,
      "systemtime": 20290,
      "usertime": 517969
     },
     "944028116": {
      "maxRSS": 52476,
      "systemtime": 20290,
      "usertime": 521990
     },
     "944029192": {
      "maxRSS": 52476,
      "systemtime": 20290,
      "usertime": 522004
     },
     "944030264": {
      "maxRSS": 52476,
      "systemtime": 20290,
      "usertime": 522018
     },
     "944031377": {
      "maxRSS": 52476,
      "systemtime": 20290,
      "usertime": 522042
     },
     "944032494": {
      "maxRSS": 52476,
      "systemtime": 20290,
      "usertime": 526070
     },
     "944033605": {
      "maxRSS": 52476,
      "systemtime": 20290,
      "usertime": 526120
     },
     "944034716": {
      "maxRSS": 52476,
      "systemtime": 20290,
      "usertime": 526135
     },
     "944035806": {
      "maxRSS": 52476,
      "systemtime": 20290,
      "usertime": 526151
     },
     "944036881": {
      "maxRSS": 52476,
      "systemtime": 20290,
      "usertime": 530183
     },
     "944037972": {
      "maxRSS": 52476,
      "systemtime": 20290,
      "usertime": 530197
     },
     "944039047": {
      "maxRSS": 52476,
      "systemtime": 20290,
      "usertime": 530212
     },
     "944040130": {
      "maxRSS": 52476,
      "systemtime": 20290,
      "usertime": 534220
     },
     "944041227": {
      "maxRSS": 52476,
      "systemtime": 20290,
      "usertime": 534234
     },
     "944042300": {
      "maxRSS": 52476,
      "systemtime": 20290,
      "usertime": 534248
     },
     "944043389": {
      "maxRSS": 52476,
      "systemtime": 20290,
      "usertime": 534263
     },
     "944044569": {
      "maxRSS": 52476,
      "systemtime": 20290,
      "usertime": 538295
     },
     "944045680": {
      "maxRSS": 52476,
      "systemtime": 20290,
      "usertime": 538310
     },
     "944046801": {
      "maxRSS": 52476,
      "systemtime": 20290,
      "usertime": 538338
     },
     "944047874": {
      "maxRSS": 52476,
      "systemtime": 20290,
      "usertime": 538345
     },
     "944048951": {
      "maxRSS": 52476,
      "systemtime": 20290,
      "usertime": 542348
     },
     "944050054": {
      "maxRSS": 52476,
      "systemtime": 20290,
      "usertime": 542374
     },
     "944051157": {
      "maxRSS": 52476,
      "systemtime": 20290,
      "usertime": 542399
     },
     "944052231": {
      "maxRSS": 52476,
      "systemtime": 20290,
      "usertime": 546431
     },
     "944053333": {
      "maxRSS": 52476,
      "systemtime": 20290,
      "usertime": 546470
     },
     "944054434": {
      "maxRSS": 52476,
      "systemtime": 20290,
      "usertime": 546492
     },
     "944055514": {
      "maxRSS": 52476,
      "systemtime": 20290,
      "usertime": 546511
     },
     "944056615": {
      "maxRSS": 52476,
      "systemtime": 20290,
      "usertime": 550527
     },
     "944057736": {
      "maxRSS": 52476,
      "systemtime": 20290,
      "usertime": 550562
     },
     "944058825": {
      "maxRSS": 52476,
      "systemtime": 20290,
      "usertime": 550586
     },
     "944059925": {
      "maxRSS": 52476,
      "systemtime": 20290,
      "usertime": 550623
     },
     "944061014": {
      "maxRSS": 52476,
      "systemtime": 20290,
      "usertime": 554663
     },
     "944062103": {
      "maxRSS": 52476,
      "systemtime": 20290,
      "usertime": 554678
     },
     "944063174": {
      "maxRSS": 52476,
      "systemtime": 20290,
      "usertime": 554691
     },
     "944064263": {
      "maxRSS": 52476,
      "systemtime": 20290,
      "usertime": 558681
     },
     "944065358": {
      "maxRSS": 52476,
      "systemtime": 20290,
      "usertime": 558696
     },
     "944066435": {
      "maxRSS": 52476,
      "systemtime": 20290,
      "usertime": 558712
     },
     "944067560": {
      "maxRSS": 52476,
      "systemtime": 20290,
      "usertime": 558755
     },
     "944068642": {
      "maxRSS": 52476,
      "systemtime": 20290,
      "usertime": 562774
     },
     "944069777": {
      "maxRSS": 52476,
      "systemtime": 20290,
      "usertime": 562806
     },
     "944070858": {
      "maxRSS": 52476,
      "systemtime": 20290,
      "usertime": 562825
     },
     "944071937": {
      "maxRSS": 52476,
      "systemtime": 20290,
      "usertime": 562839
     },
     "944073046": {
      "maxRSS": 52476,
      "systemtime": 20290,
      "usertime": 566870
     },
     "944074174": {
      "maxRSS": 52476,
      "systemtime": 20290,
      "usertime": 566904
     },
     "944075251": {
      "maxRSS": 52476,
      "systemtime": 20290,
      "usertime": 566919
     },
     "944076338": {
      "maxRSS": 52476,
      "systemtime": 20290,
      "usertime": 570950
     },
     "944077422": {
      "maxRSS": 52604,
      "systemtime": 20290,
      "usertime": 570968
     },
     "944078541": {
      "maxRSS": 52604,
      "systemtime": 20290,
      "usertime": 570995
     },
     "944079652": {
      "maxRSS": 52732,
      "systemtime": 20290,
      "usertime": 571018
     },
     "944080777": {
      "maxRSS": 52860,
      "systemtime": 20290,
      "usertime": 575040
     },
     "944081852": {
      "maxRSS": 52860,
      "systemtime": 20290,
      "usertime": 575054
     },
     "944082929": {
      "maxRSS": 52988,
      "systemtime": 20290,
      "usertime": 575068
     },
     "944084026": {
      "maxRSS": 52988,
      "systemtime": 20290,
      "usertime": 579077
     },
     "944085107": {
      "maxRSS": 53116,
      "systemtime": 20290,
      "usertime": 579093
     },
     "944086185": {
      "maxRSS": 53116,
      "systemtime": 20290,
      "usertime": 579109
     },
     "944087275": {
      "maxRSS": 53244,
      "systemtime": 20290,
      "usertime": 579135
     },
     "944088359": {
      "maxRSS": 53372,
      "systemtime": 20290,
      "usertime": 583152
     },
     "944089476": {
      "maxRSS": 53372,
      "systemtime": 20290,
      "usertime": 583177
     },
     "944090604": {
      "maxRSS": 53500,
      "systemtime": 20290,
      "usertime": 583210
     },
     "944091812": {
      "maxRSS": 53500,
      "systemtime": 20290,
      "usertime": 583226
     },
     "944092892": {
      "maxRSS": 53628,
      "systemtime": 20290,
      "usertime": 587242
     },
     "944094026": {
      "maxRSS": 53628,
      "systemtime": 20290,
      "usertime": 587260
     },
     "944095166": {
      "maxRSS": 53756,
      "systemtime": 20290,
      "usertime": 587299
     },
     "944096260": {
      "maxRSS": 53756,
      "systemtime": 20290,
      "usertime": 591326
     },
     "944097330": {
      "maxRSS": 53884,
      "systemtime": 20290,
      "usertime": 591337
     },
     "944098405": {
      "maxRSS": 54012,
      "systemtime": 20306,
      "usertime": 592959
     },
     "944099512": {
      "maxRSS": 54012,
      "systemtime": 20307,
      "usertime": 592976
     },
     "944100592": {
      "maxRSS": 54140,
      "systemtime": 20307,
      "usertime": 595360
     },
     "944101681": {
      "maxRSS": 54140,
      "systemtime": 20307,
      "usertime": 595387
     },
     "944102804": {
      "maxRSS": 54268,
      "systemtime": 20307,
      "usertime": 595421
     },
     "944103939": {
      "maxRSS": 54268,
      "systemtime": 20307,
      "usertime": 595474
     },
     "944105046": {
      "maxRSS": 54396,
      "systemtime": 20307,
      "usertime": 599477
     },
     "944106130": {
      "maxRSS": 54396,
      "systemtime": 20307,
      "usertime": 599502
     },
     "944107201": {
      "maxRSS": 54524,
      "systemtime": 20307,
      "usertime": 599516
     },
     "944108300": {
      "maxRSS": 54652,
      "systemtime": 20307,
      "usertime": 603550
     },
     "944109411": {
      "maxRSS": 54652,
      "systemtime": 20307,
      "usertime": 603573
     },
     "944110559": {
      "maxRSS": 54780,
      "systemtime": 20307,
      "usertime": 603597
     },
     "944111670": {
      "maxRSS": 54780,
      "systemtime": 20307,
      "usertime": 603613
     },
     "944112783": {
      "maxRSS": 54908,
      "systemtime": 20307,
      "usertime": 607643
     },
     "944113908": {
      "maxRSS": 54908,
      "systemtime": 20307,
      "usertime": 607666
     },
     "944115043": {
      "maxRSS": 55036,
      "systemtime": 20307,
      "usertime": 607702
     },
     "944116097": {
      "maxRSS": 55164,
      "systemtime": 20307,
      "usertime": 611730
     },
     "944117201": {
      "maxRSS": 55164,
      "systemtime": 20307,
      "usertime": 611748
     },
     "944118272": {
      "maxRSS": 55292,
      "systemtime": 20307,
      "usertime": 611760
     },
     "944119340": {
      "maxRSS": 55292,
      "systemtime": 20307,
      "usertime": 611771
     },
     "944120442": {
      "maxRSS": 55420,
      "systemtime": 20307,
      "usertime": 615779
     },
     "944121538": {
      "maxRSS": 55548,
      "systemtime": 20307,
      "usertime": 615786
     },
     "944122618": {
      "maxRSS": 55676,
      "systemtime": 20307,
      "usertime": 615809
     },
     "944123682": {
      "maxRSS": 55804,
      "systemtime": 20307,
      "usertime": 615817
     },
     "944124768": {
      "maxRSS": 55804,
      "systemtime": 20307,
      "usertime": 619826
     },
     "944125850": {
      "maxRSS": 55932,
      "systemtime": 20307,
      "usertime": 619842
     },
     "944126961": {
      "maxRSS": 55932,
      "systemtime": 20307,
      "usertime": 619858
     },
     "944128031": {
      "maxRSS": 56060,
      "systemtime": 20307,
      "usertime": 623877
     },
     "944129126": {
      "maxRSS": 56060,
      "systemtime": 20307,
      "usertime": 623907
     },
     "944130198": {
      "maxRSS": 56188,
      "systemtime": 20307,
      "usertime": 623919
     },
     "944131265": {
      "maxRSS": 56316,
      "systemtime": 20307,
      "usertime": 623928
     },
     "944132336": {
      "maxRSS": 56316,
      "systemtime": 20307,
      "usertime": 627936
     },
     "944133402": {
      "maxRSS": 56444,
      "systemtime": 20307,
      "usertime": 627944
     },
     "944134506": {
      "maxRSS": 56444,
      "systemtime": 20307,
      "usertime": 627954
     },
     "944135650": {
      "maxRSS": 56572,
      "systemtime": 20307,
      "usertime": 627986
     },
     "944136716": {
      "maxRSS": 56700,
      "systemtime": 20307,
      "usertime": 631995
     },
     "944138791": {
      "maxRSS": 56828,
      "systemtime": 20307,
      "usertime": 632007
     },
     "944140897": {
      "maxRSS": 56956,
      "systemtime": 20307,
      "usertime": 636033
     },
     "944142973": {
      "maxRSS": 57084,
      "systemtime": 20307,
      "usertime": 636045
     },
     "944145046": {
      "maxRSS": 57212,
      "systemtime": 20307,
      "usertime": 640048
     },
     "944147161": {
      "maxRSS": 57340,
      "systemtime": 20307,
      "usertime": 640072
     },
     "944149263": {
      "maxRSS": 57468,
      "systemtime": 20307,
      "usertime": 644082
     },
     "944151331": {
      "maxRSS": 57596,
      "systemtime": 20357,
      "usertime": 647357
     },
     "944151777": {
      "maxRSS": 57596,
      "systemtime": 20371,
      "usertime": 647806
     },
     "944152087": {
      "maxRSS": 57596,
      "systemtime": 20371,
      "usertime": 648108
     },
     "944153202": {
      "maxRSS": 57852,
      "systemtime": 20371,
      "usertime": 648120
     },
     "944154310": {
      "maxRSS": 58108,
      "systemtime": 20371,
      "usertime": 648134
     },
     "944155423": {
      "maxRSS": 58492,
      "systemtime": 20371,
      "usertime": 648156
     },
     "944156540": {
      "maxRSS": 58748,
      "systemtime": 20371,
      "usertime": 652116
     },
     "944157642": {
      "maxRSS": 59004,
      "systemtime": 20371,
      "usertime": 652128
     },
     "944158746": {
      "maxRSS": 59260,
      "systemtime": 20371,
      "usertime": 652137
     },
     "944159811": {
      "maxRSS": 59644,
      "systemtime": 20371,
      "usertime": 652145
     },
     "944160879": {
      "maxRSS": 59900,
      "systemtime": 20371,
      "usertime": 656152
     },
     "944161963": {
      "maxRSS": 60156,
      "systemtime": 20371,
      "usertime": 656175
     },
     "944163071": {
      "maxRSS": 60412,
      "systemtime": 20371,
      "usertime": 656188
     },
     "944164136": {
      "maxRSS": 60668,
      "systemtime": 20371,
      "usertime": 660195
     },
     "944165234": {
      "maxRSS": 61052,
      "systemtime": 20371,
      "usertime": 660202
     },
     "944166337": {
      "maxRSS": 61308,
      "systemtime": 20371,
      "usertime": 660212
     },
     "944167424": {
      "maxRSS": 61564,
      "systemtime": 20371,
      "usertime": 660229
     },
     "944168544": {
      "maxRSS": 61692,
      "systemtime": 20371,
      "usertime": 664277
     },
     "944169651": {
      "maxRSS": 61948,
      "systemtime": 20371,
      "usertime": 664302
     },
     "944170728": {
      "maxRSS": 62332,
      "systemtime": 20371,
      "usertime": 664318
     },
     "944171834": {
      "maxRSS": 62588,
      "systemtime": 20371,
      "usertime": 664329
     },
     "944172913": {
      "maxRSS": 62844,
      "systemtime": 20371,
      "usertime": 668340
     },
     "944173990": {
      "maxRSS": 63100,
      "systemtime": 20371,
      "usertime": 668355
     },
     "944175074": {
      "maxRSS": 63356,
      "systemtime": 20371,
      "usertime": 668380
     },
     "944176146": {
      "maxRSS": 63740,
      "systemtime": 20371,
      "usertime": 672387
     },
     "944177213": {
      "maxRSS": 63996,
      "systemtime": 20371,
      "usertime": 672396
     },
     "944178285": {
      "maxRSS": 64252,
      "systemtime": 20371,
      "usertime": 672407
     },
     "944179357": {
      "maxRSS": 64508,
      "systemtime": 20371,
      "usertime": 672420
     },
     "944180449": {
      "maxRSS": 64764,
      "systemtime": 20371,
      "usertime": 676436
     },
     "944181527": {
      "maxRSS": 65020,
      "systemtime": 20371,
      "usertime": 676451
     },
     "944182620": {
      "maxRSS": 65404,
      "systemtime": 20371,
      "usertime": 676480
     },
     "944183697": {
      "maxRSS": 65660,
      "systemtime": 20371,
      "usertime": 676494
     },
     "944184770": {
      "maxRSS": 65916,
      "systemtime": 20371,
      "usertime": 680507
     },
     "944185871": {
      "maxRSS": 66172,
      "systemtime": 20371,
      "usertime": 680517
     },
     "944186969": {
      "maxRSS": 66428,
      "systemtime": 20371,
      "usertime": 680525
     },
     "944188015": {
      "maxRSS": 66684,
      "systemtime": 20371,
      "usertime": 684532
     },
     "944189131": {
      "maxRSS": 67068,
      "systemtime": 20371,
      "usertime": 684557
     },
     "944190229": {
      "maxRSS": 67324,
      "systemtime": 20371,
      "usertime": 684565
     },
     "944191342": {
      "maxRSS": 67580,
      "systemtime": 20371,
      "usertime": 684581
     },
     "944192451": {
      "maxRSS": 67580,
      "systemtime": 20371,
      "usertime": 688817
     },
     "944192569": {
      "maxRSS": 67580,
      "systemtime": 20371,
      "usertime": 689164
     },
     "944193675": {
      "maxRSS": 67580,
      "systemtime": 20371,
      "usertime": 689174
     },
     "944194785": {
      "maxRSS": 67580,
      "systemtime": 20371,
      "usertime": 689194
     },
     "944195851": {
      "maxRSS": 67580,
      "systemtime": 20371,
      "usertime": 689202
     },
     "944196954": {
      "maxRSS": 67580,
      "systemtime": 20371,
      "usertime": 692649
     },
     "944198020": {
      "maxRSS": 67580,
      "systemtime": 20371,
      "usertime": 692657
     },
     "944199086": {
      "maxRSS": 67580,
      "systemtime": 20371,
      "usertime": 692665
     },
     "944200173": {
      "maxRSS": 67580,
      "systemtime": 20371,
      "usertime": 696690
     },
     "944201255": {
      "maxRSS": 67580,
      "systemtime": 20371,
      "usertime": 696713
     },
     "944202357": {
      "maxRSS": 67580,
      "systemtime": 20371,
      "usertime": 696723
     },
     "944203470": {
      "maxRSS": 67580,
      "systemtime": 20371,
      "usertime": 696741
     },
     "944204621": {
      "maxRSS": 67580,
      "systemtime": 20371,
      "usertime": 700752
     },
     "944205718": {
      "maxRSS": 67580,
      "systemtime": 20371,
      "usertime": 700760
     },
     "944206827": {
      "maxRSS": 67580,
      "systemtime": 20371,
      "usertime": 700777
     },
     "944207894": {
      "maxRSS": 67580,
      "systemtime": 20371,
      "usertime": 700786
     },
     "944209001": {
      "maxRSS": 67580,
      "systemtime": 20371,
      "usertime": 704800
     },
     "944210068": {
      "maxRSS": 67580,
      "systemtime": 20371,
      "usertime": 704808
     },
     "944211245": {
      "maxRSS": 67580,
      "systemtime": 20371,
      "usertime": 704835
     },
     "944212317": {
      "maxRSS": 67580,
      "systemtime": 20371,
      "usertime": 708853
     },
     "944213385": {
      "maxRSS": 67580,
      "systemtime": 20371,
      "usertime": 708862
     },
     "944214556": {
      "maxRSS": 67580,
      "systemtime": 20371,
      "usertime": 708877
     },
     "944215696": {
      "maxRSS": 67580,
      "systemtime": 20371,
      "usertime": 708910
     },
     "944216809": {
      "maxRSS": 67580,
      "systemtime": 20371,
      "usertime": 712934
     },
     "944217887": {
      "maxRSS": 67580,
      "systemtime": 20371,
      "usertime": 712949
     },
     "944218965": {
      "maxRSS": 67580,
      "systemtime": 20371,
      "usertime": 712964
     },
     "944220017": {
      "maxRSS": 67580,
      "systemtime": 20371,
      "usertime": 716973
     },
     "944221147": {
      "maxRSS": 67580,
      "systemtime": 20371,
      "usertime": 716988
     },
     "944222277": {
      "maxRSS": 67580,
      "systemtime": 20371,
      "usertime": 717016
     },
     "944223346": {
      "maxRSS": 67580,
      "systemtime": 20371,
      "usertime": 717026
     },
     "944224416": {
      "maxRSS": 67580,
      "systemtime": 20371,
      "usertime": 721038
     },
     "944225498": {
      "maxRSS": 67580,
      "systemtime": 20371,
      "usertime": 721056
     },
     "944226570": {
      "maxRSS": 67580,
      "systemtime": 20371,
      "usertime": 721068
     },
     "944227667": {
      "maxRSS": 67580,
      "systemtime": 20371,
      "usertime": 721077
     },
     "944228754": {
      "maxRSS": 67580,
      "systemtime": 20371,
      "usertime": 725105
     },
     "944229853": {
      "maxRSS": 67580,
      "systemtime": 20371,
      "usertime": 725114
     },
     "944230918": {
      "maxRSS": 67580,
      "systemtime": 20371,
      "usertime": 725121
     },
     "944232018": {
      "maxRSS": 67580,
      "systemtime": 20371,
      "usertime": 729127
     },
     "944233086": {
      "maxRSS": 67580,
      "systemtime": 20371,
      "usertime": 729134
     },
     "944234162": {
      "maxRSS": 67580,
      "systemtime": 20371,
      "usertime": 729146
     },
     "944235234": {
      "maxRSS": 67580,
      "systemtime": 20371,
      "usertime": 729159
     },
     "944236315": {
      "maxRSS": 67580,
      "systemtime": 20371,
      "usertime": 733183
     },
     "944237381": {
      "maxRSS": 67580,
      "systemtime": 20371,
      "usertime": 733190
     },
     "944238488": {
      "maxRSS": 67580,
      "systemtime": 20371,
      "usertime": 733199
     },
     "944239585": {
      "maxRSS": 67580,
      "systemtime": 20371,
      "usertime": 733207
     },
     "944240685": {
      "maxRSS": 67580,
      "systemtime": 20371,
      "usertime": 737215
     },
     "944241775": {
      "maxRSS": 67580,
      "systemtime": 20371,
      "usertime": 737233
     },
     "944242899": {
      "maxRSS": 67580,
      "systemtime": 20371,
      "usertime": 737257
     },
     "944243991": {
      "maxRSS": 67580,
      "systemtime": 20371,
      "usertime": 737279
     },
     "944245141": {
      "maxRSS": 67580,
      "systemtime": 20371,
      "usertime": 741404
     },
     "944246293": {
      "maxRSS": 67580,
      "systemtime": 20371,
      "usertime": 741429
     },
     "944247441": {
      "maxRSS": 67580,
      "systemtime": 20371,
      "usertime": 741448
     },
     "944248545": {
      "maxRSS": 67580,
      "systemtime": 20371,
      "usertime": 745396
     },
     "944249677": {
      "maxRSS": 67580,
      "systemtime": 20371,
      "usertime": 745435
     },
     "944250781": {
      "maxRSS": 67580,
      "systemtime": 20371,
      "usertime": 745447
     },
     "944251878": {
      "maxRSS": 67580,
      "systemtime": 20371,
      "usertime": 745454
     },
     "944252991": {
      "maxRSS": 67580,
      "systemtime": 20371,
      "usertime": 749473
     },
     "944254110": {
      "maxRSS": 67580,
      "systemtime": 20371,
      "usertime": 749495
     },
     "944255211": {
      "maxRSS": 67580,
      "systemtime": 20371,
      "usertime": 749504
     },
     "944256283": {
      "maxRSS": 67580,
      "systemtime": 20371,
      "usertime": 753519
     },
     "944257387": {
      "maxRSS": 67580,
      "systemtime": 20371,
      "usertime": 753531
     },
     "944258536": {
      "maxRSS": 67580,
      "systemtime": 20371,
      "usertime": 753548
     },
     "944259624": {
      "maxRSS": 67580,
      "systemtime": 20371,
      "usertime": 753572
     },
     "944260753": {
      "maxRSS": 67580,
      "systemtime": 20371,
      "usertime": 757597
     },
     "944261869": {
      "maxRSS": 67580,
      "systemtime": 20371,
      "usertime": 757613
     },
     "944262936": {
      "maxRSS": 67580,
      "systemtime": 20371,
      "usertime": 757622
     },
     "944264064": {
      "maxRSS": 67580,
      "systemtime": 20371,
      "usertime": 761650
     },
     "944265163": {
      "maxRSS": 67580,
      "systemtime": 20371,
      "usertime": 761658
     },
     "944266266": {
      "maxRSS": 67580,
      "systemtime": 20371,
      "usertime": 761666
     },
     "944267370": {
      "maxRSS": 67580,
      "systemtime": 20371,
      "usertime": 761674
     },
     "944268473": {
      "maxRSS": 67580,
      "systemtime": 20371,
      "usertime": 765684
     },
     "944269573": {
      "maxRSS": 67580,
      "systemtime": 20371,
      "usertime": 765694
     },
     "944270689": {
      "maxRSS": 67580,
      "systemtime": 20371,
      "usertime": 765716
     },
     "944271788": {
      "maxRSS": 67580,
      "systemtime": 20371,
      "usertime": 765724
     },
     "944272893": {
      "maxRSS": 67580,
      "systemtime": 20371,
      "usertime": 769738
     },
     "944274041": {
      "maxRSS": 67580,
      "systemtime": 20371,
      "usertime": 769752
     },
     "944275149": {
      "maxRSS": 67580,
      "systemtime": 20371,
      "usertime": 769766
     },
     "944276330": {
      "maxRSS": 67580,
      "systemtime": 20371,
      "usertime": 773782
     },
     "944277478": {
      "maxRSS": 67580,
      "systemtime": 20371,
      "usertime": 773811
     },
     "944278554": {
      "maxRSS": 67580,
      "systemtime": 20371,
      "usertime": 773823
     },
     "944279623": {
      "maxRSS": 67580,
      "systemtime": 20371,
      "usertime": 773833
     },
     "944280758": {
      "maxRSS": 67580,
      "systemtime": 20371,
      "usertime": 777852
     },
     "944281878": {
      "maxRSS": 67580,
      "systemtime": 20371,
      "usertime": 777870
     },
     "944283029": {
      "maxRSS": 67580,
      "systemtime": 20371,
      "usertime": 777898
     },
     "944284118": {
      "maxRSS": 67580,
      "systemtime": 20371,
      "usertime": 781927
     },
     "944285202": {
      "maxRSS": 67580,
      "systemtime": 20371,
      "usertime": 781948
     },
     "944286288": {
      "maxRSS": 67580,
      "systemtime": 20371,
      "usertime": 781974
     },
     "944287394": {
      "maxRSS": 67580,
      "systemtime": 20371,
      "usertime": 781987
     },
     "944288537": {
      "maxRSS": 67580,
      "systemtime": 20371,
      "usertime": 786005
     },
     "944289638": {
      "maxRSS": 67580,
      "systemtime": 20371,
      "usertime": 786013
     },
     "944290736": {
      "maxRSS": 67580,
      "systemtime": 20371,
      "usertime": 786022
     },
     "944291818": {
      "maxRSS": 67580,
      "systemtime": 20371,
      "usertime": 786045
     },
     "944293014": {
      "maxRSS": 67580,
      "systemtime": 20371,
      "usertime": 790058
     },
     "944294090": {
      "maxRSS": 67580,
      "systemtime": 20371,
      "usertime": 790072
     },
     "944295173": {
      "maxRSS": 67580,
      "systemtime": 20371,
      "usertime": 790090
     },
     "944296252": {
      "maxRSS": 67580,
      "systemtime": 20371,
      "usertime": 794107
     },
     "944297322": {
      "maxRSS": 67580,
      "systemtime": 20371,
      "usertime": 794119
     },
     "944298446": {
      "maxRSS": 67580,
      "systemtime": 20371,
      "usertime": 794149
     },
     "944299544": {
      "maxRSS": 67580,
      "systemtime": 20371,
      "usertime": 794158
     },
     "944300623": {
      "maxRSS": 67580,
      "systemtime": 20371,
      "usertime": 798169
     },
     "944301710": {
      "maxRSS": 67580,
      "systemtime": 20371,
      "usertime": 798189
     },
     "944302785": {
      "maxRSS": 67580,
      "systemtime": 20371,
      "usertime": 798204
     },
     "944303890": {
      "maxRSS": 67580,
      "systemtime": 20371,
      "usertime": 798217
     },
     "944305015": {
      "maxRSS": 67580,
      "systemtime": 20371,
      "usertime": 802303
     },
     "944306113": {
      "maxRSS": 67580,
      "systemtime": 20371,
      "usertime": 802310
     },
     "944307213": {
      "maxRSS": 67580,
      "systemtime": 20371,
      "usertime": 802317
     },
     "944308292": {
      "maxRSS": 67580,
      "systemtime": 20371,
      "usertime": 806274
     },
     "944309410": {
      "maxRSS": 67708,
      "systemtime": 20371,
      "usertime": 806310
     },
     "944310513": {
      "maxRSS": 67708,
      "systemtime": 20371,
      "usertime": 806348
     },
     "944311633": {
      "maxRSS": 67836,
      "systemtime": 20371,
      "usertime": 806374
     },
     "944312746": {
      "maxRSS": 67836,
      "systemtime": 20371,
      "usertime": 810400
     },
     "944313868": {
      "maxRSS": 67964,
      "systemtime": 20371,
      "usertime": 810433
     },
     "944314970": {
      "maxRSS": 68092,
      "systemtime": 20371,
      "usertime": 810444
     },
     "944316021": {
      "maxRSS": 68092,
      "systemtime": 20371,
      "usertime": 814451
     },
     "944317122": {
      "maxRSS": 68220,
      "systemtime": 20371,
      "usertime": 814461
     },
     "944318190": {
      "maxRSS": 68220,
      "systemtime": 20371,
      "usertime": 814471
     },
     "944319303": {
      "maxRSS": 68348,
      "systemtime": 20371,
      "usertime": 814492
     },
     "944320407": {
      "maxRSS": 68348,
      "systemtime": 20371,
      "usertime": 818513
     },
     "944321509": {
      "maxRSS": 68476,
      "systemtime": 20371,
      "usertime": 818525
     },
     "944322610": {
      "maxRSS": 68476,
      "systemtime": 20371,
      "usertime": 818534
     },
     "944323687": {
      "maxRSS": 68604,
      "systemtime": 20371,
      "usertime": 818547
     },
     "944324844": {
      "maxRSS": 68604,
      "systemtime": 20371,
      "usertime": 822589
     },
     "944325926": {
      "maxRSS": 68732,
      "systemtime": 20371,
      "usertime": 822613
     },
     "944326995": {
      "maxRSS": 68732,
      "systemtime": 20371,
      "usertime": 822623
     },
     "944328014": {
      "maxRSS": 68860,
      "systemtime": 20371,
      "usertime": 826619
     },
     "944329079": {
      "maxRSS": 68988,
      "systemtime": 20371,
      "usertime": 826627
     },
     "944330145": {
      "maxRSS": 68988,
      "systemtime": 20371,
      "usertime": 826635
     },
     "944331255": {
      "maxRSS": 69116,
      "systemtime": 20371,
      "usertime": 826653
     },
     "944332335": {
      "maxRSS": 69116,
      "systemtime": 20371,
      "usertime": 830674
     },
     "944334448": {
      "maxRSS": 69244,
      "systemtime": 20371,
      "usertime": 830687
     },
     "944336548": {
      "maxRSS": 69372,
      "systemtime": 20371,
      "usertime": 834731
     },
     "944338649": {
      "maxRSS": 69500,
      "systemtime": 20371,
      "usertime": 834751
     },
     "944340775": {
      "maxRSS": 69628,
      "systemtime": 20371,
      "usertime": 838834
     },
     "944342863": {
      "maxRSS": 69756,
      "systemtime": 20371,
      "usertime": 838854
     },
     "944344993": {
      "maxRSS": 69884,
      "systemtime": 20371,
      "usertime": 842832
     },
     "944347135": {
      "maxRSS": 70012,
      "systemtime": 20371,
      "usertime": 842854
     },
     "944349207": {
      "maxRSS": 70140,
      "systemtime": 20371,
      "usertime": 846864
     },
     "944351332": {
      "maxRSS": 70268,
      "systemtime": 20371,
      "usertime": 846878
     },
     "944353544": {
      "maxRSS": 70524,
      "systemtime": 20371,
      "usertime": 850925
     },
     "944355746": {
      "maxRSS": 70652,
      "systemtime": 20371,
      "usertime": 850950
     },
     "944357865": {
      "maxRSS": 70780,
      "systemtime": 20371,
      "usertime": 854968
     },
     "944360014": {
      "maxRSS": 71036,
      "systemtime": 24092,
      "usertime": 855283
     },
     "944362193": {
      "maxRSS": 71164,
      "systemtime": 24092,
      "usertime": 855301
     },
     "944364327": {
      "maxRSS": 71292,
      "systemtime": 24092,
      "usertime": 859315
     },
     "944366447": {
      "maxRSS": 71420,
      "systemtime": 24093,
      "usertime": 859333
     },
     "944368564": {
      "maxRSS": 71548,
      "systemtime": 24093,
      "usertime": 863359
     },
     "944370677": {
      "maxRSS": 71676,
      "systemtime": 24094,
      "usertime": 863379
     },
     "944372774": {
      "maxRSS": 71804,
      "systemtime": 24094,
      "usertime": 867416
     },
     "944374868": {
      "maxRSS": 71932,
      "systemtime": 24095,
      "usertime": 867433
     },
     "944376988": {
      "maxRSS": 72060,
      "systemtime": 24095,
      "usertime": 871461
     },
     "944379103": {
      "maxRSS": 72188,
      "systemtime": 24096,
      "usertime": 871479
     },
     "944381228": {
      "maxRSS": 72316,
      "systemtime": 24096,
      "usertime": 875497
     },
     "944383336": {
      "maxRSS": 72444,
      "systemtime": 24096,
      "usertime": 875511
     },
     "944385431": {
      "maxRSS": 72572,
      "systemtime": 24098,
      "usertime": 879582
     },
     "944387504": {
      "maxRSS": 72700,
      "systemtime": 24098,
      "usertime": 879596
     },
     "944389615": {
      "maxRSS": 72956,
      "systemtime": 24098,
      "usertime": 883574
     },
     "944391717": {
      "maxRSS": 73084,
      "systemtime": 24098,
      "usertime": 883586
     },
     "944393860": {
      "maxRSS": 73212,
      "systemtime": 24098,
      "usertime": 887632
     },
     "944396095": {
      "maxRSS": 73212,
      "systemtime": 24204,
      "usertime": 891546
     },
     "944396679": {
      "maxRSS": 73212,
      "systemtime": 24204,
      "usertime": 892194
     },
     "944397001": {
      "maxRSS": 73212,
      "systemtime": 24204,
      "usertime": 892569
     },
     "944398155": {
      "maxRSS": 73596,
      "systemtime": 24204,
      "usertime": 892579
     },
     "944399263": {
      "maxRSS": 73852,
      "systemtime": 24204,
      "usertime": 892591
     },
     "944400335": {
      "maxRSS": 74108,
      "systemtime": 24204,
      "usertime": 895632
     },
     "944401435": {
      "maxRSS": 74364,
      "systemtime": 24204,
      "usertime": 895658
     },
     "944402544": {
      "maxRSS": 74620,
      "systemtime": 24204,
      "usertime": 895700
     },
     "944403694": {
      "maxRSS": 75004,
      "systemtime": 24204,
      "usertime": 895727
     },
     "944404782": {
      "maxRSS": 75260,
      "systemtime": 24204,
      "usertime": 899747
     },
     "944405928": {
      "maxRSS": 75516,
      "systemtime": 24204,
      "usertime": 899766
     },
     "944407048": {
      "maxRSS": 75772,
      "systemtime": 24204,
      "usertime": 899781
     },
     "944408080": {
      "maxRSS": 76028,
      "systemtime": 24204,
      "usertime": 903793
     },
     "944409189": {
      "maxRSS": 76284,
      "systemtime": 24204,
      "usertime": 903814
     },
     "944410285": {
      "maxRSS": 76540,
      "systemtime": 24204,
      "usertime": 903849
     },
     "944411357": {
      "maxRSS": 76796,
      "systemtime": 24204,
      "usertime": 903863
     },
     "944412469": {
      "maxRSS": 77052,
      "systemtime": 24204,
      "usertime": 907883
     },
     "944413592": {
      "maxRSS": 77308,
      "systemtime": 24204,
      "usertime": 907900
     },
     "944414707": {
      "maxRSS": 77692,
      "systemtime": 24204,
      "usertime": 907917
     },
     "944415815": {
      "maxRSS": 77948,
      "systemtime": 24204,
      "usertime": 907929
     },
     "944416977": {
      "maxRSS": 78204,
      "systemtime": 24204,
      "usertime": 911961
     },
     "944418065": {
      "maxRSS": 78460,
      "systemtime": 24204,
      "usertime": 911979
     },
     "944419216": {
      "maxRSS": 78844,
      "systemtime": 24204,
      "usertime": 912002
     },
     "944420296": {
      "maxRSS": 79100,
      "systemtime": 24204,
      "usertime": 916019
     },
     "944421401": {
      "maxRSS": 79356,
      "systemtime": 24204,
      "usertime": 916029
     },
     "944422505": {
      "maxRSS": 79612,
      "systemtime": 24204,
      "usertime": 916038
     },
     "944423604": {
      "maxRSS": 79868,
      "systemtime": 24204,
      "usertime": 916070
     },
     "944424716": {
      "maxRSS": 80124,
      "systemtime": 24204,
      "usertime": 920111
     },
     "944425790": {
      "maxRSS": 80380,
      "systemtime": 24204,
      "usertime": 920126
     },
     "944426868": {
      "maxRSS": 80636,
      "systemtime": 24204,
      "usertime": 920140
     },
     "944428152": {
      "maxRSS": 80892,
      "systemtime": 24204,
      "usertime": 924136
     },
     "944429233": {
      "maxRSS": 81276,
      "systemtime": 24204,
      "usertime": 924154
     },
     "944430954": {
      "maxRSS": 81660,
      "systemtime": 24204,
      "usertime": 924567
     },
     "944432031": {
      "maxRSS": 81916,
      "systemtime": 24204,
      "usertime": 928580
     },
     "944433121": {
      "maxRSS": 82172,
      "systemtime": 24204,
      "usertime": 928595
     },
     "944434265": {
      "maxRSS": 82428,
      "systemtime": 24204,
      "usertime": 928615
     },
     "944435337": {
      "maxRSS": 82684,
      "systemtime": 24204,
      "usertime": 928628
     },
     "944436409": {
      "maxRSS": 82940,
      "systemtime": 24204,
      "usertime": 932638
     },
     "944437491": {
      "maxRSS": 83324,
      "systemtime": 24204,
      "usertime": 932647
     },
     "944438623": {
      "maxRSS": 83580,
      "systemtime": 24204,
      "usertime": 932701
     },
     "944439708": {
      "maxRSS": 83836,
      "systemtime": 24204,
      "usertime": 932716
     },
     "944440784": {
      "maxRSS": 84092,
      "systemtime": 24204,
      "usertime": 936736
     },
     "944441923": {
      "maxRSS": 84348,
      "systemtime": 24204,
      "usertime": 936754
     },
     "944443007": {
      "maxRSS": 84604,
      "systemtime": 24204,
      "usertime": 936771
     },
     "944444053": {
      "maxRSS": 84860,
      "systemtime": 24204,
      "usertime": 940783
     },
     "944445144": {
      "maxRSS": 85244,
      "systemtime": 24204,
      "usertime": 940813
     },
     "944446264": {
      "maxRSS": 85500,
      "systemtime": 24204,
      "usertime": 940841
     },
     "944447334": {
      "maxRSS": 85756,
      "systemtime": 24204,
      "usertime": 940853
     },
     "944448440": {
      "maxRSS": 85884,
      "systemtime": 24204,
      "usertime": 944869
     },
     "944449541": {
      "maxRSS": 85884,
      "systemtime": 24204,
      "usertime": 946285
     },
     "944449892": {
      "maxRSS": 85884,
      "systemtime": 24204,
      "usertime": 946746
     },
     "944450991": {
      "maxRSS": 85884,
      "systemtime": 24204,
      "usertime": 946783
     },
     "944452083": {
      "maxRSS": 85884,
      "systemtime": 24204,
      "usertime": 948964
     },
     "944453187": {
      "maxRSS": 85884,
      "systemtime": 24204,
      "usertime": 948974
     },
     "944454293": {
      "maxRSS": 85884,
      "systemtime": 24204,
      "usertime": 948986
     },
     "944455392": {
      "maxRSS": 85884,
      "systemtime": 24204,
      "usertime": 948993
     },
     "944456500": {
      "maxRSS": 85884,
      "systemtime": 24204,
      "usertime": 953009
     },
     "944457618": {
      "maxRSS": 85884,
      "systemtime": 24204,
      "usertime": 953038
     },
     "944458715": {
      "maxRSS": 85884,
      "systemtime": 24204,
      "usertime": 953045
     },
     "944459782": {
      "maxRSS": 85884,
      "systemtime": 24204,
      "usertime": 953053
     },
     "944460859": {
      "maxRSS": 85884,
      "systemtime": 24204,
      "usertime": 957065
     },
     "944461940": {
      "maxRSS": 85884,
      "systemtime": 24204,
      "usertime": 957082
     },
     "944463048": {
      "maxRSS": 85884,
      "systemtime": 24204,
      "usertime": 957097
     },
     "944464124": {
      "maxRSS": 85884,
      "systemtime": 24204,
      "usertime": 961111
     },
     "944465241": {
      "maxRSS": 85884,
      "systemtime": 24204,
      "usertime": 961135
     },
     "944466350": {
      "maxRSS": 85884,
      "systemtime": 24204,
      "usertime": 961152
     },
     "944467454": {
      "maxRSS": 85884,
      "systemtime": 24204,
      "usertime": 961164
     },
     "944468572": {
      "maxRSS": 85884,
      "systemtime": 24204,
      "usertime": 965193
     },
     "944469685": {
      "maxRSS": 85884,
      "systemtime": 24204,
      "usertime": 965213
     },
     "944470816": {
      "maxRSS": 85884,
      "systemtime": 24204,
      "usertime": 965232
     },
     "944471899": {
      "maxRSS": 85884,
      "systemtime": 24204,
      "usertime": 965255
     },
     "944473006": {
      "maxRSS": 85884,
      "systemtime": 24204,
      "usertime": 969275
     },
     "944474142": {
      "maxRSS": 85884,
      "systemtime": 24204,
      "usertime": 969302
     },
     "944475227": {
      "maxRSS": 85884,
      "systemtime": 24204,
      "usertime": 969316
     },
     "944476338": {
      "maxRSS": 85884,
      "systemtime": 24204,
      "usertime": 973347
     },
     "944477432": {
      "maxRSS": 85884,
      "systemtime": 24204,
      "usertime": 973372
     },
     "944478533": {
      "maxRSS": 85884,
      "systemtime": 24204,
      "usertime": 973409
     },
     "944479625": {
      "maxRSS": 85884,
      "systemtime": 24204,
      "usertime": 973423
     },
     "944480753": {
      "maxRSS": 85884,
      "systemtime": 24204,
      "usertime": 977441
     },
     "944481819": {
      "maxRSS": 85884,
      "systemtime": 24204,
      "usertime": 977450
     },
     "944482908": {
      "maxRSS": 85884,
      "systemtime": 24204,
      "usertime": 977457
     },
     "944483981": {
      "maxRSS": 85884,
      "systemtime": 24204,
      "usertime": 977468
     },
     "944485153": {
      "maxRSS": 85884,
      "systemtime": 28048,
      "usertime": 977673
     },
     "944486263": {
      "maxRSS": 85884,
      "systemtime": 28048,
      "usertime": 977696
     },
     "944487367": {
      "maxRSS": 85884,
      "systemtime": 28049,
      "usertime": 977708
     },
     "944488441": {
      "maxRSS": 85884,
      "systemtime": 28049,
      "usertime": 981719
     },
     "944489524": {
      "maxRSS": 85884,
      "systemtime": 28049,
      "usertime": 981731
     },
     "944490611": {
      "maxRSS": 85884,
      "systemtime": 28049,
      "usertime": 981746
     },
     "944491736": {
      "maxRSS": 85884,
      "systemtime": 28050,
      "usertime": 981774
     },
     "944492861": {
      "maxRSS": 85884,
      "systemtime": 28051,
      "usertime": 985817
     },
     "944493936": {
      "maxRSS": 85884,
      "systemtime": 28052,
      "usertime": 985831
     },
     "944495037": {
      "maxRSS": 85884,
      "systemtime": 28052,
      "usertime": 985853
     },
     "944496132": {
      "maxRSS": 85884,
      "systemtime": 28053,
      "usertime": 989877
     },
     "944497239": {
      "maxRSS": 85884,
      "systemtime": 28053,
      "usertime": 989888
     },
     "944498312": {
      "maxRSS": 85884,
      "systemtime": 28053,
      "usertime": 989898
     },
     "944499471": {
      "maxRSS": 85884,
      "systemtime": 28054,
      "usertime": 989928
     },
     "944500583": {
      "maxRSS": 85884,
      "systemtime": 28055,
      "usertime": 993958
     },
     "944501698": {
      "maxRSS": 85884,
      "systemtime": 28056,
      "usertime": 993988
     },
     "944502794": {
      "maxRSS": 85884,
      "systemtime": 28056,
      "usertime": 994011
     },
     "944503871": {
      "maxRSS": 85884,
      "systemtime": 28057,
      "usertime": 994026
     },
     "944505007": {
      "maxRSS": 85884,
      "systemtime": 28057,
      "usertime": 998047
     },
     "944506100": {
      "maxRSS": 85884,
      "systemtime": 28058,
      "usertime": 998079
     },
     "944507209": {
      "maxRSS": 85884,
      "systemtime": 28059,
      "usertime": 998100
     },
     "944508300": {
      "maxRSS": 85884,
      "systemtime": 28059,
      "usertime": 1002096
     },
     "944509427": {
      "maxRSS": 85884,
      "systemtime": 28059,
      "usertime": 1002125
     },
     "944510538": {
      "maxRSS": 85884,
      "systemtime": 28060,
      "usertime": 1002154
     },
     "944511623": {
      "maxRSS": 85884,
      "systemtime": 28061,
      "usertime": 1002181
     },
     "944512726": {
      "maxRSS": 85884,
      "systemtime": 28061,
      "usertime": 1006207
     },
     "944513815": {
      "maxRSS": 85884,
      "systemtime": 28061,
      "usertime": 1006221
     },
     "944514892": {
      "maxRSS": 85884,
      "systemtime": 28062,
      "usertime": 1006236
     },
     "944516023": {
      "maxRSS": 85884,
      "systemtime": 28062,
      "usertime": 1010256
     },
     "944517104": {
      "maxRSS": 85884,
      "systemtime": 28063,
      "usertime": 1010271
     },
     "944518187": {
      "maxRSS": 85884,
      "systemtime": 28063,
      "usertime": 1010286
     },
     "944519305": {
      "maxRSS": 85884,
      "systemtime": 28063,
      "usertime": 1010301
     },
     "944520406": {
      "maxRSS": 85884,
      "systemtime": 28066,
      "usertime": 1014386
     },
     "944521476": {
      "maxRSS": 85884,
      "systemtime": 28066,
      "usertime": 1014397
     },
     "944522544": {
      "maxRSS": 85884,
      "systemtime": 28066,
      "usertime": 1014407
     },
     "944523622": {
      "maxRSS": 85884,
      "systemtime": 28066,
      "usertime": 1014420
     },
     "944524738": {
      "maxRSS": 85884,
      "systemtime": 28066,
      "usertime": 1018397
     },
     "944525828": {
      "maxRSS": 85884,
      "systemtime": 28066,
      "usertime": 1018429
     },
     "944526940": {
      "maxRSS": 85884,
      "systemtime": 28067,
      "usertime": 1018467
     },
     "944528062": {
      "maxRSS": 85884,
      "systemtime": 28068,
      "usertime": 1022491
     },
     "944529147": {
      "maxRSS": 85884,
      "systemtime": 28068,
      "usertime": 1022512
     },
     "944530266": {
      "maxRSS": 85884,
      "systemtime": 28069,
      "usertime": 1022530
     },
     "944531391": {
      "maxRSS": 85884,
      "systemtime": 28069,
      "usertime": 1022542
     },
     "944532460": {
      "maxRSS": 85884,
      "systemtime": 28069,
      "usertime": 1026552
     },
     "944533556": {
      "maxRSS": 85884,
      "systemtime": 28070,
      "usertime": 1026586
     },
     "944534650": {
      "maxRSS": 85884,
      "systemtime": 28071,
      "usertime": 1026604
     },
     "944535733": {
      "maxRSS": 85884,
      "systemtime": 28071,
      "usertime": 1026621
     },
     "944536838": {
      "maxRSS": 85884,
      "systemtime": 28074,
      "usertime": 1030719
     },
     "944537908": {
      "maxRSS": 85884,
      "systemtime": 28074,
      "usertime": 1030730
     },
     "944539008": {
      "maxRSS": 85884,
      "systemtime": 28074,
      "usertime": 1030738
     },
     "944540055": {
      "maxRSS": 85884,
      "systemtime": 28074,
      "usertime": 1034671
     },
     "944541164": {
      "maxRSS": 85884,
      "systemtime": 28074,
      "usertime": 1034686
     },
     "944542271": {
      "maxRSS": 85884,
      "systemtime": 28074,
      "usertime": 1034702
     },
     "944543347": {
      "maxRSS": 85884,
      "systemtime": 28074,
      "usertime": 1034715
     },
     "944544430": {
      "maxRSS": 85884,
      "systemtime": 28074,
      "usertime": 1038750
     },
     "944545500": {
      "maxRSS": 85884,
      "systemtime": 28074,
      "usertime": 1038762
     },
     "944546605": {
      "maxRSS": 85884,
      "systemtime": 28074,
      "usertime": 1038770
     },
     "944547697": {
      "maxRSS": 85884,
      "systemtime": 28075,
      "usertime": 1038798
     },
     "944548776": {
      "maxRSS": 85884,
      "systemtime": 28075,
      "usertime": 1042798
     },
     "944549881": {
      "maxRSS": 85884,
      "systemtime": 28075,
      "usertime": 1042809
     },
     "944550946": {
      "maxRSS": 85884,
      "systemtime": 28075,
      "usertime": 1042817
     },
     "944552033": {
      "maxRSS": 85884,
      "systemtime": 28075,
      "usertime": 1046827
     },
     "944553116": {
      "maxRSS": 85884,
      "systemtime": 28076,
      "usertime": 1046843
     },
     "944554292": {
      "maxRSS": 85884,
      "systemtime": 28077,
      "usertime": 1046882
     },
     "944555393": {
      "maxRSS": 85884,
      "systemtime": 28077,
      "usertime": 1046901
     },
     "944556517": {
      "maxRSS": 85884,
      "systemtime": 28079,
      "usertime": 1050966
     },
     "944557619": {
      "maxRSS": 85884,
      "systemtime": 28079,
      "usertime": 1050976
     },
     "944558727": {
      "maxRSS": 85884,
      "systemtime": 28079,
      "usertime": 1050990
     },
     "944559799": {
      "maxRSS": 85884,
      "systemtime": 28080,
      "usertime": 1051000
     },
     "944560923": {
      "maxRSS": 85884,
      "systemtime": 28080,
      "usertime": 1054992
     },
     "944562040": {
      "maxRSS": 85884,
      "systemtime": 28080,
      "usertime": 1055013
     },
     "944563121": {
      "maxRSS": 85884,
      "systemtime": 28080,
      "usertime": 1055031
     },
     "944564205": {
      "maxRSS": 85884,
      "systemtime": 28080,
      "usertime": 1059051
     },
     "944565358": {
      "maxRSS": 85884,
      "systemtime": 28081,
      "usertime": 1059069
     },
     "944566471": {
      "maxRSS": 85884,
      "systemtime": 28081,
      "usertime": 1059085
     },
     "944567592": {
      "maxRSS": 85884,
      "systemtime": 28082,
      "usertime": 1059114
     },
     "944568697": {
      "maxRSS": 85884,
      "systemtime": 28082,
      "usertime": 1063124
     },
     "944569777": {
      "maxRSS": 85884,
      "systemtime": 28083,
      "usertime": 1063147
     },
     "944570883": {
      "maxRSS": 85884,
      "systemtime": 28083,
      "usertime": 1063159
     },
     "944571948": {
      "maxRSS": 85884,
      "systemtime": 28083,
      "usertime": 1063166
     },
     "944573085": {
      "maxRSS": 85884,
      "systemtime": 28083,
      "usertime": 1067181
     },
     "944574221": {
      "maxRSS": 85884,
      "systemtime": 28084,
      "usertime": 1067200
     },
     "944575334": {
      "maxRSS": 85884,
      "systemtime": 28084,
      "usertime": 1067222
     },
     "944576411": {
      "maxRSS": 85884,
      "systemtime": 28084,
      "usertime": 1071234
     },
     "944577491": {
      "maxRSS": 85884,
      "systemtime": 28085,
      "usertime": 1071248
     },
     "944578638": {
      "maxRSS": 85884,
      "systemtime": 28085,
      "usertime": 1071271
     },
     "944579708": {
      "maxRSS": 85884,
      "systemtime": 28086,
      "usertime": 1071282
     },
     "944580813": {
      "maxRSS": 85884,
      "systemtime": 28086,
      "usertime": 1075296
     },
     "944581924": {
      "maxRSS": 85884,
      "systemtime": 28086,
      "usertime": 1075317
     },
     "944583022": {
      "maxRSS": 85884,
      "systemtime": 28086,
      "usertime": 1075324
     },
     "944584067": {
      "maxRSS": 85884,
      "systemtime": 28086,
      "usertime": 1079331
     },
     "944585170": {
      "maxRSS": 85884,
      "systemtime": 28086,
      "usertime": 1079342
     },
     "944586278": {
      "maxRSS": 85884,
      "systemtime": 28087,
      "usertime": 1079350
     },
     "944587405": {
      "maxRSS": 85884,
      "systemtime": 28087,
      "usertime": 1079363
     },
     "944588519": {
      "maxRSS": 85884,
      "systemtime": 28087,
      "usertime": 1083385
     },
     "944589630": {
      "maxRSS": 85884,
      "systemtime": 28088,
      "usertime": 1083405
     },
     "944591731": {
      "maxRSS": 85884,
      "systemtime": 28088,
      "usertime": 1083416
     },
     "944593836": {
      "maxRSS": 85884,
      "systemtime": 28088,
      "usertime": 1087427
     },
     "944595905": {
      "maxRSS": 85884,
      "systemtime": 28088,
      "usertime": 1087435
     },
     "944598003": {
      "maxRSS": 85884,
      "systemtime": 28088,
      "usertime": 1091442
     },
     "944600086": {
      "maxRSS": 86012,
      "systemtime": 28088,
      "usertime": 1095462
     },
     "944602188": {
      "maxRSS": 86012,
      "systemtime": 28089,
      "usertime": 1095473
     },
     "944604257": {
      "maxRSS": 86012,
      "systemtime": 28089,
      "usertime": 1099484
     },
     "944606362": {
      "maxRSS": 86012,
      "systemtime": 28089,
      "usertime": 1099497
     },
     "944608494": {
      "maxRSS": 86012,
      "systemtime": 28090,
      "usertime": 1103540
     },
     "944610586": {
      "maxRSS": 86012,
      "systemtime": 28090,
      "usertime": 1103571
     },
     "944612684": {
      "maxRSS": 86012,
      "systemtime": 28090,
      "usertime": 1107586
     },
     "944614788": {
      "maxRSS": 86012,
      "systemtime": 28091,
      "usertime": 1107618
     },
     "944616870": {
      "maxRSS": 86140,
      "systemtime": 28091,
      "usertime": 1111637
     },
     "944618947": {
      "maxRSS": 86268,
      "systemtime": 28092,
      "usertime": 1111652
     },
     "944621025": {
      "maxRSS": 86396,
      "systemtime": 28092,
      "usertime": 1115676
     },
     "944623114": {
      "maxRSS": 86524,
      "systemtime": 28092,
      "usertime": 1115690
     },
     "944625286": {
      "maxRSS": 86652,
      "systemtime": 28092,
      "usertime": 1119693
     },
     "944627379": {
      "maxRSS": 86780,
      "systemtime": 28093,
      "usertime": 1119721
     },
     "944629498": {
      "maxRSS": 86908,
      "systemtime": 28094,
      "usertime": 1123793
     },
     "944631594": {
      "maxRSS": 87036,
      "systemtime": 28095,
      "usertime": 1123808
     },
     "944633703": {
      "maxRSS": 87164,
      "systemtime": 28095,
      "usertime": 1127781
     },
     "944635782": {
      "maxRSS": 87292,
      "systemtime": 28095,
      "usertime": 1127796
     },
     "944637879": {
      "maxRSS": 87420,
      "systemtime": 28095,
      "usertime": 1131823
     },
     "944640012": {
      "maxRSS": 87548,
      "systemtime": 28095,
      "usertime": 1135838
     },
     "944642118": {
      "maxRSS": 87676,
      "systemtime": 28095,
      "usertime": 1135863
     },
     "944644267": {
      "maxRSS": 87804,
      "systemtime": 28095,
      "usertime": 1139893
     },
     "944646357": {
      "maxRSS": 87932,
      "systemtime": 28096,
      "usertime": 1139913
     },
     "944648470": {
      "maxRSS": 88060,
      "systemtime": 28097,
      "usertime": 1143949
     },
     "944650557": {
      "maxRSS": 88188,
      "systemtime": 28097,
      "usertime": 1143970
     },
     "944652662": {
      "maxRSS": 88316,
      "systemtime": 28098,
      "usertime": 1148026
     },
     "944654803": {
      "maxRSS": 88444,
      "systemtime": 28099,
      "usertime": 1148047
     },
     "944656886": {
      "maxRSS": 88572,
      "systemtime": 28099,
      "usertime": 1152050
     },
     "944658966": {
      "maxRSS": 88700,
      "systemtime": 28099,
      "usertime": 1152065
     },
     "944661054": {
      "maxRSS": 88828,
      "systemtime": 28099,
      "usertime": 1156081
     },
     "944663149": {
      "maxRSS": 88956,
      "systemtime": 28099,
      "usertime": 1156100
     },
     "944665264": {
      "maxRSS": 89084,
      "systemtime": 28100,
      "usertime": 1160130
     },
     "944667365": {
      "maxRSS": 89212,
      "systemtime": 28100,
      "usertime": 1160169
     },
     "944669449": {
      "maxRSS": 89340,
      "systemtime": 28101,
      "usertime": 1164186
     },
     "944671539": {
      "maxRSS": 89468,
      "systemtime": 28101,
      "usertime": 1164203
     },
     "944673621": {
      "maxRSS": 89596,
      "systemtime": 28101,
      "usertime": 1168222
     },
     "944675708": {
      "maxRSS": 89596,
      "systemtime": 28101,
      "usertime": 1168239
     },
     "944677799": {
      "maxRSS": 89724,
      "systemtime": 28102,
      "usertime": 1172263
     },
     "944679896": {
      "maxRSS": 89852,
      "systemtime": 28102,
      "usertime": 1172295
     },
     "944681985": {
      "maxRSS": 89980,
      "systemtime": 28103,
      "usertime": 1176315
     },
     "944684073": {
      "maxRSS": 90108,
      "systemtime": 28103,
      "usertime": 1180338
     },
     "944686175": {
      "maxRSS": 90236,
      "systemtime": 28104,
      "usertime": 1180374
     },
     "944688262": {
      "maxRSS": 90364,
      "systemtime": 28104,
      "usertime": 1184402
     },
     "944690346": {
      "maxRSS": 90492,
      "systemtime": 28104,
      "usertime": 1184420
     },
     "944692437": {
      "maxRSS": 90620,
      "systemtime": 28106,
      "usertime": 1188488
     },
     "944694518": {
      "maxRSS": 90748,
      "systemtime": 28106,
      "usertime": 1188505
     },
     "944696753": {
      "maxRSS": 90876,
      "systemtime": 28106,
      "usertime": 1192502
     },
     "944698868": {
      "maxRSS": 91004,
      "systemtime": 28106,
      "usertime": 1192521
     },
     "944700981": {
      "maxRSS": 91132,
      "systemtime": 28106,
      "usertime": 1196537
     },
     "944703103": {
      "maxRSS": 91260,
      "systemtime": 28107,
      "usertime": 1196555
     },
     "944705200": {
      "maxRSS": 91388,
      "systemtime": 28107,
      "usertime": 1200588
     },
     "944707285": {
      "maxRSS": 91388,
      "systemtime": 28168,
      "usertime": 1203204
     },
     "944707374": {
      "maxRSS": 91388,
      "systemtime": 28185,
      "usertime": 1203905
     },
     "944707834": {
      "maxRSS": 91388,
      "systemtime": 28195,
      "usertime": 1204342
     },
     "944708911": {
      "maxRSS": 91644,
      "systemtime": 28195,
      "usertime": 1204556
     },
     "944710015": {
      "maxRSS": 91900,
      "systemtime": 28195,
      "usertime": 1204576
     },
     "944711107": {
      "maxRSS": 92028,
      "systemtime": 28195,
      "usertime": 1204606
     },
     "944712206": {
      "maxRSS": 92284,
      "systemtime": 28195,
      "usertime": 1208638
     },
     "944713286": {
      "maxRSS": 92540,
      "systemtime": 28195,
      "usertime": 1208656
     },
     "944714398": {
      "maxRSS": 92796,
      "systemtime": 28195,
      "usertime": 1208671
     },
     "944715480": {
      "maxRSS": 93052,
      "systemtime": 28195,
      "usertime": 1208688
     },
     "944716558": {
      "maxRSS": 93308,
      "systemtime": 28195,
      "usertime": 1212718
     },
     "944717641": {
      "maxRSS": 93692,
      "systemtime": 28195,
      "usertime": 1212734
     },
     "944718745": {
      "maxRSS": 93948,
      "systemtime": 28195,
      "usertime": 1212771
     },
     "944719885": {
      "maxRSS": 94204,
      "systemtime": 28195,
      "usertime": 1212794
     },
     "944720968": {
      "maxRSS": 94460,
      "systemtime": 28195,
      "usertime": 1216795
     },
     "944722037": {
      "maxRSS": 94716,
      "systemtime": 28195,
      "usertime": 1216806
     },
     "944723161": {
      "maxRSS": 94972,
      "systemtime": 28195,
      "usertime": 1216820
     },
     "944724236": {
      "maxRSS": 95228,
      "systemtime": 28195,
      "usertime": 1220834
     },
     "944725325": {
      "maxRSS": 95612,
      "systemtime": 28195,
      "usertime": 1220863
     },
     "944726415": {
      "maxRSS": 95740,
      "systemtime": 28195,
      "usertime": 1220883
     },
     "944727515": {
      "maxRSS": 95868,
      "systemtime": 28195,
      "usertime": 1220908
     },
     "944728609": {
      "maxRSS": 96124,
      "systemtime": 28195,
      "usertime": 1224972
     },
     "944729704": {
      "maxRSS": 96380,
      "systemtime": 28195,
      "usertime": 1224994
     },
     "944730788": {
      "maxRSS": 96636,
      "systemtime": 28195,
      "usertime": 1225013
     },
     "944731877": {
      "maxRSS": 96892,
      "systemtime": 28195,
      "usertime": 1225042
     },
     "944732959": {
      "maxRSS": 97148,
      "systemtime": 28195,
      "usertime": 1229015
     },
     "944734039": {
      "maxRSS": 97404,
      "systemtime": 28195,
      "usertime": 1229032
     },
     "944735123": {
      "maxRSS": 97660,
      "systemtime": 28195,
      "usertime": 1229048
     },
     "944736202": {
      "maxRSS": 97916,
      "systemtime": 28195,
      "usertime": 1233063
     },
     "944737284": {
      "maxRSS": 98300,
      "systemtime": 28195,
      "usertime": 1233079
     },
     "944738374": {
      "maxRSS": 98556,
      "systemtime": 28195,
      "usertime": 1233108
     },
     "944739485": {
      "maxRSS": 98812,
      "systemtime": 28195,
      "usertime": 1233127
     },
     "944740571": {
      "maxRSS": 99068,
      "systemtime": 28195,
      "usertime": 1237141
     },
     "944741647": {
      "maxRSS": 99324,
      "systemtime": 28195,
      "usertime": 1237155
     },
     "944742729": {
      "maxRSS": 99580,
      "systemtime": 28195,
      "usertime": 1237171
     },
     "944743817": {
      "maxRSS": 99964,
      "systemtime": 28195,
      "usertime": 1237191
     },
     "944744935": {
      "maxRSS": 100220,
      "systemtime": 28195,
      "usertime": 1241215
     },
     "944746034": {
      "maxRSS": 100476,
      "systemtime": 28195,
      "usertime": 1241248
     },
     "944747109": {
      "maxRSS": 100732,
      "systemtime": 28195,
      "usertime": 1241262
     },
     "944748177": {
      "maxRSS": 100988,
      "systemtime": 28195,
      "usertime": 1245272
     },
     "944749247": {
      "maxRSS": 101244,
      "systemtime": 28195,
      "usertime": 1245283
     },
     "944750330": {
      "maxRSS": 101500,
      "systemtime": 28195,
      "usertime": 1245298
     },
     "944751416": {
      "maxRSS": 101884,
      "systemtime": 28195,
      "usertime": 1245316
     },
     "944752520": {
      "maxRSS": 102140,
      "systemtime": 28195,
      "usertime": 1249341
     },
     "944753590": {
      "maxRSS": 102396,
      "systemtime": 28195,
      "usertime": 1249352
     },
     "944754661": {
      "maxRSS": 102652,
      "systemtime": 28195,
      "usertime": 1249364
     },
     "944755733": {
      "maxRSS": 102908,
      "systemtime": 28195,
      "usertime": 1249375
     },
     "944756819": {
      "maxRSS": 103164,
      "systemtime": 28195,
      "usertime": 1253420
     },
     "944757897": {
      "maxRSS": 103420,
      "systemtime": 28195,
      "usertime": 1253437
     },
     "944758981": {
      "maxRSS": 103804,
      "systemtime": 28195,
      "usertime": 1253462
     },
     "944760020": {
      "maxRSS": 104060,
      "systemtime": 28195,
      "usertime": 1257431
     },
     "944761097": {
      "maxRSS": 104316,
      "systemtime": 28195,
      "usertime": 1257445
     },
     "944762178": {
      "maxRSS": 104572,
      "systemtime": 28195,
      "usertime": 1257461
     },
     "944763249": {
      "maxRSS": 104828,
      "systemtime": 28195,
      "usertime": 1257475
     },
     "944764324": {
      "maxRSS": 105084,
      "systemtime": 28195,
      "usertime": 1261484
     },
     "944765413": {
      "maxRSS": 105340,
      "systemtime": 28195,
      "usertime": 1261511
     },
     "944766527": {
      "maxRSS": 105724,
      "systemtime": 28195,
      "usertime": 1261525
     },
     "944767637": {
      "maxRSS": 105980,
      "systemtime": 28195,
      "usertime": 1261567
     },
     "944768725": {
      "maxRSS": 106236,
      "systemtime": 28195,
      "usertime": 1265582
     },
     "944769822": {
      "maxRSS": 106492,
      "systemtime": 28195,
      "usertime": 1265602
     },
     "944770902": {
      "maxRSS": 106620,
      "systemtime": 28195,
      "usertime": 1265620
     },
     "944771983": {
      "maxRSS": 106620,
      "systemtime": 28195,
      "usertime": 1265637
     },
     "944773099": {
      "maxRSS": 106620,
      "systemtime": 28195,
      "usertime": 1270272
     },
     "944773229": {
      "maxRSS": 106620,
      "systemtime": 28195,
      "usertime": 1270919
     },
     "944774334": {
      "maxRSS": 106620,
      "systemtime": 28195,
      "usertime": 1270929
     },
     "944775437": {
      "maxRSS": 106620,
      "systemtime": 28195,
      "usertime": 1270941
     },
     "944776509": {
      "maxRSS": 106620,
      "systemtime": 28195,
      "usertime": 1273731
     },
     "944777595": {
      "maxRSS": 106620,
      "systemtime": 28195,
      "usertime": 1273750
     },
     "944778705": {
      "maxRSS": 106620,
      "systemtime": 28195,
      "usertime": 1273792
     },
     "944779784": {
      "maxRSS": 106620,
      "systemtime": 28195,
      "usertime": 1273809
     },
     "944780867": {
      "maxRSS": 106620,
      "systemtime": 28195,
      "usertime": 1277822
     },
     "944781939": {
      "maxRSS": 106620,
      "systemtime": 28195,
      "usertime": 1277834
     },
     "944783012": {
      "maxRSS": 106620,
      "systemtime": 28195,
      "usertime": 1277846
     },
     "944784077": {
      "maxRSS": 106620,
      "systemtime": 28195,
      "usertime": 1281875
     },
     "944785179": {
      "maxRSS": 106620,
      "systemtime": 28195,
      "usertime": 1281910
     },
     "944786263": {
      "maxRSS": 106620,
      "systemtime": 28195,
      "usertime": 1281930
     },
     "944787343": {
      "maxRSS": 106620,
      "systemtime": 28195,
      "usertime": 1281948
     },
     "944788418": {
      "maxRSS": 106620,
      "systemtime": 28195,
      "usertime": 1285966
     },
     "944789486": {
      "maxRSS": 106620,
      "systemtime": 28195,
      "usertime": 1285978
     },
     "944790550": {
      "maxRSS": 106620,
      "systemtime": 28195,
      "usertime": 1285985
     },
     "944791638": {
      "maxRSS": 106620,
      "systemtime": 28195,
      "usertime": 1286010
     },
     "944792743": {
      "maxRSS": 106620,
      "systemtime": 28195,
      "usertime": 1290018
     },
     "944793833": {
      "maxRSS": 106620,
      "systemtime": 28195,
      "usertime": 1290033
     },
     "944794942": {
      "maxRSS": 106620,
      "systemtime": 28195,
      "usertime": 1290055
     },
     "944796106": {
      "maxRSS": 106620,
      "systemtime": 28195,
      "usertime": 1294077
     },
     "944797194": {
      "maxRSS": 106620,
      "systemtime": 28195,
      "usertime": 1294096
     },
     "944798285": {
      "maxRSS": 106620,
      "systemtime": 28195,
      "usertime": 1294115
     },
     "944799400": {
      "maxRSS": 106620,
      "systemtime": 28195,
      "usertime": 1294157
     },
     "944800520": {
      "maxRSS": 106620,
      "systemtime": 28195,
      "usertime": 1298182
     },
     "944801657": {
      "maxRSS": 106620,
      "systemtime": 28195,
      "usertime": 1298204
     },
     "944802742": {
      "maxRSS": 106620,
      "systemtime": 28195,
      "usertime": 1298226
     },
     "944803830": {
      "maxRSS": 106620,
      "systemtime": 28195,
      "usertime": 1298248
     },
     "944804922": {
      "maxRSS": 106620,
      "systemtime": 28195,
      "usertime": 1302270
     },
     "944806022": {
      "maxRSS": 106620,
      "systemtime": 28195,
      "usertime": 1302300
     },
     "944807123": {
      "maxRSS": 106620,
      "systemtime": 28195,
      "usertime": 1302318
     },
     "944808215": {
      "maxRSS": 106620,
      "systemtime": 28195,
      "usertime": 1306374
     },
     "944809365": {
      "maxRSS": 106620,
      "systemtime": 28195,
      "usertime": 1306400
     },
     "944810448": {
      "maxRSS": 106620,
      "systemtime": 28195,
      "usertime": 1306421
     },
     "944811537": {
      "maxRSS": 106620,
      "systemtime": 28195,
      "usertime": 1306448
     },
     "944812739": {
      "maxRSS": 106620,
      "systemtime": 28195,
      "usertime": 1310440
     },
     "944813821": {
      "maxRSS": 106620,
      "systemtime": 28195,
      "usertime": 1310460
     },
     "944814895": {
      "maxRSS": 106620,
      "systemtime": 28195,
      "usertime": 1310478
     },
     "944815990": {
      "maxRSS": 106620,
      "systemtime": 28195,
      "usertime": 1310496
     },
     "944817089": {
      "maxRSS": 106620,
      "systemtime": 28195,
      "usertime": 1314513
     },
     "944818187": {
      "maxRSS": 106620,
      "systemtime": 28195,
      "usertime": 1314534
     },
     "944819295": {
      "maxRSS": 106620,
      "systemtime": 28195,
      "usertime": 1314572
     },
     "944820387": {
      "maxRSS": 106620,
      "systemtime": 28195,
      "usertime": 1318587
     },
     "944821466": {
      "maxRSS": 106620,
      "systemtime": 28195,
      "usertime": 1318603
     },
     "944822572": {
      "maxRSS": 106620,
      "systemtime": 28195,
      "usertime": 1318620
     },
     "944823662": {
      "maxRSS": 106620,
      "systemtime": 28195,
      "usertime": 1318642
     },
     "944824779": {
      "maxRSS": 106620,
      "systemtime": 28195,
      "usertime": 1322666
     },
     "944825922": {
      "maxRSS": 106620,
      "systemtime": 28195,
      "usertime": 1322698
     },
     "944827030": {
      "maxRSS": 106620,
      "systemtime": 28195,
      "usertime": 1322742
     },
     "944828121": {
      "maxRSS": 106620,
      "systemtime": 28195,
      "usertime": 1326805
     },
     "944829221": {
      "maxRSS": 106620,
      "systemtime": 28195,
      "usertime": 1326822
     },
     "944830299": {
      "maxRSS": 106620,
      "systemtime": 28195,
      "usertime": 1326838
     },
     "944831426": {
      "maxRSS": 106620,
      "systemtime": 28195,
      "usertime": 1326867
     },
     "944832553": {
      "maxRSS": 106620,
      "systemtime": 28195,
      "usertime": 1330856
     },
     "944833655": {
      "maxRSS": 106620,
      "systemtime": 28195,
      "usertime": 1330893
     },
     "944834736": {
      "maxRSS": 106620,
      "systemtime": 28195,
      "usertime": 1330909
     },
     "944835881": {
      "maxRSS": 106620,
      "systemtime": 28195,
      "usertime": 1330931
     },
     "944836988": {
      "maxRSS": 106620,
      "systemtime": 28195,
      "usertime": 1334944
     },
     "944838092": {
      "maxRSS": 106620,
      "systemtime": 28195,
      "usertime": 1334957
     },
     "944839159": {
      "maxRSS": 106620,
      "systemtime": 28195,
      "usertime": 1334965
     },
     "944840247": {
      "maxRSS": 106620,
      "systemtime": 28195,
      "usertime": 1338989
     },
     "944841314": {
      "maxRSS": 106620,
      "systemtime": 28195,
      "usertime": 1338998
     },
     "944842417": {
      "maxRSS": 106620,
      "systemtime": 28195,
      "usertime": 1339006
     },
     "944843488": {
      "maxRSS": 106620,
      "systemtime": 28195,
      "usertime": 1339017
     },
     "944844577": {
      "maxRSS": 106620,
      "systemtime": 28195,
      "usertime": 1343037
     },
     "944845656": {
      "maxRSS": 106620,
      "systemtime": 28195,
      "usertime": 1343054
     },
     "944846765": {
      "maxRSS": 106620,
      "systemtime": 28195,
      "usertime": 1343095
     },
     "944847936": {
      "maxRSS": 106620,
      "systemtime": 28195,
      "usertime": 1343114
     },
     "944849012": {
      "maxRSS": 106620,
      "systemtime": 28195,
      "usertime": 1347128
     },
     "944850092": {
      "maxRSS": 106620,
      "systemtime": 28195,
      "usertime": 1347142
     },
     "944851177": {
      "maxRSS": 106620,
      "systemtime": 28195,
      "usertime": 1347160
     },
     "944852257": {
      "maxRSS": 106620,
      "systemtime": 28195,
      "usertime": 1351174
     },
     "944853372": {
      "maxRSS": 106620,
      "systemtime": 28195,
      "usertime": 1351193
     },
     "944854468": {
      "maxRSS": 106620,
      "systemtime": 28195,
      "usertime": 1351230
     },
     "944855535": {
      "maxRSS": 106620,
      "systemtime": 28195,
      "usertime": 1351239
     },
     "944856619": {
      "maxRSS": 106620,
      "systemtime": 28195,
      "usertime": 1355261
     },
     "944857703": {
      "maxRSS": 106620,
      "systemtime": 28195,
      "usertime": 1355280
     },
     "944858787": {
      "maxRSS": 106620,
      "systemtime": 28195,
      "usertime": 1355299
     },
     "944859873": {
      "maxRSS": 106620,
      "systemtime": 28195,
      "usertime": 1355317
     },
     "944861010": {
      "maxRSS": 106620,
      "systemtime": 28195,
      "usertime": 1359369
     },
     "944862118": {
      "maxRSS": 106620,
      "systemtime": 28195,
      "usertime": 1359386
     },
     "944863191": {
      "maxRSS": 106620,
      "systemtime": 28195,
      "usertime": 1359397
     },
     "944864272": {
      "maxRSS": 106620,
      "systemtime": 28195,
      "usertime": 1363407
     },
     "944865347": {
      "maxRSS": 106620,
      "systemtime": 28195,
      "usertime": 1363421
     },
     "944866486": {
      "maxRSS": 106620,
      "systemtime": 28195,
      "usertime": 1363445
     },
     "944867580": {
      "maxRSS": 106620,
      "systemtime": 28195,
      "usertime": 1363479
     },
     "944868657": {
      "maxRSS": 106620,
      "systemtime": 28195,
      "usertime": 1367530
     },
     "944869774": {
      "maxRSS": 106620,
      "systemtime": 28195,
      "usertime": 1367557
     },
     "944870853": {
      "maxRSS": 106620,
      "systemtime": 28195,
      "usertime": 1367574
     },
     "944871963": {
      "maxRSS": 106620,
      "systemtime": 28195,
      "usertime": 1367598
     },
     "944873111": {
      "maxRSS": 106620,
      "systemtime": 28195,
      "usertime": 1371685
     },
     "944874243": {
      "maxRSS": 106620,
      "systemtime": 28195,
      "usertime": 1371714
     },
     "944875334": {
      "maxRSS": 106620,
      "systemtime": 28195,
      "usertime": 1371734
     },
     "944876456": {
      "maxRSS": 106620,
      "systemtime": 28195,
      "usertime": 1375730
     },
     "944877547": {
      "maxRSS": 106620,
      "systemtime": 28195,
      "usertime": 1375760
     },
     "944878672": {
      "maxRSS": 106620,
      "systemtime": 28195,
      "usertime": 1375820
     },
     "944879779": {
      "maxRSS": 106620,
      "systemtime": 28195,
      "usertime": 1375836
     },
     "944880855": {
      "maxRSS": 106620,
      "systemtime": 28195,
      "usertime": 1379816
     },
     "944881952": {
      "maxRSS": 106620,
      "systemtime": 28195,
      "usertime": 1379853
     },
     "944883020": {
      "maxRSS": 106620,
      "systemtime": 28195,
      "usertime": 1379862
     },
     "944884093": {
      "maxRSS": 106620,
      "systemtime": 28195,
      "usertime": 1383853
     },
     "944885216": {
      "maxRSS": 106620,
      "systemtime": 28195,
      "usertime": 1383881
     },
     "944886320": {
      "maxRSS": 106620,
      "systemtime": 28195,
      "usertime": 1383891
     },
     "944887385": {
      "maxRSS": 106620,
      "systemtime": 28195,
      "usertime": 1383898
     },
     "944888598": {
      "maxRSS": 106620,
      "systemtime": 28195,
      "usertime": 1387919
     },
     "944889811": {
      "maxRSS": 106620,
      "systemtime": 28195,
      "usertime": 1387948
     },
     "944890914": {
      "maxRSS": 106620,
      "systemtime": 28195,
      "usertime": 1387961
     },
     "944892022": {
      "maxRSS": 106620,
      "systemtime": 28195,
      "usertime": 1391976
     },
     "944893106": {
      "maxRSS": 106620,
      "systemtime": 28195,
      "usertime": 1391992
     },
     "944894225": {
      "maxRSS": 106620,
      "systemtime": 28195,
      "usertime": 1392017
     },
     "944895349": {
      "maxRSS": 106748,
      "systemtime": 28195,
      "usertime": 1392047
     },
     "944896457": {
      "maxRSS": 106748,
      "systemtime": 28195,
      "usertime": 1396078
     },
     "944897559": {
      "maxRSS": 106748,
      "systemtime": 28195,
      "usertime": 1396086
     },
     "944898655": {
      "maxRSS": 106748,
      "systemtime": 28195,
      "usertime": 1396093
     },
     "944899757": {
      "maxRSS": 106748,
      "systemtime": 28195,
      "usertime": 1396102
     },
     "944900864": {
      "maxRSS": 106748,
      "systemtime": 28195,
      "usertime": 1400088
     },
     "944901942": {
      "maxRSS": 106748,
      "systemtime": 28195,
      "usertime": 1400105
     },
     "944903049": {
      "maxRSS": 106748,
      "systemtime": 28195,
      "usertime": 1400118
     },
     "944904120": {
      "maxRSS": 106748,
      "systemtime": 28195,
      "usertime": 1404126
     },
     "944905186": {
      "maxRSS": 106748,
      "systemtime": 28195,
      "usertime": 1404133
     },
     "944906289": {
      "maxRSS": 106748,
      "systemtime": 28195,
      "usertime": 1404143
     },
     "944907387": {
      "maxRSS": 106748,
      "systemtime": 28195,
      "usertime": 1404151
     },
     "944908491": {
      "maxRSS": 106748,
      "systemtime": 28195,
      "usertime": 1408158
     },
     "944909573": {
      "maxRSS": 106748,
      "systemtime": 28195,
      "usertime": 1408181
     },
     "944910643": {
      "maxRSS": 106748,
      "systemtime": 28195,
      "usertime": 1408192
     },
     "944911713": {
      "maxRSS": 106748,
      "systemtime": 28195,
      "usertime": 1408203
     },
     "944912781": {
      "maxRSS": 106748,
      "systemtime": 28195,
      "usertime": 1412230
     },
     "944914885": {
      "maxRSS": 106748,
      "systemtime": 28195,
      "usertime": 1412242
     },
     "944916959": {
      "maxRSS": 106748,
      "systemtime": 28195,
      "usertime": 1416236
     },
     "944919077": {
      "maxRSS": 106748,
      "systemtime": 28195,
      "usertime": 1416262
     },
     "944921179": {
      "maxRSS": 106748,
      "systemtime": 28195,
      "usertime": 1420279
     },
     "944923251": {
      "maxRSS": 106748,
      "systemtime": 28195,
      "usertime": 1420292
     },
     "944925354": {
      "maxRSS": 106748,
      "systemtime": 28195,
      "usertime": 1424317
     },
     "944927428": {
      "maxRSS": 106748,
      "systemtime": 28195,
      "usertime": 1424330
     },
     "944929543": {
      "maxRSS": 106748,
      "systemtime": 28195,
      "usertime": 1428346
     },
     "944931672": {
      "maxRSS": 106748,
      "systemtime": 28195,
      "usertime": 1428378
     },
     "944933772": {
      "maxRSS": 106748,
      "systemtime": 28195,
      "usertime": 1432396
     },
     "944935956": {
      "maxRSS": 106748,
      "systemtime": 28195,
      "usertime": 1432412
     },
     "944938107": {
      "maxRSS": 106748,
      "systemtime": 28195,
      "usertime": 1436446
     },
     "944940182": {
      "maxRSS": 106748,
      "systemtime": 28195,
      "usertime": 1440451
     },
     "944942366": {
      "maxRSS": 106748,
      "systemtime": 28195,
      "usertime": 1440476
     },
     "944944545": {
      "maxRSS": 106748,
      "systemtime": 28195,
      "usertime": 1444533
     },
     "944946622": {
      "maxRSS": 106748,
      "systemtime": 28195,
      "usertime": 1444548
     },
     "944948762": {
      "maxRSS": 106748,
      "systemtime": 28195,
      "usertime": 1448569
     },
     "944950879": {
      "maxRSS": 106748,
      "systemtime": 28195,
      "usertime": 1448597
     },
     "944952994": {
      "maxRSS": 106748,
      "systemtime": 28195,
      "usertime": 1452615
     },
     "944955103": {
      "maxRSS": 106748,
      "systemtime": 28195,
      "usertime": 1452635
     },
     "944957250": {
      "maxRSS": 106748,
      "systemtime": 28195,
      "usertime": 1456657
     },
     "944959369": {
      "maxRSS": 106748,
      "systemtime": 28195,
      "usertime": 1456682
     },
     "944961463": {
      "maxRSS": 106748,
      "systemtime": 28195,
      "usertime": 1460704
     },
     "944963580": {
      "maxRSS": 106748,
      "systemtime": 28195,
      "usertime": 1460742
     },
     "944965845": {
      "maxRSS": 106748,
      "systemtime": 28195,
      "usertime": 1464786
     },
     "944967944": {
      "maxRSS": 106748,
      "systemtime": 28195,
      "usertime": 1464818
     },
     "944970037": {
      "maxRSS": 106748,
      "systemtime": 28195,
      "usertime": 1468848
     },
     "944972134": {
      "maxRSS": 106748,
      "systemtime": 28195,
      "usertime": 1472882
     },
     "944974200": {
      "maxRSS": 106748,
      "systemtime": 28195,
      "usertime": 1472891
     },
     "944976298": {
      "maxRSS": 106748,
      "systemtime": 28195,
      "usertime": 1476918
     },
     "944978509": {
      "maxRSS": 106748,
      "systemtime": 28195,
      "usertime": 1476944
     },
     "944980623": {
      "maxRSS": 106748,
      "systemtime": 28195,
      "usertime": 1480973
     },
     "944982751": {
      "maxRSS": 106748,
      "systemtime": 28195,
      "usertime": 1480992
     },
     "944984856": {
      "maxRSS": 106748,
      "systemtime": 28195,
      "usertime": 1485014
     },
     "944987067": {
      "maxRSS": 106748,
      "systemtime": 28195,
      "usertime": 1485031
     },
     "944989139": {
      "maxRSS": 106748,
      "systemtime": 28195,
      "usertime": 1489043
     },
     "944991216": {
      "maxRSS": 106748,
      "systemtime": 28195,
      "usertime": 1489055
     },
     "944993345": {
      "maxRSS": 106748,
      "systemtime": 28195,
      "usertime": 1493101
     },
     "944995424": {
      "maxRSS": 106748,
      "systemtime": 28195,
      "usertime": 1493117
     },
     "944997565": {
      "maxRSS": 106748,
      "systemtime": 28195,
      "usertime": 1497133
     },
     "944999701": {
      "maxRSS": 106748,
      "systemtime": 28195,
      "usertime": 1497151
     },
     "945001872": {
      "maxRSS": 106748,
      "systemtime": 28195,
      "usertime": 1501194
     },
     "945003995": {
      "maxRSS": 106748,
      "systemtime": 28195,
      "usertime": 1501247
     },
     "945006167": {
      "maxRSS": 106876,
      "systemtime": 28195,
      "usertime": 1505290
     },
     "945008247": {
      "maxRSS": 107004,
      "systemtime": 28195,
      "usertime": 1509317
     },
     "945010375": {
      "maxRSS": 107132,
      "systemtime": 28195,
      "usertime": 1509333
     },
     "945012589": {
      "maxRSS": 107260,
      "systemtime": 28195,
      "usertime": 1513410
     },
     "945014733": {
      "maxRSS": 107388,
      "systemtime": 28195,
      "usertime": 1513426
     },
     "945016909": {
      "maxRSS": 107516,
      "systemtime": 28195,
      "usertime": 1517386
     },
     "945019038": {
      "maxRSS": 107644,
      "systemtime": 28195,
      "usertime": 1517403
     },
     "945021209": {
      "maxRSS": 107772,
      "systemtime": 28195,
      "usertime": 1521420
     },
     "945023409": {
      "maxRSS": 107900,
      "systemtime": 28195,
      "usertime": 1521436
     },
     "945025499": {
      "maxRSS": 107900,
      "systemtime": 28195,
      "usertime": 1525461
     },
     "945027648": {
      "maxRSS": 108028,
      "systemtime": 28195,
      "usertime": 1525479
     },
     "945029730": {
      "maxRSS": 108156,
      "systemtime": 28195,
      "usertime": 1529578
     },
     "945031850": {
      "maxRSS": 108284,
      "systemtime": 28195,
      "usertime": 1529592
     },
     "945033930": {
      "maxRSS": 108412,
      "systemtime": 28195,
      "usertime": 1533526
     },
     "945036057": {
      "maxRSS": 108540,
      "systemtime": 28195,
      "usertime": 1537539
     },
     "945038151": {
      "maxRSS": 108668,
      "systemtime": 28195,
      "usertime": 1537569
     },
     "945040221": {
      "maxRSS": 108796,
      "systemtime": 28195,
      "usertime": 1541581
     },
     "945042321": {
      "maxRSS": 108924,
      "systemtime": 28195,
      "usertime": 1541590
     },
     "945044441": {
      "maxRSS": 109052,
      "systemtime": 28195,
      "usertime": 1545615
     },
     "945046550": {
      "maxRSS": 109180,
      "systemtime": 28195,
      "usertime": 1545631
     },
     "945048651": {
      "maxRSS": 109308,
      "systemtime": 28195,
      "usertime": 1549641
     },
     "945050779": {
      "maxRSS": 109436,
      "systemtime": 28195,
      "usertime": 1549672
     },
     "945052848": {
      "maxRSS": 109564,
      "systemtime": 28195,
      "usertime": 1553699
     },
     "945054920": {
      "maxRSS": 109564,
      "systemtime": 28195,
      "usertime": 1553712
     },
     "945056995": {
      "maxRSS": 109692,
      "systemtime": 28195,
      "usertime": 1557708
     },
     "945059132": {
      "maxRSS": 109820,
      "systemtime": 28195,
      "usertime": 1557722
     },
     "945061254": {
      "maxRSS": 109948,
      "systemtime": 28195,
      "usertime": 1561754
     },
     "945063412": {
      "maxRSS": 110076,
      "systemtime": 28195,
      "usertime": 1561806
     },
     "945065526": {
      "maxRSS": 110204,
      "systemtime": 28195,
      "usertime": 1565836
     },
     "945067603": {
      "maxRSS": 110332,
      "systemtime": 28195,
      "usertime": 1565853
     },
     "945069721": {
      "maxRSS": 110460,
      "systemtime": 28195,
      "usertime": 1569917
     },
     "945071822": {
      "maxRSS": 110460,
      "systemtime": 28195,
      "usertime": 1569941
     },
     "945073898": {
      "maxRSS": 110588,
      "systemtime": 28195,
      "usertime": 1573924
     },
     "945075974": {
      "maxRSS": 110716,
      "systemtime": 28195,
      "usertime": 1573940
     },
     "945078076": {
      "maxRSS": 110844,
      "systemtime": 28195,
      "usertime": 1579316
     },
     "945078588": {
      "maxRSS": 110844,
      "systemtime": 28195,
      "usertime": 1580548
     },
     "945079668": {
      "maxRSS": 111100,
      "systemtime": 28195,
      "usertime": 1580561
     },
     "945080747": {
      "maxRSS": 111356,
      "systemtime": 28195,
      "usertime": 1582023
     },
     "945081833": {
      "maxRSS": 111612,
      "systemtime": 28195,
      "usertime": 1582041
     },
     "945082956": {
      "maxRSS": 111868,
      "systemtime": 28195,
      "usertime": 1582070
     },
     "945084022": {
      "maxRSS": 112124,
      "systemtime": 28195,
      "usertime": 1586099
     },
     "945085138": {
      "maxRSS": 112508,
      "systemtime": 28195,
      "usertime": 1586125
     },
     "945086245": {
      "maxRSS": 112764,
      "systemtime": 28195,
      "usertime": 1586152
     },
     "945087322": {
      "maxRSS": 113020,
      "systemtime": 28195,
      "usertime": 1586168
     },
     "945088399": {
      "maxRSS": 113276,
      "systemtime": 28195,
      "usertime": 1590203
     },
     "945089480": {
      "maxRSS": 113532,
      "systemtime": 28195,
      "usertime": 1590220
     },
     "945090574": {
      "maxRSS": 113660,
      "systemtime": 28195,
      "usertime": 1590250
     },
     "945091652": {
      "maxRSS": 114044,
      "systemtime": 28195,
      "usertime": 1590266
     },
     "945092793": {
      "maxRSS": 114172,
      "systemtime": 28195,
      "usertime": 1594267
     },
     "945093872": {
      "maxRSS": 114556,
      "systemtime": 28195,
      "usertime": 1594283
     },
     "945094981": {
      "maxRSS": 114812,
      "systemtime": 28195,
      "usertime": 1594299
     },
     "945096071": {
      "maxRSS": 115068,
      "systemtime": 28195,
      "usertime": 1598383
     },
     "945097198": {
      "maxRSS": 115324,
      "systemtime": 28195,
      "usertime": 1598426
     },
     "945098269": {
      "maxRSS": 115580,
      "systemtime": 28195,
      "usertime": 1598438
     },
     "945099368": {
      "maxRSS": 115836,
      "systemtime": 28195,
      "usertime": 1598459
     },
     "945100469": {
      "maxRSS": 116092,
      "systemtime": 28195,
      "usertime": 1602427
     },
     "945101547": {
      "maxRSS": 116348,
      "systemtime": 28195,
      "usertime": 1602442
     },
     "945102618": {
      "maxRSS": 116604,
      "systemtime": 28195,
      "usertime": 1602456
     },
     "945103721": {
      "maxRSS": 116860,
      "systemtime": 28195,
      "usertime": 1602481
     },
     "945104818": {
      "maxRSS": 117116,
      "systemtime": 28195,
      "usertime": 1606517
     },
     "945105931": {
      "maxRSS": 117372,
      "systemtime": 28195,
      "usertime": 1606533
     },
     "945107008": {
      "maxRSS": 117628,
      "systemtime": 28195,
      "usertime": 1606549
     },
     "945108057": {
      "maxRSS": 117884,
      "systemtime": 28195,
      "usertime": 1610565
     },
     "945109169": {
      "maxRSS": 118268,
      "systemtime": 28195,
      "usertime": 1610590
     },
     "945110273": {
      "maxRSS": 118524,
      "systemtime": 28195,
      "usertime": 1610599
     },
     "945111390": {
      "maxRSS": 118780,
      "systemtime": 28195,
      "usertime": 1610622
     },
     "945112468": {
      "maxRSS": 119036,
      "systemtime": 32055,
      "usertime": 1610772
     },
     "945113584": {
      "maxRSS": 119292,
      "systemtime": 32055,
      "usertime": 1610797
     },
     "945114676": {
      "maxRSS": 119548,
      "systemtime": 32056,
      "usertime": 1610825
     },
     "945115747": {
      "maxRSS": 119932,
      "systemtime": 32056,
      "usertime": 1610836
     },
     "945116837": {
      "maxRSS": 120188,
      "systemtime": 32056,
      "usertime": 1614849
     },
     "945117926": {
      "maxRSS": 120444,
      "systemtime": 32057,
      "usertime": 1614875
     },
     "945119060": {
      "maxRSS": 120700,
      "systemtime": 32057,
      "usertime": 1614904
     },
     "945120149": {
      "maxRSS": 120956,
      "systemtime": 36065,
      "usertime": 1614911
     },
     "945121232": {
      "maxRSS": 121212,
      "systemtime": 36065,
      "usertime": 1614934
     },
     "945122308": {
      "maxRSS": 121468,
      "systemtime": 36065,
      "usertime": 1614947
     },
     "945123403": {
      "maxRSS": 121724,
      "systemtime": 36066,
      "usertime": 1614964
     },
     "945124497": {
      "maxRSS": 121980,
      "systemtime": 36066,
      "usertime": 1618991
     },
     "945125586": {
      "maxRSS": 122236,
      "systemtime": 36066,
      "usertime": 1619006
     },
     "945126675": {
      "maxRSS": 122492,
      "systemtime": 36067,
      "usertime": 1619022
     },
     "945127757": {
      "maxRSS": 122748,
      "systemtime": 36067,
      "usertime": 1619038
     },
     "945128848": {
      "maxRSS": 123004,
      "systemtime": 36068,
      "usertime": 1623070
     },
     "945129960": {
      "maxRSS": 123260,
      "systemtime": 36068,
      "usertime": 1623093
     },
     "945131032": {
      "maxRSS": 123644,
      "systemtime": 36069,
      "usertime": 1623106
     },
     "945132121": {
      "maxRSS": 123900,
      "systemtime": 36069,
      "usertime": 1627114
     },
     "945133239": {
      "maxRSS": 124156,
      "systemtime": 36069,
      "usertime": 1627140
     },
     "945134316": {
      "maxRSS": 124412,
      "systemtime": 36069,
      "usertime": 1627154
     },
     "945135406": {
      "maxRSS": 124668,
      "systemtime": 36070,
      "usertime": 1627169
     },
     "945136489": {
      "maxRSS": 124924,
      "systemtime": 36070,
      "usertime": 1631186
     },
     "945137579": {
      "maxRSS": 125180,
      "systemtime": 36070,
      "usertime": 1631201
     },
     "945138684": {
      "maxRSS": 125436,
      "systemtime": 36071,
      "usertime": 1631229
     },
     "945139759": {
      "maxRSS": 125692,
      "systemtime": 36071,
      "usertime": 1631243
     },
     "945140908": {
      "maxRSS": 125948,
      "systemtime": 36072,
      "usertime": 1635276
     },
     "945141978": {
      "maxRSS": 126204,
      "systemtime": 36072,
      "usertime": 1635285
     },
     "945143087": {
      "maxRSS": 126460,
      "systemtime": 36072,
      "usertime": 1635300
     },
     "945144161": {
      "maxRSS": 126716,
      "systemtime": 36072,
      "usertime": 1639314
     },
     "945145252": {
      "maxRSS": 126972,
      "systemtime": 36073,
      "usertime": 1639341
     },
     "945146413": {
      "maxRSS": 127228,
      "systemtime": 36075,
      "usertime": 1639413
     },
     "945147509": {
      "maxRSS": 127484,
      "systemtime": 36075,
      "usertime": 1639432
     },
     "945148619": {
      "maxRSS": 127740,
      "systemtime": 36075,
      "usertime": 1643457
     },
     "945149691": {
      "maxRSS": 127740,
      "systemtime": 36076,
      "usertime": 1643470
     },
     "945150759": {
      "maxRSS": 127740,
      "systemtime": 36076,
      "usertime": 1643480
     },
     "945151453": {
      "maxRSS": 127740,
      "systemtime": 36150,
      "usertime": 1646870
     },
     "945152543": {
      "maxRSS": 127740,
      "systemtime": 36150,
      "usertime": 1647459
     },
     "945153664": {
      "maxRSS": 127740,
      "systemtime": 36150,
      "usertime": 1647482
     },
     "945154777": {
      "maxRSS": 127740,
      "systemtime": 36150,
      "usertime": 1647504
     },
     "945155869": {
      "maxRSS": 127740,
      "systemtime": 36150,
      "usertime": 1647519
     },
     "945156950": {
      "maxRSS": 127740,
      "systemtime": 36150,
      "usertime": 1651521
     },
     "945158028": {
      "maxRSS": 127740,
      "systemtime": 36150,
      "usertime": 1651536
     },
     "945159163": {
      "maxRSS": 127740,
      "systemtime": 36150,
      "usertime": 1651576
     },
     "945160259": {
      "maxRSS": 127740,
      "systemtime": 36150,
      "usertime": 1655620
     },
     "945161342": {
      "maxRSS": 127740,
      "systemtime": 36150,
      "usertime": 1655637
     },
     "945162422": {
      "maxRSS": 127740,
      "systemtime": 36150,
      "usertime": 1655651
     },
     "945163525": {
      "maxRSS": 127740,
      "systemtime": 36150,
      "usertime": 1655667
     },
     "945164600": {
      "maxRSS": 127740,
      "systemtime": 36150,
      "usertime": 1659672
     },
     "945165686": {
      "maxRSS": 127740,
      "systemtime": 36150,
      "usertime": 1659701
     },
     "945166787": {
      "maxRSS": 127740,
      "systemtime": 36150,
      "usertime": 1659722
     },
     "945167871": {
      "maxRSS": 127740,
      "systemtime": 36150,
      "usertime": 1659749
     },
     "945168963": {
      "maxRSS": 127740,
      "systemtime": 36150,
      "usertime": 1663759
     },
     "945170040": {
      "maxRSS": 127740,
      "systemtime": 36150,
      "usertime": 1663774
     },
     "945171134": {
      "maxRSS": 127740,
      "systemtime": 36150,
      "usertime": 1663788
     },
     "945172217": {
      "maxRSS": 127740,
      "systemtime": 36150,
      "usertime": 1667813
     },
     "945173305": {
      "maxRSS": 127740,
      "systemtime": 36150,
      "usertime": 1667827
     },
     "945174377": {
      "maxRSS": 127740,
      "systemtime": 36150,
      "usertime": 1667841
     },
     "945175502": {
      "maxRSS": 127740,
      "systemtime": 36150,
      "usertime": 1667865
     },
     "945176588": {
      "maxRSS": 127740,
      "systemtime": 36150,
      "usertime": 1671886
     },
     "945177708": {
      "maxRSS": 127740,
      "systemtime": 36150,
      "usertime": 1671910
     },
     "945178828": {
      "maxRSS": 127740,
      "systemtime": 36150,
      "usertime": 1671948
     },
     "945179912": {
      "maxRSS": 127740,
      "systemtime": 36150,
      "usertime": 1671966
     },
     "945181058": {
      "maxRSS": 127740,
      "systemtime": 36150,
      "usertime": 1676004
     },
     "945182167": {
      "maxRSS": 127740,
      "systemtime": 36150,
      "usertime": 1676016
     },
     "945183279": {
      "maxRSS": 127740,
      "systemtime": 36150,
      "usertime": 1676027
     },
     "945184353": {
      "maxRSS": 127740,
      "systemtime": 36150,
      "usertime": 1680022
     },
     "945185433": {
      "maxRSS": 127740,
      "systemtime": 36150,
      "usertime": 1680039
     },
     "945186568": {
      "maxRSS": 127740,
      "systemtime": 36150,
      "usertime": 1680086
     },
     "945187639": {
      "maxRSS": 127740,
      "systemtime": 36150,
      "usertime": 1680098
     },
     "945188707": {
      "maxRSS": 127740,
      "systemtime": 36150,
      "usertime": 1684122
     },
     "945189809": {
      "maxRSS": 127740,
      "systemtime": 36150,
      "usertime": 1684131
     },
     "945190907": {
      "maxRSS": 127740,
      "systemtime": 36150,
      "usertime": 1684139
     },
     "945191975": {
      "maxRSS": 127740,
      "systemtime": 36150,
      "usertime": 1684148
     },
     "945193061": {
      "maxRSS": 127868,
      "systemtime": 36150,
      "usertime": 1688157
     },
     "945194130": {
      "maxRSS": 127868,
      "systemtime": 36150,
      "usertime": 1688169
     },
     "945195251": {
      "maxRSS": 127868,
      "systemtime": 36150,
      "usertime": 1688190
     },
     "945196334": {
      "maxRSS": 127868,
      "systemtime": 36150,
      "usertime": 1692215
     },
     "945197425": {
      "maxRSS": 127868,
      "systemtime": 36150,
      "usertime": 1692231
     },
     "945198528": {
      "maxRSS": 127868,
      "systemtime": 36150,
      "usertime": 1692258
     },
     "945199655": {
      "maxRSS": 127868,
      "systemtime": 36150,
      "usertime": 1692304
     },
     "945200784": {
      "maxRSS": 127868,
      "systemtime": 36150,
      "usertime": 1696340
     },
     "945201888": {
      "maxRSS": 127868,
      "systemtime": 36150,
      "usertime": 1696362
     },
     "945202987": {
      "maxRSS": 127868,
      "systemtime": 36150,
      "usertime": 1696383
     },
     "945204054": {
      "maxRSS": 127868,
      "systemtime": 36150,
      "usertime": 1700424
     },
     "945205150": {
      "maxRSS": 127868,
      "systemtime": 36150,
      "usertime": 1700445
     },
     "945206260": {
      "maxRSS": 127868,
      "systemtime": 36150,
      "usertime": 1700478
     },
     "945207372": {
      "maxRSS": 127868,
      "systemtime": 36150,
      "usertime": 1700516
     },
     "945208463": {
      "maxRSS": 127868,
      "systemtime": 36150,
      "usertime": 1704542
     },
     "945209560": {
      "maxRSS": 127868,
      "systemtime": 36150,
      "usertime": 1704555
     },
     "945210636": {
      "maxRSS": 127868,
      "systemtime": 36150,
      "usertime": 1704568
     },
     "945211745": {
      "maxRSS": 127868,
      "systemtime": 36150,
      "usertime": 1704584
     },
     "945212868": {
      "maxRSS": 127868,
      "systemtime": 36150,
      "usertime": 1708615
     },
     "945213958": {
      "maxRSS": 127868,
      "systemtime": 36150,
      "usertime": 1708647
     },
     "945215024": {
      "maxRSS": 127868,
      "systemtime": 36150,
      "usertime": 1708655
     },
     "945216092": {
      "maxRSS": 127868,
      "systemtime": 36150,
      "usertime": 1712664
     },
     "945217160": {
      "maxRSS": 127868,
      "systemtime": 36150,
      "usertime": 1712673
     },
     "945218271": {
      "maxRSS": 127868,
      "systemtime": 36150,
      "usertime": 1712683
     },
     "945219354": {
      "maxRSS": 127868,
      "systemtime": 36150,
      "usertime": 1712696
     },
     "945220456": {
      "maxRSS": 127868,
      "systemtime": 36150,
      "usertime": 1716751
     },
     "945221521": {
      "maxRSS": 127868,
      "systemtime": 36150,
      "usertime": 1716759
     },
     "945222587": {
      "maxRSS": 127868,
      "systemtime": 36150,
      "usertime": 1716769
     },
     "945223695": {
      "maxRSS": 127868,
      "systemtime": 36150,
      "usertime": 1716787
     },
     "945224809": {
      "maxRSS": 127868,
      "systemtime": 36150,
      "usertime": 1720801
     },
     "945225916": {
      "maxRSS": 127868,
      "systemtime": 36150,
      "usertime": 1720817
     },
     "945227027": {
      "maxRSS": 127868,
      "systemtime": 36150,
      "usertime": 1720850
     },
     "945228065": {
      "maxRSS": 127868,
      "systemtime": 36150,
      "usertime": 1724869
     },
     "945229145": {
      "maxRSS": 127868,
      "systemtime": 36150,
      "usertime": 1724892
     },
     "945230260": {
      "maxRSS": 127868,
      "systemtime": 36150,
      "usertime": 1724911
     },
     "945231358": {
      "maxRSS": 127868,
      "systemtime": 36150,
      "usertime": 1724936
     },
     "945232467": {
      "maxRSS": 127868,
      "systemtime": 36150,
      "usertime": 1728953
     },
     "945233591": {
      "maxRSS": 127868,
      "systemtime": 36150,
      "usertime": 1728985
     },
     "945234670": {
      "maxRSS": 127868,
      "systemtime": 36150,
      "usertime": 1729000
     },
     "945235757": {
      "maxRSS": 127868,
      "systemtime": 36150,
      "usertime": 1729017
     },
     "945236829": {
      "maxRSS": 127868,
      "systemtime": 36150,
      "usertime": 1733039
     },
     "945237931": {
      "maxRSS": 127868,
      "systemtime": 36150,
      "usertime": 1733049
     },
     "945239032": {
      "maxRSS": 127868,
      "systemtime": 36150,
      "usertime": 1733060
     },
     "945240107": {
      "maxRSS": 127868,
      "systemtime": 36150,
      "usertime": 1737038
     },
     "945241213": {
      "maxRSS": 127868,
      "systemtime": 36150,
      "usertime": 1737067
     },
     "945242285": {
      "maxRSS": 127868,
      "systemtime": 36150,
      "usertime": 1737081
     },
     "945243389": {
      "maxRSS": 127868,
      "systemtime": 36150,
      "usertime": 1737095
     },
     "945244476": {
      "maxRSS": 127868,
      "systemtime": 36150,
      "usertime": 1741114
     },
     "945245565": {
      "maxRSS": 127868,
      "systemtime": 36150,
      "usertime": 1741133
     },
     "945246659": {
      "maxRSS": 127868,
      "systemtime": 36150,
      "usertime": 1741159
     },
     "945247814": {
      "maxRSS": 127868,
      "systemtime": 36150,
      "usertime": 1741204
     },
     "945248931": {
      "maxRSS": 127868,
      "systemtime": 36150,
      "usertime": 1745245
     },
     "945250007": {
      "maxRSS": 127868,
      "systemtime": 36150,
      "usertime": 1745259
     },
     "945251120": {
      "maxRSS": 127868,
      "systemtime": 36150,
      "usertime": 1745274
     },
     "945252219": {
      "maxRSS": 127868,
      "systemtime": 36150,
      "usertime": 1749280
     },
     "945253336": {
      "maxRSS": 127868,
      "systemtime": 36150,
      "usertime": 1749295
     },
     "945254431": {
      "maxRSS": 127868,
      "systemtime": 36150,
      "usertime": 1749327
     },
     "945255540": {
      "maxRSS": 127868,
      "systemtime": 36150,
      "usertime": 1749339
     },
     "945256647": {
      "maxRSS": 127868,
      "systemtime": 36150,
      "usertime": 1753347
     },
     "945257748": {
      "maxRSS": 127868,
      "systemtime": 36150,
      "usertime": 1753359
     },
     "945258823": {
      "maxRSS": 127868,
      "systemtime": 36150,
      "usertime": 1753372
     },
     "945259965": {
      "maxRSS": 127868,
      "systemtime": 36150,
      "usertime": 1753386
     },
     "945261093": {
      "maxRSS": 127868,
      "systemtime": 36150,
      "usertime": 1757417
     },
     "945262166": {
      "maxRSS": 127868,
      "systemtime": 36150,
      "usertime": 1757430
     },
     "945263241": {
      "maxRSS": 127868,
      "systemtime": 36150,
      "usertime": 1757443
     },
     "945264317": {
      "maxRSS": 127868,
      "systemtime": 36150,
      "usertime": 1761457
     },
     "945265467": {
      "maxRSS": 127868,
      "systemtime": 36150,
      "usertime": 1761478
     },
     "945266573": {
      "maxRSS": 127868,
      "systemtime": 36150,
      "usertime": 1761504
     },
     "945267697": {
      "maxRSS": 127868,
      "systemtime": 36150,
      "usertime": 1761545
     },
     "945268874": {
      "maxRSS": 127868,
      "systemtime": 36150,
      "usertime": 1765602
     },
     "945270052": {
      "maxRSS": 127868,
      "systemtime": 36150,
      "usertime": 1765621
     },
     "945271228": {
      "maxRSS": 127868,
      "systemtime": 36150,
      "usertime": 1765640
     },
     "945272357": {
      "maxRSS": 127868,
      "systemtime": 36150,
      "usertime": 1769701
     },
     "945273530": {
      "maxRSS": 127868,
      "systemtime": 36150,
      "usertime": 1769717
     },
     "945274611": {
      "maxRSS": 127868,
      "systemtime": 36150,
      "usertime": 1769734
     },
     "945275788": {
      "maxRSS": 127868,
      "systemtime": 36150,
      "usertime": 1769762
     },
     "945276945": {
      "maxRSS": 127868,
      "systemtime": 36150,
      "usertime": 1773720
     },
     "945278029": {
      "maxRSS": 127868,
      "systemtime": 36150,
      "usertime": 1773737
     },
     "945279108": {
      "maxRSS": 127868,
      "systemtime": 36150,
      "usertime": 1773752
     },
     "945280177": {
      "maxRSS": 127868,
      "systemtime": 36150,
      "usertime": 1777764
     },
     "945281244": {
      "maxRSS": 127868,
      "systemtime": 36150,
      "usertime": 1777773
     },
     "945282330": {
      "maxRSS": 127868,
      "systemtime": 36150,
      "usertime": 1777799
     },
     "945283400": {
      "maxRSS": 127868,
      "systemtime": 36150,
      "usertime": 1777810
     },
     "945284474": {
      "maxRSS": 127868,
      "systemtime": 36150,
      "usertime": 1781819
     },
     "945285550": {
      "maxRSS": 127868,
      "systemtime": 36150,
      "usertime": 1781832
     },
     "945286632": {
      "maxRSS": 127868,
      "systemtime": 36150,
      "usertime": 1781849
     },
     "945287708": {
      "maxRSS": 127868,
      "systemtime": 36150,
      "usertime": 1781863
     },
     "945288809": {
      "maxRSS": 127868,
      "systemtime": 36150,
      "usertime": 1785894
     },
     "945289909": {
      "maxRSS": 127868,
      "systemtime": 36150,
      "usertime": 1785904
     },
     "945290974": {
      "maxRSS": 127868,
      "systemtime": 36150,
      "usertime": 1785912
     },
     "945293057": {
      "maxRSS": 127868,
      "systemtime": 36150,
      "usertime": 1789926
     },
     "945295153": {
      "maxRSS": 127868,
      "systemtime": 36150,
      "usertime": 1789953
     },
     "945297252": {
      "maxRSS": 127868,
      "systemtime": 36150,
      "usertime": 1793988
     },
     "945299372": {
      "maxRSS": 127868,
      "systemtime": 36150,
      "usertime": 1794017
     },
     "945301482": {
      "maxRSS": 127868,
      "systemtime": 36150,
      "usertime": 1798056
     },
     "945303602": {
      "maxRSS": 127868,
      "systemtime": 36150,
      "usertime": 1798077
     },
     "945305682": {
      "maxRSS": 127868,
      "systemtime": 36150,
      "usertime": 1802093
     },
     "945307750": {
      "maxRSS": 127868,
      "systemtime": 36150,
      "usertime": 1802103
     },
     "945309830": {
      "maxRSS": 127868,
      "systemtime": 36150,
      "usertime": 1806116
     },
     "945311943": {
      "maxRSS": 127868,
      "systemtime": 36150,
      "usertime": 1806129
     },
     "945314029": {
      "maxRSS": 127868,
      "systemtime": 36150,
      "usertime": 1810200
     },
     "945316097": {
      "maxRSS": 127868,
      "systemtime": 36150,
      "usertime": 1814167
     },
     "945318177": {
      "maxRSS": 127868,
      "systemtime": 36150,
      "usertime": 1814183
     },
     "945320264": {
      "maxRSS": 127868,
      "systemtime": 36150,
      "usertime": 1818207
     },
     "945322374": {
      "maxRSS": 127868,
      "systemtime": 36150,
      "usertime": 1818224
     },
     "945324477": {
      "maxRSS": 127868,
      "systemtime": 36150,
      "usertime": 1822233
     },
     "945326599": {
      "maxRSS": 127868,
      "systemtime": 36150,
      "usertime": 1822262
     },
     "945328707": {
      "maxRSS": 127868,
      "systemtime": 36150,
      "usertime": 1826277
     },
     "945330805": {
      "maxRSS": 127868,
      "systemtime": 36150,
      "usertime": 1826285
     },
     "945332908": {
      "maxRSS": 127868,
      "systemtime": 36150,
      "usertime": 1830294
     },
     "945335013": {
      "maxRSS": 127868,
      "systemtime": 36150,
      "usertime": 1830312
     },
     "945337142": {
      "maxRSS": 127868,
      "systemtime": 36150,
      "usertime": 1834340
     },
     "945339253": {
      "maxRSS": 127868,
      "systemtime": 36150,
      "usertime": 1834384
     },
     "945341370": {
      "maxRSS": 127868,
      "systemtime": 36150,
      "usertime": 1838403
     },
     "945343446": {
      "maxRSS": 127868,
      "systemtime": 36150,
      "usertime": 1838418
     },
     "945345516": {
      "maxRSS": 127868,
      "systemtime": 36150,
      "usertime": 1842429
     },
     "945347580": {
      "maxRSS": 127868,
      "systemtime": 36150,
      "usertime": 1842437
     },
     "945349645": {
      "maxRSS": 127868,
      "systemtime": 36150,
      "usertime": 1846444
     },
     "945351732": {
      "maxRSS": 127868,
      "systemtime": 36150,
      "usertime": 1846460
     },
     "945353886": {
      "maxRSS": 127868,
      "systemtime": 36150,
      "usertime": 1850513
     },
     "945356040": {
      "maxRSS": 127868,
      "systemtime": 36150,
      "usertime": 1854520
     },
     "945358185": {
      "maxRSS": 127868,
      "systemtime": 36150,
      "usertime": 1854543
     },
     "945360283": {
      "maxRSS": 127868,
      "systemtime": 36150,
      "usertime": 1858573
     },
     "945362462": {
      "maxRSS": 127868,
      "systemtime": 36150,
      "usertime": 1858595
     },
     "945364638": {
      "maxRSS": 127868,
      "systemtime": 36150,
      "usertime": 1862674
     },
     "945366845": {
      "maxRSS": 127868,
      "systemtime": 36150,
      "usertime": 1862710
     },
     "945368932": {
      "maxRSS": 127868,
      "systemtime": 36150,
      "usertime": 1866677
     },
     "945371050": {
      "maxRSS": 127868,
      "systemtime": 36150,
      "usertime": 1866694
     },
     "945373228": {
      "maxRSS": 127868,
      "systemtime": 36150,
      "usertime": 1870699
     },
     "945375370": {
      "maxRSS": 127868,
      "systemtime": 36150,
      "usertime": 1870715
     },
     "945377536": {
      "maxRSS": 127868,
      "systemtime": 36150,
      "usertime": 1874731
     },
     "945379633": {
      "maxRSS": 127868,
      "systemtime": 36150,
      "usertime": 1874766
     },
     "945381782": {
      "maxRSS": 127868,
      "systemtime": 36150,
      "usertime": 1878783
     },
     "945383907": {
      "maxRSS": 127868,
      "systemtime": 36150,
      "usertime": 1878798
     },
     "945385988": {
      "maxRSS": 127868,
      "systemtime": 36150,
      "usertime": 1882812
     },
     "945388030": {
      "maxRSS": 127868,
      "systemtime": 36150,
      "usertime": 1886826
     },
     "945390106": {
      "maxRSS": 127868,
      "systemtime": 36150,
      "usertime": 1886841
     },
     "945392191": {
      "maxRSS": 127868,
      "systemtime": 36150,
      "usertime": 1890868
     },
     "945394295": {
      "maxRSS": 127868,
      "systemtime": 36150,
      "usertime": 1890878
     },
     "945396369": {
      "maxRSS": 127868,
      "systemtime": 36150,
      "usertime": 1894891
     },
     "945398435": {
      "maxRSS": 127868,
      "systemtime": 36150,
      "usertime": 1894899
     },
     "945400548": {
      "maxRSS": 127868,
      "systemtime": 36150,
      "usertime": 1898919
     },
     "945402668": {
      "maxRSS": 127868,
      "systemtime": 36150,
      "usertime": 1898933
     },
     "945404801": {
      "maxRSS": 127868,
      "systemtime": 36150,
      "usertime": 1903028
     },
     "945406919": {
      "maxRSS": 127868,
      "systemtime": 36150,
      "usertime": 1903048
     },
     "945408985": {
      "maxRSS": 127868,
      "systemtime": 36150,
      "usertime": 1907005
     },
     "945411089": {
      "maxRSS": 127868,
      "systemtime": 36150,
      "usertime": 1907016
     },
     "945413161": {
      "maxRSS": 127868,
      "systemtime": 36150,
      "usertime": 1911086
     },
     "945415247": {
      "maxRSS": 127868,
      "systemtime": 36150,
      "usertime": 1911099
     },
     "945417329": {
      "maxRSS": 127868,
      "systemtime": 36150,
      "usertime": 1915061
     },
     "945419432": {
      "maxRSS": 127868,
      "systemtime": 36150,
      "usertime": 1915105
     },
     "945421514": {
      "maxRSS": 127868,
      "systemtime": 36150,
      "usertime": 1919130
     },
     "945423629": {
      "maxRSS": 127868,
      "systemtime": 36150,
      "usertime": 1919146
     },
     "945425695": {
      "maxRSS": 127868,
      "systemtime": 36150,
      "usertime": 1923154
     },
     "945427763": {
      "maxRSS": 127868,
      "systemtime": 36150,
      "usertime": 1923163
     },
     "945429846": {
      "maxRSS": 127868,
      "systemtime": 36150,
      "usertime": 1927181
     },
     "945431955": {
      "maxRSS": 127868,
      "systemtime": 36150,
      "usertime": 1927224
     },
     "945434042": {
      "maxRSS": 127868,
      "systemtime": 36150,
      "usertime": 1931259
     },
     "945436088": {
      "maxRSS": 127868,
      "systemtime": 36150,
      "usertime": 1935266
     },
     "945438206": {
      "maxRSS": 127868,
      "systemtime": 36150,
      "usertime": 1935283
     },
     "945440284": {
      "maxRSS": 127868,
      "systemtime": 36150,
      "usertime": 1939299
     },
     "945442354": {
      "maxRSS": 127868,
      "systemtime": 36150,
      "usertime": 1939310
     },
     "945444477": {
      "maxRSS": 127868,
      "systemtime": 36150,
      "usertime": 1943342
     },
     "945446547": {
      "maxRSS": 127996,
      "systemtime": 36150,
      "usertime": 1943354
     },
     "945448618": {
      "maxRSS": 127996,
      "systemtime": 36150,
      "usertime": 1947365
     },
     "945450719": {
      "maxRSS": 128124,
      "systemtime": 36150,
      "usertime": 1947376
     },
     "945452920": {
      "maxRSS": 128252,
      "systemtime": 36150,
      "usertime": 1951448
     },
     "945455019": {
      "maxRSS": 128380,
      "systemtime": 36150,
      "usertime": 1951474
     },
     "945457148": {
      "maxRSS": 128508,
      "systemtime": 36150,
      "usertime": 1955459
     },
     "945459326": {
      "maxRSS": 128636,
      "systemtime": 36150,
      "usertime": 1955476
     },
     "945461437": {
      "maxRSS": 128636,
      "systemtime": 36150,
      "usertime": 1959493
     },
     "945463524": {
      "maxRSS": 128764,
      "systemtime": 36150,
      "usertime": 1959507
     },
     "945465652": {
      "maxRSS": 128892,
      "systemtime": 36150,
      "usertime": 1963547
     },
     "945467778": {
      "maxRSS": 129020,
      "systemtime": 36150,
      "usertime": 1963570
     },
     "945469875": {
      "maxRSS": 129148,
      "systemtime": 36150,
      "usertime": 1967589
     },
     "945471971": {
      "maxRSS": 129276,
      "systemtime": 36150,
      "usertime": 1967621
     },
     "945474079": {
      "maxRSS": 129276,
      "systemtime": 36150,
      "usertime": 1971662
     },
     "945476168": {
      "maxRSS": 129404,
      "systemtime": 36150,
      "usertime": 1975695
     },
     "945478273": {
      "maxRSS": 129532,
      "systemtime": 36150,
      "usertime": 1975710
     },
     "945480354": {
      "maxRSS": 129660,
      "systemtime": 36211,
      "usertime": 1979646
     },
     "945481159": {
      "maxRSS": 129660,
      "systemtime": 36211,
      "usertime": 1980813
     },
     "945481652": {
      "maxRSS": 129660,
      "systemtime": 36211,
      "usertime": 1981318
     },
     "945482731": {
      "maxRSS": 129916,
      "systemtime": 36211,
      "usertime": 1981335
     },
     "945483824": {
      "maxRSS": 130172,
      "systemtime": 36211,
      "usertime": 1981351
     },
     "945484912": {
      "maxRSS": 130300,
      "systemtime": 36211,
      "usertime": 1983745
     },
     "945485996": {
      "maxRSS": 130556,
      "systemtime": 36211,
      "usertime": 1983759
     },
     "945487069": {
      "maxRSS": 130812,
      "systemtime": 36211,
      "usertime": 1983774
     },
     "945488153": {
      "maxRSS": 131068,
      "systemtime": 36211,
      "usertime": 1987800
     },
     "945489259": {
      "maxRSS": 131324,
      "systemtime": 36211,
      "usertime": 1987814
     },
     "945490366": {
      "maxRSS": 131580,
      "systemtime": 36211,
      "usertime": 1987840
     },
     "945491453": {
      "maxRSS": 131836,
      "systemtime": 36211,
      "usertime": 1987865
     },
     "945492527": {
      "maxRSS": 131964,
      "systemtime": 36211,
      "usertime": 1991903
     },
     "945493639": {
      "maxRSS": 132220,
      "systemtime": 36211,
      "usertime": 1991923
     },
     "945494761": {
      "maxRSS": 132476,
      "systemtime": 36211,
      "usertime": 1991951
     },
     "945495864": {
      "maxRSS": 132732,
      "systemtime": 36211,
      "usertime": 1991963
     },
     "945496943": {
      "maxRSS": 132988,
      "systemtime": 36211,
      "usertime": 1995957
     },
     "945498051": {
      "maxRSS": 133244,
      "systemtime": 36211,
      "usertime": 1995969
     },
     "945499146": {
      "maxRSS": 133500,
      "systemtime": 36211,
      "usertime": 1995985
     },
     "945500224": {
      "maxRSS": 133756,
      "systemtime": 40161,
      "usertime": 1996047
     },
     "945501303": {
      "maxRSS": 134012,
      "systemtime": 40162,
      "usertime": 1996064
     },
     "945502439": {
      "maxRSS": 134396,
      "systemtime": 40162,
      "usertime": 1996095
     },
     "945503555": {
      "maxRSS": 134652,
      "systemtime": 40163,
      "usertime": 1996116
     },
     "945504665": {
      "maxRSS": 134908,
      "systemtime": 40163,
      "usertime": 2000133
     },
     "945505753": {
      "maxRSS": 135164,
      "systemtime": 40163,
      "usertime": 2000143
     },
     "945506828": {
      "maxRSS": 135420,
      "systemtime": 40163,
      "usertime": 2000158
     },
     "945507904": {
      "maxRSS": 135676,
      "systemtime": 40164,
      "usertime": 2000172
     },
     "945508991": {
      "maxRSS": 135804,
      "systemtime": 44180,
      "usertime": 2000189
     },
     "945510079": {
      "maxRSS": 136060,
      "systemtime": 44181,
      "usertime": 2000204
     },
     "945511169": {
      "maxRSS": 136316,
      "systemtime": 44181,
      "usertime": 2000225
     },
     "945512250": {
      "maxRSS": 136444,
      "systemtime": 44182,
      "usertime": 2004270
     },
     "945513340": {
      "maxRSS": 136700,
      "systemtime": 44182,
      "usertime": 2004292
     },
     "945514469": {
      "maxRSS": 136956,
      "systemtime": 44183,
      "usertime": 2004332
     },
     "945515567": {
      "maxRSS": 137212,
      "systemtime": 44184,
      "usertime": 2004366
     },
     "945516638": {
      "maxRSS": 137340,
      "systemtime": 44184,
      "usertime": 2008358
     },
     "945517715": {
      "maxRSS": 137596,
      "systemtime": 44184,
      "usertime": 2008374
     },
     "945518829": {
      "maxRSS": 137852,
      "systemtime": 44184,
      "usertime": 2008390
     },
     "945519947": {
      "maxRSS": 138108,
      "systemtime": 44185,
      "usertime": 2008410
     },
     "945521069": {
      "maxRSS": 138364,
      "systemtime": 48202,
      "usertime": 2008430
     },
     "945522183": {
      "maxRSS": 138620,
      "systemtime": 48203,
      "usertime": 2008467
     },
     "945523312": {
      "maxRSS": 138876,
      "systemtime": 48203,
      "usertime": 2008494
     },
     "945524405": {
      "maxRSS": 139132,
      "systemtime": 48203,
      "usertime": 2012512
     },
     "945525485": {
      "maxRSS": 139260,
      "systemtime": 48204,
      "usertime": 2012533
     },
     "945526558": {
      "maxRSS": 139516,
      "systemtime": 48204,
      "usertime": 2012545
     },
     "945527654": {
      "maxRSS": 139772,
      "systemtime": 48205,
      "usertime": 2012560
     },
     "945528732": {
      "maxRSS": 139900,
      "systemtime": 48205,
      "usertime": 2016577
     },
     "945529848": {
      "maxRSS": 140156,
      "systemtime": 48205,
      "usertime": 2016612
     },
     "945530956": {
      "maxRSS": 140412,
      "systemtime": 48206,
      "usertime": 2016639
     },
     "945532056": {
      "maxRSS": 140668,
      "systemtime": 48206,
      "usertime": 2020670
     },
     "945533139": {
      "maxRSS": 140924,
      "systemtime": 48207,
      "usertime": 2020687
     },
     "945534210": {
      "maxRSS": 141180,
      "systemtime": 48207,
      "usertime": 2020700
     },
     "945535324": {
      "maxRSS": 141436,
      "systemtime": 48208,
      "usertime": 2020725
     },
     "945536432": {
      "maxRSS": 141564,
      "systemtime": 48208,
      "usertime": 2024757
     },
     "945537558": {
      "maxRSS": 141820,
      "systemtime": 48209,
      "usertime": 2024803
     },
     "945538663": {
      "maxRSS": 142076,
      "systemtime": 48210,
      "usertime": 2024833
     },
     "945539772": {
      "maxRSS": 142332,
      "systemtime": 48210,
      "usertime": 2024849
     },
     "945540890": {
      "maxRSS": 142588,
      "systemtime": 48210,
      "usertime": 2028878
     },
     "945541997": {
      "maxRSS": 142844,
      "systemtime": 48211,
      "usertime": 2028908
     },
     "945543087": {
      "maxRSS": 143100,
      "systemtime": 48212,
      "usertime": 2028935
     },
     "945544169": {
      "maxRSS": 143356,
      "systemtime": 48212,
      "usertime": 2032951
     },
     "945545276": {
      "maxRSS": 143612,
      "systemtime": 48212,
      "usertime": 2032966
     },
     "945546351": {
      "maxRSS": 143868,
      "systemtime": 48212,
      "usertime": 2032980
     },
     "945547425": {
      "maxRSS": 144124,
      "systemtime": 48213,
      "usertime": 2032994
     },
     "945548505": {
      "maxRSS": 144380,
      "systemtime": 52231,
      "usertime": 2033000
     },
     "945549590": {
      "maxRSS": 144508,
      "systemtime": 52231,
      "usertime": 2033025
     },
     "945550684": {
      "maxRSS": 144764,
      "systemtime": 52232,
      "usertime": 2033039
     },
     "945551764": {
      "maxRSS": 145020,
      "systemtime": 52232,
      "usertime": 2033054
     },
     "945552837": {
      "maxRSS": 145276,
      "systemtime": 56249,
      "usertime": 2033054
     },
     "945553934": {
      "maxRSS": 145532,
      "systemtime": 56251,
      "usertime": 2033076
     },
     "945555047": {
      "maxRSS": 145788,
      "systemtime": 56251,
      "usertime": 2033107
     },
     "945556136": {
      "maxRSS": 146044,
      "systemtime": 56251,
      "usertime": 2037121
     },
     "945557218": {
      "maxRSS": 146300,
      "systemtime": 56252,
      "usertime": 2037145
     },
     "945558319": {
      "maxRSS": 146556,
      "systemtime": 56252,
      "usertime": 2037156
     },
     "945559402": {
      "maxRSS": 146812,
      "systemtime": 56253,
      "usertime": 2037171
     },
     "945560506": {
      "maxRSS": 146940,
      "systemtime": 56253,
      "usertime": 2041183
     },
     "945561579": {
      "maxRSS": 147196,
      "systemtime": 56253,
      "usertime": 2041195
     },
     "945562647": {
      "maxRSS": 147196,
      "systemtime": 56253,
      "usertime": 2041205
     },
     "945563764": {
      "maxRSS": 147196,
      "systemtime": 56254,
      "usertime": 2041242
     },
     "945564324": {
      "maxRSS": 147196,
      "systemtime": 56356,
      "usertime": 2045481
     },
     "945565412": {
      "maxRSS": 147196,
      "systemtime": 56356,
      "usertime": 2045493
     },
     "945566503": {
      "maxRSS": 147196,
      "systemtime": 56356,
      "usertime": 2045509
     },
     "945567628": {
      "maxRSS": 147196,
      "systemtime": 56356,
      "usertime": 2045541
     },
     "945568705": {
      "maxRSS": 147196,
      "systemtime": 56356,
      "usertime": 2049242
     },
     "945569834": {
      "maxRSS": 147196,
      "systemtime": 56356,
      "usertime": 2049283
     },
     "945570913": {
      "maxRSS": 147196,
      "systemtime": 56356,
      "usertime": 2049302
     },
     "945572024": {
      "maxRSS": 147196,
      "systemtime": 56356,
      "usertime": 2053317
     },
     "945573099": {
      "maxRSS": 147196,
      "systemtime": 56356,
      "usertime": 2053332
     },
     "945574215": {
      "maxRSS": 147196,
      "systemtime": 56356,
      "usertime": 2053358
     },
     "945575291": {
      "maxRSS": 147196,
      "systemtime": 56356,
      "usertime": 2053376
     },
     "945576378": {
      "maxRSS": 147196,
      "systemtime": 56356,
      "usertime": 2057399
     },
     "945577461": {
      "maxRSS": 147196,
      "systemtime": 56356,
      "usertime": 2057415
     },
     "945578543": {
      "maxRSS": 147196,
      "systemtime": 56356,
      "usertime": 2057434
     },
     "945579673": {
      "maxRSS": 147196,
      "systemtime": 56356,
      "usertime": 2057451
     },
     "945580764": {
      "maxRSS": 147196,
      "systemtime": 56356,
      "usertime": 2061467
     },
     "945581853": {
      "maxRSS": 147196,
      "systemtime": 56356,
      "usertime": 2061483
     },
     "945582930": {
      "maxRSS": 147196,
      "systemtime": 56356,
      "usertime": 2061498
     },
     "945584028": {
      "maxRSS": 147196,
      "systemtime": 56356,
      "usertime": 2065528
     },
     "945585138": {
      "maxRSS": 147196,
      "systemtime": 56356,
      "usertime": 2065549
     },
     "945586245": {
      "maxRSS": 147196,
      "systemtime": 56356,
      "usertime": 2065562
     },
     "945587327": {
      "maxRSS": 147196,
      "systemtime": 56356,
      "usertime": 2065573
     },
     "945588399": {
      "maxRSS": 147196,
      "systemtime": 56356,
      "usertime": 2069589
     },
     "945589485": {
      "maxRSS": 147196,
      "systemtime": 56356,
      "usertime": 2069601
     },
     "945590608": {
      "maxRSS": 147196,
      "systemtime": 56356,
      "usertime": 2069634
     },
     "945591693": {
      "maxRSS": 147196,
      "systemtime": 56356,
      "usertime": 2069660
     },
     "945592788": {
      "maxRSS": 147196,
      "systemtime": 56356,
      "usertime": 2073674
     },
     "945593867": {
      "maxRSS": 147196,
      "systemtime": 56356,
      "usertime": 2073689
     },
     "945594941": {
      "maxRSS": 147196,
      "systemtime": 56356,
      "usertime": 2073703
     },
     "945596055": {
      "maxRSS": 147196,
      "systemtime": 56356,
      "usertime": 2077747
     },
     "945597198": {
      "maxRSS": 147196,
      "systemtime": 56356,
      "usertime": 2077800
     },
     "945598330": {
      "maxRSS": 147196,
      "systemtime": 56356,
      "usertime": 2077830
     },
     "945599415": {
      "maxRSS": 147196,
      "systemtime": 56356,
      "usertime": 2077853
     },
     "945600513": {
      "maxRSS": 147196,
      "systemtime": 56356,
      "usertime": 2081850
     },
     "945601587": {
      "maxRSS": 147196,
      "systemtime": 56356,
      "usertime": 2081864
     },
     "945602663": {
      "maxRSS": 147196,
      "systemtime": 56356,
      "usertime": 2081878
     },
     "945603802": {
      "maxRSS": 147196,
      "systemtime": 56356,
      "usertime": 2081938
     },
     "945604885": {
      "maxRSS": 147196,
      "systemtime": 56356,
      "usertime": 2085961
     },
     "945605955": {
      "maxRSS": 147196,
      "systemtime": 56356,
      "usertime": 2085973
     },
     "945607032": {
      "maxRSS": 147196,
      "systemtime": 56356,
      "usertime": 2085986
     },
     "945608124": {
      "maxRSS": 147196,
      "systemtime": 56356,
      "usertime": 2090003
     },
     "945609226": {
      "maxRSS": 147196,
      "systemtime": 56356,
      "usertime": 2090016
     },
     "945610317": {
      "maxRSS": 147196,
      "systemtime": 56356,
      "usertime": 2090031
     },
     "945611424": {
      "maxRSS": 147196,
      "systemtime": 56356,
      "usertime": 2090076
     },
     "945612498": {
      "maxRSS": 147196,
      "systemtime": 56356,
      "usertime": 2094092
     },
     "945613576": {
      "maxRSS": 147196,
      "systemtime": 56356,
      "usertime": 2094108
     },
     "945614722": {
      "maxRSS": 147196,
      "systemtime": 56356,
      "usertime": 2094131
     },
     "945615867": {
      "maxRSS": 147196,
      "systemtime": 56356,
      "usertime": 2094151
     },
     "945617006": {
      "maxRSS": 147196,
      "systemtime": 56356,
      "usertime": 2098176
     },
     "945618100": {
      "maxRSS": 147196,
      "systemtime": 56356,
      "usertime": 2098206
     },
     "945619182": {
      "maxRSS": 147196,
      "systemtime": 56356,
      "usertime": 2098223
     },
     "945620259": {
      "maxRSS": 147196,
      "systemtime": 56356,
      "usertime": 2102240
     },
     "945621364": {
      "maxRSS": 147196,
      "systemtime": 56356,
      "usertime": 2102252
     },
     "945622431": {
      "maxRSS": 147196,
      "systemtime": 56356,
      "usertime": 2102261
     },
     "945623554": {
      "maxRSS": 147196,
      "systemtime": 56356,
      "usertime": 2102289
     },
     "945624645": {
      "maxRSS": 147196,
      "systemtime": 56356,
      "usertime": 2106323
     },
     "945625718": {
      "maxRSS": 147196,
      "systemtime": 56356,
      "usertime": 2106336
     },
     "945626800": {
      "maxRSS": 147196,
      "systemtime": 56356,
      "usertime": 2106352
     },
     "945627908": {
      "maxRSS": 147196,
      "systemtime": 56356,
      "usertime": 2106381
     },
     "945628996": {
      "maxRSS": 147196,
      "systemtime": 56356,
      "usertime": 2110411
     },
     "945630077": {
      "maxRSS": 147196,
      "systemtime": 56356,
      "usertime": 2110428
     },
     "945631190": {
      "maxRSS": 147196,
      "systemtime": 56356,
      "usertime": 2110463
     },
     "945632266": {
      "maxRSS": 147196,
      "systemtime": 56356,
      "usertime": 2114479
     },
     "945633357": {
      "maxRSS": 147196,
      "systemtime": 56356,
      "usertime": 2114495
     },
     "945634434": {
      "maxRSS": 147196,
      "systemtime": 56356,
      "usertime": 2114511
     },
     "945635566": {
      "maxRSS": 147196,
      "systemtime": 56356,
      "usertime": 2114537
     },
     "945636672": {
      "maxRSS": 147196,
      "systemtime": 56356,
      "usertime": 2118566
     },
     "945637751": {
      "maxRSS": 147196,
      "systemtime": 56356,
      "usertime": 2118583
     },
     "945638841": {
      "maxRSS": 147196,
      "systemtime": 56356,
      "usertime": 2118613
     },
     "945639914": {
      "maxRSS": 147196,
      "systemtime": 56356,
      "usertime": 2118627
     },
     "945640988": {
      "maxRSS": 147196,
      "systemtime": 56356,
      "usertime": 2122640
     },
     "945642064": {
      "maxRSS": 147196,
      "systemtime": 56356,
      "usertime": 2122655
     },
     "945643143": {
      "maxRSS": 147196,
      "systemtime": 56356,
      "usertime": 2122671
     },
     "945644217": {
      "maxRSS": 147196,
      "systemtime": 56356,
      "usertime": 2126707
     },
     "945645339": {
      "maxRSS": 147196,
      "systemtime": 56356,
      "usertime": 2126735
     },
     "945646412": {
      "maxRSS": 147196,
      "systemtime": 56356,
      "usertime": 2126745
     },
     "945647517": {
      "maxRSS": 147196,
      "systemtime": 56356,
      "usertime": 2126758
     },
     "945648619": {
      "maxRSS": 147196,
      "systemtime": 56356,
      "usertime": 2130747
     },
     "945649717": {
      "maxRSS": 147196,
      "systemtime": 56356,
      "usertime": 2130755
     },
     "945650787": {
      "maxRSS": 147196,
      "systemtime": 56356,
      "usertime": 2130765
     },
     "945651909": {
      "maxRSS": 147196,
      "systemtime": 56356,
      "usertime": 2130790
     },
     "945653015": {
      "maxRSS": 147196,
      "systemtime": 56356,
      "usertime": 2134814
     },
     "945654101": {
      "maxRSS": 147196,
      "systemtime": 56356,
      "usertime": 2134836
     },
     "945655178": {
      "maxRSS": 147196,
      "systemtime": 56356,
      "usertime": 2134851
     },
     "945656257": {
      "maxRSS": 147196,
      "systemtime": 56356,
      "usertime": 2138861
     },
     "945657336": {
      "maxRSS": 147196,
      "systemtime": 56356,
      "usertime": 2138876
     },
     "945658448": {
      "maxRSS": 147196,
      "systemtime": 56356,
      "usertime": 2138902
     },
     "945659527": {
      "maxRSS": 147196,
      "systemtime": 56356,
      "usertime": 2138916
     },
     "945660597": {
      "maxRSS": 147196,
      "systemtime": 56356,
      "usertime": 2142929
     },
     "945661694": {
      "maxRSS": 147196,
      "systemtime": 56356,
      "usertime": 2142936
     },
     "945662802": {
      "maxRSS": 147196,
      "systemtime": 56356,
      "usertime": 2142952
     },
     "945663899": {
      "maxRSS": 147196,
      "systemtime": 56356,
      "usertime": 2142959
     },
     "945664965": {
      "maxRSS": 147196,
      "systemtime": 56356,
      "usertime": 2146966
     },
     "945666098": {
      "maxRSS": 147196,
      "systemtime": 56356,
      "usertime": 2147009
     },
     "945667197": {
      "maxRSS": 147196,
      "systemtime": 56356,
      "usertime": 2147016
     },
     "945668263": {
      "maxRSS": 147196,
      "systemtime": 56356,
      "usertime": 2151024
     },
     "945669364": {
      "maxRSS": 147196,
      "systemtime": 56356,
      "usertime": 2151032
     },
     "945670468": {
      "maxRSS": 147196,
      "systemtime": 56356,
      "usertime": 2151040
     },
     "945671533": {
      "maxRSS": 147196,
      "systemtime": 56356,
      "usertime": 2151048
     },
     "945672642": {
      "maxRSS": 147196,
      "systemtime": 56356,
      "usertime": 2155062
     },
     "945673725": {
      "maxRSS": 147196,
      "systemtime": 56356,
      "usertime": 2155076
     },
     "945674857": {
      "maxRSS": 147196,
      "systemtime": 56356,
      "usertime": 2155103
     },
     "945675935": {
      "maxRSS": 147196,
      "systemtime": 56356,
      "usertime": 2155119
     },
     "945677005": {
      "maxRSS": 147196,
      "systemtime": 56356,
      "usertime": 2159132
     },
     "945678074": {
      "maxRSS": 147196,
      "systemtime": 56356,
      "usertime": 2159143
     },
     "945679163": {
      "maxRSS": 147196,
      "systemtime": 56356,
      "usertime": 2159175
     },
     "945680231": {
      "maxRSS": 147196,
      "systemtime": 56356,
      "usertime": 2163184
     },
     "945681329": {
      "maxRSS": 147196,
      "systemtime": 56356,
      "usertime": 2163192
     },
     "945682436": {
      "maxRSS": 147196,
      "systemtime": 56356,
      "usertime": 2163208
     },
     "945683540": {
      "maxRSS": 147196,
      "systemtime": 56356,
      "usertime": 2163223
     },
     "945684659": {
      "maxRSS": 147196,
      "systemtime": 56356,
      "usertime": 2167250
     },
     "945685747": {
      "maxRSS": 147196,
      "systemtime": 56356,
      "usertime": 2167279
     },
     "945686852": {
      "maxRSS": 147196,
      "systemtime": 56356,
      "usertime": 2167293
     },
     "945687920": {
      "maxRSS": 147196,
      "systemtime": 56356,
      "usertime": 2167301
     },
     "945688995": {
      "maxRSS": 147196,
      "systemtime": 56356,
      "usertime": 2171314
     },
     "945690080": {
      "maxRSS": 147196,
      "systemtime": 56356,
      "usertime": 2171334
     },
     "945691230": {
      "maxRSS": 147196,
      "systemtime": 56356,
      "usertime": 2171352
     },
     "945692305": {
      "maxRSS": 147196,
      "systemtime": 56356,
      "usertime": 2175367
     },
     "945693481": {
      "maxRSS": 147196,
      "systemtime": 56356,
      "usertime": 2175400
     },
     "945694568": {
      "maxRSS": 147196,
      "systemtime": 56356,
      "usertime": 2175418
     },
     "945695751": {
      "maxRSS": 147196,
      "systemtime": 56356,
      "usertime": 2175435
     },
     "945696893": {
      "maxRSS": 147196,
      "systemtime": 56356,
      "usertime": 2179452
     },
     "945698054": {
      "maxRSS": 147196,
      "systemtime": 56356,
      "usertime": 2179466
     },
     "945699180": {
      "maxRSS": 147196,
      "systemtime": 56356,
      "usertime": 2179482
     },
     "945700322": {
      "maxRSS": 147196,
      "systemtime": 56356,
      "usertime": 2183513
     },
     "945701403": {
      "maxRSS": 147196,
      "systemtime": 56356,
      "usertime": 2183527
     },
     "945702477": {
      "maxRSS": 147196,
      "systemtime": 56356,
      "usertime": 2183541
     },
     "945703581": {
      "maxRSS": 147196,
      "systemtime": 56356,
      "usertime": 2183554
     },
     "945705712": {
      "maxRSS": 147196,
      "systemtime": 56356,
      "usertime": 2187573
     },
     "945707786": {
      "maxRSS": 147196,
      "systemtime": 56356,
      "usertime": 2187585
     },
     "945709876": {
      "maxRSS": 147196,
      "systemtime": 56356,
      "usertime": 2191614
     },
     "945711994": {
      "maxRSS": 147196,
      "systemtime": 56356,
      "usertime": 2191630
     },
     "945714075": {
      "maxRSS": 147196,
      "systemtime": 56356,
      "usertime": 2195652
     },
     "945716152": {
      "maxRSS": 147196,
      "systemtime": 56356,
      "usertime": 2199668
     },
     "945718287": {
      "maxRSS": 147196,
      "systemtime": 56356,
      "usertime": 2199686
     },
     "945720377": {
      "maxRSS": 147196,
      "systemtime": 56356,
      "usertime": 2203724
     },
     "945722585": {
      "maxRSS": 147196,
      "systemtime": 56356,
      "usertime": 2203760
     },
     "945724760": {
      "maxRSS": 147196,
      "systemtime": 56356,
      "usertime": 2207692
     },
     "945726967": {
      "maxRSS": 147196,
      "systemtime": 56356,
      "usertime": 2207709
     },
     "945729071": {
      "maxRSS": 147196,
      "systemtime": 56356,
      "usertime": 2211707
     },
     "945731140": {
      "maxRSS": 147196,
      "systemtime": 56356,
      "usertime": 2211718
     },
     "945733355": {
      "maxRSS": 147196,
      "systemtime": 56356,
      "usertime": 2215785
     },
     "945735508": {
      "maxRSS": 147196,
      "systemtime": 56356,
      "usertime": 2215817
     },
     "945737788": {
      "maxRSS": 147324,
      "systemtime": 56356,
      "usertime": 2219802
     },
     "945739972": {
      "maxRSS": 147324,
      "systemtime": 56356,
      "usertime": 2219820
     },
     "945742150": {
      "maxRSS": 147324,
      "systemtime": 56356,
      "usertime": 2223888
     },
     "945744240": {
      "maxRSS": 147324,
      "systemtime": 56356,
      "usertime": 2227859
     },
     "945746352": {
      "maxRSS": 147324,
      "systemtime": 56356,
      "usertime": 2227894
     },
     "945748467": {
      "maxRSS": 147324,
      "systemtime": 56356,
      "usertime": 2231946
     },
     "945750592": {
      "maxRSS": 147324,
      "systemtime": 56356,
      "usertime": 2231981
     },
     "945752713": {
      "maxRSS": 147324,
      "systemtime": 56356,
      "usertime": 2236041
     },
     "945754854": {
      "maxRSS": 147324,
      "systemtime": 56356,
      "usertime": 2236070
     },
     "945756969": {
      "maxRSS": 147324,
      "systemtime": 56356,
      "usertime": 2240026
     },
     "945759098": {
      "maxRSS": 147324,
      "systemtime": 56356,
      "usertime": 2240046
     },
     "945761258": {
      "maxRSS": 147324,
      "systemtime": 56356,
      "usertime": 2244086
     },
     "945763360": {
      "maxRSS": 147324,
      "systemtime": 56356,
      "usertime": 2244127
     },
     "945765433": {
      "maxRSS": 147324,
      "systemtime": 56356,
      "usertime": 2248126
     },
     "945767502": {
      "maxRSS": 147324,
      "systemtime": 56356,
      "usertime": 2248138
     },
     "945769605": {
      "maxRSS": 147324,
      "systemtime": 56356,
      "usertime": 2252150
     },
     "945771713": {
      "maxRSS": 147324,
      "systemtime": 56356,
      "usertime": 2252166
     },
     "945773825": {
      "maxRSS": 147324,
      "systemtime": 56356,
      "usertime": 2256178
     },
     "945775932": {
      "maxRSS": 147324,
      "systemtime": 56356,
      "usertime": 2256218
     },
     "945778095": {
      "maxRSS": 147324,
      "systemtime": 56356,
      "usertime": 2260320
     },
     "945780184": {
      "maxRSS": 147324,
      "systemtime": 56356,
      "usertime": 2264289
     },
     "945782256": {
      "maxRSS": 147324,
      "systemtime": 56356,
      "usertime": 2264301
     },
     "945784336": {
      "maxRSS": 147324,
      "systemtime": 56356,
      "usertime": 2268306
     },
     "945786414": {
      "maxRSS": 147324,
      "systemtime": 56356,
      "usertime": 2268322
     },
     "945788541": {
      "maxRSS": 147324,
      "systemtime": 56356,
      "usertime": 2272356
     },
     "945790645": {
      "maxRSS": 147324,
      "systemtime": 56356,
      "usertime": 2272368
     },
     "945792755": {
      "maxRSS": 147324,
      "systemtime": 56356,
      "usertime": 2276382
     },
     "945794856": {
      "maxRSS": 147324,
      "systemtime": 56356,
      "usertime": 2276394
     },
     "945796940": {
      "maxRSS": 147324,
      "systemtime": 56356,
      "usertime": 2280407
     },
     "945799014": {
      "maxRSS": 147324,
      "systemtime": 56356,
      "usertime": 2280420
     },
     "945801093": {
      "maxRSS": 147324,
      "systemtime": 56356,
      "usertime": 2284433
     },
     "945803196": {
      "maxRSS": 147324,
      "systemtime": 56356,
      "usertime": 2284467
     },
     "945805286": {
      "maxRSS": 147324,
      "systemtime": 56356,
      "usertime": 2288484
     },
     "945807389": {
      "maxRSS": 147324,
      "systemtime": 56356,
      "usertime": 2288495
     },
     "945809465": {
      "maxRSS": 147324,
      "systemtime": 56356,
      "usertime": 2292505
     },
     "945811623": {
      "maxRSS": 147324,
      "systemtime": 56356,
      "usertime": 2292538
     },
     "945813813": {
      "maxRSS": 147324,
      "systemtime": 56356,
      "usertime": 2296553
     },
     "945815908": {
      "maxRSS": 147324,
      "systemtime": 56356,
      "usertime": 2296585
     },
     "945818031": {
      "maxRSS": 147324,
      "systemtime": 56356,
      "usertime": 2300603
     },
     "945820088": {
      "maxRSS": 147324,
      "systemtime": 56356,
      "usertime": 2304684
     },
     "945822229": {
      "maxRSS": 147324,
      "systemtime": 56356,
      "usertime": 2304700
     },
     "945824356": {
      "maxRSS": 147324,
      "systemtime": 56356,
      "usertime": 2308658
     },
     "945826488": {
      "maxRSS": 147324,
      "systemtime": 56356,
      "usertime": 2308675
     },
     "945828599": {
      "maxRSS": 147324,
      "systemtime": 56356,
      "usertime": 2312708
     },
     "945830718": {
      "maxRSS": 147324,
      "systemtime": 56356,
      "usertime": 2312726
     },
     "945832900": {
      "maxRSS": 147324,
      "systemtime": 56356,
      "usertime": 2316743
     },
     "945835030": {
      "maxRSS": 147324,
      "systemtime": 56356,
      "usertime": 2316760
     },
     "945837141": {
      "maxRSS": 147324,
      "systemtime": 56356,
      "usertime": 2320777
     },
     "945839223": {
      "maxRSS": 147324,
      "systemtime": 56356,
      "usertime": 2320795
     },
     "945841329": {
      "maxRSS": 147324,
      "systemtime": 56356,
      "usertime": 2324885
     },
     "945843424": {
      "maxRSS": 147324,
      "systemtime": 56356,
      "usertime": 2324910
     },
     "945845514": {
      "maxRSS": 147324,
      "systemtime": 56356,
      "usertime": 2328891
     },
     "945847674": {
      "maxRSS": 147324,
      "systemtime": 56356,
      "usertime": 2328931
     },
     "945849783": {
      "maxRSS": 147324,
      "systemtime": 56356,
      "usertime": 2332946
     },
     "945851917": {
      "maxRSS": 147324,
      "systemtime": 56356,
      "usertime": 2332977
     },
     "945854086": {
      "maxRSS": 147324,
      "systemtime": 56356,
      "usertime": 2337009
     },
     "945856245": {
      "maxRSS": 147324,
      "systemtime": 56356,
      "usertime": 2341175
     },
     "945858337": {
      "maxRSS": 147324,
      "systemtime": 56356,
      "usertime": 2341191
     },
     "945860447": {
      "maxRSS": 147324,
      "systemtime": 56356,
      "usertime": 2345163
     },
     "945862546": {
      "maxRSS": 147324,
      "systemtime": 56356,
      "usertime": 2345195
     },
     "945864667": {
      "maxRSS": 147324,
      "systemtime": 56356,
      "usertime": 2349209
     },
     "945866747": {
      "maxRSS": 147324,
      "systemtime": 56356,
      "usertime": 2349225
     },
     "945868893": {
      "maxRSS": 147324,
      "systemtime": 56356,
      "usertime": 2353271
     },
     "945871015": {
      "maxRSS": 147324,
      "systemtime": 56356,
      "usertime": 2353290
     },
     "945873092": {
      "maxRSS": 147324,
      "systemtime": 56356,
      "usertime": 2357281
     },
     "945875166": {
      "maxRSS": 147324,
      "systemtime": 56356,
      "usertime": 2357295
     },
     "945877300": {
      "maxRSS": 147324,
      "systemtime": 56356,
      "usertime": 2361325
     },
     "945879379": {
      "maxRSS": 147324,
      "systemtime": 56356,
      "usertime": 2361341
     },
     "945881509": {
      "maxRSS": 147324,
      "systemtime": 56356,
      "usertime": 2365361
     },
     "945883646": {
      "maxRSS": 147324,
      "systemtime": 56356,
      "usertime": 2365372
     },
     "945885733": {
      "maxRSS": 147324,
      "systemtime": 56356,
      "usertime": 2369389
     },
     "945887844": {
      "maxRSS": 147324,
      "systemtime": 56356,
      "usertime": 2369401
     },
     "945889910": {
      "maxRSS": 147324,
      "systemtime": 56356,
      "usertime": 2373409
     },
     "945891976": {
      "maxRSS": 147324,
      "systemtime": 56356,
      "usertime": 2373417
     },
     "945894075": {
      "maxRSS": 147324,
      "systemtime": 56356,
      "usertime": 2378896
     },
     "945894188": {
      "maxRSS": 147324,
      "systemtime": 56356,
      "usertime": 2379647
     },
     "945894654": {
      "maxRSS": 147324,
      "systemtime": 56356,
      "usertime": 2380103
     },
     "945895720": {
      "maxRSS": 147324,
      "systemtime": 56356,
      "usertime": 2380112
     },
     "945896788": {
      "maxRSS": 147324,
      "systemtime": 56356,
      "usertime": 2381493
     },
     "945897854": {
      "maxRSS": 147324,
      "systemtime": 56356,
      "usertime": 2381501
     },
     "945898967": {
      "maxRSS": 147580,
      "systemtime": 56356,
      "usertime": 2381522
     },
     "945900055": {
      "maxRSS": 147836,
      "systemtime": 56356,
      "usertime": 2385547
     },
     "945901122": {
      "maxRSS": 148092,
      "systemtime": 56356,
      "usertime": 2385555
     },
     "945902189": {
      "maxRSS": 148348,
      "systemtime": 56356,
      "usertime": 2385564
     },
     "945903295": {
      "maxRSS": 148604,
      "systemtime": 56356,
      "usertime": 2385575
     },
     "945904370": {
      "maxRSS": 148860,
      "systemtime": 56356,
      "usertime": 2389583
     },
     "945905438": {
      "maxRSS": 149116,
      "systemtime": 56356,
      "usertime": 2389593
     },
     "945906512": {
      "maxRSS": 149372,
      "systemtime": 56356,
      "usertime": 2389609
     },
     "945907577": {
      "maxRSS": 149628,
      "systemtime": 56356,
      "usertime": 2389617
     },
     "945908643": {
      "maxRSS": 149884,
      "systemtime": 60245,
      "usertime": 2389735
     },
     "945909713": {
      "maxRSS": 150140,
      "systemtime": 60245,
      "usertime": 2389745
     },
     "945910798": {
      "maxRSS": 150396,
      "systemtime": 60246,
      "usertime": 2389761
     },
     "945911889": {
      "maxRSS": 150652,
      "systemtime": 60246,
      "usertime": 2389789
     },
     "945913036": {
      "maxRSS": 150908,
      "systemtime": 60248,
      "usertime": 2393871
     },
     "945914136": {
      "maxRSS": 151164,
      "systemtime": 60248,
      "usertime": 2393880
     },
     "945915202": {
      "maxRSS": 151292,
      "systemtime": 60248,
      "usertime": 2393888
     },
     "945916273": {
      "maxRSS": 151548,
      "systemtime": 60248,
      "usertime": 2397846
     },
     "945917340": {
      "maxRSS": 151804,
      "systemtime": 60248,
      "usertime": 2397855
     },
     "945918407": {
      "maxRSS": 152060,
      "systemtime": 60248,
      "usertime": 2397864
     },
     "945919517": {
      "maxRSS": 152316,
      "systemtime": 60248,
      "usertime": 2397895
     },
     "945920586": {
      "maxRSS": 152572,
      "systemtime": 60248,
      "usertime": 2401904
     },
     "945921684": {
      "maxRSS": 152828,
      "systemtime": 60248,
      "usertime": 2401914
     },
     "945922749": {
      "maxRSS": 152956,
      "systemtime": 60248,
      "usertime": 2401921
     },
     "945923815": {
      "maxRSS": 153212,
      "systemtime": 60249,
      "usertime": 2401930
     },
     "945924909": {
      "maxRSS": 153468,
      "systemtime": 60249,
      "usertime": 2405948
     },
     "945926076": {
      "maxRSS": 153724,
      "systemtime": 60249,
      "usertime": 2405969
     },
     "945927240": {
      "maxRSS": 153980,
      "systemtime": 60250,
      "usertime": 2405999
     },
     "945928316": {
      "maxRSS": 154236,
      "systemtime": 60250,
      "usertime": 2410020
     },
     "945929418": {
      "maxRSS": 154364,
      "systemtime": 60250,
      "usertime": 2410032
     },
     "945930488": {
      "maxRSS": 154620,
      "systemtime": 60251,
      "usertime": 2410041
     },
     "945931555": {
      "maxRSS": 154876,
      "systemtime": 60251,
      "usertime": 2410050
     },
     "945932655": {
      "maxRSS": 155132,
      "systemtime": 60251,
      "usertime": 2414055
     },
     "945933731": {
      "maxRSS": 155388,
      "systemtime": 60251,
      "usertime": 2414073
     },
     "945934810": {
      "maxRSS": 155644,
      "systemtime": 60251,
      "usertime": 2414086
     },
     "945935961": {
      "maxRSS": 155900,
      "systemtime": 60252,
      "usertime": 2414104
     },
     "945937109": {
      "maxRSS": 156156,
      "systemtime": 60252,
      "usertime": 2418123
     },
     "945938221": {
      "maxRSS": 156284,
      "systemtime": 60252,
      "usertime": 2418138
     },
     "945939286": {
      "maxRSS": 156540,
      "systemtime": 60252,
      "usertime": 2418146
     },
     "945940412": {
      "maxRSS": 156796,
      "systemtime": 64269,
      "usertime": 2418157
     },
     "945941511": {
      "maxRSS": 157052,
      "systemtime": 64270,
      "usertime": 2418165
     },
     "945942589": {
      "maxRSS": 157308,
      "systemtime": 64270,
      "usertime": 2418177
     },
     "945943681": {
      "maxRSS": 157564,
      "systemtime": 64271,
      "usertime": 2418199
     },
     "945944764": {
      "maxRSS": 157692,
      "systemtime": 64271,
      "usertime": 2422235
     },
     "945945869": {
      "maxRSS": 157948,
      "systemtime": 64272,
      "usertime": 2422271
     },
     "945946968": {
      "maxRSS": 158332,
      "systemtime": 64273,
      "usertime": 2422305
     },
     "945948028": {
      "maxRSS": 158460,
      "systemtime": 64273,
      "usertime": 2426303
     },
     "945949137": {
      "maxRSS": 158716,
      "systemtime": 64273,
      "usertime": 2426316
     },
     "945950204": {
      "maxRSS": 158972,
      "systemtime": 64273,
      "usertime": 2426326
     },
     "945951279": {
      "maxRSS": 159228,
      "systemtime": 64273,
      "usertime": 2426338
     },
     "945952367": {
      "maxRSS": 159356,
      "systemtime": 64273,
      "usertime": 2430358
     },
     "945953447": {
      "maxRSS": 159612,
      "systemtime": 64274,
      "usertime": 2430375
     },
     "945954605": {
      "maxRSS": 159868,
      "systemtime": 64275,
      "usertime": 2430414
     },
     "945955680": {
      "maxRSS": 160124,
      "systemtime": 64275,
      "usertime": 2430428
     },
     "945956757": {
      "maxRSS": 160380,
      "systemtime": 64275,
      "usertime": 2434439
     },
     "945957880": {
      "maxRSS": 160636,
      "systemtime": 64276,
      "usertime": 2434457
     },
     "945958981": {
      "maxRSS": 160764,
      "systemtime": 64276,
      "usertime": 2434467
     },
     "945960024": {
      "maxRSS": 161020,
      "systemtime": 64276,
      "usertime": 2434480
     },
     "945961107": {
      "maxRSS": 161276,
      "systemtime": 64278,
      "usertime": 2438561
     },
     "945962174": {
      "maxRSS": 161532,
      "systemtime": 64278,
      "usertime": 2438570
     },
     "945963240": {
      "maxRSS": 161788,
      "systemtime": 64278,
      "usertime": 2438577
     },
     "945964306": {
      "maxRSS": 161916,
      "systemtime": 64278,
      "usertime": 2442532
     },
     "945965401": {
      "maxRSS": 162172,
      "systemtime": 64278,
      "usertime": 2442547
     },
     "945966618": {
      "maxRSS": 162428,
      "systemtime": 64278,
      "usertime": 2442572
     },
     "945967722": {
      "maxRSS": 162684,
      "systemtime": 64279,
      "usertime": 2442602
     },
     "945968845": {
      "maxRSS": 162940,
      "systemtime": 64279,
      "usertime": 2446639
     },
     "945969928": {
      "maxRSS": 163068,
      "systemtime": 64279,
      "usertime": 2446656
     },
     "945971035": {
      "maxRSS": 163324,
      "systemtime": 64280,
      "usertime": 2446671
     },
     "945972108": {
      "maxRSS": 163324,
      "systemtime": 64280,
      "usertime": 2450670
     },
     "945973198": {
      "maxRSS": 163324,
      "systemtime": 64280,
      "usertime": 2450685
     },
     "945973913": {
      "maxRSS": 163324,
      "systemtime": 64329,
      "usertime": 2452570
     },
     "945974983": {
      "maxRSS": 163324,
      "systemtime": 64330,
      "usertime": 2452581
     },
     "945976060": {
      "maxRSS": 163324,
      "systemtime": 64330,
      "usertime": 2454687
     },
     "945977158": {
      "maxRSS": 163324,
      "systemtime": 64330,
      "usertime": 2454702
     },
     "945978237": {
      "maxRSS": 163324,
      "systemtime": 64330,
      "usertime": 2454717
     },
     "945979313": {
      "maxRSS": 163324,
      "systemtime": 64330,
      "usertime": 2454729
     },
     "945980445": {
      "maxRSS": 163324,
      "systemtime": 64330,
      "usertime": 2458775
     },
     "945981542": {
      "maxRSS": 163324,
      "systemtime": 64330,
      "usertime": 2458806
     },
     "945982725": {
      "maxRSS": 163324,
      "systemtime": 64330,
      "usertime": 2458822
     },
     "945983830": {
      "maxRSS": 163324,
      "systemtime": 64330,
      "usertime": 2458837
     },
     "945984972": {
      "maxRSS": 163324,
      "systemtime": 64330,
      "usertime": 2463336
     },
     "945986047": {
      "maxRSS": 163324,
      "systemtime": 64330,
      "usertime": 2463349
     },
     "945987163": {
      "maxRSS": 163324,
      "systemtime": 64330,
      "usertime": 2463372
     },
     "945988253": {
      "maxRSS": 163324,
      "systemtime": 64330,
      "usertime": 2466891
     },
     "945989355": {
      "maxRSS": 163324,
      "systemtime": 64330,
      "usertime": 2466901
     },
     "945990454": {
      "maxRSS": 163324,
      "systemtime": 64330,
      "usertime": 2466909
     },
     "945991519": {
      "maxRSS": 163324,
      "systemtime": 64330,
      "usertime": 2466917
     },
     "945992592": {
      "maxRSS": 163324,
      "systemtime": 64330,
      "usertime": 2470926
     },
     "945993701": {
      "maxRSS": 163324,
      "systemtime": 64330,
      "usertime": 2470940
     },
     "945994819": {
      "maxRSS": 163324,
      "systemtime": 64330,
      "usertime": 2470963
     },
     "945995918": {
      "maxRSS": 163324,
      "systemtime": 64330,
      "usertime": 2470971
     },
     "945997033": {
      "maxRSS": 163324,
      "systemtime": 64330,
      "usertime": 2474995
     },
     "945998150": {
      "maxRSS": 163324,
      "systemtime": 64330,
      "usertime": 2475021
     },
     "945999233": {
      "maxRSS": 163324,
      "systemtime": 64330,
      "usertime": 2475039
     },
     "946000315": {
      "maxRSS": 163324,
      "systemtime": 64330,
      "usertime": 2479066
     },
     "946001401": {
      "maxRSS": 163324,
      "systemtime": 64330,
      "usertime": 2479093
     },
     "946002501": {
      "maxRSS": 163324,
      "systemtime": 64330,
      "usertime": 2479103
     },
     "946003601": {
      "maxRSS": 163324,
      "systemtime": 64330,
      "usertime": 2479112
     },
     "946004702": {
      "maxRSS": 163324,
      "systemtime": 64330,
      "usertime": 2483110
     },
     "946005810": {
      "maxRSS": 163324,
      "systemtime": 64330,
      "usertime": 2483124
     },
     "946006905": {
      "maxRSS": 163324,
      "systemtime": 64330,
      "usertime": 2483131
     },
     "946007976": {
      "maxRSS": 163324,
      "systemtime": 64330,
      "usertime": 2483138
     },
     "946009053": {
      "maxRSS": 163324,
      "systemtime": 64330,
      "usertime": 2487155
     },
     "946010162": {
      "maxRSS": 163324,
      "systemtime": 64330,
      "usertime": 2487171
     },
     "946011238": {
      "maxRSS": 163324,
      "systemtime": 64330,
      "usertime": 2487189
     },
     "946012310": {
      "maxRSS": 163324,
      "systemtime": 64330,
      "usertime": 2491209
     },
     "946013379": {
      "maxRSS": 163324,
      "systemtime": 64330,
      "usertime": 2491220
     },
     "946014482": {
      "maxRSS": 163324,
      "systemtime": 64330,
      "usertime": 2491233
     },
     "946015606": {
      "maxRSS": 163324,
      "systemtime": 64330,
      "usertime": 2491264
     },
     "946016707": {
      "maxRSS": 163324,
      "systemtime": 64330,
      "usertime": 2495267
     },
     "946017771": {
      "maxRSS": 163324,
      "systemtime": 64330,
      "usertime": 2495274
     },
     "946018847": {
      "maxRSS": 163324,
      "systemtime": 64330,
      "usertime": 2495288
     },
     "946019931": {
      "maxRSS": 163324,
      "systemtime": 64330,
      "usertime": 2495311
     },
     "946021036": {
      "maxRSS": 163324,
      "systemtime": 64330,
      "usertime": 2499324
     },
     "946022119": {
      "maxRSS": 163324,
      "systemtime": 64330,
      "usertime": 2499350
     },
     "946023183": {
      "maxRSS": 163324,
      "systemtime": 64330,
      "usertime": 2499357
     },
     "946024250": {
      "maxRSS": 163324,
      "systemtime": 64330,
      "usertime": 2503365
     },
     "946025350": {
      "maxRSS": 163324,
      "systemtime": 64330,
      "usertime": 2503373
     },
     "946026417": {
      "maxRSS": 163324,
      "systemtime": 64330,
      "usertime": 2503382
     },
     "946027494": {
      "maxRSS": 163324,
      "systemtime": 64330,
      "usertime": 2503390
     },
     "946028567": {
      "maxRSS": 163452,
      "systemtime": 64330,
      "usertime": 2507406
     },
     "946029631": {
      "maxRSS": 163452,
      "systemtime": 64330,
      "usertime": 2507413
     },
     "946030734": {
      "maxRSS": 163452,
      "systemtime": 64330,
      "usertime": 2507425
     },
     "946031798": {
      "maxRSS": 163452,
      "systemtime": 64330,
      "usertime": 2507432
     },
     "946032862": {
      "maxRSS": 163452,
      "systemtime": 64330,
      "usertime": 2511437
     },
     "946033963": {
      "maxRSS": 163452,
      "systemtime": 64330,
      "usertime": 2511445
     },
     "946035030": {
      "maxRSS": 163452,
      "systemtime": 64330,
      "usertime": 2511453
     },
     "946036102": {
      "maxRSS": 163452,
      "systemtime": 64330,
      "usertime": 2515468
     },
     "946037166": {
      "maxRSS": 163452,
      "systemtime": 64330,
      "usertime": 2515475
     },
     "946038231": {
      "maxRSS": 163452,
      "systemtime": 64330,
      "usertime": 2515483
     },
     "946039295": {
      "maxRSS": 163452,
      "systemtime": 64330,
      "usertime": 2515490
     },
     "946040360": {
      "maxRSS": 163452,
      "systemtime": 64330,
      "usertime": 2519497
     },
     "946041424": {
      "maxRSS": 163452,
      "systemtime": 64330,
      "usertime": 2519504
     },
     "946042506": {
      "maxRSS": 163452,
      "systemtime": 64330,
      "usertime": 2519522
     },
     "946043591": {
      "maxRSS": 163452,
      "systemtime": 64330,
      "usertime": 2519539
     },
     "946044706": {
      "maxRSS": 163452,
      "systemtime": 64330,
      "usertime": 2523564
     },
     "946045807": {
      "maxRSS": 163452,
      "systemtime": 64330,
      "usertime": 2523574
     },
     "946046874": {
      "maxRSS": 163452,
      "systemtime": 64330,
      "usertime": 2523584
     },
     "946047939": {
      "maxRSS": 163452,
      "systemtime": 64330,
      "usertime": 2523592
     },
     "946049072": {
      "maxRSS": 163452,
      "systemtime": 64330,
      "usertime": 2527633
     },
     "946050150": {
      "maxRSS": 163452,
      "systemtime": 64330,
      "usertime": 2527651
     },
     "946051222": {
      "maxRSS": 163452,
      "systemtime": 64330,
      "usertime": 2527666
     },
     "946052303": {
      "maxRSS": 163452,
      "systemtime": 64330,
      "usertime": 2531697
     },
     "946053393": {
      "maxRSS": 163452,
      "systemtime": 64330,
      "usertime": 2531714
     },
     "946054468": {
      "maxRSS": 163452,
      "systemtime": 64330,
      "usertime": 2531729
     },
     "946055562": {
      "maxRSS": 163452,
      "systemtime": 64330,
      "usertime": 2531759
     },
     "946056654": {
      "maxRSS": 163452,
      "systemtime": 64330,
      "usertime": 2535761
     },
     "946057731": {
      "maxRSS": 163452,
      "systemtime": 64330,
      "usertime": 2535777
     },
     "946058810": {
      "maxRSS": 163452,
      "systemtime": 64330,
      "usertime": 2535791
     },
     "946059890": {
      "maxRSS": 163452,
      "systemtime": 64330,
      "usertime": 2535807
     },
     "946060974": {
      "maxRSS": 163452,
      "systemtime": 64330,
      "usertime": 2539825
     },
     "946062145": {
      "maxRSS": 163452,
      "systemtime": 64330,
      "usertime": 2539841
     },
     "946063243": {
      "maxRSS": 163452,
      "systemtime": 64330,
      "usertime": 2539874
     },
     "946064323": {
      "maxRSS": 163452,
      "systemtime": 64330,
      "usertime": 2543942
     },
     "946065405": {
      "maxRSS": 163452,
      "systemtime": 64330,
      "usertime": 2543958
     },
     "946066483": {
      "maxRSS": 163452,
      "systemtime": 64330,
      "usertime": 2543975
     },
     "946067566": {
      "maxRSS": 163452,
      "systemtime": 64330,
      "usertime": 2543993
     },
     "946068653": {
      "maxRSS": 163452,
      "systemtime": 64330,
      "usertime": 2547960
     },
     "946069764": {
      "maxRSS": 163452,
      "systemtime": 64330,
      "usertime": 2547998
     },
     "946070884": {
      "maxRSS": 163452,
      "systemtime": 64330,
      "usertime": 2548032
     },
     "946071979": {
      "maxRSS": 163452,
      "systemtime": 64330,
      "usertime": 2548062
     },
     "946073058": {
      "maxRSS": 163452,
      "systemtime": 64330,
      "usertime": 2552078
     },
     "946074152": {
      "maxRSS": 163452,
      "systemtime": 64330,
      "usertime": 2552109
     },
     "946075227": {
      "maxRSS": 163452,
      "systemtime": 64330,
      "usertime": 2552125
     },
     "946076344": {
      "maxRSS": 163452,
      "systemtime": 64330,
      "usertime": 2556180
     },
     "946077424": {
      "maxRSS": 163452,
      "systemtime": 64330,
      "usertime": 2556196
     },
     "946078506": {
      "maxRSS": 163452,
      "systemtime": 64330,
      "usertime": 2556211
     },
     "946079576": {
      "maxRSS": 163452,
      "systemtime": 64330,
      "usertime": 2556224
     },
     "946080650": {
      "maxRSS": 163452,
      "systemtime": 64330,
      "usertime": 2560247
     },
     "946081743": {
      "maxRSS": 163452,
      "systemtime": 64330,
      "usertime": 2560261
     },
     "946082838": {
      "maxRSS": 163452,
      "systemtime": 64330,
      "usertime": 2560292
     },
     "946083915": {
      "maxRSS": 163452,
      "systemtime": 64330,
      "usertime": 2560305
     },
     "946085007": {
      "maxRSS": 163452,
      "systemtime": 64330,
      "usertime": 2564318
     },
     "946086098": {
      "maxRSS": 163452,
      "systemtime": 64330,
      "usertime": 2564335
     },
     "946087197": {
      "maxRSS": 163452,
      "systemtime": 64330,
      "usertime": 2564352
     },
     "946088328": {
      "maxRSS": 163452,
      "systemtime": 64330,
      "usertime": 2568356
     },
     "946089410": {
      "maxRSS": 163452,
      "systemtime": 64330,
      "usertime": 2568380
     },
     "946090532": {
      "maxRSS": 163452,
      "systemtime": 64330,
      "usertime": 2568409
     },
     "946091596": {
      "maxRSS": 163452,
      "systemtime": 64330,
      "usertime": 2568416
     },
     "946092665": {
      "maxRSS": 163452,
      "systemtime": 64330,
      "usertime": 2572425
     },
     "946093735": {
      "maxRSS": 163452,
      "systemtime": 64330,
      "usertime": 2572436
     },
     "946094803": {
      "maxRSS": 163452,
      "systemtime": 64330,
      "usertime": 2572446
     },
     "946095920": {
      "maxRSS": 163452,
      "systemtime": 64330,
      "usertime": 2572473
     },
     "946097002": {
      "maxRSS": 163452,
      "systemtime": 64330,
      "usertime": 2576497
     },
     "946098069": {
      "maxRSS": 163452,
      "systemtime": 64330,
      "usertime": 2576506
     },
     "946099135": {
      "maxRSS": 163452,
      "systemtime": 64330,
      "usertime": 2576515
     },
     "946100207": {
      "maxRSS": 163452,
      "systemtime": 64330,
      "usertime": 2580522
     },
     "946101284": {
      "maxRSS": 163452,
      "systemtime": 64330,
      "usertime": 2580536
     },
     "946102399": {
      "maxRSS": 163452,
      "systemtime": 64330,
      "usertime": 2580557
     },
     "946103478": {
      "maxRSS": 163452,
      "systemtime": 64330,
      "usertime": 2580578
     },
     "946104583": {
      "maxRSS": 163452,
      "systemtime": 64330,
      "usertime": 2584594
     },
     "946105684": {
      "maxRSS": 163452,
      "systemtime": 64330,
      "usertime": 2584601
     },
     "946106749": {
      "maxRSS": 163452,
      "systemtime": 64330,
      "usertime": 2584608
     },
     "946107899": {
      "maxRSS": 163452,
      "systemtime": 64330,
      "usertime": 2584616
     },
     "946109004": {
      "maxRSS": 163452,
      "systemtime": 64330,
      "usertime": 2588626
     },
     "946110079": {
      "maxRSS": 163452,
      "systemtime": 64330,
      "usertime": 2588642
     },
     "946111180": {
      "maxRSS": 163452,
      "systemtime": 64330,
      "usertime": 2588654
     },
     "946112251": {
      "maxRSS": 163452,
      "systemtime": 64330,
      "usertime": 2592665
     },
     "946114325": {
      "maxRSS": 163452,
      "systemtime": 64330,
      "usertime": 2592679
     },
     "946116405": {
      "maxRSS": 163452,
      "systemtime": 64330,
      "usertime": 2596696
     },
     "946118486": {
      "maxRSS": 163452,
      "systemtime": 64330,
      "usertime": 2596711
     },
     "946120602": {
      "maxRSS": 163452,
      "systemtime": 64330,
      "usertime": 2600770
     },
     "946122683": {
      "maxRSS": 163452,
      "systemtime": 64330,
      "usertime": 2600791
     },
     "946124758": {
      "maxRSS": 163452,
      "systemtime": 64330,
      "usertime": 2604796
     },
     "946126836": {
      "maxRSS": 163452,
      "systemtime": 64330,
      "usertime": 2604809
     },
     "946128908": {
      "maxRSS": 163452,
      "systemtime": 64330,
      "usertime": 2608823
     },
     "946130979": {
      "maxRSS": 163452,
      "systemtime": 64330,
      "usertime": 2608835
     },
     "946133062": {
      "maxRSS": 163452,
      "systemtime": 64330,
      "usertime": 2612848
     },
     "946135159": {
      "maxRSS": 163452,
      "systemtime": 64330,
      "usertime": 2612876
     },
     "946137266": {
      "maxRSS": 163452,
      "systemtime": 64330,
      "usertime": 2616889
     },
     "946139342": {
      "maxRSS": 163452,
      "systemtime": 64330,
      "usertime": 2616900
     },
     "946141417": {
      "maxRSS": 163452,
      "systemtime": 64330,
      "usertime": 2620910
     },
     "946143553": {
      "maxRSS": 163452,
      "systemtime": 64330,
      "usertime": 2620924
     },
     "946145643": {
      "maxRSS": 163452,
      "systemtime": 64330,
      "usertime": 2624942
     },
     "946147787": {
      "maxRSS": 163452,
      "systemtime": 64330,
      "usertime": 2624975
     },
     "946150072": {
      "maxRSS": 163452,
      "systemtime": 64330,
      "usertime": 2628993
     },
     "946152144": {
      "maxRSS": 163452,
      "systemtime": 64330,
      "usertime": 2633009
     },
     "946154309": {
      "maxRSS": 163452,
      "systemtime": 64330,
      "usertime": 2633023
     },
     "946156451": {
      "maxRSS": 163452,
      "systemtime": 64330,
      "usertime": 2637068
     },
     "946158536": {
      "maxRSS": 163452,
      "systemtime": 64330,
      "usertime": 2637083
     },
     "946160641": {
      "maxRSS": 163452,
      "systemtime": 64330,
      "usertime": 2641153
     },
     "946162769": {
      "maxRSS": 163452,
      "systemtime": 64330,
      "usertime": 2641176
     },
     "946164881": {
      "maxRSS": 163452,
      "systemtime": 64330,
      "usertime": 2645160
     },
     "946166982": {
      "maxRSS": 163452,
      "systemtime": 64330,
      "usertime": 2645169
     },
     "946169063": {
      "maxRSS": 163452,
      "systemtime": 64330,
      "usertime": 2649195
     },
     "946171159": {
      "maxRSS": 163452,
      "systemtime": 64330,
      "usertime": 2649211
     },
     "946173254": {
      "maxRSS": 163452,
      "systemtime": 64330,
      "usertime": 2653229
     },
     "946175366": {
      "maxRSS": 163452,
      "systemtime": 64330,
      "usertime": 2653244
     },
     "946177462": {
      "maxRSS": 163452,
      "systemtime": 64330,
      "usertime": 2657261
     },
     "946179541": {
      "maxRSS": 163452,
      "systemtime": 64330,
      "usertime": 2657276
     },
     "946181625": {
      "maxRSS": 163452,
      "systemtime": 64330,
      "usertime": 2661293
     },
     "946183731": {
      "maxRSS": 163452,
      "systemtime": 64330,
      "usertime": 2661309
     },
     "946185813": {
      "maxRSS": 163452,
      "systemtime": 64330,
      "usertime": 2665338
     },
     "946187909": {
      "maxRSS": 163452,
      "systemtime": 64330,
      "usertime": 2665373
     },
     "946189988": {
      "maxRSS": 163452,
      "systemtime": 64330,
      "usertime": 2669377
     },
     "946192020": {
      "maxRSS": 163452,
      "systemtime": 64330,
      "usertime": 2673386
     },
     "946194123": {
      "maxRSS": 163452,
      "systemtime": 64330,
      "usertime": 2673423
     },
     "946196204": {
      "maxRSS": 163452,
      "systemtime": 64330,
      "usertime": 2677446
     },
     "946198320": {
      "maxRSS": 163452,
      "systemtime": 64330,
      "usertime": 2677466
     },
     "946200420": {
      "maxRSS": 163452,
      "systemtime": 64330,
      "usertime": 2681502
     },
     "946202505": {
      "maxRSS": 163452,
      "systemtime": 64330,
      "usertime": 2681519
     },
     "946204583": {
      "maxRSS": 163452,
      "systemtime": 64330,
      "usertime": 2685537
     },
     "946206654": {
      "maxRSS": 163452,
      "systemtime": 64330,
      "usertime": 2685550
     },
     "946208771": {
      "maxRSS": 163452,
      "systemtime": 64330,
      "usertime": 2689575
     },
     "946210854": {
      "maxRSS": 163452,
      "systemtime": 64330,
      "usertime": 2689593
     },
     "946212953": {
      "maxRSS": 163452,
      "systemtime": 64330,
      "usertime": 2693629
     },
     "946215027": {
      "maxRSS": 163452,
      "systemtime": 64330,
      "usertime": 2693644
     },
     "946217103": {
      "maxRSS": 163452,
      "systemtime": 64330,
      "usertime": 2697661
     },
     "946219217": {
      "maxRSS": 163452,
      "systemtime": 64330,
      "usertime": 2697690
     },
     "946221346": {
      "maxRSS": 163452,
      "systemtime": 64330,
      "usertime": 2701738
     },
     "946223474": {
      "maxRSS": 163452,
      "systemtime": 64330,
      "usertime": 2701770
     },
     "946225577": {
      "maxRSS": 163452,
      "systemtime": 64330,
      "usertime": 2705805
     },
     "946227656": {
      "maxRSS": 163452,
      "systemtime": 64330,
      "usertime": 2705819
     },
     "946229774": {
      "maxRSS": 163452,
      "systemtime": 64330,
      "usertime": 2709846
     },
     "946231861": {
      "maxRSS": 163452,
      "systemtime": 64330,
      "usertime": 2709871
     },
     "946233934": {
      "maxRSS": 163452,
      "systemtime": 64330,
      "usertime": 2713885
     },
     "946236010": {
      "maxRSS": 163452,
      "systemtime": 64330,
      "usertime": 2717900
     },
     "946238086": {
      "maxRSS": 163452,
      "systemtime": 64330,
      "usertime": 2717916
     },
     "946240180": {
      "maxRSS": 163452,
      "systemtime": 64330,
      "usertime": 2721948
     },
     "946242293": {
      "maxRSS": 163452,
      "systemtime": 64330,
      "usertime": 2721976
     },
     "946244381": {
      "maxRSS": 163452,
      "systemtime": 64330,
      "usertime": 2726021
     },
     "946246474": {
      "maxRSS": 163452,
      "systemtime": 64331,
      "usertime": 2726037
     },
     "946248548": {
      "maxRSS": 163452,
      "systemtime": 64331,
      "usertime": 2730034
     },
     "946250630": {
      "maxRSS": 163452,
      "systemtime": 64331,
      "usertime": 2730051
     },
     "946252731": {
      "maxRSS": 163452,
      "systemtime": 64331,
      "usertime": 2734094
     },
     "946254833": {
      "maxRSS": 163452,
      "systemtime": 64332,
      "usertime": 2734118
     },
     "946256918": {
      "maxRSS": 163452,
      "systemtime": 64333,
      "usertime": 2738208
     },
     "946258992": {
      "maxRSS": 163452,
      "systemtime": 64334,
      "usertime": 2738224
     },
     "946261069": {
      "maxRSS": 163452,
      "systemtime": 64334,
      "usertime": 2742162
     },
     "946263147": {
      "maxRSS": 163452,
      "systemtime": 64334,
      "usertime": 2742177
     },
     "946265257": {
      "maxRSS": 163452,
      "systemtime": 64334,
      "usertime": 2746208
     },
     "946267350": {
      "maxRSS": 163452,
      "systemtime": 64334,
      "usertime": 2746222
     },
     "946269431": {
      "maxRSS": 163452,
      "systemtime": 64334,
      "usertime": 2750241
     },
     "946271509": {
      "maxRSS": 163452,
      "systemtime": 64334,
      "usertime": 2750258
     },
     "946273630": {
      "maxRSS": 163452,
      "systemtime": 64334,
      "usertime": 2754296
     },
     "946275719": {
      "maxRSS": 163452,
      "systemtime": 64334,
      "usertime": 2754323
     },
     "946277853": {
      "maxRSS": 163452,
      "systemtime": 64334,
      "usertime": 2758352
     },
     "946279938": {
      "maxRSS": 163452,
      "systemtime": 64335,
      "usertime": 2758371
     },
     "946282034": {
      "maxRSS": 163452,
      "systemtime": 64335,
      "usertime": 2762391
     },
     "946284114": {
      "maxRSS": 163452,
      "systemtime": 64421,
      "usertime": 2766323
     },
     "946284449": {
      "maxRSS": 163452,
      "systemtime": 64421,
      "usertime": 2766777
     },
     "946284921": {
      "maxRSS": 163452,
      "systemtime": 64421,
      "usertime": 2767230
     },
     "946286011": {
      "maxRSS": 163452,
      "systemtime": 64421,
      "usertime": 2767257
     },
     "946287132": {
      "maxRSS": 163452,
      "systemtime": 64421,
      "usertime": 2767302
     },
     "946288219": {
      "maxRSS": 163452,
      "systemtime": 64421,
      "usertime": 2770469
     },
     "946289329": {
      "maxRSS": 163452,
      "systemtime": 64421,
      "usertime": 2770486
     },
     "946290415": {
      "maxRSS": 163452,
      "systemtime": 64421,
      "usertime": 2770512
     },
     "946291517": {
      "maxRSS": 163452,
      "systemtime": 64421,
      "usertime": 2770527
     },
     "946292594": {
      "maxRSS": 163452,
      "systemtime": 64421,
      "usertime": 2774541
     },
     "946293704": {
      "maxRSS": 163452,
      "systemtime": 64421,
      "usertime": 2774574
     },
     "946294776": {
      "maxRSS": 163452,
      "systemtime": 64421,
      "usertime": 2774587
     },
     "946295866": {
      "maxRSS": 163452,
      "systemtime": 64421,
      "usertime": 2774607
     },
     "946296978": {
      "maxRSS": 163452,
      "systemtime": 64421,
      "usertime": 2778653
     },
     "946298045": {
      "maxRSS": 163708,
      "systemtime": 64421,
      "usertime": 2778662
     },
     "946299149": {
      "maxRSS": 163964,
      "systemtime": 64421,
      "usertime": 2778673
     },
     "946300236": {
      "maxRSS": 164220,
      "systemtime": 64421,
      "usertime": 2782683
     },
     "946301317": {
      "maxRSS": 164476,
      "systemtime": 64421,
      "usertime": 2782698
     },
     "946302405": {
      "maxRSS": 164604,
      "systemtime": 64421,
      "usertime": 2782718
     },
     "946303490": {
      "maxRSS": 164860,
      "systemtime": 64421,
      "usertime": 2782736
     },
     "946304659": {
      "maxRSS": 165116,
      "systemtime": 64421,
      "usertime": 2786747
     },
     "946305754": {
      "maxRSS": 165244,
      "systemtime": 64421,
      "usertime": 2786762
     },
     "946306844": {
      "maxRSS": 165500,
      "systemtime": 64421,
      "usertime": 2786788
     },
     "946307911": {
      "maxRSS": 165756,
      "systemtime": 64421,
      "usertime": 2786798
     },
     "946308983": {
      "maxRSS": 166012,
      "systemtime": 64421,
      "usertime": 2790804
     },
     "946310066": {
      "maxRSS": 166140,
      "systemtime": 64421,
      "usertime": 2790821
     },
     "946311151": {
      "maxRSS": 166396,
      "systemtime": 64421,
      "usertime": 2790846
     },
     "946312285": {
      "maxRSS": 166652,
      "systemtime": 64421,
      "usertime": 2794868
     },
     "946313374": {
      "maxRSS": 166780,
      "systemtime": 64421,
      "usertime": 2794890
     },
     "946314508": {
      "maxRSS": 167036,
      "systemtime": 64421,
      "usertime": 2794926
     },
     "946315603": {
      "maxRSS": 167292,
      "systemtime": 64421,
      "usertime": 2794944
     },
     "946316686": {
      "maxRSS": 167548,
      "systemtime": 64421,
      "usertime": 2799019
     },
     "946317766": {
      "maxRSS": 167676,
      "systemtime": 64421,
      "usertime": 2799035
     },
     "946318850": {
      "maxRSS": 167932,
      "systemtime": 64421,
      "usertime": 2799053
     },
     "946319928": {
      "maxRSS": 168188,
      "systemtime": 64421,
      "usertime": 2799069
     },
     "946321013": {
      "maxRSS": 168316,
      "systemtime": 64421,
      "usertime": 2803048
     },
     "946322123": {
      "maxRSS": 168572,
      "systemtime": 64421,
      "usertime": 2803077
     },
     "946323208": {
      "maxRSS": 168828,
      "systemtime": 64421,
      "usertime": 2803102
     },
     "946324283": {
      "maxRSS": 169084,
      "systemtime": 64421,
      "usertime": 2807102
     },
     "946325362": {
      "maxRSS": 169212,
      "systemtime": 64421,
      "usertime": 2807118
     },
     "946326440": {
      "maxRSS": 169468,
      "systemtime": 64421,
      "usertime": 2807135
     },
     "946327524": {
      "maxRSS": 169852,
      "systemtime": 64421,
      "usertime": 2807161
     },
     "946328599": {
      "maxRSS": 169980,
      "systemtime": 64421,
      "usertime": 2811177
     },
     "946329671": {
      "maxRSS": 170236,
      "systemtime": 64421,
      "usertime": 2811191
     },
     "946330762": {
      "maxRSS": 170492,
      "systemtime": 64421,
      "usertime": 2811205
     },
     "946331837": {
      "maxRSS": 170748,
      "systemtime": 64421,
      "usertime": 2811220
     },
     "946332938": {
      "maxRSS": 170876,
      "systemtime": 64421,
      "usertime": 2815241
     },
     "946334058": {
      "maxRSS": 171132,
      "systemtime": 64421,
      "usertime": 2815273
     },
     "946335161": {
      "maxRSS": 171388,
      "systemtime": 64421,
      "usertime": 2815298
     },
     "946336251": {
      "maxRSS": 171516,
      "systemtime": 64421,
      "usertime": 2819340
     },
     "946337336": {
      "maxRSS": 171772,
      "systemtime": 64421,
      "usertime": 2819352
     },
     "946338407": {
      "maxRSS": 172028,
      "systemtime": 64421,
      "usertime": 2819364
     },
     "946339482": {
      "maxRSS": 172284,
      "systemtime": 64421,
      "usertime": 2819377
     },
     "946340555": {
      "maxRSS": 172540,
      "systemtime": 68374,
      "usertime": 2819424
     },
     "946341636": {
      "maxRSS": 172668,
      "systemtime": 68374,
      "usertime": 2819447
     },
     "946342709": {
      "maxRSS": 172924,
      "systemtime": 68374,
      "usertime": 2819458
     },
     "946343803": {
      "maxRSS": 173180,
      "systemtime": 68375,
      "usertime": 2819472
     },
     "946344897": {
      "maxRSS": 173436,
      "systemtime": 68375,
      "usertime": 2823489
     },
     "946345972": {
      "maxRSS": 173692,
      "systemtime": 68375,
      "usertime": 2823503
     },
     "946347075": {
      "maxRSS": 173820,
      "systemtime": 68375,
      "usertime": 2823517
     },
     "946348167": {
      "maxRSS": 174076,
      "systemtime": 72398,
      "usertime": 2823538
     },
     "946349257": {
      "maxRSS": 174332,
      "systemtime": 72398,
      "usertime": 2823551
     },
     "946350327": {
      "maxRSS": 174588,
      "systemtime": 72399,
      "usertime": 2823562
     },
     "946351449": {
      "maxRSS": 174844,
      "systemtime": 72399,
      "usertime": 2823590
     },
     "946352576": {
      "maxRSS": 174972,
      "systemtime": 76422,
      "usertime": 2823598
     },
     "946353691": {
      "maxRSS": 175228,
      "systemtime": 76422,
      "usertime": 2823625
     },
     "946354819": {
      "maxRSS": 175484,
      "systemtime": 76424,
      "usertime": 2823689
     },
     "946355918": {
      "maxRSS": 175484,
      "systemtime": 76425,
      "usertime": 2823705
     },
     "946357049": {
      "maxRSS": 175484,
      "systemtime": 76425,
      "usertime": 2827719
     },
     "946357835": {
      "maxRSS": 175484,
      "systemtime": 76473,
      "usertime": 2829506
     },
     "946358917": {
      "maxRSS": 175484,
      "systemtime": 76473,
      "usertime": 2829522
     },
     "946360051": {
      "maxRSS": 175484,
      "systemtime": 76473,
      "usertime": 2831726
     },
     "946361154": {
      "maxRSS": 175484,
      "systemtime": 76473,
      "usertime": 2831763
     },
     "946362260": {
      "maxRSS": 175484,
      "systemtime": 76473,
      "usertime": 2831790
     },
     "946363349": {
      "maxRSS": 175484,
      "systemtime": 76473,
      "usertime": 2831815
     },
     "946364433": {
      "maxRSS": 175484,
      "systemtime": 76473,
      "usertime": 2835833
     },
     "946365513": {
      "maxRSS": 175484,
      "systemtime": 76473,
      "usertime": 2835850
     },
     "946366586": {
      "maxRSS": 175484,
      "systemtime": 76473,
      "usertime": 2835863
     },
     "946367694": {
      "maxRSS": 175484,
      "systemtime": 76473,
      "usertime": 2835884
     },
     "946368863": {
      "maxRSS": 175484,
      "systemtime": 76473,
      "usertime": 2839958
     },
     "946369975": {
      "maxRSS": 175484,
      "systemtime": 76473,
      "usertime": 2839996
     },
     "946371062": {
      "maxRSS": 175484,
      "systemtime": 76473,
      "usertime": 2840019
     },
     "946372140": {
      "maxRSS": 175484,
      "systemtime": 76473,
      "usertime": 2844042
     },
     "946373221": {
      "maxRSS": 175484,
      "systemtime": 76473,
      "usertime": 2844060
     },
     "946374317": {
      "maxRSS": 175484,
      "systemtime": 76473,
      "usertime": 2844077
     },
     "946375415": {
      "maxRSS": 175484,
      "systemtime": 76473,
      "usertime": 2844114
     },
     "946376496": {
      "maxRSS": 175484,
      "systemtime": 76473,
      "usertime": 2848183
     },
     "946377689": {
      "maxRSS": 175484,
      "systemtime": 76473,
      "usertime": 2848205
     },
     "946378774": {
      "maxRSS": 175484,
      "systemtime": 76473,
      "usertime": 2848222
     },
     "946379874": {
      "maxRSS": 175484,
      "systemtime": 76473,
      "usertime": 2848237
     },
     "946380987": {
      "maxRSS": 175484,
      "systemtime": 76473,
      "usertime": 2852202
     },
     "946382114": {
      "maxRSS": 175484,
      "systemtime": 76473,
      "usertime": 2852237
     },
     "946383217": {
      "maxRSS": 175484,
      "systemtime": 76473,
      "usertime": 2852248
     },
     "946384297": {
      "maxRSS": 175484,
      "systemtime": 76473,
      "usertime": 2856264
     },
     "946385402": {
      "maxRSS": 175484,
      "systemtime": 76473,
      "usertime": 2856288
     },
     "946386507": {
      "maxRSS": 175484,
      "systemtime": 76473,
      "usertime": 2856311
     },
     "946387593": {
      "maxRSS": 175484,
      "systemtime": 76473,
      "usertime": 2856337
     },
     "946388773": {
      "maxRSS": 175484,
      "systemtime": 76473,
      "usertime": 2860384
     },
     "946389848": {
      "maxRSS": 175484,
      "systemtime": 76473,
      "usertime": 2860400
     },
     "946390924": {
      "maxRSS": 175484,
      "systemtime": 76473,
      "usertime": 2860417
     },
     "946391998": {
      "maxRSS": 175484,
      "systemtime": 76473,
      "usertime": 2860430
     },
     "946393098": {
      "maxRSS": 175484,
      "systemtime": 76473,
      "usertime": 2864460
     },
     "946394181": {
      "maxRSS": 175484,
      "systemtime": 76473,
      "usertime": 2864482
     },
     "946395257": {
      "maxRSS": 175484,
      "systemtime": 76473,
      "usertime": 2864497
     },
     "946396377": {
      "maxRSS": 175484,
      "systemtime": 76473,
      "usertime": 2868562
     },
     "946397495": {
      "maxRSS": 175484,
      "systemtime": 76473,
      "usertime": 2868593
     },
     "946398570": {
      "maxRSS": 175484,
      "systemtime": 76473,
      "usertime": 2868608
     },
     "946399655": {
      "maxRSS": 175484,
      "systemtime": 76473,
      "usertime": 2868627
     },
     "946400796": {
      "maxRSS": 175484,
      "systemtime": 76473,
      "usertime": 2872644
     },
     "946401883": {
      "maxRSS": 175484,
      "systemtime": 76473,
      "usertime": 2872667
     },
     "946402996": {
      "maxRSS": 175484,
      "systemtime": 76473,
      "usertime": 2872716
     },
     "946404055": {
      "maxRSS": 175484,
      "systemtime": 76473,
      "usertime": 2876751
     },
     "946405136": {
      "maxRSS": 175484,
      "systemtime": 76473,
      "usertime": 2876769
     },
     "946406242": {
      "maxRSS": 175484,
      "systemtime": 76473,
      "usertime": 2876782
     },
     "946407338": {
      "maxRSS": 175484,
      "systemtime": 76473,
      "usertime": 2876793
     },
     "946408416": {
      "maxRSS": 175484,
      "systemtime": 76473,
      "usertime": 2880808
     },
     "946409587": {
      "maxRSS": 175484,
      "systemtime": 76473,
      "usertime": 2880866
     },
     "946410683": {
      "maxRSS": 175484,
      "systemtime": 76473,
      "usertime": 2880895
     },
     "946411776": {
      "maxRSS": 175484,
      "systemtime": 76473,
      "usertime": 2880918
     },
     "946412869": {
      "maxRSS": 175484,
      "systemtime": 76473,
      "usertime": 2884942
     },
     "946413999": {
      "maxRSS": 175484,
      "systemtime": 76473,
      "usertime": 2884963
     },
     "946415106": {
      "maxRSS": 175484,
      "systemtime": 76473,
      "usertime": 2884977
     },
     "946416208": {
      "maxRSS": 175484,
      "systemtime": 76473,
      "usertime": 2889027
     },
     "946417287": {
      "maxRSS": 175484,
      "systemtime": 76473,
      "usertime": 2889046
     },
     "946418367": {
      "maxRSS": 175484,
      "systemtime": 76473,
      "usertime": 2889061
     },
     "946419450": {
      "maxRSS": 175484,
      "systemtime": 76473,
      "usertime": 2889076
     },
     "946420558": {
      "maxRSS": 175484,
      "systemtime": 76473,
      "usertime": 2893083
     },
     "946421626": {
      "maxRSS": 175484,
      "systemtime": 76473,
      "usertime": 2893093
     },
     "946422692": {
      "maxRSS": 175484,
      "systemtime": 76473,
      "usertime": 2893102
     },
     "946423780": {
      "maxRSS": 175484,
      "systemtime": 76473,
      "usertime": 2893131
     },
     "946424877": {
      "maxRSS": 175484,
      "systemtime": 76473,
      "usertime": 2897140
     },
     "946425965": {
      "maxRSS": 175484,
      "systemtime": 76473,
      "usertime": 2897160
     },
     "946427118": {
      "maxRSS": 175484,
      "systemtime": 76473,
      "usertime": 2897183
     },
     "946428263": {
      "maxRSS": 175484,
      "systemtime": 76473,
      "usertime": 2901215
     },
     "946429365": {
      "maxRSS": 175484,
      "systemtime": 76473,
      "usertime": 2901227
     },
     "946430481": {
      "maxRSS": 175484,
      "systemtime": 76473,
      "usertime": 2901254
     },
     "946431583": {
      "maxRSS": 175484,
      "systemtime": 76473,
      "usertime": 2901264
     },
     "946432665": {
      "maxRSS": 175484,
      "systemtime": 76473,
      "usertime": 2905275
     },
     "946433732": {
      "maxRSS": 175484,
      "systemtime": 76473,
      "usertime": 2905284
     },
     "946434840": {
      "maxRSS": 175484,
      "systemtime": 76473,
      "usertime": 2905299
     },
     "946435909": {
      "maxRSS": 175484,
      "systemtime": 76473,
      "usertime": 2905309
     },
     "946436995": {
      "maxRSS": 175484,
      "systemtime": 76473,
      "usertime": 2909345
     },
     "946438062": {
      "maxRSS": 175484,
      "systemtime": 76473,
      "usertime": 2909355
     },
     "946439149": {
      "maxRSS": 175484,
      "systemtime": 76473,
      "usertime": 2909367
     },
     "946440227": {
      "maxRSS": 175484,
      "systemtime": 76473,
      "usertime": 2913382
     },
     "946441368": {
      "maxRSS": 175484,
      "systemtime": 76473,
      "usertime": 2913409
     },
     "946442478": {
      "maxRSS": 175484,
      "systemtime": 76473,
      "usertime": 2913438
     },
     "946443595": {
      "maxRSS": 175484,
      "systemtime": 76473,
      "usertime": 2913492
     },
     "946444719": {
      "maxRSS": 175484,
      "systemtime": 76473,
      "usertime": 2917512
     },
     "946445788": {
      "maxRSS": 175484,
      "systemtime": 76473,
      "usertime": 2917523
     },
     "946446891": {
      "maxRSS": 175484,
      "systemtime": 76473,
      "usertime": 2917534
     },
     "946447992": {
      "maxRSS": 175484,
      "systemtime": 76473,
      "usertime": 2917544
     },
     "946449094": {
      "maxRSS": 175484,
      "systemtime": 76473,
      "usertime": 2921567
     },
     "946450183": {
      "maxRSS": 175484,
      "systemtime": 76473,
      "usertime": 2921595
     },
     "946451293": {
      "maxRSS": 175484,
      "systemtime": 76473,
      "usertime": 2921623
     },
     "946452379": {
      "maxRSS": 175484,
      "systemtime": 76473,
      "usertime": 2925656
     },
     "946453478": {
      "maxRSS": 175484,
      "systemtime": 76473,
      "usertime": 2925680
     },
     "946454560": {
      "maxRSS": 175484,
      "systemtime": 76473,
      "usertime": 2925699
     },
     "946455668": {
      "maxRSS": 175484,
      "systemtime": 76473,
      "usertime": 2925713
     },
     "946456783": {
      "maxRSS": 175484,
      "systemtime": 76473,
      "usertime": 2929722
     },
     "946457911": {
      "maxRSS": 175484,
      "systemtime": 76473,
      "usertime": 2929758
     },
     "946459013": {
      "maxRSS": 175484,
      "systemtime": 76473,
      "usertime": 2929767
     },
     "946460086": {
      "maxRSS": 175484,
      "systemtime": 76473,
      "usertime": 2933778
     },
     "946461167": {
      "maxRSS": 175484,
      "systemtime": 76473,
      "usertime": 2933796
     },
     "946462281": {
      "maxRSS": 175484,
      "systemtime": 76473,
      "usertime": 2933813
     },
     "946463352": {
      "maxRSS": 175484,
      "systemtime": 76473,
      "usertime": 2933825
     },
     "946464478": {
      "maxRSS": 175484,
      "systemtime": 76473,
      "usertime": 2937855
     },
     "946465578": {
      "maxRSS": 175484,
      "systemtime": 76473,
      "usertime": 2937864
     },
     "946466679": {
      "maxRSS": 175484,
      "systemtime": 76473,
      "usertime": 2937873
     },
     "946467750": {
      "maxRSS": 175484,
      "systemtime": 76473,
      "usertime": 2937883
     },
     "946468819": {
      "maxRSS": 175484,
      "systemtime": 76473,
      "usertime": 2941904
     },
     "946469920": {
      "maxRSS": 175484,
      "systemtime": 76473,
      "usertime": 2941913
     },
     "946471000": {
      "maxRSS": 175484,
      "systemtime": 76473,
      "usertime": 2941936
     },
     "946472015": {
      "maxRSS": 175484,
      "systemtime": 76473,
      "usertime": 2945932
     },
     "946473156": {
      "maxRSS": 175484,
      "systemtime": 76473,
      "usertime": 2945956
     },
     "946474280": {
      "maxRSS": 175484,
      "systemtime": 76473,
      "usertime": 2945985
     },
     "946475369": {
      "maxRSS": 175484,
      "systemtime": 76473,
      "usertime": 2946006
     },
     "946476472": {
      "maxRSS": 175484,
      "systemtime": 76473,
      "usertime": 2950074
     },
     "946477594": {
      "maxRSS": 175484,
      "systemtime": 76473,
      "usertime": 2950127
     },
     "946478684": {
      "maxRSS": 175484,
      "systemtime": 76473,
      "usertime": 2950154
     },
     "946479812": {
      "maxRSS": 175484,
      "systemtime": 76473,
      "usertime": 2950179
     },
     "946480894": {
      "maxRSS": 175484,
      "systemtime": 76473,
      "usertime": 2954168
     },
     "946481990": {
      "maxRSS": 175484,
      "systemtime": 76473,
      "usertime": 2954187
     },
     "946483117": {
      "maxRSS": 175484,
      "systemtime": 76473,
      "usertime": 2954221
     },
     "946484202": {
      "maxRSS": 175484,
      "systemtime": 76473,
      "usertime": 2958244
     },
     "946485337": {
      "maxRSS": 175484,
      "systemtime": 76473,
      "usertime": 2958282
     },
     "946486448": {
      "maxRSS": 175484,
      "systemtime": 76473,
      "usertime": 2958297
     },
     "946487548": {
      "maxRSS": 175484,
      "systemtime": 76473,
      "usertime": 2958307
     },
     "946488662": {
      "maxRSS": 175484,
      "systemtime": 76473,
      "usertime": 2962318
     },
     "946489764": {
      "maxRSS": 175484,
      "systemtime": 76473,
      "usertime": 2962330
     },
     "946490961": {
      "maxRSS": 175484,
      "systemtime": 76473,
      "usertime": 2962350
     },
     "946492040": {
      "maxRSS": 175484,
      "systemtime": 76473,
      "usertime": 2966411
     },
     "946493158": {
      "maxRSS": 175484,
      "systemtime": 76473,
      "usertime": 2966430
     },
     "946494276": {
      "maxRSS": 175484,
      "systemtime": 76473,
      "usertime": 2966450
     },
     "946495439": {
      "maxRSS": 175484,
      "systemtime": 76473,
      "usertime": 2966470
     },
     "946496619": {
      "maxRSS": 175484,
      "systemtime": 76473,
      "usertime": 2970470
     },
     "946497796": {
      "maxRSS": 175484,
      "systemtime": 76473,
      "usertime": 2970488
     },
     "946500011": {
      "maxRSS": 175484,
      "systemtime": 80289,
      "usertime": 2970724
     },
     "946502203": {
      "maxRSS": 175484,
      "systemtime": 80290,
      "usertime": 2970749
     },
     "946504339": {
      "maxRSS": 175484,
      "systemtime": 80290,
      "usertime": 2974777
     },
     "946506475": {
      "maxRSS": 175484,
      "systemtime": 80291,
      "usertime": 2974804
     },
     "946508627": {
      "maxRSS": 175484,
      "systemtime": 80291,
      "usertime": 2978830
     },
     "946510724": {
      "maxRSS": 175484,
      "systemtime": 80292,
      "usertime": 2978859
     },
     "946512841": {
      "maxRSS": 175484,
      "systemtime": 80293,
      "usertime": 2982906
     },
     "946514983": {
      "maxRSS": 175484,
      "systemtime": 80294,
      "usertime": 2982934
     },
     "946517095": {
      "maxRSS": 175484,
      "systemtime": 80295,
      "usertime": 2986989
     },
     "946519239": {
      "maxRSS": 175484,
      "systemtime": 80296,
      "usertime": 2987029
     },
     "946521346": {
      "maxRSS": 175484,
      "systemtime": 80296,
      "usertime": 2991038
     },
     "946523482": {
      "maxRSS": 175484,
      "systemtime": 80297,
      "usertime": 2991068
     },
     "946525641": {
      "maxRSS": 175484,
      "systemtime": 80297,
      "usertime": 2995095
     },
     "946527777": {
      "maxRSS": 175484,
      "systemtime": 80298,
      "usertime": 2995145
     },
     "946529881": {
      "maxRSS": 175484,
      "systemtime": 80299,
      "usertime": 2999182
     },
     "946532047": {
      "maxRSS": 175484,
      "systemtime": 80299,
      "usertime": 3003205
     },
     "946534136": {
      "maxRSS": 175484,
      "systemtime": 80300,
      "usertime": 3003227
     },
     "946536273": {
      "maxRSS": 175484,
      "systemtime": 80300,
      "usertime": 3007251
     },
     "946538465": {
      "maxRSS": 175484,
      "systemtime": 80301,
      "usertime": 3007275
     },
     "946540663": {
      "maxRSS": 175484,
      "systemtime": 80302,
      "usertime": 3011331
     },
     "946542804": {
      "maxRSS": 175484,
      "systemtime": 80303,
      "usertime": 3011370
     },
     "946544923": {
      "maxRSS": 175484,
      "systemtime": 80303,
      "usertime": 3015405
     },
     "946547048": {
      "maxRSS": 175484,
      "systemtime": 80304,
      "usertime": 3015436
     },
     "946549137": {
      "maxRSS": 175484,
      "systemtime": 80304,
      "usertime": 3019459
     },
     "946551232": {
      "maxRSS": 175484,
      "systemtime": 80305,
      "usertime": 3019479
     },
     "946553370": {
      "maxRSS": 175484,
      "systemtime": 80305,
      "usertime": 3023519
     },
     "946555446": {
      "maxRSS": 175484,
      "systemtime": 80306,
      "usertime": 3023534
     },
     "946557531": {
      "maxRSS": 175484,
      "systemtime": 80306,
      "usertime": 3027552
     },
     "946559608": {
      "maxRSS": 175484,
      "systemtime": 80306,
      "usertime": 3027568
     },
     "946561730": {
      "maxRSS": 175484,
      "systemtime": 80306,
      "usertime": 3031589
     },
     "946563839": {
      "maxRSS": 175484,
      "systemtime": 80307,
      "usertime": 3031600
     },
     "946565932": {
      "maxRSS": 175484,
      "systemtime": 80307,
      "usertime": 3035625
     },
     "946568028": {
      "maxRSS": 175484,
      "systemtime": 80307,
      "usertime": 3039642
     },
     "946570167": {
      "maxRSS": 175484,
      "systemtime": 80308,
      "usertime": 3039663
     },
     "946572242": {
      "maxRSS": 175484,
      "systemtime": 80308,
      "usertime": 3043674
     },
     "946574342": {
      "maxRSS": 175484,
      "systemtime": 80308,
      "usertime": 3043684
     },
     "946576412": {
      "maxRSS": 175484,
      "systemtime": 80308,
      "usertime": 3047694
     },
     "946578495": {
      "maxRSS": 175484,
      "systemtime": 80308,
      "usertime": 3047713
     },
     "946580636": {
      "maxRSS": 175484,
      "systemtime": 80309,
      "usertime": 3051764
     },
     "946582717": {
      "maxRSS": 175484,
      "systemtime": 80310,
      "usertime": 3051781
     },
     "946584825": {
      "maxRSS": 175484,
      "systemtime": 80310,
      "usertime": 3055795
     },
     "946586928": {
      "maxRSS": 175484,
      "systemtime": 80310,
      "usertime": 3055807
     },
     "946589016": {
      "maxRSS": 175484,
      "systemtime": 80310,
      "usertime": 3059818
     },
     "946591126": {
      "maxRSS": 175484,
      "systemtime": 80310,
      "usertime": 3059834
     },
     "946593268": {
      "maxRSS": 175612,
      "systemtime": 80311,
      "usertime": 3063884
     },
     "946595386": {
      "maxRSS": 175612,
      "systemtime": 80312,
      "usertime": 3063907
     },
     "946597509": {
      "maxRSS": 175612,
      "systemtime": 80312,
      "usertime": 3067938
     },
     "946599600": {
      "maxRSS": 175612,
      "systemtime": 80313,
      "usertime": 3067962
     },
     "946601718": {
      "maxRSS": 175612,
      "systemtime": 80314,
      "usertime": 3072017
     },
     "946603830": {
      "maxRSS": 175612,
      "systemtime": 80314,
      "usertime": 3072047
     },
     "946605992": {
      "maxRSS": 175612,
      "systemtime": 80315,
      "usertime": 3076078
     },
     "946608109": {
      "maxRSS": 175612,
      "systemtime": 80315,
      "usertime": 3080111
     },
     "946610235": {
      "maxRSS": 175612,
      "systemtime": 80316,
      "usertime": 3080139
     },
     "946612390": {
      "maxRSS": 175612,
      "systemtime": 80316,
      "usertime": 3084166
     },
     "946614542": {
      "maxRSS": 175612,
      "systemtime": 80317,
      "usertime": 3084190
     },
     "946616658": {
      "maxRSS": 175612,
      "systemtime": 80318,
      "usertime": 3088230
     },
     "946618767": {
      "maxRSS": 175612,
      "systemtime": 80319,
      "usertime": 3088273
     },
     "946620854": {
      "maxRSS": 175612,
      "systemtime": 80319,
      "usertime": 3092291
     },
     "946622928": {
      "maxRSS": 175612,
      "systemtime": 80319,
      "usertime": 3092304
     },
     "946625003": {
      "maxRSS": 175612,
      "systemtime": 80319,
      "usertime": 3096305
     },
     "946627098": {
      "maxRSS": 175612,
      "systemtime": 80319,
      "usertime": 3096328
     },
     "946629200": {
      "maxRSS": 175612,
      "systemtime": 80320,
      "usertime": 3100364
     },
     "946631292": {
      "maxRSS": 175612,
      "systemtime": 80401,
      "usertime": 3103502
     },
     "946632275": {
      "maxRSS": 175612,
      "systemtime": 80414,
      "usertime": 3104615
     },
     "946632637": {
      "maxRSS": 175612,
      "systemtime": 80414,
      "usertime": 3104978
     },
     "946633724": {
      "maxRSS": 175612,
      "systemtime": 80414,
      "usertime": 3104996
     },
     "946634814": {
      "maxRSS": 175612,
      "systemtime": 80414,
      "usertime": 3105018
     },
     "946635904": {
      "maxRSS": 175612,
      "systemtime": 80414,
      "usertime": 3105041
     },
     "946637020": {
      "maxRSS": 175612,
      "systemtime": 80414,
      "usertime": 3108589
     },
     "946638152": {
      "maxRSS": 175612,
      "systemtime": 80414,
      "usertime": 3108629
     },
     "946639255": {
      "maxRSS": 175612,
      "systemtime": 80414,
      "usertime": 3108640
     },
     "946640331": {
      "maxRSS": 175612,
      "systemtime": 80414,
      "usertime": 3112661
     },
     "946641438": {
      "maxRSS": 175612,
      "systemtime": 80414,
      "usertime": 3112675
     },
     "946642525": {
      "maxRSS": 175612,
      "systemtime": 80414,
      "usertime": 3112693
     },
     "946643627": {
      "maxRSS": 175612,
      "systemtime": 80414,
      "usertime": 3112723
     },
     "946644755": {
      "maxRSS": 175612,
      "systemtime": 80414,
      "usertime": 3116657
     },
     "946645869": {
      "maxRSS": 175612,
      "systemtime": 80414,
      "usertime": 3116686
     },
     "946646951": {
      "maxRSS": 175612,
      "systemtime": 80414,
      "usertime": 3116708
     },
     "946648071": {
      "maxRSS": 175612,
      "systemtime": 80414,
      "usertime": 3120735
     },
     "946649192": {
      "maxRSS": 175612,
      "systemtime": 80414,
      "usertime": 3120762
     },
     "946650282": {
      "maxRSS": 175612,
      "systemtime": 80414,
      "usertime": 3120781
     },
     "946651407": {
      "maxRSS": 175612,
      "systemtime": 80414,
      "usertime": 3120837
     },
     "946652514": {
      "maxRSS": 175612,
      "systemtime": 80414,
      "usertime": 3124848
     },
     "946653623": {
      "maxRSS": 175740,
      "systemtime": 80414,
      "usertime": 3124864
     },
     "946654729": {
      "maxRSS": 175996,
      "systemtime": 80414,
      "usertime": 3124873
     },
     "946655840": {
      "maxRSS": 176252,
      "systemtime": 80414,
      "usertime": 3124891
     },
     "946656949": {
      "maxRSS": 176508,
      "systemtime": 80414,
      "usertime": 3128908
     },
     "946658019": {
      "maxRSS": 176636,
      "systemtime": 80414,
      "usertime": 3128920
     },
     "946659112": {
      "maxRSS": 176892,
      "systemtime": 80414,
      "usertime": 3128950
     },
     "946660189": {
      "maxRSS": 177020,
      "systemtime": 80414,
      "usertime": 3132973
     },
     "946661293": {
      "maxRSS": 177276,
      "systemtime": 80414,
      "usertime": 3132985
     },
     "946662398": {
      "maxRSS": 177532,
      "systemtime": 80414,
      "usertime": 3132993
     },
     "946663483": {
      "maxRSS": 177788,
      "systemtime": 80414,
      "usertime": 3133007
     },
     "946664557": {
      "maxRSS": 177916,
      "systemtime": 80414,
      "usertime": 3137019
     },
     "946665665": {
      "maxRSS": 178172,
      "systemtime": 80414,
      "usertime": 3137045
     },
     "946666735": {
      "maxRSS": 178428,
      "systemtime": 80414,
      "usertime": 3137055
     },
     "946667811": {
      "maxRSS": 178684,
      "systemtime": 80414,
      "usertime": 3137071
     },
     "946668885": {
      "maxRSS": 178812,
      "systemtime": 80414,
      "usertime": 3141087
     },
     "946669956": {
      "maxRSS": 179068,
      "systemtime": 80414,
      "usertime": 3141098
     },
     "946671063": {
      "maxRSS": 179196,
      "systemtime": 80414,
      "usertime": 3141113
     },
     "946672149": {
      "maxRSS": 179452,
      "systemtime": 80414,
      "usertime": 3145229
     },
     "946673258": {
      "maxRSS": 179708,
      "systemtime": 80414,
      "usertime": 3145242
     },
     "946674368": {
      "maxRSS": 179964,
      "systemtime": 80414,
      "usertime": 3145257
     },
     "946675438": {
      "maxRSS": 180092,
      "systemtime": 80414,
      "usertime": 3145269
     },
     "946676510": {
      "maxRSS": 180348,
      "systemtime": 80414,
      "usertime": 3149193
     },
     "946677597": {
      "maxRSS": 180476,
      "systemtime": 80414,
      "usertime": 3149212
     },
     "946678725": {
      "maxRSS": 180732,
      "systemtime": 80414,
      "usertime": 3149248
     },
     "946679834": {
      "maxRSS": 180988,
      "systemtime": 80414,
      "usertime": 3149263
     },
     "946680899": {
      "maxRSS": 181244,
      "systemtime": 80414,
      "usertime": 3153284
     },
     "946681964": {
      "maxRSS": 181372,
      "systemtime": 80414,
      "usertime": 3153292
     },
     "946683066": {
      "maxRSS": 181628,
      "systemtime": 80414,
      "usertime": 3153299
     },
     "946684140": {
      "maxRSS": 181884,
      "systemtime": 80414,
      "usertime": 3157296
     },
     "946685219": {
      "maxRSS": 182140,
      "systemtime": 80414,
      "usertime": 3157312
     },
     "946686339": {
      "maxRSS": 182396,
      "systemtime": 80414,
      "usertime": 3157338
     },
     "946687416": {
      "maxRSS": 182524,
      "systemtime": 80414,
      "usertime": 3157353
     },
     "946688555": {
      "maxRSS": 182780,
      "systemtime": 84358,
      "usertime": 3157432
     },
     "946689654": {
      "maxRSS": 183036,
      "systemtime": 84359,
      "usertime": 3157440
     },
     "946690752": {
      "maxRSS": 183292,
      "systemtime": 84359,
      "usertime": 3157447
     },
     "946691825": {
      "maxRSS": 183420,
      "systemtime": 84359,
      "usertime": 3157457
     },
     "946692922": {
      "maxRSS": 183676,
      "systemtime": 88377,
      "usertime": 3157476
     },
     "946693996": {
      "maxRSS": 183804,
      "systemtime": 88377,
      "usertime": 3157489
     },
     "946695119": {
      "maxRSS": 183804,
      "systemtime": 88378,
      "usertime": 3157511
     },
     "946696079": {
      "maxRSS": 183804,
      "systemtime": 88477,
      "usertime": 3161482
     },
     "946697161": {
      "maxRSS": 183804,
      "systemtime": 88477,
      "usertime": 3161493
     },
     "946698274": {
      "maxRSS": 183804,
      "systemtime": 88477,
      "usertime": 3161519
     },
     "946699403": {
      "maxRSS": 183804,
      "systemtime": 88477,
      "usertime": 3161554
     },
     "946700523": {
      "maxRSS": 183804,
      "systemtime": 88477,
      "usertime": 3165510
     },
     "946701625": {
      "maxRSS": 183804,
      "systemtime": 88477,
      "usertime": 3165523
     },
     "946702766": {
      "maxRSS": 183804,
      "systemtime": 88477,
      "usertime": 3165547
     },
     "946703838": {
      "maxRSS": 183804,
      "systemtime": 88477,
      "usertime": 3165557
     },
     "946704923": {
      "maxRSS": 183804,
      "systemtime": 88477,
      "usertime": 3169570
     },
     "946706047": {
      "maxRSS": 183804,
      "systemtime": 88477,
      "usertime": 3169611
     },
     "946707157": {
      "maxRSS": 183804,
      "systemtime": 88477,
      "usertime": 3169625
     },
     "946708247": {
      "maxRSS": 183804,
      "systemtime": 88477,
      "usertime": 3173639
     },
     "946709335": {
      "maxRSS": 183804,
      "systemtime": 88477,
      "usertime": 3173657
     },
     "946710447": {
      "maxRSS": 183804,
      "systemtime": 88477,
      "usertime": 3173674
     },
     "946711518": {
      "maxRSS": 183804,
      "systemtime": 88477,
      "usertime": 3173688
     },
     "946712586": {
      "maxRSS": 183804,
      "systemtime": 88477,
      "usertime": 3177701
     },
     "946713689": {
      "maxRSS": 183804,
      "systemtime": 88477,
      "usertime": 3177748
     },
     "946714755": {
      "maxRSS": 183804,
      "systemtime": 88477,
      "usertime": 3177756
     },
     "946715822": {
      "maxRSS": 183804,
      "systemtime": 88477,
      "usertime": 3177765
     },
     "946716891": {
      "maxRSS": 183804,
      "systemtime": 88477,
      "usertime": 3181774
     },
     "946717961": {
      "maxRSS": 183804,
      "systemtime": 88477,
      "usertime": 3181785
     },
     "946719030": {
      "maxRSS": 183804,
      "systemtime": 88477,
      "usertime": 3181798
     },
     "946720110": {
      "maxRSS": 183804,
      "systemtime": 88477,
      "usertime": 3185820
     },
     "946721214": {
      "maxRSS": 183804,
      "systemtime": 88477,
      "usertime": 3185834
     },
     "946722322": {
      "maxRSS": 183804,
      "systemtime": 88477,
      "usertime": 3185852
     },
     "946723421": {
      "maxRSS": 183804,
      "systemtime": 88477,
      "usertime": 3185860
     },
     "946724504": {
      "maxRSS": 183804,
      "systemtime": 88477,
      "usertime": 3189869
     },
     "946725578": {
      "maxRSS": 183804,
      "systemtime": 88477,
      "usertime": 3189882
     },
     "946726662": {
      "maxRSS": 183804,
      "systemtime": 88477,
      "usertime": 3189907
     },
     "946727778": {
      "maxRSS": 183804,
      "systemtime": 88477,
      "usertime": 3189928
     },
     "946728883": {
      "maxRSS": 183804,
      "systemtime": 88477,
      "usertime": 3193943
     },
     "946729949": {
      "maxRSS": 183804,
      "systemtime": 88477,
      "usertime": 3193951
     },
     "946731015": {
      "maxRSS": 183804,
      "systemtime": 88477,
      "usertime": 3193960
     },
     "946732081": {
      "maxRSS": 183804,
      "systemtime": 88477,
      "usertime": 3197966
     },
     "946733159": {
      "maxRSS": 183804,
      "systemtime": 88477,
      "usertime": 3197986
     },
     "946734232": {
      "maxRSS": 183804,
      "systemtime": 88477,
      "usertime": 3198000
     },
     "946735304": {
      "maxRSS": 183804,
      "systemtime": 88477,
      "usertime": 3198015
     },
     "946736386": {
      "maxRSS": 183804,
      "systemtime": 88477,
      "usertime": 3202079
     },
     "946737510": {
      "maxRSS": 183804,
      "systemtime": 88477,
      "usertime": 3202101
     },
     "946738583": {
      "maxRSS": 183804,
      "systemtime": 88477,
      "usertime": 3202115
     },
     "946739654": {
      "maxRSS": 183804,
      "systemtime": 88477,
      "usertime": 3202128
     },
     "946740747": {
      "maxRSS": 183804,
      "systemtime": 88477,
      "usertime": 3206115
     },
     "946741835": {
      "maxRSS": 183804,
      "systemtime": 88477,
      "usertime": 3206136
     },
     "946742940": {
      "maxRSS": 183804,
      "systemtime": 88477,
      "usertime": 3206168
     },
     "946744039": {
      "maxRSS": 183804,
      "systemtime": 88477,
      "usertime": 3210203
     },
     "946745137": {
      "maxRSS": 183804,
      "systemtime": 88477,
      "usertime": 3210233
     },
     "946746246": {
      "maxRSS": 183804,
      "systemtime": 88477,
      "usertime": 3210276
     },
     "946747417": {
      "maxRSS": 183804,
      "systemtime": 88477,
      "usertime": 3210339
     },
     "946748493": {
      "maxRSS": 183804,
      "systemtime": 88477,
      "usertime": 3214356
     },
     "946749661": {
      "maxRSS": 183804,
      "systemtime": 88477,
      "usertime": 3214377
     },
     "946750768": {
      "maxRSS": 183804,
      "systemtime": 88477,
      "usertime": 3214398
     },
     "946751871": {
      "maxRSS": 183804,
      "systemtime": 88477,
      "usertime": 3214417
     },
     "946752978": {
      "maxRSS": 183804,
      "systemtime": 88477,
      "usertime": 3218435
     },
     "946754101": {
      "maxRSS": 183804,
      "systemtime": 88477,
      "usertime": 3218468
     },
     "946755170": {
      "maxRSS": 183804,
      "systemtime": 88477,
      "usertime": 3218479
     },
     "946756240": {
      "maxRSS": 183804,
      "systemtime": 88477,
      "usertime": 3222486
     },
     "946757341": {
      "maxRSS": 183804,
      "systemtime": 88477,
      "usertime": 3222496
     },
     "946758450": {
      "maxRSS": 183804,
      "systemtime": 88477,
      "usertime": 3222513
     },
     "946759565": {
      "maxRSS": 183804,
      "systemtime": 88477,
      "usertime": 3222535
     },
     "946760732": {
      "maxRSS": 183804,
      "systemtime": 88477,
      "usertime": 3226598
     },
     "946761814": {
      "maxRSS": 183804,
      "systemtime": 88477,
      "usertime": 3226618
     },
     "946762897": {
      "maxRSS": 183804,
      "systemtime": 88477,
      "usertime": 3226638
     },
     "946763971": {
      "maxRSS": 183804,
      "systemtime": 88477,
      "usertime": 3226652
     },
     "946765084": {
      "maxRSS": 183804,
      "systemtime": 88477,
      "usertime": 3230672
     },
     "946766192": {
      "maxRSS": 183804,
      "systemtime": 88477,
      "usertime": 3230690
     },
     "946767308": {
      "maxRSS": 183804,
      "systemtime": 88477,
      "usertime": 3230717
     },
     "946768419": {
      "maxRSS": 183804,
      "systemtime": 88477,
      "usertime": 3234769
     },
     "946769512": {
      "maxRSS": 183804,
      "systemtime": 88477,
      "usertime": 3234794
     },
     "946770636": {
      "maxRSS": 183804,
      "systemtime": 88477,
      "usertime": 3234833
     },
     "946771785": {
      "maxRSS": 183804,
      "systemtime": 88477,
      "usertime": 3234853
     },
     "946772888": {
      "maxRSS": 183804,
      "systemtime": 88477,
      "usertime": 3238877
     },
     "946773959": {
      "maxRSS": 183804,
      "systemtime": 88477,
      "usertime": 3238887
     },
     "946775096": {
      "maxRSS": 183804,
      "systemtime": 88477,
      "usertime": 3238928
     },
     "946776173": {
      "maxRSS": 183804,
      "systemtime": 88477,
      "usertime": 3242991
     },
     "946777256": {
      "maxRSS": 183804,
      "systemtime": 88477,
      "usertime": 3243011
     },
     "946778334": {
      "maxRSS": 183804,
      "systemtime": 88477,
      "usertime": 3243028
     },
     "946779441": {
      "maxRSS": 183804,
      "systemtime": 88477,
      "usertime": 3243044
     },
     "946780552": {
      "maxRSS": 183804,
      "systemtime": 88477,
      "usertime": 3247006
     },
     "946781680": {
      "maxRSS": 183804,
      "systemtime": 88477,
      "usertime": 3247041
     },
     "946782756": {
      "maxRSS": 183804,
      "systemtime": 88477,
      "usertime": 3247055
     },
     "946783859": {
      "maxRSS": 183804,
      "systemtime": 88477,
      "usertime": 3247066
     },
     "946784986": {
      "maxRSS": 183804,
      "systemtime": 88477,
      "usertime": 3251097
     },
     "946786092": {
      "maxRSS": 183804,
      "systemtime": 88477,
      "usertime": 3251111
     },
     "946787192": {
      "maxRSS": 183804,
      "systemtime": 88477,
      "usertime": 3251119
     },
     "946788279": {
      "maxRSS": 183804,
      "systemtime": 88477,
      "usertime": 3255148
     },
     "946789346": {
      "maxRSS": 183804,
      "systemtime": 88477,
      "usertime": 3255156
     },
     "946790448": {
      "maxRSS": 183804,
      "systemtime": 88477,
      "usertime": 3255164
     },
     "946791547": {
      "maxRSS": 183804,
      "systemtime": 88477,
      "usertime": 3255173
     },
     "946792635": {
      "maxRSS": 183804,
      "systemtime": 88477,
      "usertime": 3259206
     },
     "946793730": {
      "maxRSS": 183804,
      "systemtime": 88477,
      "usertime": 3259230
     },
     "946794836": {
      "maxRSS": 183804,
      "systemtime": 88477,
      "usertime": 3259269
     },
     "946795938": {
      "maxRSS": 183804,
      "systemtime": 88477,
      "usertime": 3259316
     },
     "946797010": {
      "maxRSS": 183804,
      "systemtime": 88477,
      "usertime": 3263316
     },
     "946798089": {
      "maxRSS": 183804,
      "systemtime": 88477,
      "usertime": 3263328
     },
     "946799197": {
      "maxRSS": 183804,
      "systemtime": 88477,
      "usertime": 3263347
     },
     "946800335": {
      "maxRSS": 183804,
      "systemtime": 88477,
      "usertime": 3267371
     },
     "946801422": {
      "maxRSS": 183804,
      "systemtime": 88477,
      "usertime": 3267389
     },
     "946802527": {
      "maxRSS": 183804,
      "systemtime": 88477,
      "usertime": 3267432
     },
     "946803605": {
      "maxRSS": 183804,
      "systemtime": 88477,
      "usertime": 3267451
     },
     "946804676": {
      "maxRSS": 183804,
      "systemtime": 88477,
      "usertime": 3271463
     },
     "946805743": {
      "maxRSS": 183804,
      "systemtime": 88477,
      "usertime": 3271473
     },
     "946806809": {
      "maxRSS": 183804,
      "systemtime": 88477,
      "usertime": 3271481
     },
     "946807876": {
      "maxRSS": 183804,
      "systemtime": 88477,
      "usertime": 3271491
     },
     "946808977": {
      "maxRSS": 183804,
      "systemtime": 88477,
      "usertime": 3275528
     },
     "946810096": {
      "maxRSS": 183804,
      "systemtime": 88477,
      "usertime": 3275546
     },
     "946811202": {
      "maxRSS": 183804,
      "systemtime": 88477,
      "usertime": 3275562
     },
     "946812275": {
      "maxRSS": 183804,
      "systemtime": 88477,
      "usertime": 3279573
     },
     "946813415": {
      "maxRSS": 183804,
      "systemtime": 88477,
      "usertime": 3279599
     },
     "946814531": {
      "maxRSS": 183804,
      "systemtime": 88477,
      "usertime": 3279619
     },
     "946815622": {
      "maxRSS": 183804,
      "systemtime": 88477,
      "usertime": 3279652
     },
     "946816693": {
      "maxRSS": 183804,
      "systemtime": 88477,
      "usertime": 3283659
     },
     "946817971": {
      "maxRSS": 183804,
      "systemtime": 88477,
      "usertime": 3283679
     },
     "946819075": {
      "maxRSS": 183804,
      "systemtime": 88477,
      "usertime": 3283694
     },
     "946820146": {
      "maxRSS": 183804,
      "systemtime": 88477,
      "usertime": 3287714
     },
     "946821248": {
      "maxRSS": 183804,
      "systemtime": 88477,
      "usertime": 3287723
     },
     "946822367": {
      "maxRSS": 183804,
      "systemtime": 88477,
      "usertime": 3287752
     },
     "946823439": {
      "maxRSS": 183804,
      "systemtime": 88477,
      "usertime": 3287764
     },
     "946824549": {
      "maxRSS": 183804,
      "systemtime": 88477,
      "usertime": 3291780
     },
     "946825618": {
      "maxRSS": 183804,
      "systemtime": 88477,
      "usertime": 3291791
     },
     "946826708": {
      "maxRSS": 183804,
      "systemtime": 88477,
      "usertime": 3291802
     },
     "946827822": {
      "maxRSS": 183804,
      "systemtime": 88477,
      "usertime": 3291825
     },
     "946828895": {
      "maxRSS": 183804,
      "systemtime": 88477,
      "usertime": 3295835
     },
     "946830014": {
      "maxRSS": 183932,
      "systemtime": 88477,
      "usertime": 3295863
     },
     "946831114": {
      "maxRSS": 183932,
      "systemtime": 88477,
      "usertime": 3295873
     },
     "946832184": {
      "maxRSS": 183932,
      "systemtime": 88477,
      "usertime": 3299879
     },
     "946833269": {
      "maxRSS": 183932,
      "systemtime": 88477,
      "usertime": 3299890
     },
     "946834348": {
      "maxRSS": 183932,
      "systemtime": 88477,
      "usertime": 3299904
     },
     "946835457": {
      "maxRSS": 183932,
      "systemtime": 88477,
      "usertime": 3299916
     },
     "946837543": {
      "maxRSS": 183932,
      "systemtime": 88477,
      "usertime": 3303942
     },
     "946839618": {
      "maxRSS": 183932,
      "systemtime": 88477,
      "usertime": 3303955
     },
     "946841723": {
      "maxRSS": 183932,
      "systemtime": 88477,
      "usertime": 3307966
     },
     "946843803": {
      "maxRSS": 183932,
      "systemtime": 88477,
      "usertime": 3307982
     },
     "946845877": {
      "maxRSS": 183932,
      "systemtime": 88477,
      "usertime": 3311999
     },
     "946847947": {
      "maxRSS": 183932,
      "systemtime": 88477,
      "usertime": 3312009
     },
     "946850034": {
      "maxRSS": 183932,
      "systemtime": 88477,
      "usertime": 3316038
     },
     "946852124": {
      "maxRSS": 183932,
      "systemtime": 88477,
      "usertime": 3320120
     },
     "946854298": {
      "maxRSS": 183932,
      "systemtime": 88477,
      "usertime": 3320140
     },
     "946856369": {
      "maxRSS": 183932,
      "systemtime": 88477,
      "usertime": 3324089
     },
     "946858436": {
      "maxRSS": 183932,
      "systemtime": 88477,
      "usertime": 3324098
     },
     "946860528": {
      "maxRSS": 183932,
      "systemtime": 88477,
      "usertime": 3328122
     },
     "946862658": {
      "maxRSS": 183932,
      "systemtime": 88477,
      "usertime": 3328180
     },
     "946864781": {
      "maxRSS": 183932,
      "systemtime": 88477,
      "usertime": 3332210
     },
     "946866883": {
      "maxRSS": 183932,
      "systemtime": 88477,
      "usertime": 3332238
     },
     "946868971": {
      "maxRSS": 183932,
      "systemtime": 88477,
      "usertime": 3336266
     },
     "946871089": {
      "maxRSS": 183932,
      "systemtime": 88477,
      "usertime": 3336291
     },
     "946873228": {
      "maxRSS": 183932,
      "systemtime": 88477,
      "usertime": 3340318
     },
     "946875315": {
      "maxRSS": 183932,
      "systemtime": 88477,
      "usertime": 3340339
     },
     "946877448": {
      "maxRSS": 183932,
      "systemtime": 88477,
      "usertime": 3344444
     },
     "946879552": {
      "maxRSS": 183932,
      "systemtime": 88477,
      "usertime": 3344473
     },
     "946881660": {
      "maxRSS": 183932,
      "systemtime": 88477,
      "usertime": 3348452
     },
     "946883777": {
      "maxRSS": 183932,
      "systemtime": 88477,
      "usertime": 3348479
     },
     "946885915": {
      "maxRSS": 183932,
      "systemtime": 88477,
      "usertime": 3352525
     },
     "946888041": {
      "maxRSS": 183932,
      "systemtime": 88477,
      "usertime": 3356548
     },
     "946890145": {
      "maxRSS": 183932,
      "systemtime": 88477,
      "usertime": 3356591
     },
     "946892236": {
      "maxRSS": 183932,
      "systemtime": 88477,
      "usertime": 3360655
     },
     "946894386": {
      "maxRSS": 183932,
      "systemtime": 88477,
      "usertime": 3360692
     },
     "946896548": {
      "maxRSS": 183932,
      "systemtime": 88477,
      "usertime": 3364698
     },
     "946898644": {
      "maxRSS": 183932,
      "systemtime": 88477,
      "usertime": 3364726
     },
     "946900746": {
      "maxRSS": 183932,
      "systemtime": 88477,
      "usertime": 3368741
     },
     "946902882": {
      "maxRSS": 183932,
      "systemtime": 88477,
      "usertime": 3368797
     },
     "946904999": {
      "maxRSS": 183932,
      "systemtime": 88477,
      "usertime": 3372824
     },
     "946907081": {
      "maxRSS": 183932,
      "systemtime": 88477,
      "usertime": 3372846
     },
     "946909233": {
      "maxRSS": 183932,
      "systemtime": 88477,
      "usertime": 3376887
     },
     "946911344": {
      "maxRSS": 183932,
      "systemtime": 88477,
      "usertime": 3376924
     },
     "946913502": {
      "maxRSS": 183932,
      "systemtime": 88477,
      "usertime": 3380960
     },
     "946915616": {
      "maxRSS": 183932,
      "systemtime": 88477,
      "usertime": 3381009
     },
     "946917698": {
      "maxRSS": 183932,
      "systemtime": 88477,
      "usertime": 3385030
     },
     "946919845": {
      "maxRSS": 183932,
      "systemtime": 88477,
      "usertime": 3385056
     },
     "946921992": {
      "maxRSS": 183932,
      "systemtime": 88477,
      "usertime": 3389086
     },
     "946924089": {
      "maxRSS": 183932,
      "systemtime": 88477,
      "usertime": 3393108
     },
     "946925193": {
      "maxRSS": 183932,
      "systemtime": 88477,
      "usertime": 3394307
     },
     "946925492": {
      "maxRSS": 183932,
      "systemtime": 88484,
      "usertime": 3394591
     },
     "946926598": {
      "maxRSS": 183932,
      "systemtime": 88485,
      "usertime": 3394644
     },
     "946927671": {
      "maxRSS": 183932,
      "systemtime": 88486,
      "usertime": 3394659
     },
     "946928747": {
      "maxRSS": 183932,
      "systemtime": 88486,
      "usertime": 3397210
     },
     "946929820": {
      "maxRSS": 183932,
      "systemtime": 88486,
      "usertime": 3397224
     },
     "946930925": {
      "maxRSS": 183932,
      "systemtime": 88486,
      "usertime": 3397236
     },
     "946932129": {
      "maxRSS": 183932,
      "systemtime": 88486,
      "usertime": 3401281
     },
     "946933314": {
      "maxRSS": 183932,
      "systemtime": 88486,
      "usertime": 3401341
     },
     "946934402": {
      "maxRSS": 183932,
      "systemtime": 88486,
      "usertime": 3401363
     },
     "946935487": {
      "maxRSS": 183932,
      "systemtime": 88486,
      "usertime": 3401381
     },
     "946936561": {
      "maxRSS": 183932,
      "systemtime": 88486,
      "usertime": 3405399
     },
     "946937667": {
      "maxRSS": 183932,
      "systemtime": 88486,
      "usertime": 3405413
     },
     "946938770": {
      "maxRSS": 183932,
      "systemtime": 88486,
      "usertime": 3405424
     },
     "946939897": {
      "maxRSS": 183932,
      "systemtime": 88486,
      "usertime": 3405462
     },
     "946940967": {
      "maxRSS": 183932,
      "systemtime": 88486,
      "usertime": 3409471
     },
     "946942069": {
      "maxRSS": 183932,
      "systemtime": 88486,
      "usertime": 3409481
     },
     "946943210": {
      "maxRSS": 183932,
      "systemtime": 88486,
      "usertime": 3409516
     },
     "946944291": {
      "maxRSS": 183932,
      "systemtime": 88486,
      "usertime": 3413535
     },
     "946945371": {
      "maxRSS": 183932,
      "systemtime": 88486,
      "usertime": 3413549
     },
     "946946506": {
      "maxRSS": 183932,
      "systemtime": 88486,
      "usertime": 3413592
     },
     "946947610": {
      "maxRSS": 184060,
      "systemtime": 88486,
      "usertime": 3413604
     },
     "946948721": {
      "maxRSS": 184316,
      "systemtime": 88486,
      "usertime": 3417623
     },
     "946949824": {
      "maxRSS": 184444,
      "systemtime": 88486,
      "usertime": 3417635
     },
     "946950913": {
      "maxRSS": 184700,
      "systemtime": 88486,
      "usertime": 3417649
     },
     "946952025": {
      "maxRSS": 184956,
      "systemtime": 92373,
      "usertime": 3417805
     },
     "946953150": {
      "maxRSS": 185084,
      "systemtime": 92373,
      "usertime": 3417833
     },
     "946954272": {
      "maxRSS": 185340,
      "systemtime": 92374,
      "usertime": 3417861
     },
     "946955378": {
      "maxRSS": 185596,
      "systemtime": 92375,
      "usertime": 3417882
     },
     "946956551": {
      "maxRSS": 185852,
      "systemtime": 92375,
      "usertime": 3421909
     },
     "946957622": {
      "maxRSS": 185980,
      "systemtime": 92375,
      "usertime": 3421920
     },
     "946958762": {
      "maxRSS": 186236,
      "systemtime": 92376,
      "usertime": 3421940
     },
     "946959860": {
      "maxRSS": 186492,
      "systemtime": 92376,
      "usertime": 3421957
     },
     "946961022": {
      "maxRSS": 186748,
      "systemtime": 92377,
      "usertime": 3426017
     },
     "946962141": {
      "maxRSS": 186876,
      "systemtime": 92378,
      "usertime": 3426037
     },
     "946963291": {
      "maxRSS": 187132,
      "systemtime": 92378,
      "usertime": 3426054
     },
     "946964409": {
      "maxRSS": 187388,
      "systemtime": 92379,
      "usertime": 3430084
     },
     "946965512": {
      "maxRSS": 187644,
      "systemtime": 92379,
      "usertime": 3430095
     },
     "946966590": {
      "maxRSS": 187772,
      "systemtime": 92379,
      "usertime": 3430109
     },
     "946967710": {
      "maxRSS": 188028,
      "systemtime": 92381,
      "usertime": 3430168
     },
     "946968806": {
      "maxRSS": 188284,
      "systemtime": 92381,
      "usertime": 3434191
     },
     "946969907": {
      "maxRSS": 188412,
      "systemtime": 92382,
      "usertime": 3434205
     },
     "946971014": {
      "maxRSS": 188668,
      "systemtime": 92382,
      "usertime": 3434218
     },
     "946972047": {
      "maxRSS": 188924,
      "systemtime": 92382,
      "usertime": 3438223
     },
     "946973147": {
      "maxRSS": 189052,
      "systemtime": 92382,
      "usertime": 3438231
     },
     "946974260": {
      "maxRSS": 189180,
      "systemtime": 92382,
      "usertime": 3438253
     },
     "946975292": {
      "maxRSS": 189180,
      "systemtime": 92469,
      "usertime": 3441456
     },
     "946976385": {
      "maxRSS": 189180,
      "systemtime": 92469,
      "usertime": 3442190
     },
     "946977512": {
      "maxRSS": 189180,
      "systemtime": 92469,
      "usertime": 3442209
     },
     "946978598": {
      "maxRSS": 189180,
      "systemtime": 92469,
      "usertime": 3442228
     },
     "946979695": {
      "maxRSS": 189180,
      "systemtime": 92469,
      "usertime": 3442262
     },
     "946980841": {
      "maxRSS": 189180,
      "systemtime": 92469,
      "usertime": 3446280
     },
     "946981971": {
      "maxRSS": 189180,
      "systemtime": 92469,
      "usertime": 3446317
     },
     "946983057": {
      "maxRSS": 189180,
      "systemtime": 92469,
      "usertime": 3446335
     },
     "946984146": {
      "maxRSS": 189180,
      "systemtime": 92469,
      "usertime": 3450350
     },
     "946985270": {
      "maxRSS": 189180,
      "systemtime": 92469,
      "usertime": 3450380
     },
     "946986374": {
      "maxRSS": 189180,
      "systemtime": 92469,
      "usertime": 3450391
     },
     "946987472": {
      "maxRSS": 189180,
      "systemtime": 92469,
      "usertime": 3450398
     },
     "946988588": {
      "maxRSS": 189180,
      "systemtime": 92469,
      "usertime": 3454426
     },
     "946989688": {
      "maxRSS": 189180,
      "systemtime": 92469,
      "usertime": 3454434
     },
     "946990755": {
      "maxRSS": 189180,
      "systemtime": 92469,
      "usertime": 3454443
     },
     "946991823": {
      "maxRSS": 189180,
      "systemtime": 92469,
      "usertime": 3454453
     },
     "946992920": {
      "maxRSS": 189180,
      "systemtime": 92469,
      "usertime": 3458472
     },
     "946994010": {
      "maxRSS": 189180,
      "systemtime": 92469,
      "usertime": 3458500
     },
     "946995171": {
      "maxRSS": 189180,
      "systemtime": 92469,
      "usertime": 3458561
     },
     "946996250": {
      "maxRSS": 189180,
      "systemtime": 92469,
      "usertime": 3462599
     },
     "946997318": {
      "maxRSS": 189180,
      "systemtime": 92469,
      "usertime": 3462609
     },
     "946998423": {
      "maxRSS": 189180,
      "systemtime": 92469,
      "usertime": 3462620
     },
     "946999524": {
      "maxRSS": 189180,
      "systemtime": 92469,
      "usertime": 3462627
     },
     "947000661": {
      "maxRSS": 189180,
      "systemtime": 92469,
      "usertime": 3466632
     },
     "947001767": {
      "maxRSS": 189180,
      "systemtime": 92469,
      "usertime": 3466673
     },
     "947002839": {
      "maxRSS": 189180,
      "systemtime": 92469,
      "usertime": 3466687
     },
     "947003906": {
      "maxRSS": 189180,
      "systemtime": 92469,
      "usertime": 3466696
     },
     "947004979": {
      "maxRSS": 189180,
      "systemtime": 92469,
      "usertime": 3470708
     },
     "947006049": {
      "maxRSS": 189180,
      "systemtime": 92469,
      "usertime": 3470718
     },
     "947007117": {
      "maxRSS": 189180,
      "systemtime": 92469,
      "usertime": 3470728
     },
     "947008184": {
      "maxRSS": 189180,
      "systemtime": 92469,
      "usertime": 3474736
     },
     "947009283": {
      "maxRSS": 189180,
      "systemtime": 92469,
      "usertime": 3474770
     },
     "947010356": {
      "maxRSS": 189180,
      "systemtime": 92469,
      "usertime": 3474785
     },
     "947011461": {
      "maxRSS": 189180,
      "systemtime": 92469,
      "usertime": 3474796
     },
     "947012561": {
      "maxRSS": 189180,
      "systemtime": 92469,
      "usertime": 3478807
     },
     "947013629": {
      "maxRSS": 189180,
      "systemtime": 92469,
      "usertime": 3478817
     },
     "947014697": {
      "maxRSS": 189180,
      "systemtime": 92469,
      "usertime": 3478826
     },
     "947015784": {
      "maxRSS": 189180,
      "systemtime": 92469,
      "usertime": 3478856
     },
     "947016852": {
      "maxRSS": 189180,
      "systemtime": 92469,
      "usertime": 3482863
     },
     "947017928": {
      "maxRSS": 189180,
      "systemtime": 92469,
      "usertime": 3482876
     },
     "947019051": {
      "maxRSS": 189180,
      "systemtime": 92469,
      "usertime": 3482899
     },
     "947020141": {
      "maxRSS": 189180,
      "systemtime": 92469,
      "usertime": 3486927
     },
     "947021214": {
      "maxRSS": 189180,
      "systemtime": 92469,
      "usertime": 3486941
     },
     "947022313": {
      "maxRSS": 189180,
      "systemtime": 92469,
      "usertime": 3486981
     },
     "947023396": {
      "maxRSS": 189180,
      "systemtime": 92469,
      "usertime": 3486999
     },
     "947024473": {
      "maxRSS": 189180,
      "systemtime": 92469,
      "usertime": 3491017
     },
     "947025543": {
      "maxRSS": 189180,
      "systemtime": 92469,
      "usertime": 3491028
     },
     "947026620": {
      "maxRSS": 189180,
      "systemtime": 92469,
      "usertime": 3491044
     },
     "947027711": {
      "maxRSS": 189180,
      "systemtime": 92469,
      "usertime": 3491067
     },
     "947028834": {
      "maxRSS": 189180,
      "systemtime": 92469,
      "usertime": 3495127
     },
     "947029950": {
      "maxRSS": 189180,
      "systemtime": 92469,
      "usertime": 3495145
     },
     "947031056": {
      "maxRSS": 189180,
      "systemtime": 92469,
      "usertime": 3495155
     },
     "947032124": {
      "maxRSS": 189180,
      "systemtime": 92469,
      "usertime": 3499161
     },
     "947033226": {
      "maxRSS": 189180,
      "systemtime": 92469,
      "usertime": 3499170
     },
     "947034297": {
      "maxRSS": 189180,
      "systemtime": 92469,
      "usertime": 3499182
     },
     "947035368": {
      "maxRSS": 189180,
      "systemtime": 92469,
      "usertime": 3499193
     },
     "947036460": {
      "maxRSS": 189180,
      "systemtime": 92469,
      "usertime": 3503225
     },
     "947037528": {
      "maxRSS": 189180,
      "systemtime": 92469,
      "usertime": 3503235
     },
     "947038608": {
      "maxRSS": 189180,
      "systemtime": 92469,
      "usertime": 3503251
     },
     "947039695": {
      "maxRSS": 189180,
      "systemtime": 92469,
      "usertime": 3503272
     },
     "947040802": {
      "maxRSS": 189180,
      "systemtime": 92469,
      "usertime": 3507284
     },
     "947041875": {
      "maxRSS": 189180,
      "systemtime": 92469,
      "usertime": 3507298
     },
     "947042966": {
      "maxRSS": 189180,
      "systemtime": 92469,
      "usertime": 3507326
     },
     "947044035": {
      "maxRSS": 189180,
      "systemtime": 92469,
      "usertime": 3511356
     },
     "947045178": {
      "maxRSS": 189180,
      "systemtime": 92469,
      "usertime": 3511387
     },
     "947046255": {
      "maxRSS": 189180,
      "systemtime": 92469,
      "usertime": 3511404
     },
     "947047362": {
      "maxRSS": 189180,
      "systemtime": 92469,
      "usertime": 3511416
     },
     "947048436": {
      "maxRSS": 189180,
      "systemtime": 92469,
      "usertime": 3515426
     },
     "947049563": {
      "maxRSS": 189180,
      "systemtime": 92469,
      "usertime": 3515472
     },
     "947050666": {
      "maxRSS": 189180,
      "systemtime": 92469,
      "usertime": 3515483
     },
     "947051772": {
      "maxRSS": 189180,
      "systemtime": 92469,
      "usertime": 3515494
     },
     "947052840": {
      "maxRSS": 189180,
      "systemtime": 92469,
      "usertime": 3519502
     },
     "947053912": {
      "maxRSS": 189180,
      "systemtime": 92469,
      "usertime": 3519513
     },
     "947055013": {
      "maxRSS": 189180,
      "systemtime": 92469,
      "usertime": 3519523
     },
     "947056059": {
      "maxRSS": 189180,
      "systemtime": 92469,
      "usertime": 3523548
     },
     "947057160": {
      "maxRSS": 189180,
      "systemtime": 92469,
      "usertime": 3523557
     },
     "947058260": {
      "maxRSS": 189180,
      "systemtime": 92469,
      "usertime": 3523565
     },
     "947059370": {
      "maxRSS": 189180,
      "systemtime": 92469,
      "usertime": 3523583
     },
     "947060472": {
      "maxRSS": 189180,
      "systemtime": 92469,
      "usertime": 3527590
     },
     "947061574": {
      "maxRSS": 189180,
      "systemtime": 92469,
      "usertime": 3527599
     },
     "947062676": {
      "maxRSS": 189180,
      "systemtime": 92469,
      "usertime": 3527609
     },
     "947063787": {
      "maxRSS": 189180,
      "systemtime": 92469,
      "usertime": 3527628
     },
     "947064890": {
      "maxRSS": 189180,
      "systemtime": 92469,
      "usertime": 3531639
     },
     "947065989": {
      "maxRSS": 189180,
      "systemtime": 92469,
      "usertime": 3531647
     },
     "947067057": {
      "maxRSS": 189180,
      "systemtime": 92469,
      "usertime": 3531655
     },
     "947068128": {
      "maxRSS": 189180,
      "systemtime": 92469,
      "usertime": 3535670
     },
     "947069249": {
      "maxRSS": 189180,
      "systemtime": 92469,
      "usertime": 3535694
     },
     "947070347": {
      "maxRSS": 189180,
      "systemtime": 92469,
      "usertime": 3535730
     },
     "947071453": {
      "maxRSS": 189180,
      "systemtime": 92469,
      "usertime": 3535744
     },
     "947072556": {
      "maxRSS": 189180,
      "systemtime": 92469,
      "usertime": 3539757
     },
     "947073627": {
      "maxRSS": 189180,
      "systemtime": 92469,
      "usertime": 3539769
     },
     "947074699": {
      "maxRSS": 189180,
      "systemtime": 92469,
      "usertime": 3539782
     },
     "947075827": {
      "maxRSS": 189180,
      "systemtime": 92469,
      "usertime": 3539814
     },
     "947076960": {
      "maxRSS": 189180,
      "systemtime": 92469,
      "usertime": 3543856
     },
     "947078052": {
      "maxRSS": 189180,
      "systemtime": 92469,
      "usertime": 3543877
     },
     "947079143": {
      "maxRSS": 189180,
      "systemtime": 92469,
      "usertime": 3543900
     },
     "947080225": {
      "maxRSS": 189180,
      "systemtime": 92469,
      "usertime": 3547966
     },
     "947081302": {
      "maxRSS": 189180,
      "systemtime": 92469,
      "usertime": 3547984
     },
     "947082371": {
      "maxRSS": 189180,
      "systemtime": 92469,
      "usertime": 3547994
     },
     "947083548": {
      "maxRSS": 189180,
      "systemtime": 92469,
      "usertime": 3548046
     },
     "947084640": {
      "maxRSS": 189180,
      "systemtime": 92469,
      "usertime": 3552026
     },
     "947085723": {
      "maxRSS": 189180,
      "systemtime": 92469,
      "usertime": 3552045
     },
     "947086800": {
      "maxRSS": 189180,
      "systemtime": 92469,
      "usertime": 3552061
     },
     "947087906": {
      "maxRSS": 189180,
      "systemtime": 92469,
      "usertime": 3552075
     },
     "947089005": {
      "maxRSS": 189180,
      "systemtime": 92469,
      "usertime": 3556085
     },
     "947090106": {
      "maxRSS": 189180,
      "systemtime": 92469,
      "usertime": 3556093
     },
     "947091190": {
      "maxRSS": 189308,
      "systemtime": 92469,
      "usertime": 3556118
     },
     "947092291": {
      "maxRSS": 189308,
      "systemtime": 92469,
      "usertime": 3560156
     },
     "947093432": {
      "maxRSS": 189308,
      "systemtime": 92469,
      "usertime": 3560173
     },
     "947094519": {
      "maxRSS": 189308,
      "systemtime": 92469,
      "usertime": 3560191
     },
     "947095602": {
      "maxRSS": 189308,
      "systemtime": 92469,
      "usertime": 3560208
     },
     "947096676": {
      "maxRSS": 189308,
      "systemtime": 92469,
      "usertime": 3564230
     },
     "947097839": {
      "maxRSS": 189308,
      "systemtime": 92469,
      "usertime": 3564278
     },
     "947098916": {
      "maxRSS": 189308,
      "systemtime": 92469,
      "usertime": 3564293
     },
     "947100048": {
      "maxRSS": 189308,
      "systemtime": 92469,
      "usertime": 3568301
     },
     "947101126": {
      "maxRSS": 189308,
      "systemtime": 92469,
      "usertime": 3568317
     },
     "947102240": {
      "maxRSS": 189308,
      "systemtime": 92469,
      "usertime": 3568339
     },
     "947103347": {
      "maxRSS": 189308,
      "systemtime": 92469,
      "usertime": 3568354
     },
     "947104444": {
      "maxRSS": 189308,
      "systemtime": 92469,
      "usertime": 3572385
     },
     "947105521": {
      "maxRSS": 189308,
      "systemtime": 92469,
      "usertime": 3572398
     },
     "947106595": {
      "maxRSS": 189308,
      "systemtime": 92469,
      "usertime": 3572412
     },
     "947107666": {
      "maxRSS": 189308,
      "systemtime": 92469,
      "usertime": 3572422
     },
     "947108774": {
      "maxRSS": 189308,
      "systemtime": 92469,
      "usertime": 3576435
     },
     "947109853": {
      "maxRSS": 189308,
      "systemtime": 92469,
      "usertime": 3576448
     },
     "947110974": {
      "maxRSS": 189308,
      "systemtime": 92469,
      "usertime": 3576477
     },
     "947112078": {
      "maxRSS": 189308,
      "systemtime": 92469,
      "usertime": 3580491
     },
     "947113151": {
      "maxRSS": 189308,
      "systemtime": 92469,
      "usertime": 3580503
     },
     "947114284": {
      "maxRSS": 189308,
      "systemtime": 92469,
      "usertime": 3580525
     },
     "947116358": {
      "maxRSS": 189308,
      "systemtime": 92469,
      "usertime": 3584535
     },
     "947118464": {
      "maxRSS": 189308,
      "systemtime": 92469,
      "usertime": 3584547
     },
     "947120562": {
      "maxRSS": 189308,
      "systemtime": 92469,
      "usertime": 3588579
     },
     "947122715": {
      "maxRSS": 189308,
      "systemtime": 92469,
      "usertime": 3588613
     },
     "947124803": {
      "maxRSS": 189308,
      "systemtime": 92469,
      "usertime": 3592638
     },
     "947126887": {
      "maxRSS": 189308,
      "systemtime": 92469,
      "usertime": 3592658
     },
     "947128976": {
      "maxRSS": 189308,
      "systemtime": 92469,
      "usertime": 3596681
     },
     "947131105": {
      "maxRSS": 189308,
      "systemtime": 92469,
      "usertime": 3596703
     },
     "947133217": {
      "maxRSS": 189308,
      "systemtime": 92469,
      "usertime": 3600722
     },
     "947135381": {
      "maxRSS": 189308,
      "systemtime": 92469,
      "usertime": 3600766
     },
     "947137539": {
      "maxRSS": 189308,
      "systemtime": 92469,
      "usertime": 3604811
     },
     "947139686": {
      "maxRSS": 189308,
      "systemtime": 92469,
      "usertime": 3604837
     },
     "947141899": {
      "maxRSS": 189308,
      "systemtime": 92469,
      "usertime": 3608842
     },
     "947144056": {
      "maxRSS": 189308,
      "systemtime": 92469,
      "usertime": 3612873
     },
     "947146149": {
      "maxRSS": 189308,
      "systemtime": 92469,
      "usertime": 3612891
     },
     "947148241": {
      "maxRSS": 189308,
      "systemtime": 92469,
      "usertime": 3616915
     },
     "947150323": {
      "maxRSS": 189308,
      "systemtime": 92469,
      "usertime": 3616933
     },
     "947152435": {
      "maxRSS": 189308,
      "systemtime": 92469,
      "usertime": 3620964
     },
     "947154545": {
      "maxRSS": 189308,
      "systemtime": 92469,
      "usertime": 3620984
     },
     "947156656": {
      "maxRSS": 189308,
      "systemtime": 92469,
      "usertime": 3624994
     },
     "947157375": {
      "maxRSS": 189308,
      "systemtime": 92469,
      "usertime": 3626367
     },
     "947157574": {
      "maxRSS": 189308,
      "systemtime": 92474,
      "usertime": 3626592
     },
     "947158644": {
      "maxRSS": 189308,
      "systemtime": 92474,
      "usertime": 3626601
     },
     "947159743": {
      "maxRSS": 189308,
      "systemtime": 92475,
      "usertime": 3626628
     },
     "947160855": {
      "maxRSS": 189308,
      "systemtime": 92475,
      "usertime": 3629109
     },
     "947161949": {
      "maxRSS": 189308,
      "systemtime": 92475,
      "usertime": 3629133
     },
     "947163044": {
      "maxRSS": 189308,
      "systemtime": 92475,
      "usertime": 3629161
     },
     "947164152": {
      "maxRSS": 189308,
      "systemtime": 92475,
      "usertime": 3633204
     },
     "947165230": {
      "maxRSS": 189308,
      "systemtime": 92475,
      "usertime": 3633219
     },
     "947166340": {
      "maxRSS": 189308,
      "systemtime": 92475,
      "usertime": 3633233
     },
     "947167437": {
      "maxRSS": 189308,
      "systemtime": 92475,
      "usertime": 3633257
     },
     "947168560": {
      "maxRSS": 189308,
      "systemtime": 92475,
      "usertime": 3637289
     },
     "947169638": {
      "maxRSS": 189308,
      "systemtime": 92475,
      "usertime": 3637308
     },
     "947170718": {
      "maxRSS": 189308,
      "systemtime": 92475,
      "usertime": 3637321
     },
     "947171820": {
      "maxRSS": 189308,
      "systemtime": 92475,
      "usertime": 3637363
     },
     "947172952": {
      "maxRSS": 189308,
      "systemtime": 92475,
      "usertime": 3641397
     },
     "947174071": {
      "maxRSS": 189308,
      "systemtime": 92475,
      "usertime": 3641424
     },
     "947175146": {
      "maxRSS": 189308,
      "systemtime": 92475,
      "usertime": 3641440
     },
     "947176242": {
      "maxRSS": 189308,
      "systemtime": 92475,
      "usertime": 3645513
     },
     "947177324": {
      "maxRSS": 189308,
      "systemtime": 92475,
      "usertime": 3645535
     },
     "947178422": {
      "maxRSS": 189308,
      "systemtime": 92475,
      "usertime": 3645574
     },
     "947179529": {
      "maxRSS": 189308,
      "systemtime": 92475,
      "usertime": 3645589
     },
     "947180619": {
      "maxRSS": 189308,
      "systemtime": 92475,
      "usertime": 3649550
     },
     "947181722": {
      "maxRSS": 189308,
      "systemtime": 92475,
      "usertime": 3649571
     },
     "947182875": {
      "maxRSS": 189564,
      "systemtime": 92475,
      "usertime": 3649596
     },
     "947183961": {
      "maxRSS": 189820,
      "systemtime": 92475,
      "usertime": 3649615
     },
     "947185061": {
      "maxRSS": 189948,
      "systemtime": 92475,
      "usertime": 3653652
     },
     "947186136": {
      "maxRSS": 190204,
      "systemtime": 92475,
      "usertime": 3653668
     },
     "947187219": {
      "maxRSS": 190460,
      "systemtime": 92475,
      "usertime": 3653683
     },
     "947188322": {
      "maxRSS": 190588,
      "systemtime": 92475,
      "usertime": 3657705
     },
     "947189407": {
      "maxRSS": 190844,
      "systemtime": 92475,
      "usertime": 3657725
     },
     "947190482": {
      "maxRSS": 191100,
      "systemtime": 92475,
      "usertime": 3657741
     },
     "947191592": {
      "maxRSS": 191228,
      "systemtime": 92475,
      "usertime": 3657775
     },
     "947192677": {
      "maxRSS": 191484,
      "systemtime": 92475,
      "usertime": 3661794
     },
     "947193757": {
      "maxRSS": 191740,
      "systemtime": 92475,
      "usertime": 3661811
     },
     "947194829": {
      "maxRSS": 191996,
      "systemtime": 92475,
      "usertime": 3661824
     },
     "947195928": {
      "maxRSS": 192124,
      "systemtime": 92475,
      "usertime": 3661854
     },
     "947197037": {
      "maxRSS": 192252,
      "systemtime": 92475,
      "usertime": 3665902
     },
     "947198172": {
      "maxRSS": 192252,
      "systemtime": 92475,
      "usertime": 3665939
     },
     "947198633": {
      "maxRSS": 192252,
      "systemtime": 92518,
      "usertime": 3668573
     },
     "947199739": {
      "maxRSS": 192252,
      "systemtime": 92519,
      "usertime": 3668594
     },
     "947200866": {
      "maxRSS": 192252,
      "systemtime": 92519,
      "usertime": 3670023
     },
     "947201967": {
      "maxRSS": 192252,
      "systemtime": 92519,
      "usertime": 3670062
     },
     "947203046": {
      "maxRSS": 192252,
      "systemtime": 92519,
      "usertime": 3670081
     },
     "947204130": {
      "maxRSS": 192252,
      "systemtime": 92519,
      "usertime": 3674098
     },
     "947205248": {
      "maxRSS": 192252,
      "systemtime": 92519,
      "usertime": 3674138
     },
     "947206330": {
      "maxRSS": 192252,
      "systemtime": 92519,
      "usertime": 3674156
     },
     "947207410": {
      "maxRSS": 192252,
      "systemtime": 92519,
      "usertime": 3674173
     },
     "947208487": {
      "maxRSS": 192252,
      "systemtime": 92519,
      "usertime": 3678186
     },
     "947209596": {
      "maxRSS": 192252,
      "systemtime": 92519,
      "usertime": 3678204
     },
     "947210681": {
      "maxRSS": 192252,
      "systemtime": 92519,
      "usertime": 3678227
     },
     "947211817": {
      "maxRSS": 192252,
      "systemtime": 92519,
      "usertime": 3678263
     },
     "947212933": {
      "maxRSS": 192252,
      "systemtime": 92519,
      "usertime": 3682291
     },
     "947214013": {
      "maxRSS": 192252,
      "systemtime": 92519,
      "usertime": 3682310
     },
     "947215085": {
      "maxRSS": 192252,
      "systemtime": 92519,
      "usertime": 3682323
     },
     "947216161": {
      "maxRSS": 192252,
      "systemtime": 92519,
      "usertime": 3686349
     },
     "947217242": {
      "maxRSS": 192252,
      "systemtime": 92519,
      "usertime": 3686366
     },
     "947218348": {
      "maxRSS": 192252,
      "systemtime": 92519,
      "usertime": 3686404
     },
     "947219428": {
      "maxRSS": 192252,
      "systemtime": 92519,
      "usertime": 3686420
     },
     "947220538": {
      "maxRSS": 192252,
      "systemtime": 92519,
      "usertime": 3690419
     },
     "947221606": {
      "maxRSS": 192252,
      "systemtime": 92519,
      "usertime": 3690428
     },
     "947222690": {
      "maxRSS": 192252,
      "systemtime": 92519,
      "usertime": 3690436
     },
     "947223756": {
      "maxRSS": 192252,
      "systemtime": 92519,
      "usertime": 3690444
     },
     "947224826": {
      "maxRSS": 192252,
      "systemtime": 92519,
      "usertime": 3694455
     },
     "947225964": {
      "maxRSS": 192252,
      "systemtime": 92519,
      "usertime": 3694530
     },
     "947227101": {
      "maxRSS": 192252,
      "systemtime": 92519,
      "usertime": 3694554
     },
     "947228124": {
      "maxRSS": 192252,
      "systemtime": 92519,
      "usertime": 3698572
     },
     "947229237": {
      "maxRSS": 192252,
      "systemtime": 92519,
      "usertime": 3698589
     },
     "947230376": {
      "maxRSS": 192252,
      "systemtime": 92519,
      "usertime": 3698622
     },
     "947231461": {
      "maxRSS": 192252,
      "systemtime": 92519,
      "usertime": 3698638
     },
     "947232599": {
      "maxRSS": 192252,
      "systemtime": 92519,
      "usertime": 3702679
     },
     "947233674": {
      "maxRSS": 192252,
      "systemtime": 92519,
      "usertime": 3702697
     },
     "947234777": {
      "maxRSS": 192252,
      "systemtime": 92519,
      "usertime": 3702708
     },
     "947235880": {
      "maxRSS": 192252,
      "systemtime": 92519,
      "usertime": 3702721
     },
     "947236960": {
      "maxRSS": 192252,
      "systemtime": 92519,
      "usertime": 3706734
     },
     "947238029": {
      "maxRSS": 192252,
      "systemtime": 92519,
      "usertime": 3706746
     },
     "947239118": {
      "maxRSS": 192252,
      "systemtime": 92519,
      "usertime": 3706776
     },
     "947240190": {
      "maxRSS": 192252,
      "systemtime": 92519,
      "usertime": 3710788
     },
     "947241258": {
      "maxRSS": 192252,
      "systemtime": 92519,
      "usertime": 3710798
     },
     "947242339": {
      "maxRSS": 192252,
      "systemtime": 92519,
      "usertime": 3710812
     },
     "947243415": {
      "maxRSS": 192252,
      "systemtime": 92519,
      "usertime": 3710829
     },
     "947244526": {
      "maxRSS": 192252,
      "systemtime": 92519,
      "usertime": 3714847
     },
     "947245618": {
      "maxRSS": 192252,
      "systemtime": 92519,
      "usertime": 3714879
     },
     "947246686": {
      "maxRSS": 192252,
      "systemtime": 92519,
      "usertime": 3714889
     },
     "947247780": {
      "maxRSS": 192252,
      "systemtime": 92519,
      "usertime": 3714910
     },
     "947248865": {
      "maxRSS": 192252,
      "systemtime": 92519,
      "usertime": 3718933
     },
     "947249951": {
      "maxRSS": 192252,
      "systemtime": 92519,
      "usertime": 3718951
     },
     "947251071": {
      "maxRSS": 192252,
      "systemtime": 92519,
      "usertime": 3718971
     },
     "947252184": {
      "maxRSS": 192252,
      "systemtime": 92519,
      "usertime": 3722995
     },
     "947253282": {
      "maxRSS": 192252,
      "systemtime": 92519,
      "usertime": 3723029
     },
     "947254387": {
      "maxRSS": 192252,
      "systemtime": 92519,
      "usertime": 3723041
     },
     "947255488": {
      "maxRSS": 192252,
      "systemtime": 92519,
      "usertime": 3723052
     },
     "947256565": {
      "maxRSS": 192252,
      "systemtime": 92519,
      "usertime": 3727065
     },
     "947257666": {
      "maxRSS": 192252,
      "systemtime": 92519,
      "usertime": 3727085
     },
     "947258753": {
      "maxRSS": 192252,
      "systemtime": 92519,
      "usertime": 3727111
     },
     "947259915": {
      "maxRSS": 192252,
      "systemtime": 92519,
      "usertime": 3727160
     },
     "947261012": {
      "maxRSS": 192252,
      "systemtime": 92519,
      "usertime": 3731195
     },
     "947262109": {
      "maxRSS": 192252,
      "systemtime": 92519,
      "usertime": 3731221
     },
     "947263197": {
      "maxRSS": 192252,
      "systemtime": 92519,
      "usertime": 3731244
     },
     "947264270": {
      "maxRSS": 192252,
      "systemtime": 92519,
      "usertime": 3735254
     },
     "947265338": {
      "maxRSS": 192252,
      "systemtime": 92519,
      "usertime": 3735264
     },
     "947266435": {
      "maxRSS": 192252,
      "systemtime": 92519,
      "usertime": 3735301
     },
     "947267512": {
      "maxRSS": 192252,
      "systemtime": 92519,
      "usertime": 3735317
     },
     "947268618": {
      "maxRSS": 192252,
      "systemtime": 92519,
      "usertime": 3739330
     },
     "947269718": {
      "maxRSS": 192252,
      "systemtime": 92519,
      "usertime": 3739340
     },
     "947270799": {
      "maxRSS": 192252,
      "systemtime": 92519,
      "usertime": 3739357
     },
     "947271892": {
      "maxRSS": 192252,
      "systemtime": 92519,
      "usertime": 3739380
     },
     "947273045": {
      "maxRSS": 192252,
      "systemtime": 92519,
      "usertime": 3743424
     },
     "947274148": {
      "maxRSS": 192252,
      "systemtime": 92519,
      "usertime": 3743436
     },
     "947275259": {
      "maxRSS": 192252,
      "systemtime": 92519,
      "usertime": 3743466
     },
     "947276341": {
      "maxRSS": 192252,
      "systemtime": 92519,
      "usertime": 3747492
     },
     "947277428": {
      "maxRSS": 192252,
      "systemtime": 92519,
      "usertime": 3747511
     },
     "947278514": {
      "maxRSS": 192252,
      "systemtime": 92519,
      "usertime": 3747532
     },
     "947279590": {
      "maxRSS": 192252,
      "systemtime": 92519,
      "usertime": 3747548
     },
     "947280730": {
      "maxRSS": 192252,
      "systemtime": 92519,
      "usertime": 3751582
     },
     "947281839": {
      "maxRSS": 192252,
      "systemtime": 92519,
      "usertime": 3751595
     },
     "947282942": {
      "maxRSS": 192252,
      "systemtime": 92519,
      "usertime": 3751607
     },
     "947284026": {
      "maxRSS": 192252,
      "systemtime": 92519,
      "usertime": 3755621
     },
     "947285145": {
      "maxRSS": 192252,
      "systemtime": 92519,
      "usertime": 3755642
     },
     "947286252": {
      "maxRSS": 192252,
      "systemtime": 92519,
      "usertime": 3755655
     },
     "947287339": {
      "maxRSS": 192252,
      "systemtime": 92519,
      "usertime": 3755684
     },
     "947288440": {
      "maxRSS": 192252,
      "systemtime": 92519,
      "usertime": 3759694
     },
     "947289507": {
      "maxRSS": 192252,
      "systemtime": 92519,
      "usertime": 3759702
     },
     "947290579": {
      "maxRSS": 192252,
      "systemtime": 92519,
      "usertime": 3759713
     },
     "947291696": {
      "maxRSS": 192252,
      "systemtime": 92519,
      "usertime": 3759733
     },
     "947292810": {
      "maxRSS": 192252,
      "systemtime": 92519,
      "usertime": 3763813
     },
     "947293921": {
      "maxRSS": 192252,
      "systemtime": 92519,
      "usertime": 3763857
     },
     "947295006": {
      "maxRSS": 192252,
      "systemtime": 92519,
      "usertime": 3763877
     },
     "947296082": {
      "maxRSS": 192252,
      "systemtime": 92519,
      "usertime": 3767841
     },
     "947297161": {
      "maxRSS": 192252,
      "systemtime": 92519,
      "usertime": 3767857
     },
     "947298236": {
      "maxRSS": 192252,
      "systemtime": 92519,
      "usertime": 3767874
     },
     "947299337": {
      "maxRSS": 192252,
      "systemtime": 92519,
      "usertime": 3767892
     },
     "947300468": {
      "maxRSS": 192252,
      "systemtime": 92519,
      "usertime": 3771929
     },
     "947301552": {
      "maxRSS": 192252,
      "systemtime": 92519,
      "usertime": 3771952
     },
     "947302642": {
      "maxRSS": 192252,
      "systemtime": 92519,
      "usertime": 3771979
     },
     "947303742": {
      "maxRSS": 192252,
      "systemtime": 92519,
      "usertime": 3772005
     },
     "947304869": {
      "maxRSS": 192252,
      "systemtime": 92519,
      "usertime": 3776029
     },
     "947305947": {
      "maxRSS": 192252,
      "systemtime": 92519,
      "usertime": 3776046
     },
     "947307021": {
      "maxRSS": 192252,
      "systemtime": 92519,
      "usertime": 3776061
     },
     "947308115": {
      "maxRSS": 192252,
      "systemtime": 92519,
      "usertime": 3780158
     },
     "947309247": {
      "maxRSS": 192252,
      "systemtime": 92519,
      "usertime": 3780188
     },
     "947310355": {
      "maxRSS": 192252,
      "systemtime": 92519,
      "usertime": 3780210
     },
     "947311454": {
      "maxRSS": 192252,
      "systemtime": 92519,
      "usertime": 3780239
     },
     "947312562": {
      "maxRSS": 192252,
      "systemtime": 92519,
      "usertime": 3784237
     },
     "947313634": {
      "maxRSS": 192252,
      "systemtime": 92519,
      "usertime": 3784250
     },
     "947314740": {
      "maxRSS": 192252,
      "systemtime": 92519,
      "usertime": 3784292
     },
     "947315836": {
      "maxRSS": 192252,
      "systemtime": 92519,
      "usertime": 3784311
     },
     "947316932": {
      "maxRSS": 192252,
      "systemtime": 92519,
      "usertime": 3788332
     },
     "947318027": {
      "maxRSS": 192252,
      "systemtime": 92519,
      "usertime": 3788352
     },
     "947319136": {
      "maxRSS": 192252,
      "systemtime": 92519,
      "usertime": 3788384
     },
     "947320222": {
      "maxRSS": 192252,
      "systemtime": 92519,
      "usertime": 3788407
     },
     "947321336": {
      "maxRSS": 192252,
      "systemtime": 92519,
      "usertime": 3788455
     },
     "947322457": {
      "maxRSS": 192252,
      "systemtime": 92519,
      "usertime": 3788476
     },
     "947323533": {
      "maxRSS": 192252,
      "systemtime": 92519,
      "usertime": 3788491
     },
     "947324646": {
      "maxRSS": 192252,
      "systemtime": 92519,
      "usertime": 3788508
     },
     "947325727": {
      "maxRSS": 192252,
      "systemtime": 92519,
      "usertime": 3788524
     },
     "947326843": {
      "maxRSS": 192252,
      "systemtime": 92519,
      "usertime": 3788542
     },
     "947327978": {
      "maxRSS": 192380,
      "systemtime": 92519,
      "usertime": 3788585
     },
     "947329055": {
      "maxRSS": 192380,
      "systemtime": 92521,
      "usertime": 3793401
     },
     "947330131": {
      "maxRSS": 192380,
      "systemtime": 92547,
      "usertime": 3794441
     },
     "947331201": {
      "maxRSS": 192380,
      "systemtime": 92570,
      "usertime": 3795395
     },
     "947332270": {
      "maxRSS": 192380,
      "systemtime": 92570,
      "usertime": 3796439
     },
     "947333339": {
      "maxRSS": 192380,
      "systemtime": 92570,
      "usertime": 3797430
     },
     "947334439": {
      "maxRSS": 192380,
      "systemtime": 92570,
      "usertime": 3798420
     },
     "947335574": {
      "maxRSS": 192380,
      "systemtime": 92577,
      "usertime": 3799682
     },
     "947336703": {
      "maxRSS": 192380,
      "systemtime": 92577,
      "usertime": 3800802
     },
     "947337774": {
      "maxRSS": 192380,
      "systemtime": 92577,
      "usertime": 3801828
     },
     "947339883": {
      "maxRSS": 192380,
      "systemtime": 92577,
      "usertime": 3802241
     },
     "947341956": {
      "maxRSS": 192380,
      "systemtime": 92577,
      "usertime": 3804240
     },
     "947344082": {
      "maxRSS": 192380,
      "systemtime": 92577,
      "usertime": 3808199
     },
     "947346184": {
      "maxRSS": 192380,
      "systemtime": 92577,
      "usertime": 3810215
     },
     "947348258": {
      "maxRSS": 192380,
      "systemtime": 92577,
      "usertime": 3812261
     },
     "947348435": {
      "maxRSS": 192380,
      "systemtime": 92577,
      "usertime": 3812492
     },
     "947348592": {
      "maxRSS": 192380,
      "systemtime": 92577,
      "usertime": 3812644
     },
     "947349713": {
      "maxRSS": 192380,
      "systemtime": 92577,
      "usertime": 3812658
     },
     "947350877": {
      "maxRSS": 192380,
      "systemtime": 92577,
      "usertime": 3814851
     },
     "947351979": {
      "maxRSS": 192380,
      "systemtime": 92578,
      "usertime": 3815833
     },
     "947353050": {
      "maxRSS": 192380,
      "systemtime": 92578,
      "usertime": 3816815
     },
     "947354144": {
      "maxRSS": 192380,
      "systemtime": 92578,
      "usertime": 3817875
     },
     "947355214": {
      "maxRSS": 192380,
      "systemtime": 92578,
      "usertime": 3819024
     },
     "947356282": {
      "maxRSS": 192380,
      "systemtime": 92578,
      "usertime": 3820106
     },
     "947357393": {
      "maxRSS": 192380,
      "systemtime": 92578,
      "usertime": 3821196
     },
     "947358513": {
      "maxRSS": 192380,
      "systemtime": 92578,
      "usertime": 3822015
     },
     "947359582": {
      "maxRSS": 192380,
      "systemtime": 92578,
      "usertime": 3822025
     },
     "947360691": {
      "maxRSS": 192380,
      "systemtime": 92578,
      "usertime": 3824105
     },
     "947361764": {
      "maxRSS": 192380,
      "systemtime": 92578,
      "usertime": 3825318
     },
     "947362863": {
      "maxRSS": 192380,
      "systemtime": 92578,
      "usertime": 3826051
     },
     "947363962": {
      "maxRSS": 192380,
      "systemtime": 92578,
      "usertime": 3827487
     },
     "947365038": {
      "maxRSS": 192380,
      "systemtime": 92578,
      "usertime": 3828321
     },
     "947366160": {
      "maxRSS": 192380,
      "systemtime": 92578,
      "usertime": 3829621
     },
     "947367265": {
      "maxRSS": 192380,
      "systemtime": 92578,
      "usertime": 3830657
     },
     "947368331": {
      "maxRSS": 192380,
      "systemtime": 92578,
      "usertime": 3831681
     },
     "947369443": {
      "maxRSS": 192380,
      "systemtime": 92578,
      "usertime": 3832673
     },
     "947370561": {
      "maxRSS": 192380,
      "systemtime": 92578,
      "usertime": 3833776
     },
     "947371631": {
      "maxRSS": 192380,
      "systemtime": 92578,
      "usertime": 3834683
     },
     "947372715": {
      "maxRSS": 192380,
      "systemtime": 92578,
      "usertime": 3835854
     },
     "947373784": {
      "maxRSS": 192636,
      "systemtime": 92578,
      "usertime": 3836553
     },
     "947374861": {
      "maxRSS": 192764,
      "systemtime": 92578,
      "usertime": 3837539
     },
     "947375973": {
      "maxRSS": 193020,
      "systemtime": 92578,
      "usertime": 3838981
     },
     "947377063": {
      "maxRSS": 193148,
      "systemtime": 92578,
      "usertime": 3839638
     },
     "947378138": {
      "maxRSS": 193404,
      "systemtime": 92578,
      "usertime": 3841203
     },
     "947379263": {
      "maxRSS": 193532,
      "systemtime": 92578,
      "usertime": 3842120
     },
     "947380330": {
      "maxRSS": 193788,
      "systemtime": 92578,
      "usertime": 3843060
     },
     "947381440": {
      "maxRSS": 193788,
      "systemtime": 92578,
      "usertime": 3843996
     },
     "947381949": {
      "maxRSS": 193788,
      "systemtime": 92599,
      "usertime": 3844898
     },
     "947383105": {
      "maxRSS": 193788,
      "systemtime": 92625,
      "usertime": 3845957
     },
     "947384202": {
      "maxRSS": 193788,
      "systemtime": 92625,
      "usertime": 3846930
     },
     "947385340": {
      "maxRSS": 193788,
      "systemtime": 92625,
      "usertime": 3848241
     },
     "947386453": {
      "maxRSS": 193788,
      "systemtime": 92625,
      "usertime": 3849204
     },
     "947387520": {
      "maxRSS": 193788,
      "systemtime": 92631,
      "usertime": 3850252
     },
     "947388619": {
      "maxRSS": 193788,
      "systemtime": 92631,
      "usertime": 3851061
     },
     "947389685": {
      "maxRSS": 193788,
      "systemtime": 92631,
      "usertime": 3852299
     },
     "947390785": {
      "maxRSS": 193788,
      "systemtime": 92631,
      "usertime": 3853402
     },
     "947391891": {
      "maxRSS": 193788,
      "systemtime": 92634,
      "usertime": 3854395
     },
     "947392985": {
      "maxRSS": 193788,
      "systemtime": 92634,
      "usertime": 3855297
     },
     "947394092": {
      "maxRSS": 193788,
      "systemtime": 92634,
      "usertime": 3856564
     },
     "947395168": {
      "maxRSS": 193788,
      "systemtime": 92634,
      "usertime": 3857632
     },
     "947396240": {
      "maxRSS": 193788,
      "systemtime": 92637,
      "usertime": 3858565
     },
     "947397344": {
      "maxRSS": 193788,
      "systemtime": 92665,
      "usertime": 3859727
     },
     "947398443": {
      "maxRSS": 193788,
      "systemtime": 92681,
      "usertime": 3860400
     },
     "947399532": {
      "maxRSS": 193788,
      "systemtime": 92704,
      "usertime": 3861352
     },
     "947400601": {
      "maxRSS": 193788,
      "systemtime": 92737,
      "usertime": 3862709
     },
     "947401713": {
      "maxRSS": 193788,
      "systemtime": 92763,
      "usertime": 3863815
     },
     "947402794": {
      "maxRSS": 193788,
      "systemtime": 92789,
      "usertime": 3864895
     },
     "947403873": {
      "maxRSS": 193788,
      "systemtime": 92810,
      "usertime": 3865742
     },
     "947404977": {
      "maxRSS": 193788,
      "systemtime": 92810,
      "usertime": 3866345
     },
     "947406070": {
      "maxRSS": 193788,
      "systemtime": 92810,
      "usertime": 3867820
     },
     "947407141": {
      "maxRSS": 193788,
      "systemtime": 92810,
      "usertime": 3868921
     },
     "947408215": {
      "maxRSS": 193788,
      "systemtime": 92810,
      "usertime": 3870069
     },
     "947409293": {
      "maxRSS": 193788,
      "systemtime": 92810,
      "usertime": 3870907
     },
     "947410403": {
      "maxRSS": 193788,
      "systemtime": 92810,
      "usertime": 3871894
     },
     "947411511": {
      "maxRSS": 193788,
      "systemtime": 92810,
      "usertime": 3871910
     },
     "947412665": {
      "maxRSS": 193788,
      "systemtime": 92810,
      "usertime": 3873925
     },
     "947413766": {
      "maxRSS": 193788,
      "systemtime": 92810,
      "usertime": 3873936
     },
     "947414870": {
      "maxRSS": 193788,
      "systemtime": 92810,
      "usertime": 3873949
     },
     "947415975": {
      "maxRSS": 193788,
      "systemtime": 92810,
      "usertime": 3873961
     },
     "947417121": {
      "maxRSS": 193788,
      "systemtime": 92810,
      "usertime": 3877981
     },
     "947418216": {
      "maxRSS": 193788,
      "systemtime": 92810,
      "usertime": 3880050
     },
     "947419345": {
      "maxRSS": 193788,
      "systemtime": 92810,
      "usertime": 3881110
     },
     "947420497": {
      "maxRSS": 193788,
      "systemtime": 92810,
      "usertime": 3881932
     },
     "947421659": {
      "maxRSS": 193788,
      "systemtime": 92810,
      "usertime": 3882685
     },
     "947422749": {
      "maxRSS": 193788,
      "systemtime": 92810,
      "usertime": 3884372
     },
     "947423824": {
      "maxRSS": 193788,
      "systemtime": 92810,
      "usertime": 3885510
     },
     "947424904": {
      "maxRSS": 193788,
      "systemtime": 92810,
      "usertime": 3886302
     },
     "947426036": {
      "maxRSS": 193788,
      "systemtime": 92810,
      "usertime": 3887624
     },
     "947427227": {
      "maxRSS": 193788,
      "systemtime": 92810,
      "usertime": 3888776
     },
     "947428313": {
      "maxRSS": 193788,
      "systemtime": 92810,
      "usertime": 3889634
     },
     "947429422": {
      "maxRSS": 193788,
      "systemtime": 92810,
      "usertime": 3891021
     },
     "947430536": {
      "maxRSS": 193788,
      "systemtime": 92810,
      "usertime": 3892052
     },
     "947431639": {
      "maxRSS": 193788,
      "systemtime": 92810,
      "usertime": 3892689
     },
     "947432754": {
      "maxRSS": 193788,
      "systemtime": 92810,
      "usertime": 3894219
     },
     "947433867": {
      "maxRSS": 193788,
      "systemtime": 92810,
      "usertime": 3895247
     },
     "947434994": {
      "maxRSS": 193788,
      "systemtime": 92810,
      "usertime": 3896275
     },
     "947436064": {
      "maxRSS": 193788,
      "systemtime": 92810,
      "usertime": 3897482
     },
     "947437182": {
      "maxRSS": 193788,
      "systemtime": 92810,
      "usertime": 3898531
     },
     "947438313": {
      "maxRSS": 193788,
      "systemtime": 92810,
      "usertime": 3899527
     },
     "947439407": {
      "maxRSS": 193788,
      "systemtime": 92810,
      "usertime": 3900630
     },
     "947440540": {
      "maxRSS": 193788,
      "systemtime": 92810,
      "usertime": 3901705
     },
     "947441620": {
      "maxRSS": 193788,
      "systemtime": 92810,
      "usertime": 3902767
     },
     "947442704": {
      "maxRSS": 193788,
      "systemtime": 92810,
      "usertime": 3903923
     },
     "947443825": {
      "maxRSS": 193788,
      "systemtime": 92810,
      "usertime": 3904879
     },
     "947444934": {
      "maxRSS": 193788,
      "systemtime": 92810,
      "usertime": 3905921
     },
     "947446039": {
      "maxRSS": 193788,
      "systemtime": 92810,
      "usertime": 3907022
     },
     "947447170": {
      "maxRSS": 193788,
      "systemtime": 92810,
      "usertime": 3908039
     },
     "947448252": {
      "maxRSS": 193788,
      "systemtime": 92810,
      "usertime": 3909123
     },
     "947449341": {
      "maxRSS": 193788,
      "systemtime": 92810,
      "usertime": 3910017
     },
     "947450421": {
      "maxRSS": 193788,
      "systemtime": 92832,
      "usertime": 3911085
     },
     "947451604": {
      "maxRSS": 193788,
      "systemtime": 92852,
      "usertime": 3911930
     },
     "947452720": {
      "maxRSS": 193788,
      "systemtime": 92852,
      "usertime": 3913537
     },
     "947453849": {
      "maxRSS": 193788,
      "systemtime": 92852,
      "usertime": 3914481
     },
     "947454950": {
      "maxRSS": 193788,
      "systemtime": 92852,
      "usertime": 3915684
     },
     "947456022": {
      "maxRSS": 193788,
      "systemtime": 92852,
      "usertime": 3916782
     },
     "947457096": {
      "maxRSS": 193788,
      "systemtime": 92852,
      "usertime": 3917659
     },
     "947458171": {
      "maxRSS": 193788,
      "systemtime": 92852,
      "usertime": 3918713
     },
     "947459251": {
      "maxRSS": 193788,
      "systemtime": 92852,
      "usertime": 3919804
     },
     "947460441": {
      "maxRSS": 193788,
      "systemtime": 92852,
      "usertime": 3921007
     },
     "947461648": {
      "maxRSS": 193788,
      "systemtime": 92852,
      "usertime": 3922149
     },
     "947462834": {
      "maxRSS": 193788,
      "systemtime": 92852,
      "usertime": 3923336
     },
     "947463906": {
      "maxRSS": 193788,
      "systemtime": 92857,
      "usertime": 3924249
     },
     "947465030": {
      "maxRSS": 193788,
      "systemtime": 92857,
      "usertime": 3925445
     },
     "947466100": {
      "maxRSS": 193788,
      "systemtime": 92857,
      "usertime": 3926442
     },
     "947467203": {
      "maxRSS": 193788,
      "systemtime": 92857,
      "usertime": 3927511
     },
     "947468298": {
      "maxRSS": 193788,
      "systemtime": 92857,
      "usertime": 3928563
     },
     "947469404": {
      "maxRSS": 193788,
      "systemtime": 92857,
      "usertime": 3929337
     },
     "947470506": {
      "maxRSS": 193788,
      "systemtime": 92857,
      "usertime": 3930558
     },
     "947471632": {
      "maxRSS": 193788,
      "systemtime": 92857,
      "usertime": 3931516
     },
     "947472705": {
      "maxRSS": 193788,
      "systemtime": 92857,
      "usertime": 3932720
     },
     "947473813": {
      "maxRSS": 193788,
      "systemtime": 92857,
      "usertime": 3933432
     },
     "947474892": {
      "maxRSS": 193788,
      "systemtime": 92857,
      "usertime": 3934883
     },
     "947475969": {
      "maxRSS": 193788,
      "systemtime": 92857,
      "usertime": 3935965
     },
     "947477046": {
      "maxRSS": 193788,
      "systemtime": 92857,
      "usertime": 3936744
     },
     "947478115": {
      "maxRSS": 193788,
      "systemtime": 92857,
      "usertime": 3937899
     },
     "947479228": {
      "maxRSS": 193788,
      "systemtime": 92857,
      "usertime": 3938865
     },
     "947480303": {
      "maxRSS": 193788,
      "systemtime": 92857,
      "usertime": 3940139
     },
     "947481439": {
      "maxRSS": 193788,
      "systemtime": 92857,
      "usertime": 3941237
     },
     "947482560": {
      "maxRSS": 193788,
      "systemtime": 92857,
      "usertime": 3942367
     },
     "947483626": {
      "maxRSS": 193788,
      "systemtime": 92857,
      "usertime": 3943199
     },
     "947484705": {
      "maxRSS": 193788,
      "systemtime": 92857,
      "usertime": 3944124
     },
     "947485789": {
      "maxRSS": 193788,
      "systemtime": 92857,
      "usertime": 3945338
     },
     "947486896": {
      "maxRSS": 193788,
      "systemtime": 92857,
      "usertime": 3946392
     },
     "947487981": {
      "maxRSS": 193788,
      "systemtime": 92857,
      "usertime": 3946409
     },
     "947489154": {
      "maxRSS": 193788,
      "systemtime": 94155,
      "usertime": 3946409
     },
     "947490345": {
      "maxRSS": 193788,
      "systemtime": 96306,
      "usertime": 3946409
     },
     "947491446": {
      "maxRSS": 193788,
      "systemtime": 96317,
      "usertime": 3946409
     },
     "947492592": {
      "maxRSS": 193788,
      "systemtime": 96682,
      "usertime": 3947872
     },
     "947493426": {
      "maxRSS": 193788,
      "systemtime": 96715,
      "usertime": 3949202
     },
     "947494511": {
      "maxRSS": 193788,
      "systemtime": 96734,
      "usertime": 3949978
     },
     "947495602": {
      "maxRSS": 193788,
      "systemtime": 96763,
      "usertime": 3951185
     },
     "947496670": {
      "maxRSS": 193788,
      "systemtime": 96763,
      "usertime": 3952275
     },
     "947497736": {
      "maxRSS": 193788,
      "systemtime": 96763,
      "usertime": 3953311
     },
     "947498843": {
      "maxRSS": 193788,
      "systemtime": 96763,
      "usertime": 3954330
     },
     "947499926": {
      "maxRSS": 193788,
      "systemtime": 96763,
      "usertime": 3955168
     },
     "947501023": {
      "maxRSS": 193788,
      "systemtime": 96763,
      "usertime": 3956377
     },
     "947502159": {
      "maxRSS": 193788,
      "systemtime": 96763,
      "usertime": 3957164
     },
     "947503292": {
      "maxRSS": 193788,
      "systemtime": 96763,
      "usertime": 3958307
     },
     "947504377": {
      "maxRSS": 193788,
      "systemtime": 96763,
      "usertime": 3959452
     },
     "947505475": {
      "maxRSS": 193788,
      "systemtime": 96763,
      "usertime": 3959470
     },
     "947506579": {
      "maxRSS": 193788,
      "systemtime": 96763,
      "usertime": 3961956
     },
     "947507788": {
      "maxRSS": 193788,
      "systemtime": 96763,
      "usertime": 3963154
     },
     "947508878": {
      "maxRSS": 193788,
      "systemtime": 96763,
      "usertime": 3964108
     },
     "947509981": {
      "maxRSS": 193788,
      "systemtime": 96763,
      "usertime": 3964924
     },
     "947511063": {
      "maxRSS": 193788,
      "systemtime": 96763,
      "usertime": 3965880
     },
     "947512145": {
      "maxRSS": 193788,
      "systemtime": 96763,
      "usertime": 3967284
     },
     "947513216": {
      "maxRSS": 193788,
      "systemtime": 96763,
      "usertime": 3968143
     },
     "947514287": {
      "maxRSS": 193788,
      "systemtime": 96763,
      "usertime": 3969176
     },
     "947515389": {
      "maxRSS": 193788,
      "systemtime": 96763,
      "usertime": 3969592
     },
     "947516515": {
      "maxRSS": 194044,
      "systemtime": 96763,
      "usertime": 3971143
     },
     "947517591": {
      "maxRSS": 194172,
      "systemtime": 96796,
      "usertime": 3972674
     },
     "947518672": {
      "maxRSS": 194300,
      "systemtime": 96820,
      "usertime": 3973690
     },
     "947519749": {
      "maxRSS": 194428,
      "systemtime": 96844,
      "usertime": 3974643
     },
     "947519854": {
      "maxRSS": 194428,
      "systemtime": 96847,
      "usertime": 3974798
     },
     "947520932": {
      "maxRSS": 194428,
      "systemtime": 96847,
      "usertime": 3975803
     },
     "947522023": {
      "maxRSS": 194428,
      "systemtime": 96847,
      "usertime": 3976827
     },
     "947523091": {
      "maxRSS": 194428,
      "systemtime": 96847,
      "usertime": 3977794
     },
     "947524159": {
      "maxRSS": 194428,
      "systemtime": 96847,
      "usertime": 3978774
     },
     "947525261": {
      "maxRSS": 194428,
      "systemtime": 96847,
      "usertime": 3979430
     },
     "947526358": {
      "maxRSS": 194428,
      "systemtime": 96847,
      "usertime": 3980951
     },
     "947527460": {
      "maxRSS": 194428,
      "systemtime": 96847,
      "usertime": 3981919
     },
     "947528659": {
      "maxRSS": 194428,
      "systemtime": 96847,
      "usertime": 3983194
     },
     "947529835": {
      "maxRSS": 194428,
      "systemtime": 96847,
      "usertime": 3983728
     },
     "947531011": {
      "maxRSS": 194428,
      "systemtime": 96847,
      "usertime": 3985417
     },
     "947532139": {
      "maxRSS": 194428,
      "systemtime": 96847,
      "usertime": 3986664
     },
     "947533232": {
      "maxRSS": 194428,
      "systemtime": 96847,
      "usertime": 3987829
     },
     "947534308": {
      "maxRSS": 194428,
      "systemtime": 96847,
      "usertime": 3988301
     },
     "947535409": {
      "maxRSS": 194428,
      "systemtime": 96847,
      "usertime": 3988312
     },
     "947536582": {
      "maxRSS": 194428,
      "systemtime": 96847,
      "usertime": 3990670
     },
     "947537688": {
      "maxRSS": 194428,
      "systemtime": 96847,
      "usertime": 3990682
     },
     "947538800": {
      "maxRSS": 194428,
      "systemtime": 96847,
      "usertime": 3990702
     },
     "947539900": {
      "maxRSS": 194428,
      "systemtime": 96847,
      "usertime": 3990714
     },
     "947541001": {
      "maxRSS": 194428,
      "systemtime": 96847,
      "usertime": 3994723
     },
     "947542094": {
      "maxRSS": 194428,
      "systemtime": 96847,
      "usertime": 3996650
     },
     "947543229": {
      "maxRSS": 194428,
      "systemtime": 96847,
      "usertime": 3997424
     },
     "947544362": {
      "maxRSS": 194428,
      "systemtime": 96847,
      "usertime": 3998637
     },
     "947545560": {
      "maxRSS": 194428,
      "systemtime": 96847,
      "usertime": 3998663
     },
     "947546667": {
      "maxRSS": 194428,
      "systemtime": 96847,
      "usertime": 3998676
     },
     "947547794": {
      "maxRSS": 194428,
      "systemtime": 96847,
      "usertime": 3998691
     },
     "947548907": {
      "maxRSS": 194428,
      "systemtime": 96847,
      "usertime": 4002721
     },
     "947550046": {
      "maxRSS": 194556,
      "systemtime": 96847,
      "usertime": 4002768
     },
     "947551184": {
      "maxRSS": 194556,
      "systemtime": 96847,
      "usertime": 4005795
     },
     "947552269": {
      "maxRSS": 194556,
      "systemtime": 96847,
      "usertime": 4006945
     },
     "947553384": {
      "maxRSS": 194556,
      "systemtime": 96847,
      "usertime": 4008045
     },
     "947554555": {
      "maxRSS": 194556,
      "systemtime": 96847,
      "usertime": 4009166
     },
     "947555683": {
      "maxRSS": 194556,
      "systemtime": 96847,
      "usertime": 4009547
     },
     "947556897": {
      "maxRSS": 194556,
      "systemtime": 96847,
      "usertime": 4011127
     },
     "947558077": {
      "maxRSS": 194556,
      "systemtime": 96847,
      "usertime": 4011146
     },
     "947559191": {
      "maxRSS": 194556,
      "systemtime": 96847,
      "usertime": 4011166
     },
     "947560274": {
      "maxRSS": 194556,
      "systemtime": 96847,
      "usertime": 4014669
     },
     "947561350": {
      "maxRSS": 194556,
      "systemtime": 96860,
      "usertime": 4015663
     },
     "947562415": {
      "maxRSS": 194556,
      "systemtime": 96885,
      "usertime": 4016720
     },
     "947563490": {
      "maxRSS": 194556,
      "systemtime": 96910,
      "usertime": 4017764
     },
     "947564649": {
      "maxRSS": 194556,
      "systemtime": 96910,
      "usertime": 4018753
     },
     "947565759": {
      "maxRSS": 194556,
      "systemtime": 96910,
      "usertime": 4020017
     },
     "947566839": {
      "maxRSS": 194556,
      "systemtime": 96910,
      "usertime": 4021060
     },
     "947567972": {
      "maxRSS": 194556,
      "systemtime": 96912,
      "usertime": 4021878
     },
     "947569048": {
      "maxRSS": 194556,
      "systemtime": 96912,
      "usertime": 4023314
     },
     "947570149": {
      "maxRSS": 194556,
      "systemtime": 96912,
      "usertime": 4023698
     },
     "947571269": {
      "maxRSS": 194556,
      "systemtime": 96912,
      "usertime": 4023724
     },
     "947572342": {
      "maxRSS": 194556,
      "systemtime": 96912,
      "usertime": 4026286
     },
     "947573420": {
      "maxRSS": 194556,
      "systemtime": 96912,
      "usertime": 4026300
     },
     "947574493": {
      "maxRSS": 194556,
      "systemtime": 96912,
      "usertime": 4028658
     },
     "947575563": {
      "maxRSS": 194556,
      "systemtime": 96912,
      "usertime": 4029471
     },
     "947576645": {
      "maxRSS": 194556,
      "systemtime": 96912,
      "usertime": 4030786
     },
     "947577782": {
      "maxRSS": 194556,
      "systemtime": 96912,
      "usertime": 4031839
     },
     "947578861": {
      "maxRSS": 194556,
      "systemtime": 96912,
      "usertime": 4032645
     },
     "947579930": {
      "maxRSS": 194556,
      "systemtime": 96912,
      "usertime": 4033897
     },
     "947580999": {
      "maxRSS": 194556,
      "systemtime": 96912,
      "usertime": 4034934
     },
     "947582070": {
      "maxRSS": 194556,
      "systemtime": 96912,
      "usertime": 4035924
     },
     "947583138": {
      "maxRSS": 194556,
      "systemtime": 96912,
      "usertime": 4036996
     },
     "947584228": {
      "maxRSS": 194556,
      "systemtime": 96912,
      "usertime": 4038011
     },
     "947585335": {
      "maxRSS": 194556,
      "systemtime": 96912,
      "usertime": 4039056
     },
     "947586438": {
      "maxRSS": 194556,
      "systemtime": 96912,
      "usertime": 4040074
     },
     "947587505": {
      "maxRSS": 194556,
      "systemtime": 96912,
      "usertime": 4041096
     },
     "947588579": {
      "maxRSS": 194556,
      "systemtime": 96912,
      "usertime": 4042020
     },
     "947589651": {
      "maxRSS": 194556,
      "systemtime": 96912,
      "usertime": 4043204
     },
     "947590754": {
      "maxRSS": 194556,
      "systemtime": 96912,
      "usertime": 4044008
     },
     "947591866": {
      "maxRSS": 194556,
      "systemtime": 96912,
      "usertime": 4044869
     },
     "947592962": {
      "maxRSS": 194556,
      "systemtime": 96912,
      "usertime": 4046241
     },
     "947594073": {
      "maxRSS": 194556,
      "systemtime": 96912,
      "usertime": 4047296
     },
     "947595152": {
      "maxRSS": 194556,
      "systemtime": 96912,
      "usertime": 4048442
     },
     "947596227": {
      "maxRSS": 194556,
      "systemtime": 96912,
      "usertime": 4049669
     },
     "947597328": {
      "maxRSS": 194556,
      "systemtime": 96912,
      "usertime": 4050802
     },
     "947598435": {
      "maxRSS": 194556,
      "systemtime": 96912,
      "usertime": 4050841
     },
     "947599520": {
      "maxRSS": 194556,
      "systemtime": 96912,
      "usertime": 4053050
     },
     "947599629": {
      "maxRSS": 194556,
      "systemtime": 96912,
      "usertime": 4053229
     },
     "947599700": {
      "maxRSS": 194556,
      "systemtime": 96912,
      "usertime": 4053298
     },
     "947600817": {
      "maxRSS": 194556,
      "systemtime": 96912,
      "usertime": 4054430
     },
     "947601900": {
      "maxRSS": 194556,
      "systemtime": 96912,
      "usertime": 4054899
     },
     "947603036": {
      "maxRSS": 194556,
      "systemtime": 96912,
      "usertime": 4056437
     },
     "947604108": {
      "maxRSS": 194556,
      "systemtime": 96912,
      "usertime": 4057600
     },
     "947605211": {
      "maxRSS": 194556,
      "systemtime": 96912,
      "usertime": 4058513
     },
     "947606280": {
      "maxRSS": 194556,
      "systemtime": 96912,
      "usertime": 4059521
     },
     "947607390": {
      "maxRSS": 194556,
      "systemtime": 96912,
      "usertime": 4060533
     },
     "947608481": {
      "maxRSS": 194556,
      "systemtime": 96912,
      "usertime": 4061750
     },
     "947609611": {
      "maxRSS": 194556,
      "systemtime": 96912,
      "usertime": 4062859
     },
     "947610712": {
      "maxRSS": 194556,
      "systemtime": 96912,
      "usertime": 4063534
     },
     "947611814": {
      "maxRSS": 194556,
      "systemtime": 96912,
      "usertime": 4064947
     },
     "947612886": {
      "maxRSS": 194556,
      "systemtime": 96912,
      "usertime": 4065909
     },
     "947613984": {
      "maxRSS": 194556,
      "systemtime": 96912,
      "usertime": 4067056
     },
     "947615087": {
      "maxRSS": 194556,
      "systemtime": 96912,
      "usertime": 4067913
     },
     "947616237": {
      "maxRSS": 194556,
      "systemtime": 96912,
      "usertime": 4069135
     },
     "947617414": {
      "maxRSS": 194556,
      "systemtime": 96912,
      "usertime": 4069986
     },
     "947618498": {
      "maxRSS": 194556,
      "systemtime": 96912,
      "usertime": 4071400
     },
     "947619579": {
      "maxRSS": 194684,
      "systemtime": 96912,
      "usertime": 4072363
     },
     "947619725": {
      "maxRSS": 194684,
      "systemtime": 96912,
      "usertime": 4072608
     },
     "947620792": {
      "maxRSS": 194684,
      "systemtime": 97815,
      "usertime": 4072608
     },
     "947621857": {
      "maxRSS": 194684,
      "systemtime": 98694,
      "usertime": 4072608
     },
     "947622955": {
      "maxRSS": 194684,
      "systemtime": 99890,
      "usertime": 4072608
     },
     "947624018": {
      "maxRSS": 194684,
      "systemtime": 100811,
      "usertime": 4072803
     },
     "947625083": {
      "maxRSS": 194684,
      "systemtime": 100833,
      "usertime": 4073679
     },
     "947626163": {
      "maxRSS": 194684,
      "systemtime": 100860,
      "usertime": 4074772
     },
     "947627288": {
      "maxRSS": 194684,
      "systemtime": 100888,
      "usertime": 4075887
     },
     "947628521": {
      "maxRSS": 194684,
      "systemtime": 100888,
      "usertime": 4077078
     },
     "947629602": {
      "maxRSS": 194684,
      "systemtime": 100888,
      "usertime": 4078047
     },
     "947630730": {
      "maxRSS": 194684,
      "systemtime": 100888,
      "usertime": 4079089
     },
     "947631902": {
      "maxRSS": 194684,
      "systemtime": 100896,
      "usertime": 4080247
     },
     "947632971": {
      "maxRSS": 194684,
      "systemtime": 100896,
      "usertime": 4081175
     },
     "947634037": {
      "maxRSS": 194684,
      "systemtime": 100896,
      "usertime": 4082217
     },
     "947635102": {
      "maxRSS": 194684,
      "systemtime": 100896,
      "usertime": 4083226
     },
     "947636185": {
      "maxRSS": 194684,
      "systemtime": 100896,
      "usertime": 4084351
     },
     "947637286": {
      "maxRSS": 194684,
      "systemtime": 100896,
      "usertime": 4085458
     },
     "947638361": {
      "maxRSS": 194684,
      "systemtime": 100896,
      "usertime": 4086395
     },
     "947639441": {
      "maxRSS": 194684,
      "systemtime": 100896,
      "usertime": 4087325
     },
     "947640539": {
      "maxRSS": 194684,
      "systemtime": 100896,
      "usertime": 4088235
     },
     "947641625": {
      "maxRSS": 194684,
      "systemtime": 100896,
      "usertime": 4088508
     },
     "947642719": {
      "maxRSS": 194684,
      "systemtime": 100896,
      "usertime": 4088528
     },
     "947643817": {
      "maxRSS": 194684,
      "systemtime": 100896,
      "usertime": 4088564
     },
     "947644952": {
      "maxRSS": 194684,
      "systemtime": 100896,
      "usertime": 4092184
     },
     "947646074": {
      "maxRSS": 194684,
      "systemtime": 100896,
      "usertime": 4092212
     },
     "947647184": {
      "maxRSS": 194684,
      "systemtime": 100896,
      "usertime": 4092223
     },
     "947648258": {
      "maxRSS": 194684,
      "systemtime": 100896,
      "usertime": 4092234
     },
     "947649364": {
      "maxRSS": 194684,
      "systemtime": 104849,
      "usertime": 4093149
     },
     "947650479": {
      "maxRSS": 194684,
      "systemtime": 104870,
      "usertime": 4093987
     },
     "947651648": {
      "maxRSS": 194684,
      "systemtime": 104904,
      "usertime": 4095311
     },
     "947652734": {
      "maxRSS": 194684,
      "systemtime": 104904,
      "usertime": 4096178
     },
     "947653818": {
      "maxRSS": 194684,
      "systemtime": 104904,
      "usertime": 4097440
     },
     "947655241": {
      "maxRSS": 194684,
      "systemtime": 104904,
      "usertime": 4098762
     },
     "947656365": {
      "maxRSS": 194684,
      "systemtime": 104904,
      "usertime": 4099685
     },
     "947657552": {
      "maxRSS": 194684,
      "systemtime": 104904,
      "usertime": 4101162
     },
     "947658839": {
      "maxRSS": 194684,
      "systemtime": 104904,
      "usertime": 4102145
     },
     "947660018": {
      "maxRSS": 194684,
      "systemtime": 104904,
      "usertime": 4103572
     },
     "947661093": {
      "maxRSS": 194684,
      "systemtime": 104904,
      "usertime": 4104480
     },
     "947662163": {
      "maxRSS": 194684,
      "systemtime": 104904,
      "usertime": 4105566
     },
     "947663276": {
      "maxRSS": 194684,
      "systemtime": 104904,
      "usertime": 4106686
     },
     "947664367": {
      "maxRSS": 194684,
      "systemtime": 104904,
      "usertime": 4107764
     },
     "947665434": {
      "maxRSS": 194684,
      "systemtime": 104904,
      "usertime": 4108695
     },
     "947666502": {
      "maxRSS": 194684,
      "systemtime": 104904,
      "usertime": 4109699
     },
     "947667580": {
      "maxRSS": 194684,
      "systemtime": 104904,
      "usertime": 4110866
     },
     "947668666": {
      "maxRSS": 194684,
      "systemtime": 104904,
      "usertime": 4111884
     },
     "947669738": {
      "maxRSS": 194684,
      "systemtime": 104904,
      "usertime": 4112933
     },
     "947670803": {
      "maxRSS": 194684,
      "systemtime": 104904,
      "usertime": 4113876
     },
     "947671883": {
      "maxRSS": 194684,
      "systemtime": 104904,
      "usertime": 4114672
     },
     "947672951": {
      "maxRSS": 194684,
      "systemtime": 104904,
      "usertime": 4115770
     },
     "947674018": {
      "maxRSS": 194684,
      "systemtime": 104904,
      "usertime": 4117014
     },
     "947675156": {
      "maxRSS": 194684,
      "systemtime": 104904,
      "usertime": 4117944
     },
     "947676233": {
      "maxRSS": 194684,
      "systemtime": 104904,
      "usertime": 4119159
     },
     "947677337": {
      "maxRSS": 194684,
      "systemtime": 104904,
      "usertime": 4120083
     },
     "947678462": {
      "maxRSS": 194684,
      "systemtime": 104904,
      "usertime": 4121011
     },
     "947679570": {
      "maxRSS": 194684,
      "systemtime": 104904,
      "usertime": 4122291
     },
     "947680685": {
      "maxRSS": 194684,
      "systemtime": 104904,
      "usertime": 4123105
     },
     "947681795": {
      "maxRSS": 194684,
      "systemtime": 104904,
      "usertime": 4124475
     },
     "947682896": {
      "maxRSS": 194684,
      "systemtime": 104904,
      "usertime": 4125516
     },
     "947683962": {
      "maxRSS": 194684,
      "systemtime": 104904,
      "usertime": 4126452
     },
     "947685042": {
      "maxRSS": 194684,
      "systemtime": 104904,
      "usertime": 4127527
     },
     "947685410": {
      "maxRSS": 194684,
      "systemtime": 104904,
      "usertime": 4127990
     },
     "947686520": {
      "maxRSS": 194684,
      "systemtime": 104904,
      "usertime": 4128992
     },
     "947687602": {
      "maxRSS": 194684,
      "systemtime": 104904,
      "usertime": 4130001
     },
     "947688713": {
      "maxRSS": 194684,
      "systemtime": 104904,
      "usertime": 4131048
     },
     "947689839": {
      "maxRSS": 194684,
      "systemtime": 104904,
      "usertime": 4131988
     },
     "947690966": {
      "maxRSS": 194684,
      "systemtime": 104904,
      "usertime": 4132724
     },
     "947692065": {
      "maxRSS": 194684,
      "systemtime": 104904,
      "usertime": 4134078
     },
     "947693146": {
      "maxRSS": 194684,
      "systemtime": 104904,
      "usertime": 4135012
     },
     "947694226": {
      "maxRSS": 194684,
      "systemtime": 104914,
      "usertime": 4136050
     },
     "947695360": {
      "maxRSS": 194684,
      "systemtime": 104941,
      "usertime": 4137117
     },
     "947696456": {
      "maxRSS": 194684,
      "systemtime": 104941,
      "usertime": 4138107
     },
     "947697564": {
      "maxRSS": 194684,
      "systemtime": 104941,
      "usertime": 4139080
     },
     "947698684": {
      "maxRSS": 194684,
      "systemtime": 104941,
      "usertime": 4140106
     },
     "947699780": {
      "maxRSS": 194684,
      "systemtime": 104941,
      "usertime": 4141118
     },
     "947700866": {
      "maxRSS": 194684,
      "systemtime": 104941,
      "usertime": 4142107
     },
     "947701797": {
      "maxRSS": 194684,
      "systemtime": 104941,
      "usertime": 4143006
     },
     "947702880": {
      "maxRSS": 194684,
      "systemtime": 104941,
      "usertime": 4144008
     },
     "947703962": {
      "maxRSS": 194684,
      "systemtime": 104941,
      "usertime": 4145021
     },
     "947705107": {
      "maxRSS": 194684,
      "systemtime": 106083,
      "usertime": 4145021
     },
     "947706241": {
      "maxRSS": 194684,
      "systemtime": 107065,
      "usertime": 4145021
     },
     "947707350": {
      "maxRSS": 194684,
      "systemtime": 108137,
      "usertime": 4145021
     },
     "947708470": {
      "maxRSS": 194684,
      "systemtime": 108874,
      "usertime": 4145293
     },
     "947709557": {
      "maxRSS": 194684,
      "systemtime": 108899,
      "usertime": 4146236
     },
     "947710639": {
      "maxRSS": 194684,
      "systemtime": 108923,
      "usertime": 4147163
     },
     "947711744": {
      "maxRSS": 194684,
      "systemtime": 108947,
      "usertime": 4148057
     },
     "947712846": {
      "maxRSS": 194684,
      "systemtime": 108947,
      "usertime": 4149121
     },
     "947713945": {
      "maxRSS": 194684,
      "systemtime": 108947,
      "usertime": 4150164
     },
     "947715051": {
      "maxRSS": 194684,
      "systemtime": 108947,
      "usertime": 4151184
     },
     "947716167": {
      "maxRSS": 194684,
      "systemtime": 109864,
      "usertime": 4151184
     },
     "947717265": {
      "maxRSS": 194684,
      "systemtime": 110969,
      "usertime": 4151184
     },
     "947718362": {
      "maxRSS": 194684,
      "systemtime": 111981,
      "usertime": 4151184
     },
     "947719448": {
      "maxRSS": 194684,
      "systemtime": 112959,
      "usertime": 4151266
     },
     "947720566": {
      "maxRSS": 194684,
      "systemtime": 112959,
      "usertime": 4152096
     },
     "947721683": {
      "maxRSS": 194684,
      "systemtime": 112959,
      "usertime": 4153371
     },
     "947722754": {
      "maxRSS": 194684,
      "systemtime": 112959,
      "usertime": 4154316
     },
     "947723829": {
      "maxRSS": 194684,
      "systemtime": 112959,
      "usertime": 4155198
     },
     "947724951": {
      "maxRSS": 194684,
      "systemtime": 112959,
      "usertime": 4156538
     },
     "947726027": {
      "maxRSS": 194684,
      "systemtime": 112959,
      "usertime": 4157523
     },
     "947727137": {
      "maxRSS": 194684,
      "systemtime": 112959,
      "usertime": 4158521
     },
     "947728213": {
      "maxRSS": 194684,
      "systemtime": 112959,
      "usertime": 4159646
     },
     "947729286": {
      "maxRSS": 194684,
      "systemtime": 112959,
      "usertime": 4160612
     },
     "947730352": {
      "maxRSS": 194684,
      "systemtime": 112959,
      "usertime": 4161581
     },
     "947731417": {
      "maxRSS": 194684,
      "systemtime": 112959,
      "usertime": 4162701
     },
     "947732529": {
      "maxRSS": 194684,
      "systemtime": 112959,
      "usertime": 4163805
     },
     "947733595": {
      "maxRSS": 194684,
      "systemtime": 112959,
      "usertime": 4164776
     },
     "947734701": {
      "maxRSS": 194684,
      "systemtime": 112959,
      "usertime": 4165894
     },
     "947735770": {
      "maxRSS": 194684,
      "systemtime": 112959,
      "usertime": 4166803
     },
     "947736868": {
      "maxRSS": 194684,
      "systemtime": 112959,
      "usertime": 4167900
     },
     "947737964": {
      "maxRSS": 194684,
      "systemtime": 112959,
      "usertime": 4169049
     },
     "947739076": {
      "maxRSS": 194684,
      "systemtime": 112959,
      "usertime": 4170058
     },
     "947740150": {
      "maxRSS": 194684,
      "systemtime": 112959,
      "usertime": 4171147
     },
     "947741253": {
      "maxRSS": 194684,
      "systemtime": 112959,
      "usertime": 4171999
     },
     "947742333": {
      "maxRSS": 194684,
      "systemtime": 112959,
      "usertime": 4172010
     },
     "947743526": {
      "maxRSS": 194684,
      "systemtime": 112959,
      "usertime": 4172029
     },
     "947744517": {
      "maxRSS": 194684,
      "systemtime": 112959,
      "usertime": 4175494
     },
     "947745659": {
      "maxRSS": 194684,
      "systemtime": 112959,
      "usertime": 4176258
     },
     "947746739": {
      "maxRSS": 194684,
      "systemtime": 112959,
      "usertime": 4177391
     },
     "947747812": {
      "maxRSS": 194684,
      "systemtime": 112959,
      "usertime": 4178708
     },
     "947748888": {
      "maxRSS": 194684,
      "systemtime": 112959,
      "usertime": 4179666
     },
     "947749971": {
      "maxRSS": 194684,
      "systemtime": 112959,
      "usertime": 4180579
     },
     "947751048": {
      "maxRSS": 194684,
      "systemtime": 112959,
      "usertime": 4181670
     },
     "947752133": {
      "maxRSS": 194684,
      "systemtime": 112959,
      "usertime": 4182759
     },
     "947753238": {
      "maxRSS": 194684,
      "systemtime": 112959,
      "usertime": 4183814
     },
     "947754346": {
      "maxRSS": 194684,
      "systemtime": 112959,
      "usertime": 4183827
     },
     "947755454": {
      "maxRSS": 194684,
      "systemtime": 112959,
      "usertime": 4185601
     },
     "947756078": {
      "maxRSS": 194812,
      "systemtime": 112959,
      "usertime": 4186786
     },
     "947757161": {
      "maxRSS": 194812,
      "systemtime": 112959,
      "usertime": 4186802
     },
     "947758283": {
      "maxRSS": 194812,
      "systemtime": 112959,
      "usertime": 4188778
     },
     "947759384": {
      "maxRSS": 194812,
      "systemtime": 112959,
      "usertime": 4188811
     },
     "947760505": {
      "maxRSS": 194812,
      "systemtime": 112959,
      "usertime": 4190724
     },
     "947761596": {
      "maxRSS": 194812,
      "systemtime": 112959,
      "usertime": 4190742
     },
     "947762706": {
      "maxRSS": 194812,
      "systemtime": 112959,
      "usertime": 4190755
     },
     "947763780": {
      "maxRSS": 194812,
      "systemtime": 112959,
      "usertime": 4194220
     },
     "947764892": {
      "maxRSS": 194812,
      "systemtime": 112959,
      "usertime": 4195459
     },
     "947765997": {
      "maxRSS": 194940,
      "systemtime": 112959,
      "usertime": 4196525
     },
     "947767120": {
      "maxRSS": 194940,
      "systemtime": 112959,
      "usertime": 4197335
     },
     "947768199": {
      "maxRSS": 194940,
      "systemtime": 112959,
      "usertime": 4198718
     },
     "947769307": {
      "maxRSS": 194940,
      "systemtime": 112959,
      "usertime": 4199275
     },
     "947770373": {
      "maxRSS": 194940,
      "systemtime": 112959,
      "usertime": 4200771
     },
     "947771514": {
      "maxRSS": 194940,
      "systemtime": 112959,
      "usertime": 4200787
     },
     "947772677": {
      "maxRSS": 194940,
      "systemtime": 112959,
      "usertime": 4202937
     },
     "947773743": {
      "maxRSS": 194940,
      "systemtime": 112959,
      "usertime": 4204286
     },
     "947774809": {
      "maxRSS": 194940,
      "systemtime": 112959,
      "usertime": 4205286
     },
     "947775892": {
      "maxRSS": 194940,
      "systemtime": 112959,
      "usertime": 4206456
     },
     "947776972": {
      "maxRSS": 194940,
      "systemtime": 112959,
      "usertime": 4207314
     },
     "947778044": {
      "maxRSS": 194940,
      "systemtime": 112959,
      "usertime": 4208060
     },
     "947779129": {
      "maxRSS": 194940,
      "systemtime": 112959,
      "usertime": 4209717
     },
     "947780200": {
      "maxRSS": 194940,
      "systemtime": 112959,
      "usertime": 4210613
     },
     "947781311": {
      "maxRSS": 194940,
      "systemtime": 112959,
      "usertime": 4211240
     },
     "947782377": {
      "maxRSS": 194940,
      "systemtime": 112959,
      "usertime": 4212689
     },
     "947783443": {
      "maxRSS": 194940,
      "systemtime": 112959,
      "usertime": 4213869
     },
     "947784513": {
      "maxRSS": 194940,
      "systemtime": 112959,
      "usertime": 4214886
     },
     "947785207": {
      "maxRSS": 194940,
      "systemtime": 112959,
      "usertime": 4215654
     },
     "947786341": {
      "maxRSS": 194940,
      "systemtime": 112959,
      "usertime": 4216676
     },
     "947787443": {
      "maxRSS": 194940,
      "systemtime": 112959,
      "usertime": 4217819
     },
     "947788543": {
      "maxRSS": 194940,
      "systemtime": 112959,
      "usertime": 4218925
     },
     "947789641": {
      "maxRSS": 194940,
      "systemtime": 112959,
      "usertime": 4219656
     },
     "947790706": {
      "maxRSS": 194940,
      "systemtime": 112959,
      "usertime": 4220350
     },
     "947791803": {
      "maxRSS": 194940,
      "systemtime": 112959,
      "usertime": 4222008
     },
     "947792879": {
      "maxRSS": 194940,
      "systemtime": 112959,
      "usertime": 4223034
     },
     "947793692": {
      "maxRSS": 194940,
      "systemtime": 112959,
      "usertime": 4223890
     },
     "947794799": {
      "maxRSS": 194940,
      "systemtime": 112959,
      "usertime": 4224643
     },
     "947795897": {
      "maxRSS": 194940,
      "systemtime": 112959,
      "usertime": 4225957
     },
     "947796994": {
      "maxRSS": 194940,
      "systemtime": 112959,
      "usertime": 4226963
     },
     "947798093": {
      "maxRSS": 194940,
      "systemtime": 112959,
      "usertime": 4227918
     },
     "947799196": {
      "maxRSS": 194940,
      "systemtime": 112959,
      "usertime": 4229188
     },
     "947800262": {
      "maxRSS": 194940,
      "systemtime": 112959,
      "usertime": 4230225
     },
     "947801330": {
      "maxRSS": 194940,
      "systemtime": 112959,
      "usertime": 4231172
     },
     "947802433": {
      "maxRSS": 194940,
      "systemtime": 112959,
      "usertime": 4231779
     },
     "947803537": {
      "maxRSS": 194940,
      "systemtime": 112959,
      "usertime": 4232876
     },
     "947804618": {
      "maxRSS": 194940,
      "systemtime": 112959,
      "usertime": 4233894
     },
     "947805740": {
      "maxRSS": 194940,
      "systemtime": 112959,
      "usertime": 4235576
     },
     "947806842": {
      "maxRSS": 194940,
      "systemtime": 112959,
      "usertime": 4236519
     },
     "947807940": {
      "maxRSS": 194940,
      "systemtime": 112959,
      "usertime": 4237676
     },
     "947809005": {
      "maxRSS": 194940,
      "systemtime": 112959,
      "usertime": 4238433
     },
     "947810108": {
      "maxRSS": 194940,
      "systemtime": 112959,
      "usertime": 4239705
     },
     "947811208": {
      "maxRSS": 194940,
      "systemtime": 112959,
      "usertime": 4240683
     },
     "947812288": {
      "maxRSS": 194940,
      "systemtime": 112959,
      "usertime": 4241720
     },
     "947813409": {
      "maxRSS": 194940,
      "systemtime": 112959,
      "usertime": 4242793
     },
     "947814507": {
      "maxRSS": 194940,
      "systemtime": 112959,
      "usertime": 4243911
     },
     "947815606": {
      "maxRSS": 194940,
      "systemtime": 112959,
      "usertime": 4244945
     },
     "947815632": {
      "maxRSS": 194940,
      "systemtime": 112959,
      "usertime": 4244976
     },
     "947815651": {
      "maxRSS": 194940,
      "systemtime": 112959,
      "usertime": 4244993
     },
     "947816752": {
      "maxRSS": 194940,
      "systemtime": 112959,
      "usertime": 4245866
     },
     "947817828": {
      "maxRSS": 194940,
      "systemtime": 112959,
      "usertime": 4247004
     },
     "947818943": {
      "maxRSS": 194940,
      "systemtime": 112959,
      "usertime": 4248022
     },
     "947820066": {
      "maxRSS": 194940,
      "systemtime": 112959,
      "usertime": 4249106
     },
     "947821145": {
      "maxRSS": 194940,
      "systemtime": 112959,
      "usertime": 4250118
     },
     "947822222": {
      "maxRSS": 195068,
      "systemtime": 112959,
      "usertime": 4251051
     },
     "947822544": {
      "maxRSS": 195068,
      "systemtime": 112959,
      "usertime": 4251369
     },
     "947823630": {
      "maxRSS": 195068,
      "systemtime": 112959,
      "usertime": 4252379
     },
     "947824729": {
      "maxRSS": 195068,
      "systemtime": 112959,
      "usertime": 4253327
     },
     "947825809": {
      "maxRSS": 195068,
      "systemtime": 112959,
      "usertime": 4254287
     },
     "947826920": {
      "maxRSS": 195068,
      "systemtime": 112959,
      "usertime": 4255304
     },
     "947828032": {
      "maxRSS": 195068,
      "systemtime": 112959,
      "usertime": 4256270
     },
     "947829109": {
      "maxRSS": 195068,
      "systemtime": 112959,
      "usertime": 4257158
     },
     "947830211": {
      "maxRSS": 195068,
      "systemtime": 112959,
      "usertime": 4258222
     },
     "947831286": {
      "maxRSS": 195068,
      "systemtime": 112959,
      "usertime": 4259054
     },
     "947832377": {
      "maxRSS": 195068,
      "systemtime": 112959,
      "usertime": 4260146
     },
     "947833455": {
      "maxRSS": 195068,
      "systemtime": 112959,
      "usertime": 4261075
     },
     "947834534": {
      "maxRSS": 195068,
      "systemtime": 112959,
      "usertime": 4262056
     },
     "947835611": {
      "maxRSS": 195068,
      "systemtime": 112959,
      "usertime": 4263006
     },
     "947836704": {
      "maxRSS": 195068,
      "systemtime": 112959,
      "usertime": 4263905
     },
     "947837796": {
      "maxRSS": 195068,
      "systemtime": 112959,
      "usertime": 4264956
     },
     "947838897": {
      "maxRSS": 195068,
      "systemtime": 112959,
      "usertime": 4265930
     },
     "947840019": {
      "maxRSS": 195068,
      "systemtime": 113996,
      "usertime": 4265930
     },
     "947841094": {
      "maxRSS": 195068,
      "systemtime": 114708,
      "usertime": 4265930
     },
     "947841215": {
      "maxRSS": 195068,
      "systemtime": 115092,
      "usertime": 4265930
     },
     "947842282": {
      "maxRSS": 195068,
      "systemtime": 115604,
      "usertime": 4265930
     },
     "947843366": {
      "maxRSS": 195068,
      "systemtime": 116716,
      "usertime": 4266192
     },
     "947844441": {
      "maxRSS": 195068,
      "systemtime": 116716,
      "usertime": 4267381
     },
     "947845512": {
      "maxRSS": 195068,
      "systemtime": 116716,
      "usertime": 4268345
     },
     "947846156": {
      "maxRSS": 195196,
      "systemtime": 116716,
      "usertime": 4268951
     },
     "947847222": {
      "maxRSS": 195196,
      "systemtime": 116716,
      "usertime": 4269885
     },
     "947848290": {
      "maxRSS": 195196,
      "systemtime": 116716,
      "usertime": 4270856
     },
     "947849422": {
      "maxRSS": 195196,
      "systemtime": 116716,
      "usertime": 4271843
     },
     "947850540": {
      "maxRSS": 195196,
      "systemtime": 116716,
      "usertime": 4272917
     },
     "947851670": {
      "maxRSS": 195196,
      "systemtime": 116716,
      "usertime": 4273862
     },
     "947852777": {
      "maxRSS": 195196,
      "systemtime": 116716,
      "usertime": 4274941
     },
     "947853932": {
      "maxRSS": 195196,
      "systemtime": 116716,
      "usertime": 4275929
     },
     "947855063": {
      "maxRSS": 195196,
      "systemtime": 116716,
      "usertime": 4276911
     },
     "947856151": {
      "maxRSS": 195196,
      "systemtime": 116716,
      "usertime": 4278008
     },
     "947857264": {
      "maxRSS": 195196,
      "systemtime": 116716,
      "usertime": 4278944
     },
     "947858348": {
      "maxRSS": 195196,
      "systemtime": 116716,
      "usertime": 4279980
     },
     "947858920": {
      "maxRSS": 195196,
      "systemtime": 116716,
      "usertime": 4280596
     },
     "947860076": {
      "maxRSS": 195196,
      "systemtime": 116716,
      "usertime": 4281625
     },
     "947861222": {
      "maxRSS": 195196,
      "systemtime": 116716,
      "usertime": 4282698
     },
     "947862324": {
      "maxRSS": 195196,
      "systemtime": 116716,
      "usertime": 4283211
     },
     "947862560": {
      "maxRSS": 195196,
      "systemtime": 116716,
      "usertime": 4284022
     },
     "947863641": {
      "maxRSS": 195196,
      "systemtime": 116716,
      "usertime": 4285059
     },
     "947864755": {
      "maxRSS": 195196,
      "systemtime": 116716,
      "usertime": 4286032
     },
     "947865837": {
      "maxRSS": 195196,
      "systemtime": 116716,
      "usertime": 4286925
     },
     "947866937": {
      "maxRSS": 195196,
      "systemtime": 116716,
      "usertime": 4287982
     },
     "947868081": {
      "maxRSS": 195196,
      "systemtime": 116716,
      "usertime": 4289089
     },
     "947869223": {
      "maxRSS": 195196,
      "systemtime": 116716,
      "usertime": 4290184
     },
     "947870295": {
      "maxRSS": 195196,
      "systemtime": 116716,
      "usertime": 4291130
     },
     "947871374": {
      "maxRSS": 195196,
      "systemtime": 116716,
      "usertime": 4292090
     },
     "947871590": {
      "maxRSS": 195196,
      "systemtime": 116716,
      "usertime": 4292392
     },
     "947872699": {
      "maxRSS": 195196,
      "systemtime": 116716,
      "usertime": 4293351
     },
     "947873820": {
      "maxRSS": 195196,
      "systemtime": 116716,
      "usertime": 4294335
     },
     "947874217": {
      "maxRSS": 195196,
      "systemtime": 116716,
      "usertime": 4294794
     },
     "947875302": {
      "maxRSS": 195196,
      "systemtime": 116716,
      "usertime": 4295411
     },
     "947876381": {
      "maxRSS": 195196,
      "systemtime": 116716,
      "usertime": 4296658
     },
     "947877469": {
      "maxRSS": 195196,
      "systemtime": 116716,
      "usertime": 4297741
     },
     "947878578": {
      "maxRSS": 195196,
      "systemtime": 116716,
      "usertime": 4298850
     },
     "947879673": {
      "maxRSS": 195196,
      "systemtime": 116716,
      "usertime": 4299849
     },
     "947880602": {
      "maxRSS": 195196,
      "systemtime": 116716,
      "usertime": 4300780
     },
     "947881691": {
      "maxRSS": 195196,
      "systemtime": 116716,
      "usertime": 4301668
     },
     "947882537": {
      "maxRSS": 195196,
      "systemtime": 116716,
      "usertime": 4302573
     },
     "947883637": {
      "maxRSS": 195196,
      "systemtime": 116716,
      "usertime": 4302605
     },
     "947884724": {
      "maxRSS": 195196,
      "systemtime": 116716,
      "usertime": 4304690
     },
     "947885805": {
      "maxRSS": 195196,
      "systemtime": 116716,
      "usertime": 4305723
     },
     "947886632": {
      "maxRSS": 195196,
      "systemtime": 116716,
      "usertime": 4306500
     },
     "947887771": {
      "maxRSS": 195196,
      "systemtime": 116716,
      "usertime": 4307563
     },
     "947888872": {
      "maxRSS": 195196,
      "systemtime": 116716,
      "usertime": 4308431
     },
     "947889982": {
      "maxRSS": 195196,
      "systemtime": 116716,
      "usertime": 4309570
     },
     "947890343": {
      "maxRSS": 195196,
      "systemtime": 116716,
      "usertime": 4309910
     },
     "947890857": {
      "maxRSS": 195196,
      "systemtime": 116716,
      "usertime": 4310412
     },
     "947891933": {
      "maxRSS": 195196,
      "systemtime": 116716,
      "usertime": 4311192
     },
     "947892416": {
      "maxRSS": 195196,
      "systemtime": 116716,
      "usertime": 4311873
     },
     "947892816": {
      "maxRSS": 195196,
      "systemtime": 116716,
      "usertime": 4312230
     },
     "947893653": {
      "maxRSS": 195196,
      "systemtime": 116716,
      "usertime": 4313032
     },
     "947893846": {
      "maxRSS": 195196,
      "systemtime": 116716,
      "usertime": 4313207
     },
     "947894404": {
      "maxRSS": 195196,
      "systemtime": 116716,
      "usertime": 4313689
     },
     "947894516": {
      "maxRSS": 195196,
      "systemtime": 116716,
      "usertime": 4313813
     },
     "947894831": {
      "maxRSS": 195196,
      "systemtime": 116716,
      "usertime": 4314126
     },
     "947894915": {
      "maxRSS": 195196,
      "systemtime": 116716,
      "usertime": 4314212
     },
     "947895071": {
      "maxRSS": 195196,
      "systemtime": 116716,
      "usertime": 4314379
     },
     "947895119": {
      "maxRSS": 195196,
      "systemtime": 116716,
      "usertime": 4314433
     },
     "947895246": {
      "maxRSS": 195196,
      "systemtime": 116716,
      "usertime": 4314549
     },
     "947895278": {
      "maxRSS": 195196,
      "systemtime": 116716,
      "usertime": 4314587
     },
     "947895366": {
      "maxRSS": 195196,
      "systemtime": 116716,
      "usertime": 4314678
     },
     "947895429": {
      "maxRSS": 195196,
      "systemtime": 116716,
      "usertime": 4314763
     },
     "947895455": {
      "maxRSS": 195196,
      "systemtime": 116716,
      "usertime": 4314793
     },
     "947895482": {
      "maxRSS": 195196,
      "systemtime": 116716,
      "usertime": 4314802
     },
     "947895524": {
      "maxRSS": 195196,
      "systemtime": 116716,
      "usertime": 4314866
     },
     "947895553": {
      "maxRSS": 195196,
      "systemtime": 116716,
      "usertime": 4314897
     },
     "947895564": {
      "maxRSS": 195196,
      "systemtime": 116716,
      "usertime": 4314910
     },
     "947895604": {
      "maxRSS": 195196,
      "systemtime": 116716,
      "usertime": 4314969
     },
     "947895624": {
      "maxRSS": 195196,
      "systemtime": 116716,
      "usertime": 4314992
     },
     "947895653": {
      "maxRSS": 195196,
      "systemtime": 116716,
      "usertime": 4315028
     },
     "947895674": {
      "maxRSS": 195196,
      "systemtime": 116716,
      "usertime": 4315058
     },
     "947895701": {
      "maxRSS": 195196,
      "systemtime": 116716,
      "usertime": 4315087
     },
     "947895720": {
      "maxRSS": 195196,
      "systemtime": 116716,
      "usertime": 4315114
     },
     "947895744": {
      "maxRSS": 195196,
      "systemtime": 116716,
      "usertime": 4315146
     },
     "947895786": {
      "maxRSS": 195196,
      "systemtime": 116716,
      "usertime": 4315194
     },
     "947895816": {
      "maxRSS": 195196,
      "systemtime": 116716,
      "usertime": 4315220
     },
     "947896918": {
      "maxRSS": 195196,
      "systemtime": 116716,
      "usertime": 4316106
     },
     "947898012": {
      "maxRSS": 195196,
      "systemtime": 116716,
      "usertime": 4317047
     },
     "947899085": {
      "maxRSS": 195196,
      "systemtime": 116716,
      "usertime": 4318165
     },
     "947900169": {
      "maxRSS": 195196,
      "systemtime": 116716,
      "usertime": 4319115
     },
     "947901293": {
      "maxRSS": 195196,
      "systemtime": 116716,
      "usertime": 4320186
     },
     "947902400": {
      "maxRSS": 195196,
      "systemtime": 116716,
      "usertime": 4321148
     },
     "947903476": {
      "maxRSS": 195196,
      "systemtime": 116716,
      "usertime": 4322302
     },
     "947904588": {
      "maxRSS": 195196,
      "systemtime": 116716,
      "usertime": 4323122
     },
     "947905684": {
      "maxRSS": 195196,
      "systemtime": 116716,
      "usertime": 4324081
     },
     "947906819": {
      "maxRSS": 195196,
      "systemtime": 116716,
      "usertime": 4325152
     },
     "947907918": {
      "maxRSS": 195196,
      "systemtime": 116716,
      "usertime": 4326415
     },
     "947908997": {
      "maxRSS": 195196,
      "systemtime": 117685,
      "usertime": 4326415
     },
     "947910077": {
      "maxRSS": 195196,
      "systemtime": 118620,
      "usertime": 4326415
     },
     "947911160": {
      "maxRSS": 195196,
      "systemtime": 119678,
      "usertime": 4326415
     },
     "947912236": {
      "maxRSS": 195196,
      "systemtime": 120486,
      "usertime": 4326415
     },
     "947913328": {
      "maxRSS": 195196,
      "systemtime": 120544,
      "usertime": 4327551
     },
     "947914457": {
      "maxRSS": 195196,
      "systemtime": 120574,
      "usertime": 4328632
     },
     "947915574": {
      "maxRSS": 195196,
      "systemtime": 120575,
      "usertime": 4328658
     },
     "947916710": {
      "maxRSS": 195196,
      "systemtime": 120575,
      "usertime": 4330426
     },
     "947917814": {
      "maxRSS": 195196,
      "systemtime": 120575,
      "usertime": 4331980
     },
     "947918907": {
      "maxRSS": 195196,
      "systemtime": 120582,
      "usertime": 4332924
     }
    }
   }
  }
 }
}
