{
 "root": {
  "program": {
   "configuration": {
    "": "/root/compiler/tests/corpus/BENCHMARK_FAMILY/same_generation_negation.dl",
    "fact-dir": "/root/compiler/fixtures/benchmark-family/same_generation_negation/d6_b4",
    "include-dir": ".",
    "jobs": "1",
    "libraries": "functors",
    "library-dir": ".",
    "magic-transform": "*",
    "output-dir": "/root/compiler/measurements/m3-5-headline/family/same_generation_negation/d6_b4/souffle",
    "profile": "prof.log",
    "relationCount": "4",
    "ruleCount": "7",
    "version": "2.5",
    "warn": "all",
    "wno": "none"
   },
   "relation": {
    "@magic.notsg.{bf}": {
     "maxRSS": {
      "post": 11788,
      "pre": 11700
     },
     "non-recursive-rule": {
      "@magic.notsg.{bf}(0).": {
       "maxRSS": {
        "post": 11788,
        "pre": 11700
       },
       "num-tuples": 1,
       "runtime": { "start": 29064252109, "end": 29064252116},
       "source-locator": " [1:1-1:1]"
      }
     },
     "num-tuples": 1,
     "runtime": { "start": 29064252105, "end": 29064252125},
     "source-locator": " [1:1-1:1]"
    },
    "@neglabel.sg": {
     "iteration": {
      "0": {
       "copytime": { "start": 29065009949, "end": 29065011186},
       "maxRSS": {
        "post": 13096,
        "pre": 12584
       },
       "num-tuples": 15490,
       "recursive-rule": {
        "@neglabel.sg(x,y) :- \n   parent(x,xp),\n   parent(y,yp),\n   @neglabel.sg(xp,yp),\n   x != y.": {
         "0": {
          "atom-frequency": {
           "@new_@neglabel.sg(x,y) :- \n   parent(x,xp),\n   parent(y,yp),\n   @delta_@neglabel.sg(xp,yp),\n   x != y.": {
            "parent": {
             "level": 0,
             "num-tuples": 0
            }
           }
          },
          "maxRSS": {
           "post": 13096,
           "pre": 12584
          },
          "num-tuples": 15490,
          "runtime": { "start": 29064253950, "end": 29065009894},
          "source-locator": " [1:1-1:1]"
         }
        }
       },
       "runtime": { "start": 29064253940, "end": 29065009919}
      },
      "1": {
       "copytime": { "start": 29065797561, "end": 29065802537},
       "maxRSS": {
        "post": 14888,
        "pre": 13480
       },
       "num-tuples": 62136,
       "recursive-rule": {
        "@neglabel.sg(x,y) :- \n   parent(x,xp),\n   parent(y,yp),\n   @neglabel.sg(xp,yp),\n   x != y.": {
         "0": {
          "maxRSS": {
           "post": 14888,
           "pre": 13480
          },
          "num-tuples": 62136,
          "runtime": { "start": 29065011209, "end": 29065797482},
          "source-locator": " [1:1-1:1]"
         }
        }
       },
       "runtime": { "start": 29065011194, "end": 29065797513}
      },
      "2": {
       "copytime": { "start": 29066621670, "end": 29066640682},
       "maxRSS": {
        "post": 21032,
        "pre": 16296
       },
       "num-tuples": 245172,
       "recursive-rule": {
        "@neglabel.sg(x,y) :- \n   parent(x,xp),\n   parent(y,yp),\n   @neglabel.sg(xp,yp),\n   x != y.": {
         "0": {
          "maxRSS": {
           "post": 21032,
           "pre": 16296
          },
          "num-tuples": 245172,
          "runtime": { "start": 29065802574, "end": 29066621391},
          "source-locator": " [1:1-1:1]"
         }
        }
       },
       "runtime": { "start": 29065802553, "end": 29066621512}
      },
      "3": {
       "copytime": { "start": 29067537480, "end": 29067612417},
       "maxRSS": {
        "post": 44840,
        "pre": 27048
       },
       "num-tuples": 959588,
       "recursive-rule": {
        "@neglabel.sg(x,y) :- \n   parent(x,xp),\n   parent(y,yp),\n   @neglabel.sg(xp,yp),\n   x != y.": {
         "0": {
          "maxRSS": {
           "post": 44840,
           "pre": 27048
          },
          "num-tuples": 959588,
          "runtime": { "start": 29066640712, "end": 29067536388},
          "source-locator": " [1:1-1:1]"
         }
        }
       },
       "runtime": { "start": 29066640694, "end": 29067536896}
      },
      "4": {
       "copytime": { "start": 29068758276, "end": 29068998157},
       "maxRSS": {
        "post": 121000,
        "pre": 65320
       },
       "num-tuples": 3089062,
       "recursive-rule": {
        "@neglabel.sg(x,y) :- \n   parent(x,xp),\n   parent(y,yp),\n   @neglabel.sg(xp,yp),\n   x != y.": {
         "0": {
          "maxRSS": {
           "post": 121000,
           "pre": 65320
          },
          "num-tuples": 3089062,
          "runtime": { "start": 29067612456, "end": 29068752657},
          "source-locator": " [1:1-1:1]"
         }
        }
       },
       "runtime": { "start": 29067612433, "end": 29068754626}
      },
      "5": {
       "copytime": { "start": 29070934677, "end": 29071763735},
       "maxRSS": {
        "post": 361000,
        "pre": 185128
       },
       "num-tuples": 9966888,
       "recursive-rule": {
        "@neglabel.sg(x,y) :- \n   parent(x,xp),\n   parent(y,yp),\n   @neglabel.sg(xp,yp),\n   x != y.": {
         "0": {
          "maxRSS": {
           "post": 361000,
           "pre": 185128
          },
          "num-tuples": 9966888,
          "runtime": { "start": 29068998196, "end": 29070917897},
          "source-locator": " [1:1-1:1]"
         }
        }
       },
       "runtime": { "start": 29068998173, "end": 29070923350}
      },
      "6": {
       "maxRSS": {
        "post": 558504,
        "pre": 558376
       },
       "num-tuples": 0,
       "recursive-rule": {
        "@neglabel.sg(x,y) :- \n   parent(x,xp),\n   parent(y,yp),\n   @neglabel.sg(xp,yp),\n   x != y.": {
         "0": {
          "maxRSS": {
           "post": 558504,
           "pre": 558376
          },
          "num-tuples": 0,
          "runtime": { "start": 29071763778, "end": 29073134758},
          "source-locator": " [1:1-1:1]"
         }
        }
       },
       "runtime": { "start": 29071763757, "end": 29073134780}
      }
     },
     "maxRSS": {
      "post": 12456,
      "pre": 12456
     },
     "non-recursive-rule": {
      "@neglabel.sg(x,x) :- \n   person(x).": {
       "atom-frequency": {
        "@neglabel.sg(x,x) :- \n   person(x).": {
         "person": {
          "level": 0,
          "num-tuples": 0
         }
        }
       },
       "maxRSS": {
        "post": 12456,
        "pre": 12456
       },
       "num-tuples": 4888,
       "runtime": { "start": 29064253522, "end": 29064253703},
       "source-locator": " [1:1-1:1]"
      }
     },
     "num-tuples": 4888,
     "runtime": { "start": 29064253512, "end": 29064253712},
     "source-locator": "/root/compiler/tests/corpus/BENCHMARK_FAMILY/same_generation_negation.dl [26:7-26:9]"
    },
    "notsg.{bf}": {
     "maxRSS": {
      "post": 558504,
      "pre": 558504
     },
     "non-recursive-rule": {
      "notsg.{bf}(x,y) :- \n   @magic.notsg.{bf}(x),\n   person(x),\n   person(y),\n   !@neglabel.sg(x,y).": {
       "atom-frequency": {
        "notsg.{bf}(x,y) :- \n   @magic.notsg.{bf}(x),\n   person(x),\n   person(y),\n   !@neglabel.sg(x,y).": {
         "@magic.notsg.{bf}": {
          "level": 0,
          "num-tuples": 0
         },
         "person": {
          "level": 2,
          "num-tuples": 0
         }
        }
       },
       "maxRSS": {
        "post": 558504,
        "pre": 558504
       },
       "num-tuples": 4887,
       "runtime": { "start": 29073163873, "end": 29073164202},
       "source-locator": " [1:1-1:1]"
      }
     },
     "num-tuples": 4887,
     "reads": 0,
     "runtime": { "start": 29073163854, "end": 29073164215},
     "source-locator": " [1:1-1:1]"
    },
    "parent": {
     "loadtime": { "start": 29064252130, "end": 29064253012},
     "num-tuples": 4887,
     "reads": 0,
     "source-locator": "/root/compiler/tests/corpus/BENCHMARK_FAMILY/same_generation_negation.dl [20:7-20:13]"
    },
    "person": {
     "loadtime": { "start": 29064253022, "end": 29064253504},
     "num-tuples": 4888,
     "reads": 1,
     "source-locator": "/root/compiler/tests/corpus/BENCHMARK_FAMILY/same_generation_negation.dl [23:7-23:13]"
    },
    "q_notsg": {
     "maxRSS": {
      "post": 558632,
      "pre": 558632
     },
     "non-recursive-rule": {
      "q_notsg(y) :- \n   notsg.{bf}(@abdul0,y),\n   @abdul0 = 0.": {
       "atom-frequency": {
        "q_notsg(y) :- \n   notsg.{bf}(@abdul0,y),\n   @abdul0 = 0.": {
         "notsg.{bf}": {
          "level": 0,
          "num-tuples": 0
         }
        }
       },
       "maxRSS": {
        "post": 558632,
        "pre": 558632
       },
       "num-tuples": 4887,
       "runtime": { "start": 29073219365, "end": 29073219534},
       "source-locator": " [1:1-1:1]"
      }
     },
     "num-tuples": 4887,
     "reads": 0,
     "runtime": { "start": 29073219346, "end": 29073219547},
     "savetime": { "start": 29073219553, "end": 29073219883},
     "source-locator": "/root/compiler/tests/corpus/BENCHMARK_FAMILY/same_generation_negation.dl [33:7-33:14]"
    }
   },
   "runtime": { "start": 29064252100, "end": 29073219899},
   "starttime": { "time": 29064252066},
   "usage": {
    "timepoint": {
     "29064252088": {
      "maxRSS": 11700,
      "systemtime": 4523,
      "usertime": 0
     },
     "29064252154": {
      "maxRSS": 12044,
      "systemtime": 4670,
      "usertime": 0
     },
     "29064253048": {
      "maxRSS": 12456,
      "systemtime": 5579,
      "usertime": 0
     },
     "29064253532": {
      "maxRSS": 12456,
      "systemtime": 6094,
      "usertime": 0
     },
     "29064253962": {
      "maxRSS": 12712,
      "systemtime": 6537,
      "usertime": 0
     },
     "29064255046": {
      "maxRSS": 12712,
      "systemtime": 6554,
      "usertime": 0
     },
     "29064256118": {
      "maxRSS": 12712,
      "systemtime": 6554,
      "usertime": 2065
     },
     "29064257196": {
      "maxRSS": 12712,
      "systemtime": 6554,
      "usertime": 2083
     },
     "29064258279": {
      "maxRSS": 12712,
      "systemtime": 6554,
      "usertime": 2100
     },
     "29064259359": {
      "maxRSS": 12712,
      "systemtime": 6554,
      "usertime": 2115
     },
     "29064260458": {
      "maxRSS": 12712,
      "systemtime": 6554,
      "usertime": 6181
     },
     "29064261537": {
      "maxRSS": 12712,
      "systemtime": 6554,
      "usertime": 6196
     },
     "29064262627": {
      "maxRSS": 12712,
      "systemtime": 6554,
      "usertime": 6216
     },
     "29064263714": {
      "maxRSS": 12712,
      "systemtime": 6554,
      "usertime": 6235
     },
     "29064264832": {
      "maxRSS": 12712,
      "systemtime": 6739,
      "usertime": 10109
     },
     "29064265915": {
      "maxRSS": 12712,
      "systemtime": 6747,
      "usertime": 10120
     },
     "29064266995": {
      "maxRSS": 12712,
      "systemtime": 6752,
      "usertime": 10129
     },
     "29064268068": {
      "maxRSS": 12712,
      "systemtime": 6942,
      "usertime": 13885
     },
     "29064269146": {
      "maxRSS": 12712,
      "systemtime": 6947,
      "usertime": 13895
     },
     "29064270220": {
      "maxRSS": 12712,
      "systemtime": 6952,
      "usertime": 13904
     },
     "29064271321": {
      "maxRSS": 12712,
      "systemtime": 6958,
      "usertime": 13917
     },
     "29064272393": {
      "maxRSS": 12712,
      "systemtime": 7111,
      "usertime": 17778
     },
     "29064273497": {
      "maxRSS": 12712,
      "systemtime": 7118,
      "usertime": 17795
     },
     "29064274598": {
      "maxRSS": 12712,
      "systemtime": 7125,
      "usertime": 17813
     },
     "29064275673": {
      "maxRSS": 12712,
      "systemtime": 7129,
      "usertime": 17823
     },
     "29064276763": {
      "maxRSS": 12712,
      "systemtime": 7241,
      "usertime": 21724
     },
     "29064277865": {
      "maxRSS": 12712,
      "systemtime": 7247,
      "usertime": 21743
     },
     "29064278977": {
      "maxRSS": 12712,
      "systemtime": 7255,
      "usertime": 21767
     },
     "29064280040": {
      "maxRSS": 12712,
      "systemtime": 7343,
      "usertime": 25702
     },
     "29064281128": {
      "maxRSS": 12712,
      "systemtime": 7346,
      "usertime": 25713
     },
     "29064282203": {
      "maxRSS": 12712,
      "systemtime": 7349,
      "usertime": 25724
     },
     "29064283275": {
      "maxRSS": 12712,
      "systemtime": 7352,
      "usertime": 25734
     },
     "29064284356": {
      "maxRSS": 12712,
      "systemtime": 7420,
      "usertime": 29683
     },
     "29064285430": {
      "maxRSS": 12712,
      "systemtime": 7423,
      "usertime": 29694
     },
     "29064286527": {
      "maxRSS": 12712,
      "systemtime": 7426,
      "usertime": 29706
     },
     "29064287630": {
      "maxRSS": 12712,
      "systemtime": 7429,
      "usertime": 29718
     },
     "29064288735": {
      "maxRSS": 12712,
      "systemtime": 7484,
      "usertime": 33681
     },
     "29064289809": {
      "maxRSS": 12712,
      "systemtime": 7487,
      "usertime": 33691
     },
     "29064290899": {
      "maxRSS": 12712,
      "systemtime": 7489,
      "usertime": 33704
     },
     "29064292028": {
      "maxRSS": 12712,
      "systemtime": 7535,
      "usertime": 37679
     },
     "29064293104": {
      "maxRSS": 12712,
      "systemtime": 7538,
      "usertime": 37690
     },
     "29064294176": {
      "maxRSS": 12712,
      "systemtime": 7540,
      "usertime": 37701
     },
     "29064295285": {
      "maxRSS": 12712,
      "systemtime": 7544,
      "usertime": 37723
     },
     "29064296372": {
      "maxRSS": 12712,
      "systemtime": 7583,
      "usertime": 41709
     },
     "29064297467": {
      "maxRSS": 12712,
      "systemtime": 7585,
      "usertime": 41722
     },
     "29064298551": {
      "maxRSS": 12712,
      "systemtime": 7588,
      "usertime": 41738
     },
     "29064299660": {
      "maxRSS": 12712,
      "systemtime": 7592,
      "usertime": 41760
     },
     "29064300833": {
      "maxRSS": 12712,
      "systemtime": 7630,
      "usertime": 45781
     },
     "29064301908": {
      "maxRSS": 12712,
      "systemtime": 7632,
      "usertime": 45793
     },
     "29064302984": {
      "maxRSS": 12712,
      "systemtime": 7634,
      "usertime": 45805
     },
     "29064304053": {
      "maxRSS": 12712,
      "systemtime": 7660,
      "usertime": 49794
     },
     "29064305157": {
      "maxRSS": 12712,
      "systemtime": 7662,
      "usertime": 49809
     },
     "29064306231": {
      "maxRSS": 12712,
      "systemtime": 7664,
      "usertime": 49818
     },
     "29064307301": {
      "maxRSS": 12712,
      "systemtime": 7666,
      "usertime": 49829
     },
     "29064308369": {
      "maxRSS": 12712,
      "systemtime": 7688,
      "usertime": 53819
     },
     "29064309437": {
      "maxRSS": 12712,
      "systemtime": 7689,
      "usertime": 53828
     },
     "29064310535": {
      "maxRSS": 12712,
      "systemtime": 7692,
      "usertime": 53846
     },
     "29064311621": {
      "maxRSS": 12712,
      "systemtime": 7695,
      "usertime": 53870
     },
     "29064312696": {
      "maxRSS": 12712,
      "systemtime": 7714,
      "usertime": 57861
     },
     "29064313789": {
      "maxRSS": 12712,
      "systemtime": 7716,
      "usertime": 57874
     },
     "29064314864": {
      "maxRSS": 12712,
      "systemtime": 7718,
      "usertime": 57886
     },
     "29064315971": {
      "maxRSS": 12712,
      "systemtime": 7719,
      "usertime": 57899
     },
     "29064317051": {
      "maxRSS": 12712,
      "systemtime": 7737,
      "usertime": 61898
     },
     "29064318132": {
      "maxRSS": 12712,
      "systemtime": 7739,
      "usertime": 61914
     },
     "29064319233": {
      "maxRSS": 12712,
      "systemtime": 7741,
      "usertime": 61933
     },
     "29064320315": {
      "maxRSS": 12712,
      "systemtime": 7758,
      "usertime": 65944
     },
     "29064321383": {
      "maxRSS": 12712,
      "systemtime": 7759,
      "usertime": 65954
     },
     "29064322448": {
      "maxRSS": 12712,
      "systemtime": 7760,
      "usertime": 65961
     },
     "29064323515": {
      "maxRSS": 12712,
      "systemtime": 7761,
      "usertime": 65970
     },
     "29064324584": {
      "maxRSS": 12712,
      "systemtime": 7773,
      "usertime": 69962
     },
     "29064325656": {
      "maxRSS": 12712,
      "systemtime": 7774,
      "usertime": 69973
     },
     "29064326721": {
      "maxRSS": 12712,
      "systemtime": 7775,
      "usertime": 69980
     },
     "29064327795": {
      "maxRSS": 12712,
      "systemtime": 7776,
      "usertime": 69991
     },
     "29064328869": {
      "maxRSS": 12712,
      "systemtime": 7788,
      "usertime": 73994
     },
     "29064329938": {
      "maxRSS": 12712,
      "systemtime": 7789,
      "usertime": 74004
     },
     "29064331004": {
      "maxRSS": 12712,
      "systemtime": 7790,
      "usertime": 74011
     },
     "29064332074": {
      "maxRSS": 12712,
      "systemtime": 7801,
      "usertime": 78011
     },
     "29064333143": {
      "maxRSS": 12712,
      "systemtime": 7802,
      "usertime": 78020
     },
     "29064334211": {
      "maxRSS": 12712,
      "systemtime": 7803,
      "usertime": 78030
     },
     "29064335291": {
      "maxRSS": 12712,
      "systemtime": 7804,
      "usertime": 78041
     },
     "29064336374": {
      "maxRSS": 12712,
      "systemtime": 7814,
      "usertime": 82049
     },
     "29064337455": {
      "maxRSS": 12712,
      "systemtime": 7815,
      "usertime": 82065
     },
     "29064338530": {
      "maxRSS": 12712,
      "systemtime": 7817,
      "usertime": 82080
     },
     "29064339597": {
      "maxRSS": 12712,
      "systemtime": 7817,
      "usertime": 82088
     },
     "29064340692": {
      "maxRSS": 12712,
      "systemtime": 7827,
      "usertime": 86104
     },
     "29064341775": {
      "maxRSS": 12712,
      "systemtime": 7829,
      "usertime": 86124
     },
     "29064342858": {
      "maxRSS": 12712,
      "systemtime": 7830,
      "usertime": 86135
     },
     "29064343935": {
      "maxRSS": 12712,
      "systemtime": 7831,
      "usertime": 86149
     },
     "29064345025": {
      "maxRSS": 12712,
      "systemtime": 7840,
      "usertime": 90160
     },
     "29064346131": {
      "maxRSS": 12712,
      "systemtime": 7842,
      "usertime": 90183
     },
     "29064347222": {
      "maxRSS": 12712,
      "systemtime": 7844,
      "usertime": 90209
     },
     "29064348298": {
      "maxRSS": 12712,
      "systemtime": 7852,
      "usertime": 94229
     },
     "29064349372": {
      "maxRSS": 12712,
      "systemtime": 7853,
      "usertime": 94242
     },
     "29064350475": {
      "maxRSS": 12712,
      "systemtime": 7854,
      "usertime": 94256
     },
     "29064351552": {
      "maxRSS": 12712,
      "systemtime": 7855,
      "usertime": 94269
     },
     "29064352650": {
      "maxRSS": 12712,
      "systemtime": 7862,
      "usertime": 98277
     },
     "29064353738": {
      "maxRSS": 12712,
      "systemtime": 7863,
      "usertime": 98291
     },
     "29064354824": {
      "maxRSS": 12712,
      "systemtime": 7864,
      "usertime": 98304
     },
     "29064355893": {
      "maxRSS": 12712,
      "systemtime": 7865,
      "usertime": 98315
     },
     "29064356996": {
      "maxRSS": 12712,
      "systemtime": 7870,
      "usertime": 102320
     },
     "29064358081": {
      "maxRSS": 12712,
      "systemtime": 7871,
      "usertime": 102333
     },
     "29064359191": {
      "maxRSS": 12712,
      "systemtime": 7873,
      "usertime": 102351
     },
     "29064360267": {
      "maxRSS": 12712,
      "systemtime": 7878,
      "usertime": 106360
     },
     "29064361358": {
      "maxRSS": 12712,
      "systemtime": 7879,
      "usertime": 106376
     },
     "29064362451": {
      "maxRSS": 12712,
      "systemtime": 7880,
      "usertime": 106391
     },
     "29064363554": {
      "maxRSS": 12712,
      "systemtime": 7881,
      "usertime": 106404
     },
     "29064364648": {
      "maxRSS": 12712,
      "systemtime": 7887,
      "usertime": 110419
     },
     "29064365752": {
      "maxRSS": 12712,
      "systemtime": 7889,
      "usertime": 110446
     },
     "29064366843": {
      "maxRSS": 12712,
      "systemtime": 7890,
      "usertime": 110471
     },
     "29064367915": {
      "maxRSS": 12712,
      "systemtime": 7891,
      "usertime": 110484
     },
     "29064369018": {
      "maxRSS": 12712,
      "systemtime": 7896,
      "usertime": 114501
     },
     "29064370122": {
      "maxRSS": 12712,
      "systemtime": 7897,
      "usertime": 114520
     },
     "29064371215": {
      "maxRSS": 12712,
      "systemtime": 7899,
      "usertime": 114537
     },
     "29064372300": {
      "maxRSS": 12712,
      "systemtime": 7903,
      "usertime": 118555
     },
     "29064373372": {
      "maxRSS": 12712,
      "systemtime": 7904,
      "usertime": 118567
     },
     "29064374463": {
      "maxRSS": 12712,
      "systemtime": 7905,
      "usertime": 118577
     },
     "29064375570": {
      "maxRSS": 12712,
      "systemtime": 7906,
      "usertime": 118593
     },
     "29064376670": {
      "maxRSS": 12712,
      "systemtime": 7909,
      "usertime": 122603
     },
     "29064377746": {
      "maxRSS": 12712,
      "systemtime": 7910,
      "usertime": 122616
     },
     "29064378819": {
      "maxRSS": 12712,
      "systemtime": 7911,
      "usertime": 122629
     },
     "29064379905": {
      "maxRSS": 12712,
      "systemtime": 7912,
      "usertime": 122646
     },
     "29064380994": {
      "maxRSS": 12712,
      "systemtime": 7916,
      "usertime": 126657
     },
     "29064382108": {
      "maxRSS": 12712,
      "systemtime": 7917,
      "usertime": 126681
     },
     "29064383225": {
      "maxRSS": 12712,
      "systemtime": 7919,
      "usertime": 126712
     },
     "29064384326": {
      "maxRSS": 12712,
      "systemtime": 7923,
      "usertime": 130734
     },
     "29064385402": {
      "maxRSS": 12712,
      "systemtime": 7924,
      "usertime": 130748
     },
     "29064386482": {
      "maxRSS": 12712,
      "systemtime": 7925,
      "usertime": 130765
     },
     "29064387551": {
      "maxRSS": 12712,
      "systemtime": 7925,
      "usertime": 130776
     },
     "29064388616": {
      "maxRSS": 12712,
      "systemtime": 7928,
      "usertime": 134782
     },
     "29064389680": {
      "maxRSS": 12712,
      "systemtime": 7928,
      "usertime": 134788
     },
     "29064390750": {
      "maxRSS": 12712,
      "systemtime": 7929,
      "usertime": 134797
     },
     "29064391826": {
      "maxRSS": 12712,
      "systemtime": 7930,
      "usertime": 134811
     },
     "29064393954": {
      "maxRSS": 12712,
      "systemtime": 7933,
      "usertime": 138834
     },
     "29064396023": {
      "maxRSS": 12712,
      "systemtime": 7935,
      "usertime": 142845
     },
     "29064398113": {
      "maxRSS": 12712,
      "systemtime": 7936,
      "usertime": 142859
     },
     "29064400193": {
      "maxRSS": 12712,
      "systemtime": 7939,
      "usertime": 146874
     },
     "29064402262": {
      "maxRSS": 12712,
      "systemtime": 7939,
      "usertime": 146886
     },
     "29064404346": {
      "maxRSS": 12712,
      "systemtime": 7949,
      "usertime": 151037
     },
     "29064406476": {
      "maxRSS": 12712,
      "systemtime": 7952,
      "usertime": 151095
     },
     "29064408574": {
      "maxRSS": 12712,
      "systemtime": 7952,
      "usertime": 155015
     },
     "29064410675": {
      "maxRSS": 12712,
      "systemtime": 7952,
      "usertime": 155053
     },
     "29064412762": {
      "maxRSS": 12712,
      "systemtime": 11929,
      "usertime": 155078
     },
     "29064414840": {
      "maxRSS": 12712,
      "systemtime": 11930,
      "usertime": 155095
     },
     "29064416970": {
      "maxRSS": 12712,
      "systemtime": 11932,
      "usertime": 159104
     },
     "29064419046": {
      "maxRSS": 12712,
      "systemtime": 11933,
      "usertime": 159117
     },
     "29064421137": {
      "maxRSS": 12712,
      "systemtime": 11937,
      "usertime": 163148
     },
     "29064423217": {
      "maxRSS": 12712,
      "systemtime": 11938,
      "usertime": 163165
     },
     "29064425288": {
      "maxRSS": 12712,
      "systemtime": 11940,
      "usertime": 167167
     },
     "29064427357": {
      "maxRSS": 12712,
      "systemtime": 11941,
      "usertime": 167177
     },
     "29064429435": {
      "maxRSS": 12712,
      "systemtime": 11943,
      "usertime": 171189
     },
     "29064431570": {
      "maxRSS": 12712,
      "systemtime": 11944,
      "usertime": 171202
     },
     "29064433656": {
      "maxRSS": 12712,
      "systemtime": 11946,
      "usertime": 175215
     },
     "29064435732": {
      "maxRSS": 12712,
      "systemtime": 11947,
      "usertime": 175227
     },
     "29064437803": {
      "maxRSS": 12712,
      "systemtime": 11949,
      "usertime": 179236
     },
     "29064439872": {
      "maxRSS": 12712,
      "systemtime": 11949,
      "usertime": 179246
     },
     "29064441944": {
      "maxRSS": 12712,
      "systemtime": 11951,
      "usertime": 183254
     },
     "29064444025": {
      "maxRSS": 12712,
      "systemtime": 11953,
      "usertime": 187264
     },
     "29064446105": {
      "maxRSS": 12712,
      "systemtime": 11954,
      "usertime": 187281
     },
     "29064448172": {
      "maxRSS": 12712,
      "systemtime": 11955,
      "usertime": 191288
     },
     "29064450268": {
      "maxRSS": 12712,
      "systemtime": 11955,
      "usertime": 191295
     },
     "29064452333": {
      "maxRSS": 12712,
      "systemtime": 11957,
      "usertime": 195301
     },
     "29064454403": {
      "maxRSS": 12712,
      "systemtime": 11957,
      "usertime": 195311
     },
     "29064456474": {
      "maxRSS": 12712,
      "systemtime": 11959,
      "usertime": 199325
     },
     "29064458558": {
      "maxRSS": 12712,
      "systemtime": 11960,
      "usertime": 199338
     },
     "29064460682": {
      "maxRSS": 12712,
      "systemtime": 11961,
      "usertime": 203349
     },
     "29064462802": {
      "maxRSS": 12712,
      "systemtime": 11962,
      "usertime": 203364
     },
     "29064464874": {
      "maxRSS": 12712,
      "systemtime": 11964,
      "usertime": 207376
     },
     "29064466940": {
      "maxRSS": 12712,
      "systemtime": 11964,
      "usertime": 207384
     },
     "29064469010": {
      "maxRSS": 12840,
      "systemtime": 11965,
      "usertime": 211393
     },
     "29064471089": {
      "maxRSS": 12840,
      "systemtime": 11966,
      "usertime": 211406
     },
     "29064473183": {
      "maxRSS": 12840,
      "systemtime": 11968,
      "usertime": 215431
     },
     "29064475299": {
      "maxRSS": 12840,
      "systemtime": 11969,
      "usertime": 215447
     },
     "29064477381": {
      "maxRSS": 12840,
      "systemtime": 11970,
      "usertime": 219462
     },
     "29064479457": {
      "maxRSS": 12840,
      "systemtime": 11971,
      "usertime": 219475
     },
     "29064481532": {
      "maxRSS": 12840,
      "systemtime": 11975,
      "usertime": 223542
     },
     "29064483604": {
      "maxRSS": 12840,
      "systemtime": 11976,
      "usertime": 223553
     },
     "29064485681": {
      "maxRSS": 12840,
      "systemtime": 11976,
      "usertime": 227514
     },
     "29064487750": {
      "maxRSS": 12840,
      "systemtime": 11976,
      "usertime": 227525
     },
     "29064489820": {
      "maxRSS": 12840,
      "systemtime": 11976,
      "usertime": 231536
     },
     "29064491890": {
      "maxRSS": 12840,
      "systemtime": 11976,
      "usertime": 231546
     },
     "29064493959": {
      "maxRSS": 12840,
      "systemtime": 11977,
      "usertime": 235556
     },
     "29064496017": {
      "maxRSS": 12840,
      "systemtime": 11978,
      "usertime": 239564
     },
     "29064498108": {
      "maxRSS": 12968,
      "systemtime": 11980,
      "usertime": 239600
     },
     "29064500175": {
      "maxRSS": 12968,
      "systemtime": 11980,
      "usertime": 243609
     },
     "29064502281": {
      "maxRSS": 12968,
      "systemtime": 11981,
      "usertime": 243629
     },
     "29064504371": {
      "maxRSS": 12968,
      "systemtime": 11983,
      "usertime": 247656
     },
     "29064506460": {
      "maxRSS": 12968,
      "systemtime": 11984,
      "usertime": 247671
     },
     "29064508541": {
      "maxRSS": 12968,
      "systemtime": 11985,
      "usertime": 251685
     },
     "29064510618": {
      "maxRSS": 12968,
      "systemtime": 11985,
      "usertime": 251702
     },
     "29064512694": {
      "maxRSS": 12968,
      "systemtime": 11986,
      "usertime": 255717
     },
     "29064514781": {
      "maxRSS": 12968,
      "systemtime": 11987,
      "usertime": 255732
     },
     "29064516871": {
      "maxRSS": 12968,
      "systemtime": 11988,
      "usertime": 259746
     },
     "29064518945": {
      "maxRSS": 12968,
      "systemtime": 11988,
      "usertime": 259760
     },
     "29064521025": {
      "maxRSS": 12968,
      "systemtime": 11990,
      "usertime": 263784
     },
     "29064523101": {
      "maxRSS": 12968,
      "systemtime": 11990,
      "usertime": 263797
     },
     "29064525219": {
      "maxRSS": 12968,
      "systemtime": 11991,
      "usertime": 267816
     },
     "29064527303": {
      "maxRSS": 12968,
      "systemtime": 11992,
      "usertime": 267840
     },
     "29064529373": {
      "maxRSS": 12968,
      "systemtime": 11993,
      "usertime": 271851
     },
     "29064531445": {
      "maxRSS": 12968,
      "systemtime": 11994,
      "usertime": 271864
     },
     "29064533547": {
      "maxRSS": 12968,
      "systemtime": 11994,
      "usertime": 275878
     },
     "29064535651": {
      "maxRSS": 12968,
      "systemtime": 11995,
      "usertime": 275906
     },
     "29064537751": {
      "maxRSS": 12968,
      "systemtime": 11997,
      "usertime": 279941
     },
     "29064539824": {
      "maxRSS": 12968,
      "systemtime": 11998,
      "usertime": 279955
     },
     "29064541913": {
      "maxRSS": 12968,
      "systemtime": 11998,
      "usertime": 283968
     },
     "29064543984": {
      "maxRSS": 12968,
      "systemtime": 11999,
      "usertime": 283981
     },
     "29064546058": {
      "maxRSS": 12968,
      "systemtime": 11999,
      "usertime": 287993
     },
     "29064548130": {
      "maxRSS": 12968,
      "systemtime": 12000,
      "usertime": 292006
     },
     "29064550244": {
      "maxRSS": 12968,
      "systemtime": 12001,
      "usertime": 292034
     },
     "29064552350": {
      "maxRSS": 12968,
      "systemtime": 12002,
      "usertime": 296063
     },
     "29064554435": {
      "maxRSS": 12968,
      "systemtime": 12003,
      "usertime": 296085
     },
     "29064556513": {
      "maxRSS": 12968,
      "systemtime": 12003,
      "usertime": 300099
     },
     "29064558589": {
      "maxRSS": 12968,
      "systemtime": 12004,
      "usertime": 300113
     },
     "29064560679": {
      "maxRSS": 12968,
      "systemtime": 12005,
      "usertime": 304128
     },
     "29064562782": {
      "maxRSS": 12968,
      "systemtime": 12006,
      "usertime": 304154
     },
     "29064564881": {
      "maxRSS": 12968,
      "systemtime": 12006,
      "usertime": 308169
     },
     "29064566955": {
      "maxRSS": 12968,
      "systemtime": 12007,
      "usertime": 308183
     },
     "29064569063": {
      "maxRSS": 12968,
      "systemtime": 12008,
      "usertime": 312213
     },
     "29064571186": {
      "maxRSS": 12968,
      "systemtime": 12009,
      "usertime": 312258
     },
     "29064573293": {
      "maxRSS": 12968,
      "systemtime": 12010,
      "usertime": 316285
     },
     "29064575372": {
      "maxRSS": 12968,
      "systemtime": 12011,
      "usertime": 316303
     },
     "29064577470": {
      "maxRSS": 12968,
      "systemtime": 12012,
      "usertime": 320340
     },
     "29064579553": {
      "maxRSS": 12968,
      "systemtime": 12013,
      "usertime": 320355
     },
     "29064581652": {
      "maxRSS": 12968,
      "systemtime": 12013,
      "usertime": 324372
     },
     "29064583742": {
      "maxRSS": 12968,
      "systemtime": 12014,
      "usertime": 324385
     },
     "29064585852": {
      "maxRSS": 12968,
      "systemtime": 12015,
      "usertime": 328410
     },
     "29064587944": {
      "maxRSS": 12968,
      "systemtime": 12015,
      "usertime": 328436
     },
     "29064590074": {
      "maxRSS": 12968,
      "systemtime": 12017,
      "usertime": 332489
     },
     "29064592166": {
      "maxRSS": 12968,
      "systemtime": 12018,
      "usertime": 336518
     },
     "29064594245": {
      "maxRSS": 12968,
      "systemtime": 12019,
      "usertime": 336533
     },
     "29064596323": {
      "maxRSS": 12968,
      "systemtime": 12019,
      "usertime": 340552
     },
     "29064598398": {
      "maxRSS": 12968,
      "systemtime": 12020,
      "usertime": 340567
     },
     "29064600515": {
      "maxRSS": 12968,
      "systemtime": 12020,
      "usertime": 344585
     },
     "29064602616": {
      "maxRSS": 12968,
      "systemtime": 12021,
      "usertime": 344623
     },
     "29064604692": {
      "maxRSS": 12968,
      "systemtime": 12021,
      "usertime": 348636
     },
     "29064606767": {
      "maxRSS": 12968,
      "systemtime": 12022,
      "usertime": 348651
     },
     "29064608844": {
      "maxRSS": 12968,
      "systemtime": 12022,
      "usertime": 352665
     },
     "29064610972": {
      "maxRSS": 12968,
      "systemtime": 12023,
      "usertime": 352688
     },
     "29064613069": {
      "maxRSS": 12968,
      "systemtime": 12024,
      "usertime": 356720
     },
     "29064615163": {
      "maxRSS": 12968,
      "systemtime": 12025,
      "usertime": 356748
     },
     "29064617269": {
      "maxRSS": 12968,
      "systemtime": 12025,
      "usertime": 360771
     },
     "29064619418": {
      "maxRSS": 12968,
      "systemtime": 12027,
      "usertime": 360811
     },
     "29064621502": {
      "maxRSS": 12968,
      "systemtime": 12027,
      "usertime": 364832
     },
     "29064623615": {
      "maxRSS": 12968,
      "systemtime": 12028,
      "usertime": 364851
     },
     "29064625723": {
      "maxRSS": 12968,
      "systemtime": 12028,
      "usertime": 368888
     },
     "29064627839": {
      "maxRSS": 12968,
      "systemtime": 12029,
      "usertime": 368903
     },
     "29064629938": {
      "maxRSS": 12968,
      "systemtime": 12029,
      "usertime": 372918
     },
     "29064632070": {
      "maxRSS": 12968,
      "systemtime": 12030,
      "usertime": 376945
     },
     "29064634166": {
      "maxRSS": 12968,
      "systemtime": 12030,
      "usertime": 376960
     },
     "29064636246": {
      "maxRSS": 12968,
      "systemtime": 12030,
      "usertime": 380976
     },
     "29064638326": {
      "maxRSS": 12968,
      "systemtime": 12031,
      "usertime": 380991
     },
     "29064640432": {
      "maxRSS": 12968,
      "systemtime": 12031,
      "usertime": 385008
     },
     "29064642546": {
      "maxRSS": 12968,
      "systemtime": 12032,
      "usertime": 385040
     },
     "29064644644": {
      "maxRSS": 12968,
      "systemtime": 12033,
      "usertime": 389067
     },
     "29064646733": {
      "maxRSS": 12968,
      "systemtime": 12033,
      "usertime": 389084
     },
     "29064648824": {
      "maxRSS": 12968,
      "systemtime": 12033,
      "usertime": 393103
     },
     "29064650938": {
      "maxRSS": 12968,
      "systemtime": 12034,
      "usertime": 393129
     },
     "29064653026": {
      "maxRSS": 12968,
      "systemtime": 12034,
      "usertime": 397150
     },
     "29064655122": {
      "maxRSS": 12968,
      "systemtime": 12035,
      "usertime": 397179
     },
     "29064657199": {
      "maxRSS": 12968,
      "systemtime": 12035,
      "usertime": 401194
     },
     "29064659302": {
      "maxRSS": 12968,
      "systemtime": 12036,
      "usertime": 401208
     },
     "29064663379": {
      "maxRSS": 12968,
      "systemtime": 12036,
      "usertime": 405223
     },
     "29064667457": {
      "maxRSS": 12968,
      "systemtime": 12036,
      "usertime": 409239
     },
     "29064671551": {
      "maxRSS": 12968,
      "systemtime": 12036,
      "usertime": 413255
     },
     "29064675640": {
      "maxRSS": 12968,
      "systemtime": 12037,
      "usertime": 417282
     },
     "29064679742": {
      "maxRSS": 12968,
      "systemtime": 12037,
      "usertime": 421304
     },
     "29064683838": {
      "maxRSS": 12968,
      "systemtime": 12037,
      "usertime": 425339
     },
     "29064687936": {
      "maxRSS": 12968,
      "systemtime": 12037,
      "usertime": 429353
     },
     "29064692033": {
      "maxRSS": 12968,
      "systemtime": 12038,
      "usertime": 437385
     },
     "29064696118": {
      "maxRSS": 12968,
      "systemtime": 12039,
      "usertime": 441466
     },
     "29064700220": {
      "maxRSS": 12968,
      "systemtime": 12039,
      "usertime": 445454
     },
     "29064704318": {
      "maxRSS": 12968,
      "systemtime": 12039,
      "usertime": 449472
     },
     "29064708397": {
      "maxRSS": 12968,
      "systemtime": 12039,
      "usertime": 453489
     },
     "29064712490": {
      "maxRSS": 12968,
      "systemtime": 12039,
      "usertime": 457505
     },
     "29064716566": {
      "maxRSS": 12968,
      "systemtime": 12039,
      "usertime": 461520
     },
     "29064720648": {
      "maxRSS": 12968,
      "systemtime": 12039,
      "usertime": 465537
     },
     "29064724781": {
      "maxRSS": 12968,
      "systemtime": 12040,
      "usertime": 469570
     },
     "29064728876": {
      "maxRSS": 12968,
      "systemtime": 12040,
      "usertime": 473605
     },
     "29064732964": {
      "maxRSS": 12968,
      "systemtime": 12040,
      "usertime": 477621
     },
     "29064737042": {
      "maxRSS": 12968,
      "systemtime": 12041,
      "usertime": 481642
     },
     "29064741117": {
      "maxRSS": 12968,
      "systemtime": 12041,
      "usertime": 485652
     },
     "29064745203": {
      "maxRSS": 12968,
      "systemtime": 12041,
      "usertime": 489674
     },
     "29064749282": {
      "maxRSS": 12968,
      "systemtime": 12041,
      "usertime": 493693
     },
     "29064753376": {
      "maxRSS": 12968,
      "systemtime": 12041,
      "usertime": 497725
     },
     "29064757456": {
      "maxRSS": 12968,
      "systemtime": 12042,
      "usertime": 501750
     },
     "29064761554": {
      "maxRSS": 12968,
      "systemtime": 12042,
      "usertime": 505767
     },
     "29064765648": {
      "maxRSS": 12968,
      "systemtime": 12042,
      "usertime": 509769
     },
     "29064769727": {
      "maxRSS": 12968,
      "systemtime": 12042,
      "usertime": 513785
     },
     "29064773805": {
      "maxRSS": 12968,
      "systemtime": 12042,
      "usertime": 517826
     },
     "29064777907": {
      "maxRSS": 12968,
      "systemtime": 12042,
      "usertime": 521837
     },
     "29064782020": {
      "maxRSS": 12968,
      "systemtime": 12042,
      "usertime": 525865
     },
     "29064786118": {
      "maxRSS": 12968,
      "systemtime": 12043,
      "usertime": 529896
     },
     "29064790212": {
      "maxRSS": 12968,
      "systemtime": 12043,
      "usertime": 533931
     },
     "29064794301": {
      "maxRSS": 13096,
      "systemtime": 12044,
      "usertime": 537972
     },
     "29064798440": {
      "maxRSS": 13096,
      "systemtime": 12044,
      "usertime": 541982
     },
     "29064802607": {
      "maxRSS": 13096,
      "systemtime": 12044,
      "usertime": 546030
     },
     "29064806703": {
      "maxRSS": 13096,
      "systemtime": 12045,
      "usertime": 550056
     },
     "29064810790": {
      "maxRSS": 13096,
      "systemtime": 12045,
      "usertime": 554082
     },
     "29064814918": {
      "maxRSS": 13096,
      "systemtime": 12046,
      "usertime": 558136
     },
     "29064818998": {
      "maxRSS": 13096,
      "systemtime": 12046,
      "usertime": 562137
     },
     "29064823078": {
      "maxRSS": 13096,
      "systemtime": 12046,
      "usertime": 566160
     },
     "29064827174": {
      "maxRSS": 13096,
      "systemtime": 12046,
      "usertime": 570194
     },
     "29064831268": {
      "maxRSS": 13096,
      "systemtime": 12046,
      "usertime": 574228
     },
     "29064835341": {
      "maxRSS": 13096,
      "systemtime": 12046,
      "usertime": 578242
     },
     "29064839413": {
      "maxRSS": 13096,
      "systemtime": 12046,
      "usertime": 582254
     },
     "29064843488": {
      "maxRSS": 13096,
      "systemtime": 12046,
      "usertime": 586270
     },
     "29064847595": {
      "maxRSS": 13096,
      "systemtime": 12046,
      "usertime": 590290
     },
     "29064851751": {
      "maxRSS": 13096,
      "systemtime": 12046,
      "usertime": 594316
     },
     "29064855889": {
      "maxRSS": 13096,
      "systemtime": 12047,
      "usertime": 598363
     },
     "29064859981": {
      "maxRSS": 13096,
      "systemtime": 12047,
      "usertime": 602389
     },
     "29064864073": {
      "maxRSS": 13096,
      "systemtime": 12047,
      "usertime": 610425
     },
     "29064868160": {
      "maxRSS": 13096,
      "systemtime": 12047,
      "usertime": 614444
     },
     "29064872244": {
      "maxRSS": 13096,
      "systemtime": 12048,
      "usertime": 618466
     },
     "29064876333": {
      "maxRSS": 13096,
      "systemtime": 12048,
      "usertime": 622493
     },
     "29064880477": {
      "maxRSS": 13096,
      "systemtime": 12048,
      "usertime": 626541
     },
     "29064884591": {
      "maxRSS": 13096,
      "systemtime": 12048,
      "usertime": 630561
     },
     "29064888802": {
      "maxRSS": 13096,
      "systemtime": 12049,
      "usertime": 634609
     },
     "29064892950": {
      "maxRSS": 13096,
      "systemtime": 12049,
      "usertime": 638617
     },
     "29064897044": {
      "maxRSS": 13096,
      "systemtime": 12049,
      "usertime": 642651
     },
     "29064901148": {
      "maxRSS": 13096,
      "systemtime": 12050,
      "usertime": 646686
     },
     "29064905338": {
      "maxRSS": 13096,
      "systemtime": 12051,
      "usertime": 650756
     },
     "29064909492": {
      "maxRSS": 13096,
      "systemtime": 12051,
      "usertime": 654787
     },
     "29064913654": {
      "maxRSS": 13096,
      "systemtime": 12051,
      "usertime": 658824
     },
     "29064917766": {
      "maxRSS": 13096,
      "systemtime": 12051,
      "usertime": 662859
     },
     "29064921903": {
      "maxRSS": 13096,
      "systemtime": 12052,
      "usertime": 666895
     },
     "29064926017": {
      "maxRSS": 13096,
      "systemtime": 12052,
      "usertime": 670945
     },
     "29064930130": {
      "maxRSS": 13096,
      "systemtime": 12053,
      "usertime": 674993
     },
     "29064934269": {
      "maxRSS": 13096,
      "systemtime": 12053,
      "usertime": 679006
     },
     "29064938355": {
      "maxRSS": 13096,
      "systemtime": 12053,
      "usertime": 683024
     },
     "29064942478": {
      "maxRSS": 13096,
      "systemtime": 12053,
      "usertime": 687046
     },
     "29064946569": {
      "maxRSS": 13096,
      "systemtime": 12053,
      "usertime": 691058
     },
     "29064950662": {
      "maxRSS": 13096,
      "systemtime": 12053,
      "usertime": 695103
     },
     "29064954790": {
      "maxRSS": 13096,
      "systemtime": 12053,
      "usertime": 699129
     },
     "29064958956": {
      "maxRSS": 13096,
      "systemtime": 12054,
      "usertime": 703195
     },
     "29064963061": {
      "maxRSS": 13096,
      "systemtime": 12054,
      "usertime": 707225
     },
     "29064967250": {
      "maxRSS": 13096,
      "systemtime": 12056,
      "usertime": 711327
     },
     "29064971368": {
      "maxRSS": 13096,
      "systemtime": 12056,
      "usertime": 715285
     },
     "29064975522": {
      "maxRSS": 13096,
      "systemtime": 12056,
      "usertime": 719319
     },
     "29064979694": {
      "maxRSS": 13096,
      "systemtime": 12056,
      "usertime": 723362
     },
     "29064983830": {
      "maxRSS": 13096,
      "systemtime": 12056,
      "usertime": 727409
     },
     "29064987921": {
      "maxRSS": 13096,
      "systemtime": 12056,
      "usertime": 731438
     },
     "29064992035": {
      "maxRSS": 13096,
      "systemtime": 12056,
      "usertime": 739470
     },
     "29064996124": {
      "maxRSS": 13096,
      "systemtime": 12056,
      "usertime": 743501
     },
     "29065000211": {
      "maxRSS": 13096,
      "systemtime": 12056,
      "usertime": 747532
     },
     "29065004300": {
      "maxRSS": 13096,
      "systemtime": 12057,
      "usertime": 751572
     },
     "29065008416": {
      "maxRSS": 13096,
      "systemtime": 12057,
      "usertime": 755625
     },
     "29065009948": {
      "maxRSS": 13096,
      "systemtime": 12088,
      "usertime": 757534
     },
     "29065011075": {
      "maxRSS": 13480,
      "systemtime": 12088,
      "usertime": 757558
     },
     "29065011224": {
      "maxRSS": 13480,
      "systemtime": 12108,
      "usertime": 758814
     },
     "29065012304": {
      "maxRSS": 13480,
      "systemtime": 12108,
      "usertime": 759627
     },
     "29065013404": {
      "maxRSS": 13480,
      "systemtime": 12108,
      "usertime": 759638
     },
     "29065014476": {
      "maxRSS": 13480,
      "systemtime": 12108,
      "usertime": 759646
     },
     "29065015596": {
      "maxRSS": 13480,
      "systemtime": 12108,
      "usertime": 759674
     },
     "29065016690": {
      "maxRSS": 13480,
      "systemtime": 12108,
      "usertime": 763691
     },
     "29065017764": {
      "maxRSS": 13480,
      "systemtime": 12108,
      "usertime": 763708
     },
     "29065018836": {
      "maxRSS": 13480,
      "systemtime": 12108,
      "usertime": 763721
     },
     "29065019918": {
      "maxRSS": 13480,
      "systemtime": 12108,
      "usertime": 763738
     },
     "29065021077": {
      "maxRSS": 13480,
      "systemtime": 12108,
      "usertime": 767778
     },
     "29065022209": {
      "maxRSS": 13480,
      "systemtime": 12108,
      "usertime": 767817
     },
     "29065023274": {
      "maxRSS": 13480,
      "systemtime": 12108,
      "usertime": 767824
     },
     "29065024343": {
      "maxRSS": 13480,
      "systemtime": 12108,
      "usertime": 771835
     },
     "29065025446": {
      "maxRSS": 13480,
      "systemtime": 12108,
      "usertime": 771850
     },
     "29065026603": {
      "maxRSS": 13480,
      "systemtime": 12108,
      "usertime": 771864
     },
     "29065027687": {
      "maxRSS": 13480,
      "systemtime": 12108,
      "usertime": 771879
     },
     "29065028795": {
      "maxRSS": 13480,
      "systemtime": 12108,
      "usertime": 775945
     },
     "29065029902": {
      "maxRSS": 13480,
      "systemtime": 12108,
      "usertime": 775961
     },
     "29065030982": {
      "maxRSS": 13480,
      "systemtime": 12108,
      "usertime": 775975
     },
     "29065032027": {
      "maxRSS": 13480,
      "systemtime": 12108,
      "usertime": 779958
     },
     "29065033107": {
      "maxRSS": 13480,
      "systemtime": 12108,
      "usertime": 779973
     },
     "29065034180": {
      "maxRSS": 13480,
      "systemtime": 12108,
      "usertime": 779987
     },
     "29065035263": {
      "maxRSS": 13480,
      "systemtime": 12108,
      "usertime": 780013
     },
     "29065036330": {
      "maxRSS": 13480,
      "systemtime": 12108,
      "usertime": 784021
     },
     "29065037451": {
      "maxRSS": 13480,
      "systemtime": 12108,
      "usertime": 784045
     },
     "29065038595": {
      "maxRSS": 13480,
      "systemtime": 12108,
      "usertime": 784068
     },
     "29065039677": {
      "maxRSS": 13480,
      "systemtime": 12108,
      "usertime": 784086
     },
     "29065040753": {
      "maxRSS": 13480,
      "systemtime": 12108,
      "usertime": 788102
     },
     "29065041829": {
      "maxRSS": 13480,
      "systemtime": 12108,
      "usertime": 788116
     },
     "29065042940": {
      "maxRSS": 13480,
      "systemtime": 12108,
      "usertime": 788147
     },
     "29065044054": {
      "maxRSS": 13480,
      "systemtime": 12108,
      "usertime": 792162
     },
     "29065045177": {
      "maxRSS": 13480,
      "systemtime": 12108,
      "usertime": 792187
     },
     "29065046258": {
      "maxRSS": 13480,
      "systemtime": 12108,
      "usertime": 792203
     },
     "29065047379": {
      "maxRSS": 13480,
      "systemtime": 12108,
      "usertime": 792236
     },
     "29065048464": {
      "maxRSS": 13480,
      "systemtime": 12108,
      "usertime": 796258
     },
     "29065049548": {
      "maxRSS": 13608,
      "systemtime": 12108,
      "usertime": 796283
     },
     "29065050620": {
      "maxRSS": 13608,
      "systemtime": 12108,
      "usertime": 796294
     },
     "29065051706": {
      "maxRSS": 13608,
      "systemtime": 12108,
      "usertime": 796306
     },
     "29065052797": {
      "maxRSS": 13608,
      "systemtime": 12108,
      "usertime": 800318
     },
     "29065053943": {
      "maxRSS": 13608,
      "systemtime": 12108,
      "usertime": 800335
     },
     "29065055045": {
      "maxRSS": 13608,
      "systemtime": 12108,
      "usertime": 800352
     },
     "29065056138": {
      "maxRSS": 13608,
      "systemtime": 12108,
      "usertime": 804380
     },
     "29065057212": {
      "maxRSS": 13608,
      "systemtime": 12108,
      "usertime": 804393
     },
     "29065058281": {
      "maxRSS": 13608,
      "systemtime": 12108,
      "usertime": 804404
     },
     "29065059349": {
      "maxRSS": 13608,
      "systemtime": 12108,
      "usertime": 804414
     },
     "29065060458": {
      "maxRSS": 13608,
      "systemtime": 12108,
      "usertime": 808437
     },
     "29065061547": {
      "maxRSS": 13608,
      "systemtime": 12108,
      "usertime": 808459
     },
     "29065062644": {
      "maxRSS": 13608,
      "systemtime": 12108,
      "usertime": 808497
     },
     "29065063714": {
      "maxRSS": 13608,
      "systemtime": 12108,
      "usertime": 808508
     },
     "29065064819": {
      "maxRSS": 13608,
      "systemtime": 12108,
      "usertime": 812606
     },
     "29065065920": {
      "maxRSS": 13608,
      "systemtime": 12108,
      "usertime": 812617
     },
     "29065066990": {
      "maxRSS": 13608,
      "systemtime": 12108,
      "usertime": 812628
     },
     "29065068053": {
      "maxRSS": 13608,
      "systemtime": 12108,
      "usertime": 816552
     },
     "29065069154": {
      "maxRSS": 13608,
      "systemtime": 12108,
      "usertime": 816561
     },
     "29065070280": {
      "maxRSS": 13608,
      "systemtime": 12108,
      "usertime": 816593
     },
     "29065071352": {
      "maxRSS": 13608,
      "systemtime": 12108,
      "usertime": 816606
     },
     "29065072456": {
      "maxRSS": 13608,
      "systemtime": 12108,
      "usertime": 820625
     },
     "29065073574": {
      "maxRSS": 13608,
      "systemtime": 12108,
      "usertime": 820654
     },
     "29065074676": {
      "maxRSS": 13608,
      "systemtime": 12108,
      "usertime": 820665
     },
     "29065075861": {
      "maxRSS": 13608,
      "systemtime": 12108,
      "usertime": 820695
     },
     "29065077000": {
      "maxRSS": 13608,
      "systemtime": 12108,
      "usertime": 824752
     },
     "29065078084": {
      "maxRSS": 13608,
      "systemtime": 12108,
      "usertime": 824772
     },
     "29065079177": {
      "maxRSS": 13608,
      "systemtime": 12108,
      "usertime": 824792
     },
     "29065080258": {
      "maxRSS": 13608,
      "systemtime": 12108,
      "usertime": 828813
     },
     "29065081362": {
      "maxRSS": 13608,
      "systemtime": 12108,
      "usertime": 828826
     },
     "29065082465": {
      "maxRSS": 13608,
      "systemtime": 12108,
      "usertime": 828836
     },
     "29065083592": {
      "maxRSS": 13608,
      "systemtime": 12108,
      "usertime": 828868
     },
     "29065084703": {
      "maxRSS": 13608,
      "systemtime": 12108,
      "usertime": 832886
     },
     "29065085807": {
      "maxRSS": 13608,
      "systemtime": 12108,
      "usertime": 832897
     },
     "29065086915": {
      "maxRSS": 13608,
      "systemtime": 12108,
      "usertime": 832918
     },
     "29065088032": {
      "maxRSS": 13608,
      "systemtime": 12108,
      "usertime": 832939
     },
     "29065089234": {
      "maxRSS": 13608,
      "systemtime": 12108,
      "usertime": 837001
     },
     "29065090424": {
      "maxRSS": 13608,
      "systemtime": 12108,
      "usertime": 837040
     },
     "29065091634": {
      "maxRSS": 13608,
      "systemtime": 12108,
      "usertime": 837056
     },
     "29065092812": {
      "maxRSS": 13608,
      "systemtime": 12108,
      "usertime": 841035
     },
     "29065093966": {
      "maxRSS": 13608,
      "systemtime": 12108,
      "usertime": 841055
     },
     "29065095054": {
      "maxRSS": 13608,
      "systemtime": 12108,
      "usertime": 841073
     },
     "29065096125": {
      "maxRSS": 13608,
      "systemtime": 12108,
      "usertime": 845086
     },
     "29065097193": {
      "maxRSS": 13608,
      "systemtime": 12108,
      "usertime": 845096
     },
     "29065098319": {
      "maxRSS": 13608,
      "systemtime": 12108,
      "usertime": 845128
     },
     "29065099392": {
      "maxRSS": 13608,
      "systemtime": 12108,
      "usertime": 845140
     },
     "29065100464": {
      "maxRSS": 13608,
      "systemtime": 12108,
      "usertime": 849154
     },
     "29065101534": {
      "maxRSS": 13608,
      "systemtime": 12108,
      "usertime": 849164
     },
     "29065102606": {
      "maxRSS": 13608,
      "systemtime": 12108,
      "usertime": 849176
     },
     "29065103715": {
      "maxRSS": 13608,
      "systemtime": 12108,
      "usertime": 849192
     },
     "29065104838": {
      "maxRSS": 13608,
      "systemtime": 12108,
      "usertime": 853224
     },
     "29065105952": {
      "maxRSS": 13608,
      "systemtime": 12108,
      "usertime": 853237
     },
     "29065107068": {
      "maxRSS": 13608,
      "systemtime": 12108,
      "usertime": 853247
     },
     "29065108146": {
      "maxRSS": 13608,
      "systemtime": 12108,
      "usertime": 857262
     },
     "29065109257": {
      "maxRSS": 13608,
      "systemtime": 12108,
      "usertime": 857281
     },
     "29065110385": {
      "maxRSS": 13608,
      "systemtime": 12108,
      "usertime": 857300
     },
     "29065111495": {
      "maxRSS": 13608,
      "systemtime": 12108,
      "usertime": 857344
     },
     "29065112612": {
      "maxRSS": 13608,
      "systemtime": 12108,
      "usertime": 861374
     },
     "29065113745": {
      "maxRSS": 13608,
      "systemtime": 12108,
      "usertime": 861395
     },
     "29065114823": {
      "maxRSS": 13736,
      "systemtime": 12108,
      "usertime": 861413
     },
     "29065115914": {
      "maxRSS": 13736,
      "systemtime": 12108,
      "usertime": 861432
     },
     "29065117049": {
      "maxRSS": 13736,
      "systemtime": 12108,
      "usertime": 865460
     },
     "29065118283": {
      "maxRSS": 13736,
      "systemtime": 12108,
      "usertime": 865519
     },
     "29065119446": {
      "maxRSS": 13736,
      "systemtime": 12108,
      "usertime": 865540
     },
     "29065120523": {
      "maxRSS": 13736,
      "systemtime": 12108,
      "usertime": 869563
     },
     "29065121622": {
      "maxRSS": 13736,
      "systemtime": 12108,
      "usertime": 869588
     },
     "29065122789": {
      "maxRSS": 13736,
      "systemtime": 12108,
      "usertime": 869610
     },
     "29065123866": {
      "maxRSS": 13736,
      "systemtime": 12108,
      "usertime": 869625
     },
     "29065124969": {
      "maxRSS": 13736,
      "systemtime": 12108,
      "usertime": 873636
     },
     "29065126104": {
      "maxRSS": 13736,
      "systemtime": 12108,
      "usertime": 873672
     },
     "29065127186": {
      "maxRSS": 13736,
      "systemtime": 12108,
      "usertime": 873691
     },
     "29065128262": {
      "maxRSS": 13736,
      "systemtime": 12108,
      "usertime": 877703
     },
     "29065129366": {
      "maxRSS": 13736,
      "systemtime": 12108,
      "usertime": 877741
     },
     "29065130514": {
      "maxRSS": 13736,
      "systemtime": 12108,
      "usertime": 877767
     },
     "29065131600": {
      "maxRSS": 13736,
      "systemtime": 12108,
      "usertime": 877788
     },
     "29065132743": {
      "maxRSS": 13736,
      "systemtime": 12108,
      "usertime": 881824
     },
     "29065133813": {
      "maxRSS": 13736,
      "systemtime": 12108,
      "usertime": 881836
     },
     "29065134914": {
      "maxRSS": 13736,
      "systemtime": 12108,
      "usertime": 881845
     },
     "29065136032": {
      "maxRSS": 13736,
      "systemtime": 12108,
      "usertime": 885873
     },
     "29065137259": {
      "maxRSS": 13736,
      "systemtime": 12108,
      "usertime": 885905
     },
     "29065138389": {
      "maxRSS": 13736,
      "systemtime": 12108,
      "usertime": 885935
     },
     "29065139505": {
      "maxRSS": 13736,
      "systemtime": 12108,
      "usertime": 885979
     },
     "29065140604": {
      "maxRSS": 13736,
      "systemtime": 12108,
      "usertime": 889996
     },
     "29065141712": {
      "maxRSS": 13736,
      "systemtime": 12108,
      "usertime": 890007
     },
     "29065142820": {
      "maxRSS": 13736,
      "systemtime": 12108,
      "usertime": 890025
     },
     "29065143985": {
      "maxRSS": 13736,
      "systemtime": 12108,
      "usertime": 890079
     },
     "29065145132": {
      "maxRSS": 13736,
      "systemtime": 12108,
      "usertime": 894114
     },
     "29065146271": {
      "maxRSS": 13736,
      "systemtime": 12108,
      "usertime": 894155
     },
     "29065147377": {
      "maxRSS": 13736,
      "systemtime": 12108,
      "usertime": 894168
     },
     "29065148486": {
      "maxRSS": 13736,
      "systemtime": 12108,
      "usertime": 898184
     },
     "29065149624": {
      "maxRSS": 13736,
      "systemtime": 12108,
      "usertime": 898197
     },
     "29065150701": {
      "maxRSS": 13736,
      "systemtime": 12108,
      "usertime": 898210
     },
     "29065151775": {
      "maxRSS": 13736,
      "systemtime": 12108,
      "usertime": 898222
     },
     "29065153923": {
      "maxRSS": 13736,
      "systemtime": 12108,
      "usertime": 902239
     },
     "29065156085": {
      "maxRSS": 13736,
      "systemtime": 12108,
      "usertime": 906276
     },
     "29065158258": {
      "maxRSS": 13736,
      "systemtime": 12108,
      "usertime": 906293
     },
     "29065160404": {
      "maxRSS": 13736,
      "systemtime": 12108,
      "usertime": 910326
     },
     "29065162583": {
      "maxRSS": 13736,
      "systemtime": 12108,
      "usertime": 910343
     },
     "29065164715": {
      "maxRSS": 13736,
      "systemtime": 12108,
      "usertime": 914365
     },
     "29065166898": {
      "maxRSS": 13736,
      "systemtime": 12108,
      "usertime": 914381
     },
     "29065168998": {
      "maxRSS": 13736,
      "systemtime": 12108,
      "usertime": 918413
     },
     "29065171129": {
      "maxRSS": 13736,
      "systemtime": 12108,
      "usertime": 918447
     },
     "29065173205": {
      "maxRSS": 13736,
      "systemtime": 12108,
      "usertime": 922462
     },
     "29065175313": {
      "maxRSS": 13736,
      "systemtime": 12108,
      "usertime": 922475
     },
     "29065177450": {
      "maxRSS": 13736,
      "systemtime": 12108,
      "usertime": 926498
     },
     "29065179550": {
      "maxRSS": 13736,
      "systemtime": 12108,
      "usertime": 926524
     },
     "29065181718": {
      "maxRSS": 13736,
      "systemtime": 12108,
      "usertime": 930574
     },
     "29065183797": {
      "maxRSS": 13736,
      "systemtime": 12108,
      "usertime": 930591
     },
     "29065185902": {
      "maxRSS": 13736,
      "systemtime": 12108,
      "usertime": 934609
     },
     "29065188046": {
      "maxRSS": 13736,
      "systemtime": 12108,
      "usertime": 938626
     },
     "29065190146": {
      "maxRSS": 13736,
      "systemtime": 12108,
      "usertime": 938655
     },
     "29065192225": {
      "maxRSS": 13736,
      "systemtime": 12108,
      "usertime": 942675
     },
     "29065194387": {
      "maxRSS": 13736,
      "systemtime": 12108,
      "usertime": 942715
     },
     "29065196473": {
      "maxRSS": 13864,
      "systemtime": 12108,
      "usertime": 946738
     },
     "29065198553": {
      "maxRSS": 13864,
      "systemtime": 12108,
      "usertime": 946758
     },
     "29065200627": {
      "maxRSS": 13864,
      "systemtime": 12108,
      "usertime": 950773
     },
     "29065202705": {
      "maxRSS": 13864,
      "systemtime": 12108,
      "usertime": 950789
     },
     "29065204785": {
      "maxRSS": 13864,
      "systemtime": 12108,
      "usertime": 954809
     },
     "29065206898": {
      "maxRSS": 13864,
      "systemtime": 12108,
      "usertime": 954828
     },
     "29065208993": {
      "maxRSS": 13864,
      "systemtime": 12108,
      "usertime": 958860
     },
     "29065211077": {
      "maxRSS": 13864,
      "systemtime": 12108,
      "usertime": 958880
     },
     "29065213177": {
      "maxRSS": 13864,
      "systemtime": 12108,
      "usertime": 962910
     },
     "29065215322": {
      "maxRSS": 13864,
      "systemtime": 12108,
      "usertime": 962949
     },
     "29065217452": {
      "maxRSS": 13864,
      "systemtime": 12108,
      "usertime": 967011
     },
     "29065219543": {
      "maxRSS": 13864,
      "systemtime": 12108,
      "usertime": 967036
     },
     "29065221684": {
      "maxRSS": 13864,
      "systemtime": 12108,
      "usertime": 971051
     },
     "29065223766": {
      "maxRSS": 13864,
      "systemtime": 12108,
      "usertime": 971071
     },
     "29065225848": {
      "maxRSS": 13864,
      "systemtime": 12108,
      "usertime": 975085
     },
     "29065227936": {
      "maxRSS": 13864,
      "systemtime": 12108,
      "usertime": 975108
     },
     "29065230056": {
      "maxRSS": 13864,
      "systemtime": 12108,
      "usertime": 979133
     },
     "29065232130": {
      "maxRSS": 13864,
      "systemtime": 12108,
      "usertime": 983149
     },
     "29065234227": {
      "maxRSS": 13864,
      "systemtime": 12108,
      "usertime": 983182
     },
     "29065236316": {
      "maxRSS": 13864,
      "systemtime": 12108,
      "usertime": 987206
     },
     "29065238462": {
      "maxRSS": 13864,
      "systemtime": 12108,
      "usertime": 987229
     },
     "29065240570": {
      "maxRSS": 13864,
      "systemtime": 12108,
      "usertime": 991244
     },
     "29065242677": {
      "maxRSS": 13864,
      "systemtime": 12108,
      "usertime": 991257
     },
     "29065244769": {
      "maxRSS": 13864,
      "systemtime": 12108,
      "usertime": 995280
     },
     "29065246921": {
      "maxRSS": 13864,
      "systemtime": 12108,
      "usertime": 995338
     },
     "29065249062": {
      "maxRSS": 13864,
      "systemtime": 12108,
      "usertime": 999407
     },
     "29065251193": {
      "maxRSS": 13864,
      "systemtime": 12108,
      "usertime": 999456
     },
     "29065253436": {
      "maxRSS": 13864,
      "systemtime": 12108,
      "usertime": 1003789
     },
     "29065255536": {
      "maxRSS": 13864,
      "systemtime": 12108,
      "usertime": 1003824
     },
     "29065257635": {
      "maxRSS": 13864,
      "systemtime": 12108,
      "usertime": 1007679
     },
     "29065259781": {
      "maxRSS": 13864,
      "systemtime": 12108,
      "usertime": 1007733
     },
     "29065261922": {
      "maxRSS": 13864,
      "systemtime": 12108,
      "usertime": 1011788
     },
     "29065264052": {
      "maxRSS": 13864,
      "systemtime": 12108,
      "usertime": 1015824
     },
     "29065266205": {
      "maxRSS": 13864,
      "systemtime": 12108,
      "usertime": 1015871
     },
     "29065268314": {
      "maxRSS": 13864,
      "systemtime": 12108,
      "usertime": 1019924
     },
     "29065270418": {
      "maxRSS": 13864,
      "systemtime": 12108,
      "usertime": 1019962
     },
     "29065272507": {
      "maxRSS": 13864,
      "systemtime": 12108,
      "usertime": 1023970
     },
     "29065274642": {
      "maxRSS": 13864,
      "systemtime": 12108,
      "usertime": 1024024
     },
     "29065276800": {
      "maxRSS": 13864,
      "systemtime": 12108,
      "usertime": 1028075
     },
     "29065278980": {
      "maxRSS": 13864,
      "systemtime": 12108,
      "usertime": 1028106
     },
     "29065281155": {
      "maxRSS": 13864,
      "systemtime": 12108,
      "usertime": 1032124
     },
     "29065283282": {
      "maxRSS": 13864,
      "systemtime": 12108,
      "usertime": 1032141
     },
     "29065285360": {
      "maxRSS": 13992,
      "systemtime": 12108,
      "usertime": 1036151
     },
     "29065287455": {
      "maxRSS": 13992,
      "systemtime": 12108,
      "usertime": 1036181
     },
     "29065289534": {
      "maxRSS": 13992,
      "systemtime": 12108,
      "usertime": 1040195
     },
     "29065291606": {
      "maxRSS": 13992,
      "systemtime": 12108,
      "usertime": 1040207
     },
     "29065293680": {
      "maxRSS": 13992,
      "systemtime": 12108,
      "usertime": 1044221
     },
     "29065295890": {
      "maxRSS": 13992,
      "systemtime": 12108,
      "usertime": 1044238
     },
     "29065297975": {
      "maxRSS": 13992,
      "systemtime": 12108,
      "usertime": 1048255
     },
     "29065300037": {
      "maxRSS": 13992,
      "systemtime": 12108,
      "usertime": 1052282
     },
     "29065302112": {
      "maxRSS": 13992,
      "systemtime": 12108,
      "usertime": 1052296
     },
     "29065304189": {
      "maxRSS": 13992,
      "systemtime": 12108,
      "usertime": 1056315
     },
     "29065306273": {
      "maxRSS": 13992,
      "systemtime": 12108,
      "usertime": 1056335
     },
     "29065308346": {
      "maxRSS": 13992,
      "systemtime": 12108,
      "usertime": 1060350
     },
     "29065310453": {
      "maxRSS": 13992,
      "systemtime": 12108,
      "usertime": 1060366
     },
     "29065312561": {
      "maxRSS": 13992,
      "systemtime": 12108,
      "usertime": 1064403
     },
     "29065314658": {
      "maxRSS": 13992,
      "systemtime": 12108,
      "usertime": 1064431
     },
     "29065316746": {
      "maxRSS": 13992,
      "systemtime": 12108,
      "usertime": 1068456
     },
     "29065318829": {
      "maxRSS": 13992,
      "systemtime": 12108,
      "usertime": 1068477
     },
     "29065320918": {
      "maxRSS": 13992,
      "systemtime": 12108,
      "usertime": 1072509
     },
     "29065323064": {
      "maxRSS": 13992,
      "systemtime": 12108,
      "usertime": 1072538
     },
     "29065325146": {
      "maxRSS": 13992,
      "systemtime": 12108,
      "usertime": 1076548
     },
     "29065327237": {
      "maxRSS": 13992,
      "systemtime": 12108,
      "usertime": 1076578
     },
     "29065329391": {
      "maxRSS": 13992,
      "systemtime": 12108,
      "usertime": 1080595
     },
     "29065331469": {
      "maxRSS": 13992,
      "systemtime": 12108,
      "usertime": 1080612
     },
     "29065333584": {
      "maxRSS": 13992,
      "systemtime": 12108,
      "usertime": 1084632
     },
     "29065335668": {
      "maxRSS": 13992,
      "systemtime": 12108,
      "usertime": 1084653
     },
     "29065337755": {
      "maxRSS": 13992,
      "systemtime": 12108,
      "usertime": 1088674
     },
     "29065339869": {
      "maxRSS": 13992,
      "systemtime": 12108,
      "usertime": 1088721
     },
     "29065341957": {
      "maxRSS": 13992,
      "systemtime": 12108,
      "usertime": 1092749
     },
     "29065344048": {
      "maxRSS": 13992,
      "systemtime": 12108,
      "usertime": 1096776
     },
     "29065346142": {
      "maxRSS": 13992,
      "systemtime": 12108,
      "usertime": 1096801
     },
     "29065348232": {
      "maxRSS": 13992,
      "systemtime": 12108,
      "usertime": 1100825
     },
     "29065350331": {
      "maxRSS": 13992,
      "systemtime": 12108,
      "usertime": 1100848
     },
     "29065352457": {
      "maxRSS": 13992,
      "systemtime": 12108,
      "usertime": 1104906
     },
     "29065354563": {
      "maxRSS": 13992,
      "systemtime": 12108,
      "usertime": 1104943
     },
     "29065356682": {
      "maxRSS": 13992,
      "systemtime": 12108,
      "usertime": 1108992
     },
     "29065358795": {
      "maxRSS": 13992,
      "systemtime": 12108,
      "usertime": 1109022
     },
     "29065360884": {
      "maxRSS": 13992,
      "systemtime": 12108,
      "usertime": 1113036
     },
     "29065362992": {
      "maxRSS": 13992,
      "systemtime": 12108,
      "usertime": 1113070
     },
     "29065365134": {
      "maxRSS": 13992,
      "systemtime": 12108,
      "usertime": 1117138
     },
     "29065367266": {
      "maxRSS": 13992,
      "systemtime": 12108,
      "usertime": 1117178
     },
     "29065369423": {
      "maxRSS": 13992,
      "systemtime": 12108,
      "usertime": 1121226
     },
     "29065371556": {
      "maxRSS": 14120,
      "systemtime": 12108,
      "usertime": 1121262
     },
     "29065373688": {
      "maxRSS": 14120,
      "systemtime": 12108,
      "usertime": 1125285
     },
     "29065375779": {
      "maxRSS": 14120,
      "systemtime": 12108,
      "usertime": 1125307
     },
     "29065377939": {
      "maxRSS": 14120,
      "systemtime": 12108,
      "usertime": 1129341
     },
     "29065380073": {
      "maxRSS": 14248,
      "systemtime": 12108,
      "usertime": 1133417
     },
     "29065382188": {
      "maxRSS": 14248,
      "systemtime": 12108,
      "usertime": 1133439
     },
     "29065384267": {
      "maxRSS": 14248,
      "systemtime": 12108,
      "usertime": 1137447
     },
     "29065386358": {
      "maxRSS": 14248,
      "systemtime": 12108,
      "usertime": 1137465
     },
     "29065388478": {
      "maxRSS": 14248,
      "systemtime": 12108,
      "usertime": 1141492
     },
     "29065390586": {
      "maxRSS": 14248,
      "systemtime": 12108,
      "usertime": 1141505
     },
     "29065392675": {
      "maxRSS": 14248,
      "systemtime": 12108,
      "usertime": 1145531
     },
     "29065394743": {
      "maxRSS": 14248,
      "systemtime": 12108,
      "usertime": 1145542
     },
     "29065396821": {
      "maxRSS": 14248,
      "systemtime": 12108,
      "usertime": 1149553
     },
     "29065398916": {
      "maxRSS": 14248,
      "systemtime": 12108,
      "usertime": 1149570
     },
     "29065400996": {
      "maxRSS": 14248,
      "systemtime": 12108,
      "usertime": 1153587
     },
     "29065403068": {
      "maxRSS": 14248,
      "systemtime": 12108,
      "usertime": 1153600
     },
     "29065405154": {
      "maxRSS": 14248,
      "systemtime": 12108,
      "usertime": 1157627
     },
     "29065407224": {
      "maxRSS": 14248,
      "systemtime": 12108,
      "usertime": 1157637
     },
     "29065409292": {
      "maxRSS": 14248,
      "systemtime": 12108,
      "usertime": 1161646
     },
     "29065411359": {
      "maxRSS": 14248,
      "systemtime": 12108,
      "usertime": 1161654
     },
     "29065413436": {
      "maxRSS": 14248,
      "systemtime": 12108,
      "usertime": 1165670
     },
     "29065415549": {
      "maxRSS": 14248,
      "systemtime": 12108,
      "usertime": 1165689
     },
     "29065417643": {
      "maxRSS": 14248,
      "systemtime": 12108,
      "usertime": 1169726
     },
     "29065419718": {
      "maxRSS": 14248,
      "systemtime": 12108,
      "usertime": 1169740
     },
     "29065421799": {
      "maxRSS": 14248,
      "systemtime": 12108,
      "usertime": 1173752
     },
     "29065425876": {
      "maxRSS": 14248,
      "systemtime": 12108,
      "usertime": 1177768
     },
     "29065429995": {
      "maxRSS": 14248,
      "systemtime": 12108,
      "usertime": 1181875
     },
     "29065434084": {
      "maxRSS": 14248,
      "systemtime": 12108,
      "usertime": 1185858
     },
     "29065438206": {
      "maxRSS": 14248,
      "systemtime": 12108,
      "usertime": 1189873
     },
     "29065442368": {
      "maxRSS": 14248,
      "systemtime": 12108,
      "usertime": 1193912
     },
     "29065446451": {
      "maxRSS": 14248,
      "systemtime": 12108,
      "usertime": 1197930
     },
     "29065450573": {
      "maxRSS": 14376,
      "systemtime": 12108,
      "usertime": 1201961
     },
     "29065454787": {
      "maxRSS": 14376,
      "systemtime": 12108,
      "usertime": 1205994
     },
     "29065458913": {
      "maxRSS": 14376,
      "systemtime": 12108,
      "usertime": 1210035
     },
     "29065463027": {
      "maxRSS": 14376,
      "systemtime": 12108,
      "usertime": 1214077
     },
     "29065467180": {
      "maxRSS": 14376,
      "systemtime": 12108,
      "usertime": 1218145
     },
     "29065471313": {
      "maxRSS": 14376,
      "systemtime": 12108,
      "usertime": 1222174
     },
     "29065475432": {
      "maxRSS": 14376,
      "systemtime": 12108,
      "usertime": 1226198
     },
     "29065479542": {
      "maxRSS": 14376,
      "systemtime": 12108,
      "usertime": 1230218
     },
     "29065483632": {
      "maxRSS": 14376,
      "systemtime": 12108,
      "usertime": 1234265
     },
     "29065487757": {
      "maxRSS": 14376,
      "systemtime": 12108,
      "usertime": 1238276
     },
     "29065491882": {
      "maxRSS": 14376,
      "systemtime": 12108,
      "usertime": 1242333
     },
     "29065496028": {
      "maxRSS": 14376,
      "systemtime": 12108,
      "usertime": 1250393
     },
     "29065500119": {
      "maxRSS": 14376,
      "systemtime": 12108,
      "usertime": 1254415
     },
     "29065504216": {
      "maxRSS": 14376,
      "systemtime": 12108,
      "usertime": 1258449
     },
     "29065508337": {
      "maxRSS": 14376,
      "systemtime": 12108,
      "usertime": 1262480
     },
     "29065512423": {
      "maxRSS": 14376,
      "systemtime": 12108,
      "usertime": 1266509
     },
     "29065516558": {
      "maxRSS": 14376,
      "systemtime": 12108,
      "usertime": 1270553
     },
     "29065520651": {
      "maxRSS": 14376,
      "systemtime": 12108,
      "usertime": 1274582
     },
     "29065524744": {
      "maxRSS": 14376,
      "systemtime": 12108,
      "usertime": 1278610
     },
     "29065528842": {
      "maxRSS": 14376,
      "systemtime": 12108,
      "usertime": 1282644
     },
     "29065532967": {
      "maxRSS": 14376,
      "systemtime": 12108,
      "usertime": 1286675
     },
     "29065537074": {
      "maxRSS": 14504,
      "systemtime": 12108,
      "usertime": 1290703
     },
     "29065541235": {
      "maxRSS": 14504,
      "systemtime": 12108,
      "usertime": 1294732
     },
     "29065545357": {
      "maxRSS": 14504,
      "systemtime": 12108,
      "usertime": 1298772
     },
     "29065549438": {
      "maxRSS": 14504,
      "systemtime": 12108,
      "usertime": 1302797
     },
     "29065553569": {
      "maxRSS": 14504,
      "systemtime": 12108,
      "usertime": 1306808
     },
     "29065557684": {
      "maxRSS": 14504,
      "systemtime": 12108,
      "usertime": 1310826
     },
     "29065561791": {
      "maxRSS": 14504,
      "systemtime": 12108,
      "usertime": 1314848
     },
     "29065565928": {
      "maxRSS": 14504,
      "systemtime": 12108,
      "usertime": 1318891
     },
     "29065570044": {
      "maxRSS": 14504,
      "systemtime": 12108,
      "usertime": 1322944
     },
     "29065574167": {
      "maxRSS": 14504,
      "systemtime": 12108,
      "usertime": 1326981
     },
     "29065578274": {
      "maxRSS": 14504,
      "systemtime": 12108,
      "usertime": 1331006
     },
     "29065582394": {
      "maxRSS": 14504,
      "systemtime": 12108,
      "usertime": 1335056
     },
     "29065586512": {
      "maxRSS": 14504,
      "systemtime": 12108,
      "usertime": 1339095
     },
     "29065590606": {
      "maxRSS": 14504,
      "systemtime": 12108,
      "usertime": 1343123
     },
     "29065594743": {
      "maxRSS": 14504,
      "systemtime": 12108,
      "usertime": 1347184
     },
     "29065598834": {
      "maxRSS": 14504,
      "systemtime": 12108,
      "usertime": 1351223
     },
     "29065602988": {
      "maxRSS": 14504,
      "systemtime": 12108,
      "usertime": 1355250
     },
     "29065607120": {
      "maxRSS": 14504,
      "systemtime": 12108,
      "usertime": 1359285
     },
     "29065611231": {
      "maxRSS": 14504,
      "systemtime": 12108,
      "usertime": 1363316
     },
     "29065615341": {
      "maxRSS": 14504,
      "systemtime": 12108,
      "usertime": 1367353
     },
     "29065619454": {
      "maxRSS": 14632,
      "systemtime": 12108,
      "usertime": 1371399
     },
     "29065623568": {
      "maxRSS": 14632,
      "systemtime": 12108,
      "usertime": 1375431
     },
     "29065627693": {
      "maxRSS": 14632,
      "systemtime": 12108,
      "usertime": 1379461
     },
     "29065631796": {
      "maxRSS": 14632,
      "systemtime": 12108,
      "usertime": 1383499
     },
     "29065635890": {
      "maxRSS": 14632,
      "systemtime": 12108,
      "usertime": 1387524
     },
     "29065640026": {
      "maxRSS": 14632,
      "systemtime": 12108,
      "usertime": 1395581
     },
     "29065644116": {
      "maxRSS": 14632,
      "systemtime": 12108,
      "usertime": 1399615
     },
     "29065648222": {
      "maxRSS": 14632,
      "systemtime": 12108,
      "usertime": 1403694
     },
     "29065652308": {
      "maxRSS": 14632,
      "systemtime": 12108,
      "usertime": 1407685
     },
     "29065656398": {
      "maxRSS": 14632,
      "systemtime": 12108,
      "usertime": 1411712
     },
     "29065660539": {
      "maxRSS": 14632,
      "systemtime": 12108,
      "usertime": 1415744
     },
     "29065664636": {
      "maxRSS": 14632,
      "systemtime": 12108,
      "usertime": 1419775
     },
     "29065668756": {
      "maxRSS": 14632,
      "systemtime": 12108,
      "usertime": 1423819
     },
     "29065672865": {
      "maxRSS": 14632,
      "systemtime": 12108,
      "usertime": 1427841
     },
     "29065676980": {
      "maxRSS": 14632,
      "systemtime": 12108,
      "usertime": 1431873
     },
     "29065681077": {
      "maxRSS": 14632,
      "systemtime": 12108,
      "usertime": 1435904
     },
     "29065685169": {
      "maxRSS": 14632,
      "systemtime": 12108,
      "usertime": 1439930
     },
     "29065689325": {
      "maxRSS": 14632,
      "systemtime": 12108,
      "usertime": 1443966
     },
     "29065693453": {
      "maxRSS": 14632,
      "systemtime": 12108,
      "usertime": 1448004
     },
     "29065697589": {
      "maxRSS": 14760,
      "systemtime": 12108,
      "usertime": 1452040
     },
     "29065701697": {
      "maxRSS": 14760,
      "systemtime": 12108,
      "usertime": 1456076
     },
     "29065705840": {
      "maxRSS": 14760,
      "systemtime": 12108,
      "usertime": 1460115
     },
     "29065709955": {
      "maxRSS": 14760,
      "systemtime": 12108,
      "usertime": 1464150
     },
     "29065714163": {
      "maxRSS": 14760,
      "systemtime": 12108,
      "usertime": 1468196
     },
     "29065718252": {
      "maxRSS": 14760,
      "systemtime": 12108,
      "usertime": 1472231
     },
     "29065722366": {
      "maxRSS": 14760,
      "systemtime": 12108,
      "usertime": 1476263
     },
     "29065726530": {
      "maxRSS": 14760,
      "systemtime": 12108,
      "usertime": 1480299
     },
     "29065730652": {
      "maxRSS": 14760,
      "systemtime": 12108,
      "usertime": 1484327
     },
     "29065734748": {
      "maxRSS": 14760,
      "systemtime": 12108,
      "usertime": 1488357
     },
     "29065738847": {
      "maxRSS": 14760,
      "systemtime": 12108,
      "usertime": 1492388
     },
     "29065742945": {
      "maxRSS": 14760,
      "systemtime": 12108,
      "usertime": 1496420
     },
     "29065747154": {
      "maxRSS": 14760,
      "systemtime": 12108,
      "usertime": 1500456
     },
     "29065751393": {
      "maxRSS": 14760,
      "systemtime": 12108,
      "usertime": 1504566
     },
     "29065755510": {
      "maxRSS": 14760,
      "systemtime": 12108,
      "usertime": 1508560
     },
     "29065759595": {
      "maxRSS": 14760,
      "systemtime": 12108,
      "usertime": 1512564
     },
     "29065763716": {
      "maxRSS": 14760,
      "systemtime": 12108,
      "usertime": 1516585
     },
     "29065767808": {
      "maxRSS": 14760,
      "systemtime": 12108,
      "usertime": 1520612
     },
     "29065771886": {
      "maxRSS": 14760,
      "systemtime": 12108,
      "usertime": 1524628
     },
     "29065775985": {
      "maxRSS": 14888,
      "systemtime": 12108,
      "usertime": 1528666
     },
     "29065780081": {
      "maxRSS": 14888,
      "systemtime": 12108,
      "usertime": 1536693
     },
     "29065784159": {
      "maxRSS": 14888,
      "systemtime": 12108,
      "usertime": 1540712
     },
     "29065788240": {
      "maxRSS": 14888,
      "systemtime": 12108,
      "usertime": 1544731
     },
     "29065792331": {
      "maxRSS": 14888,
      "systemtime": 12108,
      "usertime": 1548757
     },
     "29065796455": {
      "maxRSS": 14888,
      "systemtime": 12108,
      "usertime": 1552810
     },
     "29065797557": {
      "maxRSS": 14888,
      "systemtime": 12108,
      "usertime": 1554416
     },
     "29065798724": {
      "maxRSS": 15272,
      "systemtime": 12108,
      "usertime": 1554477
     },
     "29065799910": {
      "maxRSS": 15528,
      "systemtime": 12108,
      "usertime": 1554497
     },
     "29065801045": {
      "maxRSS": 15912,
      "systemtime": 12108,
      "usertime": 1556958
     },
     "29065802123": {
      "maxRSS": 16168,
      "systemtime": 12108,
      "usertime": 1556974
     },
     "29065802589": {
      "maxRSS": 16296,
      "systemtime": 12108,
      "usertime": 1559560
     },
     "29065803724": {
      "maxRSS": 16296,
      "systemtime": 12108,
      "usertime": 1559597
     },
     "29065804841": {
      "maxRSS": 16296,
      "systemtime": 12108,
      "usertime": 1561054
     },
     "29065805912": {
      "maxRSS": 16296,
      "systemtime": 12108,
      "usertime": 1561065
     },
     "29065807009": {
      "maxRSS": 16296,
      "systemtime": 12108,
      "usertime": 1561083
     },
     "29065808092": {
      "maxRSS": 16296,
      "systemtime": 12108,
      "usertime": 1565099
     },
     "29065809171": {
      "maxRSS": 16296,
      "systemtime": 12108,
      "usertime": 1565116
     },
     "29065810250": {
      "maxRSS": 16296,
      "systemtime": 12108,
      "usertime": 1565129
     },
     "29065811359": {
      "maxRSS": 16296,
      "systemtime": 12108,
      "usertime": 1565169
     },
     "29065812457": {
      "maxRSS": 16296,
      "systemtime": 12108,
      "usertime": 1569204
     },
     "29065813598": {
      "maxRSS": 16296,
      "systemtime": 12108,
      "usertime": 1569228
     },
     "29065814704": {
      "maxRSS": 16296,
      "systemtime": 12108,
      "usertime": 1569239
     },
     "29065815810": {
      "maxRSS": 16296,
      "systemtime": 12108,
      "usertime": 1569250
     },
     "29065816893": {
      "maxRSS": 16296,
      "systemtime": 12108,
      "usertime": 1573264
     },
     "29065818003": {
      "maxRSS": 16296,
      "systemtime": 12108,
      "usertime": 1573308
     },
     "29065819110": {
      "maxRSS": 16296,
      "systemtime": 12108,
      "usertime": 1573325
     },
     "29065820196": {
      "maxRSS": 16296,
      "systemtime": 12108,
      "usertime": 1577361
     },
     "29065821303": {
      "maxRSS": 16296,
      "systemtime": 12108,
      "usertime": 1577385
     },
     "29065822397": {
      "maxRSS": 16296,
      "systemtime": 12108,
      "usertime": 1577404
     },
     "29065823497": {
      "maxRSS": 16296,
      "systemtime": 12108,
      "usertime": 1577421
     },
     "29065824605": {
      "maxRSS": 16296,
      "systemtime": 12108,
      "usertime": 1581468
     },
     "29065825723": {
      "maxRSS": 16296,
      "systemtime": 12108,
      "usertime": 1581497
     },
     "29065826807": {
      "maxRSS": 16296,
      "systemtime": 12108,
      "usertime": 1581520
     },
     "29065827923": {
      "maxRSS": 16296,
      "systemtime": 12108,
      "usertime": 1581536
     },
     "29065828998": {
      "maxRSS": 16296,
      "systemtime": 12108,
      "usertime": 1585537
     },
     "29065830088": {
      "maxRSS": 16296,
      "systemtime": 12108,
      "usertime": 1585552
     },
     "29065831186": {
      "maxRSS": 16296,
      "systemtime": 12108,
      "usertime": 1585588
     },
     "29065832261": {
      "maxRSS": 16296,
      "systemtime": 12108,
      "usertime": 1589595
     },
     "29065833333": {
      "maxRSS": 16296,
      "systemtime": 12108,
      "usertime": 1589608
     },
     "29065834414": {
      "maxRSS": 16296,
      "systemtime": 12108,
      "usertime": 1589624
     },
     "29065835515": {
      "maxRSS": 16296,
      "systemtime": 12108,
      "usertime": 1589647
     },
     "29065836619": {
      "maxRSS": 16296,
      "systemtime": 12108,
      "usertime": 1593685
     },
     "29065837722": {
      "maxRSS": 16296,
      "systemtime": 12108,
      "usertime": 1593715
     },
     "29065838909": {
      "maxRSS": 16296,
      "systemtime": 12108,
      "usertime": 1593790
     },
     "29065839995": {
      "maxRSS": 16296,
      "systemtime": 12108,
      "usertime": 1593814
     },
     "29065841102": {
      "maxRSS": 16296,
      "systemtime": 12108,
      "usertime": 1597886
     },
     "29065842205": {
      "maxRSS": 16296,
      "systemtime": 12108,
      "usertime": 1597906
     },
     "29065843301": {
      "maxRSS": 16296,
      "systemtime": 12108,
      "usertime": 1597920
     },
     "29065844382": {
      "maxRSS": 16296,
      "systemtime": 12108,
      "usertime": 1601892
     },
     "29065845549": {
      "maxRSS": 16296,
      "systemtime": 12108,
      "usertime": 1601945
     },
     "29065846629": {
      "maxRSS": 16296,
      "systemtime": 12108,
      "usertime": 1601963
     },
     "29065847730": {
      "maxRSS": 16296,
      "systemtime": 12108,
      "usertime": 1601984
     },
     "29065848847": {
      "maxRSS": 16296,
      "systemtime": 12108,
      "usertime": 1606013
     },
     "29065849927": {
      "maxRSS": 16296,
      "systemtime": 12108,
      "usertime": 1606032
     },
     "29065851046": {
      "maxRSS": 16296,
      "systemtime": 12108,
      "usertime": 1606052
     },
     "29065852204": {
      "maxRSS": 16296,
      "systemtime": 12108,
      "usertime": 1610091
     },
     "29065853297": {
      "maxRSS": 16296,
      "systemtime": 12108,
      "usertime": 1610112
     },
     "29065854384": {
      "maxRSS": 16296,
      "systemtime": 12108,
      "usertime": 1610130
     },
     "29065855478": {
      "maxRSS": 16296,
      "systemtime": 12108,
      "usertime": 1610141
     },
     "29065856626": {
      "maxRSS": 16296,
      "systemtime": 12108,
      "usertime": 1614163
     },
     "29065857732": {
      "maxRSS": 16296,
      "systemtime": 12108,
      "usertime": 1614176
     },
     "29065858858": {
      "maxRSS": 16296,
      "systemtime": 12108,
      "usertime": 1614209
     },
     "29065859962": {
      "maxRSS": 16296,
      "systemtime": 12108,
      "usertime": 1614220
     },
     "29065861032": {
      "maxRSS": 16296,
      "systemtime": 12108,
      "usertime": 1618229
     },
     "29065862142": {
      "maxRSS": 16296,
      "systemtime": 12108,
      "usertime": 1618245
     },
     "29065863241": {
      "maxRSS": 16296,
      "systemtime": 12108,
      "usertime": 1618267
     },
     "29065864319": {
      "maxRSS": 16296,
      "systemtime": 12108,
      "usertime": 1622292
     },
     "29065865422": {
      "maxRSS": 16296,
      "systemtime": 12108,
      "usertime": 1622305
     },
     "29065866543": {
      "maxRSS": 16296,
      "systemtime": 12108,
      "usertime": 1622333
     },
     "29065867613": {
      "maxRSS": 16296,
      "systemtime": 12108,
      "usertime": 1622345
     },
     "29065868715": {
      "maxRSS": 16296,
      "systemtime": 12108,
      "usertime": 1626349
     },
     "29065869812": {
      "maxRSS": 16296,
      "systemtime": 12108,
      "usertime": 1626371
     },
     "29065870956": {
      "maxRSS": 16296,
      "systemtime": 12108,
      "usertime": 1626401
     },
     "29065872057": {
      "maxRSS": 16296,
      "systemtime": 12108,
      "usertime": 1630417
     },
     "29065873170": {
      "maxRSS": 16296,
      "systemtime": 12108,
      "usertime": 1630440
     },
     "29065874270": {
      "maxRSS": 16296,
      "systemtime": 12108,
      "usertime": 1630449
     },
     "29065875353": {
      "maxRSS": 16296,
      "systemtime": 12108,
      "usertime": 1630461
     },
     "29065876468": {
      "maxRSS": 16424,
      "systemtime": 12108,
      "usertime": 1634478
     },
     "29065877568": {
      "maxRSS": 16424,
      "systemtime": 12108,
      "usertime": 1634488
     },
     "29065878692": {
      "maxRSS": 16424,
      "systemtime": 12108,
      "usertime": 1634507
     },
     "29065879800": {
      "maxRSS": 16424,
      "systemtime": 12108,
      "usertime": 1634543
     },
     "29065880904": {
      "maxRSS": 16424,
      "systemtime": 12108,
      "usertime": 1638556
     },
     "29065882004": {
      "maxRSS": 16424,
      "systemtime": 12108,
      "usertime": 1638564
     },
     "29065883101": {
      "maxRSS": 16424,
      "systemtime": 12108,
      "usertime": 1638572
     },
     "29065884171": {
      "maxRSS": 16424,
      "systemtime": 12108,
      "usertime": 1642582
     },
     "29065885274": {
      "maxRSS": 16424,
      "systemtime": 12108,
      "usertime": 1642594
     },
     "29065886353": {
      "maxRSS": 16424,
      "systemtime": 12108,
      "usertime": 1642615
     },
     "29065887420": {
      "maxRSS": 16424,
      "systemtime": 12108,
      "usertime": 1642624
     },
     "29065888485": {
      "maxRSS": 16424,
      "systemtime": 12108,
      "usertime": 1646632
     },
     "29065889589": {
      "maxRSS": 16424,
      "systemtime": 12108,
      "usertime": 1646640
     },
     "29065890699": {
      "maxRSS": 16424,
      "systemtime": 12108,
      "usertime": 1646658
     },
     "29065891820": {
      "maxRSS": 16424,
      "systemtime": 12108,
      "usertime": 1646687
     },
     "29065892943": {
      "maxRSS": 16424,
      "systemtime": 12108,
      "usertime": 1650710
     },
     "29065894039": {
      "maxRSS": 16680,
      "systemtime": 12108,
      "usertime": 1650737
     },
     "29065895155": {
      "maxRSS": 16680,
      "systemtime": 12108,
      "usertime": 1650754
     },
     "29065896227": {
      "maxRSS": 16680,
      "systemtime": 12108,
      "usertime": 1654769
     },
     "29065897299": {
      "maxRSS": 16680,
      "systemtime": 12108,
      "usertime": 1654782
     },
     "29065898405": {
      "maxRSS": 16680,
      "systemtime": 12108,
      "usertime": 1654798
     },
     "29065899521": {
      "maxRSS": 16680,
      "systemtime": 12108,
      "usertime": 1654825
     },
     "29065900696": {
      "maxRSS": 16680,
      "systemtime": 12108,
      "usertime": 1658882
     },
     "29065901810": {
      "maxRSS": 16680,
      "systemtime": 12108,
      "usertime": 1658903
     },
     "29065902903": {
      "maxRSS": 16680,
      "systemtime": 12108,
      "usertime": 1658925
     },
     "29065904024": {
      "maxRSS": 16680,
      "systemtime": 12108,
      "usertime": 1662947
     },
     "29065905129": {
      "maxRSS": 16680,
      "systemtime": 12108,
      "usertime": 1662959
     },
     "29065906227": {
      "maxRSS": 16680,
      "systemtime": 12108,
      "usertime": 1662967
     },
     "29065907356": {
      "maxRSS": 16680,
      "systemtime": 12108,
      "usertime": 1663002
     },
     "29065908499": {
      "maxRSS": 16680,
      "systemtime": 12108,
      "usertime": 1667035
     },
     "29065909572": {
      "maxRSS": 16680,
      "systemtime": 12108,
      "usertime": 1667050
     },
     "29065910675": {
      "maxRSS": 16680,
      "systemtime": 12108,
      "usertime": 1667061
     },
     "29065911781": {
      "maxRSS": 16680,
      "systemtime": 12108,
      "usertime": 1667073
     },
     "29065912895": {
      "maxRSS": 16808,
      "systemtime": 12108,
      "usertime": 1671094
     },
     "29065914007": {
      "maxRSS": 16808,
      "systemtime": 12108,
      "usertime": 1671115
     },
     "29065915120": {
      "maxRSS": 16808,
      "systemtime": 12108,
      "usertime": 1671134
     },
     "29065916186": {
      "maxRSS": 16808,
      "systemtime": 12108,
      "usertime": 1675142
     },
     "29065917287": {
      "maxRSS": 16808,
      "systemtime": 12108,
      "usertime": 1675151
     },
     "29065918386": {
      "maxRSS": 16808,
      "systemtime": 12108,
      "usertime": 1675160
     },
     "29065919488": {
      "maxRSS": 16808,
      "systemtime": 12108,
      "usertime": 1675170
     },
     "29065920588": {
      "maxRSS": 16808,
      "systemtime": 12108,
      "usertime": 1679203
     },
     "29065921687": {
      "maxRSS": 16808,
      "systemtime": 12108,
      "usertime": 1679231
     },
     "29065922808": {
      "maxRSS": 16808,
      "systemtime": 12108,
      "usertime": 1679253
     },
     "29065923922": {
      "maxRSS": 16808,
      "systemtime": 12108,
      "usertime": 1679269
     },
     "29065925023": {
      "maxRSS": 16808,
      "systemtime": 12108,
      "usertime": 1683280
     },
     "29065926104": {
      "maxRSS": 16808,
      "systemtime": 12108,
      "usertime": 1683300
     },
     "29065927212": {
      "maxRSS": 16808,
      "systemtime": 12108,
      "usertime": 1683317
     },
     "29065928302": {
      "maxRSS": 16808,
      "systemtime": 12108,
      "usertime": 1687348
     },
     "29065929406": {
      "maxRSS": 16808,
      "systemtime": 12108,
      "usertime": 1687360
     },
     "29065930515": {
      "maxRSS": 16808,
      "systemtime": 12108,
      "usertime": 1687378
     },
     "29065931616": {
      "maxRSS": 16808,
      "systemtime": 12108,
      "usertime": 1687387
     },
     "29065932738": {
      "maxRSS": 16808,
      "systemtime": 12108,
      "usertime": 1691419
     },
     "29065933845": {
      "maxRSS": 16808,
      "systemtime": 12108,
      "usertime": 1691431
     },
     "29065934969": {
      "maxRSS": 16808,
      "systemtime": 12108,
      "usertime": 1691463
     },
     "29065936019": {
      "maxRSS": 16936,
      "systemtime": 12108,
      "usertime": 1695481
     },
     "29065937133": {
      "maxRSS": 16936,
      "systemtime": 12108,
      "usertime": 1695495
     },
     "29065938221": {
      "maxRSS": 16936,
      "systemtime": 12108,
      "usertime": 1695518
     },
     "29065939311": {
      "maxRSS": 16936,
      "systemtime": 12108,
      "usertime": 1695541
     },
     "29065940426": {
      "maxRSS": 16936,
      "systemtime": 12108,
      "usertime": 1699558
     },
     "29065941513": {
      "maxRSS": 16936,
      "systemtime": 12108,
      "usertime": 1699588
     },
     "29065942622": {
      "maxRSS": 16936,
      "systemtime": 12108,
      "usertime": 1699606
     },
     "29065944696": {
      "maxRSS": 16936,
      "systemtime": 12108,
      "usertime": 1703616
     },
     "29065946803": {
      "maxRSS": 16936,
      "systemtime": 12108,
      "usertime": 1703631
     },
     "29065948896": {
      "maxRSS": 16936,
      "systemtime": 12108,
      "usertime": 1707646
     },
     "29065950975": {
      "maxRSS": 16936,
      "systemtime": 12108,
      "usertime": 1707662
     },
     "29065953084": {
      "maxRSS": 16936,
      "systemtime": 12108,
      "usertime": 1711691
     },
     "29065955195": {
      "maxRSS": 16936,
      "systemtime": 12108,
      "usertime": 1711703
     },
     "29065957298": {
      "maxRSS": 16936,
      "systemtime": 12108,
      "usertime": 1715719
     },
     "29065959372": {
      "maxRSS": 17064,
      "systemtime": 12108,
      "usertime": 1715731
     },
     "29065961450": {
      "maxRSS": 17064,
      "systemtime": 12108,
      "usertime": 1719746
     },
     "29065963525": {
      "maxRSS": 17064,
      "systemtime": 12108,
      "usertime": 1719761
     },
     "29065965629": {
      "maxRSS": 17064,
      "systemtime": 12108,
      "usertime": 1723772
     },
     "29065967726": {
      "maxRSS": 17064,
      "systemtime": 12108,
      "usertime": 1723797
     },
     "29065969814": {
      "maxRSS": 17064,
      "systemtime": 12108,
      "usertime": 1727814
     },
     "29065971925": {
      "maxRSS": 17064,
      "systemtime": 12108,
      "usertime": 1727830
     },
     "29065974048": {
      "maxRSS": 17064,
      "systemtime": 12108,
      "usertime": 1731850
     },
     "29065976122": {
      "maxRSS": 17064,
      "systemtime": 12108,
      "usertime": 1735865
     },
     "29065978218": {
      "maxRSS": 17064,
      "systemtime": 12108,
      "usertime": 1735876
     },
     "29065980301": {
      "maxRSS": 17064,
      "systemtime": 12108,
      "usertime": 1739901
     },
     "29065982370": {
      "maxRSS": 17192,
      "systemtime": 12108,
      "usertime": 1739910
     },
     "29065984473": {
      "maxRSS": 17192,
      "systemtime": 12108,
      "usertime": 1743920
     },
     "29065986632": {
      "maxRSS": 17192,
      "systemtime": 12108,
      "usertime": 1743968
     },
     "29065988712": {
      "maxRSS": 17192,
      "systemtime": 12108,
      "usertime": 1747995
     },
     "29065990826": {
      "maxRSS": 17192,
      "systemtime": 12108,
      "usertime": 1748022
     },
     "29065992924": {
      "maxRSS": 17192,
      "systemtime": 12108,
      "usertime": 1752056
     },
     "29065995042": {
      "maxRSS": 17192,
      "systemtime": 12108,
      "usertime": 1752074
     },
     "29065997132": {
      "maxRSS": 17192,
      "systemtime": 12108,
      "usertime": 1756087
     },
     "29065999203": {
      "maxRSS": 17192,
      "systemtime": 12108,
      "usertime": 1756099
     },
     "29066001307": {
      "maxRSS": 17192,
      "systemtime": 12108,
      "usertime": 1760109
     },
     "29066003405": {
      "maxRSS": 17192,
      "systemtime": 12108,
      "usertime": 1760119
     },
     "29066005527": {
      "maxRSS": 17320,
      "systemtime": 12108,
      "usertime": 1764149
     },
     "29066007632": {
      "maxRSS": 17320,
      "systemtime": 12108,
      "usertime": 1764164
     },
     "29066009733": {
      "maxRSS": 17320,
      "systemtime": 12108,
      "usertime": 1768172
     },
     "29066011805": {
      "maxRSS": 17320,
      "systemtime": 12108,
      "usertime": 1768184
     },
     "29066013915": {
      "maxRSS": 17320,
      "systemtime": 12108,
      "usertime": 1772200
     },
     "29066015984": {
      "maxRSS": 17320,
      "systemtime": 12108,
      "usertime": 1772211
     },
     "29066018054": {
      "maxRSS": 17320,
      "systemtime": 12108,
      "usertime": 1776221
     },
     "29066020140": {
      "maxRSS": 17320,
      "systemtime": 12108,
      "usertime": 1780250
     },
     "29066022245": {
      "maxRSS": 17320,
      "systemtime": 12108,
      "usertime": 1780263
     },
     "29066024317": {
      "maxRSS": 17320,
      "systemtime": 12108,
      "usertime": 1784273
     },
     "29066026418": {
      "maxRSS": 17320,
      "systemtime": 12108,
      "usertime": 1784282
     },
     "29066028496": {
      "maxRSS": 17320,
      "systemtime": 12108,
      "usertime": 1788297
     },
     "29066030598": {
      "maxRSS": 17320,
      "systemtime": 12108,
      "usertime": 1788308
     },
     "29066032726": {
      "maxRSS": 17448,
      "systemtime": 12108,
      "usertime": 1792346
     },
     "29066034830": {
      "maxRSS": 17448,
      "systemtime": 12108,
      "usertime": 1792357
     },
     "29066036926": {
      "maxRSS": 17448,
      "systemtime": 12108,
      "usertime": 1796361
     },
     "29066038999": {
      "maxRSS": 17448,
      "systemtime": 12108,
      "usertime": 1796372
     },
     "29066041079": {
      "maxRSS": 17448,
      "systemtime": 12108,
      "usertime": 1800388
     },
     "29066043157": {
      "maxRSS": 17448,
      "systemtime": 12108,
      "usertime": 1800404
     },
     "29066045337": {
      "maxRSS": 17448,
      "systemtime": 12108,
      "usertime": 1804448
     },
     "29066047431": {
      "maxRSS": 17448,
      "systemtime": 12108,
      "usertime": 1804472
     },
     "29066049514": {
      "maxRSS": 17448,
      "systemtime": 12108,
      "usertime": 1808505
     },
     "29066051590": {
      "maxRSS": 17448,
      "systemtime": 12108,
      "usertime": 1808521
     },
     "29066053670": {
      "maxRSS": 17448,
      "systemtime": 12108,
      "usertime": 1812524
     },
     "29066055780": {
      "maxRSS": 17576,
      "systemtime": 12108,
      "usertime": 1812541
     },
     "29066057906": {
      "maxRSS": 17576,
      "systemtime": 12108,
      "usertime": 1816573
     },
     "29066060007": {
      "maxRSS": 17576,
      "systemtime": 12108,
      "usertime": 1820593
     },
     "29066062117": {
      "maxRSS": 17576,
      "systemtime": 12108,
      "usertime": 1820609
     },
     "29066064193": {
      "maxRSS": 17576,
      "systemtime": 12108,
      "usertime": 1824626
     },
     "29066066267": {
      "maxRSS": 17576,
      "systemtime": 12108,
      "usertime": 1824641
     },
     "29066068340": {
      "maxRSS": 17576,
      "systemtime": 12108,
      "usertime": 1828655
     },
     "29066070421": {
      "maxRSS": 17576,
      "systemtime": 12108,
      "usertime": 1828672
     },
     "29066072555": {
      "maxRSS": 17576,
      "systemtime": 12108,
      "usertime": 1832729
     },
     "29066074671": {
      "maxRSS": 17576,
      "systemtime": 12108,
      "usertime": 1832757
     },
     "29066076752": {
      "maxRSS": 17576,
      "systemtime": 12108,
      "usertime": 1836764
     },
     "29066078832": {
      "maxRSS": 17576,
      "systemtime": 12108,
      "usertime": 1836780
     },
     "29066080906": {
      "maxRSS": 17704,
      "systemtime": 12108,
      "usertime": 1840796
     },
     "29066082982": {
      "maxRSS": 17704,
      "systemtime": 12108,
      "usertime": 1840811
     },
     "29066085071": {
      "maxRSS": 17704,
      "systemtime": 12108,
      "usertime": 1844836
     },
     "29066087156": {
      "maxRSS": 17704,
      "systemtime": 12108,
      "usertime": 1844854
     },
     "29066089263": {
      "maxRSS": 17704,
      "systemtime": 12108,
      "usertime": 1848873
     },
     "29066091341": {
      "maxRSS": 17704,
      "systemtime": 12108,
      "usertime": 1848889
     },
     "29066093432": {
      "maxRSS": 17704,
      "systemtime": 12108,
      "usertime": 1852900
     },
     "29066095520": {
      "maxRSS": 17704,
      "systemtime": 12108,
      "usertime": 1852915
     },
     "29066097604": {
      "maxRSS": 17704,
      "systemtime": 12108,
      "usertime": 1856939
     },
     "29066099713": {
      "maxRSS": 17704,
      "systemtime": 12108,
      "usertime": 1856955
     },
     "29066101794": {
      "maxRSS": 17832,
      "systemtime": 12108,
      "usertime": 1860983
     },
     "29066103873": {
      "maxRSS": 17832,
      "systemtime": 12108,
      "usertime": 1861001
     },
     "29066105981": {
      "maxRSS": 17832,
      "systemtime": 12108,
      "usertime": 1865005
     },
     "29066108051": {
      "maxRSS": 17832,
      "systemtime": 12108,
      "usertime": 1869027
     },
     "29066110186": {
      "maxRSS": 17832,
      "systemtime": 12108,
      "usertime": 1869086
     },
     "29066112264": {
      "maxRSS": 17832,
      "systemtime": 12108,
      "usertime": 1873100
     },
     "29066114335": {
      "maxRSS": 17832,
      "systemtime": 12108,
      "usertime": 1873113
     },
     "29066116419": {
      "maxRSS": 17832,
      "systemtime": 12108,
      "usertime": 1877126
     },
     "29066118531": {
      "maxRSS": 17832,
      "systemtime": 12108,
      "usertime": 1877140
     },
     "29066120604": {
      "maxRSS": 17832,
      "systemtime": 12108,
      "usertime": 1881154
     },
     "29066122706": {
      "maxRSS": 17960,
      "systemtime": 12108,
      "usertime": 1881177
     },
     "29066124845": {
      "maxRSS": 17960,
      "systemtime": 12108,
      "usertime": 1885220
     },
     "29066126945": {
      "maxRSS": 17960,
      "systemtime": 12108,
      "usertime": 1885248
     },
     "29066129032": {
      "maxRSS": 17960,
      "systemtime": 12108,
      "usertime": 1889267
     },
     "29066131144": {
      "maxRSS": 17960,
      "systemtime": 12108,
      "usertime": 1889284
     },
     "29066133217": {
      "maxRSS": 17960,
      "systemtime": 12108,
      "usertime": 1893314
     },
     "29066135305": {
      "maxRSS": 17960,
      "systemtime": 12108,
      "usertime": 1893332
     },
     "29066137533": {
      "maxRSS": 17960,
      "systemtime": 12108,
      "usertime": 1897377
     },
     "29066139681": {
      "maxRSS": 17960,
      "systemtime": 12108,
      "usertime": 1897415
     },
     "29066141781": {
      "maxRSS": 18088,
      "systemtime": 12108,
      "usertime": 1901423
     },
     "29066143860": {
      "maxRSS": 18088,
      "systemtime": 12108,
      "usertime": 1901438
     },
     "29066145962": {
      "maxRSS": 18088,
      "systemtime": 12108,
      "usertime": 1905464
     },
     "29066148029": {
      "maxRSS": 18088,
      "systemtime": 12108,
      "usertime": 1909489
     },
     "29066150135": {
      "maxRSS": 18088,
      "systemtime": 12108,
      "usertime": 1909518
     },
     "29066152210": {
      "maxRSS": 18088,
      "systemtime": 12108,
      "usertime": 1913533
     },
     "29066154302": {
      "maxRSS": 18088,
      "systemtime": 12108,
      "usertime": 1913549
     },
     "29066156378": {
      "maxRSS": 18088,
      "systemtime": 12108,
      "usertime": 1917561
     },
     "29066158454": {
      "maxRSS": 18088,
      "systemtime": 12108,
      "usertime": 1917575
     },
     "29066160580": {
      "maxRSS": 18088,
      "systemtime": 12108,
      "usertime": 1921605
     },
     "29066162725": {
      "maxRSS": 18088,
      "systemtime": 12108,
      "usertime": 1921654
     },
     "29066164838": {
      "maxRSS": 18088,
      "systemtime": 12108,
      "usertime": 1925688
     },
     "29066166958": {
      "maxRSS": 18088,
      "systemtime": 12108,
      "usertime": 1925714
     },
     "29066169061": {
      "maxRSS": 18088,
      "systemtime": 12108,
      "usertime": 1929730
     },
     "29066171167": {
      "maxRSS": 18216,
      "systemtime": 12108,
      "usertime": 1929744
     },
     "29066173258": {
      "maxRSS": 18216,
      "systemtime": 12108,
      "usertime": 1933778
     },
     "29066175332": {
      "maxRSS": 18216,
      "systemtime": 12108,
      "usertime": 1933793
     },
     "29066177484": {
      "maxRSS": 18216,
      "systemtime": 12108,
      "usertime": 1937814
     },
     "29066179599": {
      "maxRSS": 18216,
      "systemtime": 12108,
      "usertime": 1937836
     },
     "29066181707": {
      "maxRSS": 18216,
      "systemtime": 12108,
      "usertime": 1941852
     },
     "29066183803": {
      "maxRSS": 18216,
      "systemtime": 12108,
      "usertime": 1941885
     },
     "29066185899": {
      "maxRSS": 18216,
      "systemtime": 12108,
      "usertime": 1945902
     },
     "29066187976": {
      "maxRSS": 18344,
      "systemtime": 12108,
      "usertime": 1945918
     },
     "29066190089": {
      "maxRSS": 18344,
      "systemtime": 12108,
      "usertime": 1949951
     },
     "29066192162": {
      "maxRSS": 18344,
      "systemtime": 12108,
      "usertime": 1953960
     },
     "29066194248": {
      "maxRSS": 18344,
      "systemtime": 12108,
      "usertime": 1953974
     },
     "29066196341": {
      "maxRSS": 18344,
      "systemtime": 12108,
      "usertime": 1958002
     },
     "29066198420": {
      "maxRSS": 18344,
      "systemtime": 12108,
      "usertime": 1958017
     },
     "29066200513": {
      "maxRSS": 18344,
      "systemtime": 12108,
      "usertime": 1962020
     },
     "29066202601": {
      "maxRSS": 18344,
      "systemtime": 12108,
      "usertime": 1962045
     },
     "29066204705": {
      "maxRSS": 18344,
      "systemtime": 12108,
      "usertime": 1966076
     },
     "29066206810": {
      "maxRSS": 18472,
      "systemtime": 12108,
      "usertime": 1966102
     },
     "29066208884": {
      "maxRSS": 18472,
      "systemtime": 12108,
      "usertime": 1970114
     },
     "29066210962": {
      "maxRSS": 18472,
      "systemtime": 12108,
      "usertime": 1970129
     },
     "29066215062": {
      "maxRSS": 18472,
      "systemtime": 12108,
      "usertime": 1974147
     },
     "29066219207": {
      "maxRSS": 18472,
      "systemtime": 12108,
      "usertime": 1978171
     },
     "29066223306": {
      "maxRSS": 18472,
      "systemtime": 12108,
      "usertime": 1982186
     },
     "29066227396": {
      "maxRSS": 18472,
      "systemtime": 12108,
      "usertime": 1986203
     },
     "29066231499": {
      "maxRSS": 18600,
      "systemtime": 12108,
      "usertime": 1990228
     },
     "29066235597": {
      "maxRSS": 18600,
      "systemtime": 12108,
      "usertime": 1994246
     },
     "29066239705": {
      "maxRSS": 18600,
      "systemtime": 12108,
      "usertime": 1998262
     },
     "29066243820": {
      "maxRSS": 18600,
      "systemtime": 12108,
      "usertime": 2002293
     },
     "29066247936": {
      "maxRSS": 18600,
      "systemtime": 12108,
      "usertime": 2006349
     },
     "29066252056": {
      "maxRSS": 18728,
      "systemtime": 12108,
      "usertime": 2014386
     },
     "29066256131": {
      "maxRSS": 18728,
      "systemtime": 12108,
      "usertime": 2018393
     },
     "29066260203": {
      "maxRSS": 18728,
      "systemtime": 12108,
      "usertime": 2022406
     },
     "29066264278": {
      "maxRSS": 18728,
      "systemtime": 12108,
      "usertime": 2026421
     },
     "29066268375": {
      "maxRSS": 18728,
      "systemtime": 12108,
      "usertime": 2030443
     },
     "29066272545": {
      "maxRSS": 18856,
      "systemtime": 12108,
      "usertime": 2034503
     },
     "29066276659": {
      "maxRSS": 18856,
      "systemtime": 12108,
      "usertime": 2038510
     },
     "29066280770": {
      "maxRSS": 18856,
      "systemtime": 12108,
      "usertime": 2042524
     },
     "29066284873": {
      "maxRSS": 18856,
      "systemtime": 12108,
      "usertime": 2046537
     },
     "29066288986": {
      "maxRSS": 18856,
      "systemtime": 12108,
      "usertime": 2050640
     },
     "29066293073": {
      "maxRSS": 18984,
      "systemtime": 12108,
      "usertime": 2054562
     },
     "29066297246": {
      "maxRSS": 18984,
      "systemtime": 12108,
      "usertime": 2058608
     },
     "29066301372": {
      "maxRSS": 18984,
      "systemtime": 12108,
      "usertime": 2062622
     },
     "29066305518": {
      "maxRSS": 18984,
      "systemtime": 12108,
      "usertime": 2066656
     },
     "29066309615": {
      "maxRSS": 18984,
      "systemtime": 12108,
      "usertime": 2070671
     },
     "29066313816": {
      "maxRSS": 19112,
      "systemtime": 12108,
      "usertime": 2074689
     },
     "29066318002": {
      "maxRSS": 19112,
      "systemtime": 12108,
      "usertime": 2078707
     },
     "29066322141": {
      "maxRSS": 19240,
      "systemtime": 12108,
      "usertime": 2082757
     },
     "29066326223": {
      "maxRSS": 19240,
      "systemtime": 12108,
      "usertime": 2086778
     },
     "29066330358": {
      "maxRSS": 19240,
      "systemtime": 12108,
      "usertime": 2090818
     },
     "29066334448": {
      "maxRSS": 19240,
      "systemtime": 12108,
      "usertime": 2094846
     },
     "29066338564": {
      "maxRSS": 19368,
      "systemtime": 12108,
      "usertime": 2098872
     },
     "29066342669": {
      "maxRSS": 19368,
      "systemtime": 12108,
      "usertime": 2102891
     },
     "29066346794": {
      "maxRSS": 19368,
      "systemtime": 12108,
      "usertime": 2106922
     },
     "29066350954": {
      "maxRSS": 19368,
      "systemtime": 12108,
      "usertime": 2110939
     },
     "29066355038": {
      "maxRSS": 19368,
      "systemtime": 12108,
      "usertime": 2114956
     },
     "29066359134": {
      "maxRSS": 19368,
      "systemtime": 12108,
      "usertime": 2118994
     },
     "29066363248": {
      "maxRSS": 19496,
      "systemtime": 12108,
      "usertime": 2123028
     },
     "29066367388": {
      "maxRSS": 19496,
      "systemtime": 12108,
      "usertime": 2127068
     },
     "29066371475": {
      "maxRSS": 19496,
      "systemtime": 12108,
      "usertime": 2131085
     },
     "29066375633": {
      "maxRSS": 19496,
      "systemtime": 12108,
      "usertime": 2135148
     },
     "29066379737": {
      "maxRSS": 19496,
      "systemtime": 12108,
      "usertime": 2139168
     },
     "29066383822": {
      "maxRSS": 19624,
      "systemtime": 12108,
      "usertime": 2143185
     },
     "29066387908": {
      "maxRSS": 19624,
      "systemtime": 12108,
      "usertime": 2147204
     },
     "29066392020": {
      "maxRSS": 19624,
      "systemtime": 12108,
      "usertime": 2155235
     },
     "29066396110": {
      "maxRSS": 19624,
      "systemtime": 12108,
      "usertime": 2159261
     },
     "29066400202": {
      "maxRSS": 19624,
      "systemtime": 12108,
      "usertime": 2163292
     },
     "29066404280": {
      "maxRSS": 19752,
      "systemtime": 12108,
      "usertime": 2167309
     },
     "29066408386": {
      "maxRSS": 19752,
      "systemtime": 12108,
      "usertime": 2171336
     },
     "29066412475": {
      "maxRSS": 19752,
      "systemtime": 12108,
      "usertime": 2175361
     },
     "29066416569": {
      "maxRSS": 19752,
      "systemtime": 12108,
      "usertime": 2179378
     },
     "29066420674": {
      "maxRSS": 19880,
      "systemtime": 12108,
      "usertime": 2183405
     },
     "29066424789": {
      "maxRSS": 19880,
      "systemtime": 12108,
      "usertime": 2187441
     },
     "29066428867": {
      "maxRSS": 19880,
      "systemtime": 12108,
      "usertime": 2191457
     },
     "29066432946": {
      "maxRSS": 19880,
      "systemtime": 12108,
      "usertime": 2195473
     },
     "29066437058": {
      "maxRSS": 19880,
      "systemtime": 12108,
      "usertime": 2199493
     },
     "29066441150": {
      "maxRSS": 20008,
      "systemtime": 12108,
      "usertime": 2203510
     },
     "29066445242": {
      "maxRSS": 20008,
      "systemtime": 12108,
      "usertime": 2207525
     },
     "29066449325": {
      "maxRSS": 20008,
      "systemtime": 12108,
      "usertime": 2211544
     },
     "29066453450": {
      "maxRSS": 20008,
      "systemtime": 12108,
      "usertime": 2215588
     },
     "29066457566": {
      "maxRSS": 20008,
      "systemtime": 12108,
      "usertime": 2219612
     },
     "29066461660": {
      "maxRSS": 20136,
      "systemtime": 12108,
      "usertime": 2223630
     },
     "29066465742": {
      "maxRSS": 20136,
      "systemtime": 12108,
      "usertime": 2227677
     },
     "29066469825": {
      "maxRSS": 20136,
      "systemtime": 12108,
      "usertime": 2231667
     },
     "29066473916": {
      "maxRSS": 20136,
      "systemtime": 12108,
      "usertime": 2235692
     },
     "29066478022": {
      "maxRSS": 20264,
      "systemtime": 12108,
      "usertime": 2239735
     },
     "29066482121": {
      "maxRSS": 20264,
      "systemtime": 12108,
      "usertime": 2243756
     },
     "29066486204": {
      "maxRSS": 20264,
      "systemtime": 12108,
      "usertime": 2247789
     },
     "29066490304": {
      "maxRSS": 20264,
      "systemtime": 12108,
      "usertime": 2251800
     },
     "29066494386": {
      "maxRSS": 20264,
      "systemtime": 12108,
      "usertime": 2255820
     },
     "29066498493": {
      "maxRSS": 20264,
      "systemtime": 12108,
      "usertime": 2259844
     },
     "29066502599": {
      "maxRSS": 20392,
      "systemtime": 12108,
      "usertime": 2263885
     },
     "29066506714": {
      "maxRSS": 20392,
      "systemtime": 12108,
      "usertime": 2267931
     },
     "29066510833": {
      "maxRSS": 20392,
      "systemtime": 12108,
      "usertime": 2271957
     },
     "29066514984": {
      "maxRSS": 20392,
      "systemtime": 12108,
      "usertime": 2275986
     },
     "29066519112": {
      "maxRSS": 20520,
      "systemtime": 12108,
      "usertime": 2279998
     },
     "29066523194": {
      "maxRSS": 20520,
      "systemtime": 12108,
      "usertime": 2284015
     },
     "29066527291": {
      "maxRSS": 20520,
      "systemtime": 12108,
      "usertime": 2288052
     },
     "29066531414": {
      "maxRSS": 20520,
      "systemtime": 12108,
      "usertime": 2292095
     },
     "29066535507": {
      "maxRSS": 20520,
      "systemtime": 12108,
      "usertime": 2296108
     },
     "29066539641": {
      "maxRSS": 20520,
      "systemtime": 12108,
      "usertime": 2300134
     },
     "29066543720": {
      "maxRSS": 20520,
      "systemtime": 12108,
      "usertime": 2304150
     },
     "29066547825": {
      "maxRSS": 20648,
      "systemtime": 12108,
      "usertime": 2308177
     },
     "29066551951": {
      "maxRSS": 20648,
      "systemtime": 12108,
      "usertime": 2312220
     },
     "29066556044": {
      "maxRSS": 20648,
      "systemtime": 12108,
      "usertime": 2320235
     },
     "29066560124": {
      "maxRSS": 20648,
      "systemtime": 12108,
      "usertime": 2324293
     },
     "29066564206": {
      "maxRSS": 20648,
      "systemtime": 12108,
      "usertime": 2328275
     },
     "29066568282": {
      "maxRSS": 20648,
      "systemtime": 12108,
      "usertime": 2332288
     },
     "29066572467": {
      "maxRSS": 20776,
      "systemtime": 12108,
      "usertime": 2336308
     },
     "29066576580": {
      "maxRSS": 20776,
      "systemtime": 12108,
      "usertime": 2340333
     },
     "29066580669": {
      "maxRSS": 20776,
      "systemtime": 12108,
      "usertime": 2344363
     },
     "29066584766": {
      "maxRSS": 20776,
      "systemtime": 12108,
      "usertime": 2348369
     },
     "29066588904": {
      "maxRSS": 20776,
      "systemtime": 12108,
      "usertime": 2352397
     },
     "29066593015": {
      "maxRSS": 20904,
      "systemtime": 16058,
      "usertime": 2352509
     },
     "29066597139": {
      "maxRSS": 20904,
      "systemtime": 16058,
      "usertime": 2356635
     },
     "29066601221": {
      "maxRSS": 20904,
      "systemtime": 16058,
      "usertime": 2360558
     },
     "29066605339": {
      "maxRSS": 20904,
      "systemtime": 16058,
      "usertime": 2364595
     },
     "29066609418": {
      "maxRSS": 20904,
      "systemtime": 16058,
      "usertime": 2368613
     },
     "29066613497": {
      "maxRSS": 21032,
      "systemtime": 16058,
      "usertime": 2372643
     },
     "29066617582": {
      "maxRSS": 21032,
      "systemtime": 16058,
      "usertime": 2376649
     },
     "29066621613": {
      "maxRSS": 21032,
      "systemtime": 16069,
      "usertime": 2382258
     },
     "29066621745": {
      "maxRSS": 21032,
      "systemtime": 16070,
      "usertime": 2382392
     },
     "29066622830": {
      "maxRSS": 21416,
      "systemtime": 16070,
      "usertime": 2382417
     },
     "29066623910": {
      "maxRSS": 21800,
      "systemtime": 16070,
      "usertime": 2382432
     },
     "29066624999": {
      "maxRSS": 22056,
      "systemtime": 16070,
      "usertime": 2384726
     },
     "29066626070": {
      "maxRSS": 22440,
      "systemtime": 16070,
      "usertime": 2384738
     },
     "29066627165": {
      "maxRSS": 22824,
      "systemtime": 16070,
      "usertime": 2384756
     },
     "29066628335": {
      "maxRSS": 23208,
      "systemtime": 16070,
      "usertime": 2388851
     },
     "29066629454": {
      "maxRSS": 23464,
      "systemtime": 16070,
      "usertime": 2388890
     },
     "29066630525": {
      "maxRSS": 23848,
      "systemtime": 16070,
      "usertime": 2388903
     },
     "29066631608": {
      "maxRSS": 24232,
      "systemtime": 16070,
      "usertime": 2388917
     },
     "29066632696": {
      "maxRSS": 24616,
      "systemtime": 20075,
      "usertime": 2388929
     },
     "29066633768": {
      "maxRSS": 24872,
      "systemtime": 20075,
      "usertime": 2388942
     },
     "29066634841": {
      "maxRSS": 25256,
      "systemtime": 20075,
      "usertime": 2388956
     },
     "29066635929": {
      "maxRSS": 25640,
      "systemtime": 20075,
      "usertime": 2388973
     },
     "29066637020": {
      "maxRSS": 25896,
      "systemtime": 20075,
      "usertime": 2393002
     },
     "29066638100": {
      "maxRSS": 26280,
      "systemtime": 20075,
      "usertime": 2393019
     },
     "29066639205": {
      "maxRSS": 26664,
      "systemtime": 20075,
      "usertime": 2393035
     },
     "29066640285": {
      "maxRSS": 27048,
      "systemtime": 20075,
      "usertime": 2397051
     },
     "29066640722": {
      "maxRSS": 27048,
      "systemtime": 20081,
      "usertime": 2397768
     },
     "29066641827": {
      "maxRSS": 27048,
      "systemtime": 20082,
      "usertime": 2397791
     },
     "29066642928": {
      "maxRSS": 27048,
      "systemtime": 20082,
      "usertime": 2397832
     },
     "29066644034": {
      "maxRSS": 27048,
      "systemtime": 20082,
      "usertime": 2401136
     },
     "29066645108": {
      "maxRSS": 27048,
      "systemtime": 20082,
      "usertime": 2401150
     },
     "29066646222": {
      "maxRSS": 27048,
      "systemtime": 20082,
      "usertime": 2401173
     },
     "29066647322": {
      "maxRSS": 27048,
      "systemtime": 20082,
      "usertime": 2401197
     },
     "29066648396": {
      "maxRSS": 27048,
      "systemtime": 20082,
      "usertime": 2405210
     },
     "29066649556": {
      "maxRSS": 27048,
      "systemtime": 20082,
      "usertime": 2405240
     },
     "29066650651": {
      "maxRSS": 27048,
      "systemtime": 20082,
      "usertime": 2405255
     },
     "29066651731": {
      "maxRSS": 27048,
      "systemtime": 20082,
      "usertime": 2405270
     },
     "29066652818": {
      "maxRSS": 27048,
      "systemtime": 20082,
      "usertime": 2409299
     },
     "29066653997": {
      "maxRSS": 27048,
      "systemtime": 20082,
      "usertime": 2409326
     },
     "29066655227": {
      "maxRSS": 27048,
      "systemtime": 20082,
      "usertime": 2409345
     },
     "29066656329": {
      "maxRSS": 27048,
      "systemtime": 20082,
      "usertime": 2413382
     },
     "29066657423": {
      "maxRSS": 27048,
      "systemtime": 20082,
      "usertime": 2413397
     },
     "29066658506": {
      "maxRSS": 27048,
      "systemtime": 20082,
      "usertime": 2413413
     },
     "29066659626": {
      "maxRSS": 27048,
      "systemtime": 20082,
      "usertime": 2413439
     },
     "29066660714": {
      "maxRSS": 27048,
      "systemtime": 20082,
      "usertime": 2417459
     },
     "29066661820": {
      "maxRSS": 27048,
      "systemtime": 20082,
      "usertime": 2417473
     },
     "29066662896": {
      "maxRSS": 27048,
      "systemtime": 20082,
      "usertime": 2417488
     },
     "29066664006": {
      "maxRSS": 27048,
      "systemtime": 24055,
      "usertime": 2417548
     },
     "29066665079": {
      "maxRSS": 27048,
      "systemtime": 24055,
      "usertime": 2417562
     },
     "29066666148": {
      "maxRSS": 27048,
      "systemtime": 24055,
      "usertime": 2417573
     },
     "29066667218": {
      "maxRSS": 27048,
      "systemtime": 24055,
      "usertime": 2417584
     },
     "29066668292": {
      "maxRSS": 27048,
      "systemtime": 24055,
      "usertime": 2421596
     },
     "29066669371": {
      "maxRSS": 27048,
      "systemtime": 24055,
      "usertime": 2421609
     },
     "29066670503": {
      "maxRSS": 27048,
      "systemtime": 24056,
      "usertime": 2421650
     },
     "29066671610": {
      "maxRSS": 27048,
      "systemtime": 24056,
      "usertime": 2421661
     },
     "29066672699": {
      "maxRSS": 27048,
      "systemtime": 24056,
      "usertime": 2425673
     },
     "29066673776": {
      "maxRSS": 27048,
      "systemtime": 24056,
      "usertime": 2425688
     },
     "29066674882": {
      "maxRSS": 27048,
      "systemtime": 24056,
      "usertime": 2425714
     },
     "29066675999": {
      "maxRSS": 27048,
      "systemtime": 28020,
      "usertime": 2425807
     },
     "29066677102": {
      "maxRSS": 27048,
      "systemtime": 28021,
      "usertime": 2425831
     },
     "29066678201": {
      "maxRSS": 27048,
      "systemtime": 28021,
      "usertime": 2425851
     },
     "29066679299": {
      "maxRSS": 27048,
      "systemtime": 28021,
      "usertime": 2425877
     },
     "29066680399": {
      "maxRSS": 27048,
      "systemtime": 28021,
      "usertime": 2429905
     },
     "29066681506": {
      "maxRSS": 27048,
      "systemtime": 28022,
      "usertime": 2429927
     },
     "29066682619": {
      "maxRSS": 27048,
      "systemtime": 28022,
      "usertime": 2429961
     },
     "29066683714": {
      "maxRSS": 27048,
      "systemtime": 28023,
      "usertime": 2429997
     },
     "29066684788": {
      "maxRSS": 27048,
      "systemtime": 28023,
      "usertime": 2434021
     },
     "29066685877": {
      "maxRSS": 27048,
      "systemtime": 28023,
      "usertime": 2434035
     },
     "29066686966": {
      "maxRSS": 27048,
      "systemtime": 28023,
      "usertime": 2434051
     },
     "29066688056": {
      "maxRSS": 27048,
      "systemtime": 28023,
      "usertime": 2438060
     },
     "29066689170": {
      "maxRSS": 27048,
      "systemtime": 28023,
      "usertime": 2438085
     },
     "29066690299": {
      "maxRSS": 27048,
      "systemtime": 28024,
      "usertime": 2438111
     },
     "29066691430": {
      "maxRSS": 27048,
      "systemtime": 28024,
      "usertime": 2438154
     },
     "29066692563": {
      "maxRSS": 27048,
      "systemtime": 28025,
      "usertime": 2442190
     },
     "29066693680": {
      "maxRSS": 27048,
      "systemtime": 28025,
      "usertime": 2442205
     },
     "29066694757": {
      "maxRSS": 27048,
      "systemtime": 28025,
      "usertime": 2442220
     },
     "29066695833": {
      "maxRSS": 27048,
      "systemtime": 28025,
      "usertime": 2442236
     },
     "29066696940": {
      "maxRSS": 27048,
      "systemtime": 28025,
      "usertime": 2446261
     },
     "29066698045": {
      "maxRSS": 27048,
      "systemtime": 28026,
      "usertime": 2446299
     },
     "29066699153": {
      "maxRSS": 27048,
      "systemtime": 28026,
      "usertime": 2446315
     },
     "29066700227": {
      "maxRSS": 27048,
      "systemtime": 28026,
      "usertime": 2450331
     },
     "29066701316": {
      "maxRSS": 27048,
      "systemtime": 28026,
      "usertime": 2450347
     },
     "29066702430": {
      "maxRSS": 27048,
      "systemtime": 28027,
      "usertime": 2450368
     },
     "29066703534": {
      "maxRSS": 27048,
      "systemtime": 28027,
      "usertime": 2450380
     },
     "29066704616": {
      "maxRSS": 27048,
      "systemtime": 28027,
      "usertime": 2454403
     },
     "29066705704": {
      "maxRSS": 27048,
      "systemtime": 28027,
      "usertime": 2454415
     },
     "29066706783": {
      "maxRSS": 27048,
      "systemtime": 28027,
      "usertime": 2454431
     },
     "29066707858": {
      "maxRSS": 27048,
      "systemtime": 28027,
      "usertime": 2454446
     },
     "29066708974": {
      "maxRSS": 27048,
      "systemtime": 28028,
      "usertime": 2458473
     },
     "29066710069": {
      "maxRSS": 27048,
      "systemtime": 28028,
      "usertime": 2458504
     },
     "29066711157": {
      "maxRSS": 27048,
      "systemtime": 28028,
      "usertime": 2458530
     },
     "29066712230": {
      "maxRSS": 27048,
      "systemtime": 28028,
      "usertime": 2462544
     },
     "29066713319": {
      "maxRSS": 27048,
      "systemtime": 28029,
      "usertime": 2462558
     },
     "29066714431": {
      "maxRSS": 27048,
      "systemtime": 28029,
      "usertime": 2462582
     },
     "29066715517": {
      "maxRSS": 27048,
      "systemtime": 28029,
      "usertime": 2462608
     },
     "29066716630": {
      "maxRSS": 27048,
      "systemtime": 28029,
      "usertime": 2466627
     },
     "29066717800": {
      "maxRSS": 27048,
      "systemtime": 28030,
      "usertime": 2466652
     },
     "29066718923": {
      "maxRSS": 27048,
      "systemtime": 28030,
      "usertime": 2466707
     },
     "29066720010": {
      "maxRSS": 27176,
      "systemtime": 31984,
      "usertime": 2466780
     },
     "29066721092": {
      "maxRSS": 27176,
      "systemtime": 31984,
      "usertime": 2466794
     },
     "29066722187": {
      "maxRSS": 27176,
      "systemtime": 31984,
      "usertime": 2466816
     },
     "29066723313": {
      "maxRSS": 27176,
      "systemtime": 31985,
      "usertime": 2466848
     },
     "29066724417": {
      "maxRSS": 27304,
      "systemtime": 31985,
      "usertime": 2470864
     },
     "29066725507": {
      "maxRSS": 27304,
      "systemtime": 31985,
      "usertime": 2470892
     },
     "29066726583": {
      "maxRSS": 27304,
      "systemtime": 31985,
      "usertime": 2470907
     },
     "29066727658": {
      "maxRSS": 27304,
      "systemtime": 31986,
      "usertime": 2470920
     },
     "29066728768": {
      "maxRSS": 27304,
      "systemtime": 31986,
      "usertime": 2474946
     },
     "29066729847": {
      "maxRSS": 27304,
      "systemtime": 31986,
      "usertime": 2474962
     },
     "29066730957": {
      "maxRSS": 27432,
      "systemtime": 31986,
      "usertime": 2474987
     },
     "29066732027": {
      "maxRSS": 27432,
      "systemtime": 31987,
      "usertime": 2479033
     },
     "29066733117": {
      "maxRSS": 27432,
      "systemtime": 31987,
      "usertime": 2479049
     },
     "29066734252": {
      "maxRSS": 27432,
      "systemtime": 31988,
      "usertime": 2479072
     },
     "29066735324": {
      "maxRSS": 27432,
      "systemtime": 31988,
      "usertime": 2479085
     },
     "29066736431": {
      "maxRSS": 27560,
      "systemtime": 31988,
      "usertime": 2483109
     },
     "29066737508": {
      "maxRSS": 27560,
      "systemtime": 31988,
      "usertime": 2483127
     },
     "29066738594": {
      "maxRSS": 27560,
      "systemtime": 31989,
      "usertime": 2483152
     },
     "29066739709": {
      "maxRSS": 27560,
      "systemtime": 31989,
      "usertime": 2483178
     },
     "29066740797": {
      "maxRSS": 27560,
      "systemtime": 31989,
      "usertime": 2487205
     },
     "29066741876": {
      "maxRSS": 27688,
      "systemtime": 31989,
      "usertime": 2487220
     },
     "29066742979": {
      "maxRSS": 27688,
      "systemtime": 31990,
      "usertime": 2487234
     },
     "29066744023": {
      "maxRSS": 27688,
      "systemtime": 31990,
      "usertime": 2487250
     },
     "29066745125": {
      "maxRSS": 27688,
      "systemtime": 31991,
      "usertime": 2491317
     },
     "29066746268": {
      "maxRSS": 27688,
      "systemtime": 31991,
      "usertime": 2491358
     },
     "29066747375": {
      "maxRSS": 27816,
      "systemtime": 31992,
      "usertime": 2491382
     },
     "29066748488": {
      "maxRSS": 27816,
      "systemtime": 31992,
      "usertime": 2495350
     },
     "29066749565": {
      "maxRSS": 27816,
      "systemtime": 31992,
      "usertime": 2495367
     },
     "29066750637": {
      "maxRSS": 27816,
      "systemtime": 31992,
      "usertime": 2495380
     },
     "29066751754": {
      "maxRSS": 27816,
      "systemtime": 31992,
      "usertime": 2495406
     },
     "29066752854": {
      "maxRSS": 27816,
      "systemtime": 31992,
      "usertime": 2499441
     },
     "29066753969": {
      "maxRSS": 27944,
      "systemtime": 31993,
      "usertime": 2499486
     },
     "29066755063": {
      "maxRSS": 27944,
      "systemtime": 31993,
      "usertime": 2499501
     },
     "29066756138": {
      "maxRSS": 27944,
      "systemtime": 31993,
      "usertime": 2503515
     },
     "29066757213": {
      "maxRSS": 27944,
      "systemtime": 31993,
      "usertime": 2503529
     },
     "29066758332": {
      "maxRSS": 27944,
      "systemtime": 31994,
      "usertime": 2503555
     },
     "29066759421": {
      "maxRSS": 28072,
      "systemtime": 31994,
      "usertime": 2503586
     },
     "29066760496": {
      "maxRSS": 28200,
      "systemtime": 31995,
      "usertime": 2507608
     },
     "29066761598": {
      "maxRSS": 28200,
      "systemtime": 31995,
      "usertime": 2507625
     },
     "29066762692": {
      "maxRSS": 28200,
      "systemtime": 31995,
      "usertime": 2507643
     },
     "29066763772": {
      "maxRSS": 28200,
      "systemtime": 31995,
      "usertime": 2507659
     },
     "29066764845": {
      "maxRSS": 28200,
      "systemtime": 31995,
      "usertime": 2511676
     },
     "29066765927": {
      "maxRSS": 28200,
      "systemtime": 31996,
      "usertime": 2511699
     },
     "29066766995": {
      "maxRSS": 28200,
      "systemtime": 31996,
      "usertime": 2511710
     },
     "29066768021": {
      "maxRSS": 28328,
      "systemtime": 31996,
      "usertime": 2515706
     },
     "29066769130": {
      "maxRSS": 28328,
      "systemtime": 31996,
      "usertime": 2515724
     },
     "29066770203": {
      "maxRSS": 28328,
      "systemtime": 31996,
      "usertime": 2515737
     },
     "29066771290": {
      "maxRSS": 28328,
      "systemtime": 31996,
      "usertime": 2515750
     },
     "29066772367": {
      "maxRSS": 28328,
      "systemtime": 31997,
      "usertime": 2519766
     },
     "29066773487": {
      "maxRSS": 28328,
      "systemtime": 31997,
      "usertime": 2519790
     },
     "29066774564": {
      "maxRSS": 28328,
      "systemtime": 31997,
      "usertime": 2519805
     },
     "29066775705": {
      "maxRSS": 28328,
      "systemtime": 31997,
      "usertime": 2519820
     },
     "29066776793": {
      "maxRSS": 28456,
      "systemtime": 31997,
      "usertime": 2523835
     },
     "29066777871": {
      "maxRSS": 28456,
      "systemtime": 31998,
      "usertime": 2523851
     },
     "29066778948": {
      "maxRSS": 28456,
      "systemtime": 31998,
      "usertime": 2523866
     },
     "29066780022": {
      "maxRSS": 28456,
      "systemtime": 31998,
      "usertime": 2523895
     },
     "29066782112": {
      "maxRSS": 28456,
      "systemtime": 31999,
      "usertime": 2527943
     },
     "29066784190": {
      "maxRSS": 28456,
      "systemtime": 31999,
      "usertime": 2531933
     },
     "29066786269": {
      "maxRSS": 28584,
      "systemtime": 31999,
      "usertime": 2531949
     },
     "29066788343": {
      "maxRSS": 28584,
      "systemtime": 31999,
      "usertime": 2535955
     },
     "29066790412": {
      "maxRSS": 28584,
      "systemtime": 31999,
      "usertime": 2535967
     },
     "29066792506": {
      "maxRSS": 28712,
      "systemtime": 31999,
      "usertime": 2539990
     },
     "29066794581": {
      "maxRSS": 28712,
      "systemtime": 32000,
      "usertime": 2540005
     },
     "29066796658": {
      "maxRSS": 28712,
      "systemtime": 32000,
      "usertime": 2544021
     },
     "29066798789": {
      "maxRSS": 28840,
      "systemtime": 32000,
      "usertime": 2544049
     },
     "29066800877": {
      "maxRSS": 28840,
      "systemtime": 32001,
      "usertime": 2548088
     },
     "29066802964": {
      "maxRSS": 28840,
      "systemtime": 32001,
      "usertime": 2548105
     },
     "29066805063": {
      "maxRSS": 28968,
      "systemtime": 32001,
      "usertime": 2552146
     },
     "29066807137": {
      "maxRSS": 28968,
      "systemtime": 32002,
      "usertime": 2552161
     },
     "29066809211": {
      "maxRSS": 28968,
      "systemtime": 32002,
      "usertime": 2556165
     },
     "29066811329": {
      "maxRSS": 28968,
      "systemtime": 32002,
      "usertime": 2556192
     },
     "29066813423": {
      "maxRSS": 28968,
      "systemtime": 32002,
      "usertime": 2560209
     },
     "29066815510": {
      "maxRSS": 29096,
      "systemtime": 32002,
      "usertime": 2560233
     },
     "29066817594": {
      "maxRSS": 29096,
      "systemtime": 32003,
      "usertime": 2564253
     },
     "29066819687": {
      "maxRSS": 29096,
      "systemtime": 32003,
      "usertime": 2564286
     },
     "29066821783": {
      "maxRSS": 29096,
      "systemtime": 32003,
      "usertime": 2568316
     },
     "29066823890": {
      "maxRSS": 29096,
      "systemtime": 32004,
      "usertime": 2568346
     },
     "29066826014": {
      "maxRSS": 29224,
      "systemtime": 32004,
      "usertime": 2572367
     },
     "29066828101": {
      "maxRSS": 29224,
      "systemtime": 32004,
      "usertime": 2576390
     },
     "29066830214": {
      "maxRSS": 29224,
      "systemtime": 32005,
      "usertime": 2576408
     },
     "29066832306": {
      "maxRSS": 29224,
      "systemtime": 32005,
      "usertime": 2580435
     },
     "29066834385": {
      "maxRSS": 29352,
      "systemtime": 32005,
      "usertime": 2580451
     },
     "29066836489": {
      "maxRSS": 29352,
      "systemtime": 32005,
      "usertime": 2584474
     },
     "29066838612": {
      "maxRSS": 29352,
      "systemtime": 32006,
      "usertime": 2584511
     },
     "29066840735": {
      "maxRSS": 29352,
      "systemtime": 32006,
      "usertime": 2588553
     },
     "29066842852": {
      "maxRSS": 29480,
      "systemtime": 32007,
      "usertime": 2588586
     },
     "29066844969": {
      "maxRSS": 29480,
      "systemtime": 32007,
      "usertime": 2592637
     },
     "29066847091": {
      "maxRSS": 29480,
      "systemtime": 32008,
      "usertime": 2592682
     },
     "29066849175": {
      "maxRSS": 29480,
      "systemtime": 32008,
      "usertime": 2596693
     },
     "29066851254": {
      "maxRSS": 29480,
      "systemtime": 32008,
      "usertime": 2596709
     },
     "29066853370": {
      "maxRSS": 29608,
      "systemtime": 32008,
      "usertime": 2600730
     },
     "29066855444": {
      "maxRSS": 29608,
      "systemtime": 32009,
      "usertime": 2600744
     },
     "29066857529": {
      "maxRSS": 29608,
      "systemtime": 32009,
      "usertime": 2604765
     },
     "29066859608": {
      "maxRSS": 29608,
      "systemtime": 32009,
      "usertime": 2604781
     },
     "29066861780": {
      "maxRSS": 29736,
      "systemtime": 32009,
      "usertime": 2608801
     },
     "29066863941": {
      "maxRSS": 29736,
      "systemtime": 32010,
      "usertime": 2608822
     },
     "29066866021": {
      "maxRSS": 29736,
      "systemtime": 32010,
      "usertime": 2612847
     },
     "29066868093": {
      "maxRSS": 29736,
      "systemtime": 32010,
      "usertime": 2616856
     },
     "29066870191": {
      "maxRSS": 29864,
      "systemtime": 32010,
      "usertime": 2616875
     },
     "29066872287": {
      "maxRSS": 29864,
      "systemtime": 32011,
      "usertime": 2620913
     },
     "29066874382": {
      "maxRSS": 29992,
      "systemtime": 32011,
      "usertime": 2620932
     },
     "29066876458": {
      "maxRSS": 29992,
      "systemtime": 32011,
      "usertime": 2624948
     },
     "29066878544": {
      "maxRSS": 29992,
      "systemtime": 32011,
      "usertime": 2624971
     },
     "29066880647": {
      "maxRSS": 30120,
      "systemtime": 32012,
      "usertime": 2629000
     },
     "29066882720": {
      "maxRSS": 30120,
      "systemtime": 32012,
      "usertime": 2629014
     },
     "29066884807": {
      "maxRSS": 30248,
      "systemtime": 36014,
      "usertime": 2629039
     },
     "29066886902": {
      "maxRSS": 30248,
      "systemtime": 36014,
      "usertime": 2629055
     },
     "29066888979": {
      "maxRSS": 30248,
      "systemtime": 36014,
      "usertime": 2633076
     },
     "29066891072": {
      "maxRSS": 30376,
      "systemtime": 36014,
      "usertime": 2633091
     },
     "29066893166": {
      "maxRSS": 30376,
      "systemtime": 36015,
      "usertime": 2637104
     },
     "29066895243": {
      "maxRSS": 30504,
      "systemtime": 36015,
      "usertime": 2637119
     },
     "29066897335": {
      "maxRSS": 30504,
      "systemtime": 36015,
      "usertime": 2641148
     },
     "29066899411": {
      "maxRSS": 30504,
      "systemtime": 36015,
      "usertime": 2641163
     },
     "29066901491": {
      "maxRSS": 30632,
      "systemtime": 36016,
      "usertime": 2645181
     },
     "29066903568": {
      "maxRSS": 30632,
      "systemtime": 36016,
      "usertime": 2645195
     },
     "29066905646": {
      "maxRSS": 30760,
      "systemtime": 36016,
      "usertime": 2649236
     },
     "29066907721": {
      "maxRSS": 30760,
      "systemtime": 36017,
      "usertime": 2649250
     },
     "29066909829": {
      "maxRSS": 30760,
      "systemtime": 36017,
      "usertime": 2653260
     },
     "29066911920": {
      "maxRSS": 30888,
      "systemtime": 36017,
      "usertime": 2653274
     },
     "29066913996": {
      "maxRSS": 30888,
      "systemtime": 36017,
      "usertime": 2657281
     },
     "29066916030": {
      "maxRSS": 30888,
      "systemtime": 36017,
      "usertime": 2661317
     },
     "29066918113": {
      "maxRSS": 31016,
      "systemtime": 36018,
      "usertime": 2661335
     },
     "29066920195": {
      "maxRSS": 31016,
      "systemtime": 36018,
      "usertime": 2665336
     },
     "29066922288": {
      "maxRSS": 31016,
      "systemtime": 36018,
      "usertime": 2665353
     },
     "29066924397": {
      "maxRSS": 31144,
      "systemtime": 36018,
      "usertime": 2669397
     },
     "29066926476": {
      "maxRSS": 31144,
      "systemtime": 36019,
      "usertime": 2669411
     },
     "29066928553": {
      "maxRSS": 31272,
      "systemtime": 36019,
      "usertime": 2673446
     },
     "29066930643": {
      "maxRSS": 31272,
      "systemtime": 36019,
      "usertime": 2673470
     },
     "29066932732": {
      "maxRSS": 31272,
      "systemtime": 36019,
      "usertime": 2677477
     },
     "29066934814": {
      "maxRSS": 31400,
      "systemtime": 36020,
      "usertime": 2677497
     },
     "29066936913": {
      "maxRSS": 31400,
      "systemtime": 36020,
      "usertime": 2681533
     },
     "29066938994": {
      "maxRSS": 31528,
      "systemtime": 36020,
      "usertime": 2681552
     },
     "29066941070": {
      "maxRSS": 31528,
      "systemtime": 36021,
      "usertime": 2685575
     },
     "29066943152": {
      "maxRSS": 31528,
      "systemtime": 36021,
      "usertime": 2685592
     },
     "29066945230": {
      "maxRSS": 31656,
      "systemtime": 36021,
      "usertime": 2689599
     },
     "29066947306": {
      "maxRSS": 31656,
      "systemtime": 36021,
      "usertime": 2689616
     },
     "29066949399": {
      "maxRSS": 31784,
      "systemtime": 36021,
      "usertime": 2693643
     },
     "29066951487": {
      "maxRSS": 31784,
      "systemtime": 36022,
      "usertime": 2693659
     },
     "29066953577": {
      "maxRSS": 31912,
      "systemtime": 36022,
      "usertime": 2697676
     },
     "29066955653": {
      "maxRSS": 31912,
      "systemtime": 36022,
      "usertime": 2697691
     },
     "29066957731": {
      "maxRSS": 31912,
      "systemtime": 36022,
      "usertime": 2701706
     },
     "29066959816": {
      "maxRSS": 32040,
      "systemtime": 36022,
      "usertime": 2701720
     },
     "29066961908": {
      "maxRSS": 32040,
      "systemtime": 36023,
      "usertime": 2705748
     },
     "29066963980": {
      "maxRSS": 32168,
      "systemtime": 36023,
      "usertime": 2705762
     },
     "29066966056": {
      "maxRSS": 32168,
      "systemtime": 36023,
      "usertime": 2709777
     },
     "29066968134": {
      "maxRSS": 32168,
      "systemtime": 36023,
      "usertime": 2713787
     },
     "29066970248": {
      "maxRSS": 32296,
      "systemtime": 36023,
      "usertime": 2713807
     },
     "29066972333": {
      "maxRSS": 32296,
      "systemtime": 36024,
      "usertime": 2717825
     },
     "29066974448": {
      "maxRSS": 32424,
      "systemtime": 36024,
      "usertime": 2717851
     },
     "29066976556": {
      "maxRSS": 32424,
      "systemtime": 36024,
      "usertime": 2721870
     },
     "29066978632": {
      "maxRSS": 32424,
      "systemtime": 36024,
      "usertime": 2721883
     },
     "29066980722": {
      "maxRSS": 32552,
      "systemtime": 36025,
      "usertime": 2725898
     },
     "29066982796": {
      "maxRSS": 32552,
      "systemtime": 36025,
      "usertime": 2725913
     },
     "29066984889": {
      "maxRSS": 32680,
      "systemtime": 36025,
      "usertime": 2729926
     },
     "29066986994": {
      "maxRSS": 32680,
      "systemtime": 36025,
      "usertime": 2729942
     },
     "29066989078": {
      "maxRSS": 32680,
      "systemtime": 36025,
      "usertime": 2733968
     },
     "29066991152": {
      "maxRSS": 32808,
      "systemtime": 36026,
      "usertime": 2733982
     },
     "29066993228": {
      "maxRSS": 32808,
      "systemtime": 36026,
      "usertime": 2737996
     },
     "29066995301": {
      "maxRSS": 32936,
      "systemtime": 36026,
      "usertime": 2738009
     },
     "29066997378": {
      "maxRSS": 32936,
      "systemtime": 36026,
      "usertime": 2742035
     },
     "29066999443": {
      "maxRSS": 33064,
      "systemtime": 36026,
      "usertime": 2742044
     },
     "29067001569": {
      "maxRSS": 33064,
      "systemtime": 36027,
      "usertime": 2746068
     },
     "29067003698": {
      "maxRSS": 33192,
      "systemtime": 36027,
      "usertime": 2746099
     },
     "29067005768": {
      "maxRSS": 33192,
      "systemtime": 36027,
      "usertime": 2750112
     },
     "29067007834": {
      "maxRSS": 33192,
      "systemtime": 36027,
      "usertime": 2750121
     },
     "29067009926": {
      "maxRSS": 33320,
      "systemtime": 36027,
      "usertime": 2754133
     },
     "29067012014": {
      "maxRSS": 33320,
      "systemtime": 36028,
      "usertime": 2758148
     },
     "29067014114": {
      "maxRSS": 33448,
      "systemtime": 36028,
      "usertime": 2758174
     },
     "29067016191": {
      "maxRSS": 33448,
      "systemtime": 36028,
      "usertime": 2762189
     },
     "29067018266": {
      "maxRSS": 33576,
      "systemtime": 36028,
      "usertime": 2762204
     },
     "29067020338": {
      "maxRSS": 33576,
      "systemtime": 36028,
      "usertime": 2766219
     },
     "29067022413": {
      "maxRSS": 33576,
      "systemtime": 36029,
      "usertime": 2766233
     },
     "29067024491": {
      "maxRSS": 33704,
      "systemtime": 36029,
      "usertime": 2770250
     },
     "29067026736": {
      "maxRSS": 33704,
      "systemtime": 36029,
      "usertime": 2770276
     },
     "29067028815": {
      "maxRSS": 33832,
      "systemtime": 36029,
      "usertime": 2774291
     },
     "29067030925": {
      "maxRSS": 33832,
      "systemtime": 36030,
      "usertime": 2774343
     },
     "29067033025": {
      "maxRSS": 33960,
      "systemtime": 36031,
      "usertime": 2778415
     },
     "29067035115": {
      "maxRSS": 33960,
      "systemtime": 36031,
      "usertime": 2778442
     },
     "29067037204": {
      "maxRSS": 33960,
      "systemtime": 36031,
      "usertime": 2782421
     },
     "29067039319": {
      "maxRSS": 34088,
      "systemtime": 36031,
      "usertime": 2782435
     },
     "29067041402": {
      "maxRSS": 34088,
      "systemtime": 36031,
      "usertime": 2786458
     },
     "29067043475": {
      "maxRSS": 34216,
      "systemtime": 36031,
      "usertime": 2786472
     },
     "29067045552": {
      "maxRSS": 34216,
      "systemtime": 36032,
      "usertime": 2790487
     },
     "29067047696": {
      "maxRSS": 34216,
      "systemtime": 36032,
      "usertime": 2790537
     },
     "29067051783": {
      "maxRSS": 34344,
      "systemtime": 36033,
      "usertime": 2794566
     },
     "29067055866": {
      "maxRSS": 34472,
      "systemtime": 36033,
      "usertime": 2798590
     },
     "29067059981": {
      "maxRSS": 34472,
      "systemtime": 36033,
      "usertime": 2802623
     },
     "29067064062": {
      "maxRSS": 34600,
      "systemtime": 36033,
      "usertime": 2810626
     },
     "29067068137": {
      "maxRSS": 34728,
      "systemtime": 36033,
      "usertime": 2814641
     },
     "29067072217": {
      "maxRSS": 34728,
      "systemtime": 36034,
      "usertime": 2818694
     },
     "29067076293": {
      "maxRSS": 34856,
      "systemtime": 36034,
      "usertime": 2822676
     },
     "29067080375": {
      "maxRSS": 34984,
      "systemtime": 36034,
      "usertime": 2826694
     },
     "29067084467": {
      "maxRSS": 34984,
      "systemtime": 36034,
      "usertime": 2830737
     },
     "29067088548": {
      "maxRSS": 35112,
      "systemtime": 36034,
      "usertime": 2834753
     },
     "29067092626": {
      "maxRSS": 35240,
      "systemtime": 36035,
      "usertime": 2838769
     },
     "29067096744": {
      "maxRSS": 35368,
      "systemtime": 36035,
      "usertime": 2842790
     },
     "29067100832": {
      "maxRSS": 35496,
      "systemtime": 36035,
      "usertime": 2846813
     },
     "29067104912": {
      "maxRSS": 35624,
      "systemtime": 36036,
      "usertime": 2850854
     },
     "29067109003": {
      "maxRSS": 35752,
      "systemtime": 36036,
      "usertime": 2854858
     },
     "29067113094": {
      "maxRSS": 35752,
      "systemtime": 36036,
      "usertime": 2858873
     },
     "29067117176": {
      "maxRSS": 35880,
      "systemtime": 36036,
      "usertime": 2862890
     },
     "29067121254": {
      "maxRSS": 36008,
      "systemtime": 36036,
      "usertime": 2866905
     },
     "29067125347": {
      "maxRSS": 36136,
      "systemtime": 36036,
      "usertime": 2870921
     },
     "29067129425": {
      "maxRSS": 36264,
      "systemtime": 36037,
      "usertime": 2874954
     },
     "29067133531": {
      "maxRSS": 36392,
      "systemtime": 36037,
      "usertime": 2878971
     },
     "29067137641": {
      "maxRSS": 36520,
      "systemtime": 36037,
      "usertime": 2883010
     },
     "29067141719": {
      "maxRSS": 36520,
      "systemtime": 36037,
      "usertime": 2887028
     },
     "29067145819": {
      "maxRSS": 36648,
      "systemtime": 36038,
      "usertime": 2891055
     },
     "29067149913": {
      "maxRSS": 36776,
      "systemtime": 36038,
      "usertime": 2895089
     },
     "29067154004": {
      "maxRSS": 36776,
      "systemtime": 36038,
      "usertime": 2899106
     },
     "29067158112": {
      "maxRSS": 36904,
      "systemtime": 36038,
      "usertime": 2903125
     },
     "29067162252": {
      "maxRSS": 37032,
      "systemtime": 36039,
      "usertime": 2907168
     },
     "29067166385": {
      "maxRSS": 37032,
      "systemtime": 36039,
      "usertime": 2911204
     },
     "29067170470": {
      "maxRSS": 37160,
      "systemtime": 36039,
      "usertime": 2915208
     },
     "29067174609": {
      "maxRSS": 37160,
      "systemtime": 36039,
      "usertime": 2919239
     },
     "29067178778": {
      "maxRSS": 37288,
      "systemtime": 36040,
      "usertime": 2923277
     },
     "29067182896": {
      "maxRSS": 37416,
      "systemtime": 36040,
      "usertime": 2927308
     },
     "29067187002": {
      "maxRSS": 37416,
      "systemtime": 36041,
      "usertime": 2931350
     },
     "29067191097": {
      "maxRSS": 37544,
      "systemtime": 36041,
      "usertime": 2935372
     },
     "29067195171": {
      "maxRSS": 37544,
      "systemtime": 36041,
      "usertime": 2939382
     },
     "29067199245": {
      "maxRSS": 37672,
      "systemtime": 36041,
      "usertime": 2943395
     },
     "29067203324": {
      "maxRSS": 37672,
      "systemtime": 36041,
      "usertime": 2947412
     },
     "29067207416": {
      "maxRSS": 37800,
      "systemtime": 36041,
      "usertime": 2951430
     },
     "29067211527": {
      "maxRSS": 37800,
      "systemtime": 36042,
      "usertime": 2955464
     },
     "29067215626": {
      "maxRSS": 37928,
      "systemtime": 36042,
      "usertime": 2959481
     },
     "29067219704": {
      "maxRSS": 37928,
      "systemtime": 36042,
      "usertime": 2963497
     },
     "29067223793": {
      "maxRSS": 38056,
      "systemtime": 36042,
      "usertime": 2967517
     },
     "29067227872": {
      "maxRSS": 38056,
      "systemtime": 36042,
      "usertime": 2971530
     },
     "29067231950": {
      "maxRSS": 38184,
      "systemtime": 36042,
      "usertime": 2975548
     },
     "29067236029": {
      "maxRSS": 38184,
      "systemtime": 36043,
      "usertime": 2983573
     },
     "29067240116": {
      "maxRSS": 38312,
      "systemtime": 36043,
      "usertime": 2987597
     },
     "29067244194": {
      "maxRSS": 38312,
      "systemtime": 36043,
      "usertime": 2991602
     },
     "29067248282": {
      "maxRSS": 38440,
      "systemtime": 36043,
      "usertime": 2995631
     },
     "29067252392": {
      "maxRSS": 38440,
      "systemtime": 36044,
      "usertime": 2999693
     },
     "29067256476": {
      "maxRSS": 38440,
      "systemtime": 36044,
      "usertime": 3003691
     },
     "29067260553": {
      "maxRSS": 38568,
      "systemtime": 36044,
      "usertime": 3007721
     },
     "29067264653": {
      "maxRSS": 38824,
      "systemtime": 36044,
      "usertime": 3011754
     },
     "29067268766": {
      "maxRSS": 38952,
      "systemtime": 36045,
      "usertime": 3015788
     },
     "29067272854": {
      "maxRSS": 39080,
      "systemtime": 36045,
      "usertime": 3019838
     },
     "29067276945": {
      "maxRSS": 39208,
      "systemtime": 36045,
      "usertime": 3023842
     },
     "29067281089": {
      "maxRSS": 39208,
      "systemtime": 36046,
      "usertime": 3027924
     },
     "29067285224": {
      "maxRSS": 39336,
      "systemtime": 36046,
      "usertime": 3031895
     },
     "29067289356": {
      "maxRSS": 39464,
      "systemtime": 36046,
      "usertime": 3035931
     },
     "29067293502": {
      "maxRSS": 39592,
      "systemtime": 36047,
      "usertime": 3039976
     },
     "29067297640": {
      "maxRSS": 39720,
      "systemtime": 36047,
      "usertime": 3044036
     },
     "29067301745": {
      "maxRSS": 39848,
      "systemtime": 36047,
      "usertime": 3048049
     },
     "29067305867": {
      "maxRSS": 39976,
      "systemtime": 36048,
      "usertime": 3052076
     },
     "29067309983": {
      "maxRSS": 40104,
      "systemtime": 36048,
      "usertime": 3056094
     },
     "29067314110": {
      "maxRSS": 40232,
      "systemtime": 40054,
      "usertime": 3056123
     },
     "29067318221": {
      "maxRSS": 40360,
      "systemtime": 40054,
      "usertime": 3060141
     },
     "29067322312": {
      "maxRSS": 40488,
      "systemtime": 40054,
      "usertime": 3064156
     },
     "29067326441": {
      "maxRSS": 40616,
      "systemtime": 40054,
      "usertime": 3068180
     },
     "29067330552": {
      "maxRSS": 40744,
      "systemtime": 40054,
      "usertime": 3072205
     },
     "29067334708": {
      "maxRSS": 40872,
      "systemtime": 40055,
      "usertime": 3076237
     },
     "29067338786": {
      "maxRSS": 41000,
      "systemtime": 40055,
      "usertime": 3080252
     },
     "29067342900": {
      "maxRSS": 41000,
      "systemtime": 40055,
      "usertime": 3084291
     },
     "29067347016": {
      "maxRSS": 41128,
      "systemtime": 40055,
      "usertime": 3088314
     },
     "29067351093": {
      "maxRSS": 41128,
      "systemtime": 40056,
      "usertime": 3092332
     },
     "29067355201": {
      "maxRSS": 41128,
      "systemtime": 40056,
      "usertime": 3096346
     },
     "29067359289": {
      "maxRSS": 41256,
      "systemtime": 40056,
      "usertime": 3100366
     },
     "29067363389": {
      "maxRSS": 41256,
      "systemtime": 40056,
      "usertime": 3104387
     },
     "29067367490": {
      "maxRSS": 41384,
      "systemtime": 40057,
      "usertime": 3108429
     },
     "29067371579": {
      "maxRSS": 41384,
      "systemtime": 40057,
      "usertime": 3112454
     },
     "29067375699": {
      "maxRSS": 41512,
      "systemtime": 40057,
      "usertime": 3116473
     },
     "29067379823": {
      "maxRSS": 41512,
      "systemtime": 40057,
      "usertime": 3120501
     },
     "29067383932": {
      "maxRSS": 41512,
      "systemtime": 40058,
      "usertime": 3124558
     },
     "29067388077": {
      "maxRSS": 41640,
      "systemtime": 40058,
      "usertime": 3132578
     },
     "29067392207": {
      "maxRSS": 41640,
      "systemtime": 40059,
      "usertime": 3136621
     },
     "29067396293": {
      "maxRSS": 41768,
      "systemtime": 40059,
      "usertime": 3140671
     },
     "29067400397": {
      "maxRSS": 41896,
      "systemtime": 40059,
      "usertime": 3144695
     },
     "29067404523": {
      "maxRSS": 41896,
      "systemtime": 40060,
      "usertime": 3148728
     },
     "29067408658": {
      "maxRSS": 42024,
      "systemtime": 40060,
      "usertime": 3152791
     },
     "29067412766": {
      "maxRSS": 42152,
      "systemtime": 40060,
      "usertime": 3156763
     },
     "29067416961": {
      "maxRSS": 42280,
      "systemtime": 40060,
      "usertime": 3160794
     },
     "29067421080": {
      "maxRSS": 42408,
      "systemtime": 40061,
      "usertime": 3164819
     },
     "29067425214": {
      "maxRSS": 42536,
      "systemtime": 40061,
      "usertime": 3168846
     },
     "29067429403": {
      "maxRSS": 42536,
      "systemtime": 40061,
      "usertime": 3172874
     },
     "29067433587": {
      "maxRSS": 42664,
      "systemtime": 40061,
      "usertime": 3176898
     },
     "29067437683": {
      "maxRSS": 42792,
      "systemtime": 40062,
      "usertime": 3180925
     },
     "29067441788": {
      "maxRSS": 42920,
      "systemtime": 40062,
      "usertime": 3184985
     },
     "29067445937": {
      "maxRSS": 43048,
      "systemtime": 40062,
      "usertime": 3189011
     },
     "29067450061": {
      "maxRSS": 43176,
      "systemtime": 40063,
      "usertime": 3193057
     },
     "29067454197": {
      "maxRSS": 43176,
      "systemtime": 40064,
      "usertime": 3197137
     },
     "29067458387": {
      "maxRSS": 43304,
      "systemtime": 40064,
      "usertime": 3201111
     },
     "29067462578": {
      "maxRSS": 43304,
      "systemtime": 40064,
      "usertime": 3205127
     },
     "29067466670": {
      "maxRSS": 43304,
      "systemtime": 40064,
      "usertime": 3209153
     },
     "29067470904": {
      "maxRSS": 43432,
      "systemtime": 40064,
      "usertime": 3213201
     },
     "29067475096": {
      "maxRSS": 43432,
      "systemtime": 40065,
      "usertime": 3217274
     },
     "29067479277": {
      "maxRSS": 43560,
      "systemtime": 40065,
      "usertime": 3221256
     },
     "29067483490": {
      "maxRSS": 43560,
      "systemtime": 40065,
      "usertime": 3225276
     },
     "29067487696": {
      "maxRSS": 43688,
      "systemtime": 40065,
      "usertime": 3229305
     },
     "29067491837": {
      "maxRSS": 43816,
      "systemtime": 40066,
      "usertime": 3233339
     },
     "29067495961": {
      "maxRSS": 43944,
      "systemtime": 40066,
      "usertime": 3237390
     },
     "29067500093": {
      "maxRSS": 43944,
      "systemtime": 40067,
      "usertime": 3245434
     },
     "29067504194": {
      "maxRSS": 44072,
      "systemtime": 40067,
      "usertime": 3249453
     },
     "29067508291": {
      "maxRSS": 44200,
      "systemtime": 40067,
      "usertime": 3253476
     },
     "29067512405": {
      "maxRSS": 44328,
      "systemtime": 40068,
      "usertime": 3257585
     },
     "29067516514": {
      "maxRSS": 44328,
      "systemtime": 40068,
      "usertime": 3261516
     },
     "29067520708": {
      "maxRSS": 44456,
      "systemtime": 40068,
      "usertime": 3265549
     },
     "29067524897": {
      "maxRSS": 44584,
      "systemtime": 40068,
      "usertime": 3269571
     },
     "29067528990": {
      "maxRSS": 44712,
      "systemtime": 40068,
      "usertime": 3273597
     },
     "29067533164": {
      "maxRSS": 44712,
      "systemtime": 40068,
      "usertime": 3277622
     },
     "29067537235": {
      "maxRSS": 44840,
      "systemtime": 40115,
      "usertime": 3282810
     },
     "29067537748": {
      "maxRSS": 44840,
      "systemtime": 40115,
      "usertime": 3283340
     },
     "29067538864": {
      "maxRSS": 45224,
      "systemtime": 40115,
      "usertime": 3283357
     },
     "29067539977": {
      "maxRSS": 45608,
      "systemtime": 40115,
      "usertime": 3283387
     },
     "29067541136": {
      "maxRSS": 45864,
      "systemtime": 40115,
      "usertime": 3285703
     },
     "29067542307": {
      "maxRSS": 46248,
      "systemtime": 40115,
      "usertime": 3285721
     },
     "29067543491": {
      "maxRSS": 46632,
      "systemtime": 40115,
      "usertime": 3285739
     },
     "29067544622": {
      "maxRSS": 47016,
      "systemtime": 40115,
      "usertime": 3289756
     },
     "29067545750": {
      "maxRSS": 47400,
      "systemtime": 40115,
      "usertime": 3289774
     },
     "29067546897": {
      "maxRSS": 47784,
      "systemtime": 40115,
      "usertime": 3289806
     },
     "29067547974": {
      "maxRSS": 48040,
      "systemtime": 40115,
      "usertime": 3289821
     },
     "29067549043": {
      "maxRSS": 48296,
      "systemtime": 40115,
      "usertime": 3293832
     },
     "29067550142": {
      "maxRSS": 48680,
      "systemtime": 40115,
      "usertime": 3293840
     },
     "29067551241": {
      "maxRSS": 48936,
      "systemtime": 40115,
      "usertime": 3293847
     },
     "29067552313": {
      "maxRSS": 49192,
      "systemtime": 40115,
      "usertime": 3297857
     },
     "29067553505": {
      "maxRSS": 49576,
      "systemtime": 40115,
      "usertime": 3297883
     },
     "29067554702": {
      "maxRSS": 49832,
      "systemtime": 40115,
      "usertime": 3297901
     },
     "29067555816": {
      "maxRSS": 50088,
      "systemtime": 40115,
      "usertime": 3297918
     },
     "29067556907": {
      "maxRSS": 50344,
      "systemtime": 40115,
      "usertime": 3301947
     },
     "29067558021": {
      "maxRSS": 50728,
      "systemtime": 40115,
      "usertime": 3301975
     },
     "29067559090": {
      "maxRSS": 50984,
      "systemtime": 40115,
      "usertime": 3301988
     },
     "29067560176": {
      "maxRSS": 51240,
      "systemtime": 40115,
      "usertime": 3306000
     },
     "29067561254": {
      "maxRSS": 51624,
      "systemtime": 40115,
      "usertime": 3306014
     },
     "29067562350": {
      "maxRSS": 51880,
      "systemtime": 40115,
      "usertime": 3306029
     },
     "29067563432": {
      "maxRSS": 52136,
      "systemtime": 40115,
      "usertime": 3306042
     },
     "29067564500": {
      "maxRSS": 52520,
      "systemtime": 40115,
      "usertime": 3310052
     },
     "29067565613": {
      "maxRSS": 52776,
      "systemtime": 40115,
      "usertime": 3310065
     },
     "29067566702": {
      "maxRSS": 53032,
      "systemtime": 40115,
      "usertime": 3310094
     },
     "29067567817": {
      "maxRSS": 53416,
      "systemtime": 40115,
      "usertime": 3310148
     },
     "29067568932": {
      "maxRSS": 53672,
      "systemtime": 40115,
      "usertime": 3314167
     },
     "29067570016": {
      "maxRSS": 53928,
      "systemtime": 40115,
      "usertime": 3314184
     },
     "29067571087": {
      "maxRSS": 54184,
      "systemtime": 40115,
      "usertime": 3314197
     },
     "29067572153": {
      "maxRSS": 54568,
      "systemtime": 40115,
      "usertime": 3318206
     },
     "29067573217": {
      "maxRSS": 54824,
      "systemtime": 40115,
      "usertime": 3318213
     },
     "29067574332": {
      "maxRSS": 55208,
      "systemtime": 40115,
      "usertime": 3318239
     },
     "29067575402": {
      "maxRSS": 55464,
      "systemtime": 40115,
      "usertime": 3318250
     },
     "29067576479": {
      "maxRSS": 55720,
      "systemtime": 40115,
      "usertime": 3322265
     },
     "29067577558": {
      "maxRSS": 56104,
      "systemtime": 40115,
      "usertime": 3322282
     },
     "29067578635": {
      "maxRSS": 56360,
      "systemtime": 40115,
      "usertime": 3322296
     },
     "29067579706": {
      "maxRSS": 56744,
      "systemtime": 40115,
      "usertime": 3322308
     },
     "29067580792": {
      "maxRSS": 57000,
      "systemtime": 40115,
      "usertime": 3326330
     },
     "29067581858": {
      "maxRSS": 57256,
      "systemtime": 40115,
      "usertime": 3326338
     },
     "29067582991": {
      "maxRSS": 57640,
      "systemtime": 40115,
      "usertime": 3326358
     },
     "29067584018": {
      "maxRSS": 57896,
      "systemtime": 40115,
      "usertime": 3330370
     },
     "29067585113": {
      "maxRSS": 58280,
      "systemtime": 40115,
      "usertime": 3330379
     },
     "29067586213": {
      "maxRSS": 58536,
      "systemtime": 40115,
      "usertime": 3330387
     },
     "29067587298": {
      "maxRSS": 58792,
      "systemtime": 40115,
      "usertime": 3330409
     },
     "29067588420": {
      "maxRSS": 59176,
      "systemtime": 40115,
      "usertime": 3334435
     },
     "29067589493": {
      "maxRSS": 59432,
      "systemtime": 40115,
      "usertime": 3334448
     },
     "29067590610": {
      "maxRSS": 59816,
      "systemtime": 40115,
      "usertime": 3334480
     },
     "29067591689": {
      "maxRSS": 60072,
      "systemtime": 40115,
      "usertime": 3334497
     },
     "29067592766": {
      "maxRSS": 60328,
      "systemtime": 40115,
      "usertime": 3338506
     },
     "29067593860": {
      "maxRSS": 60584,
      "systemtime": 40115,
      "usertime": 3338521
     },
     "29067594958": {
      "maxRSS": 60968,
      "systemtime": 40115,
      "usertime": 3338553
     },
     "29067596103": {
      "maxRSS": 61224,
      "systemtime": 40115,
      "usertime": 3342570
     },
     "29067597209": {
      "maxRSS": 61480,
      "systemtime": 40115,
      "usertime": 3342584
     },
     "29067598276": {
      "maxRSS": 61864,
      "systemtime": 40115,
      "usertime": 3342593
     },
     "29067599356": {
      "maxRSS": 62120,
      "systemtime": 40115,
      "usertime": 3342619
     },
     "29067600434": {
      "maxRSS": 62376,
      "systemtime": 40115,
      "usertime": 3346631
     },
     "29067601526": {
      "maxRSS": 62760,
      "systemtime": 40115,
      "usertime": 3346661
     },
     "29067602605": {
      "maxRSS": 63016,
      "systemtime": 40115,
      "usertime": 3346676
     },
     "29067603683": {
      "maxRSS": 63272,
      "systemtime": 40115,
      "usertime": 3346692
     },
     "29067604756": {
      "maxRSS": 63528,
      "systemtime": 40115,
      "usertime": 3350706
     },
     "29067605838": {
      "maxRSS": 63912,
      "systemtime": 40115,
      "usertime": 3350721
     },
     "29067606907": {
      "maxRSS": 64168,
      "systemtime": 40115,
      "usertime": 3350733
     },
     "29067607998": {
      "maxRSS": 64424,
      "systemtime": 40115,
      "usertime": 3350760
     },
     "29067609087": {
      "maxRSS": 64680,
      "systemtime": 40115,
      "usertime": 3354789
     },
     "29067610235": {
      "maxRSS": 65064,
      "systemtime": 40115,
      "usertime": 3354807
     },
     "29067611317": {
      "maxRSS": 65320,
      "systemtime": 40115,
      "usertime": 3354825
     },
     "29067612394": {
      "maxRSS": 65320,
      "systemtime": 40115,
      "usertime": 3358844
     },
     "29067612459": {
      "maxRSS": 65320,
      "systemtime": 40115,
      "usertime": 3359304
     },
     "29067613549": {
      "maxRSS": 65320,
      "systemtime": 40115,
      "usertime": 3359332
     },
     "29067614651": {
      "maxRSS": 65320,
      "systemtime": 40115,
      "usertime": 3359344
     },
     "29067615717": {
      "maxRSS": 65320,
      "systemtime": 40115,
      "usertime": 3359352
     },
     "29067616846": {
      "maxRSS": 65320,
      "systemtime": 40115,
      "usertime": 3362916
     },
     "29067617955": {
      "maxRSS": 65320,
      "systemtime": 40115,
      "usertime": 3362930
     },
     "29067619060": {
      "maxRSS": 65320,
      "systemtime": 40115,
      "usertime": 3362945
     },
     "29067620079": {
      "maxRSS": 65320,
      "systemtime": 40115,
      "usertime": 3367025
     },
     "29067621268": {
      "maxRSS": 65320,
      "systemtime": 40115,
      "usertime": 3367059
     },
     "29067622442": {
      "maxRSS": 65320,
      "systemtime": 40115,
      "usertime": 3367080
     },
     "29067623644": {
      "maxRSS": 65320,
      "systemtime": 40115,
      "usertime": 3367099
     },
     "29067624832": {
      "maxRSS": 65320,
      "systemtime": 40115,
      "usertime": 3371047
     },
     "29067626006": {
      "maxRSS": 65320,
      "systemtime": 40115,
      "usertime": 3371065
     },
     "29067627180": {
      "maxRSS": 65320,
      "systemtime": 40115,
      "usertime": 3371083
     },
     "29067628323": {
      "maxRSS": 65320,
      "systemtime": 40115,
      "usertime": 3375113
     },
     "29067629497": {
      "maxRSS": 65320,
      "systemtime": 40115,
      "usertime": 3375130
     },
     "29067630677": {
      "maxRSS": 65320,
      "systemtime": 40115,
      "usertime": 3375147
     },
     "29067631858": {
      "maxRSS": 65320,
      "systemtime": 40115,
      "usertime": 3375164
     },
     "29067633002": {
      "maxRSS": 65320,
      "systemtime": 40115,
      "usertime": 3379228
     },
     "29067634166": {
      "maxRSS": 65320,
      "systemtime": 40115,
      "usertime": 3379245
     },
     "29067635356": {
      "maxRSS": 65320,
      "systemtime": 40115,
      "usertime": 3379278
     },
     "29067636473": {
      "maxRSS": 65320,
      "systemtime": 40115,
      "usertime": 3383249
     },
     "29067637587": {
      "maxRSS": 65320,
      "systemtime": 40115,
      "usertime": 3383294
     },
     "29067638784": {
      "maxRSS": 65320,
      "systemtime": 40115,
      "usertime": 3383312
     },
     "29067639965": {
      "maxRSS": 65320,
      "systemtime": 40115,
      "usertime": 3383329
     },
     "29067641137": {
      "maxRSS": 65320,
      "systemtime": 40115,
      "usertime": 3387343
     },
     "29067642322": {
      "maxRSS": 65320,
      "systemtime": 40115,
      "usertime": 3387372
     },
     "29067643494": {
      "maxRSS": 65320,
      "systemtime": 40115,
      "usertime": 3387389
     },
     "29067644680": {
      "maxRSS": 65320,
      "systemtime": 40115,
      "usertime": 3391407
     },
     "29067645854": {
      "maxRSS": 65320,
      "systemtime": 40115,
      "usertime": 3391424
     },
     "29067647033": {
      "maxRSS": 65320,
      "systemtime": 40115,
      "usertime": 3391441
     },
     "29067648113": {
      "maxRSS": 65320,
      "systemtime": 40115,
      "usertime": 3395458
     },
     "29067649267": {
      "maxRSS": 65320,
      "systemtime": 40115,
      "usertime": 3395484
     },
     "29067650469": {
      "maxRSS": 65320,
      "systemtime": 40115,
      "usertime": 3395515
     },
     "29067651585": {
      "maxRSS": 65320,
      "systemtime": 40115,
      "usertime": 3395548
     },
     "29067652705": {
      "maxRSS": 65320,
      "systemtime": 40115,
      "usertime": 3399608
     },
     "29067653831": {
      "maxRSS": 65320,
      "systemtime": 40115,
      "usertime": 3399657
     },
     "29067654920": {
      "maxRSS": 65320,
      "systemtime": 40115,
      "usertime": 3399684
     },
     "29067656012": {
      "maxRSS": 65320,
      "systemtime": 40115,
      "usertime": 3399709
     },
     "29067657183": {
      "maxRSS": 65320,
      "systemtime": 40115,
      "usertime": 3403797
     },
     "29067658273": {
      "maxRSS": 65320,
      "systemtime": 40115,
      "usertime": 3403823
     },
     "29067659369": {
      "maxRSS": 65320,
      "systemtime": 40115,
      "usertime": 3403848
     },
     "29067660465": {
      "maxRSS": 65320,
      "systemtime": 40115,
      "usertime": 3407849
     },
     "29067661556": {
      "maxRSS": 65320,
      "systemtime": 40115,
      "usertime": 3407876
     },
     "29067662644": {
      "maxRSS": 65320,
      "systemtime": 40115,
      "usertime": 3407903
     },
     "29067663768": {
      "maxRSS": 65320,
      "systemtime": 40115,
      "usertime": 3407961
     },
     "29067664854": {
      "maxRSS": 65320,
      "systemtime": 40115,
      "usertime": 3411981
     },
     "29067665941": {
      "maxRSS": 65320,
      "systemtime": 40115,
      "usertime": 3412005
     },
     "29067667027": {
      "maxRSS": 65320,
      "systemtime": 40115,
      "usertime": 3412027
     },
     "29067668172": {
      "maxRSS": 65320,
      "systemtime": 40115,
      "usertime": 3416046
     },
     "29067669260": {
      "maxRSS": 65320,
      "systemtime": 40115,
      "usertime": 3416069
     },
     "29067670392": {
      "maxRSS": 65320,
      "systemtime": 40115,
      "usertime": 3416133
     },
     "29067671488": {
      "maxRSS": 65320,
      "systemtime": 40115,
      "usertime": 3416164
     },
     "29067672674": {
      "maxRSS": 65320,
      "systemtime": 40115,
      "usertime": 3420190
     },
     "29067673856": {
      "maxRSS": 65320,
      "systemtime": 40115,
      "usertime": 3420209
     },
     "29067675036": {
      "maxRSS": 65320,
      "systemtime": 40115,
      "usertime": 3420228
     },
     "29067676181": {
      "maxRSS": 65320,
      "systemtime": 40115,
      "usertime": 3424275
     },
     "29067677295": {
      "maxRSS": 65320,
      "systemtime": 40115,
      "usertime": 3424320
     },
     "29067678384": {
      "maxRSS": 65320,
      "systemtime": 40115,
      "usertime": 3424343
     },
     "29067679463": {
      "maxRSS": 65320,
      "systemtime": 40115,
      "usertime": 3424361
     },
     "29067680541": {
      "maxRSS": 65320,
      "systemtime": 40115,
      "usertime": 3428346
     },
     "29067681689": {
      "maxRSS": 65320,
      "systemtime": 40115,
      "usertime": 3428366
     },
     "29067682878": {
      "maxRSS": 65320,
      "systemtime": 40115,
      "usertime": 3428385
     },
     "29067684070": {
      "maxRSS": 65320,
      "systemtime": 40115,
      "usertime": 3432393
     },
     "29067685291": {
      "maxRSS": 65448,
      "systemtime": 40115,
      "usertime": 3432431
     },
     "29067686423": {
      "maxRSS": 65448,
      "systemtime": 40115,
      "usertime": 3432456
     },
     "29067687614": {
      "maxRSS": 65448,
      "systemtime": 40115,
      "usertime": 3432486
     },
     "29067688794": {
      "maxRSS": 65448,
      "systemtime": 40115,
      "usertime": 3436504
     },
     "29067690002": {
      "maxRSS": 65448,
      "systemtime": 40115,
      "usertime": 3436521
     },
     "29067691214": {
      "maxRSS": 65448,
      "systemtime": 40115,
      "usertime": 3436538
     },
     "29067692368": {
      "maxRSS": 65448,
      "systemtime": 40115,
      "usertime": 3440573
     },
     "29067693562": {
      "maxRSS": 65448,
      "systemtime": 40115,
      "usertime": 3440593
     },
     "29067694724": {
      "maxRSS": 65448,
      "systemtime": 40115,
      "usertime": 3440611
     },
     "29067695899": {
      "maxRSS": 65448,
      "systemtime": 40115,
      "usertime": 3440628
     },
     "29067697101": {
      "maxRSS": 65448,
      "systemtime": 40115,
      "usertime": 3444642
     },
     "29067698282": {
      "maxRSS": 65448,
      "systemtime": 40115,
      "usertime": 3444660
     },
     "29067699466": {
      "maxRSS": 65448,
      "systemtime": 40115,
      "usertime": 3444691
     },
     "29067700643": {
      "maxRSS": 65448,
      "systemtime": 40115,
      "usertime": 3448708
     },
     "29067701818": {
      "maxRSS": 65448,
      "systemtime": 40115,
      "usertime": 3448726
     },
     "29067702977": {
      "maxRSS": 65448,
      "systemtime": 40115,
      "usertime": 3448743
     },
     "29067704150": {
      "maxRSS": 65448,
      "systemtime": 40115,
      "usertime": 3452760
     },
     "29067705237": {
      "maxRSS": 65448,
      "systemtime": 40115,
      "usertime": 3452777
     },
     "29067706430": {
      "maxRSS": 65448,
      "systemtime": 40115,
      "usertime": 3452811
     },
     "29067707601": {
      "maxRSS": 65448,
      "systemtime": 40115,
      "usertime": 3452828
     },
     "29067708799": {
      "maxRSS": 65448,
      "systemtime": 40115,
      "usertime": 3456846
     },
     "29067709951": {
      "maxRSS": 65448,
      "systemtime": 40115,
      "usertime": 3456864
     },
     "29067711042": {
      "maxRSS": 65448,
      "systemtime": 40115,
      "usertime": 3456883
     },
     "29067712117": {
      "maxRSS": 65448,
      "systemtime": 40115,
      "usertime": 3460901
     },
     "29067713296": {
      "maxRSS": 65448,
      "systemtime": 40115,
      "usertime": 3460919
     },
     "29067714492": {
      "maxRSS": 65448,
      "systemtime": 40115,
      "usertime": 3460956
     },
     "29067715675": {
      "maxRSS": 65448,
      "systemtime": 40115,
      "usertime": 3460972
     },
     "29067716858": {
      "maxRSS": 65448,
      "systemtime": 40115,
      "usertime": 3464989
     },
     "29067718025": {
      "maxRSS": 65448,
      "systemtime": 40115,
      "usertime": 3465006
     },
     "29067719203": {
      "maxRSS": 65448,
      "systemtime": 40115,
      "usertime": 3465024
     },
     "29067720307": {
      "maxRSS": 65448,
      "systemtime": 40115,
      "usertime": 3469059
     },
     "29067721424": {
      "maxRSS": 65448,
      "systemtime": 40115,
      "usertime": 3469100
     },
     "29067722542": {
      "maxRSS": 65448,
      "systemtime": 40115,
      "usertime": 3469124
     },
     "29067723636": {
      "maxRSS": 65448,
      "systemtime": 40115,
      "usertime": 3469140
     },
     "29067724744": {
      "maxRSS": 65448,
      "systemtime": 40115,
      "usertime": 3473139
     },
     "29067725813": {
      "maxRSS": 65448,
      "systemtime": 40115,
      "usertime": 3473150
     },
     "29067726918": {
      "maxRSS": 65448,
      "systemtime": 40115,
      "usertime": 3473160
     },
     "29067728072": {
      "maxRSS": 65448,
      "systemtime": 40115,
      "usertime": 3477198
     },
     "29067729178": {
      "maxRSS": 65448,
      "systemtime": 40115,
      "usertime": 3477210
     },
     "29067730285": {
      "maxRSS": 65448,
      "systemtime": 40115,
      "usertime": 3477227
     },
     "29067731396": {
      "maxRSS": 65448,
      "systemtime": 40115,
      "usertime": 3477247
     },
     "29067732499": {
      "maxRSS": 65448,
      "systemtime": 40115,
      "usertime": 3481253
     },
     "29067733598": {
      "maxRSS": 65448,
      "systemtime": 40115,
      "usertime": 3481260
     },
     "29067734711": {
      "maxRSS": 65448,
      "systemtime": 40115,
      "usertime": 3481283
     },
     "29067735785": {
      "maxRSS": 65448,
      "systemtime": 40115,
      "usertime": 3481295
     },
     "29067736889": {
      "maxRSS": 65448,
      "systemtime": 40115,
      "usertime": 3485309
     },
     "29067737958": {
      "maxRSS": 65448,
      "systemtime": 40115,
      "usertime": 3485319
     },
     "29067739068": {
      "maxRSS": 65448,
      "systemtime": 40115,
      "usertime": 3485334
     },
     "29067740136": {
      "maxRSS": 65448,
      "systemtime": 40115,
      "usertime": 3489343
     },
     "29067741235": {
      "maxRSS": 65448,
      "systemtime": 40115,
      "usertime": 3489352
     },
     "29067742316": {
      "maxRSS": 65448,
      "systemtime": 40115,
      "usertime": 3489376
     },
     "29067743425": {
      "maxRSS": 65448,
      "systemtime": 40115,
      "usertime": 3489394
     },
     "29067744511": {
      "maxRSS": 65448,
      "systemtime": 40115,
      "usertime": 3493413
     },
     "29067745626": {
      "maxRSS": 65448,
      "systemtime": 40115,
      "usertime": 3493431
     },
     "29067746730": {
      "maxRSS": 65448,
      "systemtime": 40115,
      "usertime": 3493443
     },
     "29067747826": {
      "maxRSS": 65448,
      "systemtime": 40115,
      "usertime": 3493450
     },
     "29067748933": {
      "maxRSS": 65448,
      "systemtime": 40115,
      "usertime": 3497466
     },
     "29067750039": {
      "maxRSS": 65448,
      "systemtime": 40115,
      "usertime": 3497483
     },
     "29067751141": {
      "maxRSS": 65448,
      "systemtime": 40115,
      "usertime": 3497493
     },
     "29067752207": {
      "maxRSS": 65448,
      "systemtime": 40115,
      "usertime": 3501499
     },
     "29067753310": {
      "maxRSS": 65448,
      "systemtime": 40115,
      "usertime": 3501509
     },
     "29067754410": {
      "maxRSS": 65448,
      "systemtime": 40115,
      "usertime": 3501519
     },
     "29067755524": {
      "maxRSS": 65448,
      "systemtime": 40115,
      "usertime": 3501544
     },
     "29067756644": {
      "maxRSS": 65448,
      "systemtime": 40115,
      "usertime": 3505575
     },
     "29067758765": {
      "maxRSS": 65448,
      "systemtime": 40115,
      "usertime": 3505598
     },
     "29067760837": {
      "maxRSS": 65448,
      "systemtime": 40115,
      "usertime": 3509657
     },
     "29067762955": {
      "maxRSS": 65448,
      "systemtime": 40115,
      "usertime": 3509681
     },
     "29067765065": {
      "maxRSS": 65448,
      "systemtime": 40115,
      "usertime": 3513655
     },
     "29067767187": {
      "maxRSS": 65448,
      "systemtime": 40115,
      "usertime": 3513686
     },
     "29067769301": {
      "maxRSS": 65448,
      "systemtime": 40115,
      "usertime": 3517696
     },
     "29067771403": {
      "maxRSS": 65448,
      "systemtime": 40115,
      "usertime": 3517707
     },
     "29067773505": {
      "maxRSS": 65448,
      "systemtime": 40115,
      "usertime": 3521712
     },
     "29067775611": {
      "maxRSS": 65448,
      "systemtime": 40115,
      "usertime": 3521729
     },
     "29067777734": {
      "maxRSS": 65448,
      "systemtime": 40115,
      "usertime": 3525823
     },
     "29067779903": {
      "maxRSS": 65448,
      "systemtime": 40115,
      "usertime": 3525842
     },
     "29067782065": {
      "maxRSS": 65448,
      "systemtime": 40115,
      "usertime": 3529796
     },
     "29067784187": {
      "maxRSS": 65448,
      "systemtime": 40115,
      "usertime": 3533812
     },
     "29067786359": {
      "maxRSS": 65448,
      "systemtime": 40115,
      "usertime": 3533829
     },
     "29067788559": {
      "maxRSS": 65576,
      "systemtime": 40115,
      "usertime": 3537847
     },
     "29067790643": {
      "maxRSS": 65704,
      "systemtime": 40115,
      "usertime": 3537864
     },
     "29067792822": {
      "maxRSS": 65832,
      "systemtime": 40115,
      "usertime": 3541882
     },
     "29067795038": {
      "maxRSS": 65960,
      "systemtime": 40115,
      "usertime": 3541916
     },
     "29067797215": {
      "maxRSS": 66088,
      "systemtime": 40115,
      "usertime": 3545942
     },
     "29067799395": {
      "maxRSS": 66216,
      "systemtime": 40115,
      "usertime": 3545961
     },
     "29067801580": {
      "maxRSS": 66344,
      "systemtime": 40115,
      "usertime": 3549979
     },
     "29067803665": {
      "maxRSS": 66472,
      "systemtime": 40115,
      "usertime": 3549996
     },
     "29067805855": {
      "maxRSS": 66600,
      "systemtime": 40115,
      "usertime": 3554012
     },
     "29067808076": {
      "maxRSS": 66728,
      "systemtime": 40115,
      "usertime": 3558047
     },
     "29067810255": {
      "maxRSS": 66856,
      "systemtime": 40115,
      "usertime": 3558065
     },
     "29067812345": {
      "maxRSS": 66984,
      "systemtime": 40115,
      "usertime": 3562091
     },
     "29067814530": {
      "maxRSS": 67112,
      "systemtime": 40115,
      "usertime": 3562120
     },
     "29067816758": {
      "maxRSS": 67240,
      "systemtime": 40115,
      "usertime": 3566145
     },
     "29067818942": {
      "maxRSS": 67368,
      "systemtime": 40115,
      "usertime": 3566166
     },
     "29067821106": {
      "maxRSS": 67496,
      "systemtime": 40115,
      "usertime": 3570206
     },
     "29067823206": {
      "maxRSS": 67496,
      "systemtime": 40115,
      "usertime": 3570234
     },
     "29067825419": {
      "maxRSS": 67752,
      "systemtime": 40115,
      "usertime": 3574305
     },
     "29067827508": {
      "maxRSS": 67752,
      "systemtime": 40115,
      "usertime": 3574326
     },
     "29067829639": {
      "maxRSS": 67880,
      "systemtime": 40115,
      "usertime": 3578310
     },
     "29067831825": {
      "maxRSS": 68008,
      "systemtime": 40115,
      "usertime": 3578327
     },
     "29067834022": {
      "maxRSS": 68264,
      "systemtime": 40115,
      "usertime": 3582343
     },
     "29067836123": {
      "maxRSS": 68264,
      "systemtime": 40115,
      "usertime": 3586380
     },
     "29067838294": {
      "maxRSS": 68520,
      "systemtime": 40115,
      "usertime": 3586398
     },
     "29067840434": {
      "maxRSS": 68648,
      "systemtime": 40115,
      "usertime": 3590414
     },
     "29067842610": {
      "maxRSS": 68776,
      "systemtime": 40115,
      "usertime": 3590431
     },
     "29067844730": {
      "maxRSS": 68904,
      "systemtime": 44080,
      "usertime": 3590525
     },
     "29067846899": {
      "maxRSS": 69032,
      "systemtime": 44080,
      "usertime": 3590543
     },
     "29067849092": {
      "maxRSS": 69160,
      "systemtime": 44080,
      "usertime": 3594533
     },
     "29067851266": {
      "maxRSS": 69288,
      "systemtime": 44080,
      "usertime": 3594550
     },
     "29067853441": {
      "maxRSS": 69416,
      "systemtime": 44080,
      "usertime": 3598565
     },
     "29067855625": {
      "maxRSS": 69544,
      "systemtime": 44080,
      "usertime": 3598581
     },
     "29067857809": {
      "maxRSS": 69672,
      "systemtime": 44080,
      "usertime": 3602599
     },
     "29067859978": {
      "maxRSS": 69800,
      "systemtime": 44080,
      "usertime": 3602616
     },
     "29067862084": {
      "maxRSS": 69928,
      "systemtime": 44080,
      "usertime": 3606654
     },
     "29067864161": {
      "maxRSS": 70056,
      "systemtime": 44080,
      "usertime": 3610729
     },
     "29067866269": {
      "maxRSS": 70184,
      "systemtime": 44080,
      "usertime": 3610743
     },
     "29067868383": {
      "maxRSS": 70312,
      "systemtime": 44080,
      "usertime": 3614699
     },
     "29067870504": {
      "maxRSS": 70440,
      "systemtime": 44080,
      "usertime": 3614717
     },
     "29067872620": {
      "maxRSS": 70568,
      "systemtime": 44080,
      "usertime": 3618744
     },
     "29067874736": {
      "maxRSS": 70696,
      "systemtime": 44080,
      "usertime": 3618768
     },
     "29067876838": {
      "maxRSS": 70824,
      "systemtime": 44080,
      "usertime": 3622777
     },
     "29067878922": {
      "maxRSS": 70952,
      "systemtime": 44080,
      "usertime": 3622790
     },
     "29067881034": {
      "maxRSS": 71080,
      "systemtime": 44080,
      "usertime": 3626810
     },
     "29067883206": {
      "maxRSS": 71208,
      "systemtime": 44080,
      "usertime": 3626825
     },
     "29067885385": {
      "maxRSS": 71336,
      "systemtime": 44080,
      "usertime": 3630842
     },
     "29067887561": {
      "maxRSS": 71464,
      "systemtime": 44080,
      "usertime": 3630859
     },
     "29067889751": {
      "maxRSS": 71592,
      "systemtime": 44080,
      "usertime": 3634891
     },
     "29067891926": {
      "maxRSS": 71720,
      "systemtime": 44080,
      "usertime": 3634909
     },
     "29067894024": {
      "maxRSS": 71848,
      "systemtime": 44080,
      "usertime": 3638925
     },
     "29067896053": {
      "maxRSS": 71976,
      "systemtime": 44080,
      "usertime": 3642942
     },
     "29067898208": {
      "maxRSS": 72104,
      "systemtime": 44080,
      "usertime": 3642970
     },
     "29067900296": {
      "maxRSS": 72232,
      "systemtime": 44080,
      "usertime": 3647012
     },
     "29067902387": {
      "maxRSS": 72360,
      "systemtime": 44080,
      "usertime": 3647041
     },
     "29067904464": {
      "maxRSS": 72488,
      "systemtime": 44080,
      "usertime": 3651071
     },
     "29067906586": {
      "maxRSS": 72616,
      "systemtime": 44080,
      "usertime": 3651087
     },
     "29067908679": {
      "maxRSS": 72744,
      "systemtime": 44080,
      "usertime": 3655075
     },
     "29067910784": {
      "maxRSS": 72872,
      "systemtime": 44080,
      "usertime": 3655102
     },
     "29067912873": {
      "maxRSS": 73000,
      "systemtime": 44080,
      "usertime": 3659124
     },
     "29067914973": {
      "maxRSS": 73128,
      "systemtime": 44080,
      "usertime": 3659151
     },
     "29067917078": {
      "maxRSS": 73256,
      "systemtime": 44080,
      "usertime": 3663164
     },
     "29067919164": {
      "maxRSS": 73384,
      "systemtime": 44080,
      "usertime": 3663178
     },
     "29067921279": {
      "maxRSS": 73640,
      "systemtime": 44080,
      "usertime": 3667202
     },
     "29067923359": {
      "maxRSS": 73768,
      "systemtime": 44080,
      "usertime": 3667221
     },
     "29067925464": {
      "maxRSS": 73896,
      "systemtime": 44080,
      "usertime": 3671268
     },
     "29067927545": {
      "maxRSS": 74024,
      "systemtime": 44080,
      "usertime": 3671292
     },
     "29067929656": {
      "maxRSS": 74152,
      "systemtime": 44080,
      "usertime": 3675269
     },
     "29067931756": {
      "maxRSS": 74280,
      "systemtime": 44080,
      "usertime": 3675278
     },
     "29067933864": {
      "maxRSS": 74408,
      "systemtime": 44080,
      "usertime": 3679289
     },
     "29067935994": {
      "maxRSS": 74664,
      "systemtime": 44080,
      "usertime": 3679317
     },
     "29067938118": {
      "maxRSS": 74792,
      "systemtime": 44080,
      "usertime": 3683343
     },
     "29067940196": {
      "maxRSS": 74920,
      "systemtime": 44080,
      "usertime": 3687361
     },
     "29067942397": {
      "maxRSS": 75048,
      "systemtime": 44080,
      "usertime": 3687391
     },
     "29067944583": {
      "maxRSS": 75176,
      "systemtime": 44080,
      "usertime": 3691409
     },
     "29067946767": {
      "maxRSS": 75432,
      "systemtime": 44080,
      "usertime": 3691427
     },
     "29067948957": {
      "maxRSS": 75560,
      "systemtime": 44080,
      "usertime": 3695444
     },
     "29067951132": {
      "maxRSS": 75688,
      "systemtime": 44080,
      "usertime": 3695461
     },
     "29067953309": {
      "maxRSS": 75816,
      "systemtime": 44080,
      "usertime": 3699480
     },
     "29067955505": {
      "maxRSS": 75944,
      "systemtime": 44080,
      "usertime": 3699512
     },
     "29067957681": {
      "maxRSS": 76072,
      "systemtime": 44080,
      "usertime": 3703530
     },
     "29067959853": {
      "maxRSS": 76328,
      "systemtime": 44080,
      "usertime": 3703547
     },
     "29067962034": {
      "maxRSS": 76456,
      "systemtime": 44080,
      "usertime": 3707565
     },
     "29067964117": {
      "maxRSS": 76584,
      "systemtime": 44080,
      "usertime": 3711601
     },
     "29067966229": {
      "maxRSS": 76712,
      "systemtime": 44080,
      "usertime": 3711617
     },
     "29067968369": {
      "maxRSS": 76840,
      "systemtime": 44080,
      "usertime": 3715629
     },
     "29067970477": {
      "maxRSS": 76968,
      "systemtime": 44080,
      "usertime": 3715669
     },
     "29067972559": {
      "maxRSS": 77096,
      "systemtime": 44080,
      "usertime": 3719689
     },
     "29067974628": {
      "maxRSS": 77352,
      "systemtime": 44080,
      "usertime": 3719697
     },
     "29067976703": {
      "maxRSS": 77480,
      "systemtime": 44080,
      "usertime": 3723710
     },
     "29067978771": {
      "maxRSS": 77608,
      "systemtime": 44080,
      "usertime": 3723720
     },
     "29067980852": {
      "maxRSS": 77736,
      "systemtime": 44080,
      "usertime": 3727744
     },
     "29067982918": {
      "maxRSS": 77864,
      "systemtime": 44080,
      "usertime": 3727753
     },
     "29067984992": {
      "maxRSS": 77992,
      "systemtime": 47998,
      "usertime": 3727850
     },
     "29067987099": {
      "maxRSS": 78120,
      "systemtime": 47998,
      "usertime": 3727862
     },
     "29067989235": {
      "maxRSS": 78376,
      "systemtime": 47998,
      "usertime": 3731870
     },
     "29067991317": {
      "maxRSS": 78504,
      "systemtime": 47998,
      "usertime": 3731879
     },
     "29067993383": {
      "maxRSS": 78632,
      "systemtime": 47998,
      "usertime": 3735887
     },
     "29067995502": {
      "maxRSS": 78760,
      "systemtime": 47998,
      "usertime": 3735912
     },
     "29067997603": {
      "maxRSS": 78888,
      "systemtime": 47999,
      "usertime": 3739922
     },
     "29067999724": {
      "maxRSS": 79016,
      "systemtime": 47999,
      "usertime": 3739930
     },
     "29068001797": {
      "maxRSS": 79272,
      "systemtime": 47999,
      "usertime": 3743939
     },
     "29068003867": {
      "maxRSS": 79400,
      "systemtime": 47999,
      "usertime": 3743951
     },
     "29068005986": {
      "maxRSS": 79528,
      "systemtime": 47999,
      "usertime": 3747969
     },
     "29068008048": {
      "maxRSS": 79656,
      "systemtime": 48000,
      "usertime": 3752000
     },
     "29068010159": {
      "maxRSS": 79784,
      "systemtime": 48000,
      "usertime": 3752023
     },
     "29068012236": {
      "maxRSS": 79912,
      "systemtime": 48000,
      "usertime": 3756035
     },
     "29068014306": {
      "maxRSS": 80040,
      "systemtime": 48000,
      "usertime": 3756047
     },
     "29068016473": {
      "maxRSS": 80168,
      "systemtime": 52000,
      "usertime": 3756065
     },
     "29068018541": {
      "maxRSS": 80424,
      "systemtime": 52001,
      "usertime": 3756074
     },
     "29068020693": {
      "maxRSS": 80552,
      "systemtime": 52001,
      "usertime": 3760101
     },
     "29068022801": {
      "maxRSS": 80680,
      "systemtime": 52001,
      "usertime": 3760117
     },
     "29068024907": {
      "maxRSS": 80808,
      "systemtime": 52001,
      "usertime": 3764133
     },
     "29068027011": {
      "maxRSS": 80936,
      "systemtime": 52001,
      "usertime": 3764143
     },
     "29068029098": {
      "maxRSS": 81064,
      "systemtime": 52002,
      "usertime": 3768160
     },
     "29068033214": {
      "maxRSS": 81448,
      "systemtime": 52002,
      "usertime": 3772180
     },
     "29068037307": {
      "maxRSS": 81704,
      "systemtime": 52002,
      "usertime": 3776215
     },
     "29068041380": {
      "maxRSS": 81960,
      "systemtime": 52003,
      "usertime": 3780228
     },
     "29068045491": {
      "maxRSS": 82216,
      "systemtime": 52003,
      "usertime": 3784280
     },
     "29068049669": {
      "maxRSS": 82600,
      "systemtime": 52003,
      "usertime": 3788266
     },
     "29068053807": {
      "maxRSS": 82856,
      "systemtime": 52004,
      "usertime": 3792292
     },
     "29068057987": {
      "maxRSS": 83112,
      "systemtime": 52004,
      "usertime": 3796317
     },
     "29068062075": {
      "maxRSS": 83368,
      "systemtime": 52004,
      "usertime": 3800336
     },
     "29068066219": {
      "maxRSS": 83752,
      "systemtime": 52005,
      "usertime": 3804381
     },
     "29068070309": {
      "maxRSS": 84136,
      "systemtime": 52005,
      "usertime": 3808408
     },
     "29068074423": {
      "maxRSS": 84392,
      "systemtime": 52005,
      "usertime": 3812425
     },
     "29068078570": {
      "maxRSS": 84648,
      "systemtime": 52006,
      "usertime": 3816446
     },
     "29068082642": {
      "maxRSS": 84904,
      "systemtime": 52006,
      "usertime": 3820459
     },
     "29068086718": {
      "maxRSS": 85160,
      "systemtime": 52006,
      "usertime": 3824472
     },
     "29068090863": {
      "maxRSS": 85416,
      "systemtime": 52007,
      "usertime": 3828523
     },
     "29068094969": {
      "maxRSS": 85800,
      "systemtime": 52007,
      "usertime": 3832534
     },
     "29068099082": {
      "maxRSS": 86056,
      "systemtime": 56031,
      "usertime": 3834132
     },
     "29068103166": {
      "maxRSS": 86312,
      "systemtime": 56031,
      "usertime": 3836539
     },
     "29068107288": {
      "maxRSS": 86568,
      "systemtime": 56031,
      "usertime": 3840566
     },
     "29068111357": {
      "maxRSS": 86824,
      "systemtime": 56031,
      "usertime": 3844571
     },
     "29068115472": {
      "maxRSS": 87080,
      "systemtime": 56031,
      "usertime": 3848596
     },
     "29068119574": {
      "maxRSS": 87464,
      "systemtime": 56031,
      "usertime": 3852607
     },
     "29068123683": {
      "maxRSS": 87720,
      "systemtime": 56031,
      "usertime": 3856623
     },
     "29068127762": {
      "maxRSS": 87976,
      "systemtime": 56031,
      "usertime": 3860639
     },
     "29068131847": {
      "maxRSS": 88232,
      "systemtime": 56031,
      "usertime": 3864661
     },
     "29068135924": {
      "maxRSS": 88488,
      "systemtime": 56031,
      "usertime": 3868679
     },
     "29068140045": {
      "maxRSS": 88872,
      "systemtime": 56031,
      "usertime": 3876706
     },
     "29068144121": {
      "maxRSS": 89128,
      "systemtime": 60011,
      "usertime": 3876740
     },
     "29068148190": {
      "maxRSS": 89384,
      "systemtime": 60011,
      "usertime": 3880751
     },
     "29068152354": {
      "maxRSS": 89640,
      "systemtime": 60011,
      "usertime": 3884767
     },
     "29068156445": {
      "maxRSS": 90024,
      "systemtime": 60012,
      "usertime": 3888798
     },
     "29068160563": {
      "maxRSS": 90280,
      "systemtime": 64013,
      "usertime": 3888819
     },
     "29068164747": {
      "maxRSS": 90536,
      "systemtime": 64014,
      "usertime": 3892860
     },
     "29068168937": {
      "maxRSS": 90920,
      "systemtime": 64014,
      "usertime": 3896872
     },
     "29068173113": {
      "maxRSS": 91176,
      "systemtime": 64014,
      "usertime": 3900897
     },
     "29068177250": {
      "maxRSS": 91432,
      "systemtime": 64015,
      "usertime": 3904922
     },
     "29068181433": {
      "maxRSS": 91688,
      "systemtime": 64015,
      "usertime": 3908947
     },
     "29068185640": {
      "maxRSS": 92072,
      "systemtime": 64015,
      "usertime": 3912966
     },
     "29068189827": {
      "maxRSS": 92328,
      "systemtime": 68017,
      "usertime": 3912984
     },
     "29068194021": {
      "maxRSS": 92584,
      "systemtime": 68017,
      "usertime": 3917018
     },
     "29068198193": {
      "maxRSS": 92968,
      "systemtime": 68017,
      "usertime": 3921037
     },
     "29068202384": {
      "maxRSS": 93224,
      "systemtime": 68018,
      "usertime": 3925056
     },
     "29068206574": {
      "maxRSS": 93352,
      "systemtime": 68018,
      "usertime": 3929074
     },
     "29068210735": {
      "maxRSS": 93608,
      "systemtime": 68018,
      "usertime": 3933092
     },
     "29068214909": {
      "maxRSS": 93864,
      "systemtime": 68019,
      "usertime": 3937110
     },
     "29068219014": {
      "maxRSS": 94120,
      "systemtime": 68019,
      "usertime": 3941146
     },
     "29068223101": {
      "maxRSS": 94376,
      "systemtime": 68021,
      "usertime": 3945224
     },
     "29068227213": {
      "maxRSS": 94504,
      "systemtime": 68021,
      "usertime": 3949234
     },
     "29068231287": {
      "maxRSS": 94760,
      "systemtime": 68021,
      "usertime": 3953196
     },
     "29068235392": {
      "maxRSS": 95016,
      "systemtime": 68021,
      "usertime": 3957210
     },
     "29068239553": {
      "maxRSS": 95272,
      "systemtime": 72022,
      "usertime": 3957255
     },
     "29068243653": {
      "maxRSS": 95400,
      "systemtime": 72023,
      "usertime": 3961283
     },
     "29068247758": {
      "maxRSS": 95656,
      "systemtime": 72023,
      "usertime": 3965277
     },
     "29068251846": {
      "maxRSS": 95912,
      "systemtime": 72023,
      "usertime": 3969294
     },
     "29068255978": {
      "maxRSS": 96168,
      "systemtime": 72024,
      "usertime": 3973331
     },
     "29068260037": {
      "maxRSS": 96296,
      "systemtime": 75951,
      "usertime": 3977455
     },
     "29068264083": {
      "maxRSS": 96552,
      "systemtime": 75953,
      "usertime": 3981547
     },
     "29068268185": {
      "maxRSS": 96808,
      "systemtime": 75953,
      "usertime": 3985518
     },
     "29068272269": {
      "maxRSS": 97064,
      "systemtime": 75953,
      "usertime": 3989545
     },
     "29068276356": {
      "maxRSS": 97320,
      "systemtime": 75953,
      "usertime": 3993572
     },
     "29068280491": {
      "maxRSS": 97576,
      "systemtime": 75955,
      "usertime": 3997679
     },
     "29068284624": {
      "maxRSS": 97704,
      "systemtime": 75955,
      "usertime": 4001650
     },
     "29068288770": {
      "maxRSS": 97960,
      "systemtime": 75956,
      "usertime": 4005681
     },
     "29068292878": {
      "maxRSS": 98216,
      "systemtime": 75956,
      "usertime": 4009688
     },
     "29068296975": {
      "maxRSS": 98472,
      "systemtime": 75956,
      "usertime": 4013717
     },
     "29068301051": {
      "maxRSS": 98728,
      "systemtime": 75957,
      "usertime": 4017736
     },
     "29068305156": {
      "maxRSS": 98984,
      "systemtime": 75957,
      "usertime": 4021749
     },
     "29068309324": {
      "maxRSS": 99240,
      "systemtime": 75957,
      "usertime": 4025765
     },
     "29068313500": {
      "maxRSS": 99496,
      "systemtime": 75958,
      "usertime": 4029783
     },
     "29068317682": {
      "maxRSS": 99752,
      "systemtime": 75958,
      "usertime": 4033801
     },
     "29068321885": {
      "maxRSS": 100008,
      "systemtime": 75959,
      "usertime": 4037843
     },
     "29068326064": {
      "maxRSS": 100264,
      "systemtime": 75959,
      "usertime": 4041858
     },
     "29068330181": {
      "maxRSS": 100520,
      "systemtime": 75960,
      "usertime": 4045881
     },
     "29068334302": {
      "maxRSS": 100776,
      "systemtime": 75960,
      "usertime": 4049903
     },
     "29068338423": {
      "maxRSS": 101032,
      "systemtime": 75961,
      "usertime": 4053918
     },
     "29068342509": {
      "maxRSS": 101288,
      "systemtime": 75961,
      "usertime": 4057938
     },
     "29068346647": {
      "maxRSS": 101544,
      "systemtime": 75962,
      "usertime": 4061983
     },
     "29068350759": {
      "maxRSS": 101800,
      "systemtime": 75962,
      "usertime": 4066001
     },
     "29068354866": {
      "maxRSS": 102056,
      "systemtime": 75962,
      "usertime": 4070011
     },
     "29068358975": {
      "maxRSS": 102312,
      "systemtime": 75963,
      "usertime": 4074029
     },
     "29068363087": {
      "maxRSS": 102696,
      "systemtime": 75963,
      "usertime": 4078047
     },
     "29068367263": {
      "maxRSS": 102952,
      "systemtime": 75964,
      "usertime": 4082066
     },
     "29068371455": {
      "maxRSS": 103208,
      "systemtime": 75964,
      "usertime": 4086101
     },
     "29068375625": {
      "maxRSS": 103464,
      "systemtime": 75965,
      "usertime": 4090120
     },
     "29068379805": {
      "maxRSS": 103720,
      "systemtime": 75965,
      "usertime": 4094141
     },
     "29068383994": {
      "maxRSS": 103976,
      "systemtime": 75965,
      "usertime": 4098162
     },
     "29068388123": {
      "maxRSS": 104232,
      "systemtime": 79888,
      "usertime": 4102281
     },
     "29068392202": {
      "maxRSS": 104488,
      "systemtime": 79888,
      "usertime": 4106278
     },
     "29068396281": {
      "maxRSS": 104744,
      "systemtime": 79889,
      "usertime": 4110316
     },
     "29068400399": {
      "maxRSS": 105000,
      "systemtime": 79890,
      "usertime": 4114344
     },
     "29068404518": {
      "maxRSS": 105256,
      "systemtime": 79890,
      "usertime": 4118376
     },
     "29068408705": {
      "maxRSS": 105512,
      "systemtime": 79891,
      "usertime": 4122394
     },
     "29068412891": {
      "maxRSS": 105768,
      "systemtime": 79891,
      "usertime": 4126416
     },
     "29068417067": {
      "maxRSS": 106024,
      "systemtime": 79892,
      "usertime": 4130432
     },
     "29068421224": {
      "maxRSS": 106280,
      "systemtime": 79894,
      "usertime": 4134533
     },
     "29068425425": {
      "maxRSS": 106664,
      "systemtime": 79894,
      "usertime": 4138502
     },
     "29068429600": {
      "maxRSS": 106792,
      "systemtime": 79894,
      "usertime": 4142520
     },
     "29068433671": {
      "maxRSS": 106920,
      "systemtime": 79894,
      "usertime": 4146533
     },
     "29068437752": {
      "maxRSS": 107048,
      "systemtime": 79895,
      "usertime": 4150548
     },
     "29068441835": {
      "maxRSS": 107176,
      "systemtime": 79895,
      "usertime": 4154571
     },
     "29068445918": {
      "maxRSS": 107304,
      "systemtime": 79896,
      "usertime": 4158593
     },
     "29068450058": {
      "maxRSS": 107432,
      "systemtime": 79896,
      "usertime": 4162633
     },
     "29068454176": {
      "maxRSS": 107560,
      "systemtime": 79897,
      "usertime": 4166652
     },
     "29068458264": {
      "maxRSS": 107688,
      "systemtime": 79899,
      "usertime": 4170728
     },
     "29068462439": {
      "maxRSS": 107816,
      "systemtime": 79899,
      "usertime": 4174689
     },
     "29068466628": {
      "maxRSS": 108072,
      "systemtime": 79899,
      "usertime": 4178708
     },
     "29068470818": {
      "maxRSS": 108200,
      "systemtime": 79899,
      "usertime": 4182727
     },
     "29068475012": {
      "maxRSS": 108328,
      "systemtime": 79900,
      "usertime": 4186762
     },
     "29068479342": {
      "maxRSS": 108456,
      "systemtime": 79900,
      "usertime": 4190784
     },
     "29068483442": {
      "maxRSS": 108584,
      "systemtime": 79902,
      "usertime": 4194868
     },
     "29068487613": {
      "maxRSS": 108712,
      "systemtime": 79902,
      "usertime": 4198824
     },
     "29068491786": {
      "maxRSS": 108840,
      "systemtime": 79902,
      "usertime": 4202843
     },
     "29068495876": {
      "maxRSS": 108968,
      "systemtime": 79902,
      "usertime": 4206866
     },
     "29068500048": {
      "maxRSS": 109096,
      "systemtime": 79903,
      "usertime": 4214900
     },
     "29068504210": {
      "maxRSS": 109224,
      "systemtime": 79904,
      "usertime": 4218942
     },
     "29068508357": {
      "maxRSS": 109480,
      "systemtime": 79904,
      "usertime": 4222962
     },
     "29068512560": {
      "maxRSS": 109608,
      "systemtime": 79905,
      "usertime": 4226983
     },
     "29068516760": {
      "maxRSS": 109864,
      "systemtime": 79905,
      "usertime": 4231003
     },
     "29068520955": {
      "maxRSS": 110120,
      "systemtime": 79906,
      "usertime": 4235021
     },
     "29068525128": {
      "maxRSS": 110248,
      "systemtime": 79906,
      "usertime": 4239040
     },
     "29068529273": {
      "maxRSS": 110504,
      "systemtime": 79907,
      "usertime": 4243074
     },
     "29068533477": {
      "maxRSS": 110760,
      "systemtime": 79907,
      "usertime": 4247092
     },
     "29068537685": {
      "maxRSS": 110888,
      "systemtime": 79908,
      "usertime": 4251109
     },
     "29068541875": {
      "maxRSS": 111144,
      "systemtime": 79908,
      "usertime": 4255125
     },
     "29068546062": {
      "maxRSS": 111400,
      "systemtime": 79908,
      "usertime": 4259142
     },
     "29068550234": {
      "maxRSS": 111528,
      "systemtime": 79909,
      "usertime": 4263160
     },
     "29068554488": {
      "maxRSS": 111784,
      "systemtime": 83906,
      "usertime": 4263234
     },
     "29068558597": {
      "maxRSS": 112040,
      "systemtime": 83906,
      "usertime": 4267256
     },
     "29068566738": {
      "maxRSS": 112552,
      "systemtime": 83907,
      "usertime": 4275263
     },
     "29068574819": {
      "maxRSS": 112936,
      "systemtime": 83907,
      "usertime": 4283274
     },
     "29068582934": {
      "maxRSS": 113320,
      "systemtime": 83907,
      "usertime": 4291289
     },
     "29068591157": {
      "maxRSS": 113704,
      "systemtime": 83908,
      "usertime": 4299316
     },
     "29068599300": {
      "maxRSS": 114088,
      "systemtime": 83909,
      "usertime": 4307368
     },
     "29068607403": {
      "maxRSS": 114472,
      "systemtime": 83911,
      "usertime": 4315441
     },
     "29068615545": {
      "maxRSS": 114728,
      "systemtime": 83911,
      "usertime": 4323438
     },
     "29068623673": {
      "maxRSS": 115112,
      "systemtime": 83914,
      "usertime": 4331565
     },
     "29068631865": {
      "maxRSS": 115496,
      "systemtime": 83914,
      "usertime": 4339507
     },
     "29068639958": {
      "maxRSS": 115880,
      "systemtime": 87909,
      "usertime": 4343542
     },
     "29068648070": {
      "maxRSS": 116264,
      "systemtime": 87910,
      "usertime": 4355573
     },
     "29068656188": {
      "maxRSS": 116648,
      "systemtime": 87911,
      "usertime": 4363623
     },
     "29068664280": {
      "maxRSS": 117032,
      "systemtime": 87914,
      "usertime": 4371727
     },
     "29068672368": {
      "maxRSS": 117416,
      "systemtime": 87914,
      "usertime": 4379676
     },
     "29068680446": {
      "maxRSS": 117800,
      "systemtime": 87914,
      "usertime": 4387694
     },
     "29068688595": {
      "maxRSS": 118312,
      "systemtime": 87914,
      "usertime": 4395732
     },
     "29068696715": {
      "maxRSS": 118696,
      "systemtime": 87915,
      "usertime": 4403764
     },
     "29068704923": {
      "maxRSS": 118952,
      "systemtime": 87916,
      "usertime": 4411799
     },
     "29068713014": {
      "maxRSS": 119336,
      "systemtime": 87916,
      "usertime": 4419822
     },
     "29068721135": {
      "maxRSS": 119720,
      "systemtime": 87918,
      "usertime": 4427891
     },
     "29068729265": {
      "maxRSS": 120104,
      "systemtime": 87918,
      "usertime": 4435906
     },
     "29068737464": {
      "maxRSS": 120488,
      "systemtime": 87920,
      "usertime": 4443959
     },
     "29068745584": {
      "maxRSS": 120744,
      "systemtime": 87920,
      "usertime": 4451986
     },
     "29068753729": {
      "maxRSS": 121000,
      "systemtime": 87975,
      "usertime": 4460682
     },
     "29068756517": {
      "maxRSS": 121000,
      "systemtime": 87975,
      "usertime": 4464505
     },
     "29068757649": {
      "maxRSS": 121000,
      "systemtime": 87975,
      "usertime": 4464539
     },
     "29068758839": {
      "maxRSS": 121000,
      "systemtime": 87975,
      "usertime": 4464558
     },
     "29068760033": {
      "maxRSS": 121000,
      "systemtime": 87975,
      "usertime": 4468127
     },
     "29068760131": {
      "maxRSS": 121000,
      "systemtime": 87975,
      "usertime": 4468212
     },
     "29068761244": {
      "maxRSS": 121256,
      "systemtime": 87975,
      "usertime": 4468253
     },
     "29068762317": {
      "maxRSS": 121640,
      "systemtime": 87975,
      "usertime": 4468268
     },
     "29068763465": {
      "maxRSS": 121896,
      "systemtime": 87975,
      "usertime": 4468280
     },
     "29068764633": {
      "maxRSS": 122280,
      "systemtime": 87975,
      "usertime": 4472271
     },
     "29068765808": {
      "maxRSS": 122536,
      "systemtime": 87975,
      "usertime": 4472288
     },
     "29068766981": {
      "maxRSS": 122920,
      "systemtime": 87975,
      "usertime": 4472305
     },
     "29068768135": {
      "maxRSS": 123176,
      "systemtime": 87975,
      "usertime": 4476265
     },
     "29068769367": {
      "maxRSS": 123560,
      "systemtime": 87975,
      "usertime": 4476296
     },
     "29068770475": {
      "maxRSS": 123816,
      "systemtime": 87975,
      "usertime": 4476326
     },
     "29068771553": {
      "maxRSS": 124072,
      "systemtime": 87975,
      "usertime": 4476343
     },
     "29068772696": {
      "maxRSS": 124456,
      "systemtime": 87975,
      "usertime": 4480376
     },
     "29068773813": {
      "maxRSS": 124712,
      "systemtime": 87975,
      "usertime": 4480395
     },
     "29068774900": {
      "maxRSS": 124968,
      "systemtime": 87975,
      "usertime": 4480414
     },
     "29068776026": {
      "maxRSS": 125224,
      "systemtime": 87975,
      "usertime": 4484433
     },
     "29068777140": {
      "maxRSS": 125608,
      "systemtime": 87975,
      "usertime": 4484445
     },
     "29068778247": {
      "maxRSS": 125864,
      "systemtime": 87975,
      "usertime": 4484453
     },
     "29068779314": {
      "maxRSS": 126120,
      "systemtime": 87975,
      "usertime": 4484462
     },
     "29068780400": {
      "maxRSS": 126504,
      "systemtime": 87975,
      "usertime": 4488484
     },
     "29068781512": {
      "maxRSS": 126760,
      "systemtime": 87975,
      "usertime": 4488505
     },
     "29068782638": {
      "maxRSS": 127016,
      "systemtime": 87975,
      "usertime": 4488537
     },
     "29068783747": {
      "maxRSS": 127400,
      "systemtime": 87975,
      "usertime": 4488555
     },
     "29068784852": {
      "maxRSS": 127656,
      "systemtime": 87975,
      "usertime": 4492568
     },
     "29068785925": {
      "maxRSS": 127912,
      "systemtime": 87975,
      "usertime": 4492581
     },
     "29068787039": {
      "maxRSS": 128296,
      "systemtime": 87975,
      "usertime": 4492604
     },
     "29068788114": {
      "maxRSS": 128552,
      "systemtime": 87975,
      "usertime": 4496621
     },
     "29068789233": {
      "maxRSS": 128808,
      "systemtime": 87975,
      "usertime": 4496645
     },
     "29068790330": {
      "maxRSS": 129192,
      "systemtime": 87975,
      "usertime": 4496651
     },
     "29068791430": {
      "maxRSS": 129448,
      "systemtime": 87975,
      "usertime": 4496658
     },
     "29068792540": {
      "maxRSS": 129704,
      "systemtime": 87975,
      "usertime": 4500677
     },
     "29068793649": {
      "maxRSS": 130088,
      "systemtime": 87975,
      "usertime": 4500694
     },
     "29068794753": {
      "maxRSS": 130344,
      "systemtime": 87975,
      "usertime": 4500703
     },
     "29068795852": {
      "maxRSS": 130600,
      "systemtime": 87975,
      "usertime": 4500712
     },
     "29068796959": {
      "maxRSS": 130984,
      "systemtime": 87975,
      "usertime": 4504728
     },
     "29068798058": {
      "maxRSS": 131240,
      "systemtime": 87975,
      "usertime": 4504735
     },
     "29068799162": {
      "maxRSS": 131496,
      "systemtime": 87975,
      "usertime": 4504746
     },
     "29068800231": {
      "maxRSS": 131752,
      "systemtime": 87975,
      "usertime": 4508755
     },
     "29068801338": {
      "maxRSS": 132136,
      "systemtime": 87975,
      "usertime": 4508769
     },
     "29068802419": {
      "maxRSS": 132392,
      "systemtime": 87975,
      "usertime": 4508788
     },
     "29068803530": {
      "maxRSS": 132776,
      "systemtime": 87975,
      "usertime": 4508807
     },
     "29068804665": {
      "maxRSS": 133032,
      "systemtime": 87975,
      "usertime": 4512826
     },
     "29068805772": {
      "maxRSS": 133288,
      "systemtime": 87975,
      "usertime": 4512835
     },
     "29068806875": {
      "maxRSS": 133672,
      "systemtime": 87975,
      "usertime": 4512847
     },
     "29068807975": {
      "maxRSS": 133928,
      "systemtime": 87975,
      "usertime": 4512854
     },
     "29068809074": {
      "maxRSS": 134184,
      "systemtime": 87975,
      "usertime": 4516861
     },
     "29068810179": {
      "maxRSS": 134568,
      "systemtime": 87975,
      "usertime": 4516876
     },
     "29068811282": {
      "maxRSS": 134824,
      "systemtime": 87975,
      "usertime": 4516891
     },
     "29068812358": {
      "maxRSS": 135080,
      "systemtime": 87975,
      "usertime": 4520908
     },
     "29068813432": {
      "maxRSS": 135464,
      "systemtime": 87975,
      "usertime": 4520920
     },
     "29068814548": {
      "maxRSS": 135720,
      "systemtime": 87975,
      "usertime": 4520946
     },
     "29068815654": {
      "maxRSS": 136104,
      "systemtime": 87975,
      "usertime": 4520957
     },
     "29068816760": {
      "maxRSS": 136488,
      "systemtime": 87975,
      "usertime": 4524973
     },
     "29068817861": {
      "maxRSS": 136744,
      "systemtime": 87975,
      "usertime": 4524981
     },
     "29068818964": {
      "maxRSS": 137128,
      "systemtime": 87975,
      "usertime": 4524993
     },
     "29068820075": {
      "maxRSS": 137384,
      "systemtime": 87975,
      "usertime": 4529006
     },
     "29068821178": {
      "maxRSS": 137640,
      "systemtime": 87975,
      "usertime": 4529015
     },
     "29068822279": {
      "maxRSS": 138024,
      "systemtime": 87975,
      "usertime": 4529023
     },
     "29068823383": {
      "maxRSS": 138280,
      "systemtime": 87975,
      "usertime": 4529032
     },
     "29068824494": {
      "maxRSS": 138664,
      "systemtime": 87975,
      "usertime": 4533051
     },
     "29068825606": {
      "maxRSS": 138920,
      "systemtime": 87975,
      "usertime": 4533072
     },
     "29068826689": {
      "maxRSS": 139176,
      "systemtime": 87975,
      "usertime": 4533089
     },
     "29068827766": {
      "maxRSS": 139432,
      "systemtime": 87975,
      "usertime": 4533107
     },
     "29068828867": {
      "maxRSS": 139816,
      "systemtime": 87975,
      "usertime": 4537119
     },
     "29068829964": {
      "maxRSS": 140072,
      "systemtime": 87975,
      "usertime": 4537127
     },
     "29068831078": {
      "maxRSS": 140328,
      "systemtime": 87975,
      "usertime": 4537151
     },
     "29068832144": {
      "maxRSS": 140712,
      "systemtime": 87975,
      "usertime": 4541158
     },
     "29068833209": {
      "maxRSS": 140968,
      "systemtime": 87975,
      "usertime": 4541165
     },
     "29068834317": {
      "maxRSS": 141224,
      "systemtime": 87975,
      "usertime": 4541180
     },
     "29068835420": {
      "maxRSS": 141608,
      "systemtime": 87975,
      "usertime": 4541192
     },
     "29068836502": {
      "maxRSS": 141864,
      "systemtime": 87975,
      "usertime": 4545209
     },
     "29068837632": {
      "maxRSS": 142120,
      "systemtime": 87975,
      "usertime": 4545251
     },
     "29068838752": {
      "maxRSS": 142504,
      "systemtime": 87975,
      "usertime": 4545281
     },
     "29068839881": {
      "maxRSS": 142760,
      "systemtime": 87975,
      "usertime": 4545307
     },
     "29068840987": {
      "maxRSS": 143016,
      "systemtime": 87975,
      "usertime": 4549322
     },
     "29068842051": {
      "maxRSS": 143400,
      "systemtime": 87975,
      "usertime": 4549329
     },
     "29068843148": {
      "maxRSS": 143656,
      "systemtime": 87975,
      "usertime": 4549336
     },
     "29068844236": {
      "maxRSS": 144040,
      "systemtime": 87975,
      "usertime": 4553361
     },
     "29068845339": {
      "maxRSS": 144296,
      "systemtime": 87975,
      "usertime": 4553372
     },
     "29068846438": {
      "maxRSS": 144552,
      "systemtime": 87975,
      "usertime": 4553380
     },
     "29068847539": {
      "maxRSS": 144936,
      "systemtime": 87975,
      "usertime": 4553388
     },
     "29068848632": {
      "maxRSS": 145192,
      "systemtime": 87975,
      "usertime": 4557400
     },
     "29068849740": {
      "maxRSS": 145448,
      "systemtime": 87975,
      "usertime": 4557429
     },
     "29068850825": {
      "maxRSS": 145832,
      "systemtime": 87975,
      "usertime": 4557452
     },
     "29068851917": {
      "maxRSS": 146088,
      "systemtime": 87975,
      "usertime": 4557480
     },
     "29068852997": {
      "maxRSS": 146344,
      "systemtime": 87975,
      "usertime": 4561498
     },
     "29068854071": {
      "maxRSS": 146600,
      "systemtime": 87975,
      "usertime": 4561513
     },
     "29068855139": {
      "maxRSS": 146856,
      "systemtime": 87975,
      "usertime": 4561524
     },
     "29068856214": {
      "maxRSS": 147240,
      "systemtime": 87975,
      "usertime": 4565550
     },
     "29068857342": {
      "maxRSS": 147496,
      "systemtime": 87975,
      "usertime": 4565568
     },
     "29068858435": {
      "maxRSS": 147752,
      "systemtime": 87975,
      "usertime": 4565598
     },
     "29068859567": {
      "maxRSS": 148136,
      "systemtime": 87975,
      "usertime": 4565615
     },
     "29068860649": {
      "maxRSS": 148392,
      "systemtime": 91952,
      "usertime": 4565646
     },
     "29068861764": {
      "maxRSS": 148648,
      "systemtime": 91953,
      "usertime": 4565669
     },
     "29068862872": {
      "maxRSS": 149032,
      "systemtime": 91953,
      "usertime": 4565680
     },
     "29068863972": {
      "maxRSS": 149288,
      "systemtime": 91953,
      "usertime": 4565686
     },
     "29068865087": {
      "maxRSS": 149544,
      "systemtime": 91953,
      "usertime": 4569705
     },
     "29068866187": {
      "maxRSS": 149928,
      "systemtime": 91953,
      "usertime": 4569712
     },
     "29068867289": {
      "maxRSS": 150184,
      "systemtime": 91954,
      "usertime": 4569720
     },
     "29068868355": {
      "maxRSS": 150440,
      "systemtime": 95952,
      "usertime": 4569735
     },
     "29068869457": {
      "maxRSS": 150824,
      "systemtime": 95952,
      "usertime": 4569744
     },
     "29068870558": {
      "maxRSS": 151080,
      "systemtime": 95952,
      "usertime": 4569753
     },
     "29068871671": {
      "maxRSS": 151336,
      "systemtime": 95953,
      "usertime": 4569772
     },
     "29068872771": {
      "maxRSS": 151720,
      "systemtime": 95953,
      "usertime": 4573775
     },
     "29068873872": {
      "maxRSS": 151976,
      "systemtime": 95953,
      "usertime": 4573783
     },
     "29068874970": {
      "maxRSS": 152360,
      "systemtime": 95953,
      "usertime": 4573790
     },
     "29068876015": {
      "maxRSS": 152616,
      "systemtime": 95953,
      "usertime": 4577797
     },
     "29068877197": {
      "maxRSS": 152872,
      "systemtime": 95954,
      "usertime": 4577846
     },
     "29068878364": {
      "maxRSS": 153256,
      "systemtime": 95955,
      "usertime": 4577880
     },
     "29068879480": {
      "maxRSS": 153512,
      "systemtime": 95956,
      "usertime": 4577904
     },
     "29068880582": {
      "maxRSS": 153768,
      "systemtime": 95956,
      "usertime": 4581912
     },
     "29068881684": {
      "maxRSS": 154152,
      "systemtime": 95956,
      "usertime": 4581921
     },
     "29068882781": {
      "maxRSS": 154408,
      "systemtime": 95956,
      "usertime": 4581928
     },
     "29068883847": {
      "maxRSS": 154664,
      "systemtime": 95956,
      "usertime": 4581935
     },
     "29068884916": {
      "maxRSS": 155048,
      "systemtime": 95957,
      "usertime": 4585945
     },
     "29068886026": {
      "maxRSS": 155304,
      "systemtime": 95957,
      "usertime": 4585964
     },
     "29068887124": {
      "maxRSS": 155688,
      "systemtime": 95957,
      "usertime": 4585973
     },
     "29068888190": {
      "maxRSS": 155944,
      "systemtime": 95957,
      "usertime": 4589981
     },
     "29068889288": {
      "maxRSS": 156200,
      "systemtime": 95957,
      "usertime": 4589989
     },
     "29068890386": {
      "maxRSS": 156584,
      "systemtime": 95958,
      "usertime": 4589996
     },
     "29068891487": {
      "maxRSS": 156840,
      "systemtime": 95958,
      "usertime": 4590005
     },
     "29068892605": {
      "maxRSS": 157224,
      "systemtime": 95958,
      "usertime": 4594028
     },
     "29068893705": {
      "maxRSS": 157480,
      "systemtime": 95959,
      "usertime": 4594037
     },
     "29068894809": {
      "maxRSS": 157864,
      "systemtime": 95959,
      "usertime": 4594047
     },
     "29068895912": {
      "maxRSS": 158120,
      "systemtime": 95959,
      "usertime": 4594058
     },
     "29068897010": {
      "maxRSS": 158376,
      "systemtime": 99957,
      "usertime": 4594069
     },
     "29068898109": {
      "maxRSS": 158760,
      "systemtime": 99958,
      "usertime": 4594077
     },
     "29068899210": {
      "maxRSS": 159016,
      "systemtime": 99958,
      "usertime": 4594089
     },
     "29068900286": {
      "maxRSS": 159400,
      "systemtime": 99958,
      "usertime": 4598101
     },
     "29068902368": {
      "maxRSS": 159912,
      "systemtime": 99959,
      "usertime": 4598120
     },
     "29068904513": {
      "maxRSS": 160552,
      "systemtime": 103958,
      "usertime": 4598151
     },
     "29068906598": {
      "maxRSS": 161064,
      "systemtime": 103958,
      "usertime": 4598168
     },
     "29068908766": {
      "maxRSS": 161704,
      "systemtime": 103958,
      "usertime": 4602179
     },
     "29068910908": {
      "maxRSS": 162216,
      "systemtime": 103959,
      "usertime": 4602204
     },
     "29068913111": {
      "maxRSS": 162856,
      "systemtime": 103959,
      "usertime": 4606225
     },
     "29068915284": {
      "maxRSS": 163496,
      "systemtime": 103960,
      "usertime": 4606242
     },
     "29068917477": {
      "maxRSS": 164008,
      "systemtime": 107959,
      "usertime": 4606259
     },
     "29068919650": {
      "maxRSS": 164648,
      "systemtime": 107959,
      "usertime": 4606277
     },
     "29068921852": {
      "maxRSS": 165288,
      "systemtime": 111958,
      "usertime": 4606300
     },
     "29068924031": {
      "maxRSS": 165800,
      "systemtime": 111958,
      "usertime": 4610310
     },
     "29068926216": {
      "maxRSS": 166440,
      "systemtime": 111959,
      "usertime": 4610342
     },
     "29068928348": {
      "maxRSS": 166952,
      "systemtime": 111960,
      "usertime": 4614362
     },
     "29068930582": {
      "maxRSS": 167592,
      "systemtime": 111960,
      "usertime": 4614389
     },
     "29068932707": {
      "maxRSS": 168104,
      "systemtime": 115961,
      "usertime": 4614466
     },
     "29068934875": {
      "maxRSS": 168616,
      "systemtime": 115962,
      "usertime": 4614510
     },
     "29068936994": {
      "maxRSS": 169256,
      "systemtime": 115962,
      "usertime": 4618492
     },
     "29068939090": {
      "maxRSS": 169768,
      "systemtime": 115963,
      "usertime": 4618528
     },
     "29068941207": {
      "maxRSS": 170408,
      "systemtime": 115963,
      "usertime": 4622552
     },
     "29068943343": {
      "maxRSS": 171048,
      "systemtime": 115964,
      "usertime": 4622573
     },
     "29068945556": {
      "maxRSS": 171560,
      "systemtime": 115964,
      "usertime": 4626596
     },
     "29068947652": {
      "maxRSS": 172200,
      "systemtime": 115965,
      "usertime": 4626621
     },
     "29068949807": {
      "maxRSS": 172840,
      "systemtime": 119965,
      "usertime": 4626660
     },
     "29068951891": {
      "maxRSS": 173352,
      "systemtime": 119965,
      "usertime": 4626686
     },
     "29068953965": {
      "maxRSS": 173864,
      "systemtime": 119966,
      "usertime": 4630699
     },
     "29068956018": {
      "maxRSS": 174504,
      "systemtime": 119966,
      "usertime": 4634711
     },
     "29068958125": {
      "maxRSS": 175016,
      "systemtime": 119966,
      "usertime": 4634724
     },
     "29068960204": {
      "maxRSS": 175528,
      "systemtime": 123966,
      "usertime": 4634757
     },
     "29068962298": {
      "maxRSS": 176168,
      "systemtime": 123967,
      "usertime": 4634779
     },
     "29068964421": {
      "maxRSS": 176680,
      "systemtime": 123967,
      "usertime": 4638796
     },
     "29068966523": {
      "maxRSS": 177320,
      "systemtime": 123968,
      "usertime": 4638805
     },
     "29068968628": {
      "maxRSS": 177960,
      "systemtime": 123968,
      "usertime": 4642818
     },
     "29068970747": {
      "maxRSS": 178472,
      "systemtime": 123968,
      "usertime": 4642838
     },
     "29068972861": {
      "maxRSS": 179112,
      "systemtime": 127968,
      "usertime": 4642859
     },
     "29068974996": {
      "maxRSS": 179752,
      "systemtime": 127969,
      "usertime": 4642883
     },
     "29068977111": {
      "maxRSS": 180264,
      "systemtime": 127969,
      "usertime": 4646896
     },
     "29068979221": {
      "maxRSS": 180776,
      "systemtime": 127970,
      "usertime": 4646931
     },
     "29068981393": {
      "maxRSS": 181288,
      "systemtime": 127972,
      "usertime": 4651005
     },
     "29068983512": {
      "maxRSS": 181928,
      "systemtime": 127973,
      "usertime": 4651025
     },
     "29068985600": {
      "maxRSS": 182440,
      "systemtime": 127973,
      "usertime": 4654991
     },
     "29068987685": {
      "maxRSS": 183080,
      "systemtime": 127973,
      "usertime": 4655012
     },
     "29068989901": {
      "maxRSS": 183720,
      "systemtime": 127973,
      "usertime": 4659030
     },
     "29068992063": {
      "maxRSS": 184232,
      "systemtime": 131974,
      "usertime": 4659095
     },
     "29068994190": {
      "maxRSS": 184872,
      "systemtime": 131974,
      "usertime": 4659113
     },
     "29068996318": {
      "maxRSS": 185128,
      "systemtime": 131974,
      "usertime": 4663106
     },
     "29068998298": {
      "maxRSS": 185128,
      "systemtime": 132035,
      "usertime": 4665252
     },
     "29068999483": {
      "maxRSS": 185128,
      "systemtime": 132035,
      "usertime": 4665270
     },
     "29069000661": {
      "maxRSS": 185128,
      "systemtime": 132035,
      "usertime": 4667095
     },
     "29069001860": {
      "maxRSS": 185128,
      "systemtime": 132035,
      "usertime": 4667131
     },
     "29069003094": {
      "maxRSS": 185128,
      "systemtime": 132035,
      "usertime": 4667146
     },
     "29069004154": {
      "maxRSS": 185128,
      "systemtime": 132035,
      "usertime": 4671160
     },
     "29069005281": {
      "maxRSS": 185128,
      "systemtime": 132035,
      "usertime": 4671177
     },
     "29069006452": {
      "maxRSS": 185128,
      "systemtime": 132035,
      "usertime": 4671194
     },
     "29069007631": {
      "maxRSS": 185128,
      "systemtime": 132035,
      "usertime": 4671212
     },
     "29069008728": {
      "maxRSS": 185128,
      "systemtime": 132035,
      "usertime": 4675242
     },
     "29069009906": {
      "maxRSS": 185128,
      "systemtime": 132035,
      "usertime": 4675259
     },
     "29069011069": {
      "maxRSS": 185128,
      "systemtime": 132035,
      "usertime": 4675275
     },
     "29069012133": {
      "maxRSS": 185128,
      "systemtime": 132035,
      "usertime": 4679291
     },
     "29069013310": {
      "maxRSS": 185128,
      "systemtime": 132035,
      "usertime": 4679308
     },
     "29069014484": {
      "maxRSS": 185128,
      "systemtime": 132035,
      "usertime": 4679326
     },
     "29069015665": {
      "maxRSS": 185128,
      "systemtime": 132035,
      "usertime": 4679343
     },
     "29069016860": {
      "maxRSS": 185128,
      "systemtime": 132035,
      "usertime": 4683371
     },
     "29069017979": {
      "maxRSS": 185128,
      "systemtime": 132035,
      "usertime": 4683388
     },
     "29069019063": {
      "maxRSS": 185128,
      "systemtime": 132035,
      "usertime": 4683405
     },
     "29069020129": {
      "maxRSS": 185128,
      "systemtime": 132035,
      "usertime": 4687422
     },
     "29069021294": {
      "maxRSS": 185128,
      "systemtime": 132035,
      "usertime": 4687439
     },
     "29069022467": {
      "maxRSS": 185128,
      "systemtime": 132035,
      "usertime": 4687456
     },
     "29069023674": {
      "maxRSS": 185128,
      "systemtime": 132035,
      "usertime": 4687483
     },
     "29069024844": {
      "maxRSS": 185128,
      "systemtime": 132035,
      "usertime": 4691500
     },
     "29069026014": {
      "maxRSS": 185128,
      "systemtime": 132035,
      "usertime": 4691517
     },
     "29069027186": {
      "maxRSS": 185128,
      "systemtime": 132035,
      "usertime": 4691533
     },
     "29069028294": {
      "maxRSS": 185128,
      "systemtime": 132035,
      "usertime": 4695552
     },
     "29069029411": {
      "maxRSS": 185128,
      "systemtime": 132035,
      "usertime": 4695569
     },
     "29069030507": {
      "maxRSS": 185128,
      "systemtime": 132035,
      "usertime": 4695598
     },
     "29069031582": {
      "maxRSS": 185128,
      "systemtime": 132035,
      "usertime": 4695612
     },
     "29069032708": {
      "maxRSS": 185128,
      "systemtime": 132035,
      "usertime": 4699630
     },
     "29069033805": {
      "maxRSS": 185128,
      "systemtime": 132035,
      "usertime": 4699638
     },
     "29069034875": {
      "maxRSS": 185128,
      "systemtime": 132035,
      "usertime": 4699645
     },
     "29069035975": {
      "maxRSS": 185128,
      "systemtime": 132035,
      "usertime": 4699654
     },
     "29069037088": {
      "maxRSS": 185128,
      "systemtime": 132035,
      "usertime": 4703673
     },
     "29069038185": {
      "maxRSS": 185128,
      "systemtime": 132035,
      "usertime": 4703682
     },
     "29069039282": {
      "maxRSS": 185128,
      "systemtime": 132035,
      "usertime": 4703689
     },
     "29069040353": {
      "maxRSS": 185128,
      "systemtime": 132035,
      "usertime": 4707699
     },
     "29069041467": {
      "maxRSS": 185128,
      "systemtime": 132035,
      "usertime": 4707727
     },
     "29069042534": {
      "maxRSS": 185128,
      "systemtime": 132035,
      "usertime": 4707736
     },
     "29069043636": {
      "maxRSS": 185128,
      "systemtime": 132035,
      "usertime": 4707745
     },
     "29069044745": {
      "maxRSS": 185128,
      "systemtime": 132035,
      "usertime": 4711763
     },
     "29069045848": {
      "maxRSS": 185128,
      "systemtime": 132035,
      "usertime": 4711774
     },
     "29069046946": {
      "maxRSS": 185128,
      "systemtime": 132035,
      "usertime": 4711782
     },
     "29069048051": {
      "maxRSS": 185128,
      "systemtime": 132035,
      "usertime": 4715788
     },
     "29069049151": {
      "maxRSS": 185128,
      "systemtime": 132035,
      "usertime": 4715796
     },
     "29069050220": {
      "maxRSS": 185128,
      "systemtime": 132035,
      "usertime": 4715808
     },
     "29069051328": {
      "maxRSS": 185128,
      "systemtime": 132035,
      "usertime": 4715824
     },
     "29069052401": {
      "maxRSS": 185128,
      "systemtime": 132035,
      "usertime": 4719835
     },
     "29069053504": {
      "maxRSS": 185128,
      "systemtime": 132035,
      "usertime": 4719845
     },
     "29069054606": {
      "maxRSS": 185128,
      "systemtime": 132035,
      "usertime": 4719856
     },
     "29069055708": {
      "maxRSS": 185128,
      "systemtime": 132035,
      "usertime": 4719868
     },
     "29069056833": {
      "maxRSS": 185128,
      "systemtime": 132035,
      "usertime": 4723883
     },
     "29069057942": {
      "maxRSS": 185128,
      "systemtime": 132035,
      "usertime": 4723901
     },
     "29069059039": {
      "maxRSS": 185128,
      "systemtime": 132035,
      "usertime": 4723908
     },
     "29069060052": {
      "maxRSS": 185128,
      "systemtime": 132035,
      "usertime": 4727915
     },
     "29069061124": {
      "maxRSS": 185128,
      "systemtime": 132035,
      "usertime": 4727926
     },
     "29069062200": {
      "maxRSS": 185128,
      "systemtime": 132035,
      "usertime": 4727942
     },
     "29069063305": {
      "maxRSS": 185128,
      "systemtime": 132035,
      "usertime": 4727957
     },
     "29069064385": {
      "maxRSS": 185128,
      "systemtime": 132035,
      "usertime": 4732038
     },
     "29069065451": {
      "maxRSS": 185128,
      "systemtime": 132035,
      "usertime": 4732047
     },
     "29069066552": {
      "maxRSS": 185128,
      "systemtime": 132035,
      "usertime": 4732054
     },
     "29069067618": {
      "maxRSS": 185128,
      "systemtime": 132035,
      "usertime": 4732062
     },
     "29069068684": {
      "maxRSS": 185128,
      "systemtime": 132035,
      "usertime": 4736011
     },
     "29069069752": {
      "maxRSS": 185128,
      "systemtime": 132035,
      "usertime": 4736020
     },
     "29069070819": {
      "maxRSS": 185128,
      "systemtime": 132035,
      "usertime": 4736030
     },
     "29069071923": {
      "maxRSS": 185128,
      "systemtime": 132035,
      "usertime": 4736045
     },
     "29069073021": {
      "maxRSS": 185128,
      "systemtime": 132035,
      "usertime": 4740052
     },
     "29069074118": {
      "maxRSS": 185128,
      "systemtime": 132035,
      "usertime": 4740058
     },
     "29069075183": {
      "maxRSS": 185128,
      "systemtime": 132035,
      "usertime": 4740066
     },
     "29069076249": {
      "maxRSS": 185128,
      "systemtime": 132035,
      "usertime": 4744075
     },
     "29069077350": {
      "maxRSS": 185128,
      "systemtime": 132035,
      "usertime": 4744085
     },
     "29069078461": {
      "maxRSS": 185128,
      "systemtime": 132035,
      "usertime": 4744101
     },
     "29069079560": {
      "maxRSS": 185128,
      "systemtime": 132035,
      "usertime": 4744108
     },
     "29069080687": {
      "maxRSS": 185128,
      "systemtime": 132035,
      "usertime": 4748125
     },
     "29069081786": {
      "maxRSS": 185128,
      "systemtime": 132035,
      "usertime": 4748132
     },
     "29069082885": {
      "maxRSS": 185128,
      "systemtime": 132035,
      "usertime": 4748140
     },
     "29069083982": {
      "maxRSS": 185128,
      "systemtime": 132035,
      "usertime": 4748147
     },
     "29069085092": {
      "maxRSS": 185256,
      "systemtime": 132035,
      "usertime": 4752162
     },
     "29069086194": {
      "maxRSS": 185256,
      "systemtime": 132035,
      "usertime": 4752171
     },
     "29069087258": {
      "maxRSS": 185256,
      "systemtime": 132035,
      "usertime": 4752179
     },
     "29069088324": {
      "maxRSS": 185256,
      "systemtime": 132035,
      "usertime": 4756186
     },
     "29069089421": {
      "maxRSS": 185256,
      "systemtime": 132035,
      "usertime": 4756193
     },
     "29069090516": {
      "maxRSS": 185256,
      "systemtime": 132035,
      "usertime": 4756200
     },
     "29069091630": {
      "maxRSS": 185256,
      "systemtime": 132035,
      "usertime": 4756230
     },
     "29069092739": {
      "maxRSS": 185256,
      "systemtime": 132035,
      "usertime": 4760238
     },
     "29069093904": {
      "maxRSS": 185256,
      "systemtime": 132035,
      "usertime": 4760255
     },
     "29069094989": {
      "maxRSS": 185256,
      "systemtime": 132035,
      "usertime": 4760273
     },
     "29069096026": {
      "maxRSS": 185256,
      "systemtime": 132035,
      "usertime": 4764287
     },
     "29069097275": {
      "maxRSS": 185256,
      "systemtime": 132035,
      "usertime": 4764336
     },
     "29069098420": {
      "maxRSS": 185256,
      "systemtime": 132035,
      "usertime": 4764358
     },
     "29069099532": {
      "maxRSS": 185256,
      "systemtime": 132035,
      "usertime": 4764379
     },
     "29069100633": {
      "maxRSS": 185256,
      "systemtime": 132035,
      "usertime": 4768394
     },
     "29069101732": {
      "maxRSS": 185256,
      "systemtime": 132035,
      "usertime": 4768400
     },
     "29069102833": {
      "maxRSS": 185256,
      "systemtime": 132035,
      "usertime": 4768408
     },
     "29069103931": {
      "maxRSS": 185256,
      "systemtime": 132035,
      "usertime": 4768415
     },
     "29069105033": {
      "maxRSS": 185256,
      "systemtime": 132035,
      "usertime": 4772419
     },
     "29069106139": {
      "maxRSS": 185256,
      "systemtime": 132035,
      "usertime": 4772434
     },
     "29069107236": {
      "maxRSS": 185256,
      "systemtime": 132035,
      "usertime": 4772441
     },
     "29069108302": {
      "maxRSS": 185256,
      "systemtime": 132035,
      "usertime": 4776449
     },
     "29069109403": {
      "maxRSS": 185256,
      "systemtime": 132035,
      "usertime": 4776460
     },
     "29069110469": {
      "maxRSS": 185256,
      "systemtime": 132035,
      "usertime": 4776468
     },
     "29069111570": {
      "maxRSS": 185256,
      "systemtime": 132035,
      "usertime": 4776477
     },
     "29069112675": {
      "maxRSS": 185256,
      "systemtime": 132035,
      "usertime": 4780490
     },
     "29069113778": {
      "maxRSS": 185256,
      "systemtime": 132035,
      "usertime": 4780501
     },
     "29069114878": {
      "maxRSS": 185256,
      "systemtime": 132035,
      "usertime": 4780508
     },
     "29069115975": {
      "maxRSS": 185256,
      "systemtime": 132035,
      "usertime": 4780516
     },
     "29069117073": {
      "maxRSS": 185256,
      "systemtime": 132035,
      "usertime": 4784523
     },
     "29069118174": {
      "maxRSS": 185256,
      "systemtime": 132035,
      "usertime": 4784532
     },
     "29069119290": {
      "maxRSS": 185256,
      "systemtime": 132035,
      "usertime": 4784553
     },
     "29069120372": {
      "maxRSS": 185256,
      "systemtime": 132035,
      "usertime": 4788580
     },
     "29069121490": {
      "maxRSS": 185256,
      "systemtime": 132035,
      "usertime": 4788607
     },
     "29069122589": {
      "maxRSS": 185256,
      "systemtime": 132035,
      "usertime": 4788615
     },
     "29069123691": {
      "maxRSS": 185256,
      "systemtime": 132035,
      "usertime": 4788626
     },
     "29069124982": {
      "maxRSS": 185256,
      "systemtime": 132035,
      "usertime": 4792639
     },
     "29069126154": {
      "maxRSS": 185256,
      "systemtime": 132035,
      "usertime": 4792656
     },
     "29069127344": {
      "maxRSS": 185256,
      "systemtime": 132035,
      "usertime": 4792685
     },
     "29069128509": {
      "maxRSS": 185256,
      "systemtime": 132035,
      "usertime": 4796702
     },
     "29069129692": {
      "maxRSS": 185256,
      "systemtime": 132035,
      "usertime": 4796719
     },
     "29069130865": {
      "maxRSS": 185256,
      "systemtime": 132035,
      "usertime": 4796736
     },
     "29069132056": {
      "maxRSS": 185256,
      "systemtime": 132035,
      "usertime": 4800752
     },
     "29069133140": {
      "maxRSS": 185256,
      "systemtime": 132035,
      "usertime": 4800769
     },
     "29069134328": {
      "maxRSS": 185256,
      "systemtime": 132035,
      "usertime": 4800798
     },
     "29069135449": {
      "maxRSS": 185256,
      "systemtime": 132035,
      "usertime": 4800815
     },
     "29069136555": {
      "maxRSS": 185256,
      "systemtime": 132035,
      "usertime": 4804829
     },
     "29069137661": {
      "maxRSS": 185256,
      "systemtime": 132035,
      "usertime": 4804842
     },
     "29069138767": {
      "maxRSS": 185256,
      "systemtime": 132035,
      "usertime": 4804854
     },
     "29069139869": {
      "maxRSS": 185256,
      "systemtime": 132035,
      "usertime": 4804862
     },
     "29069141978": {
      "maxRSS": 185256,
      "systemtime": 132035,
      "usertime": 4808881
     },
     "29069144092": {
      "maxRSS": 185256,
      "systemtime": 132035,
      "usertime": 4812893
     },
     "29069146379": {
      "maxRSS": 185256,
      "systemtime": 132035,
      "usertime": 4812910
     },
     "29069148557": {
      "maxRSS": 185256,
      "systemtime": 132035,
      "usertime": 4816928
     },
     "29069150726": {
      "maxRSS": 185256,
      "systemtime": 132035,
      "usertime": 4816945
     },
     "29069152874": {
      "maxRSS": 185256,
      "systemtime": 132035,
      "usertime": 4820964
     },
     "29069155090": {
      "maxRSS": 185256,
      "systemtime": 132035,
      "usertime": 4820998
     },
     "29069157280": {
      "maxRSS": 185256,
      "systemtime": 132035,
      "usertime": 4825020
     },
     "29069159445": {
      "maxRSS": 185256,
      "systemtime": 132035,
      "usertime": 4825039
     },
     "29069161531": {
      "maxRSS": 185256,
      "systemtime": 132035,
      "usertime": 4829057
     },
     "29069163609": {
      "maxRSS": 185256,
      "systemtime": 132035,
      "usertime": 4829075
     },
     "29069165813": {
      "maxRSS": 185256,
      "systemtime": 132035,
      "usertime": 4833164
     },
     "29069167950": {
      "maxRSS": 185256,
      "systemtime": 132035,
      "usertime": 4833182
     },
     "29069170151": {
      "maxRSS": 185256,
      "systemtime": 132035,
      "usertime": 4837149
     },
     "29069172274": {
      "maxRSS": 185256,
      "systemtime": 132035,
      "usertime": 4841167
     },
     "29069174359": {
      "maxRSS": 185256,
      "systemtime": 132035,
      "usertime": 4841184
     },
     "29069176523": {
      "maxRSS": 185256,
      "systemtime": 132035,
      "usertime": 4845201
     },
     "29069178668": {
      "maxRSS": 185256,
      "systemtime": 132035,
      "usertime": 4845218
     },
     "29069180927": {
      "maxRSS": 185256,
      "systemtime": 132035,
      "usertime": 4849267
     },
     "29069183146": {
      "maxRSS": 185256,
      "systemtime": 132035,
      "usertime": 4849304
     },
     "29069185318": {
      "maxRSS": 185256,
      "systemtime": 132035,
      "usertime": 4853322
     },
     "29069187493": {
      "maxRSS": 185256,
      "systemtime": 132036,
      "usertime": 4853338
     },
     "29069189759": {
      "maxRSS": 185256,
      "systemtime": 132036,
      "usertime": 4857355
     },
     "29069191845": {
      "maxRSS": 185256,
      "systemtime": 132037,
      "usertime": 4857370
     },
     "29069193973": {
      "maxRSS": 185256,
      "systemtime": 132037,
      "usertime": 4861388
     },
     "29069196125": {
      "maxRSS": 185256,
      "systemtime": 132039,
      "usertime": 4865473
     },
     "29069198255": {
      "maxRSS": 185256,
      "systemtime": 132040,
      "usertime": 4865490
     },
     "29069200392": {
      "maxRSS": 185256,
      "systemtime": 132040,
      "usertime": 4869449
     },
     "29069202478": {
      "maxRSS": 185256,
      "systemtime": 132040,
      "usertime": 4869467
     },
     "29069204670": {
      "maxRSS": 185256,
      "systemtime": 132040,
      "usertime": 4873496
     },
     "29069206753": {
      "maxRSS": 185256,
      "systemtime": 132041,
      "usertime": 4873514
     },
     "29069208879": {
      "maxRSS": 185256,
      "systemtime": 132041,
      "usertime": 4877535
     },
     "29069210966": {
      "maxRSS": 185256,
      "systemtime": 132042,
      "usertime": 4877551
     },
     "29069213079": {
      "maxRSS": 185256,
      "systemtime": 132042,
      "usertime": 4881570
     },
     "29069215197": {
      "maxRSS": 185256,
      "systemtime": 132043,
      "usertime": 4881591
     },
     "29069217345": {
      "maxRSS": 185256,
      "systemtime": 132043,
      "usertime": 4885618
     },
     "29069219484": {
      "maxRSS": 185256,
      "systemtime": 132044,
      "usertime": 4885641
     },
     "29069221681": {
      "maxRSS": 185256,
      "systemtime": 132046,
      "usertime": 4889730
     },
     "29069223799": {
      "maxRSS": 185256,
      "systemtime": 132047,
      "usertime": 4889768
     },
     "29069225892": {
      "maxRSS": 185256,
      "systemtime": 132047,
      "usertime": 4893714
     },
     "29069228054": {
      "maxRSS": 185256,
      "systemtime": 132047,
      "usertime": 4897728
     },
     "29069230170": {
      "maxRSS": 185256,
      "systemtime": 132047,
      "usertime": 4897744
     },
     "29069232243": {
      "maxRSS": 185256,
      "systemtime": 132047,
      "usertime": 4901755
     },
     "29069234320": {
      "maxRSS": 185256,
      "systemtime": 132047,
      "usertime": 4901769
     },
     "29069236435": {
      "maxRSS": 185256,
      "systemtime": 132049,
      "usertime": 4905825
     },
     "29069238505": {
      "maxRSS": 185256,
      "systemtime": 132049,
      "usertime": 4905837
     },
     "29069240638": {
      "maxRSS": 185256,
      "systemtime": 132049,
      "usertime": 4909857
     },
     "29069242739": {
      "maxRSS": 185256,
      "systemtime": 132050,
      "usertime": 4909865
     },
     "29069244822": {
      "maxRSS": 185256,
      "systemtime": 132051,
      "usertime": 4913912
     },
     "29069247002": {
      "maxRSS": 185256,
      "systemtime": 132051,
      "usertime": 4913930
     },
     "29069249188": {
      "maxRSS": 185256,
      "systemtime": 132052,
      "usertime": 4917937
     },
     "29069251364": {
      "maxRSS": 185256,
      "systemtime": 132052,
      "usertime": 4917954
     },
     "29069253546": {
      "maxRSS": 185256,
      "systemtime": 132052,
      "usertime": 4921961
     },
     "29069255720": {
      "maxRSS": 185256,
      "systemtime": 132053,
      "usertime": 4921978
     },
     "29069257919": {
      "maxRSS": 185256,
      "systemtime": 132053,
      "usertime": 4925995
     },
     "29069260026": {
      "maxRSS": 185256,
      "systemtime": 135949,
      "usertime": 4926152
     },
     "29069262271": {
      "maxRSS": 185256,
      "systemtime": 135951,
      "usertime": 4926229
     },
     "29069264441": {
      "maxRSS": 185256,
      "systemtime": 135951,
      "usertime": 4930243
     },
     "29069266571": {
      "maxRSS": 185256,
      "systemtime": 135952,
      "usertime": 4930260
     },
     "29069268722": {
      "maxRSS": 185256,
      "systemtime": 135952,
      "usertime": 4934288
     },
     "29069270860": {
      "maxRSS": 185256,
      "systemtime": 135953,
      "usertime": 4934316
     },
     "29069273125": {
      "maxRSS": 185256,
      "systemtime": 135954,
      "usertime": 4938333
     },
     "29069275297": {
      "maxRSS": 185256,
      "systemtime": 135954,
      "usertime": 4938353
     },
     "29069277402": {
      "maxRSS": 185256,
      "systemtime": 135955,
      "usertime": 4942391
     },
     "29069279552": {
      "maxRSS": 185256,
      "systemtime": 135956,
      "usertime": 4942412
     },
     "29069281632": {
      "maxRSS": 185256,
      "systemtime": 135956,
      "usertime": 4946428
     },
     "29069283707": {
      "maxRSS": 185256,
      "systemtime": 135957,
      "usertime": 4946444
     },
     "29069285781": {
      "maxRSS": 185256,
      "systemtime": 135957,
      "usertime": 4950458
     },
     "29069287892": {
      "maxRSS": 185256,
      "systemtime": 135958,
      "usertime": 4950474
     },
     "29069290094": {
      "maxRSS": 185256,
      "systemtime": 135959,
      "usertime": 4954521
     },
     "29069292236": {
      "maxRSS": 185256,
      "systemtime": 135960,
      "usertime": 4958546
     },
     "29069294377": {
      "maxRSS": 185256,
      "systemtime": 135960,
      "usertime": 4958567
     },
     "29069296509": {
      "maxRSS": 185256,
      "systemtime": 135963,
      "usertime": 4962659
     },
     "29069298691": {
      "maxRSS": 185256,
      "systemtime": 135963,
      "usertime": 4962679
     },
     "29069300865": {
      "maxRSS": 185256,
      "systemtime": 135963,
      "usertime": 4966627
     },
     "29069303057": {
      "maxRSS": 185256,
      "systemtime": 135963,
      "usertime": 4966682
     },
     "29069305169": {
      "maxRSS": 185256,
      "systemtime": 135964,
      "usertime": 4970706
     },
     "29069307395": {
      "maxRSS": 185256,
      "systemtime": 135965,
      "usertime": 4970732
     },
     "29069309567": {
      "maxRSS": 185256,
      "systemtime": 135965,
      "usertime": 4974753
     },
     "29069311746": {
      "maxRSS": 185256,
      "systemtime": 135966,
      "usertime": 4974771
     },
     "29069313939": {
      "maxRSS": 185256,
      "systemtime": 135966,
      "usertime": 4978789
     },
     "29069316119": {
      "maxRSS": 185256,
      "systemtime": 135967,
      "usertime": 4982826
     },
     "29069318198": {
      "maxRSS": 185256,
      "systemtime": 135968,
      "usertime": 4982841
     },
     "29069320330": {
      "maxRSS": 185256,
      "systemtime": 135970,
      "usertime": 4986920
     },
     "29069322505": {
      "maxRSS": 185256,
      "systemtime": 135971,
      "usertime": 4986939
     },
     "29069324681": {
      "maxRSS": 185256,
      "systemtime": 135971,
      "usertime": 4990896
     },
     "29069326871": {
      "maxRSS": 185256,
      "systemtime": 135971,
      "usertime": 4990915
     },
     "29069329017": {
      "maxRSS": 185256,
      "systemtime": 135971,
      "usertime": 4994956
     },
     "29069331218": {
      "maxRSS": 185256,
      "systemtime": 135972,
      "usertime": 4994992
     },
     "29069333302": {
      "maxRSS": 185256,
      "systemtime": 135973,
      "usertime": 4999010
     },
     "29069335413": {
      "maxRSS": 185256,
      "systemtime": 135973,
      "usertime": 4999035
     },
     "29069337553": {
      "maxRSS": 185256,
      "systemtime": 135975,
      "usertime": 5003110
     },
     "29069339654": {
      "maxRSS": 185256,
      "systemtime": 135976,
      "usertime": 5003136
     },
     "29069341857": {
      "maxRSS": 185256,
      "systemtime": 135976,
      "usertime": 5007126
     },
     "29069343968": {
      "maxRSS": 185256,
      "systemtime": 135977,
      "usertime": 5007169
     },
     "29069346093": {
      "maxRSS": 185256,
      "systemtime": 135977,
      "usertime": 5011175
     },
     "29069348174": {
      "maxRSS": 185256,
      "systemtime": 135978,
      "usertime": 5015194
     },
     "29069350255": {
      "maxRSS": 185256,
      "systemtime": 135978,
      "usertime": 5015210
     },
     "29069352334": {
      "maxRSS": 185256,
      "systemtime": 135979,
      "usertime": 5019228
     },
     "29069354495": {
      "maxRSS": 185256,
      "systemtime": 135980,
      "usertime": 5019262
     },
     "29069356730": {
      "maxRSS": 185256,
      "systemtime": 135983,
      "usertime": 5023378
     },
     "29069358839": {
      "maxRSS": 185256,
      "systemtime": 135983,
      "usertime": 5023392
     },
     "29069360917": {
      "maxRSS": 185256,
      "systemtime": 135984,
      "usertime": 5027423
     },
     "29069363036": {
      "maxRSS": 185256,
      "systemtime": 135985,
      "usertime": 5027446
     },
     "29069365145": {
      "maxRSS": 185256,
      "systemtime": 135985,
      "usertime": 5031441
     },
     "29069367255": {
      "maxRSS": 185256,
      "systemtime": 135985,
      "usertime": 5031460
     },
     "29069369355": {
      "maxRSS": 185256,
      "systemtime": 135986,
      "usertime": 5035496
     },
     "29069371479": {
      "maxRSS": 185256,
      "systemtime": 135987,
      "usertime": 5035532
     },
     "29069373628": {
      "maxRSS": 185256,
      "systemtime": 135987,
      "usertime": 5039548
     },
     "29069375752": {
      "maxRSS": 185256,
      "systemtime": 135988,
      "usertime": 5039567
     },
     "29069377835": {
      "maxRSS": 185256,
      "systemtime": 135988,
      "usertime": 5043589
     },
     "29069380039": {
      "maxRSS": 185256,
      "systemtime": 135989,
      "usertime": 5047612
     },
     "29069382145": {
      "maxRSS": 185256,
      "systemtime": 135990,
      "usertime": 5047650
     },
     "29069384273": {
      "maxRSS": 185256,
      "systemtime": 135990,
      "usertime": 5051657
     },
     "29069386405": {
      "maxRSS": 185256,
      "systemtime": 135991,
      "usertime": 5051675
     },
     "29069388569": {
      "maxRSS": 185256,
      "systemtime": 135991,
      "usertime": 5055700
     },
     "29069390653": {
      "maxRSS": 185256,
      "systemtime": 135992,
      "usertime": 5055716
     },
     "29069392734": {
      "maxRSS": 185256,
      "systemtime": 135992,
      "usertime": 5059732
     },
     "29069394820": {
      "maxRSS": 185256,
      "systemtime": 135993,
      "usertime": 5059750
     },
     "29069396922": {
      "maxRSS": 185256,
      "systemtime": 135994,
      "usertime": 5063798
     },
     "29069399003": {
      "maxRSS": 185256,
      "systemtime": 135995,
      "usertime": 5063818
     },
     "29069401113": {
      "maxRSS": 185256,
      "systemtime": 135995,
      "usertime": 5067828
     },
     "29069403222": {
      "maxRSS": 185256,
      "systemtime": 135995,
      "usertime": 5067839
     },
     "29069405322": {
      "maxRSS": 185256,
      "systemtime": 135995,
      "usertime": 5071849
     },
     "29069407420": {
      "maxRSS": 185256,
      "systemtime": 135996,
      "usertime": 5071856
     },
     "29069409575": {
      "maxRSS": 185256,
      "systemtime": 135997,
      "usertime": 5075891
     },
     "29069411757": {
      "maxRSS": 185256,
      "systemtime": 135997,
      "usertime": 5075909
     },
     "29069413874": {
      "maxRSS": 185256,
      "systemtime": 135998,
      "usertime": 5079929
     },
     "29069418049": {
      "maxRSS": 185256,
      "systemtime": 135998,
      "usertime": 5083948
     },
     "29069422242": {
      "maxRSS": 185256,
      "systemtime": 136000,
      "usertime": 5088005
     },
     "29069426412": {
      "maxRSS": 185256,
      "systemtime": 136000,
      "usertime": 5091981
     },
     "29069430599": {
      "maxRSS": 185256,
      "systemtime": 136000,
      "usertime": 5096013
     },
     "29069434793": {
      "maxRSS": 185256,
      "systemtime": 136000,
      "usertime": 5100029
     },
     "29069438978": {
      "maxRSS": 185256,
      "systemtime": 136001,
      "usertime": 5104045
     },
     "29069443162": {
      "maxRSS": 185256,
      "systemtime": 136002,
      "usertime": 5108094
     },
     "29069447369": {
      "maxRSS": 185256,
      "systemtime": 136003,
      "usertime": 5112142
     },
     "29069451446": {
      "maxRSS": 185256,
      "systemtime": 136004,
      "usertime": 5116156
     },
     "29069455539": {
      "maxRSS": 185256,
      "systemtime": 136004,
      "usertime": 5120186
     },
     "29069459646": {
      "maxRSS": 185256,
      "systemtime": 136006,
      "usertime": 5124237
     },
     "29069463734": {
      "maxRSS": 185256,
      "systemtime": 136006,
      "usertime": 5128242
     },
     "29069467828": {
      "maxRSS": 185512,
      "systemtime": 136006,
      "usertime": 5132258
     },
     "29069471925": {
      "maxRSS": 186024,
      "systemtime": 136007,
      "usertime": 5136275
     },
     "29069476016": {
      "maxRSS": 186536,
      "systemtime": 136007,
      "usertime": 5144306
     },
     "29069480069": {
      "maxRSS": 187048,
      "systemtime": 136007,
      "usertime": 5148333
     },
     "29069484168": {
      "maxRSS": 187560,
      "systemtime": 136007,
      "usertime": 5152368
     },
     "29069488251": {
      "maxRSS": 188072,
      "systemtime": 136007,
      "usertime": 5156388
     },
     "29069492340": {
      "maxRSS": 188584,
      "systemtime": 136007,
      "usertime": 5160408
     },
     "29069496419": {
      "maxRSS": 189096,
      "systemtime": 136007,
      "usertime": 5164430
     },
     "29069500498": {
      "maxRSS": 189608,
      "systemtime": 136007,
      "usertime": 5168440
     },
     "29069504611": {
      "maxRSS": 190120,
      "systemtime": 136007,
      "usertime": 5172520
     },
     "29069508793": {
      "maxRSS": 190632,
      "systemtime": 136007,
      "usertime": 5176545
     },
     "29069512911": {
      "maxRSS": 191144,
      "systemtime": 136007,
      "usertime": 5180554
     },
     "29069517012": {
      "maxRSS": 191656,
      "systemtime": 136007,
      "usertime": 5184591
     },
     "29069521089": {
      "maxRSS": 192168,
      "systemtime": 136007,
      "usertime": 5188597
     },
     "29069525170": {
      "maxRSS": 192680,
      "systemtime": 136007,
      "usertime": 5192615
     },
     "29069529249": {
      "maxRSS": 193064,
      "systemtime": 136007,
      "usertime": 5196672
     },
     "29069533376": {
      "maxRSS": 193576,
      "systemtime": 136007,
      "usertime": 5200679
     },
     "29069537501": {
      "maxRSS": 194088,
      "systemtime": 136007,
      "usertime": 5204728
     },
     "29069541622": {
      "maxRSS": 194600,
      "systemtime": 136007,
      "usertime": 5208750
     },
     "29069545706": {
      "maxRSS": 195112,
      "systemtime": 136007,
      "usertime": 5212774
     },
     "29069549787": {
      "maxRSS": 195624,
      "systemtime": 136007,
      "usertime": 5216792
     },
     "29069553863": {
      "maxRSS": 196136,
      "systemtime": 136007,
      "usertime": 5220808
     },
     "29069557949": {
      "maxRSS": 196648,
      "systemtime": 136007,
      "usertime": 5224837
     },
     "29069562048": {
      "maxRSS": 197160,
      "systemtime": 136007,
      "usertime": 5228853
     },
     "29069566143": {
      "maxRSS": 197672,
      "systemtime": 136007,
      "usertime": 5232873
     },
     "29069570259": {
      "maxRSS": 198184,
      "systemtime": 136007,
      "usertime": 5236895
     },
     "29069574345": {
      "maxRSS": 198696,
      "systemtime": 136007,
      "usertime": 5240915
     },
     "29069578464": {
      "maxRSS": 199208,
      "systemtime": 136007,
      "usertime": 5244946
     },
     "29069582588": {
      "maxRSS": 199720,
      "systemtime": 136007,
      "usertime": 5248997
     },
     "29069586695": {
      "maxRSS": 200232,
      "systemtime": 136007,
      "usertime": 5253038
     },
     "29069590796": {
      "maxRSS": 200744,
      "systemtime": 139925,
      "usertime": 5253218
     },
     "29069594899": {
      "maxRSS": 201256,
      "systemtime": 139925,
      "usertime": 5257161
     },
     "29069599013": {
      "maxRSS": 201768,
      "systemtime": 139925,
      "usertime": 5261185
     },
     "29069603133": {
      "maxRSS": 202280,
      "systemtime": 139925,
      "usertime": 5265200
     },
     "29069607232": {
      "maxRSS": 202664,
      "systemtime": 139926,
      "usertime": 5269218
     },
     "29069611369": {
      "maxRSS": 203304,
      "systemtime": 139928,
      "usertime": 5273311
     },
     "29069615447": {
      "maxRSS": 203816,
      "systemtime": 139928,
      "usertime": 5277288
     },
     "29069619526": {
      "maxRSS": 204328,
      "systemtime": 139928,
      "usertime": 5281286
     },
     "29069623618": {
      "maxRSS": 204840,
      "systemtime": 139928,
      "usertime": 5285302
     },
     "29069627739": {
      "maxRSS": 205352,
      "systemtime": 139929,
      "usertime": 5289334
     },
     "29069631828": {
      "maxRSS": 205864,
      "systemtime": 139930,
      "usertime": 5293380
     },
     "29069635932": {
      "maxRSS": 206376,
      "systemtime": 139931,
      "usertime": 5297392
     },
     "29069640019": {
      "maxRSS": 206888,
      "systemtime": 139931,
      "usertime": 5305407
     },
     "29069644040": {
      "maxRSS": 207400,
      "systemtime": 139932,
      "usertime": 5309423
     },
     "29069648115": {
      "maxRSS": 207784,
      "systemtime": 139932,
      "usertime": 5313438
     },
     "29069652190": {
      "maxRSS": 208296,
      "systemtime": 139933,
      "usertime": 5317483
     },
     "29069656270": {
      "maxRSS": 208808,
      "systemtime": 139933,
      "usertime": 5321470
     },
     "29069660377": {
      "maxRSS": 209320,
      "systemtime": 139934,
      "usertime": 5325499
     },
     "29069664468": {
      "maxRSS": 209704,
      "systemtime": 139935,
      "usertime": 5329524
     },
     "29069668563": {
      "maxRSS": 210216,
      "systemtime": 139935,
      "usertime": 5333552
     },
     "29069672648": {
      "maxRSS": 210600,
      "systemtime": 139936,
      "usertime": 5337592
     },
     "29069676745": {
      "maxRSS": 211112,
      "systemtime": 139937,
      "usertime": 5341602
     },
     "29069680836": {
      "maxRSS": 211624,
      "systemtime": 139937,
      "usertime": 5345619
     },
     "29069684939": {
      "maxRSS": 212136,
      "systemtime": 139938,
      "usertime": 5349659
     },
     "29069689032": {
      "maxRSS": 212648,
      "systemtime": 143937,
      "usertime": 5349694
     },
     "29069693150": {
      "maxRSS": 213032,
      "systemtime": 143938,
      "usertime": 5353714
     },
     "29069697238": {
      "maxRSS": 213544,
      "systemtime": 143941,
      "usertime": 5357829
     },
     "29069701316": {
      "maxRSS": 214056,
      "systemtime": 143941,
      "usertime": 5361742
     },
     "29069705390": {
      "maxRSS": 214568,
      "systemtime": 143941,
      "usertime": 5365757
     },
     "29069709477": {
      "maxRSS": 215080,
      "systemtime": 143941,
      "usertime": 5369774
     },
     "29069713610": {
      "maxRSS": 215592,
      "systemtime": 143942,
      "usertime": 5373854
     },
     "29069717691": {
      "maxRSS": 216104,
      "systemtime": 143942,
      "usertime": 5377857
     },
     "29069721783": {
      "maxRSS": 216488,
      "systemtime": 143943,
      "usertime": 5381873
     },
     "29069725859": {
      "maxRSS": 217000,
      "systemtime": 147942,
      "usertime": 5381905
     },
     "29069729963": {
      "maxRSS": 217384,
      "systemtime": 147944,
      "usertime": 5385979
     },
     "29069734067": {
      "maxRSS": 217768,
      "systemtime": 147945,
      "usertime": 5389997
     },
     "29069738176": {
      "maxRSS": 218280,
      "systemtime": 151943,
      "usertime": 5390012
     },
     "29069742263": {
      "maxRSS": 218664,
      "systemtime": 151944,
      "usertime": 5394029
     },
     "29069746358": {
      "maxRSS": 219176,
      "systemtime": 151945,
      "usertime": 5398057
     },
     "29069750456": {
      "maxRSS": 219560,
      "systemtime": 151946,
      "usertime": 5402099
     },
     "29069754545": {
      "maxRSS": 220072,
      "systemtime": 151946,
      "usertime": 5406103
     },
     "29069758663": {
      "maxRSS": 220584,
      "systemtime": 151947,
      "usertime": 5410127
     },
     "29069762758": {
      "maxRSS": 221096,
      "systemtime": 151948,
      "usertime": 5414159
     },
     "29069766872": {
      "maxRSS": 221480,
      "systemtime": 151948,
      "usertime": 5418178
     },
     "29069770973": {
      "maxRSS": 221864,
      "systemtime": 151949,
      "usertime": 5422190
     },
     "29069775059": {
      "maxRSS": 222376,
      "systemtime": 155948,
      "usertime": 5422211
     },
     "29069779147": {
      "maxRSS": 222888,
      "systemtime": 155948,
      "usertime": 5426219
     },
     "29069783235": {
      "maxRSS": 223400,
      "systemtime": 155949,
      "usertime": 5430243
     },
     "29069787312": {
      "maxRSS": 223912,
      "systemtime": 155950,
      "usertime": 5434257
     },
     "29069791458": {
      "maxRSS": 224424,
      "systemtime": 155951,
      "usertime": 5438311
     },
     "29069795542": {
      "maxRSS": 224936,
      "systemtime": 155952,
      "usertime": 5442330
     },
     "29069799657": {
      "maxRSS": 225448,
      "systemtime": 155952,
      "usertime": 5446348
     },
     "29069803798": {
      "maxRSS": 225960,
      "systemtime": 155953,
      "usertime": 5450366
     },
     "29069807940": {
      "maxRSS": 226472,
      "systemtime": 155953,
      "usertime": 5454388
     },
     "29069812018": {
      "maxRSS": 226984,
      "systemtime": 155954,
      "usertime": 5462397
     },
     "29069816100": {
      "maxRSS": 227368,
      "systemtime": 155954,
      "usertime": 5466421
     },
     "29069820177": {
      "maxRSS": 227880,
      "systemtime": 155955,
      "usertime": 5470434
     },
     "29069824249": {
      "maxRSS": 228392,
      "systemtime": 155955,
      "usertime": 5474446
     },
     "29069828322": {
      "maxRSS": 228904,
      "systemtime": 155956,
      "usertime": 5478460
     },
     "29069832425": {
      "maxRSS": 229416,
      "systemtime": 155956,
      "usertime": 5482472
     },
     "29069836503": {
      "maxRSS": 229800,
      "systemtime": 155957,
      "usertime": 5486497
     },
     "29069840616": {
      "maxRSS": 230312,
      "systemtime": 155958,
      "usertime": 5490537
     },
     "29069844830": {
      "maxRSS": 230824,
      "systemtime": 155959,
      "usertime": 5494575
     },
     "29069848911": {
      "maxRSS": 231336,
      "systemtime": 155960,
      "usertime": 5498594
     },
     "29069852988": {
      "maxRSS": 231720,
      "systemtime": 155960,
      "usertime": 5502608
     },
     "29069857064": {
      "maxRSS": 232232,
      "systemtime": 155961,
      "usertime": 5506624
     },
     "29069861193": {
      "maxRSS": 232744,
      "systemtime": 155962,
      "usertime": 5510657
     },
     "29069865501": {
      "maxRSS": 233256,
      "systemtime": 155966,
      "usertime": 5514808
     },
     "29069869582": {
      "maxRSS": 233768,
      "systemtime": 155966,
      "usertime": 5518824
     },
     "29069873659": {
      "maxRSS": 234152,
      "systemtime": 155967,
      "usertime": 5522850
     },
     "29069877749": {
      "maxRSS": 234664,
      "systemtime": 155967,
      "usertime": 5526857
     },
     "29069881848": {
      "maxRSS": 235176,
      "systemtime": 155968,
      "usertime": 5530875
     },
     "29069885971": {
      "maxRSS": 235688,
      "systemtime": 155969,
      "usertime": 5534904
     },
     "29069890127": {
      "maxRSS": 236200,
      "systemtime": 155971,
      "usertime": 5538980
     },
     "29069894225": {
      "maxRSS": 236712,
      "systemtime": 155971,
      "usertime": 5542989
     },
     "29069898363": {
      "maxRSS": 237224,
      "systemtime": 155972,
      "usertime": 5547013
     },
     "29069902449": {
      "maxRSS": 237608,
      "systemtime": 159972,
      "usertime": 5547033
     },
     "29069906538": {
      "maxRSS": 238120,
      "systemtime": 159973,
      "usertime": 5551067
     },
     "29069910615": {
      "maxRSS": 238632,
      "systemtime": 159973,
      "usertime": 5555062
     },
     "29069914707": {
      "maxRSS": 239144,
      "systemtime": 159973,
      "usertime": 5559078
     },
     "29069918799": {
      "maxRSS": 239656,
      "systemtime": 159974,
      "usertime": 5563105
     },
     "29069922879": {
      "maxRSS": 240040,
      "systemtime": 159974,
      "usertime": 5567121
     },
     "29069927004": {
      "maxRSS": 240680,
      "systemtime": 159975,
      "usertime": 5571155
     },
     "29069931088": {
      "maxRSS": 241064,
      "systemtime": 159976,
      "usertime": 5575175
     },
     "29069935183": {
      "maxRSS": 241576,
      "systemtime": 159977,
      "usertime": 5579202
     },
     "29069939264": {
      "maxRSS": 242088,
      "systemtime": 159977,
      "usertime": 5583223
     },
     "29069947384": {
      "maxRSS": 243112,
      "systemtime": 159978,
      "usertime": 5591259
     },
     "29069955494": {
      "maxRSS": 244008,
      "systemtime": 163981,
      "usertime": 5595354
     },
     "29069963640": {
      "maxRSS": 244904,
      "systemtime": 167980,
      "usertime": 5599359
     },
     "29069971784": {
      "maxRSS": 245800,
      "systemtime": 167981,
      "usertime": 5607381
     },
     "29069979885": {
      "maxRSS": 246824,
      "systemtime": 167982,
      "usertime": 5615412
     },
     "29069987982": {
      "maxRSS": 247848,
      "systemtime": 167983,
      "usertime": 5623448
     },
     "29069996121": {
      "maxRSS": 248744,
      "systemtime": 175864,
      "usertime": 5627675
     },
     "29070004205": {
      "maxRSS": 249768,
      "systemtime": 175864,
      "usertime": 5635664
     },
     "29070012291": {
      "maxRSS": 250792,
      "systemtime": 175865,
      "usertime": 5643686
     },
     "29070020384": {
      "maxRSS": 251816,
      "systemtime": 175866,
      "usertime": 5651705
     },
     "29070028495": {
      "maxRSS": 252840,
      "systemtime": 175867,
      "usertime": 5659724
     },
     "29070036626": {
      "maxRSS": 253736,
      "systemtime": 175870,
      "usertime": 5667818
     },
     "29070044743": {
      "maxRSS": 254760,
      "systemtime": 175870,
      "usertime": 5675792
     },
     "29070052877": {
      "maxRSS": 255656,
      "systemtime": 175870,
      "usertime": 5683825
     },
     "29070060971": {
      "maxRSS": 256680,
      "systemtime": 175871,
      "usertime": 5691844
     },
     "29070069057": {
      "maxRSS": 257704,
      "systemtime": 175872,
      "usertime": 5699864
     },
     "29070077148": {
      "maxRSS": 258600,
      "systemtime": 175873,
      "usertime": 5707891
     },
     "29070085232": {
      "maxRSS": 259496,
      "systemtime": 175874,
      "usertime": 5715910
     },
     "29070093318": {
      "maxRSS": 260520,
      "systemtime": 175875,
      "usertime": 5723945
     },
     "29070101458": {
      "maxRSS": 261544,
      "systemtime": 175876,
      "usertime": 5731985
     },
     "29070109556": {
      "maxRSS": 262440,
      "systemtime": 175878,
      "usertime": 5740021
     },
     "29070117641": {
      "maxRSS": 263464,
      "systemtime": 175878,
      "usertime": 5748042
     },
     "29070125750": {
      "maxRSS": 264488,
      "systemtime": 175880,
      "usertime": 5756074
     },
     "29070133838": {
      "maxRSS": 265512,
      "systemtime": 175881,
      "usertime": 5764100
     },
     "29070141917": {
      "maxRSS": 266408,
      "systemtime": 175881,
      "usertime": 5772117
     },
     "29070150051": {
      "maxRSS": 267432,
      "systemtime": 175883,
      "usertime": 5780159
     },
     "29070158166": {
      "maxRSS": 268456,
      "systemtime": 175884,
      "usertime": 5788183
     },
     "29070166247": {
      "maxRSS": 269352,
      "systemtime": 175884,
      "usertime": 5796204
     },
     "29070174334": {
      "maxRSS": 270376,
      "systemtime": 179883,
      "usertime": 5800240
     },
     "29070182433": {
      "maxRSS": 271144,
      "systemtime": 179884,
      "usertime": 5808260
     },
     "29070190552": {
      "maxRSS": 272040,
      "systemtime": 179885,
      "usertime": 5816297
     },
     "29070198705": {
      "maxRSS": 272552,
      "systemtime": 179888,
      "usertime": 5824397
     },
     "29070206833": {
      "maxRSS": 273448,
      "systemtime": 179889,
      "usertime": 5832408
     },
     "29070215013": {
      "maxRSS": 274472,
      "systemtime": 179891,
      "usertime": 5840471
     },
     "29070223217": {
      "maxRSS": 275496,
      "systemtime": 179892,
      "usertime": 5848512
     },
     "29070231340": {
      "maxRSS": 276520,
      "systemtime": 179893,
      "usertime": 5856534
     },
     "29070239458": {
      "maxRSS": 277544,
      "systemtime": 179894,
      "usertime": 5864552
     },
     "29070247574": {
      "maxRSS": 278312,
      "systemtime": 179896,
      "usertime": 5872628
     },
     "29070255781": {
      "maxRSS": 279336,
      "systemtime": 179896,
      "usertime": 5880603
     },
     "29070263980": {
      "maxRSS": 280360,
      "systemtime": 179896,
      "usertime": 5888622
     },
     "29070272085": {
      "maxRSS": 281384,
      "systemtime": 179897,
      "usertime": 5900637
     },
     "29070280170": {
      "maxRSS": 282408,
      "systemtime": 179898,
      "usertime": 5908656
     },
     "29070288257": {
      "maxRSS": 283304,
      "systemtime": 179899,
      "usertime": 5916684
     },
     "29070296373": {
      "maxRSS": 284328,
      "systemtime": 179900,
      "usertime": 5924712
     },
     "29070304547": {
      "maxRSS": 285352,
      "systemtime": 179904,
      "usertime": 5932855
     },
     "29070312641": {
      "maxRSS": 286248,
      "systemtime": 179904,
      "usertime": 5940831
     },
     "29070320732": {
      "maxRSS": 287272,
      "systemtime": 179905,
      "usertime": 5948861
     },
     "29070328823": {
      "maxRSS": 288296,
      "systemtime": 179905,
      "usertime": 5956882
     },
     "29070336906": {
      "maxRSS": 289320,
      "systemtime": 179906,
      "usertime": 5964915
     },
     "29070344989": {
      "maxRSS": 290216,
      "systemtime": 179907,
      "usertime": 5972928
     },
     "29070353086": {
      "maxRSS": 291240,
      "systemtime": 179908,
      "usertime": 5980961
     },
     "29070361193": {
      "maxRSS": 292264,
      "systemtime": 179909,
      "usertime": 5988989
     },
     "29070369276": {
      "maxRSS": 293288,
      "systemtime": 179910,
      "usertime": 5997003
     },
     "29070377374": {
      "maxRSS": 294184,
      "systemtime": 179911,
      "usertime": 6005035
     },
     "29070385477": {
      "maxRSS": 295208,
      "systemtime": 179912,
      "usertime": 6013059
     },
     "29070393690": {
      "maxRSS": 296232,
      "systemtime": 179912,
      "usertime": 6021087
     },
     "29070401834": {
      "maxRSS": 297128,
      "systemtime": 179915,
      "usertime": 6029153
     },
     "29070409991": {
      "maxRSS": 298152,
      "systemtime": 179916,
      "usertime": 6037184
     },
     "29070418082": {
      "maxRSS": 299176,
      "systemtime": 179916,
      "usertime": 6045208
     },
     "29070426199": {
      "maxRSS": 300200,
      "systemtime": 179918,
      "usertime": 6053242
     },
     "29070434283": {
      "maxRSS": 301096,
      "systemtime": 179918,
      "usertime": 6061254
     },
     "29070442394": {
      "maxRSS": 302120,
      "systemtime": 179919,
      "usertime": 6069276
     },
     "29070450476": {
      "maxRSS": 303144,
      "systemtime": 183918,
      "usertime": 6073302
     },
     "29070458572": {
      "maxRSS": 304168,
      "systemtime": 183919,
      "usertime": 6081340
     },
     "29070466671": {
      "maxRSS": 305192,
      "systemtime": 183919,
      "usertime": 6089350
     },
     "29070474762": {
      "maxRSS": 306216,
      "systemtime": 187919,
      "usertime": 6093386
     },
     "29070482842": {
      "maxRSS": 307240,
      "systemtime": 187919,
      "usertime": 6101386
     },
     "29070490923": {
      "maxRSS": 308136,
      "systemtime": 191918,
      "usertime": 6105405
     },
     "29070499032": {
      "maxRSS": 309160,
      "systemtime": 195917,
      "usertime": 6109437
     },
     "29070507159": {
      "maxRSS": 310184,
      "systemtime": 195919,
      "usertime": 6117484
     },
     "29070515268": {
      "maxRSS": 311208,
      "systemtime": 195920,
      "usertime": 6125514
     },
     "29070523393": {
      "maxRSS": 312232,
      "systemtime": 195921,
      "usertime": 6133555
     },
     "29070531520": {
      "maxRSS": 313256,
      "systemtime": 195922,
      "usertime": 6141583
     },
     "29070539626": {
      "maxRSS": 314152,
      "systemtime": 195923,
      "usertime": 6149593
     },
     "29070547737": {
      "maxRSS": 315176,
      "systemtime": 195924,
      "usertime": 6157615
     },
     "29070555848": {
      "maxRSS": 316200,
      "systemtime": 195925,
      "usertime": 6165643
     },
     "29070563923": {
      "maxRSS": 317224,
      "systemtime": 195925,
      "usertime": 6173660
     },
     "29070572072": {
      "maxRSS": 318248,
      "systemtime": 195926,
      "usertime": 6185690
     },
     "29070580178": {
      "maxRSS": 319272,
      "systemtime": 199926,
      "usertime": 6189719
     },
     "29070588279": {
      "maxRSS": 320168,
      "systemtime": 199927,
      "usertime": 6197744
     },
     "29070596365": {
      "maxRSS": 321320,
      "systemtime": 199927,
      "usertime": 6205763
     },
     "29070604459": {
      "maxRSS": 322216,
      "systemtime": 199929,
      "usertime": 6213805
     },
     "29070612540": {
      "maxRSS": 323368,
      "systemtime": 203928,
      "usertime": 6217824
     },
     "29070620621": {
      "maxRSS": 324392,
      "systemtime": 207927,
      "usertime": 6221832
     },
     "29070628710": {
      "maxRSS": 325288,
      "systemtime": 207929,
      "usertime": 6229884
     },
     "29070636796": {
      "maxRSS": 326312,
      "systemtime": 207929,
      "usertime": 6237877
     },
     "29070644880": {
      "maxRSS": 327336,
      "systemtime": 211928,
      "usertime": 6241900
     },
     "29070653011": {
      "maxRSS": 328360,
      "systemtime": 211930,
      "usertime": 6249948
     },
     "29070661104": {
      "maxRSS": 329384,
      "systemtime": 211930,
      "usertime": 6257961
     },
     "29070669213": {
      "maxRSS": 330408,
      "systemtime": 211931,
      "usertime": 6265976
     },
     "29070677301": {
      "maxRSS": 331432,
      "systemtime": 211932,
      "usertime": 6273995
     },
     "29070685390": {
      "maxRSS": 332456,
      "systemtime": 215932,
      "usertime": 6278024
     },
     "29070693548": {
      "maxRSS": 333480,
      "systemtime": 215933,
      "usertime": 6286064
     },
     "29070701668": {
      "maxRSS": 334504,
      "systemtime": 215934,
      "usertime": 6294091
     },
     "29070709766": {
      "maxRSS": 335656,
      "systemtime": 215935,
      "usertime": 6302121
     },
     "29070717881": {
      "maxRSS": 336808,
      "systemtime": 215936,
      "usertime": 6310155
     },
     "29070725985": {
      "maxRSS": 337832,
      "systemtime": 215937,
      "usertime": 6318176
     },
     "29070734084": {
      "maxRSS": 338856,
      "systemtime": 215939,
      "usertime": 6326215
     },
     "29070742185": {
      "maxRSS": 339880,
      "systemtime": 219938,
      "usertime": 6330242
     },
     "29070750302": {
      "maxRSS": 340520,
      "systemtime": 223941,
      "usertime": 6334333
     },
     "29070758460": {
      "maxRSS": 341416,
      "systemtime": 223942,
      "usertime": 6342380
     },
     "29070766551": {
      "maxRSS": 342440,
      "systemtime": 223942,
      "usertime": 6350362
     },
     "29070774709": {
      "maxRSS": 343336,
      "systemtime": 223943,
      "usertime": 6358400
     },
     "29070782831": {
      "maxRSS": 344360,
      "systemtime": 227943,
      "usertime": 6362410
     },
     "29070791024": {
      "maxRSS": 345384,
      "systemtime": 231945,
      "usertime": 6366506
     },
     "29070799152": {
      "maxRSS": 346536,
      "systemtime": 231945,
      "usertime": 6374474
     },
     "29070807297": {
      "maxRSS": 347560,
      "systemtime": 231946,
      "usertime": 6382525
     },
     "29070815400": {
      "maxRSS": 348584,
      "systemtime": 231947,
      "usertime": 6390561
     },
     "29070823533": {
      "maxRSS": 349736,
      "systemtime": 231948,
      "usertime": 6398587
     },
     "29070831620": {
      "maxRSS": 350632,
      "systemtime": 231949,
      "usertime": 6406607
     },
     "29070839799": {
      "maxRSS": 351656,
      "systemtime": 231950,
      "usertime": 6414628
     },
     "29070847998": {
      "maxRSS": 352808,
      "systemtime": 239805,
      "usertime": 6418804
     },
     "29070856205": {
      "maxRSS": 353832,
      "systemtime": 239808,
      "usertime": 6426860
     },
     "29070864312": {
      "maxRSS": 354856,
      "systemtime": 239809,
      "usertime": 6434886
     },
     "29070872399": {
      "maxRSS": 355880,
      "systemtime": 239810,
      "usertime": 6442907
     },
     "29070880507": {
      "maxRSS": 356904,
      "systemtime": 239812,
      "usertime": 6450951
     },
     "29070888614": {
      "maxRSS": 357928,
      "systemtime": 239813,
      "usertime": 6458965
     },
     "29070896826": {
      "maxRSS": 358952,
      "systemtime": 239815,
      "usertime": 6467027
     },
     "29070904912": {
      "maxRSS": 359976,
      "systemtime": 239815,
      "usertime": 6475024
     },
     "29070913015": {
      "maxRSS": 361000,
      "systemtime": 239829,
      "usertime": 6483384
     },
     "29070921115": {
      "maxRSS": 361000,
      "systemtime": 239885,
      "usertime": 6491013
     },
     "29070929051": {
      "maxRSS": 361000,
      "systemtime": 239885,
      "usertime": 6500075
     },
     "29070930138": {
      "maxRSS": 361000,
      "systemtime": 239885,
      "usertime": 6500102
     },
     "29070931214": {
      "maxRSS": 361000,
      "systemtime": 239885,
      "usertime": 6500119
     },
     "29070932332": {
      "maxRSS": 361000,
      "systemtime": 239885,
      "usertime": 6503123
     },
     "29070933437": {
      "maxRSS": 361000,
      "systemtime": 239885,
      "usertime": 6503166
     },
     "29070934519": {
      "maxRSS": 361000,
      "systemtime": 239885,
      "usertime": 6503182
     },
     "29070935601": {
      "maxRSS": 361000,
      "systemtime": 239885,
      "usertime": 6503199
     },
     "29070936691": {
      "maxRSS": 361000,
      "systemtime": 239885,
      "usertime": 6507222
     },
     "29070937766": {
      "maxRSS": 361000,
      "systemtime": 239885,
      "usertime": 6507237
     },
     "29070938856": {
      "maxRSS": 361000,
      "systemtime": 239885,
      "usertime": 6507254
     },
     "29070939960": {
      "maxRSS": 361000,
      "systemtime": 239885,
      "usertime": 6507290
     },
     "29070940369": {
      "maxRSS": 361000,
      "systemtime": 239885,
      "usertime": 6511636
     },
     "29070941478": {
      "maxRSS": 361256,
      "systemtime": 239885,
      "usertime": 6511651
     },
     "29070942587": {
      "maxRSS": 361512,
      "systemtime": 239885,
      "usertime": 6511663
     },
     "29070943664": {
      "maxRSS": 361896,
      "systemtime": 239885,
      "usertime": 6511676
     },
     "29070944740": {
      "maxRSS": 362152,
      "systemtime": 239885,
      "usertime": 6515376
     },
     "29070945823": {
      "maxRSS": 362408,
      "systemtime": 239885,
      "usertime": 6515400
     },
     "29070946925": {
      "maxRSS": 362792,
      "systemtime": 239885,
      "usertime": 6515409
     },
     "29070947993": {
      "maxRSS": 363048,
      "systemtime": 239885,
      "usertime": 6515417
     },
     "29070949060": {
      "maxRSS": 363304,
      "systemtime": 239885,
      "usertime": 6519408
     },
     "29070950162": {
      "maxRSS": 363560,
      "systemtime": 239885,
      "usertime": 6519415
     },
     "29070951227": {
      "maxRSS": 363944,
      "systemtime": 239885,
      "usertime": 6519423
     },
     "29070952302": {
      "maxRSS": 364200,
      "systemtime": 239885,
      "usertime": 6523457
     },
     "29070953386": {
      "maxRSS": 364456,
      "systemtime": 239885,
      "usertime": 6523480
     },
     "29070954456": {
      "maxRSS": 364712,
      "systemtime": 239885,
      "usertime": 6523492
     },
     "29070955524": {
      "maxRSS": 364968,
      "systemtime": 239885,
      "usertime": 6523501
     },
     "29070956592": {
      "maxRSS": 365352,
      "systemtime": 243833,
      "usertime": 6523558
     },
     "29070957660": {
      "maxRSS": 365608,
      "systemtime": 243834,
      "usertime": 6523567
     },
     "29070958727": {
      "maxRSS": 365864,
      "systemtime": 243834,
      "usertime": 6523576
     },
     "29070959829": {
      "maxRSS": 366120,
      "systemtime": 243835,
      "usertime": 6523599
     },
     "29070960919": {
      "maxRSS": 366248,
      "systemtime": 243835,
      "usertime": 6527605
     },
     "29070962034": {
      "maxRSS": 366504,
      "systemtime": 243836,
      "usertime": 6527635
     },
     "29070963239": {
      "maxRSS": 366760,
      "systemtime": 243838,
      "usertime": 6527664
     },
     "29070964312": {
      "maxRSS": 367016,
      "systemtime": 247838,
      "usertime": 6527756
     },
     "29070965384": {
      "maxRSS": 367400,
      "systemtime": 247839,
      "usertime": 6527770
     },
     "29070966471": {
      "maxRSS": 367656,
      "systemtime": 247840,
      "usertime": 6527797
     },
     "29070967542": {
      "maxRSS": 367912,
      "systemtime": 247840,
      "usertime": 6527808
     },
     "29070968615": {
      "maxRSS": 368168,
      "systemtime": 247840,
      "usertime": 6531740
     },
     "29070969687": {
      "maxRSS": 368424,
      "systemtime": 247840,
      "usertime": 6531752
     },
     "29070970756": {
      "maxRSS": 368680,
      "systemtime": 247840,
      "usertime": 6531763
     },
     "29070971824": {
      "maxRSS": 368936,
      "systemtime": 247840,
      "usertime": 6531772
     },
     "29070972904": {
      "maxRSS": 369320,
      "systemtime": 247842,
      "usertime": 6535833
     },
     "29070974013": {
      "maxRSS": 369576,
      "systemtime": 247842,
      "usertime": 6535846
     },
     "29070975114": {
      "maxRSS": 369832,
      "systemtime": 247842,
      "usertime": 6535854
     },
     "29070976182": {
      "maxRSS": 370088,
      "systemtime": 251821,
      "usertime": 6535854
     },
     "29070977255": {
      "maxRSS": 370344,
      "systemtime": 251833,
      "usertime": 6535854
     },
     "29070978327": {
      "maxRSS": 370728,
      "systemtime": 251840,
      "usertime": 6535860
     },
     "29070979395": {
      "maxRSS": 370984,
      "systemtime": 251840,
      "usertime": 6535870
     },
     "29070980489": {
      "maxRSS": 371240,
      "systemtime": 251841,
      "usertime": 6539886
     },
     "29070981569": {
      "maxRSS": 371496,
      "systemtime": 251842,
      "usertime": 6539903
     },
     "29070982641": {
      "maxRSS": 371752,
      "systemtime": 251842,
      "usertime": 6539914
     },
     "29070983709": {
      "maxRSS": 372136,
      "systemtime": 251843,
      "usertime": 6539923
     },
     "29070984819": {
      "maxRSS": 372392,
      "systemtime": 251843,
      "usertime": 6543941
     },
     "29070985937": {
      "maxRSS": 372648,
      "systemtime": 251844,
      "usertime": 6543954
     },
     "29070987055": {
      "maxRSS": 372904,
      "systemtime": 251845,
      "usertime": 6543980
     },
     "29070988078": {
      "maxRSS": 373160,
      "systemtime": 251847,
      "usertime": 6548042
     },
     "29070989182": {
      "maxRSS": 373416,
      "systemtime": 251848,
      "usertime": 6548071
     },
     "29070990323": {
      "maxRSS": 373800,
      "systemtime": 251849,
      "usertime": 6548090
     },
     "29070991431": {
      "maxRSS": 374056,
      "systemtime": 251850,
      "usertime": 6548106
     },
     "29070992529": {
      "maxRSS": 374312,
      "systemtime": 251850,
      "usertime": 6552072
     },
     "29070993704": {
      "maxRSS": 374568,
      "systemtime": 251852,
      "usertime": 6552156
     },
     "29070994848": {
      "maxRSS": 374696,
      "systemtime": 251853,
      "usertime": 6552180
     },
     "29070995917": {
      "maxRSS": 374824,
      "systemtime": 251853,
      "usertime": 6552191
     },
     "29070996985": {
      "maxRSS": 375080,
      "systemtime": 251854,
      "usertime": 6556203
     },
     "29070998073": {
      "maxRSS": 375336,
      "systemtime": 251854,
      "usertime": 6556214
     },
     "29070999146": {
      "maxRSS": 375592,
      "systemtime": 251855,
      "usertime": 6556227
     },
     "29071000231": {
      "maxRSS": 375848,
      "systemtime": 251855,
      "usertime": 6560247
     },
     "29071001302": {
      "maxRSS": 376232,
      "systemtime": 251856,
      "usertime": 6560258
     },
     "29071002391": {
      "maxRSS": 376360,
      "systemtime": 251857,
      "usertime": 6560277
     },
     "29071003502": {
      "maxRSS": 376744,
      "systemtime": 251857,
      "usertime": 6560300
     },
     "29071004640": {
      "maxRSS": 377000,
      "systemtime": 251861,
      "usertime": 6564379
     },
     "29071005770": {
      "maxRSS": 377256,
      "systemtime": 251862,
      "usertime": 6564407
     },
     "29071006862": {
      "maxRSS": 377512,
      "systemtime": 251862,
      "usertime": 6564422
     },
     "29071007985": {
      "maxRSS": 377896,
      "systemtime": 251865,
      "usertime": 6564484
     },
     "29071009101": {
      "maxRSS": 378152,
      "systemtime": 251865,
      "usertime": 6568466
     },
     "29071010179": {
      "maxRSS": 378408,
      "systemtime": 251865,
      "usertime": 6568481
     },
     "29071011257": {
      "maxRSS": 378664,
      "systemtime": 251865,
      "usertime": 6568498
     },
     "29071012362": {
      "maxRSS": 378920,
      "systemtime": 251866,
      "usertime": 6572527
     },
     "29071013436": {
      "maxRSS": 379176,
      "systemtime": 251867,
      "usertime": 6572541
     },
     "29071014516": {
      "maxRSS": 379432,
      "systemtime": 251868,
      "usertime": 6572562
     },
     "29071015584": {
      "maxRSS": 379816,
      "systemtime": 251868,
      "usertime": 6572571
     },
     "29071016653": {
      "maxRSS": 380072,
      "systemtime": 251868,
      "usertime": 6576567
     },
     "29071017792": {
      "maxRSS": 380328,
      "systemtime": 251869,
      "usertime": 6576583
     },
     "29071018927": {
      "maxRSS": 380584,
      "systemtime": 251870,
      "usertime": 6576609
     },
     "29071020073": {
      "maxRSS": 380968,
      "systemtime": 255869,
      "usertime": 6576634
     },
     "29071021199": {
      "maxRSS": 381224,
      "systemtime": 255870,
      "usertime": 6576663
     },
     "29071022286": {
      "maxRSS": 381480,
      "systemtime": 255870,
      "usertime": 6576674
     },
     "29071023358": {
      "maxRSS": 381736,
      "systemtime": 255871,
      "usertime": 6576688
     },
     "29071024427": {
      "maxRSS": 382120,
      "systemtime": 255871,
      "usertime": 6580689
     },
     "29071025498": {
      "maxRSS": 382376,
      "systemtime": 255871,
      "usertime": 6580701
     },
     "29071026565": {
      "maxRSS": 382632,
      "systemtime": 255872,
      "usertime": 6580710
     },
     "29071027653": {
      "maxRSS": 382760,
      "systemtime": 255872,
      "usertime": 6580732
     },
     "29071028767": {
      "maxRSS": 383016,
      "systemtime": 255874,
      "usertime": 6584760
     },
     "29071029853": {
      "maxRSS": 383272,
      "systemtime": 255874,
      "usertime": 6584773
     },
     "29071030923": {
      "maxRSS": 383656,
      "systemtime": 255875,
      "usertime": 6584783
     },
     "29071031997": {
      "maxRSS": 383912,
      "systemtime": 255875,
      "usertime": 6584795
     },
     "29071033111": {
      "maxRSS": 384168,
      "systemtime": 255875,
      "usertime": 6588805
     },
     "29071034178": {
      "maxRSS": 384424,
      "systemtime": 255875,
      "usertime": 6588815
     },
     "29071035256": {
      "maxRSS": 384680,
      "systemtime": 255875,
      "usertime": 6588835
     },
     "29071036332": {
      "maxRSS": 384936,
      "systemtime": 259724,
      "usertime": 6589016
     },
     "29071037403": {
      "maxRSS": 385192,
      "systemtime": 259725,
      "usertime": 6589028
     },
     "29071038503": {
      "maxRSS": 385576,
      "systemtime": 259725,
      "usertime": 6589037
     },
     "29071039570": {
      "maxRSS": 385832,
      "systemtime": 259725,
      "usertime": 6589046
     },
     "29071040643": {
      "maxRSS": 386088,
      "systemtime": 263722,
      "usertime": 6589067
     },
     "29071041720": {
      "maxRSS": 386344,
      "systemtime": 263723,
      "usertime": 6589086
     },
     "29071042823": {
      "maxRSS": 386600,
      "systemtime": 263723,
      "usertime": 6589095
     },
     "29071043892": {
      "maxRSS": 386856,
      "systemtime": 263724,
      "usertime": 6589105
     },
     "29071044967": {
      "maxRSS": 387240,
      "systemtime": 263724,
      "usertime": 6593091
     },
     "29071046060": {
      "maxRSS": 387496,
      "systemtime": 263724,
      "usertime": 6593115
     },
     "29071047147": {
      "maxRSS": 387752,
      "systemtime": 263725,
      "usertime": 6593140
     },
     "29071048230": {
      "maxRSS": 388008,
      "systemtime": 263726,
      "usertime": 6597162
     },
     "29071049320": {
      "maxRSS": 388264,
      "systemtime": 263727,
      "usertime": 6597172
     },
     "29071050421": {
      "maxRSS": 388648,
      "systemtime": 263727,
      "usertime": 6597182
     },
     "29071051550": {
      "maxRSS": 388904,
      "systemtime": 263728,
      "usertime": 6597208
     },
     "29071052624": {
      "maxRSS": 389160,
      "systemtime": 263729,
      "usertime": 6601221
     },
     "29071053694": {
      "maxRSS": 389416,
      "systemtime": 263729,
      "usertime": 6601232
     },
     "29071054770": {
      "maxRSS": 389672,
      "systemtime": 263730,
      "usertime": 6601251
     },
     "29071055837": {
      "maxRSS": 389928,
      "systemtime": 263730,
      "usertime": 6601260
     },
     "29071056911": {
      "maxRSS": 390312,
      "systemtime": 263731,
      "usertime": 6605271
     },
     "29071057979": {
      "maxRSS": 390568,
      "systemtime": 263731,
      "usertime": 6605280
     },
     "29071059045": {
      "maxRSS": 390824,
      "systemtime": 263732,
      "usertime": 6605288
     },
     "29071060074": {
      "maxRSS": 390952,
      "systemtime": 263732,
      "usertime": 6609303
     },
     "29071061194": {
      "maxRSS": 391208,
      "systemtime": 263733,
      "usertime": 6609333
     },
     "29071062330": {
      "maxRSS": 391592,
      "systemtime": 263734,
      "usertime": 6609357
     },
     "29071063507": {
      "maxRSS": 391848,
      "systemtime": 263735,
      "usertime": 6609380
     },
     "29071064621": {
      "maxRSS": 392104,
      "systemtime": 263737,
      "usertime": 6613412
     },
     "29071065728": {
      "maxRSS": 392360,
      "systemtime": 263737,
      "usertime": 6613424
     },
     "29071066828": {
      "maxRSS": 392616,
      "systemtime": 263738,
      "usertime": 6613433
     },
     "29071067900": {
      "maxRSS": 392872,
      "systemtime": 263738,
      "usertime": 6613443
     },
     "29071069018": {
      "maxRSS": 393128,
      "systemtime": 267735,
      "usertime": 6613471
     },
     "29071070114": {
      "maxRSS": 393384,
      "systemtime": 267736,
      "usertime": 6613503
     },
     "29071071219": {
      "maxRSS": 393640,
      "systemtime": 267738,
      "usertime": 6613544
     },
     "29071072293": {
      "maxRSS": 393896,
      "systemtime": 267741,
      "usertime": 6617613
     },
     "29071073359": {
      "maxRSS": 394280,
      "systemtime": 267741,
      "usertime": 6617621
     },
     "29071074425": {
      "maxRSS": 394536,
      "systemtime": 267742,
      "usertime": 6617629
     },
     "29071075513": {
      "maxRSS": 394792,
      "systemtime": 267743,
      "usertime": 6617653
     },
     "29071076633": {
      "maxRSS": 395048,
      "systemtime": 271698,
      "usertime": 6617653
     },
     "29071077712": {
      "maxRSS": 395304,
      "systemtime": 271716,
      "usertime": 6617653
     },
     "29071078790": {
      "maxRSS": 395560,
      "systemtime": 271731,
      "usertime": 6617653
     },
     "29071080870": {
      "maxRSS": 396072,
      "systemtime": 271739,
      "usertime": 6621662
     },
     "29071082950": {
      "maxRSS": 396712,
      "systemtime": 271740,
      "usertime": 6621679
     },
     "29071085101": {
      "maxRSS": 397224,
      "systemtime": 271741,
      "usertime": 6625709
     },
     "29071087186": {
      "maxRSS": 397736,
      "systemtime": 271742,
      "usertime": 6625725
     },
     "29071089295": {
      "maxRSS": 398248,
      "systemtime": 271743,
      "usertime": 6629742
     },
     "29071091398": {
      "maxRSS": 398760,
      "systemtime": 271744,
      "usertime": 6629757
     },
     "29071093483": {
      "maxRSS": 399144,
      "systemtime": 275750,
      "usertime": 6630001
     },
     "29071095556": {
      "maxRSS": 399656,
      "systemtime": 275751,
      "usertime": 6630015
     },
     "29071097676": {
      "maxRSS": 400296,
      "systemtime": 275751,
      "usertime": 6633794
     },
     "29071099802": {
      "maxRSS": 400808,
      "systemtime": 275751,
      "usertime": 6633835
     },
     "29071101878": {
      "maxRSS": 401320,
      "systemtime": 275751,
      "usertime": 6637845
     },
     "29071103954": {
      "maxRSS": 401832,
      "systemtime": 275751,
      "usertime": 6637858
     },
     "29071106029": {
      "maxRSS": 402344,
      "systemtime": 275751,
      "usertime": 6641873
     },
     "29071108101": {
      "maxRSS": 402856,
      "systemtime": 275751,
      "usertime": 6645882
     },
     "29071110170": {
      "maxRSS": 403368,
      "systemtime": 275751,
      "usertime": 6645892
     },
     "29071112255": {
      "maxRSS": 403880,
      "systemtime": 279744,
      "usertime": 6645922
     },
     "29071114324": {
      "maxRSS": 404392,
      "systemtime": 279744,
      "usertime": 6645933
     },
     "29071116396": {
      "maxRSS": 404904,
      "systemtime": 279745,
      "usertime": 6649943
     },
     "29071118471": {
      "maxRSS": 405416,
      "systemtime": 279745,
      "usertime": 6649956
     },
     "29071120554": {
      "maxRSS": 405928,
      "systemtime": 279746,
      "usertime": 6653970
     },
     "29071122631": {
      "maxRSS": 406440,
      "systemtime": 279747,
      "usertime": 6653985
     },
     "29071124713": {
      "maxRSS": 406952,
      "systemtime": 283745,
      "usertime": 6654043
     },
     "29071126787": {
      "maxRSS": 407464,
      "systemtime": 283746,
      "usertime": 6654054
     },
     "29071128959": {
      "maxRSS": 407976,
      "systemtime": 283746,
      "usertime": 6658043
     },
     "29071131051": {
      "maxRSS": 408488,
      "systemtime": 283747,
      "usertime": 6658068
     },
     "29071133177": {
      "maxRSS": 409000,
      "systemtime": 283748,
      "usertime": 6662091
     },
     "29071135263": {
      "maxRSS": 409512,
      "systemtime": 283749,
      "usertime": 6662111
     },
     "29071137449": {
      "maxRSS": 410152,
      "systemtime": 283753,
      "usertime": 6666197
     },
     "29071139521": {
      "maxRSS": 410664,
      "systemtime": 283753,
      "usertime": 6666209
     },
     "29071141624": {
      "maxRSS": 411176,
      "systemtime": 283754,
      "usertime": 6670217
     },
     "29071143704": {
      "maxRSS": 411688,
      "systemtime": 283754,
      "usertime": 6670231
     },
     "29071145782": {
      "maxRSS": 412328,
      "systemtime": 283755,
      "usertime": 6674250
     },
     "29071147880": {
      "maxRSS": 412840,
      "systemtime": 283756,
      "usertime": 6674271
     },
     "29071149996": {
      "maxRSS": 413352,
      "systemtime": 283757,
      "usertime": 6678294
     },
     "29071152022": {
      "maxRSS": 414120,
      "systemtime": 283759,
      "usertime": 6682325
     },
     "29071154128": {
      "maxRSS": 414632,
      "systemtime": 283759,
      "usertime": 6682337
     },
     "29071156207": {
      "maxRSS": 415144,
      "systemtime": 283759,
      "usertime": 6686340
     },
     "29071158299": {
      "maxRSS": 415528,
      "systemtime": 283760,
      "usertime": 6686361
     },
     "29071160381": {
      "maxRSS": 416040,
      "systemtime": 283762,
      "usertime": 6690391
     },
     "29071162485": {
      "maxRSS": 416552,
      "systemtime": 283762,
      "usertime": 6690403
     },
     "29071164585": {
      "maxRSS": 417064,
      "systemtime": 283763,
      "usertime": 6694413
     },
     "29071166657": {
      "maxRSS": 417704,
      "systemtime": 283763,
      "usertime": 6694427
     },
     "29071168736": {
      "maxRSS": 418216,
      "systemtime": 283764,
      "usertime": 6698439
     },
     "29071170805": {
      "maxRSS": 418728,
      "systemtime": 283764,
      "usertime": 6698450
     },
     "29071172872": {
      "maxRSS": 419240,
      "systemtime": 283765,
      "usertime": 6702458
     },
     "29071174996": {
      "maxRSS": 419752,
      "systemtime": 283765,
      "usertime": 6702471
     },
     "29071177088": {
      "maxRSS": 420136,
      "systemtime": 283767,
      "usertime": 6706502
     },
     "29071179213": {
      "maxRSS": 420648,
      "systemtime": 283768,
      "usertime": 6706528
     },
     "29071181341": {
      "maxRSS": 421160,
      "systemtime": 283770,
      "usertime": 6710569
     },
     "29071183426": {
      "maxRSS": 421672,
      "systemtime": 283771,
      "usertime": 6710593
     },
     "29071185502": {
      "maxRSS": 422184,
      "systemtime": 283771,
      "usertime": 6714599
     },
     "29071187599": {
      "maxRSS": 422696,
      "systemtime": 283773,
      "usertime": 6714640
     },
     "29071189729": {
      "maxRSS": 423208,
      "systemtime": 283774,
      "usertime": 6718670
     },
     "29071191874": {
      "maxRSS": 423720,
      "systemtime": 283775,
      "usertime": 6718687
     },
     "29071193965": {
      "maxRSS": 424232,
      "systemtime": 283776,
      "usertime": 6722716
     },
     "29071196024": {
      "maxRSS": 424744,
      "systemtime": 283777,
      "usertime": 6726728
     },
     "29071198096": {
      "maxRSS": 425256,
      "systemtime": 283778,
      "usertime": 6726741
     },
     "29071200172": {
      "maxRSS": 425768,
      "systemtime": 283778,
      "usertime": 6730747
     },
     "29071202246": {
      "maxRSS": 426280,
      "systemtime": 283779,
      "usertime": 6730760
     },
     "29071204342": {
      "maxRSS": 426792,
      "systemtime": 287777,
      "usertime": 6730805
     },
     "29071206418": {
      "maxRSS": 427304,
      "systemtime": 287778,
      "usertime": 6730821
     },
     "29071208527": {
      "maxRSS": 427816,
      "systemtime": 287778,
      "usertime": 6734825
     },
     "29071210601": {
      "maxRSS": 428328,
      "systemtime": 287779,
      "usertime": 6734840
     },
     "29071212672": {
      "maxRSS": 428840,
      "systemtime": 287780,
      "usertime": 6738851
     },
     "29071214741": {
      "maxRSS": 429352,
      "systemtime": 287780,
      "usertime": 6738861
     },
     "29071216823": {
      "maxRSS": 429864,
      "systemtime": 287781,
      "usertime": 6742883
     },
     "29071218930": {
      "maxRSS": 430504,
      "systemtime": 287782,
      "usertime": 6742893
     },
     "29071221028": {
      "maxRSS": 431016,
      "systemtime": 287782,
      "usertime": 6746906
     },
     "29071223099": {
      "maxRSS": 431528,
      "systemtime": 287783,
      "usertime": 6746918
     },
     "29071225169": {
      "maxRSS": 432040,
      "systemtime": 291780,
      "usertime": 6746932
     },
     "29071227251": {
      "maxRSS": 432552,
      "systemtime": 291781,
      "usertime": 6746945
     },
     "29071229343": {
      "maxRSS": 433192,
      "systemtime": 291782,
      "usertime": 6750976
     },
     "29071231416": {
      "maxRSS": 433704,
      "systemtime": 291783,
      "usertime": 6750991
     },
     "29071233485": {
      "maxRSS": 434216,
      "systemtime": 291784,
      "usertime": 6754999
     },
     "29071235560": {
      "maxRSS": 434728,
      "systemtime": 291784,
      "usertime": 6755012
     },
     "29071237633": {
      "maxRSS": 435240,
      "systemtime": 291785,
      "usertime": 6759027
     },
     "29071239701": {
      "maxRSS": 435752,
      "systemtime": 291785,
      "usertime": 6759036
     },
     "29071241783": {
      "maxRSS": 436264,
      "systemtime": 291786,
      "usertime": 6763059
     },
     "29071243859": {
      "maxRSS": 436776,
      "systemtime": 291787,
      "usertime": 6763070
     },
     "29071245932": {
      "maxRSS": 437288,
      "systemtime": 291788,
      "usertime": 6767091
     },
     "29071248041": {
      "maxRSS": 437800,
      "systemtime": 291788,
      "usertime": 6771100
     },
     "29071250121": {
      "maxRSS": 438440,
      "systemtime": 291789,
      "usertime": 6771115
     },
     "29071252197": {
      "maxRSS": 438824,
      "systemtime": 291790,
      "usertime": 6775127
     },
     "29071254303": {
      "maxRSS": 439464,
      "systemtime": 291792,
      "usertime": 6775170
     },
     "29071256414": {
      "maxRSS": 439848,
      "systemtime": 291794,
      "usertime": 6779233
     },
     "29071258519": {
      "maxRSS": 440360,
      "systemtime": 291795,
      "usertime": 6779245
     },
     "29071260595": {
      "maxRSS": 440872,
      "systemtime": 291795,
      "usertime": 6783210
     },
     "29071262739": {
      "maxRSS": 441384,
      "systemtime": 291795,
      "usertime": 6783236
     },
     "29071264846": {
      "maxRSS": 441896,
      "systemtime": 291795,
      "usertime": 6787247
     },
     "29071266928": {
      "maxRSS": 442408,
      "systemtime": 291796,
      "usertime": 6787257
     },
     "29071269150": {
      "maxRSS": 442920,
      "systemtime": 291799,
      "usertime": 6791323
     },
     "29071271238": {
      "maxRSS": 443432,
      "systemtime": 291799,
      "usertime": 6791335
     },
     "29071273388": {
      "maxRSS": 443944,
      "systemtime": 291803,
      "usertime": 6795413
     },
     "29071275522": {
      "maxRSS": 444456,
      "systemtime": 291803,
      "usertime": 6795427
     },
     "29071277601": {
      "maxRSS": 444968,
      "systemtime": 295778,
      "usertime": 6795427
     },
     "29071279698": {
      "maxRSS": 445480,
      "systemtime": 295795,
      "usertime": 6795427
     },
     "29071281792": {
      "maxRSS": 445992,
      "systemtime": 299802,
      "usertime": 6795525
     },
     "29071283864": {
      "maxRSS": 446504,
      "systemtime": 299803,
      "usertime": 6795537
     },
     "29071285966": {
      "maxRSS": 447016,
      "systemtime": 299803,
      "usertime": 6799473
     },
     "29071288032": {
      "maxRSS": 447528,
      "systemtime": 299803,
      "usertime": 6803489
     },
     "29071290111": {
      "maxRSS": 447912,
      "systemtime": 299803,
      "usertime": 6803505
     },
     "29071292189": {
      "maxRSS": 448424,
      "systemtime": 299803,
      "usertime": 6807531
     },
     "29071294304": {
      "maxRSS": 448936,
      "systemtime": 299804,
      "usertime": 6807556
     },
     "29071296378": {
      "maxRSS": 449448,
      "systemtime": 299804,
      "usertime": 6811561
     },
     "29071298451": {
      "maxRSS": 449960,
      "systemtime": 299805,
      "usertime": 6811576
     },
     "29071300518": {
      "maxRSS": 450472,
      "systemtime": 299805,
      "usertime": 6815583
     },
     "29071302603": {
      "maxRSS": 450984,
      "systemtime": 299806,
      "usertime": 6815599
     },
     "29071304686": {
      "maxRSS": 451496,
      "systemtime": 299807,
      "usertime": 6819627
     },
     "29071306811": {
      "maxRSS": 452008,
      "systemtime": 299809,
      "usertime": 6819657
     },
     "29071308930": {
      "maxRSS": 452520,
      "systemtime": 299809,
      "usertime": 6823672
     },
     "29071311042": {
      "maxRSS": 453032,
      "systemtime": 299810,
      "usertime": 6823687
     },
     "29071313120": {
      "maxRSS": 453544,
      "systemtime": 299811,
      "usertime": 6827704
     },
     "29071315196": {
      "maxRSS": 454056,
      "systemtime": 299812,
      "usertime": 6827721
     },
     "29071317265": {
      "maxRSS": 454568,
      "systemtime": 299812,
      "usertime": 6831731
     },
     "29071319343": {
      "maxRSS": 455080,
      "systemtime": 299813,
      "usertime": 6831745
     },
     "29071321489": {
      "maxRSS": 455592,
      "systemtime": 299815,
      "usertime": 6835797
     },
     "29071323576": {
      "maxRSS": 456104,
      "systemtime": 299816,
      "usertime": 6835813
     },
     "29071325648": {
      "maxRSS": 456616,
      "systemtime": 299817,
      "usertime": 6839839
     },
     "29071327727": {
      "maxRSS": 457128,
      "systemtime": 299818,
      "usertime": 6839853
     },
     "29071329837": {
      "maxRSS": 457640,
      "systemtime": 299818,
      "usertime": 6843856
     },
     "29071331943": {
      "maxRSS": 458152,
      "systemtime": 299818,
      "usertime": 6843866
     },
     "29071334044": {
      "maxRSS": 458664,
      "systemtime": 299820,
      "usertime": 6847895
     },
     "29071336116": {
      "maxRSS": 459176,
      "systemtime": 299821,
      "usertime": 6851909
     },
     "29071338188": {
      "maxRSS": 459688,
      "systemtime": 299821,
      "usertime": 6851922
     },
     "29071340265": {
      "maxRSS": 460200,
      "systemtime": 299822,
      "usertime": 6855937
     },
     "29071342344": {
      "maxRSS": 460712,
      "systemtime": 299823,
      "usertime": 6855953
     },
     "29071344452": {
      "maxRSS": 461224,
      "systemtime": 299823,
      "usertime": 6859971
     },
     "29071346559": {
      "maxRSS": 461736,
      "systemtime": 299825,
      "usertime": 6859996
     },
     "29071350633": {
      "maxRSS": 462760,
      "systemtime": 303823,
      "usertime": 6860008
     },
     "29071354750": {
      "maxRSS": 463656,
      "systemtime": 307822,
      "usertime": 6860054
     },
     "29071358831": {
      "maxRSS": 464552,
      "systemtime": 307823,
      "usertime": 6864060
     },
     "29071362911": {
      "maxRSS": 465704,
      "systemtime": 307823,
      "usertime": 6868067
     },
     "29071367045": {
      "maxRSS": 466728,
      "systemtime": 307824,
      "usertime": 6872089
     },
     "29071371163": {
      "maxRSS": 467752,
      "systemtime": 307826,
      "usertime": 6876124
     },
     "29071375240": {
      "maxRSS": 468776,
      "systemtime": 307827,
      "usertime": 6880137
     },
     "29071379341": {
      "maxRSS": 469800,
      "systemtime": 307827,
      "usertime": 6884152
     },
     "29071383420": {
      "maxRSS": 470824,
      "systemtime": 307828,
      "usertime": 6888171
     },
     "29071387501": {
      "maxRSS": 471720,
      "systemtime": 307829,
      "usertime": 6892186
     },
     "29071391583": {
      "maxRSS": 472744,
      "systemtime": 307832,
      "usertime": 6896257
     },
     "29071395662": {
      "maxRSS": 473640,
      "systemtime": 307832,
      "usertime": 6900220
     },
     "29071399758": {
      "maxRSS": 474664,
      "systemtime": 307832,
      "usertime": 6904253
     },
     "29071403892": {
      "maxRSS": 475560,
      "systemtime": 307834,
      "usertime": 6908285
     },
     "29071407984": {
      "maxRSS": 476584,
      "systemtime": 307836,
      "usertime": 6912324
     },
     "29071412070": {
      "maxRSS": 477608,
      "systemtime": 307836,
      "usertime": 6920333
     },
     "29071416156": {
      "maxRSS": 478632,
      "systemtime": 307838,
      "usertime": 6924359
     },
     "29071420247": {
      "maxRSS": 479656,
      "systemtime": 307839,
      "usertime": 6928388
     },
     "29071424361": {
      "maxRSS": 480552,
      "systemtime": 307842,
      "usertime": 6932463
     },
     "29071428472": {
      "maxRSS": 481576,
      "systemtime": 307842,
      "usertime": 6936449
     },
     "29071432555": {
      "maxRSS": 482600,
      "systemtime": 307843,
      "usertime": 6940466
     },
     "29071436652": {
      "maxRSS": 483624,
      "systemtime": 307844,
      "usertime": 6944483
     },
     "29071440737": {
      "maxRSS": 484648,
      "systemtime": 307845,
      "usertime": 6948502
     },
     "29071444820": {
      "maxRSS": 485544,
      "systemtime": 307848,
      "usertime": 6952569
     },
     "29071448912": {
      "maxRSS": 486568,
      "systemtime": 307848,
      "usertime": 6956553
     },
     "29071452986": {
      "maxRSS": 487720,
      "systemtime": 307848,
      "usertime": 6960569
     },
     "29071457062": {
      "maxRSS": 488616,
      "systemtime": 311847,
      "usertime": 6960600
     },
     "29071461139": {
      "maxRSS": 489640,
      "systemtime": 311848,
      "usertime": 6964627
     },
     "29071465286": {
      "maxRSS": 490664,
      "systemtime": 311849,
      "usertime": 6968632
     },
     "29071469383": {
      "maxRSS": 491688,
      "systemtime": 311850,
      "usertime": 6972648
     },
     "29071473597": {
      "maxRSS": 492712,
      "systemtime": 311851,
      "usertime": 6976685
     },
     "29071477729": {
      "maxRSS": 493608,
      "systemtime": 311853,
      "usertime": 6980714
     },
     "29071481817": {
      "maxRSS": 494632,
      "systemtime": 311854,
      "usertime": 6984731
     },
     "29071485939": {
      "maxRSS": 495784,
      "systemtime": 315853,
      "usertime": 6984766
     },
     "29071490025": {
      "maxRSS": 496680,
      "systemtime": 315856,
      "usertime": 6988815
     },
     "29071494171": {
      "maxRSS": 497704,
      "systemtime": 315856,
      "usertime": 6992800
     },
     "29071498314": {
      "maxRSS": 498728,
      "systemtime": 315857,
      "usertime": 6996841
     },
     "29071502459": {
      "maxRSS": 499880,
      "systemtime": 315859,
      "usertime": 7000882
     },
     "29071506550": {
      "maxRSS": 500904,
      "systemtime": 315860,
      "usertime": 7004910
     },
     "29071510649": {
      "maxRSS": 501928,
      "systemtime": 315862,
      "usertime": 7008940
     },
     "29071514847": {
      "maxRSS": 502952,
      "systemtime": 319861,
      "usertime": 7008958
     },
     "29071518988": {
      "maxRSS": 503976,
      "systemtime": 323860,
      "usertime": 7008984
     },
     "29071523120": {
      "maxRSS": 505000,
      "systemtime": 323862,
      "usertime": 7013029
     },
     "29071527309": {
      "maxRSS": 506024,
      "systemtime": 327862,
      "usertime": 7013062
     },
     "29071531495": {
      "maxRSS": 507048,
      "systemtime": 327863,
      "usertime": 7017086
     },
     "29071535630": {
      "maxRSS": 508072,
      "systemtime": 327864,
      "usertime": 7021104
     },
     "29071539820": {
      "maxRSS": 508968,
      "systemtime": 327865,
      "usertime": 7025127
     },
     "29071543947": {
      "maxRSS": 509864,
      "systemtime": 327867,
      "usertime": 7029159
     },
     "29071548033": {
      "maxRSS": 510888,
      "systemtime": 335864,
      "usertime": 7029174
     },
     "29071552175": {
      "maxRSS": 511912,
      "systemtime": 335868,
      "usertime": 7033247
     },
     "29071556249": {
      "maxRSS": 512936,
      "systemtime": 335869,
      "usertime": 7037262
     },
     "29071560330": {
      "maxRSS": 513960,
      "systemtime": 335870,
      "usertime": 7041276
     },
     "29071564492": {
      "maxRSS": 514984,
      "systemtime": 335870,
      "usertime": 7045293
     },
     "29071568576": {
      "maxRSS": 516008,
      "systemtime": 335871,
      "usertime": 7049308
     },
     "29071572661": {
      "maxRSS": 517032,
      "systemtime": 335872,
      "usertime": 7053323
     },
     "29071576788": {
      "maxRSS": 518056,
      "systemtime": 335874,
      "usertime": 7057356
     },
     "29071580963": {
      "maxRSS": 519080,
      "systemtime": 335878,
      "usertime": 7061437
     },
     "29071585043": {
      "maxRSS": 520104,
      "systemtime": 335878,
      "usertime": 7065390
     },
     "29071589220": {
      "maxRSS": 521000,
      "systemtime": 335878,
      "usertime": 7069425
     },
     "29071593390": {
      "maxRSS": 522024,
      "systemtime": 335878,
      "usertime": 7073429
     },
     "29071597488": {
      "maxRSS": 522920,
      "systemtime": 339878,
      "usertime": 7073464
     },
     "29071601634": {
      "maxRSS": 524072,
      "systemtime": 339878,
      "usertime": 7077462
     },
     "29071605739": {
      "maxRSS": 524968,
      "systemtime": 339880,
      "usertime": 7081510
     },
     "29071609825": {
      "maxRSS": 525992,
      "systemtime": 339880,
      "usertime": 7085513
     },
     "29071613937": {
      "maxRSS": 527016,
      "systemtime": 339881,
      "usertime": 7089531
     },
     "29071618015": {
      "maxRSS": 528040,
      "systemtime": 339882,
      "usertime": 7093543
     },
     "29071622184": {
      "maxRSS": 529064,
      "systemtime": 339883,
      "usertime": 7097564
     },
     "29071626360": {
      "maxRSS": 530088,
      "systemtime": 339884,
      "usertime": 7101584
     },
     "29071630507": {
      "maxRSS": 531112,
      "systemtime": 339888,
      "usertime": 7105674
     },
     "29071634601": {
      "maxRSS": 532136,
      "systemtime": 339890,
      "usertime": 7109706
     },
     "29071638716": {
      "maxRSS": 533160,
      "systemtime": 339890,
      "usertime": 7113671
     },
     "29071642792": {
      "maxRSS": 534184,
      "systemtime": 339890,
      "usertime": 7117688
     },
     "29071646904": {
      "maxRSS": 535208,
      "systemtime": 339890,
      "usertime": 7121714
     },
     "29071651005": {
      "maxRSS": 536232,
      "systemtime": 339891,
      "usertime": 7125722
     },
     "29071655103": {
      "maxRSS": 537128,
      "systemtime": 339896,
      "usertime": 7129826
     },
     "29071659199": {
      "maxRSS": 538152,
      "systemtime": 339896,
      "usertime": 7133778
     },
     "29071663320": {
      "maxRSS": 539176,
      "systemtime": 339896,
      "usertime": 7137803
     },
     "29071667414": {
      "maxRSS": 540200,
      "systemtime": 339896,
      "usertime": 7141832
     },
     "29071671565": {
      "maxRSS": 540712,
      "systemtime": 343900,
      "usertime": 7141924
     },
     "29071675699": {
      "maxRSS": 541352,
      "systemtime": 343900,
      "usertime": 7145936
     },
     "29071679854": {
      "maxRSS": 542248,
      "systemtime": 343906,
      "usertime": 7150050
     },
     "29071683968": {
      "maxRSS": 543272,
      "systemtime": 343906,
      "usertime": 7154053
     },
     "29071688075": {
      "maxRSS": 544168,
      "systemtime": 347907,
      "usertime": 7158086
     },
     "29071692170": {
      "maxRSS": 545192,
      "systemtime": 347909,
      "usertime": 7162135
     },
     "29071696291": {
      "maxRSS": 546216,
      "systemtime": 347910,
      "usertime": 7166162
     },
     "29071700396": {
      "maxRSS": 547240,
      "systemtime": 347911,
      "usertime": 7170175
     },
     "29071704484": {
      "maxRSS": 548264,
      "systemtime": 351912,
      "usertime": 7170219
     },
     "29071708600": {
      "maxRSS": 549160,
      "systemtime": 351914,
      "usertime": 7174252
     },
     "29071712737": {
      "maxRSS": 550184,
      "systemtime": 351916,
      "usertime": 7178286
     },
     "29071716831": {
      "maxRSS": 551208,
      "systemtime": 351917,
      "usertime": 7182319
     },
     "29071720944": {
      "maxRSS": 552232,
      "systemtime": 355918,
      "usertime": 7182364
     },
     "29071725044": {
      "maxRSS": 553256,
      "systemtime": 355920,
      "usertime": 7186390
     },
     "29071729146": {
      "maxRSS": 554280,
      "systemtime": 359921,
      "usertime": 7186433
     },
     "29071733253": {
      "maxRSS": 555304,
      "systemtime": 359923,
      "usertime": 7190465
     },
     "29071737337": {
      "maxRSS": 556328,
      "systemtime": 363924,
      "usertime": 7190502
     },
     "29071741469": {
      "maxRSS": 557352,
      "systemtime": 363925,
      "usertime": 7194519
     },
     "29071745560": {
      "maxRSS": 558376,
      "systemtime": 363926,
      "usertime": 7198553
     },
     "29071749683": {
      "maxRSS": 558376,
      "systemtime": 363928,
      "usertime": 7202590
     },
     "29071753790": {
      "maxRSS": 558376,
      "systemtime": 363930,
      "usertime": 7206631
     },
     "29071757926": {
      "maxRSS": 558376,
      "systemtime": 364076,
      "usertime": 7210550
     },
     "29071762113": {
      "maxRSS": 558376,
      "systemtime": 364076,
      "usertime": 7214579
     },
     "29071763791": {
      "maxRSS": 558376,
      "systemtime": 364117,
      "usertime": 7218336
     },
     "29071764884": {
      "maxRSS": 558376,
      "systemtime": 364117,
      "usertime": 7218601
     },
     "29071765999": {
      "maxRSS": 558376,
      "systemtime": 364117,
      "usertime": 7218621
     },
     "29071767082": {
      "maxRSS": 558376,
      "systemtime": 364117,
      "usertime": 7218638
     },
     "29071768180": {
      "maxRSS": 558376,
      "systemtime": 364117,
      "usertime": 7222667
     },
     "29071769277": {
      "maxRSS": 558376,
      "systemtime": 364117,
      "usertime": 7222685
     },
     "29071770370": {
      "maxRSS": 558376,
      "systemtime": 364117,
      "usertime": 7222705
     },
     "29071771454": {
      "maxRSS": 558376,
      "systemtime": 364117,
      "usertime": 7222723
     },
     "29071772543": {
      "maxRSS": 558376,
      "systemtime": 364117,
      "usertime": 7226743
     },
     "29071773669": {
      "maxRSS": 558376,
      "systemtime": 364117,
      "usertime": 7226761
     },
     "29071774766": {
      "maxRSS": 558376,
      "systemtime": 364117,
      "usertime": 7226780
     },
     "29071775864": {
      "maxRSS": 558376,
      "systemtime": 364117,
      "usertime": 7226816
     },
     "29071776945": {
      "maxRSS": 558376,
      "systemtime": 364117,
      "usertime": 7230836
     },
     "29071778030": {
      "maxRSS": 558376,
      "systemtime": 364117,
      "usertime": 7230852
     },
     "29071779114": {
      "maxRSS": 558376,
      "systemtime": 364117,
      "usertime": 7230871
     },
     "29071780193": {
      "maxRSS": 558376,
      "systemtime": 364117,
      "usertime": 7234881
     },
     "29071781346": {
      "maxRSS": 558376,
      "systemtime": 364117,
      "usertime": 7234897
     },
     "29071782459": {
      "maxRSS": 558376,
      "systemtime": 364117,
      "usertime": 7234932
     },
     "29071783542": {
      "maxRSS": 558376,
      "systemtime": 364117,
      "usertime": 7234947
     },
     "29071784655": {
      "maxRSS": 558376,
      "systemtime": 364117,
      "usertime": 7238963
     },
     "29071785746": {
      "maxRSS": 558376,
      "systemtime": 364117,
      "usertime": 7238981
     },
     "29071786878": {
      "maxRSS": 558376,
      "systemtime": 364117,
      "usertime": 7239000
     },
     "29071787966": {
      "maxRSS": 558376,
      "systemtime": 364117,
      "usertime": 7239019
     },
     "29071789142": {
      "maxRSS": 558376,
      "systemtime": 367768,
      "usertime": 7239442
     },
     "29071790247": {
      "maxRSS": 558376,
      "systemtime": 367769,
      "usertime": 7239457
     },
     "29071791333": {
      "maxRSS": 558376,
      "systemtime": 367770,
      "usertime": 7239474
     },
     "29071792455": {
      "maxRSS": 558376,
      "systemtime": 367771,
      "usertime": 7243490
     },
     "29071793536": {
      "maxRSS": 558376,
      "systemtime": 367771,
      "usertime": 7243506
     },
     "29071794617": {
      "maxRSS": 558376,
      "systemtime": 367772,
      "usertime": 7243522
     },
     "29071795767": {
      "maxRSS": 558376,
      "systemtime": 367775,
      "usertime": 7243571
     },
     "29071796894": {
      "maxRSS": 558376,
      "systemtime": 367776,
      "usertime": 7247592
     },
     "29071798011": {
      "maxRSS": 558376,
      "systemtime": 367777,
      "usertime": 7247609
     },
     "29071799080": {
      "maxRSS": 558376,
      "systemtime": 367777,
      "usertime": 7247618
     },
     "29071800212": {
      "maxRSS": 558376,
      "systemtime": 367780,
      "usertime": 7251679
     },
     "29071801310": {
      "maxRSS": 558376,
      "systemtime": 367792,
      "usertime": 7251914
     },
     "29071802406": {
      "maxRSS": 558376,
      "systemtime": 367794,
      "usertime": 7251939
     },
     "29071803550": {
      "maxRSS": 558376,
      "systemtime": 367796,
      "usertime": 7251993
     },
     "29071804695": {
      "maxRSS": 558376,
      "systemtime": 367797,
      "usertime": 7256010
     },
     "29071805893": {
      "maxRSS": 558376,
      "systemtime": 367800,
      "usertime": 7256058
     },
     "29071807122": {
      "maxRSS": 558376,
      "systemtime": 367802,
      "usertime": 7256111
     },
     "29071808207": {
      "maxRSS": 558376,
      "systemtime": 367803,
      "usertime": 7260124
     },
     "29071809312": {
      "maxRSS": 558376,
      "systemtime": 367804,
      "usertime": 7260138
     },
     "29071810402": {
      "maxRSS": 558376,
      "systemtime": 367805,
      "usertime": 7260166
     },
     "29071811482": {
      "maxRSS": 558376,
      "systemtime": 367806,
      "usertime": 7260182
     },
     "29071812567": {
      "maxRSS": 558376,
      "systemtime": 367808,
      "usertime": 7264224
     },
     "29071813667": {
      "maxRSS": 558376,
      "systemtime": 367810,
      "usertime": 7264254
     },
     "29071814796": {
      "maxRSS": 558376,
      "systemtime": 367811,
      "usertime": 7264283
     },
     "29071815894": {
      "maxRSS": 558376,
      "systemtime": 367813,
      "usertime": 7264306
     },
     "29071817034": {
      "maxRSS": 558376,
      "systemtime": 367816,
      "usertime": 7268375
     },
     "29071818153": {
      "maxRSS": 558376,
      "systemtime": 367817,
      "usertime": 7268401
     },
     "29071819234": {
      "maxRSS": 558376,
      "systemtime": 367818,
      "usertime": 7268417
     },
     "29071820401": {
      "maxRSS": 558376,
      "systemtime": 367820,
      "usertime": 7272444
     },
     "29071821518": {
      "maxRSS": 558376,
      "systemtime": 367820,
      "usertime": 7272459
     },
     "29071822588": {
      "maxRSS": 558376,
      "systemtime": 367821,
      "usertime": 7272471
     },
     "29071823682": {
      "maxRSS": 558376,
      "systemtime": 367822,
      "usertime": 7272498
     },
     "29071824772": {
      "maxRSS": 558376,
      "systemtime": 367823,
      "usertime": 7276506
     },
     "29071825893": {
      "maxRSS": 558376,
      "systemtime": 367824,
      "usertime": 7276532
     },
     "29071826985": {
      "maxRSS": 558376,
      "systemtime": 367825,
      "usertime": 7276554
     },
     "29071828059": {
      "maxRSS": 558376,
      "systemtime": 367826,
      "usertime": 7280568
     },
     "29071829143": {
      "maxRSS": 558376,
      "systemtime": 367827,
      "usertime": 7280590
     },
     "29071830216": {
      "maxRSS": 558376,
      "systemtime": 367828,
      "usertime": 7280605
     },
     "29071831304": {
      "maxRSS": 558376,
      "systemtime": 367829,
      "usertime": 7280634
     },
     "29071832381": {
      "maxRSS": 558376,
      "systemtime": 367830,
      "usertime": 7284647
     },
     "29071833473": {
      "maxRSS": 558376,
      "systemtime": 367831,
      "usertime": 7284664
     },
     "29071834551": {
      "maxRSS": 558376,
      "systemtime": 367832,
      "usertime": 7284680
     },
     "29071835630": {
      "maxRSS": 558376,
      "systemtime": 367833,
      "usertime": 7284696
     },
     "29071836725": {
      "maxRSS": 558376,
      "systemtime": 367834,
      "usertime": 7288711
     },
     "29071837832": {
      "maxRSS": 558376,
      "systemtime": 367836,
      "usertime": 7288751
     },
     "29071838906": {
      "maxRSS": 558376,
      "systemtime": 367836,
      "usertime": 7288764
     },
     "29071840043": {
      "maxRSS": 558376,
      "systemtime": 367838,
      "usertime": 7292798
     },
     "29071841136": {
      "maxRSS": 558376,
      "systemtime": 367839,
      "usertime": 7292819
     },
     "29071842314": {
      "maxRSS": 558376,
      "systemtime": 367842,
      "usertime": 7292872
     },
     "29071843450": {
      "maxRSS": 558376,
      "systemtime": 367843,
      "usertime": 7292903
     },
     "29071844599": {
      "maxRSS": 558376,
      "systemtime": 367846,
      "usertime": 7296951
     },
     "29071845699": {
      "maxRSS": 558376,
      "systemtime": 367847,
      "usertime": 7296981
     },
     "29071846791": {
      "maxRSS": 558376,
      "systemtime": 367849,
      "usertime": 7297008
     },
     "29071847906": {
      "maxRSS": 558376,
      "systemtime": 367850,
      "usertime": 7297038
     },
     "29071849031": {
      "maxRSS": 558376,
      "systemtime": 367853,
      "usertime": 7301083
     },
     "29071850111": {
      "maxRSS": 558376,
      "systemtime": 367854,
      "usertime": 7301102
     },
     "29071851205": {
      "maxRSS": 558376,
      "systemtime": 367855,
      "usertime": 7301129
     },
     "29071852386": {
      "maxRSS": 558376,
      "systemtime": 367860,
      "usertime": 7305229
     },
     "29071853505": {
      "maxRSS": 558376,
      "systemtime": 367862,
      "usertime": 7305263
     },
     "29071854643": {
      "maxRSS": 558376,
      "systemtime": 367864,
      "usertime": 7305311
     },
     "29071855758": {
      "maxRSS": 558376,
      "systemtime": 367866,
      "usertime": 7305348
     },
     "29071856853": {
      "maxRSS": 558376,
      "systemtime": 367866,
      "usertime": 7309313
     },
     "29071857930": {
      "maxRSS": 558376,
      "systemtime": 367866,
      "usertime": 7309329
     },
     "29071859022": {
      "maxRSS": 558376,
      "systemtime": 367867,
      "usertime": 7309361
     },
     "29071860109": {
      "maxRSS": 558376,
      "systemtime": 367867,
      "usertime": 7313373
     },
     "29071861241": {
      "maxRSS": 558376,
      "systemtime": 367869,
      "usertime": 7313401
     },
     "29071862326": {
      "maxRSS": 558376,
      "systemtime": 367870,
      "usertime": 7313423
     },
     "29071863409": {
      "maxRSS": 558376,
      "systemtime": 367871,
      "usertime": 7313440
     },
     "29071864521": {
      "maxRSS": 558376,
      "systemtime": 367872,
      "usertime": 7317460
     },
     "29071865611": {
      "maxRSS": 558376,
      "systemtime": 367873,
      "usertime": 7317490
     },
     "29071866729": {
      "maxRSS": 558376,
      "systemtime": 367875,
      "usertime": 7317516
     },
     "29071867806": {
      "maxRSS": 558376,
      "systemtime": 367875,
      "usertime": 7317528
     },
     "29071868891": {
      "maxRSS": 558376,
      "systemtime": 367876,
      "usertime": 7321541
     },
     "29071870022": {
      "maxRSS": 558376,
      "systemtime": 367877,
      "usertime": 7321566
     },
     "29071871094": {
      "maxRSS": 558376,
      "systemtime": 367878,
      "usertime": 7321577
     },
     "29071872198": {
      "maxRSS": 558376,
      "systemtime": 367880,
      "usertime": 7325625
     },
     "29071873310": {
      "maxRSS": 558376,
      "systemtime": 367881,
      "usertime": 7325647
     },
     "29071874422": {
      "maxRSS": 558376,
      "systemtime": 367882,
      "usertime": 7325657
     },
     "29071875529": {
      "maxRSS": 558376,
      "systemtime": 367882,
      "usertime": 7325669
     },
     "29071876602": {
      "maxRSS": 558376,
      "systemtime": 367883,
      "usertime": 7329674
     },
     "29071877679": {
      "maxRSS": 558376,
      "systemtime": 367884,
      "usertime": 7329690
     },
     "29071878798": {
      "maxRSS": 558376,
      "systemtime": 367886,
      "usertime": 7329743
     },
     "29071879872": {
      "maxRSS": 558376,
      "systemtime": 367887,
      "usertime": 7329758
     },
     "29071880979": {
      "maxRSS": 558376,
      "systemtime": 367888,
      "usertime": 7333772
     },
     "29071882056": {
      "maxRSS": 558376,
      "systemtime": 367889,
      "usertime": 7333789
     },
     "29071883141": {
      "maxRSS": 558376,
      "systemtime": 367889,
      "usertime": 7333807
     },
     "29071884232": {
      "maxRSS": 558376,
      "systemtime": 367890,
      "usertime": 7337809
     },
     "29071885327": {
      "maxRSS": 558376,
      "systemtime": 367891,
      "usertime": 7337837
     },
     "29071886478": {
      "maxRSS": 558376,
      "systemtime": 367892,
      "usertime": 7337864
     },
     "29071887550": {
      "maxRSS": 558376,
      "systemtime": 367893,
      "usertime": 7337877
     },
     "29071888683": {
      "maxRSS": 558376,
      "systemtime": 367894,
      "usertime": 7341891
     },
     "29071889750": {
      "maxRSS": 558376,
      "systemtime": 367894,
      "usertime": 7341900
     },
     "29071890852": {
      "maxRSS": 558376,
      "systemtime": 367895,
      "usertime": 7341909
     },
     "29071891924": {
      "maxRSS": 558376,
      "systemtime": 367895,
      "usertime": 7341921
     },
     "29071893095": {
      "maxRSS": 558376,
      "systemtime": 367897,
      "usertime": 7345958
     },
     "29071894175": {
      "maxRSS": 558376,
      "systemtime": 367898,
      "usertime": 7345976
     },
     "29071895246": {
      "maxRSS": 558376,
      "systemtime": 367899,
      "usertime": 7345988
     },
     "29071896319": {
      "maxRSS": 558376,
      "systemtime": 367900,
      "usertime": 7350002
     },
     "29071897432": {
      "maxRSS": 558376,
      "systemtime": 367901,
      "usertime": 7350022
     },
     "29071898517": {
      "maxRSS": 558376,
      "systemtime": 367901,
      "usertime": 7350035
     },
     "29071899602": {
      "maxRSS": 558376,
      "systemtime": 367902,
      "usertime": 7350059
     },
     "29071900750": {
      "maxRSS": 558376,
      "systemtime": 367903,
      "usertime": 7354072
     },
     "29071902098": {
      "maxRSS": 558376,
      "systemtime": 367904,
      "usertime": 7354089
     },
     "29071903183": {
      "maxRSS": 558376,
      "systemtime": 367905,
      "usertime": 7354108
     },
     "29071904270": {
      "maxRSS": 558376,
      "systemtime": 367907,
      "usertime": 7358141
     },
     "29071906387": {
      "maxRSS": 558376,
      "systemtime": 367908,
      "usertime": 7358162
     },
     "29071908533": {
      "maxRSS": 558376,
      "systemtime": 367910,
      "usertime": 7362211
     },
     "29071910611": {
      "maxRSS": 558376,
      "systemtime": 367911,
      "usertime": 7362227
     },
     "29071912736": {
      "maxRSS": 558376,
      "systemtime": 367912,
      "usertime": 7366239
     },
     "29071914817": {
      "maxRSS": 558376,
      "systemtime": 367912,
      "usertime": 7366256
     },
     "29071916932": {
      "maxRSS": 558376,
      "systemtime": 367914,
      "usertime": 7370292
     },
     "29071919044": {
      "maxRSS": 558376,
      "systemtime": 367915,
      "usertime": 7370309
     },
     "29071921177": {
      "maxRSS": 558376,
      "systemtime": 367917,
      "usertime": 7374340
     },
     "29071923256": {
      "maxRSS": 558376,
      "systemtime": 367917,
      "usertime": 7374355
     },
     "29071925335": {
      "maxRSS": 558376,
      "systemtime": 367918,
      "usertime": 7378359
     },
     "29071927418": {
      "maxRSS": 558376,
      "systemtime": 367918,
      "usertime": 7378375
     },
     "29071929532": {
      "maxRSS": 558376,
      "systemtime": 367919,
      "usertime": 7382390
     },
     "29071931609": {
      "maxRSS": 558376,
      "systemtime": 367920,
      "usertime": 7382405
     },
     "29071933736": {
      "maxRSS": 558376,
      "systemtime": 367921,
      "usertime": 7386420
     },
     "29071935968": {
      "maxRSS": 558376,
      "systemtime": 367923,
      "usertime": 7386463
     },
     "29071938057": {
      "maxRSS": 558376,
      "systemtime": 367927,
      "usertime": 7390545
     },
     "29071940090": {
      "maxRSS": 558376,
      "systemtime": 367927,
      "usertime": 7394502
     },
     "29071942207": {
      "maxRSS": 558376,
      "systemtime": 367927,
      "usertime": 7394521
     },
     "29071944339": {
      "maxRSS": 558376,
      "systemtime": 367927,
      "usertime": 7398541
     },
     "29071946421": {
      "maxRSS": 558376,
      "systemtime": 367928,
      "usertime": 7398559
     },
     "29071948539": {
      "maxRSS": 558376,
      "systemtime": 367929,
      "usertime": 7402590
     },
     "29071950636": {
      "maxRSS": 558376,
      "systemtime": 367930,
      "usertime": 7402605
     },
     "29071952759": {
      "maxRSS": 558376,
      "systemtime": 367931,
      "usertime": 7406624
     },
     "29071954834": {
      "maxRSS": 558376,
      "systemtime": 367932,
      "usertime": 7406638
     },
     "29071956906": {
      "maxRSS": 558376,
      "systemtime": 367933,
      "usertime": 7410652
     },
     "29071959023": {
      "maxRSS": 558376,
      "systemtime": 367933,
      "usertime": 7410666
     },
     "29071961211": {
      "maxRSS": 558376,
      "systemtime": 367938,
      "usertime": 7414753
     },
     "29071963313": {
      "maxRSS": 558376,
      "systemtime": 367938,
      "usertime": 7414770
     },
     "29071965423": {
      "maxRSS": 558376,
      "systemtime": 367938,
      "usertime": 7418753
     },
     "29071967503": {
      "maxRSS": 558376,
      "systemtime": 367939,
      "usertime": 7418773
     },
     "29071969575": {
      "maxRSS": 558376,
      "systemtime": 367939,
      "usertime": 7422786
     },
     "29071971651": {
      "maxRSS": 558376,
      "systemtime": 367940,
      "usertime": 7422801
     },
     "29071973776": {
      "maxRSS": 558376,
      "systemtime": 367943,
      "usertime": 7426855
     },
     "29071975865": {
      "maxRSS": 558376,
      "systemtime": 367944,
      "usertime": 7426881
     },
     "29071977961": {
      "maxRSS": 558376,
      "systemtime": 367946,
      "usertime": 7430917
     },
     "29071980080": {
      "maxRSS": 558376,
      "systemtime": 367948,
      "usertime": 7434952
     },
     "29071982192": {
      "maxRSS": 558376,
      "systemtime": 367949,
      "usertime": 7434971
     },
     "29071984267": {
      "maxRSS": 558376,
      "systemtime": 367949,
      "usertime": 7438975
     },
     "29071986348": {
      "maxRSS": 558376,
      "systemtime": 367950,
      "usertime": 7438991
     },
     "29071988443": {
      "maxRSS": 558376,
      "systemtime": 367951,
      "usertime": 7443015
     },
     "29071990513": {
      "maxRSS": 558376,
      "systemtime": 367951,
      "usertime": 7443025
     },
     "29071992582": {
      "maxRSS": 558376,
      "systemtime": 367952,
      "usertime": 7447035
     },
     "29071994691": {
      "maxRSS": 558376,
      "systemtime": 367953,
      "usertime": 7447051
     },
     "29071996772": {
      "maxRSS": 558376,
      "systemtime": 367954,
      "usertime": 7451070
     },
     "29071998857": {
      "maxRSS": 558376,
      "systemtime": 367954,
      "usertime": 7451087
     },
     "29072000985": {
      "maxRSS": 558376,
      "systemtime": 367956,
      "usertime": 7455127
     },
     "29072003065": {
      "maxRSS": 558376,
      "systemtime": 367957,
      "usertime": 7455145
     },
     "29072005147": {
      "maxRSS": 558376,
      "systemtime": 367958,
      "usertime": 7459164
     },
     "29072007245": {
      "maxRSS": 558376,
      "systemtime": 367959,
      "usertime": 7459180
     },
     "29072009331": {
      "maxRSS": 558376,
      "systemtime": 367960,
      "usertime": 7463199
     },
     "29072011500": {
      "maxRSS": 558376,
      "systemtime": 367963,
      "usertime": 7463250
     },
     "29072013685": {
      "maxRSS": 558376,
      "systemtime": 367966,
      "usertime": 7467325
     },
     "29072015823": {
      "maxRSS": 558376,
      "systemtime": 367968,
      "usertime": 7467355
     },
     "29072017942": {
      "maxRSS": 558376,
      "systemtime": 367970,
      "usertime": 7471400
     },
     "29072020062": {
      "maxRSS": 558376,
      "systemtime": 367970,
      "usertime": 7475407
     },
     "29072022138": {
      "maxRSS": 558376,
      "systemtime": 367971,
      "usertime": 7475424
     },
     "29072024217": {
      "maxRSS": 558376,
      "systemtime": 367971,
      "usertime": 7479429
     },
     "29072026358": {
      "maxRSS": 558376,
      "systemtime": 367974,
      "usertime": 7479476
     },
     "29072028447": {
      "maxRSS": 558376,
      "systemtime": 367975,
      "usertime": 7483496
     },
     "29072030567": {
      "maxRSS": 558376,
      "systemtime": 367976,
      "usertime": 7483518
     },
     "29072032673": {
      "maxRSS": 558376,
      "systemtime": 367977,
      "usertime": 7487534
     },
     "29072034774": {
      "maxRSS": 558376,
      "systemtime": 367977,
      "usertime": 7487543
     },
     "29072036887": {
      "maxRSS": 558376,
      "systemtime": 367980,
      "usertime": 7491605
     },
     "29072038965": {
      "maxRSS": 558376,
      "systemtime": 367981,
      "usertime": 7491623
     },
     "29072041121": {
      "maxRSS": 558376,
      "systemtime": 367981,
      "usertime": 7495623
     },
     "29072043207": {
      "maxRSS": 558376,
      "systemtime": 367982,
      "usertime": 7495643
     },
     "29072045351": {
      "maxRSS": 558376,
      "systemtime": 367984,
      "usertime": 7499681
     },
     "29072047434": {
      "maxRSS": 558376,
      "systemtime": 367985,
      "usertime": 7499701
     },
     "29072049549": {
      "maxRSS": 558376,
      "systemtime": 367986,
      "usertime": 7503715
     },
     "29072051716": {
      "maxRSS": 558376,
      "systemtime": 367987,
      "usertime": 7503743
     },
     "29072053833": {
      "maxRSS": 558376,
      "systemtime": 367992,
      "usertime": 7507844
     },
     "29072055950": {
      "maxRSS": 558376,
      "systemtime": 367993,
      "usertime": 7507863
     },
     "29072058075": {
      "maxRSS": 558376,
      "systemtime": 367993,
      "usertime": 7511855
     },
     "29072060253": {
      "maxRSS": 558376,
      "systemtime": 367995,
      "usertime": 7515902
     },
     "29072062352": {
      "maxRSS": 558376,
      "systemtime": 367996,
      "usertime": 7515919
     },
     "29072064477": {
      "maxRSS": 558376,
      "systemtime": 367996,
      "usertime": 7519911
     },
     "29072066584": {
      "maxRSS": 558376,
      "systemtime": 367997,
      "usertime": 7519948
     },
     "29072068664": {
      "maxRSS": 558376,
      "systemtime": 367997,
      "usertime": 7523956
     },
     "29072070774": {
      "maxRSS": 558376,
      "systemtime": 367998,
      "usertime": 7523974
     },
     "29072072847": {
      "maxRSS": 558376,
      "systemtime": 367999,
      "usertime": 7527986
     },
     "29072074936": {
      "maxRSS": 558376,
      "systemtime": 368000,
      "usertime": 7528002
     },
     "29072077079": {
      "maxRSS": 558376,
      "systemtime": 368002,
      "usertime": 7532044
     },
     "29072079314": {
      "maxRSS": 558376,
      "systemtime": 368005,
      "usertime": 7532107
     },
     "29072081438": {
      "maxRSS": 558376,
      "systemtime": 368006,
      "usertime": 7536142
     },
     "29072083524": {
      "maxRSS": 558376,
      "systemtime": 368008,
      "usertime": 7536165
     },
     "29072085648": {
      "maxRSS": 558376,
      "systemtime": 368008,
      "usertime": 7540167
     },
     "29072087762": {
      "maxRSS": 558376,
      "systemtime": 368009,
      "usertime": 7540185
     },
     "29072089843": {
      "maxRSS": 558376,
      "systemtime": 368084,
      "usertime": 7545735
     },
     "29072091963": {
      "maxRSS": 558376,
      "systemtime": 368085,
      "usertime": 7545762
     },
     "29072094094": {
      "maxRSS": 558376,
      "systemtime": 368085,
      "usertime": 7548222
     },
     "29072096198": {
      "maxRSS": 558376,
      "systemtime": 368085,
      "usertime": 7552248
     },
     "29072098300": {
      "maxRSS": 558376,
      "systemtime": 368085,
      "usertime": 7552278
     },
     "29072100436": {
      "maxRSS": 558376,
      "systemtime": 368085,
      "usertime": 7556312
     },
     "29072102529": {
      "maxRSS": 558376,
      "systemtime": 368085,
      "usertime": 7556333
     },
     "29072104611": {
      "maxRSS": 558376,
      "systemtime": 368085,
      "usertime": 7560337
     },
     "29072106709": {
      "maxRSS": 558376,
      "systemtime": 368085,
      "usertime": 7560375
     },
     "29072108887": {
      "maxRSS": 558376,
      "systemtime": 368085,
      "usertime": 7564449
     },
     "29072111008": {
      "maxRSS": 558376,
      "systemtime": 368085,
      "usertime": 7564471
     },
     "29072113087": {
      "maxRSS": 558376,
      "systemtime": 368085,
      "usertime": 7568446
     },
     "29072115209": {
      "maxRSS": 558376,
      "systemtime": 368085,
      "usertime": 7568473
     },
     "29072117359": {
      "maxRSS": 558376,
      "systemtime": 368085,
      "usertime": 7572477
     },
     "29072119560": {
      "maxRSS": 558376,
      "systemtime": 368085,
      "usertime": 7572522
     },
     "29072121643": {
      "maxRSS": 558376,
      "systemtime": 368085,
      "usertime": 7576588
     },
     "29072123720": {
      "maxRSS": 558376,
      "systemtime": 368085,
      "usertime": 7576605
     },
     "29072125835": {
      "maxRSS": 558376,
      "systemtime": 368085,
      "usertime": 7580574
     },
     "29072127921": {
      "maxRSS": 558376,
      "systemtime": 368085,
      "usertime": 7580597
     },
     "29072129997": {
      "maxRSS": 558376,
      "systemtime": 368085,
      "usertime": 7584613
     },
     "29072132057": {
      "maxRSS": 558376,
      "systemtime": 368085,
      "usertime": 7588641
     },
     "29072134126": {
      "maxRSS": 558376,
      "systemtime": 368085,
      "usertime": 7588651
     },
     "29072136212": {
      "maxRSS": 558376,
      "systemtime": 368085,
      "usertime": 7592679
     },
     "29072138290": {
      "maxRSS": 558376,
      "systemtime": 368085,
      "usertime": 7592694
     },
     "29072140362": {
      "maxRSS": 558376,
      "systemtime": 368085,
      "usertime": 7596704
     },
     "29072142469": {
      "maxRSS": 558376,
      "systemtime": 368085,
      "usertime": 7596715
     },
     "29072144552": {
      "maxRSS": 558376,
      "systemtime": 368085,
      "usertime": 7600732
     },
     "29072146657": {
      "maxRSS": 558376,
      "systemtime": 368085,
      "usertime": 7600779
     },
     "29072148726": {
      "maxRSS": 558376,
      "systemtime": 368085,
      "usertime": 7604789
     },
     "29072150797": {
      "maxRSS": 558376,
      "systemtime": 368085,
      "usertime": 7604800
     },
     "29072152869": {
      "maxRSS": 558376,
      "systemtime": 368085,
      "usertime": 7608814
     },
     "29072154940": {
      "maxRSS": 558376,
      "systemtime": 368085,
      "usertime": 7608828
     },
     "29072157013": {
      "maxRSS": 558376,
      "systemtime": 368085,
      "usertime": 7612840
     },
     "29072159142": {
      "maxRSS": 558376,
      "systemtime": 368085,
      "usertime": 7612874
     },
     "29072161242": {
      "maxRSS": 558376,
      "systemtime": 368085,
      "usertime": 7616895
     },
     "29072163324": {
      "maxRSS": 558376,
      "systemtime": 368085,
      "usertime": 7616913
     },
     "29072165406": {
      "maxRSS": 558376,
      "systemtime": 368085,
      "usertime": 7620930
     },
     "29072167476": {
      "maxRSS": 558376,
      "systemtime": 368085,
      "usertime": 7620943
     },
     "29072169549": {
      "maxRSS": 558376,
      "systemtime": 368085,
      "usertime": 7624955
     },
     "29072171652": {
      "maxRSS": 558376,
      "systemtime": 368085,
      "usertime": 7624995
     },
     "29072173735": {
      "maxRSS": 558376,
      "systemtime": 368085,
      "usertime": 7629013
     },
     "29072177869": {
      "maxRSS": 558376,
      "systemtime": 368085,
      "usertime": 7633048
     },
     "29072181953": {
      "maxRSS": 558376,
      "systemtime": 368085,
      "usertime": 7637100
     },
     "29072186088": {
      "maxRSS": 558376,
      "systemtime": 368085,
      "usertime": 7641101
     },
     "29072190178": {
      "maxRSS": 558376,
      "systemtime": 368085,
      "usertime": 7645125
     },
     "29072194325": {
      "maxRSS": 558376,
      "systemtime": 368085,
      "usertime": 7649178
     },
     "29072198505": {
      "maxRSS": 558376,
      "systemtime": 368085,
      "usertime": 7653239
     },
     "29072202643": {
      "maxRSS": 558376,
      "systemtime": 368085,
      "usertime": 7657255
     },
     "29072206762": {
      "maxRSS": 558376,
      "systemtime": 368085,
      "usertime": 7661280
     },
     "29072210883": {
      "maxRSS": 558376,
      "systemtime": 368085,
      "usertime": 7665302
     },
     "29072215002": {
      "maxRSS": 558376,
      "systemtime": 368085,
      "usertime": 7669330
     },
     "29072219085": {
      "maxRSS": 558376,
      "systemtime": 368085,
      "usertime": 7673343
     },
     "29072223222": {
      "maxRSS": 558376,
      "systemtime": 368085,
      "usertime": 7677393
     },
     "29072227314": {
      "maxRSS": 558376,
      "systemtime": 368085,
      "usertime": 7681413
     },
     "29072231429": {
      "maxRSS": 558376,
      "systemtime": 368085,
      "usertime": 7685502
     },
     "29072235518": {
      "maxRSS": 558376,
      "systemtime": 368085,
      "usertime": 7689464
     },
     "29072239602": {
      "maxRSS": 558376,
      "systemtime": 368085,
      "usertime": 7693480
     },
     "29072243707": {
      "maxRSS": 558376,
      "systemtime": 368085,
      "usertime": 7697512
     },
     "29072247825": {
      "maxRSS": 558504,
      "systemtime": 368085,
      "usertime": 7701563
     },
     "29072251913": {
      "maxRSS": 558504,
      "systemtime": 368085,
      "usertime": 7705644
     },
     "29072256038": {
      "maxRSS": 558504,
      "systemtime": 368085,
      "usertime": 7713608
     },
     "29072260140": {
      "maxRSS": 558504,
      "systemtime": 368085,
      "usertime": 7717631
     },
     "29072264224": {
      "maxRSS": 558504,
      "systemtime": 368085,
      "usertime": 7721656
     },
     "29072268318": {
      "maxRSS": 558504,
      "systemtime": 368085,
      "usertime": 7725681
     },
     "29072272422": {
      "maxRSS": 558504,
      "systemtime": 368085,
      "usertime": 7729723
     },
     "29072276585": {
      "maxRSS": 558504,
      "systemtime": 368085,
      "usertime": 7733744
     },
     "29072280666": {
      "maxRSS": 558504,
      "systemtime": 368085,
      "usertime": 7737767
     },
     "29072284778": {
      "maxRSS": 558504,
      "systemtime": 368085,
      "usertime": 7741791
     },
     "29072288868": {
      "maxRSS": 558504,
      "systemtime": 368086,
      "usertime": 7745817
     },
     "29072292952": {
      "maxRSS": 558504,
      "systemtime": 368087,
      "usertime": 7749838
     },
     "29072297112": {
      "maxRSS": 558504,
      "systemtime": 368090,
      "usertime": 7753904
     },
     "29072301205": {
      "maxRSS": 558504,
      "systemtime": 368090,
      "usertime": 7757912
     },
     "29072305297": {
      "maxRSS": 558504,
      "systemtime": 368092,
      "usertime": 7761952
     },
     "29072309422": {
      "maxRSS": 558504,
      "systemtime": 368093,
      "usertime": 7765963
     },
     "29072313518": {
      "maxRSS": 558504,
      "systemtime": 368097,
      "usertime": 7770065
     },
     "29072317604": {
      "maxRSS": 558504,
      "systemtime": 368097,
      "usertime": 7774007
     },
     "29072321746": {
      "maxRSS": 558504,
      "systemtime": 368097,
      "usertime": 7778052
     },
     "29072325901": {
      "maxRSS": 558504,
      "systemtime": 368099,
      "usertime": 7782103
     },
     "29072329998": {
      "maxRSS": 558504,
      "systemtime": 368102,
      "usertime": 7786178
     },
     "29072334120": {
      "maxRSS": 558504,
      "systemtime": 368102,
      "usertime": 7790168
     },
     "29072338248": {
      "maxRSS": 558504,
      "systemtime": 368103,
      "usertime": 7794197
     },
     "29072342336": {
      "maxRSS": 558504,
      "systemtime": 368104,
      "usertime": 7798217
     },
     "29072346419": {
      "maxRSS": 558504,
      "systemtime": 368105,
      "usertime": 7802238
     },
     "29072350614": {
      "maxRSS": 558504,
      "systemtime": 368109,
      "usertime": 7806316
     },
     "29072354772": {
      "maxRSS": 558504,
      "systemtime": 368112,
      "usertime": 7810380
     },
     "29072358859": {
      "maxRSS": 558504,
      "systemtime": 368112,
      "usertime": 7814371
     },
     "29072362989": {
      "maxRSS": 558504,
      "systemtime": 368112,
      "usertime": 7818393
     },
     "29072367119": {
      "maxRSS": 558504,
      "systemtime": 368113,
      "usertime": 7822419
     },
     "29072371212": {
      "maxRSS": 558504,
      "systemtime": 368115,
      "usertime": 7826445
     },
     "29072375353": {
      "maxRSS": 558504,
      "systemtime": 368117,
      "usertime": 7830495
     },
     "29072379438": {
      "maxRSS": 558504,
      "systemtime": 368118,
      "usertime": 7834511
     },
     "29072383515": {
      "maxRSS": 558504,
      "systemtime": 368118,
      "usertime": 7838528
     },
     "29072387661": {
      "maxRSS": 558504,
      "systemtime": 368119,
      "usertime": 7842541
     },
     "29072391755": {
      "maxRSS": 558504,
      "systemtime": 368120,
      "usertime": 7846558
     },
     "29072395835": {
      "maxRSS": 558504,
      "systemtime": 368120,
      "usertime": 7850575
     },
     "29072399933": {
      "maxRSS": 558504,
      "systemtime": 368122,
      "usertime": 7854611
     },
     "29072404027": {
      "maxRSS": 558504,
      "systemtime": 368123,
      "usertime": 7862641
     },
     "29072408115": {
      "maxRSS": 558504,
      "systemtime": 368124,
      "usertime": 7866667
     },
     "29072412211": {
      "maxRSS": 558504,
      "systemtime": 368126,
      "usertime": 7870696
     },
     "29072416307": {
      "maxRSS": 558504,
      "systemtime": 368127,
      "usertime": 7874722
     },
     "29072420421": {
      "maxRSS": 558504,
      "systemtime": 368129,
      "usertime": 7878775
     },
     "29072424545": {
      "maxRSS": 558504,
      "systemtime": 368130,
      "usertime": 7882798
     },
     "29072428662": {
      "maxRSS": 558504,
      "systemtime": 368135,
      "usertime": 7886902
     },
     "29072432758": {
      "maxRSS": 558504,
      "systemtime": 368135,
      "usertime": 7890884
     },
     "29072436845": {
      "maxRSS": 558504,
      "systemtime": 368135,
      "usertime": 7894899
     },
     "29072440996": {
      "maxRSS": 558504,
      "systemtime": 368136,
      "usertime": 7898928
     },
     "29072445148": {
      "maxRSS": 558504,
      "systemtime": 368141,
      "usertime": 7903027
     },
     "29072449252": {
      "maxRSS": 558504,
      "systemtime": 368141,
      "usertime": 7906990
     },
     "29072453389": {
      "maxRSS": 558504,
      "systemtime": 368141,
      "usertime": 7911034
     },
     "29072457522": {
      "maxRSS": 558504,
      "systemtime": 368142,
      "usertime": 7915057
     },
     "29072461605": {
      "maxRSS": 558504,
      "systemtime": 368143,
      "usertime": 7919078
     },
     "29072465719": {
      "maxRSS": 558504,
      "systemtime": 368143,
      "usertime": 7923096
     },
     "29072469815": {
      "maxRSS": 558504,
      "systemtime": 368145,
      "usertime": 7927130
     },
     "29072473917": {
      "maxRSS": 558504,
      "systemtime": 368146,
      "usertime": 7931152
     },
     "29072478035": {
      "maxRSS": 558504,
      "systemtime": 368148,
      "usertime": 7935200
     },
     "29072482124": {
      "maxRSS": 558504,
      "systemtime": 368149,
      "usertime": 7939222
     },
     "29072486280": {
      "maxRSS": 558504,
      "systemtime": 368150,
      "usertime": 7943250
     },
     "29072490400": {
      "maxRSS": 558504,
      "systemtime": 368151,
      "usertime": 7947273
     },
     "29072494525": {
      "maxRSS": 558504,
      "systemtime": 368152,
      "usertime": 7951294
     },
     "29072498676": {
      "maxRSS": 558504,
      "systemtime": 368153,
      "usertime": 7955323
     },
     "29072502816": {
      "maxRSS": 558504,
      "systemtime": 368155,
      "usertime": 7959367
     },
     "29072506895": {
      "maxRSS": 558504,
      "systemtime": 368159,
      "usertime": 7963448
     },
     "29072510975": {
      "maxRSS": 558504,
      "systemtime": 368159,
      "usertime": 7967402
     },
     "29072515128": {
      "maxRSS": 558504,
      "systemtime": 368159,
      "usertime": 7971426
     },
     "29072519211": {
      "maxRSS": 558504,
      "systemtime": 368159,
      "usertime": 7975446
     },
     "29072523291": {
      "maxRSS": 558504,
      "systemtime": 368159,
      "usertime": 7979465
     },
     "29072527401": {
      "maxRSS": 558504,
      "systemtime": 368161,
      "usertime": 7983493
     },
     "29072531510": {
      "maxRSS": 558504,
      "systemtime": 368165,
      "usertime": 7987594
     },
     "29072535633": {
      "maxRSS": 558504,
      "systemtime": 368165,
      "usertime": 7991570
     },
     "29072539760": {
      "maxRSS": 558504,
      "systemtime": 368166,
      "usertime": 7995606
     },
     "29072543866": {
      "maxRSS": 558504,
      "systemtime": 368167,
      "usertime": 7999647
     },
     "29072547977": {
      "maxRSS": 558504,
      "systemtime": 368169,
      "usertime": 8003681
     },
     "29072552075": {
      "maxRSS": 558504,
      "systemtime": 368170,
      "usertime": 8011710
     },
     "29072556233": {
      "maxRSS": 558504,
      "systemtime": 368173,
      "usertime": 8015768
     },
     "29072560328": {
      "maxRSS": 558504,
      "systemtime": 368174,
      "usertime": 8019803
     },
     "29072564412": {
      "maxRSS": 558504,
      "systemtime": 368177,
      "usertime": 8023869
     },
     "29072568498": {
      "maxRSS": 558504,
      "systemtime": 368177,
      "usertime": 8027847
     },
     "29072572581": {
      "maxRSS": 558504,
      "systemtime": 368177,
      "usertime": 8031872
     },
     "29072576666": {
      "maxRSS": 558504,
      "systemtime": 368178,
      "usertime": 8035891
     },
     "29072580773": {
      "maxRSS": 558504,
      "systemtime": 368180,
      "usertime": 8039933
     },
     "29072584860": {
      "maxRSS": 558504,
      "systemtime": 368181,
      "usertime": 8043954
     },
     "29072588994": {
      "maxRSS": 558504,
      "systemtime": 368185,
      "usertime": 8048044
     },
     "29072593143": {
      "maxRSS": 558504,
      "systemtime": 368185,
      "usertime": 8052064
     },
     "29072597282": {
      "maxRSS": 558504,
      "systemtime": 368188,
      "usertime": 8056117
     },
     "29072601446": {
      "maxRSS": 558504,
      "systemtime": 368190,
      "usertime": 8060163
     },
     "29072605601": {
      "maxRSS": 558504,
      "systemtime": 368195,
      "usertime": 8064275
     },
     "29072609795": {
      "maxRSS": 558504,
      "systemtime": 368195,
      "usertime": 8068286
     },
     "29072613913": {
      "maxRSS": 558504,
      "systemtime": 368197,
      "usertime": 8072336
     },
     "29072618090": {
      "maxRSS": 558504,
      "systemtime": 368198,
      "usertime": 8076364
     },
     "29072622346": {
      "maxRSS": 558504,
      "systemtime": 368200,
      "usertime": 8080401
     },
     "29072626449": {
      "maxRSS": 558504,
      "systemtime": 368201,
      "usertime": 8084430
     },
     "29072630553": {
      "maxRSS": 558504,
      "systemtime": 368203,
      "usertime": 8088466
     },
     "29072634712": {
      "maxRSS": 558504,
      "systemtime": 368204,
      "usertime": 8092499
     },
     "29072638870": {
      "maxRSS": 558504,
      "systemtime": 368206,
      "usertime": 8096534
     },
     "29072643002": {
      "maxRSS": 558504,
      "systemtime": 368207,
      "usertime": 8100564
     },
     "29072647088": {
      "maxRSS": 558504,
      "systemtime": 368208,
      "usertime": 8104586
     },
     "29072651209": {
      "maxRSS": 558504,
      "systemtime": 368209,
      "usertime": 8108608
     },
     "29072655290": {
      "maxRSS": 558504,
      "systemtime": 368210,
      "usertime": 8112626
     },
     "29072659429": {
      "maxRSS": 558504,
      "systemtime": 368211,
      "usertime": 8116664
     },
     "29072663524": {
      "maxRSS": 558504,
      "systemtime": 368212,
      "usertime": 8120691
     },
     "29072667621": {
      "maxRSS": 558504,
      "systemtime": 368213,
      "usertime": 8124718
     },
     "29072671795": {
      "maxRSS": 558504,
      "systemtime": 368215,
      "usertime": 8128757
     },
     "29072675875": {
      "maxRSS": 558504,
      "systemtime": 368216,
      "usertime": 8132773
     },
     "29072679957": {
      "maxRSS": 558504,
      "systemtime": 368216,
      "usertime": 8136787
     },
     "29072684055": {
      "maxRSS": 558504,
      "systemtime": 368218,
      "usertime": 8144824
     },
     "29072688137": {
      "maxRSS": 558504,
      "systemtime": 368218,
      "usertime": 8148841
     },
     "29072692224": {
      "maxRSS": 558504,
      "systemtime": 368219,
      "usertime": 8152864
     },
     "29072696365": {
      "maxRSS": 558504,
      "systemtime": 368220,
      "usertime": 8156888
     },
     "29072700451": {
      "maxRSS": 558504,
      "systemtime": 368222,
      "usertime": 8160924
     },
     "29072708586": {
      "maxRSS": 558504,
      "systemtime": 368222,
      "usertime": 8168943
     },
     "29072716753": {
      "maxRSS": 558504,
      "systemtime": 368225,
      "usertime": 8176999
     },
     "29072724860": {
      "maxRSS": 558504,
      "systemtime": 368226,
      "usertime": 8185034
     },
     "29072732982": {
      "maxRSS": 558504,
      "systemtime": 368227,
      "usertime": 8193065
     },
     "29072741120": {
      "maxRSS": 558504,
      "systemtime": 368229,
      "usertime": 8201107
     },
     "29072749306": {
      "maxRSS": 558504,
      "systemtime": 368230,
      "usertime": 8209147
     },
     "29072757415": {
      "maxRSS": 558504,
      "systemtime": 368234,
      "usertime": 8217233
     },
     "29072765591": {
      "maxRSS": 558504,
      "systemtime": 368234,
      "usertime": 8225243
     },
     "29072773715": {
      "maxRSS": 558504,
      "systemtime": 368236,
      "usertime": 8233281
     },
     "29072781951": {
      "maxRSS": 558504,
      "systemtime": 368238,
      "usertime": 8241333
     },
     "29072790131": {
      "maxRSS": 558504,
      "systemtime": 368238,
      "usertime": 8249348
     },
     "29072798225": {
      "maxRSS": 558504,
      "systemtime": 368239,
      "usertime": 8257377
     },
     "29072806389": {
      "maxRSS": 558504,
      "systemtime": 368240,
      "usertime": 8265404
     },
     "29072814517": {
      "maxRSS": 558504,
      "systemtime": 368241,
      "usertime": 8273436
     },
     "29072822771": {
      "maxRSS": 558504,
      "systemtime": 368244,
      "usertime": 8281495
     },
     "29072830924": {
      "maxRSS": 558504,
      "systemtime": 368245,
      "usertime": 8289533
     },
     "29072839023": {
      "maxRSS": 558504,
      "systemtime": 368246,
      "usertime": 8297565
     },
     "29072847156": {
      "maxRSS": 558504,
      "systemtime": 368248,
      "usertime": 8305596
     },
     "29072855257": {
      "maxRSS": 558504,
      "systemtime": 368249,
      "usertime": 8313629
     },
     "29072863355": {
      "maxRSS": 558504,
      "systemtime": 368250,
      "usertime": 8321668
     },
     "29072871506": {
      "maxRSS": 558504,
      "systemtime": 368252,
      "usertime": 8329717
     },
     "29072879663": {
      "maxRSS": 558504,
      "systemtime": 368254,
      "usertime": 8337757
     },
     "29072887773": {
      "maxRSS": 558504,
      "systemtime": 368255,
      "usertime": 8345799
     },
     "29072895970": {
      "maxRSS": 558504,
      "systemtime": 368258,
      "usertime": 8353853
     },
     "29072904152": {
      "maxRSS": 558504,
      "systemtime": 368260,
      "usertime": 8365908
     },
     "29072912309": {
      "maxRSS": 558504,
      "systemtime": 368261,
      "usertime": 8373945
     },
     "29072920526": {
      "maxRSS": 558504,
      "systemtime": 368264,
      "usertime": 8382010
     },
     "29072928626": {
      "maxRSS": 558504,
      "systemtime": 368266,
      "usertime": 8390081
     },
     "29072936791": {
      "maxRSS": 558504,
      "systemtime": 368266,
      "usertime": 8398074
     },
     "29072944984": {
      "maxRSS": 558504,
      "systemtime": 368269,
      "usertime": 8406150
     },
     "29072953090": {
      "maxRSS": 558504,
      "systemtime": 368270,
      "usertime": 8414174
     },
     "29072961247": {
      "maxRSS": 558504,
      "systemtime": 368270,
      "usertime": 8422194
     },
     "29072969377": {
      "maxRSS": 558504,
      "systemtime": 368273,
      "usertime": 8430253
     },
     "29072977493": {
      "maxRSS": 558504,
      "systemtime": 368274,
      "usertime": 8438295
     },
     "29072985605": {
      "maxRSS": 558504,
      "systemtime": 368278,
      "usertime": 8446385
     },
     "29072993730": {
      "maxRSS": 558504,
      "systemtime": 368278,
      "usertime": 8454384
     },
     "29073001862": {
      "maxRSS": 558504,
      "systemtime": 368279,
      "usertime": 8462430
     },
     "29073009975": {
      "maxRSS": 558504,
      "systemtime": 368281,
      "usertime": 8470479
     },
     "29073018103": {
      "maxRSS": 558504,
      "systemtime": 368283,
      "usertime": 8478517
     },
     "29073026231": {
      "maxRSS": 558504,
      "systemtime": 368285,
      "usertime": 8486585
     },
     "29073034326": {
      "maxRSS": 558504,
      "systemtime": 368286,
      "usertime": 8494613
     },
     "29073042460": {
      "maxRSS": 558504,
      "systemtime": 368288,
      "usertime": 8502651
     },
     "29073050610": {
      "maxRSS": 558504,
      "systemtime": 368289,
      "usertime": 8510689
     },
     "29073058762": {
      "maxRSS": 558504,
      "systemtime": 368295,
      "usertime": 8518830
     },
     "29073066860": {
      "maxRSS": 558504,
      "systemtime": 368295,
      "usertime": 8526759
     },
     "29073075031": {
      "maxRSS": 558504,
      "systemtime": 368295,
      "usertime": 8534819
     },
     "29073083160": {
      "maxRSS": 558504,
      "systemtime": 368296,
      "usertime": 8542868
     },
     "29073091353": {
      "maxRSS": 558504,
      "systemtime": 368298,
      "usertime": 8550921
     },
     "29073099497": {
      "maxRSS": 558504,
      "systemtime": 368299,
      "usertime": 8558970
     },
     "29073107649": {
      "maxRSS": 558504,
      "systemtime": 368301,
      "usertime": 8567018
     },
     "29073115767": {
      "maxRSS": 558504,
      "systemtime": 368302,
      "usertime": 8575051
     },
     "29073123901": {
      "maxRSS": 558504,
      "systemtime": 368305,
      "usertime": 8583115
     },
     "29073132053": {
      "maxRSS": 558504,
      "systemtime": 368306,
      "usertime": 8595149
     },
     "29073134815": {
      "maxRSS": 558504,
      "systemtime": 368422,
      "usertime": 8597863
     },
     "29073135937": {
      "maxRSS": 558504,
      "systemtime": 368423,
      "usertime": 8597887
     },
     "29073137019": {
      "maxRSS": 558504,
      "systemtime": 368423,
      "usertime": 8599108
     },
     "29073138100": {
      "maxRSS": 558504,
      "systemtime": 368423,
      "usertime": 8599127
     },
     "29073139230": {
      "maxRSS": 558504,
      "systemtime": 368423,
      "usertime": 8599171
     },
     "29073140307": {
      "maxRSS": 558504,
      "systemtime": 368423,
      "usertime": 8603190
     },
     "29073141383": {
      "maxRSS": 558504,
      "systemtime": 368423,
      "usertime": 8603206
     },
     "29073142463": {
      "maxRSS": 558504,
      "systemtime": 368423,
      "usertime": 8603225
     },
     "29073143633": {
      "maxRSS": 558504,
      "systemtime": 368423,
      "usertime": 8603258
     },
     "29073144723": {
      "maxRSS": 558504,
      "systemtime": 368423,
      "usertime": 8607291
     },
     "29073145829": {
      "maxRSS": 558504,
      "systemtime": 368423,
      "usertime": 8607309
     },
     "29073146961": {
      "maxRSS": 558504,
      "systemtime": 368423,
      "usertime": 8607349
     },
     "29073148024": {
      "maxRSS": 558504,
      "systemtime": 368423,
      "usertime": 8611358
     },
     "29073149103": {
      "maxRSS": 558504,
      "systemtime": 368423,
      "usertime": 8611374
     },
     "29073150178": {
      "maxRSS": 558504,
      "systemtime": 368423,
      "usertime": 8611389
     },
     "29073151247": {
      "maxRSS": 558504,
      "systemtime": 368423,
      "usertime": 8611400
     },
     "29073152328": {
      "maxRSS": 558504,
      "systemtime": 368423,
      "usertime": 8615421
     },
     "29073153500": {
      "maxRSS": 558504,
      "systemtime": 368423,
      "usertime": 8615475
     },
     "29073154614": {
      "maxRSS": 558504,
      "systemtime": 368423,
      "usertime": 8615498
     },
     "29073155721": {
      "maxRSS": 558504,
      "systemtime": 368423,
      "usertime": 8615513
     },
     "29073156833": {
      "maxRSS": 558504,
      "systemtime": 368423,
      "usertime": 8619527
     },
     "29073157923": {
      "maxRSS": 558504,
      "systemtime": 368423,
      "usertime": 8619548
     },
     "29073159016": {
      "maxRSS": 558504,
      "systemtime": 368423,
      "usertime": 8619581
     },
     "29073160148": {
      "maxRSS": 558504,
      "systemtime": 368423,
      "usertime": 8623645
     },
     "29073161298": {
      "maxRSS": 558504,
      "systemtime": 368423,
      "usertime": 8623664
     },
     "29073162413": {
      "maxRSS": 558504,
      "systemtime": 368423,
      "usertime": 8623696
     },
     "29073163535": {
      "maxRSS": 558504,
      "systemtime": 368423,
      "usertime": 8623723
     },
     "29073163877": {
      "maxRSS": 558504,
      "systemtime": 368492,
      "usertime": 8627532
     },
     "29073164993": {
      "maxRSS": 558504,
      "systemtime": 368492,
      "usertime": 8627887
     },
     "29073166087": {
      "maxRSS": 558504,
      "systemtime": 368492,
      "usertime": 8627923
     },
     "29073167163": {
      "maxRSS": 558504,
      "systemtime": 368492,
      "usertime": 8627934
     },
     "29073168322": {
      "maxRSS": 558504,
      "systemtime": 368492,
      "usertime": 8631757
     },
     "29073169456": {
      "maxRSS": 558504,
      "systemtime": 368492,
      "usertime": 8631788
     },
     "29073170543": {
      "maxRSS": 558504,
      "systemtime": 368492,
      "usertime": 8631812
     },
     "29073171648": {
      "maxRSS": 558504,
      "systemtime": 368492,
      "usertime": 8631837
     },
     "29073172751": {
      "maxRSS": 558504,
      "systemtime": 368492,
      "usertime": 8635857
     },
     "29073173873": {
      "maxRSS": 558632,
      "systemtime": 368492,
      "usertime": 8635896
     },
     "29073174950": {
      "maxRSS": 558632,
      "systemtime": 368492,
      "usertime": 8635914
     },
     "29073176055": {
      "maxRSS": 558632,
      "systemtime": 368492,
      "usertime": 8639928
     },
     "29073177130": {
      "maxRSS": 558632,
      "systemtime": 368492,
      "usertime": 8639942
     },
     "29073178283": {
      "maxRSS": 558632,
      "systemtime": 368492,
      "usertime": 8639966
     },
     "29073179393": {
      "maxRSS": 558632,
      "systemtime": 368492,
      "usertime": 8639984
     },
     "29073180493": {
      "maxRSS": 558632,
      "systemtime": 368492,
      "usertime": 8644021
     },
     "29073181572": {
      "maxRSS": 558632,
      "systemtime": 368492,
      "usertime": 8644036
     },
     "29073182642": {
      "maxRSS": 558632,
      "systemtime": 368492,
      "usertime": 8644048
     },
     "29073183724": {
      "maxRSS": 558632,
      "systemtime": 368492,
      "usertime": 8644066
     },
     "29073184804": {
      "maxRSS": 558632,
      "systemtime": 368492,
      "usertime": 8648094
     },
     "29073185880": {
      "maxRSS": 558632,
      "systemtime": 368492,
      "usertime": 8648110
     },
     "29073186978": {
      "maxRSS": 558632,
      "systemtime": 368492,
      "usertime": 8648148
     },
     "29073188071": {
      "maxRSS": 558632,
      "systemtime": 368492,
      "usertime": 8652169
     },
     "29073189153": {
      "maxRSS": 558632,
      "systemtime": 368492,
      "usertime": 8652193
     },
     "29073190258": {
      "maxRSS": 558632,
      "systemtime": 368492,
      "usertime": 8652207
     },
     "29073191369": {
      "maxRSS": 558632,
      "systemtime": 368492,
      "usertime": 8652225
     },
     "29073192507": {
      "maxRSS": 558632,
      "systemtime": 368492,
      "usertime": 8656231
     },
     "29073193632": {
      "maxRSS": 558632,
      "systemtime": 368492,
      "usertime": 8656282
     },
     "29073194755": {
      "maxRSS": 558632,
      "systemtime": 368492,
      "usertime": 8656311
     },
     "29073195851": {
      "maxRSS": 558632,
      "systemtime": 368492,
      "usertime": 8656341
     },
     "29073196933": {
      "maxRSS": 558632,
      "systemtime": 368492,
      "usertime": 8660370
     },
     "29073198008": {
      "maxRSS": 558632,
      "systemtime": 368492,
      "usertime": 8660385
     },
     "29073199082": {
      "maxRSS": 558632,
      "systemtime": 368492,
      "usertime": 8660399
     },
     "29073200206": {
      "maxRSS": 558632,
      "systemtime": 368492,
      "usertime": 8664406
     },
     "29073201305": {
      "maxRSS": 558632,
      "systemtime": 368492,
      "usertime": 8664445
     },
     "29073202387": {
      "maxRSS": 558632,
      "systemtime": 368492,
      "usertime": 8664464
     },
     "29073203519": {
      "maxRSS": 558632,
      "systemtime": 368492,
      "usertime": 8664498
     },
     "29073204620": {
      "maxRSS": 558632,
      "systemtime": 368492,
      "usertime": 8668531
     },
     "29073205714": {
      "maxRSS": 558632,
      "systemtime": 368492,
      "usertime": 8668553
     },
     "29073206799": {
      "maxRSS": 558632,
      "systemtime": 368492,
      "usertime": 8668569
     },
     "29073207981": {
      "maxRSS": 558632,
      "systemtime": 368492,
      "usertime": 8668631
     },
     "29073209111": {
      "maxRSS": 558632,
      "systemtime": 368492,
      "usertime": 8672648
     },
     "29073210207": {
      "maxRSS": 558632,
      "systemtime": 368492,
      "usertime": 8672677
     },
     "29073211290": {
      "maxRSS": 558632,
      "systemtime": 368492,
      "usertime": 8672697
     },
     "29073212407": {
      "maxRSS": 558632,
      "systemtime": 368492,
      "usertime": 8676720
     },
     "29073213483": {
      "maxRSS": 558632,
      "systemtime": 368492,
      "usertime": 8676737
     },
     "29073214581": {
      "maxRSS": 558632,
      "systemtime": 368492,
      "usertime": 8676776
     },
     "29073215655": {
      "maxRSS": 558632,
      "systemtime": 368492,
      "usertime": 8676792
     },
     "29073216768": {
      "maxRSS": 558632,
      "systemtime": 372382,
      "usertime": 8676919
     },
     "29073217857": {
      "maxRSS": 558632,
      "systemtime": 372383,
      "usertime": 8676938
     },
     "29073218948": {
      "maxRSS": 558632,
      "systemtime": 372384,
      "usertime": 8676963
     },
     "29073219378": {
      "maxRSS": 558632,
      "systemtime": 372523,
      "usertime": 8680204
     },
     "29073219571": {
      "maxRSS": 558632,
      "systemtime": 372532,
      "usertime": 8680419
     }
    }
   }
  }
 }
}
