{
 "root": {
  "program": {
   "configuration": {
    "": "/root/compiler/measurements/m3-5-headline-m4/family/reachability_complement/n1000/emit_guarded/transformed.dl",
    "fact-dir": "/root/compiler/fixtures/p2-scale-1000",
    "include-dir": ".",
    "jobs": "1",
    "libraries": "functors",
    "library-dir": ".",
    "output-dir": "/root/compiler/measurements/m3-5-headline-m4/family/reachability_complement/n1000/dlc",
    "profile": "prof.log",
    "relationCount": "12",
    "ruleCount": "17",
    "version": "2.5",
    "warn": "all",
    "wno": "none"
   },
   "relation": {
    "edge": {
     "loadtime": { "start": 17226921006, "end": 17226921507},
     "num-tuples": 2000,
     "reads": 0,
     "source-locator": "/root/compiler/measurements/m3-5-headline-m4/family/reachability_complement/n1000/emit_guarded/transformed.dl [1:7-1:11]"
    },
    "magic_reach_bf": {
     "maxRSS": {
      "post": 16500,
      "pre": 16500
     },
     "non-recursive-rule": {
      "magic_reach_bf(x) :- \n   sup_unreach_bf_r0_2(x,_).": {
       "atom-frequency": {
        "magic_reach_bf(x) :- \n   sup_unreach_bf_r0_2(x,_).": {
         "sup_unreach_bf_r0_2": {
          "level": 0,
          "num-tuples": 0
         }
        }
       },
       "maxRSS": {
        "post": 16500,
        "pre": 16500
       },
       "num-tuples": 1,
       "runtime": { "start": 17226921768, "end": 17226921783},
       "source-locator": "/root/compiler/measurements/m3-5-headline-m4/family/reachability_complement/n1000/emit_guarded/transformed.dl [26:1-26:48]"
      }
     },
     "num-tuples": 1,
     "reads": 0,
     "runtime": { "start": 17226921758, "end": 17226921791},
     "source-locator": "/root/compiler/measurements/m3-5-headline-m4/family/reachability_complement/n1000/emit_guarded/transformed.dl [13:7-13:21]"
    },
    "magic_unreach_bf": {
     "maxRSS": {
      "post": 16500,
      "pre": 16500
     },
     "non-recursive-rule": {
      "magic_unreach_bf(1).": {
       "maxRSS": {
        "post": 16500,
        "pre": 16500
       },
       "num-tuples": 1,
       "runtime": { "start": 17226921529, "end": 17226921534},
       "source-locator": "/root/compiler/measurements/m3-5-headline-m4/family/reachability_complement/n1000/emit_guarded/transformed.dl [36:1-36:21]"
      }
     },
     "num-tuples": 1,
     "reads": 0,
     "runtime": { "start": 17226921517, "end": 17226921542},
     "source-locator": "/root/compiler/measurements/m3-5-headline-m4/family/reachability_complement/n1000/emit_guarded/transformed.dl [21:7-21:23]"
    },
    "node": {
     "loadtime": { "start": 17226921548, "end": 17226921660},
     "num-tuples": 1000,
     "reads": 1,
     "source-locator": "/root/compiler/measurements/m3-5-headline-m4/family/reachability_complement/n1000/emit_guarded/transformed.dl [3:7-3:11]"
    },
    "q_unreach": {
     "maxRSS": {
      "post": 16500,
      "pre": 16500
     },
     "non-recursive-rule": {
      "q_unreach(y) :- \n   sup_unreach_bf_r0_3(1,y).": {
       "atom-frequency": {
        "q_unreach(y) :- \n   sup_unreach_bf_r0_3(1,y).": {
         "sup_unreach_bf_r0_3": {
          "level": 0,
          "num-tuples": 0
         }
        }
       },
       "maxRSS": {
        "post": 16500,
        "pre": 16500
       },
       "num-tuples": 193,
       "runtime": { "start": 17226929200, "end": 17226929209},
       "source-locator": "/root/compiler/measurements/m3-5-headline-m4/family/reachability_complement/n1000/emit_guarded/transformed.dl [37:1-37:34]"
      }
     },
     "num-tuples": 193,
     "reads": 0,
     "runtime": { "start": 17226929191, "end": 17226929218},
     "savetime": { "start": 17226929223, "end": 17226929338},
     "source-locator": "/root/compiler/measurements/m3-5-headline-m4/family/reachability_complement/n1000/emit_guarded/transformed.dl [7:7-7:16]"
    },
    "reach_bf": {
     "iteration": {
      "0": {
       "copytime": { "start": 17226921960, "end": 17226921961},
       "maxRSS": {
        "post": 16500,
        "pre": 16500
       },
       "num-tuples": 0,
       "recursive-rule": {
        "reach_bf(x,y) :- \n   sup_reach_bf_r1_2(x,y).": {
         "0": {
          "atom-frequency": {
           "@new_reach_bf(x,y) :- \n   @delta_sup_reach_bf_r1_2(x,y).": {
            "@delta_sup_reach_bf_r1_2": {
             "level": 0,
             "num-tuples": 0
            }
           }
          },
          "maxRSS": {
           "post": 16500,
           "pre": 16500
          },
          "num-tuples": 0,
          "runtime": { "start": 17226921860, "end": 17226921861},
          "source-locator": "/root/compiler/measurements/m3-5-headline-m4/family/reachability_complement/n1000/emit_guarded/transformed.dl [35:1-35:43]"
         }
        }
       },
       "runtime": { "start": 17226921852, "end": 17226921871}
      },
      "1": {
       "copytime": { "start": 17226922071, "end": 17226922072},
       "maxRSS": {
        "post": 16500,
        "pre": 16500
       },
       "num-tuples": 0,
       "recursive-rule": {
        "reach_bf(x,y) :- \n   sup_reach_bf_r1_2(x,y).": {
         "0": {
          "maxRSS": {
           "post": 16500,
           "pre": 16500
          },
          "num-tuples": 0,
          "runtime": { "start": 17226921985, "end": 17226921986},
          "source-locator": "/root/compiler/measurements/m3-5-headline-m4/family/reachability_complement/n1000/emit_guarded/transformed.dl [35:1-35:43]"
         }
        }
       },
       "runtime": { "start": 17226921976, "end": 17226921994}
      },
      "10": {
       "copytime": { "start": 17226923151, "end": 17226923152},
       "maxRSS": {
        "post": 16500,
        "pre": 16500
       },
       "num-tuples": 0,
       "recursive-rule": {
        "reach_bf(x,y) :- \n   sup_reach_bf_r1_2(x,y).": {
         "0": {
          "maxRSS": {
           "post": 16500,
           "pre": 16500
          },
          "num-tuples": 0,
          "runtime": { "start": 17226923046, "end": 17226923047},
          "source-locator": "/root/compiler/measurements/m3-5-headline-m4/family/reachability_complement/n1000/emit_guarded/transformed.dl [35:1-35:43]"
         }
        }
       },
       "runtime": { "start": 17226923044, "end": 17226923054}
      },
      "11": {
       "copytime": { "start": 17226923293, "end": 17226923297},
       "maxRSS": {
        "post": 16500,
        "pre": 16500
       },
       "num-tuples": 39,
       "recursive-rule": {
        "reach_bf(x,y) :- \n   sup_reach_bf_r1_2(x,y).": {
         "0": {
          "maxRSS": {
           "post": 16500,
           "pre": 16500
          },
          "num-tuples": 39,
          "runtime": { "start": 17226923187, "end": 17226923192},
          "source-locator": "/root/compiler/measurements/m3-5-headline-m4/family/reachability_complement/n1000/emit_guarded/transformed.dl [35:1-35:43]"
         }
        }
       },
       "runtime": { "start": 17226923178, "end": 17226923202}
      },
      "12": {
       "copytime": { "start": 17226923408, "end": 17226923418},
       "maxRSS": {
        "post": 16500,
        "pre": 16500
       },
       "num-tuples": 0,
       "recursive-rule": {
        "reach_bf(x,y) :- \n   sup_reach_bf_r1_2(x,y).": {
         "0": {
          "maxRSS": {
           "post": 16500,
           "pre": 16500
          },
          "num-tuples": 0,
          "runtime": { "start": 17226923320, "end": 17226923321},
          "source-locator": "/root/compiler/measurements/m3-5-headline-m4/family/reachability_complement/n1000/emit_guarded/transformed.dl [35:1-35:43]"
         }
        }
       },
       "runtime": { "start": 17226923320, "end": 17226923328}
      },
      "13": {
       "copytime": { "start": 17226923565, "end": 17226923566},
       "maxRSS": {
        "post": 16500,
        "pre": 16500
       },
       "num-tuples": 0,
       "recursive-rule": {
        "reach_bf(x,y) :- \n   sup_reach_bf_r1_2(x,y).": {
         "0": {
          "maxRSS": {
           "post": 16500,
           "pre": 16500
          },
          "num-tuples": 0,
          "runtime": { "start": 17226923446, "end": 17226923446},
          "source-locator": "/root/compiler/measurements/m3-5-headline-m4/family/reachability_complement/n1000/emit_guarded/transformed.dl [35:1-35:43]"
         }
        }
       },
       "runtime": { "start": 17226923445, "end": 17226923454}
      },
      "14": {
       "copytime": { "start": 17226923710, "end": 17226923716},
       "maxRSS": {
        "post": 16500,
        "pre": 16500
       },
       "num-tuples": 70,
       "recursive-rule": {
        "reach_bf(x,y) :- \n   sup_reach_bf_r1_2(x,y).": {
         "0": {
          "maxRSS": {
           "post": 16500,
           "pre": 16500
          },
          "num-tuples": 70,
          "runtime": { "start": 17226923604, "end": 17226923612},
          "source-locator": "/root/compiler/measurements/m3-5-headline-m4/family/reachability_complement/n1000/emit_guarded/transformed.dl [35:1-35:43]"
         }
        }
       },
       "runtime": { "start": 17226923594, "end": 17226923621}
      },
      "15": {
       "copytime": { "start": 17226923852, "end": 17226923853},
       "maxRSS": {
        "post": 16500,
        "pre": 16500
       },
       "num-tuples": 0,
       "recursive-rule": {
        "reach_bf(x,y) :- \n   sup_reach_bf_r1_2(x,y).": {
         "0": {
          "maxRSS": {
           "post": 16500,
           "pre": 16500
          },
          "num-tuples": 0,
          "runtime": { "start": 17226923748, "end": 17226923749},
          "source-locator": "/root/compiler/measurements/m3-5-headline-m4/family/reachability_complement/n1000/emit_guarded/transformed.dl [35:1-35:43]"
         }
        }
       },
       "runtime": { "start": 17226923739, "end": 17226923758}
      },
      "16": {
       "copytime": { "start": 17226924061, "end": 17226924062},
       "maxRSS": {
        "post": 16500,
        "pre": 16500
       },
       "num-tuples": 0,
       "recursive-rule": {
        "reach_bf(x,y) :- \n   sup_reach_bf_r1_2(x,y).": {
         "0": {
          "maxRSS": {
           "post": 16500,
           "pre": 16500
          },
          "num-tuples": 0,
          "runtime": { "start": 17226923909, "end": 17226923912},
          "source-locator": "/root/compiler/measurements/m3-5-headline-m4/family/reachability_complement/n1000/emit_guarded/transformed.dl [35:1-35:43]"
         }
        }
       },
       "runtime": { "start": 17226923908, "end": 17226923923}
      },
      "17": {
       "copytime": { "start": 17226924208, "end": 17226924218},
       "maxRSS": {
        "post": 16500,
        "pre": 16500
       },
       "num-tuples": 113,
       "recursive-rule": {
        "reach_bf(x,y) :- \n   sup_reach_bf_r1_2(x,y).": {
         "0": {
          "maxRSS": {
           "post": 16500,
           "pre": 16500
          },
          "num-tuples": 113,
          "runtime": { "start": 17226924095, "end": 17226924108},
          "source-locator": "/root/compiler/measurements/m3-5-headline-m4/family/reachability_complement/n1000/emit_guarded/transformed.dl [35:1-35:43]"
         }
        }
       },
       "runtime": { "start": 17226924086, "end": 17226924118}
      },
      "18": {
       "copytime": { "start": 17226924359, "end": 17226924360},
       "maxRSS": {
        "post": 16500,
        "pre": 16500
       },
       "num-tuples": 0,
       "recursive-rule": {
        "reach_bf(x,y) :- \n   sup_reach_bf_r1_2(x,y).": {
         "0": {
          "maxRSS": {
           "post": 16500,
           "pre": 16500
          },
          "num-tuples": 0,
          "runtime": { "start": 17226924250, "end": 17226924251},
          "source-locator": "/root/compiler/measurements/m3-5-headline-m4/family/reachability_complement/n1000/emit_guarded/transformed.dl [35:1-35:43]"
         }
        }
       },
       "runtime": { "start": 17226924241, "end": 17226924260}
      },
      "19": {
       "copytime": { "start": 17226924547, "end": 17226924548},
       "maxRSS": {
        "post": 16500,
        "pre": 16500
       },
       "num-tuples": 0,
       "recursive-rule": {
        "reach_bf(x,y) :- \n   sup_reach_bf_r1_2(x,y).": {
         "0": {
          "maxRSS": {
           "post": 16500,
           "pre": 16500
          },
          "num-tuples": 0,
          "runtime": { "start": 17226924402, "end": 17226924402},
          "source-locator": "/root/compiler/measurements/m3-5-headline-m4/family/reachability_complement/n1000/emit_guarded/transformed.dl [35:1-35:43]"
         }
        }
       },
       "runtime": { "start": 17226924401, "end": 17226924409}
      },
      "2": {
       "copytime": { "start": 17226922188, "end": 17226922189},
       "maxRSS": {
        "post": 16500,
        "pre": 16500
       },
       "num-tuples": 6,
       "recursive-rule": {
        "reach_bf(x,y) :- \n   sup_reach_bf_r1_2(x,y).": {
         "0": {
          "maxRSS": {
           "post": 16500,
           "pre": 16500
          },
          "num-tuples": 6,
          "runtime": { "start": 17226922094, "end": 17226922096},
          "source-locator": "/root/compiler/measurements/m3-5-headline-m4/family/reachability_complement/n1000/emit_guarded/transformed.dl [35:1-35:43]"
         }
        }
       },
       "runtime": { "start": 17226922094, "end": 17226922103}
      },
      "20": {
       "copytime": { "start": 17226924707, "end": 17226924718},
       "maxRSS": {
        "post": 16500,
        "pre": 16500
       },
       "num-tuples": 139,
       "recursive-rule": {
        "reach_bf(x,y) :- \n   sup_reach_bf_r1_2(x,y).": {
         "0": {
          "maxRSS": {
           "post": 16500,
           "pre": 16500
          },
          "num-tuples": 139,
          "runtime": { "start": 17226924592, "end": 17226924608},
          "source-locator": "/root/compiler/measurements/m3-5-headline-m4/family/reachability_complement/n1000/emit_guarded/transformed.dl [35:1-35:43]"
         }
        }
       },
       "runtime": { "start": 17226924583, "end": 17226924618}
      },
      "21": {
       "copytime": { "start": 17226924862, "end": 17226924863},
       "maxRSS": {
        "post": 16500,
        "pre": 16500
       },
       "num-tuples": 0,
       "recursive-rule": {
        "reach_bf(x,y) :- \n   sup_reach_bf_r1_2(x,y).": {
         "0": {
          "maxRSS": {
           "post": 16500,
           "pre": 16500
          },
          "num-tuples": 0,
          "runtime": { "start": 17226924751, "end": 17226924752},
          "source-locator": "/root/compiler/measurements/m3-5-headline-m4/family/reachability_complement/n1000/emit_guarded/transformed.dl [35:1-35:43]"
         }
        }
       },
       "runtime": { "start": 17226924743, "end": 17226924760}
      },
      "22": {
       "copytime": { "start": 17226925126, "end": 17226925129},
       "maxRSS": {
        "post": 16500,
        "pre": 16500
       },
       "num-tuples": 0,
       "recursive-rule": {
        "reach_bf(x,y) :- \n   sup_reach_bf_r1_2(x,y).": {
         "0": {
          "maxRSS": {
           "post": 16500,
           "pre": 16500
          },
          "num-tuples": 0,
          "runtime": { "start": 17226924906, "end": 17226924907},
          "source-locator": "/root/compiler/measurements/m3-5-headline-m4/family/reachability_complement/n1000/emit_guarded/transformed.dl [35:1-35:43]"
         }
        }
       },
       "runtime": { "start": 17226924906, "end": 17226924914}
      },
      "23": {
       "copytime": { "start": 17226925350, "end": 17226925366},
       "maxRSS": {
        "post": 16500,
        "pre": 16500
       },
       "num-tuples": 154,
       "recursive-rule": {
        "reach_bf(x,y) :- \n   sup_reach_bf_r1_2(x,y).": {
         "0": {
          "maxRSS": {
           "post": 16500,
           "pre": 16500
          },
          "num-tuples": 154,
          "runtime": { "start": 17226925182, "end": 17226925202},
          "source-locator": "/root/compiler/measurements/m3-5-headline-m4/family/reachability_complement/n1000/emit_guarded/transformed.dl [35:1-35:43]"
         }
        }
       },
       "runtime": { "start": 17226925179, "end": 17226925218}
      },
      "24": {
       "copytime": { "start": 17226925582, "end": 17226925584},
       "maxRSS": {
        "post": 16500,
        "pre": 16500
       },
       "num-tuples": 0,
       "recursive-rule": {
        "reach_bf(x,y) :- \n   sup_reach_bf_r1_2(x,y).": {
         "0": {
          "maxRSS": {
           "post": 16500,
           "pre": 16500
          },
          "num-tuples": 0,
          "runtime": { "start": 17226925414, "end": 17226925415},
          "source-locator": "/root/compiler/measurements/m3-5-headline-m4/family/reachability_complement/n1000/emit_guarded/transformed.dl [35:1-35:43]"
         }
        }
       },
       "runtime": { "start": 17226925414, "end": 17226925423}
      },
      "25": {
       "copytime": { "start": 17226925813, "end": 17226925825},
       "maxRSS": {
        "post": 16500,
        "pre": 16500
       },
       "num-tuples": 0,
       "recursive-rule": {
        "reach_bf(x,y) :- \n   sup_reach_bf_r1_2(x,y).": {
         "0": {
          "maxRSS": {
           "post": 16500,
           "pre": 16500
          },
          "num-tuples": 0,
          "runtime": { "start": 17226925622, "end": 17226925623},
          "source-locator": "/root/compiler/measurements/m3-5-headline-m4/family/reachability_complement/n1000/emit_guarded/transformed.dl [35:1-35:43]"
         }
        }
       },
       "runtime": { "start": 17226925621, "end": 17226925634}
      },
      "26": {
       "copytime": { "start": 17226925917, "end": 17226925930},
       "maxRSS": {
        "post": 16500,
        "pre": 16500
       },
       "num-tuples": 131,
       "recursive-rule": {
        "reach_bf(x,y) :- \n   sup_reach_bf_r1_2(x,y).": {
         "0": {
          "maxRSS": {
           "post": 16500,
           "pre": 16500
          },
          "num-tuples": 131,
          "runtime": { "start": 17226925852, "end": 17226925870},
          "source-locator": "/root/compiler/measurements/m3-5-headline-m4/family/reachability_complement/n1000/emit_guarded/transformed.dl [35:1-35:43]"
         }
        }
       },
       "runtime": { "start": 17226925851, "end": 17226925879}
      },
      "27": {
       "copytime": { "start": 17226926100, "end": 17226926102},
       "maxRSS": {
        "post": 16500,
        "pre": 16500
       },
       "num-tuples": 0,
       "recursive-rule": {
        "reach_bf(x,y) :- \n   sup_reach_bf_r1_2(x,y).": {
         "0": {
          "maxRSS": {
           "post": 16500,
           "pre": 16500
          },
          "num-tuples": 0,
          "runtime": { "start": 17226925953, "end": 17226925954},
          "source-locator": "/root/compiler/measurements/m3-5-headline-m4/family/reachability_complement/n1000/emit_guarded/transformed.dl [35:1-35:43]"
         }
        }
       },
       "runtime": { "start": 17226925953, "end": 17226925962}
      },
      "28": {
       "copytime": { "start": 17226926301, "end": 17226926302},
       "maxRSS": {
        "post": 16500,
        "pre": 16500
       },
       "num-tuples": 0,
       "recursive-rule": {
        "reach_bf(x,y) :- \n   sup_reach_bf_r1_2(x,y).": {
         "0": {
          "maxRSS": {
           "post": 16500,
           "pre": 16500
          },
          "num-tuples": 0,
          "runtime": { "start": 17226926153, "end": 17226926154},
          "source-locator": "/root/compiler/measurements/m3-5-headline-m4/family/reachability_complement/n1000/emit_guarded/transformed.dl [35:1-35:43]"
         }
        }
       },
       "runtime": { "start": 17226926153, "end": 17226926162}
      },
      "29": {
       "copytime": { "start": 17226926430, "end": 17226926438},
       "maxRSS": {
        "post": 16500,
        "pre": 16500
       },
       "num-tuples": 72,
       "recursive-rule": {
        "reach_bf(x,y) :- \n   sup_reach_bf_r1_2(x,y).": {
         "0": {
          "maxRSS": {
           "post": 16500,
           "pre": 16500
          },
          "num-tuples": 72,
          "runtime": { "start": 17226926329, "end": 17226926342},
          "source-locator": "/root/compiler/measurements/m3-5-headline-m4/family/reachability_complement/n1000/emit_guarded/transformed.dl [35:1-35:43]"
         }
        }
       },
       "runtime": { "start": 17226926320, "end": 17226926351}
      },
      "3": {
       "copytime": { "start": 17226922296, "end": 17226922297},
       "maxRSS": {
        "post": 16500,
        "pre": 16500
       },
       "num-tuples": 0,
       "recursive-rule": {
        "reach_bf(x,y) :- \n   sup_reach_bf_r1_2(x,y).": {
         "0": {
          "maxRSS": {
           "post": 16500,
           "pre": 16500
          },
          "num-tuples": 0,
          "runtime": { "start": 17226922204, "end": 17226922204},
          "source-locator": "/root/compiler/measurements/m3-5-headline-m4/family/reachability_complement/n1000/emit_guarded/transformed.dl [35:1-35:43]"
         }
        }
       },
       "runtime": { "start": 17226922203, "end": 17226922210}
      },
      "30": {
       "copytime": { "start": 17226926557, "end": 17226926558},
       "maxRSS": {
        "post": 16500,
        "pre": 16500
       },
       "num-tuples": 0,
       "recursive-rule": {
        "reach_bf(x,y) :- \n   sup_reach_bf_r1_2(x,y).": {
         "0": {
          "maxRSS": {
           "post": 16500,
           "pre": 16500
          },
          "num-tuples": 0,
          "runtime": { "start": 17226926471, "end": 17226926472},
          "source-locator": "/root/compiler/measurements/m3-5-headline-m4/family/reachability_complement/n1000/emit_guarded/transformed.dl [35:1-35:43]"
         }
        }
       },
       "runtime": { "start": 17226926462, "end": 17226926482}
      },
      "31": {
       "copytime": { "start": 17226926664, "end": 17226926665},
       "maxRSS": {
        "post": 16500,
        "pre": 16500
       },
       "num-tuples": 0,
       "recursive-rule": {
        "reach_bf(x,y) :- \n   sup_reach_bf_r1_2(x,y).": {
         "0": {
          "maxRSS": {
           "post": 16500,
           "pre": 16500
          },
          "num-tuples": 0,
          "runtime": { "start": 17226926575, "end": 17226926576},
          "source-locator": "/root/compiler/measurements/m3-5-headline-m4/family/reachability_complement/n1000/emit_guarded/transformed.dl [35:1-35:43]"
         }
        }
       },
       "runtime": { "start": 17226926575, "end": 17226926582}
      },
      "32": {
       "copytime": { "start": 17226926781, "end": 17226926786},
       "maxRSS": {
        "post": 16500,
        "pre": 16500
       },
       "num-tuples": 30,
       "recursive-rule": {
        "reach_bf(x,y) :- \n   sup_reach_bf_r1_2(x,y).": {
         "0": {
          "maxRSS": {
           "post": 16500,
           "pre": 16500
          },
          "num-tuples": 30,
          "runtime": { "start": 17226926682, "end": 17226926687},
          "source-locator": "/root/compiler/measurements/m3-5-headline-m4/family/reachability_complement/n1000/emit_guarded/transformed.dl [35:1-35:43]"
         }
        }
       },
       "runtime": { "start": 17226926680, "end": 17226926696}
      },
      "33": {
       "copytime": { "start": 17226926861, "end": 17226926864},
       "maxRSS": {
        "post": 16500,
        "pre": 16500
       },
       "num-tuples": 0,
       "recursive-rule": {
        "reach_bf(x,y) :- \n   sup_reach_bf_r1_2(x,y).": {
         "0": {
          "maxRSS": {
           "post": 16500,
           "pre": 16500
          },
          "num-tuples": 0,
          "runtime": { "start": 17226926810, "end": 17226926810},
          "source-locator": "/root/compiler/measurements/m3-5-headline-m4/family/reachability_complement/n1000/emit_guarded/transformed.dl [35:1-35:43]"
         }
        }
       },
       "runtime": { "start": 17226926809, "end": 17226926818}
      },
      "34": {
       "copytime": { "start": 17226926964, "end": 17226926965},
       "maxRSS": {
        "post": 16500,
        "pre": 16500
       },
       "num-tuples": 0,
       "recursive-rule": {
        "reach_bf(x,y) :- \n   sup_reach_bf_r1_2(x,y).": {
         "0": {
          "maxRSS": {
           "post": 16500,
           "pre": 16500
          },
          "num-tuples": 0,
          "runtime": { "start": 17226926876, "end": 17226926877},
          "source-locator": "/root/compiler/measurements/m3-5-headline-m4/family/reachability_complement/n1000/emit_guarded/transformed.dl [35:1-35:43]"
         }
        }
       },
       "runtime": { "start": 17226926876, "end": 17226926882}
      },
      "35": {
       "copytime": { "start": 17226927067, "end": 17226927078},
       "maxRSS": {
        "post": 16500,
        "pre": 16500
       },
       "num-tuples": 9,
       "recursive-rule": {
        "reach_bf(x,y) :- \n   sup_reach_bf_r1_2(x,y).": {
         "0": {
          "maxRSS": {
           "post": 16500,
           "pre": 16500
          },
          "num-tuples": 9,
          "runtime": { "start": 17226926991, "end": 17226926993},
          "source-locator": "/root/compiler/measurements/m3-5-headline-m4/family/reachability_complement/n1000/emit_guarded/transformed.dl [35:1-35:43]"
         }
        }
       },
       "runtime": { "start": 17226926990, "end": 17226927000}
      },
      "36": {
       "copytime": { "start": 17226927195, "end": 17226927196},
       "maxRSS": {
        "post": 16500,
        "pre": 16500
       },
       "num-tuples": 0,
       "recursive-rule": {
        "reach_bf(x,y) :- \n   sup_reach_bf_r1_2(x,y).": {
         "0": {
          "maxRSS": {
           "post": 16500,
           "pre": 16500
          },
          "num-tuples": 0,
          "runtime": { "start": 17226927093, "end": 17226927093},
          "source-locator": "/root/compiler/measurements/m3-5-headline-m4/family/reachability_complement/n1000/emit_guarded/transformed.dl [35:1-35:43]"
         }
        }
       },
       "runtime": { "start": 17226927092, "end": 17226927101}
      },
      "37": {
       "copytime": { "start": 17226927310, "end": 17226927311},
       "maxRSS": {
        "post": 16500,
        "pre": 16500
       },
       "num-tuples": 0,
       "recursive-rule": {
        "reach_bf(x,y) :- \n   sup_reach_bf_r1_2(x,y).": {
         "0": {
          "maxRSS": {
           "post": 16500,
           "pre": 16500
          },
          "num-tuples": 0,
          "runtime": { "start": 17226927225, "end": 17226927225},
          "source-locator": "/root/compiler/measurements/m3-5-headline-m4/family/reachability_complement/n1000/emit_guarded/transformed.dl [35:1-35:43]"
         }
        }
       },
       "runtime": { "start": 17226927224, "end": 17226927233}
      },
      "38": {
       "copytime": { "start": 17226927447, "end": 17226927449},
       "maxRSS": {
        "post": 16500,
        "pre": 16500
       },
       "num-tuples": 4,
       "recursive-rule": {
        "reach_bf(x,y) :- \n   sup_reach_bf_r1_2(x,y).": {
         "0": {
          "maxRSS": {
           "post": 16500,
           "pre": 16500
          },
          "num-tuples": 4,
          "runtime": { "start": 17226927344, "end": 17226927346},
          "source-locator": "/root/compiler/measurements/m3-5-headline-m4/family/reachability_complement/n1000/emit_guarded/transformed.dl [35:1-35:43]"
         }
        }
       },
       "runtime": { "start": 17226927334, "end": 17226927356}
      },
      "39": {
       "copytime": { "start": 17226927569, "end": 17226927579},
       "maxRSS": {
        "post": 16500,
        "pre": 16500
       },
       "num-tuples": 0,
       "recursive-rule": {
        "reach_bf(x,y) :- \n   sup_reach_bf_r1_2(x,y).": {
         "0": {
          "maxRSS": {
           "post": 16500,
           "pre": 16500
          },
          "num-tuples": 0,
          "runtime": { "start": 17226927485, "end": 17226927486},
          "source-locator": "/root/compiler/measurements/m3-5-headline-m4/family/reachability_complement/n1000/emit_guarded/transformed.dl [35:1-35:43]"
         }
        }
       },
       "runtime": { "start": 17226927475, "end": 17226927494}
      },
      "4": {
       "copytime": { "start": 17226922415, "end": 17226922415},
       "maxRSS": {
        "post": 16500,
        "pre": 16500
       },
       "num-tuples": 0,
       "recursive-rule": {
        "reach_bf(x,y) :- \n   sup_reach_bf_r1_2(x,y).": {
         "0": {
          "maxRSS": {
           "post": 16500,
           "pre": 16500
          },
          "num-tuples": 0,
          "runtime": { "start": 17226922320, "end": 17226922321},
          "source-locator": "/root/compiler/measurements/m3-5-headline-m4/family/reachability_complement/n1000/emit_guarded/transformed.dl [35:1-35:43]"
         }
        }
       },
       "runtime": { "start": 17226922320, "end": 17226922327}
      },
      "40": {
       "copytime": { "start": 17226927705, "end": 17226927715},
       "maxRSS": {
        "post": 16500,
        "pre": 16500
       },
       "num-tuples": 0,
       "recursive-rule": {
        "reach_bf(x,y) :- \n   sup_reach_bf_r1_2(x,y).": {
         "0": {
          "maxRSS": {
           "post": 16500,
           "pre": 16500
          },
          "num-tuples": 0,
          "runtime": { "start": 17226927603, "end": 17226927604},
          "source-locator": "/root/compiler/measurements/m3-5-headline-m4/family/reachability_complement/n1000/emit_guarded/transformed.dl [35:1-35:43]"
         }
        }
       },
       "runtime": { "start": 17226927594, "end": 17226927612}
      },
      "41": {
       "copytime": { "start": 17226927864, "end": 17226927866},
       "maxRSS": {
        "post": 16500,
        "pre": 16500
       },
       "num-tuples": 2,
       "recursive-rule": {
        "reach_bf(x,y) :- \n   sup_reach_bf_r1_2(x,y).": {
         "0": {
          "maxRSS": {
           "post": 16500,
           "pre": 16500
          },
          "num-tuples": 2,
          "runtime": { "start": 17226927752, "end": 17226927754},
          "source-locator": "/root/compiler/measurements/m3-5-headline-m4/family/reachability_complement/n1000/emit_guarded/transformed.dl [35:1-35:43]"
         }
        }
       },
       "runtime": { "start": 17226927752, "end": 17226927762}
      },
      "42": {
       "copytime": { "start": 17226927991, "end": 17226927992},
       "maxRSS": {
        "post": 16500,
        "pre": 16500
       },
       "num-tuples": 0,
       "recursive-rule": {
        "reach_bf(x,y) :- \n   sup_reach_bf_r1_2(x,y).": {
         "0": {
          "maxRSS": {
           "post": 16500,
           "pre": 16500
          },
          "num-tuples": 0,
          "runtime": { "start": 17226927895, "end": 17226927895},
          "source-locator": "/root/compiler/measurements/m3-5-headline-m4/family/reachability_complement/n1000/emit_guarded/transformed.dl [35:1-35:43]"
         }
        }
       },
       "runtime": { "start": 17226927892, "end": 17226927903}
      },
      "43": {
       "copytime": { "start": 17226928133, "end": 17226928134},
       "maxRSS": {
        "post": 16500,
        "pre": 16500
       },
       "num-tuples": 0,
       "recursive-rule": {
        "reach_bf(x,y) :- \n   sup_reach_bf_r1_2(x,y).": {
         "0": {
          "maxRSS": {
           "post": 16500,
           "pre": 16500
          },
          "num-tuples": 0,
          "runtime": { "start": 17226928036, "end": 17226928037},
          "source-locator": "/root/compiler/measurements/m3-5-headline-m4/family/reachability_complement/n1000/emit_guarded/transformed.dl [35:1-35:43]"
         }
        }
       },
       "runtime": { "start": 17226928036, "end": 17226928044}
      },
      "44": {
       "copytime": { "start": 17226928260, "end": 17226928261},
       "maxRSS": {
        "post": 16500,
        "pre": 16500
       },
       "num-tuples": 2,
       "recursive-rule": {
        "reach_bf(x,y) :- \n   sup_reach_bf_r1_2(x,y).": {
         "0": {
          "maxRSS": {
           "post": 16500,
           "pre": 16500
          },
          "num-tuples": 2,
          "runtime": { "start": 17226928168, "end": 17226928170},
          "source-locator": "/root/compiler/measurements/m3-5-headline-m4/family/reachability_complement/n1000/emit_guarded/transformed.dl [35:1-35:43]"
         }
        }
       },
       "runtime": { "start": 17226928158, "end": 17226928179}
      },
      "45": {
       "copytime": { "start": 17226928358, "end": 17226928368},
       "maxRSS": {
        "post": 16500,
        "pre": 16500
       },
       "num-tuples": 0,
       "recursive-rule": {
        "reach_bf(x,y) :- \n   sup_reach_bf_r1_2(x,y).": {
         "0": {
          "maxRSS": {
           "post": 16500,
           "pre": 16500
          },
          "num-tuples": 0,
          "runtime": { "start": 17226928273, "end": 17226928274},
          "source-locator": "/root/compiler/measurements/m3-5-headline-m4/family/reachability_complement/n1000/emit_guarded/transformed.dl [35:1-35:43]"
         }
        }
       },
       "runtime": { "start": 17226928273, "end": 17226928280}
      },
      "46": {
       "copytime": { "start": 17226928456, "end": 17226928457},
       "maxRSS": {
        "post": 16500,
        "pre": 16500
       },
       "num-tuples": 0,
       "recursive-rule": {
        "reach_bf(x,y) :- \n   sup_reach_bf_r1_2(x,y).": {
         "0": {
          "maxRSS": {
           "post": 16500,
           "pre": 16500
          },
          "num-tuples": 0,
          "runtime": { "start": 17226928395, "end": 17226928395},
          "source-locator": "/root/compiler/measurements/m3-5-headline-m4/family/reachability_complement/n1000/emit_guarded/transformed.dl [35:1-35:43]"
         }
        }
       },
       "runtime": { "start": 17226928394, "end": 17226928403}
      },
      "47": {
       "copytime": { "start": 17226928539, "end": 17226928540},
       "maxRSS": {
        "post": 16500,
        "pre": 16500
       },
       "num-tuples": 3,
       "recursive-rule": {
        "reach_bf(x,y) :- \n   sup_reach_bf_r1_2(x,y).": {
         "0": {
          "maxRSS": {
           "post": 16500,
           "pre": 16500
          },
          "num-tuples": 3,
          "runtime": { "start": 17226928467, "end": 17226928469},
          "source-locator": "/root/compiler/measurements/m3-5-headline-m4/family/reachability_complement/n1000/emit_guarded/transformed.dl [35:1-35:43]"
         }
        }
       },
       "runtime": { "start": 17226928467, "end": 17226928475}
      },
      "48": {
       "copytime": { "start": 17226928655, "end": 17226928665},
       "maxRSS": {
        "post": 16500,
        "pre": 16500
       },
       "num-tuples": 0,
       "recursive-rule": {
        "reach_bf(x,y) :- \n   sup_reach_bf_r1_2(x,y).": {
         "0": {
          "maxRSS": {
           "post": 16500,
           "pre": 16500
          },
          "num-tuples": 0,
          "runtime": { "start": 17226928572, "end": 17226928573},
          "source-locator": "/root/compiler/measurements/m3-5-headline-m4/family/reachability_complement/n1000/emit_guarded/transformed.dl [35:1-35:43]"
         }
        }
       },
       "runtime": { "start": 17226928563, "end": 17226928582}
      },
      "49": {
       "copytime": { "start": 17226928778, "end": 17226928781},
       "maxRSS": {
        "post": 16500,
        "pre": 16500
       },
       "num-tuples": 0,
       "recursive-rule": {
        "reach_bf(x,y) :- \n   sup_reach_bf_r1_2(x,y).": {
         "0": {
          "maxRSS": {
           "post": 16500,
           "pre": 16500
          },
          "num-tuples": 0,
          "runtime": { "start": 17226928689, "end": 17226928690},
          "source-locator": "/root/compiler/measurements/m3-5-headline-m4/family/reachability_complement/n1000/emit_guarded/transformed.dl [35:1-35:43]"
         }
        }
       },
       "runtime": { "start": 17226928680, "end": 17226928697}
      },
      "5": {
       "copytime": { "start": 17226922530, "end": 17226922533},
       "maxRSS": {
        "post": 16500,
        "pre": 16500
       },
       "num-tuples": 9,
       "recursive-rule": {
        "reach_bf(x,y) :- \n   sup_reach_bf_r1_2(x,y).": {
         "0": {
          "maxRSS": {
           "post": 16500,
           "pre": 16500
          },
          "num-tuples": 9,
          "runtime": { "start": 17226922437, "end": 17226922439},
          "source-locator": "/root/compiler/measurements/m3-5-headline-m4/family/reachability_complement/n1000/emit_guarded/transformed.dl [35:1-35:43]"
         }
        }
       },
       "runtime": { "start": 17226922428, "end": 17226922447}
      },
      "50": {
       "copytime": { "start": 17226928852, "end": 17226928853},
       "maxRSS": {
        "post": 16500,
        "pre": 16500
       },
       "num-tuples": 1,
       "recursive-rule": {
        "reach_bf(x,y) :- \n   sup_reach_bf_r1_2(x,y).": {
         "0": {
          "maxRSS": {
           "post": 16500,
           "pre": 16500
          },
          "num-tuples": 1,
          "runtime": { "start": 17226928793, "end": 17226928795},
          "source-locator": "/root/compiler/measurements/m3-5-headline-m4/family/reachability_complement/n1000/emit_guarded/transformed.dl [35:1-35:43]"
         }
        }
       },
       "runtime": { "start": 17226928792, "end": 17226928801}
      },
      "51": {
       "copytime": { "start": 17226928962, "end": 17226928963},
       "maxRSS": {
        "post": 16500,
        "pre": 16500
       },
       "num-tuples": 0,
       "recursive-rule": {
        "reach_bf(x,y) :- \n   sup_reach_bf_r1_2(x,y).": {
         "0": {
          "maxRSS": {
           "post": 16500,
           "pre": 16500
          },
          "num-tuples": 0,
          "runtime": { "start": 17226928867, "end": 17226928867},
          "source-locator": "/root/compiler/measurements/m3-5-headline-m4/family/reachability_complement/n1000/emit_guarded/transformed.dl [35:1-35:43]"
         }
        }
       },
       "runtime": { "start": 17226928866, "end": 17226928874}
      },
      "52": {
       "maxRSS": {
        "post": 16500,
        "pre": 16500
       },
       "num-tuples": 0,
       "recursive-rule": {
        "reach_bf(x,y) :- \n   sup_reach_bf_r1_2(x,y).": {
         "0": {
          "maxRSS": {
           "post": 16500,
           "pre": 16500
          },
          "num-tuples": 0,
          "runtime": { "start": 17226928989, "end": 17226928989},
          "source-locator": "/root/compiler/measurements/m3-5-headline-m4/family/reachability_complement/n1000/emit_guarded/transformed.dl [35:1-35:43]"
         }
        }
       },
       "runtime": { "start": 17226928988, "end": 17226928996}
      },
      "6": {
       "copytime": { "start": 17226922659, "end": 17226922661},
       "maxRSS": {
        "post": 16500,
        "pre": 16500
       },
       "num-tuples": 0,
       "recursive-rule": {
        "reach_bf(x,y) :- \n   sup_reach_bf_r1_2(x,y).": {
         "0": {
          "maxRSS": {
           "post": 16500,
           "pre": 16500
          },
          "num-tuples": 0,
          "runtime": { "start": 17226922564, "end": 17226922565},
          "source-locator": "/root/compiler/measurements/m3-5-headline-m4/family/reachability_complement/n1000/emit_guarded/transformed.dl [35:1-35:43]"
         }
        }
       },
       "runtime": { "start": 17226922556, "end": 17226922573}
      },
      "7": {
       "copytime": { "start": 17226922782, "end": 17226922783},
       "maxRSS": {
        "post": 16500,
        "pre": 16500
       },
       "num-tuples": 0,
       "recursive-rule": {
        "reach_bf(x,y) :- \n   sup_reach_bf_r1_2(x,y).": {
         "0": {
          "maxRSS": {
           "post": 16500,
           "pre": 16500
          },
          "num-tuples": 0,
          "runtime": { "start": 17226922681, "end": 17226922682},
          "source-locator": "/root/compiler/measurements/m3-5-headline-m4/family/reachability_complement/n1000/emit_guarded/transformed.dl [35:1-35:43]"
         }
        }
       },
       "runtime": { "start": 17226922672, "end": 17226922690}
      },
      "8": {
       "copytime": { "start": 17226922905, "end": 17226922907},
       "maxRSS": {
        "post": 16500,
        "pre": 16500
       },
       "num-tuples": 20,
       "recursive-rule": {
        "reach_bf(x,y) :- \n   sup_reach_bf_r1_2(x,y).": {
         "0": {
          "maxRSS": {
           "post": 16500,
           "pre": 16500
          },
          "num-tuples": 20,
          "runtime": { "start": 17226922817, "end": 17226922820},
          "source-locator": "/root/compiler/measurements/m3-5-headline-m4/family/reachability_complement/n1000/emit_guarded/transformed.dl [35:1-35:43]"
         }
        }
       },
       "runtime": { "start": 17226922808, "end": 17226922829}
      },
      "9": {
       "copytime": { "start": 17226923028, "end": 17226923029},
       "maxRSS": {
        "post": 16500,
        "pre": 16500
       },
       "num-tuples": 0,
       "recursive-rule": {
        "reach_bf(x,y) :- \n   sup_reach_bf_r1_2(x,y).": {
         "0": {
          "maxRSS": {
           "post": 16500,
           "pre": 16500
          },
          "num-tuples": 0,
          "runtime": { "start": 17226922930, "end": 17226922930},
          "source-locator": "/root/compiler/measurements/m3-5-headline-m4/family/reachability_complement/n1000/emit_guarded/transformed.dl [35:1-35:43]"
         }
        }
       },
       "runtime": { "start": 17226922929, "end": 17226922938}
      }
     },
     "maxRSS": {
      "post": 16500,
      "pre": 16500
     },
     "non-recursive-rule": {
      "reach_bf(x,y) :- \n   sup_reach_bf_r0_1(x,y).": {
       "atom-frequency": {
        "reach_bf(x,y) :- \n   sup_reach_bf_r0_1(x,y).": {
         "sup_reach_bf_r0_1": {
          "level": 0,
          "num-tuples": 0
         }
        }
       },
       "maxRSS": {
        "post": 16500,
        "pre": 16500
       },
       "num-tuples": 3,
       "runtime": { "start": 17226921833, "end": 17226921834},
       "source-locator": "/root/compiler/measurements/m3-5-headline-m4/family/reachability_complement/n1000/emit_guarded/transformed.dl [30:1-30:43]"
      }
     },
     "num-tuples": 3,
     "reads": 1806,
     "runtime": { "start": 17226921823, "end": 17226921841},
     "source-locator": "/root/compiler/measurements/m3-5-headline-m4/family/reachability_complement/n1000/emit_guarded/transformed.dl [17:7-17:15]"
    },
    "sup_reach_bf_r0_1": {
     "maxRSS": {
      "post": 16500,
      "pre": 16500
     },
     "non-recursive-rule": {
      "sup_reach_bf_r0_1(x,y) :- \n   magic_reach_bf(x),\n   edge(x,y).": {
       "atom-frequency": {
        "sup_reach_bf_r0_1(x,y) :- \n   magic_reach_bf(x),\n   edge(x,y).": {
         "edge": {
          "level": 1,
          "num-tuples": 0
         },
         "magic_reach_bf": {
          "level": 0,
          "num-tuples": 0
         }
        }
       },
       "maxRSS": {
        "post": 16500,
        "pre": 16500
       },
       "num-tuples": 3,
       "runtime": { "start": 17226921805, "end": 17226921810},
       "source-locator": "/root/compiler/measurements/m3-5-headline-m4/family/reachability_complement/n1000/emit_guarded/transformed.dl [29:1-29:61]"
      }
     },
     "num-tuples": 3,
     "reads": 0,
     "runtime": { "start": 17226921796, "end": 17226921818},
     "source-locator": "/root/compiler/measurements/m3-5-headline-m4/family/reachability_complement/n1000/emit_guarded/transformed.dl [16:7-16:24]"
    },
    "sup_reach_bf_r1_1": {
     "iteration": {
      "0": {
       "copytime": { "start": 17226921966, "end": 17226921969},
       "maxRSS": {
        "post": 16500,
        "pre": 16500
       },
       "num-tuples": 3,
       "recursive-rule": {
        "sup_reach_bf_r1_1(x,z) :- \n   magic_reach_bf(x),\n   reach_bf(x,z).": {
         "0": {
          "atom-frequency": {
           "@new_sup_reach_bf_r1_1(x,z) :- \n   magic_reach_bf(x),\n   @delta_reach_bf(x,z).": {
            "@delta_reach_bf": {
             "level": 1,
             "num-tuples": 0
            },
            "magic_reach_bf": {
             "level": 0,
             "num-tuples": 0
            }
           }
          },
          "maxRSS": {
           "post": 16500,
           "pre": 16500
          },
          "num-tuples": 3,
          "runtime": { "start": 17226921885, "end": 17226921888},
          "source-locator": "/root/compiler/measurements/m3-5-headline-m4/family/reachability_complement/n1000/emit_guarded/transformed.dl [32:1-32:65]"
         }
        }
       },
       "runtime": { "start": 17226921876, "end": 17226921897}
      },
      "1": {
       "copytime": { "start": 17226922075, "end": 17226922076},
       "maxRSS": {
        "post": 16500,
        "pre": 16500
       },
       "num-tuples": 0,
       "recursive-rule": {
        "sup_reach_bf_r1_1(x,z) :- \n   magic_reach_bf(x),\n   reach_bf(x,z).": {
         "0": {
          "maxRSS": {
           "post": 16500,
           "pre": 16500
          },
          "num-tuples": 0,
          "runtime": { "start": 17226922008, "end": 17226922009},
          "source-locator": "/root/compiler/measurements/m3-5-headline-m4/family/reachability_complement/n1000/emit_guarded/transformed.dl [32:1-32:65]"
         }
        }
       },
       "runtime": { "start": 17226921998, "end": 17226922017}
      },
      "10": {
       "copytime": { "start": 17226923156, "end": 17226923166},
       "maxRSS": {
        "post": 16500,
        "pre": 16500
       },
       "num-tuples": 0,
       "recursive-rule": {
        "sup_reach_bf_r1_1(x,z) :- \n   magic_reach_bf(x),\n   reach_bf(x,z).": {
         "0": {
          "maxRSS": {
           "post": 16500,
           "pre": 16500
          },
          "num-tuples": 0,
          "runtime": { "start": 17226923067, "end": 17226923067},
          "source-locator": "/root/compiler/measurements/m3-5-headline-m4/family/reachability_complement/n1000/emit_guarded/transformed.dl [32:1-32:65]"
         }
        }
       },
       "runtime": { "start": 17226923057, "end": 17226923077}
      },
      "11": {
       "copytime": { "start": 17226923300, "end": 17226923310},
       "maxRSS": {
        "post": 16500,
        "pre": 16500
       },
       "num-tuples": 0,
       "recursive-rule": {
        "sup_reach_bf_r1_1(x,z) :- \n   magic_reach_bf(x),\n   reach_bf(x,z).": {
         "0": {
          "maxRSS": {
           "post": 16500,
           "pre": 16500
          },
          "num-tuples": 0,
          "runtime": { "start": 17226923215, "end": 17226923216},
          "source-locator": "/root/compiler/measurements/m3-5-headline-m4/family/reachability_complement/n1000/emit_guarded/transformed.dl [32:1-32:65]"
         }
        }
       },
       "runtime": { "start": 17226923206, "end": 17226923228}
      },
      "12": {
       "copytime": { "start": 17226923423, "end": 17226923426},
       "maxRSS": {
        "post": 16500,
        "pre": 16500
       },
       "num-tuples": 39,
       "recursive-rule": {
        "sup_reach_bf_r1_1(x,z) :- \n   magic_reach_bf(x),\n   reach_bf(x,z).": {
         "0": {
          "maxRSS": {
           "post": 16500,
           "pre": 16500
          },
          "num-tuples": 39,
          "runtime": { "start": 17226923342, "end": 17226923347},
          "source-locator": "/root/compiler/measurements/m3-5-headline-m4/family/reachability_complement/n1000/emit_guarded/transformed.dl [32:1-32:65]"
         }
        }
       },
       "runtime": { "start": 17226923333, "end": 17226923356}
      },
      "13": {
       "copytime": { "start": 17226923570, "end": 17226923580},
       "maxRSS": {
        "post": 16500,
        "pre": 16500
       },
       "num-tuples": 0,
       "recursive-rule": {
        "sup_reach_bf_r1_1(x,z) :- \n   magic_reach_bf(x),\n   reach_bf(x,z).": {
         "0": {
          "maxRSS": {
           "post": 16500,
           "pre": 16500
          },
          "num-tuples": 0,
          "runtime": { "start": 17226923467, "end": 17226923468},
          "source-locator": "/root/compiler/measurements/m3-5-headline-m4/family/reachability_complement/n1000/emit_guarded/transformed.dl [32:1-32:65]"
         }
        }
       },
       "runtime": { "start": 17226923458, "end": 17226923479}
      },
      "14": {
       "copytime": { "start": 17226923720, "end": 17226923729},
       "maxRSS": {
        "post": 16500,
        "pre": 16500
       },
       "num-tuples": 0,
       "recursive-rule": {
        "sup_reach_bf_r1_1(x,z) :- \n   magic_reach_bf(x),\n   reach_bf(x,z).": {
         "0": {
          "maxRSS": {
           "post": 16500,
           "pre": 16500
          },
          "num-tuples": 0,
          "runtime": { "start": 17226923634, "end": 17226923635},
          "source-locator": "/root/compiler/measurements/m3-5-headline-m4/family/reachability_complement/n1000/emit_guarded/transformed.dl [32:1-32:65]"
         }
        }
       },
       "runtime": { "start": 17226923625, "end": 17226923645}
      },
      "15": {
       "copytime": { "start": 17226923857, "end": 17226923871},
       "maxRSS": {
        "post": 16500,
        "pre": 16500
       },
       "num-tuples": 70,
       "recursive-rule": {
        "sup_reach_bf_r1_1(x,z) :- \n   magic_reach_bf(x),\n   reach_bf(x,z).": {
         "0": {
          "maxRSS": {
           "post": 16500,
           "pre": 16500
          },
          "num-tuples": 70,
          "runtime": { "start": 17226923772, "end": 17226923780},
          "source-locator": "/root/compiler/measurements/m3-5-headline-m4/family/reachability_complement/n1000/emit_guarded/transformed.dl [32:1-32:65]"
         }
        }
       },
       "runtime": { "start": 17226923763, "end": 17226923789}
      },
      "16": {
       "copytime": { "start": 17226924065, "end": 17226924068},
       "maxRSS": {
        "post": 16500,
        "pre": 16500
       },
       "num-tuples": 0,
       "recursive-rule": {
        "sup_reach_bf_r1_1(x,z) :- \n   magic_reach_bf(x),\n   reach_bf(x,z).": {
         "0": {
          "maxRSS": {
           "post": 16500,
           "pre": 16500
          },
          "num-tuples": 0,
          "runtime": { "start": 17226923938, "end": 17226923939},
          "source-locator": "/root/compiler/measurements/m3-5-headline-m4/family/reachability_complement/n1000/emit_guarded/transformed.dl [32:1-32:65]"
         }
        }
       },
       "runtime": { "start": 17226923928, "end": 17226923950}
      },
      "17": {
       "copytime": { "start": 17226924222, "end": 17226924231},
       "maxRSS": {
        "post": 16500,
        "pre": 16500
       },
       "num-tuples": 0,
       "recursive-rule": {
        "sup_reach_bf_r1_1(x,z) :- \n   magic_reach_bf(x),\n   reach_bf(x,z).": {
         "0": {
          "maxRSS": {
           "post": 16500,
           "pre": 16500
          },
          "num-tuples": 0,
          "runtime": { "start": 17226924132, "end": 17226924133},
          "source-locator": "/root/compiler/measurements/m3-5-headline-m4/family/reachability_complement/n1000/emit_guarded/transformed.dl [32:1-32:65]"
         }
        }
       },
       "runtime": { "start": 17226924123, "end": 17226924143}
      },
      "18": {
       "copytime": { "start": 17226924364, "end": 17226924381},
       "maxRSS": {
        "post": 16500,
        "pre": 16500
       },
       "num-tuples": 113,
       "recursive-rule": {
        "sup_reach_bf_r1_1(x,z) :- \n   magic_reach_bf(x),\n   reach_bf(x,z).": {
         "0": {
          "maxRSS": {
           "post": 16500,
           "pre": 16500
          },
          "num-tuples": 113,
          "runtime": { "start": 17226924273, "end": 17226924286},
          "source-locator": "/root/compiler/measurements/m3-5-headline-m4/family/reachability_complement/n1000/emit_guarded/transformed.dl [32:1-32:65]"
         }
        }
       },
       "runtime": { "start": 17226924264, "end": 17226924296}
      },
      "19": {
       "copytime": { "start": 17226924552, "end": 17226924561},
       "maxRSS": {
        "post": 16500,
        "pre": 16500
       },
       "num-tuples": 0,
       "recursive-rule": {
        "sup_reach_bf_r1_1(x,z) :- \n   magic_reach_bf(x),\n   reach_bf(x,z).": {
         "0": {
          "maxRSS": {
           "post": 16500,
           "pre": 16500
          },
          "num-tuples": 0,
          "runtime": { "start": 17226924422, "end": 17226924423},
          "source-locator": "/root/compiler/measurements/m3-5-headline-m4/family/reachability_complement/n1000/emit_guarded/transformed.dl [32:1-32:65]"
         }
        }
       },
       "runtime": { "start": 17226924413, "end": 17226924433}
      },
      "2": {
       "copytime": { "start": 17226922193, "end": 17226922196},
       "maxRSS": {
        "post": 16500,
        "pre": 16500
       },
       "num-tuples": 0,
       "recursive-rule": {
        "sup_reach_bf_r1_1(x,z) :- \n   magic_reach_bf(x),\n   reach_bf(x,z).": {
         "0": {
          "maxRSS": {
           "post": 16500,
           "pre": 16500
          },
          "num-tuples": 0,
          "runtime": { "start": 17226922116, "end": 17226922117},
          "source-locator": "/root/compiler/measurements/m3-5-headline-m4/family/reachability_complement/n1000/emit_guarded/transformed.dl [32:1-32:65]"
         }
        }
       },
       "runtime": { "start": 17226922107, "end": 17226922125}
      },
      "20": {
       "copytime": { "start": 17226924723, "end": 17226924731},
       "maxRSS": {
        "post": 16500,
        "pre": 16500
       },
       "num-tuples": 0,
       "recursive-rule": {
        "sup_reach_bf_r1_1(x,z) :- \n   magic_reach_bf(x),\n   reach_bf(x,z).": {
         "0": {
          "maxRSS": {
           "post": 16500,
           "pre": 16500
          },
          "num-tuples": 0,
          "runtime": { "start": 17226924631, "end": 17226924632},
          "source-locator": "/root/compiler/measurements/m3-5-headline-m4/family/reachability_complement/n1000/emit_guarded/transformed.dl [32:1-32:65]"
         }
        }
       },
       "runtime": { "start": 17226924622, "end": 17226924643}
      },
      "21": {
       "copytime": { "start": 17226924867, "end": 17226924886},
       "maxRSS": {
        "post": 16500,
        "pre": 16500
       },
       "num-tuples": 139,
       "recursive-rule": {
        "sup_reach_bf_r1_1(x,z) :- \n   magic_reach_bf(x),\n   reach_bf(x,z).": {
         "0": {
          "maxRSS": {
           "post": 16500,
           "pre": 16500
          },
          "num-tuples": 139,
          "runtime": { "start": 17226924773, "end": 17226924789},
          "source-locator": "/root/compiler/measurements/m3-5-headline-m4/family/reachability_complement/n1000/emit_guarded/transformed.dl [32:1-32:65]"
         }
        }
       },
       "runtime": { "start": 17226924765, "end": 17226924799}
      },
      "22": {
       "copytime": { "start": 17226925134, "end": 17226925136},
       "maxRSS": {
        "post": 16500,
        "pre": 16500
       },
       "num-tuples": 0,
       "recursive-rule": {
        "sup_reach_bf_r1_1(x,z) :- \n   magic_reach_bf(x),\n   reach_bf(x,z).": {
         "0": {
          "maxRSS": {
           "post": 16500,
           "pre": 16500
          },
          "num-tuples": 0,
          "runtime": { "start": 17226924927, "end": 17226924927},
          "source-locator": "/root/compiler/measurements/m3-5-headline-m4/family/reachability_complement/n1000/emit_guarded/transformed.dl [32:1-32:65]"
         }
        }
       },
       "runtime": { "start": 17226924918, "end": 17226924937}
      },
      "23": {
       "copytime": { "start": 17226925371, "end": 17226925403},
       "maxRSS": {
        "post": 16500,
        "pre": 16500
       },
       "num-tuples": 0,
       "recursive-rule": {
        "sup_reach_bf_r1_1(x,z) :- \n   magic_reach_bf(x),\n   reach_bf(x,z).": {
         "0": {
          "maxRSS": {
           "post": 16500,
           "pre": 16500
          },
          "num-tuples": 0,
          "runtime": { "start": 17226925241, "end": 17226925242},
          "source-locator": "/root/compiler/measurements/m3-5-headline-m4/family/reachability_complement/n1000/emit_guarded/transformed.dl [32:1-32:65]"
         }
        }
       },
       "runtime": { "start": 17226925223, "end": 17226925277}
      },
      "24": {
       "copytime": { "start": 17226925588, "end": 17226925603},
       "maxRSS": {
        "post": 16500,
        "pre": 16500
       },
       "num-tuples": 154,
       "recursive-rule": {
        "sup_reach_bf_r1_1(x,z) :- \n   magic_reach_bf(x),\n   reach_bf(x,z).": {
         "0": {
          "maxRSS": {
           "post": 16500,
           "pre": 16500
          },
          "num-tuples": 154,
          "runtime": { "start": 17226925437, "end": 17226925457},
          "source-locator": "/root/compiler/measurements/m3-5-headline-m4/family/reachability_complement/n1000/emit_guarded/transformed.dl [32:1-32:65]"
         }
        }
       },
       "runtime": { "start": 17226925427, "end": 17226925468}
      },
      "25": {
       "copytime": { "start": 17226925830, "end": 17226925831},
       "maxRSS": {
        "post": 16500,
        "pre": 16500
       },
       "num-tuples": 0,
       "recursive-rule": {
        "sup_reach_bf_r1_1(x,z) :- \n   magic_reach_bf(x),\n   reach_bf(x,z).": {
         "0": {
          "maxRSS": {
           "post": 16500,
           "pre": 16500
          },
          "num-tuples": 0,
          "runtime": { "start": 17226925650, "end": 17226925651},
          "source-locator": "/root/compiler/measurements/m3-5-headline-m4/family/reachability_complement/n1000/emit_guarded/transformed.dl [32:1-32:65]"
         }
        }
       },
       "runtime": { "start": 17226925641, "end": 17226925660}
      },
      "26": {
       "copytime": { "start": 17226925933, "end": 17226925943},
       "maxRSS": {
        "post": 16500,
        "pre": 16500
       },
       "num-tuples": 0,
       "recursive-rule": {
        "sup_reach_bf_r1_1(x,z) :- \n   magic_reach_bf(x),\n   reach_bf(x,z).": {
         "0": {
          "maxRSS": {
           "post": 16500,
           "pre": 16500
          },
          "num-tuples": 0,
          "runtime": { "start": 17226925884, "end": 17226925884},
          "source-locator": "/root/compiler/measurements/m3-5-headline-m4/family/reachability_complement/n1000/emit_guarded/transformed.dl [32:1-32:65]"
         }
        }
       },
       "runtime": { "start": 17226925883, "end": 17226925891}
      },
      "27": {
       "copytime": { "start": 17226926107, "end": 17226926127},
       "maxRSS": {
        "post": 16500,
        "pre": 16500
       },
       "num-tuples": 131,
       "recursive-rule": {
        "sup_reach_bf_r1_1(x,z) :- \n   magic_reach_bf(x),\n   reach_bf(x,z).": {
         "0": {
          "maxRSS": {
           "post": 16500,
           "pre": 16500
          },
          "num-tuples": 131,
          "runtime": { "start": 17226925984, "end": 17226926005},
          "source-locator": "/root/compiler/measurements/m3-5-headline-m4/family/reachability_complement/n1000/emit_guarded/transformed.dl [32:1-32:65]"
         }
        }
       },
       "runtime": { "start": 17226925966, "end": 17226926032}
      },
      "28": {
       "copytime": { "start": 17226926305, "end": 17226926306},
       "maxRSS": {
        "post": 16500,
        "pre": 16500
       },
       "num-tuples": 0,
       "recursive-rule": {
        "sup_reach_bf_r1_1(x,z) :- \n   magic_reach_bf(x),\n   reach_bf(x,z).": {
         "0": {
          "maxRSS": {
           "post": 16500,
           "pre": 16500
          },
          "num-tuples": 0,
          "runtime": { "start": 17226926176, "end": 17226926177},
          "source-locator": "/root/compiler/measurements/m3-5-headline-m4/family/reachability_complement/n1000/emit_guarded/transformed.dl [32:1-32:65]"
         }
        }
       },
       "runtime": { "start": 17226926167, "end": 17226926188}
      },
      "29": {
       "copytime": { "start": 17226926442, "end": 17226926452},
       "maxRSS": {
        "post": 16500,
        "pre": 16500
       },
       "num-tuples": 0,
       "recursive-rule": {
        "sup_reach_bf_r1_1(x,z) :- \n   magic_reach_bf(x),\n   reach_bf(x,z).": {
         "0": {
          "maxRSS": {
           "post": 16500,
           "pre": 16500
          },
          "num-tuples": 0,
          "runtime": { "start": 17226926365, "end": 17226926366},
          "source-locator": "/root/compiler/measurements/m3-5-headline-m4/family/reachability_complement/n1000/emit_guarded/transformed.dl [32:1-32:65]"
         }
        }
       },
       "runtime": { "start": 17226926356, "end": 17226926377}
      },
      "3": {
       "copytime": { "start": 17226922301, "end": 17226922310},
       "maxRSS": {
        "post": 16500,
        "pre": 16500
       },
       "num-tuples": 6,
       "recursive-rule": {
        "sup_reach_bf_r1_1(x,z) :- \n   magic_reach_bf(x),\n   reach_bf(x,z).": {
         "0": {
          "maxRSS": {
           "post": 16500,
           "pre": 16500
          },
          "num-tuples": 6,
          "runtime": { "start": 17226922223, "end": 17226922225},
          "source-locator": "/root/compiler/measurements/m3-5-headline-m4/family/reachability_complement/n1000/emit_guarded/transformed.dl [32:1-32:65]"
         }
        }
       },
       "runtime": { "start": 17226922214, "end": 17226922233}
      },
      "30": {
       "copytime": { "start": 17226926561, "end": 17226926568},
       "maxRSS": {
        "post": 16500,
        "pre": 16500
       },
       "num-tuples": 72,
       "recursive-rule": {
        "sup_reach_bf_r1_1(x,z) :- \n   magic_reach_bf(x),\n   reach_bf(x,z).": {
         "0": {
          "maxRSS": {
           "post": 16500,
           "pre": 16500
          },
          "num-tuples": 72,
          "runtime": { "start": 17226926486, "end": 17226926496},
          "source-locator": "/root/compiler/measurements/m3-5-headline-m4/family/reachability_complement/n1000/emit_guarded/transformed.dl [32:1-32:65]"
         }
        }
       },
       "runtime": { "start": 17226926486, "end": 17226926504}
      },
      "31": {
       "copytime": { "start": 17226926668, "end": 17226926669},
       "maxRSS": {
        "post": 16500,
        "pre": 16500
       },
       "num-tuples": 0,
       "recursive-rule": {
        "sup_reach_bf_r1_1(x,z) :- \n   magic_reach_bf(x),\n   reach_bf(x,z).": {
         "0": {
          "maxRSS": {
           "post": 16500,
           "pre": 16500
          },
          "num-tuples": 0,
          "runtime": { "start": 17226926586, "end": 17226926587},
          "source-locator": "/root/compiler/measurements/m3-5-headline-m4/family/reachability_complement/n1000/emit_guarded/transformed.dl [32:1-32:65]"
         }
        }
       },
       "runtime": { "start": 17226926586, "end": 17226926594}
      },
      "32": {
       "copytime": { "start": 17226926790, "end": 17226926800},
       "maxRSS": {
        "post": 16500,
        "pre": 16500
       },
       "num-tuples": 0,
       "recursive-rule": {
        "sup_reach_bf_r1_1(x,z) :- \n   magic_reach_bf(x),\n   reach_bf(x,z).": {
         "0": {
          "maxRSS": {
           "post": 16500,
           "pre": 16500
          },
          "num-tuples": 0,
          "runtime": { "start": 17226926715, "end": 17226926716},
          "source-locator": "/root/compiler/measurements/m3-5-headline-m4/family/reachability_complement/n1000/emit_guarded/transformed.dl [32:1-32:65]"
         }
        }
       },
       "runtime": { "start": 17226926699, "end": 17226926725}
      },
      "33": {
       "copytime": { "start": 17226926867, "end": 17226926870},
       "maxRSS": {
        "post": 16500,
        "pre": 16500
       },
       "num-tuples": 30,
       "recursive-rule": {
        "sup_reach_bf_r1_1(x,z) :- \n   magic_reach_bf(x),\n   reach_bf(x,z).": {
         "0": {
          "maxRSS": {
           "post": 16500,
           "pre": 16500
          },
          "num-tuples": 30,
          "runtime": { "start": 17226926822, "end": 17226926827},
          "source-locator": "/root/compiler/measurements/m3-5-headline-m4/family/reachability_complement/n1000/emit_guarded/transformed.dl [32:1-32:65]"
         }
        }
       },
       "runtime": { "start": 17226926822, "end": 17226926834}
      },
      "34": {
       "copytime": { "start": 17226926968, "end": 17226926978},
       "maxRSS": {
        "post": 16500,
        "pre": 16500
       },
       "num-tuples": 0,
       "recursive-rule": {
        "sup_reach_bf_r1_1(x,z) :- \n   magic_reach_bf(x),\n   reach_bf(x,z).": {
         "0": {
          "maxRSS": {
           "post": 16500,
           "pre": 16500
          },
          "num-tuples": 0,
          "runtime": { "start": 17226926886, "end": 17226926887},
          "source-locator": "/root/compiler/measurements/m3-5-headline-m4/family/reachability_complement/n1000/emit_guarded/transformed.dl [32:1-32:65]"
         }
        }
       },
       "runtime": { "start": 17226926886, "end": 17226926910}
      },
      "35": {
       "copytime": { "start": 17226927083, "end": 17226927084},
       "maxRSS": {
        "post": 16500,
        "pre": 16500
       },
       "num-tuples": 0,
       "recursive-rule": {
        "sup_reach_bf_r1_1(x,z) :- \n   magic_reach_bf(x),\n   reach_bf(x,z).": {
         "0": {
          "maxRSS": {
           "post": 16500,
           "pre": 16500
          },
          "num-tuples": 0,
          "runtime": { "start": 17226927015, "end": 17226927015},
          "source-locator": "/root/compiler/measurements/m3-5-headline-m4/family/reachability_complement/n1000/emit_guarded/transformed.dl [32:1-32:65]"
         }
        }
       },
       "runtime": { "start": 17226927005, "end": 17226927025}
      },
      "36": {
       "copytime": { "start": 17226927200, "end": 17226927202},
       "maxRSS": {
        "post": 16500,
        "pre": 16500
       },
       "num-tuples": 9,
       "recursive-rule": {
        "sup_reach_bf_r1_1(x,z) :- \n   magic_reach_bf(x),\n   reach_bf(x,z).": {
         "0": {
          "maxRSS": {
           "post": 16500,
           "pre": 16500
          },
          "num-tuples": 9,
          "runtime": { "start": 17226927114, "end": 17226927117},
          "source-locator": "/root/compiler/measurements/m3-5-headline-m4/family/reachability_complement/n1000/emit_guarded/transformed.dl [32:1-32:65]"
         }
        }
       },
       "runtime": { "start": 17226927104, "end": 17226927128}
      },
      "37": {
       "copytime": { "start": 17226927314, "end": 17226927323},
       "maxRSS": {
        "post": 16500,
        "pre": 16500
       },
       "num-tuples": 0,
       "recursive-rule": {
        "sup_reach_bf_r1_1(x,z) :- \n   magic_reach_bf(x),\n   reach_bf(x,z).": {
         "0": {
          "maxRSS": {
           "post": 16500,
           "pre": 16500
          },
          "num-tuples": 0,
          "runtime": { "start": 17226927248, "end": 17226927249},
          "source-locator": "/root/compiler/measurements/m3-5-headline-m4/family/reachability_complement/n1000/emit_guarded/transformed.dl [32:1-32:65]"
         }
        }
       },
       "runtime": { "start": 17226927238, "end": 17226927258}
      },
      "38": {
       "copytime": { "start": 17226927454, "end": 17226927463},
       "maxRSS": {
        "post": 16500,
        "pre": 16500
       },
       "num-tuples": 0,
       "recursive-rule": {
        "sup_reach_bf_r1_1(x,z) :- \n   magic_reach_bf(x),\n   reach_bf(x,z).": {
         "0": {
          "maxRSS": {
           "post": 16500,
           "pre": 16500
          },
          "num-tuples": 0,
          "runtime": { "start": 17226927370, "end": 17226927371},
          "source-locator": "/root/compiler/measurements/m3-5-headline-m4/family/reachability_complement/n1000/emit_guarded/transformed.dl [32:1-32:65]"
         }
        }
       },
       "runtime": { "start": 17226927360, "end": 17226927380}
      },
      "39": {
       "copytime": { "start": 17226927584, "end": 17226927585},
       "maxRSS": {
        "post": 16500,
        "pre": 16500
       },
       "num-tuples": 4,
       "recursive-rule": {
        "sup_reach_bf_r1_1(x,z) :- \n   magic_reach_bf(x),\n   reach_bf(x,z).": {
         "0": {
          "maxRSS": {
           "post": 16500,
           "pre": 16500
          },
          "num-tuples": 4,
          "runtime": { "start": 17226927515, "end": 17226927518},
          "source-locator": "/root/compiler/measurements/m3-5-headline-m4/family/reachability_complement/n1000/emit_guarded/transformed.dl [32:1-32:65]"
         }
        }
       },
       "runtime": { "start": 17226927498, "end": 17226927528}
      },
      "4": {
       "copytime": { "start": 17226922419, "end": 17226922421},
       "maxRSS": {
        "post": 16500,
        "pre": 16500
       },
       "num-tuples": 0,
       "recursive-rule": {
        "sup_reach_bf_r1_1(x,z) :- \n   magic_reach_bf(x),\n   reach_bf(x,z).": {
         "0": {
          "maxRSS": {
           "post": 16500,
           "pre": 16500
          },
          "num-tuples": 0,
          "runtime": { "start": 17226922340, "end": 17226922341},
          "source-locator": "/root/compiler/measurements/m3-5-headline-m4/family/reachability_complement/n1000/emit_guarded/transformed.dl [32:1-32:65]"
         }
        }
       },
       "runtime": { "start": 17226922331, "end": 17226922349}
      },
      "40": {
       "copytime": { "start": 17226927721, "end": 17226927721},
       "maxRSS": {
        "post": 16500,
        "pre": 16500
       },
       "num-tuples": 0,
       "recursive-rule": {
        "sup_reach_bf_r1_1(x,z) :- \n   magic_reach_bf(x),\n   reach_bf(x,z).": {
         "0": {
          "maxRSS": {
           "post": 16500,
           "pre": 16500
          },
          "num-tuples": 0,
          "runtime": { "start": 17226927634, "end": 17226927635},
          "source-locator": "/root/compiler/measurements/m3-5-headline-m4/family/reachability_complement/n1000/emit_guarded/transformed.dl [32:1-32:65]"
         }
        }
       },
       "runtime": { "start": 17226927618, "end": 17226927645}
      },
      "41": {
       "copytime": { "start": 17226927870, "end": 17226927881},
       "maxRSS": {
        "post": 16500,
        "pre": 16500
       },
       "num-tuples": 0,
       "recursive-rule": {
        "sup_reach_bf_r1_1(x,z) :- \n   magic_reach_bf(x),\n   reach_bf(x,z).": {
         "0": {
          "maxRSS": {
           "post": 16500,
           "pre": 16500
          },
          "num-tuples": 0,
          "runtime": { "start": 17226927777, "end": 17226927778},
          "source-locator": "/root/compiler/measurements/m3-5-headline-m4/family/reachability_complement/n1000/emit_guarded/transformed.dl [32:1-32:65]"
         }
        }
       },
       "runtime": { "start": 17226927766, "end": 17226927789}
      },
      "42": {
       "copytime": { "start": 17226927995, "end": 17226928025},
       "maxRSS": {
        "post": 16500,
        "pre": 16500
       },
       "num-tuples": 2,
       "recursive-rule": {
        "sup_reach_bf_r1_1(x,z) :- \n   magic_reach_bf(x),\n   reach_bf(x,z).": {
         "0": {
          "maxRSS": {
           "post": 16500,
           "pre": 16500
          },
          "num-tuples": 2,
          "runtime": { "start": 17226927917, "end": 17226927919},
          "source-locator": "/root/compiler/measurements/m3-5-headline-m4/family/reachability_complement/n1000/emit_guarded/transformed.dl [32:1-32:65]"
         }
        }
       },
       "runtime": { "start": 17226927907, "end": 17226927933}
      },
      "43": {
       "copytime": { "start": 17226928138, "end": 17226928148},
       "maxRSS": {
        "post": 16500,
        "pre": 16500
       },
       "num-tuples": 0,
       "recursive-rule": {
        "sup_reach_bf_r1_1(x,z) :- \n   magic_reach_bf(x),\n   reach_bf(x,z).": {
         "0": {
          "maxRSS": {
           "post": 16500,
           "pre": 16500
          },
          "num-tuples": 0,
          "runtime": { "start": 17226928060, "end": 17226928061},
          "source-locator": "/root/compiler/measurements/m3-5-headline-m4/family/reachability_complement/n1000/emit_guarded/transformed.dl [32:1-32:65]"
         }
        }
       },
       "runtime": { "start": 17226928050, "end": 17226928070}
      },
      "44": {
       "copytime": { "start": 17226928265, "end": 17226928266},
       "maxRSS": {
        "post": 16500,
        "pre": 16500
       },
       "num-tuples": 0,
       "recursive-rule": {
        "sup_reach_bf_r1_1(x,z) :- \n   magic_reach_bf(x),\n   reach_bf(x,z).": {
         "0": {
          "maxRSS": {
           "post": 16500,
           "pre": 16500
          },
          "num-tuples": 0,
          "runtime": { "start": 17226928196, "end": 17226928197},
          "source-locator": "/root/compiler/measurements/m3-5-headline-m4/family/reachability_complement/n1000/emit_guarded/transformed.dl [32:1-32:65]"
         }
        }
       },
       "runtime": { "start": 17226928183, "end": 17226928208}
      },
      "45": {
       "copytime": { "start": 17226928373, "end": 17226928374},
       "maxRSS": {
        "post": 16500,
        "pre": 16500
       },
       "num-tuples": 2,
       "recursive-rule": {
        "sup_reach_bf_r1_1(x,z) :- \n   magic_reach_bf(x),\n   reach_bf(x,z).": {
         "0": {
          "maxRSS": {
           "post": 16500,
           "pre": 16500
          },
          "num-tuples": 2,
          "runtime": { "start": 17226928293, "end": 17226928294},
          "source-locator": "/root/compiler/measurements/m3-5-headline-m4/family/reachability_complement/n1000/emit_guarded/transformed.dl [32:1-32:65]"
         }
        }
       },
       "runtime": { "start": 17226928284, "end": 17226928304}
      },
      "46": {
       "copytime": { "start": 17226928460, "end": 17226928460},
       "maxRSS": {
        "post": 16500,
        "pre": 16500
       },
       "num-tuples": 0,
       "recursive-rule": {
        "sup_reach_bf_r1_1(x,z) :- \n   magic_reach_bf(x),\n   reach_bf(x,z).": {
         "0": {
          "maxRSS": {
           "post": 16500,
           "pre": 16500
          },
          "num-tuples": 0,
          "runtime": { "start": 17226928417, "end": 17226928418},
          "source-locator": "/root/compiler/measurements/m3-5-headline-m4/family/reachability_complement/n1000/emit_guarded/transformed.dl [32:1-32:65]"
         }
        }
       },
       "runtime": { "start": 17226928408, "end": 17226928427}
      },
      "47": {
       "copytime": { "start": 17226928543, "end": 17226928553},
       "maxRSS": {
        "post": 16500,
        "pre": 16500
       },
       "num-tuples": 0,
       "recursive-rule": {
        "sup_reach_bf_r1_1(x,z) :- \n   magic_reach_bf(x),\n   reach_bf(x,z).": {
         "0": {
          "maxRSS": {
           "post": 16500,
           "pre": 16500
          },
          "num-tuples": 0,
          "runtime": { "start": 17226928488, "end": 17226928488},
          "source-locator": "/root/compiler/measurements/m3-5-headline-m4/family/reachability_complement/n1000/emit_guarded/transformed.dl [32:1-32:65]"
         }
        }
       },
       "runtime": { "start": 17226928478, "end": 17226928498}
      },
      "48": {
       "copytime": { "start": 17226928670, "end": 17226928671},
       "maxRSS": {
        "post": 16500,
        "pre": 16500
       },
       "num-tuples": 3,
       "recursive-rule": {
        "sup_reach_bf_r1_1(x,z) :- \n   magic_reach_bf(x),\n   reach_bf(x,z).": {
         "0": {
          "maxRSS": {
           "post": 16500,
           "pre": 16500
          },
          "num-tuples": 3,
          "runtime": { "start": 17226928596, "end": 17226928598},
          "source-locator": "/root/compiler/measurements/m3-5-headline-m4/family/reachability_complement/n1000/emit_guarded/transformed.dl [32:1-32:65]"
         }
        }
       },
       "runtime": { "start": 17226928586, "end": 17226928610}
      },
      "49": {
       "copytime": { "start": 17226928784, "end": 17226928785},
       "maxRSS": {
        "post": 16500,
        "pre": 16500
       },
       "num-tuples": 0,
       "recursive-rule": {
        "sup_reach_bf_r1_1(x,z) :- \n   magic_reach_bf(x),\n   reach_bf(x,z).": {
         "0": {
          "maxRSS": {
           "post": 16500,
           "pre": 16500
          },
          "num-tuples": 0,
          "runtime": { "start": 17226928710, "end": 17226928711},
          "source-locator": "/root/compiler/measurements/m3-5-headline-m4/family/reachability_complement/n1000/emit_guarded/transformed.dl [32:1-32:65]"
         }
        }
       },
       "runtime": { "start": 17226928701, "end": 17226928721}
      },
      "5": {
       "copytime": { "start": 17226922537, "end": 17226922546},
       "maxRSS": {
        "post": 16500,
        "pre": 16500
       },
       "num-tuples": 0,
       "recursive-rule": {
        "sup_reach_bf_r1_1(x,z) :- \n   magic_reach_bf(x),\n   reach_bf(x,z).": {
         "0": {
          "maxRSS": {
           "post": 16500,
           "pre": 16500
          },
          "num-tuples": 0,
          "runtime": { "start": 17226922460, "end": 17226922461},
          "source-locator": "/root/compiler/measurements/m3-5-headline-m4/family/reachability_complement/n1000/emit_guarded/transformed.dl [32:1-32:65]"
         }
        }
       },
       "runtime": { "start": 17226922451, "end": 17226922469}
      },
      "50": {
       "copytime": { "start": 17226928856, "end": 17226928857},
       "maxRSS": {
        "post": 16500,
        "pre": 16500
       },
       "num-tuples": 0,
       "recursive-rule": {
        "sup_reach_bf_r1_1(x,z) :- \n   magic_reach_bf(x),\n   reach_bf(x,z).": {
         "0": {
          "maxRSS": {
           "post": 16500,
           "pre": 16500
          },
          "num-tuples": 0,
          "runtime": { "start": 17226928807, "end": 17226928807},
          "source-locator": "/root/compiler/measurements/m3-5-headline-m4/family/reachability_complement/n1000/emit_guarded/transformed.dl [32:1-32:65]"
         }
        }
       },
       "runtime": { "start": 17226928806, "end": 17226928813}
      },
      "51": {
       "copytime": { "start": 17226928967, "end": 17226928977},
       "maxRSS": {
        "post": 16500,
        "pre": 16500
       },
       "num-tuples": 1,
       "recursive-rule": {
        "sup_reach_bf_r1_1(x,z) :- \n   magic_reach_bf(x),\n   reach_bf(x,z).": {
         "0": {
          "maxRSS": {
           "post": 16500,
           "pre": 16500
          },
          "num-tuples": 1,
          "runtime": { "start": 17226928887, "end": 17226928888},
          "source-locator": "/root/compiler/measurements/m3-5-headline-m4/family/reachability_complement/n1000/emit_guarded/transformed.dl [32:1-32:65]"
         }
        }
       },
       "runtime": { "start": 17226928877, "end": 17226928897}
      },
      "52": {
       "maxRSS": {
        "post": 16500,
        "pre": 16500
       },
       "num-tuples": 0,
       "recursive-rule": {
        "sup_reach_bf_r1_1(x,z) :- \n   magic_reach_bf(x),\n   reach_bf(x,z).": {
         "0": {
          "maxRSS": {
           "post": 16500,
           "pre": 16500
          },
          "num-tuples": 0,
          "runtime": { "start": 17226929009, "end": 17226929010},
          "source-locator": "/root/compiler/measurements/m3-5-headline-m4/family/reachability_complement/n1000/emit_guarded/transformed.dl [32:1-32:65]"
         }
        }
       },
       "runtime": { "start": 17226929000, "end": 17226929020}
      },
      "6": {
       "copytime": { "start": 17226922664, "end": 17226922665},
       "maxRSS": {
        "post": 16500,
        "pre": 16500
       },
       "num-tuples": 9,
       "recursive-rule": {
        "sup_reach_bf_r1_1(x,z) :- \n   magic_reach_bf(x),\n   reach_bf(x,z).": {
         "0": {
          "maxRSS": {
           "post": 16500,
           "pre": 16500
          },
          "num-tuples": 9,
          "runtime": { "start": 17226922586, "end": 17226922588},
          "source-locator": "/root/compiler/measurements/m3-5-headline-m4/family/reachability_complement/n1000/emit_guarded/transformed.dl [32:1-32:65]"
         }
        }
       },
       "runtime": { "start": 17226922577, "end": 17226922597}
      },
      "7": {
       "copytime": { "start": 17226922787, "end": 17226922796},
       "maxRSS": {
        "post": 16500,
        "pre": 16500
       },
       "num-tuples": 0,
       "recursive-rule": {
        "sup_reach_bf_r1_1(x,z) :- \n   magic_reach_bf(x),\n   reach_bf(x,z).": {
         "0": {
          "maxRSS": {
           "post": 16500,
           "pre": 16500
          },
          "num-tuples": 0,
          "runtime": { "start": 17226922704, "end": 17226922704},
          "source-locator": "/root/compiler/measurements/m3-5-headline-m4/family/reachability_complement/n1000/emit_guarded/transformed.dl [32:1-32:65]"
         }
        }
       },
       "runtime": { "start": 17226922695, "end": 17226922714}
      },
      "8": {
       "copytime": { "start": 17226922911, "end": 17226922920},
       "maxRSS": {
        "post": 16500,
        "pre": 16500
       },
       "num-tuples": 0,
       "recursive-rule": {
        "sup_reach_bf_r1_1(x,z) :- \n   magic_reach_bf(x),\n   reach_bf(x,z).": {
         "0": {
          "maxRSS": {
           "post": 16500,
           "pre": 16500
          },
          "num-tuples": 0,
          "runtime": { "start": 17226922842, "end": 17226922843},
          "source-locator": "/root/compiler/measurements/m3-5-headline-m4/family/reachability_complement/n1000/emit_guarded/transformed.dl [32:1-32:65]"
         }
        }
       },
       "runtime": { "start": 17226922833, "end": 17226922852}
      },
      "9": {
       "copytime": { "start": 17226923033, "end": 17226923034},
       "maxRSS": {
        "post": 16500,
        "pre": 16500
       },
       "num-tuples": 20,
       "recursive-rule": {
        "sup_reach_bf_r1_1(x,z) :- \n   magic_reach_bf(x),\n   reach_bf(x,z).": {
         "0": {
          "maxRSS": {
           "post": 16500,
           "pre": 16500
          },
          "num-tuples": 20,
          "runtime": { "start": 17226922950, "end": 17226922954},
          "source-locator": "/root/compiler/measurements/m3-5-headline-m4/family/reachability_complement/n1000/emit_guarded/transformed.dl [32:1-32:65]"
         }
        }
       },
       "runtime": { "start": 17226922941, "end": 17226922963}
      }
     },
     "num-tuples": 0,
     "reads": 807,
     "source-locator": "/root/compiler/measurements/m3-5-headline-m4/family/reachability_complement/n1000/emit_guarded/transformed.dl [19:7-19:24]"
    },
    "sup_reach_bf_r1_2": {
     "iteration": {
      "0": {
       "copytime": { "start": 17226921972, "end": 17226921973},
       "maxRSS": {
        "post": 16500,
        "pre": 16500
       },
       "num-tuples": 0,
       "recursive-rule": {
        "sup_reach_bf_r1_2(x,y) :- \n   sup_reach_bf_r1_1(x,z),\n   edge(z,y).": {
         "0": {
          "atom-frequency": {
           "@new_sup_reach_bf_r1_2(x,y) :- \n   @delta_sup_reach_bf_r1_1(x,z),\n   edge(z,y).": {
            "@delta_sup_reach_bf_r1_1": {
             "level": 0,
             "num-tuples": 0
            },
            "edge": {
             "level": 1,
             "num-tuples": 0
            }
           }
          },
          "maxRSS": {
           "post": 16500,
           "pre": 16500
          },
          "num-tuples": 0,
          "runtime": { "start": 17226921911, "end": 17226921912},
          "source-locator": "/root/compiler/measurements/m3-5-headline-m4/family/reachability_complement/n1000/emit_guarded/transformed.dl [33:1-33:64]"
         }
        }
       },
       "runtime": { "start": 17226921902, "end": 17226921921}
      },
      "1": {
       "copytime": { "start": 17226922079, "end": 17226922088},
       "maxRSS": {
        "post": 16500,
        "pre": 16500
       },
       "num-tuples": 6,
       "recursive-rule": {
        "sup_reach_bf_r1_2(x,y) :- \n   sup_reach_bf_r1_1(x,z),\n   edge(z,y).": {
         "0": {
          "maxRSS": {
           "post": 16500,
           "pre": 16500
          },
          "num-tuples": 6,
          "runtime": { "start": 17226922031, "end": 17226922034},
          "source-locator": "/root/compiler/measurements/m3-5-headline-m4/family/reachability_complement/n1000/emit_guarded/transformed.dl [33:1-33:64]"
         }
        }
       },
       "runtime": { "start": 17226922022, "end": 17226922043}
      },
      "10": {
       "copytime": { "start": 17226923171, "end": 17226923175},
       "maxRSS": {
        "post": 16500,
        "pre": 16500
       },
       "num-tuples": 40,
       "recursive-rule": {
        "sup_reach_bf_r1_2(x,y) :- \n   sup_reach_bf_r1_1(x,z),\n   edge(z,y).": {
         "0": {
          "maxRSS": {
           "post": 16500,
           "pre": 16500
          },
          "num-tuples": 40,
          "runtime": { "start": 17226923091, "end": 17226923102},
          "source-locator": "/root/compiler/measurements/m3-5-headline-m4/family/reachability_complement/n1000/emit_guarded/transformed.dl [33:1-33:64]"
         }
        }
       },
       "runtime": { "start": 17226923082, "end": 17226923112}
      },
      "11": {
       "copytime": { "start": 17226923315, "end": 17226923316},
       "maxRSS": {
        "post": 16500,
        "pre": 16500
       },
       "num-tuples": 0,
       "recursive-rule": {
        "sup_reach_bf_r1_2(x,y) :- \n   sup_reach_bf_r1_1(x,z),\n   edge(z,y).": {
         "0": {
          "maxRSS": {
           "post": 16500,
           "pre": 16500
          },
          "num-tuples": 0,
          "runtime": { "start": 17226923242, "end": 17226923243},
          "source-locator": "/root/compiler/measurements/m3-5-headline-m4/family/reachability_complement/n1000/emit_guarded/transformed.dl [33:1-33:64]"
         }
        }
       },
       "runtime": { "start": 17226923233, "end": 17226923252}
      },
      "12": {
       "copytime": { "start": 17226923430, "end": 17226923439},
       "maxRSS": {
        "post": 16500,
        "pre": 16500
       },
       "num-tuples": 0,
       "recursive-rule": {
        "sup_reach_bf_r1_2(x,y) :- \n   sup_reach_bf_r1_1(x,z),\n   edge(z,y).": {
         "0": {
          "maxRSS": {
           "post": 16500,
           "pre": 16500
          },
          "num-tuples": 0,
          "runtime": { "start": 17226923369, "end": 17226923370},
          "source-locator": "/root/compiler/measurements/m3-5-headline-m4/family/reachability_complement/n1000/emit_guarded/transformed.dl [33:1-33:64]"
         }
        }
       },
       "runtime": { "start": 17226923360, "end": 17226923380}
      },
      "13": {
       "copytime": { "start": 17226923585, "end": 17226923591},
       "maxRSS": {
        "post": 16500,
        "pre": 16500
       },
       "num-tuples": 70,
       "recursive-rule": {
        "sup_reach_bf_r1_2(x,y) :- \n   sup_reach_bf_r1_1(x,z),\n   edge(z,y).": {
         "0": {
          "maxRSS": {
           "post": 16500,
           "pre": 16500
          },
          "num-tuples": 70,
          "runtime": { "start": 17226923492, "end": 17226923512},
          "source-locator": "/root/compiler/measurements/m3-5-headline-m4/family/reachability_complement/n1000/emit_guarded/transformed.dl [33:1-33:64]"
         }
        }
       },
       "runtime": { "start": 17226923483, "end": 17226923521}
      },
      "14": {
       "copytime": { "start": 17226923735, "end": 17226923735},
       "maxRSS": {
        "post": 16500,
        "pre": 16500
       },
       "num-tuples": 0,
       "recursive-rule": {
        "sup_reach_bf_r1_2(x,y) :- \n   sup_reach_bf_r1_1(x,z),\n   edge(z,y).": {
         "0": {
          "maxRSS": {
           "post": 16500,
           "pre": 16500
          },
          "num-tuples": 0,
          "runtime": { "start": 17226923659, "end": 17226923659},
          "source-locator": "/root/compiler/measurements/m3-5-headline-m4/family/reachability_complement/n1000/emit_guarded/transformed.dl [33:1-33:64]"
         }
        }
       },
       "runtime": { "start": 17226923650, "end": 17226923668}
      },
      "15": {
       "copytime": { "start": 17226923876, "end": 17226923899},
       "maxRSS": {
        "post": 16500,
        "pre": 16500
       },
       "num-tuples": 0,
       "recursive-rule": {
        "sup_reach_bf_r1_2(x,y) :- \n   sup_reach_bf_r1_1(x,z),\n   edge(z,y).": {
         "0": {
          "maxRSS": {
           "post": 16500,
           "pre": 16500
          },
          "num-tuples": 0,
          "runtime": { "start": 17226923802, "end": 17226923803},
          "source-locator": "/root/compiler/measurements/m3-5-headline-m4/family/reachability_complement/n1000/emit_guarded/transformed.dl [33:1-33:64]"
         }
        }
       },
       "runtime": { "start": 17226923793, "end": 17226923813}
      },
      "16": {
       "copytime": { "start": 17226924072, "end": 17226924082},
       "maxRSS": {
        "post": 16500,
        "pre": 16500
       },
       "num-tuples": 113,
       "recursive-rule": {
        "sup_reach_bf_r1_2(x,y) :- \n   sup_reach_bf_r1_1(x,z),\n   edge(z,y).": {
         "0": {
          "maxRSS": {
           "post": 16500,
           "pre": 16500
          },
          "num-tuples": 113,
          "runtime": { "start": 17226923965, "end": 17226924020},
          "source-locator": "/root/compiler/measurements/m3-5-headline-m4/family/reachability_complement/n1000/emit_guarded/transformed.dl [33:1-33:64]"
         }
        }
       },
       "runtime": { "start": 17226923955, "end": 17226924030}
      },
      "17": {
       "copytime": { "start": 17226924237, "end": 17226924238},
       "maxRSS": {
        "post": 16500,
        "pre": 16500
       },
       "num-tuples": 0,
       "recursive-rule": {
        "sup_reach_bf_r1_2(x,y) :- \n   sup_reach_bf_r1_1(x,z),\n   edge(z,y).": {
         "0": {
          "maxRSS": {
           "post": 16500,
           "pre": 16500
          },
          "num-tuples": 0,
          "runtime": { "start": 17226924158, "end": 17226924158},
          "source-locator": "/root/compiler/measurements/m3-5-headline-m4/family/reachability_complement/n1000/emit_guarded/transformed.dl [33:1-33:64]"
         }
        }
       },
       "runtime": { "start": 17226924148, "end": 17226924167}
      },
      "18": {
       "copytime": { "start": 17226924386, "end": 17226924395},
       "maxRSS": {
        "post": 16500,
        "pre": 16500
       },
       "num-tuples": 0,
       "recursive-rule": {
        "sup_reach_bf_r1_2(x,y) :- \n   sup_reach_bf_r1_1(x,z),\n   edge(z,y).": {
         "0": {
          "maxRSS": {
           "post": 16500,
           "pre": 16500
          },
          "num-tuples": 0,
          "runtime": { "start": 17226924309, "end": 17226924310},
          "source-locator": "/root/compiler/measurements/m3-5-headline-m4/family/reachability_complement/n1000/emit_guarded/transformed.dl [33:1-33:64]"
         }
        }
       },
       "runtime": { "start": 17226924300, "end": 17226924319}
      },
      "19": {
       "copytime": { "start": 17226924566, "end": 17226924579},
       "maxRSS": {
        "post": 16500,
        "pre": 16500
       },
       "num-tuples": 139,
       "recursive-rule": {
        "sup_reach_bf_r1_2(x,y) :- \n   sup_reach_bf_r1_1(x,z),\n   edge(z,y).": {
         "0": {
          "maxRSS": {
           "post": 16500,
           "pre": 16500
          },
          "num-tuples": 139,
          "runtime": { "start": 17226924446, "end": 17226924496},
          "source-locator": "/root/compiler/measurements/m3-5-headline-m4/family/reachability_complement/n1000/emit_guarded/transformed.dl [33:1-33:64]"
         }
        }
       },
       "runtime": { "start": 17226924438, "end": 17226924507}
      },
      "2": {
       "copytime": { "start": 17226922199, "end": 17226922200},
       "maxRSS": {
        "post": 16500,
        "pre": 16500
       },
       "num-tuples": 0,
       "recursive-rule": {
        "sup_reach_bf_r1_2(x,y) :- \n   sup_reach_bf_r1_1(x,z),\n   edge(z,y).": {
         "0": {
          "maxRSS": {
           "post": 16500,
           "pre": 16500
          },
          "num-tuples": 0,
          "runtime": { "start": 17226922138, "end": 17226922139},
          "source-locator": "/root/compiler/measurements/m3-5-headline-m4/family/reachability_complement/n1000/emit_guarded/transformed.dl [33:1-33:64]"
         }
        }
       },
       "runtime": { "start": 17226922130, "end": 17226922148}
      },
      "20": {
       "copytime": { "start": 17226924738, "end": 17226924739},
       "maxRSS": {
        "post": 16500,
        "pre": 16500
       },
       "num-tuples": 0,
       "recursive-rule": {
        "sup_reach_bf_r1_2(x,y) :- \n   sup_reach_bf_r1_1(x,z),\n   edge(z,y).": {
         "0": {
          "maxRSS": {
           "post": 16500,
           "pre": 16500
          },
          "num-tuples": 0,
          "runtime": { "start": 17226924656, "end": 17226924657},
          "source-locator": "/root/compiler/measurements/m3-5-headline-m4/family/reachability_complement/n1000/emit_guarded/transformed.dl [33:1-33:64]"
         }
        }
       },
       "runtime": { "start": 17226924647, "end": 17226924666}
      },
      "21": {
       "copytime": { "start": 17226924891, "end": 17226924900},
       "maxRSS": {
        "post": 16500,
        "pre": 16500
       },
       "num-tuples": 0,
       "recursive-rule": {
        "sup_reach_bf_r1_2(x,y) :- \n   sup_reach_bf_r1_1(x,z),\n   edge(z,y).": {
         "0": {
          "maxRSS": {
           "post": 16500,
           "pre": 16500
          },
          "num-tuples": 0,
          "runtime": { "start": 17226924812, "end": 17226924813},
          "source-locator": "/root/compiler/measurements/m3-5-headline-m4/family/reachability_complement/n1000/emit_guarded/transformed.dl [33:1-33:64]"
         }
        }
       },
       "runtime": { "start": 17226924803, "end": 17226924822}
      },
      "22": {
       "copytime": { "start": 17226925140, "end": 17226925158},
       "maxRSS": {
        "post": 16500,
        "pre": 16500
       },
       "num-tuples": 154,
       "recursive-rule": {
        "sup_reach_bf_r1_2(x,y) :- \n   sup_reach_bf_r1_1(x,z),\n   edge(z,y).": {
         "0": {
          "maxRSS": {
           "post": 16500,
           "pre": 16500
          },
          "num-tuples": 154,
          "runtime": { "start": 17226924951, "end": 17226925019},
          "source-locator": "/root/compiler/measurements/m3-5-headline-m4/family/reachability_complement/n1000/emit_guarded/transformed.dl [33:1-33:64]"
         }
        }
       },
       "runtime": { "start": 17226924942, "end": 17226925032}
      },
      "23": {
       "copytime": { "start": 17226925409, "end": 17226925410},
       "maxRSS": {
        "post": 16500,
        "pre": 16500
       },
       "num-tuples": 0,
       "recursive-rule": {
        "sup_reach_bf_r1_2(x,y) :- \n   sup_reach_bf_r1_1(x,z),\n   edge(z,y).": {
         "0": {
          "maxRSS": {
           "post": 16500,
           "pre": 16500
          },
          "num-tuples": 0,
          "runtime": { "start": 17226925295, "end": 17226925296},
          "source-locator": "/root/compiler/measurements/m3-5-headline-m4/family/reachability_complement/n1000/emit_guarded/transformed.dl [33:1-33:64]"
         }
        }
       },
       "runtime": { "start": 17226925283, "end": 17226925306}
      },
      "24": {
       "copytime": { "start": 17226925606, "end": 17226925616},
       "maxRSS": {
        "post": 16500,
        "pre": 16500
       },
       "num-tuples": 0,
       "recursive-rule": {
        "sup_reach_bf_r1_2(x,y) :- \n   sup_reach_bf_r1_1(x,z),\n   edge(z,y).": {
         "0": {
          "maxRSS": {
           "post": 16500,
           "pre": 16500
          },
          "num-tuples": 0,
          "runtime": { "start": 17226925482, "end": 17226925483},
          "source-locator": "/root/compiler/measurements/m3-5-headline-m4/family/reachability_complement/n1000/emit_guarded/transformed.dl [33:1-33:64]"
         }
        }
       },
       "runtime": { "start": 17226925473, "end": 17226925496}
      },
      "25": {
       "copytime": { "start": 17226925835, "end": 17226925848},
       "maxRSS": {
        "post": 16500,
        "pre": 16500
       },
       "num-tuples": 131,
       "recursive-rule": {
        "sup_reach_bf_r1_2(x,y) :- \n   sup_reach_bf_r1_1(x,z),\n   edge(z,y).": {
         "0": {
          "maxRSS": {
           "post": 16500,
           "pre": 16500
          },
          "num-tuples": 131,
          "runtime": { "start": 17226925667, "end": 17226925735},
          "source-locator": "/root/compiler/measurements/m3-5-headline-m4/family/reachability_complement/n1000/emit_guarded/transformed.dl [33:1-33:64]"
         }
        }
       },
       "runtime": { "start": 17226925665, "end": 17226925744}
      },
      "26": {
       "copytime": { "start": 17226925948, "end": 17226925949},
       "maxRSS": {
        "post": 16500,
        "pre": 16500
       },
       "num-tuples": 0,
       "recursive-rule": {
        "sup_reach_bf_r1_2(x,y) :- \n   sup_reach_bf_r1_1(x,z),\n   edge(z,y).": {
         "0": {
          "maxRSS": {
           "post": 16500,
           "pre": 16500
          },
          "num-tuples": 0,
          "runtime": { "start": 17226925897, "end": 17226925897},
          "source-locator": "/root/compiler/measurements/m3-5-headline-m4/family/reachability_complement/n1000/emit_guarded/transformed.dl [33:1-33:64]"
         }
        }
       },
       "runtime": { "start": 17226925896, "end": 17226925903}
      },
      "27": {
       "copytime": { "start": 17226926134, "end": 17226926147},
       "maxRSS": {
        "post": 16500,
        "pre": 16500
       },
       "num-tuples": 0,
       "recursive-rule": {
        "sup_reach_bf_r1_2(x,y) :- \n   sup_reach_bf_r1_1(x,z),\n   edge(z,y).": {
         "0": {
          "maxRSS": {
           "post": 16500,
           "pre": 16500
          },
          "num-tuples": 0,
          "runtime": { "start": 17226926055, "end": 17226926056},
          "source-locator": "/root/compiler/measurements/m3-5-headline-m4/family/reachability_complement/n1000/emit_guarded/transformed.dl [33:1-33:64]"
         }
        }
       },
       "runtime": { "start": 17226926043, "end": 17226926069}
      },
      "28": {
       "copytime": { "start": 17226926309, "end": 17226926317},
       "maxRSS": {
        "post": 16500,
        "pre": 16500
       },
       "num-tuples": 72,
       "recursive-rule": {
        "sup_reach_bf_r1_2(x,y) :- \n   sup_reach_bf_r1_1(x,z),\n   edge(z,y).": {
         "0": {
          "maxRSS": {
           "post": 16500,
           "pre": 16500
          },
          "num-tuples": 72,
          "runtime": { "start": 17226926202, "end": 17226926261},
          "source-locator": "/root/compiler/measurements/m3-5-headline-m4/family/reachability_complement/n1000/emit_guarded/transformed.dl [33:1-33:64]"
         }
        }
       },
       "runtime": { "start": 17226926193, "end": 17226926271}
      },
      "29": {
       "copytime": { "start": 17226926457, "end": 17226926458},
       "maxRSS": {
        "post": 16500,
        "pre": 16500
       },
       "num-tuples": 0,
       "recursive-rule": {
        "sup_reach_bf_r1_2(x,y) :- \n   sup_reach_bf_r1_1(x,z),\n   edge(z,y).": {
         "0": {
          "maxRSS": {
           "post": 16500,
           "pre": 16500
          },
          "num-tuples": 0,
          "runtime": { "start": 17226926382, "end": 17226926383},
          "source-locator": "/root/compiler/measurements/m3-5-headline-m4/family/reachability_complement/n1000/emit_guarded/transformed.dl [33:1-33:64]"
         }
        }
       },
       "runtime": { "start": 17226926381, "end": 17226926389}
      },
      "3": {
       "copytime": { "start": 17226922315, "end": 17226922316},
       "maxRSS": {
        "post": 16500,
        "pre": 16500
       },
       "num-tuples": 0,
       "recursive-rule": {
        "sup_reach_bf_r1_2(x,y) :- \n   sup_reach_bf_r1_1(x,z),\n   edge(z,y).": {
         "0": {
          "maxRSS": {
           "post": 16500,
           "pre": 16500
          },
          "num-tuples": 0,
          "runtime": { "start": 17226922247, "end": 17226922248},
          "source-locator": "/root/compiler/measurements/m3-5-headline-m4/family/reachability_complement/n1000/emit_guarded/transformed.dl [33:1-33:64]"
         }
        }
       },
       "runtime": { "start": 17226922238, "end": 17226922257}
      },
      "30": {
       "copytime": { "start": 17226926571, "end": 17226926572},
       "maxRSS": {
        "post": 16500,
        "pre": 16500
       },
       "num-tuples": 0,
       "recursive-rule": {
        "sup_reach_bf_r1_2(x,y) :- \n   sup_reach_bf_r1_1(x,z),\n   edge(z,y).": {
         "0": {
          "maxRSS": {
           "post": 16500,
           "pre": 16500
          },
          "num-tuples": 0,
          "runtime": { "start": 17226926517, "end": 17226926518},
          "source-locator": "/root/compiler/measurements/m3-5-headline-m4/family/reachability_complement/n1000/emit_guarded/transformed.dl [33:1-33:64]"
         }
        }
       },
       "runtime": { "start": 17226926508, "end": 17226926526}
      },
      "31": {
       "copytime": { "start": 17226926672, "end": 17226926677},
       "maxRSS": {
        "post": 16500,
        "pre": 16500
       },
       "num-tuples": 30,
       "recursive-rule": {
        "sup_reach_bf_r1_2(x,y) :- \n   sup_reach_bf_r1_1(x,z),\n   edge(z,y).": {
         "0": {
          "maxRSS": {
           "post": 16500,
           "pre": 16500
          },
          "num-tuples": 30,
          "runtime": { "start": 17226926599, "end": 17226926627},
          "source-locator": "/root/compiler/measurements/m3-5-headline-m4/family/reachability_complement/n1000/emit_guarded/transformed.dl [33:1-33:64]"
         }
        }
       },
       "runtime": { "start": 17226926597, "end": 17226926634}
      },
      "32": {
       "copytime": { "start": 17226926805, "end": 17226926806},
       "maxRSS": {
        "post": 16500,
        "pre": 16500
       },
       "num-tuples": 0,
       "recursive-rule": {
        "sup_reach_bf_r1_2(x,y) :- \n   sup_reach_bf_r1_1(x,z),\n   edge(z,y).": {
         "0": {
          "maxRSS": {
           "post": 16500,
           "pre": 16500
          },
          "num-tuples": 0,
          "runtime": { "start": 17226926733, "end": 17226926733},
          "source-locator": "/root/compiler/measurements/m3-5-headline-m4/family/reachability_complement/n1000/emit_guarded/transformed.dl [33:1-33:64]"
         }
        }
       },
       "runtime": { "start": 17226926732, "end": 17226926742}
      },
      "33": {
       "copytime": { "start": 17226926873, "end": 17226926873},
       "maxRSS": {
        "post": 16500,
        "pre": 16500
       },
       "num-tuples": 0,
       "recursive-rule": {
        "sup_reach_bf_r1_2(x,y) :- \n   sup_reach_bf_r1_1(x,z),\n   edge(z,y).": {
         "0": {
          "maxRSS": {
           "post": 16500,
           "pre": 16500
          },
          "num-tuples": 0,
          "runtime": { "start": 17226926839, "end": 17226926839},
          "source-locator": "/root/compiler/measurements/m3-5-headline-m4/family/reachability_complement/n1000/emit_guarded/transformed.dl [33:1-33:64]"
         }
        }
       },
       "runtime": { "start": 17226926838, "end": 17226926845}
      },
      "34": {
       "copytime": { "start": 17226926983, "end": 17226926986},
       "maxRSS": {
        "post": 16500,
        "pre": 16500
       },
       "num-tuples": 9,
       "recursive-rule": {
        "sup_reach_bf_r1_2(x,y) :- \n   sup_reach_bf_r1_1(x,z),\n   edge(z,y).": {
         "0": {
          "maxRSS": {
           "post": 16500,
           "pre": 16500
          },
          "num-tuples": 9,
          "runtime": { "start": 17226926914, "end": 17226926927},
          "source-locator": "/root/compiler/measurements/m3-5-headline-m4/family/reachability_complement/n1000/emit_guarded/transformed.dl [33:1-33:64]"
         }
        }
       },
       "runtime": { "start": 17226926913, "end": 17226926934}
      },
      "35": {
       "copytime": { "start": 17226927088, "end": 17226927089},
       "maxRSS": {
        "post": 16500,
        "pre": 16500
       },
       "num-tuples": 0,
       "recursive-rule": {
        "sup_reach_bf_r1_2(x,y) :- \n   sup_reach_bf_r1_1(x,z),\n   edge(z,y).": {
         "0": {
          "maxRSS": {
           "post": 16500,
           "pre": 16500
          },
          "num-tuples": 0,
          "runtime": { "start": 17226927030, "end": 17226927031},
          "source-locator": "/root/compiler/measurements/m3-5-headline-m4/family/reachability_complement/n1000/emit_guarded/transformed.dl [33:1-33:64]"
         }
        }
       },
       "runtime": { "start": 17226927030, "end": 17226927038}
      },
      "36": {
       "copytime": { "start": 17226927206, "end": 17226927218},
       "maxRSS": {
        "post": 16500,
        "pre": 16500
       },
       "num-tuples": 0,
       "recursive-rule": {
        "sup_reach_bf_r1_2(x,y) :- \n   sup_reach_bf_r1_1(x,z),\n   edge(z,y).": {
         "0": {
          "maxRSS": {
           "post": 16500,
           "pre": 16500
          },
          "num-tuples": 0,
          "runtime": { "start": 17226927141, "end": 17226927142},
          "source-locator": "/root/compiler/measurements/m3-5-headline-m4/family/reachability_complement/n1000/emit_guarded/transformed.dl [33:1-33:64]"
         }
        }
       },
       "runtime": { "start": 17226927132, "end": 17226927151}
      },
      "37": {
       "copytime": { "start": 17226927329, "end": 17226927330},
       "maxRSS": {
        "post": 16500,
        "pre": 16500
       },
       "num-tuples": 4,
       "recursive-rule": {
        "sup_reach_bf_r1_2(x,y) :- \n   sup_reach_bf_r1_1(x,z),\n   edge(z,y).": {
         "0": {
          "maxRSS": {
           "post": 16500,
           "pre": 16500
          },
          "num-tuples": 4,
          "runtime": { "start": 17226927264, "end": 17226927270},
          "source-locator": "/root/compiler/measurements/m3-5-headline-m4/family/reachability_complement/n1000/emit_guarded/transformed.dl [33:1-33:64]"
         }
        }
       },
       "runtime": { "start": 17226927263, "end": 17226927277}
      },
      "38": {
       "copytime": { "start": 17226927469, "end": 17226927470},
       "maxRSS": {
        "post": 16500,
        "pre": 16500
       },
       "num-tuples": 0,
       "recursive-rule": {
        "sup_reach_bf_r1_2(x,y) :- \n   sup_reach_bf_r1_1(x,z),\n   edge(z,y).": {
         "0": {
          "maxRSS": {
           "post": 16500,
           "pre": 16500
          },
          "num-tuples": 0,
          "runtime": { "start": 17226927396, "end": 17226927397},
          "source-locator": "/root/compiler/measurements/m3-5-headline-m4/family/reachability_complement/n1000/emit_guarded/transformed.dl [33:1-33:64]"
         }
        }
       },
       "runtime": { "start": 17226927386, "end": 17226927406}
      },
      "39": {
       "copytime": { "start": 17226927589, "end": 17226927590},
       "maxRSS": {
        "post": 16500,
        "pre": 16500
       },
       "num-tuples": 0,
       "recursive-rule": {
        "sup_reach_bf_r1_2(x,y) :- \n   sup_reach_bf_r1_1(x,z),\n   edge(z,y).": {
         "0": {
          "maxRSS": {
           "post": 16500,
           "pre": 16500
          },
          "num-tuples": 0,
          "runtime": { "start": 17226927534, "end": 17226927534},
          "source-locator": "/root/compiler/measurements/m3-5-headline-m4/family/reachability_complement/n1000/emit_guarded/transformed.dl [33:1-33:64]"
         }
        }
       },
       "runtime": { "start": 17226927533, "end": 17226927541}
      },
      "4": {
       "copytime": { "start": 17226922424, "end": 17226922425},
       "maxRSS": {
        "post": 16500,
        "pre": 16500
       },
       "num-tuples": 9,
       "recursive-rule": {
        "sup_reach_bf_r1_2(x,y) :- \n   sup_reach_bf_r1_1(x,z),\n   edge(z,y).": {
         "0": {
          "maxRSS": {
           "post": 16500,
           "pre": 16500
          },
          "num-tuples": 9,
          "runtime": { "start": 17226922363, "end": 17226922367},
          "source-locator": "/root/compiler/measurements/m3-5-headline-m4/family/reachability_complement/n1000/emit_guarded/transformed.dl [33:1-33:64]"
         }
        }
       },
       "runtime": { "start": 17226922354, "end": 17226922375}
      },
      "40": {
       "copytime": { "start": 17226927734, "end": 17226927745},
       "maxRSS": {
        "post": 16500,
        "pre": 16500
       },
       "num-tuples": 2,
       "recursive-rule": {
        "sup_reach_bf_r1_2(x,y) :- \n   sup_reach_bf_r1_1(x,z),\n   edge(z,y).": {
         "0": {
          "maxRSS": {
           "post": 16500,
           "pre": 16500
          },
          "num-tuples": 2,
          "runtime": { "start": 17226927660, "end": 17226927664},
          "source-locator": "/root/compiler/measurements/m3-5-headline-m4/family/reachability_complement/n1000/emit_guarded/transformed.dl [33:1-33:64]"
         }
        }
       },
       "runtime": { "start": 17226927650, "end": 17226927675}
      },
      "41": {
       "copytime": { "start": 17226927887, "end": 17226927888},
       "maxRSS": {
        "post": 16500,
        "pre": 16500
       },
       "num-tuples": 0,
       "recursive-rule": {
        "sup_reach_bf_r1_2(x,y) :- \n   sup_reach_bf_r1_1(x,z),\n   edge(z,y).": {
         "0": {
          "maxRSS": {
           "post": 16500,
           "pre": 16500
          },
          "num-tuples": 0,
          "runtime": { "start": 17226927808, "end": 17226927809},
          "source-locator": "/root/compiler/measurements/m3-5-headline-m4/family/reachability_complement/n1000/emit_guarded/transformed.dl [33:1-33:64]"
         }
        }
       },
       "runtime": { "start": 17226927793, "end": 17226927818}
      },
      "42": {
       "copytime": { "start": 17226928031, "end": 17226928032},
       "maxRSS": {
        "post": 16500,
        "pre": 16500
       },
       "num-tuples": 0,
       "recursive-rule": {
        "sup_reach_bf_r1_2(x,y) :- \n   sup_reach_bf_r1_1(x,z),\n   edge(z,y).": {
         "0": {
          "maxRSS": {
           "post": 16500,
           "pre": 16500
          },
          "num-tuples": 0,
          "runtime": { "start": 17226927947, "end": 17226927948},
          "source-locator": "/root/compiler/measurements/m3-5-headline-m4/family/reachability_complement/n1000/emit_guarded/transformed.dl [33:1-33:64]"
         }
        }
       },
       "runtime": { "start": 17226927937, "end": 17226927959}
      },
      "43": {
       "copytime": { "start": 17226928153, "end": 17226928154},
       "maxRSS": {
        "post": 16500,
        "pre": 16500
       },
       "num-tuples": 2,
       "recursive-rule": {
        "sup_reach_bf_r1_2(x,y) :- \n   sup_reach_bf_r1_1(x,z),\n   edge(z,y).": {
         "0": {
          "maxRSS": {
           "post": 16500,
           "pre": 16500
          },
          "num-tuples": 2,
          "runtime": { "start": 17226928075, "end": 17226928078},
          "source-locator": "/root/compiler/measurements/m3-5-headline-m4/family/reachability_complement/n1000/emit_guarded/transformed.dl [33:1-33:64]"
         }
        }
       },
       "runtime": { "start": 17226928075, "end": 17226928085}
      },
      "44": {
       "copytime": { "start": 17226928269, "end": 17226928270},
       "maxRSS": {
        "post": 16500,
        "pre": 16500
       },
       "num-tuples": 0,
       "recursive-rule": {
        "sup_reach_bf_r1_2(x,y) :- \n   sup_reach_bf_r1_1(x,z),\n   edge(z,y).": {
         "0": {
          "maxRSS": {
           "post": 16500,
           "pre": 16500
          },
          "num-tuples": 0,
          "runtime": { "start": 17226928213, "end": 17226928214},
          "source-locator": "/root/compiler/measurements/m3-5-headline-m4/family/reachability_complement/n1000/emit_guarded/transformed.dl [33:1-33:64]"
         }
        }
       },
       "runtime": { "start": 17226928213, "end": 17226928220}
      },
      "45": {
       "copytime": { "start": 17226928379, "end": 17226928388},
       "maxRSS": {
        "post": 16500,
        "pre": 16500
       },
       "num-tuples": 0,
       "recursive-rule": {
        "sup_reach_bf_r1_2(x,y) :- \n   sup_reach_bf_r1_1(x,z),\n   edge(z,y).": {
         "0": {
          "maxRSS": {
           "post": 16500,
           "pre": 16500
          },
          "num-tuples": 0,
          "runtime": { "start": 17226928318, "end": 17226928318},
          "source-locator": "/root/compiler/measurements/m3-5-headline-m4/family/reachability_complement/n1000/emit_guarded/transformed.dl [33:1-33:64]"
         }
        }
       },
       "runtime": { "start": 17226928308, "end": 17226928329}
      },
      "46": {
       "copytime": { "start": 17226928463, "end": 17226928464},
       "maxRSS": {
        "post": 16500,
        "pre": 16500
       },
       "num-tuples": 3,
       "recursive-rule": {
        "sup_reach_bf_r1_2(x,y) :- \n   sup_reach_bf_r1_1(x,z),\n   edge(z,y).": {
         "0": {
          "maxRSS": {
           "post": 16500,
           "pre": 16500
          },
          "num-tuples": 3,
          "runtime": { "start": 17226928432, "end": 17226928435},
          "source-locator": "/root/compiler/measurements/m3-5-headline-m4/family/reachability_complement/n1000/emit_guarded/transformed.dl [33:1-33:64]"
         }
        }
       },
       "runtime": { "start": 17226928431, "end": 17226928441}
      },
      "47": {
       "copytime": { "start": 17226928558, "end": 17226928559},
       "maxRSS": {
        "post": 16500,
        "pre": 16500
       },
       "num-tuples": 0,
       "recursive-rule": {
        "sup_reach_bf_r1_2(x,y) :- \n   sup_reach_bf_r1_1(x,z),\n   edge(z,y).": {
         "0": {
          "maxRSS": {
           "post": 16500,
           "pre": 16500
          },
          "num-tuples": 0,
          "runtime": { "start": 17226928513, "end": 17226928514},
          "source-locator": "/root/compiler/measurements/m3-5-headline-m4/family/reachability_complement/n1000/emit_guarded/transformed.dl [33:1-33:64]"
         }
        }
       },
       "runtime": { "start": 17226928504, "end": 17226928522}
      },
      "48": {
       "copytime": { "start": 17226928675, "end": 17226928676},
       "maxRSS": {
        "post": 16500,
        "pre": 16500
       },
       "num-tuples": 0,
       "recursive-rule": {
        "sup_reach_bf_r1_2(x,y) :- \n   sup_reach_bf_r1_1(x,z),\n   edge(z,y).": {
         "0": {
          "maxRSS": {
           "post": 16500,
           "pre": 16500
          },
          "num-tuples": 0,
          "runtime": { "start": 17226928624, "end": 17226928625},
          "source-locator": "/root/compiler/measurements/m3-5-headline-m4/family/reachability_complement/n1000/emit_guarded/transformed.dl [33:1-33:64]"
         }
        }
       },
       "runtime": { "start": 17226928614, "end": 17226928634}
      },
      "49": {
       "copytime": { "start": 17226928788, "end": 17226928789},
       "maxRSS": {
        "post": 16500,
        "pre": 16500
       },
       "num-tuples": 1,
       "recursive-rule": {
        "sup_reach_bf_r1_2(x,y) :- \n   sup_reach_bf_r1_1(x,z),\n   edge(z,y).": {
         "0": {
          "maxRSS": {
           "post": 16500,
           "pre": 16500
          },
          "num-tuples": 1,
          "runtime": { "start": 17226928735, "end": 17226928738},
          "source-locator": "/root/compiler/measurements/m3-5-headline-m4/family/reachability_complement/n1000/emit_guarded/transformed.dl [33:1-33:64]"
         }
        }
       },
       "runtime": { "start": 17226928726, "end": 17226928750}
      },
      "5": {
       "copytime": { "start": 17226922551, "end": 17226922552},
       "maxRSS": {
        "post": 16500,
        "pre": 16500
       },
       "num-tuples": 0,
       "recursive-rule": {
        "sup_reach_bf_r1_2(x,y) :- \n   sup_reach_bf_r1_1(x,z),\n   edge(z,y).": {
         "0": {
          "maxRSS": {
           "post": 16500,
           "pre": 16500
          },
          "num-tuples": 0,
          "runtime": { "start": 17226922482, "end": 17226922483},
          "source-locator": "/root/compiler/measurements/m3-5-headline-m4/family/reachability_complement/n1000/emit_guarded/transformed.dl [33:1-33:64]"
         }
        }
       },
       "runtime": { "start": 17226922473, "end": 17226922491}
      },
      "50": {
       "copytime": { "start": 17226928860, "end": 17226928863},
       "maxRSS": {
        "post": 16500,
        "pre": 16500
       },
       "num-tuples": 0,
       "recursive-rule": {
        "sup_reach_bf_r1_2(x,y) :- \n   sup_reach_bf_r1_1(x,z),\n   edge(z,y).": {
         "0": {
          "maxRSS": {
           "post": 16500,
           "pre": 16500
          },
          "num-tuples": 0,
          "runtime": { "start": 17226928817, "end": 17226928818},
          "source-locator": "/root/compiler/measurements/m3-5-headline-m4/family/reachability_complement/n1000/emit_guarded/transformed.dl [33:1-33:64]"
         }
        }
       },
       "runtime": { "start": 17226928816, "end": 17226928824}
      },
      "51": {
       "copytime": { "start": 17226928983, "end": 17226928983},
       "maxRSS": {
        "post": 16500,
        "pre": 16500
       },
       "num-tuples": 0,
       "recursive-rule": {
        "sup_reach_bf_r1_2(x,y) :- \n   sup_reach_bf_r1_1(x,z),\n   edge(z,y).": {
         "0": {
          "maxRSS": {
           "post": 16500,
           "pre": 16500
          },
          "num-tuples": 0,
          "runtime": { "start": 17226928912, "end": 17226928913},
          "source-locator": "/root/compiler/measurements/m3-5-headline-m4/family/reachability_complement/n1000/emit_guarded/transformed.dl [33:1-33:64]"
         }
        }
       },
       "runtime": { "start": 17226928903, "end": 17226928922}
      },
      "52": {
       "maxRSS": {
        "post": 16500,
        "pre": 16500
       },
       "num-tuples": 0,
       "recursive-rule": {
        "sup_reach_bf_r1_2(x,y) :- \n   sup_reach_bf_r1_1(x,z),\n   edge(z,y).": {
         "0": {
          "maxRSS": {
           "post": 16500,
           "pre": 16500
          },
          "num-tuples": 0,
          "runtime": { "start": 17226929034, "end": 17226929035},
          "source-locator": "/root/compiler/measurements/m3-5-headline-m4/family/reachability_complement/n1000/emit_guarded/transformed.dl [33:1-33:64]"
         }
        }
       },
       "runtime": { "start": 17226929025, "end": 17226929044}
      },
      "6": {
       "copytime": { "start": 17226922669, "end": 17226922669},
       "maxRSS": {
        "post": 16500,
        "pre": 16500
       },
       "num-tuples": 0,
       "recursive-rule": {
        "sup_reach_bf_r1_2(x,y) :- \n   sup_reach_bf_r1_1(x,z),\n   edge(z,y).": {
         "0": {
          "maxRSS": {
           "post": 16500,
           "pre": 16500
          },
          "num-tuples": 0,
          "runtime": { "start": 17226922611, "end": 17226922611},
          "source-locator": "/root/compiler/measurements/m3-5-headline-m4/family/reachability_complement/n1000/emit_guarded/transformed.dl [33:1-33:64]"
         }
        }
       },
       "runtime": { "start": 17226922602, "end": 17226922630}
      },
      "7": {
       "copytime": { "start": 17226922802, "end": 17226922804},
       "maxRSS": {
        "post": 16500,
        "pre": 16500
       },
       "num-tuples": 21,
       "recursive-rule": {
        "sup_reach_bf_r1_2(x,y) :- \n   sup_reach_bf_r1_1(x,z),\n   edge(z,y).": {
         "0": {
          "maxRSS": {
           "post": 16500,
           "pre": 16500
          },
          "num-tuples": 21,
          "runtime": { "start": 17226922728, "end": 17226922734},
          "source-locator": "/root/compiler/measurements/m3-5-headline-m4/family/reachability_complement/n1000/emit_guarded/transformed.dl [33:1-33:64]"
         }
        }
       },
       "runtime": { "start": 17226922719, "end": 17226922743}
      },
      "8": {
       "copytime": { "start": 17226922925, "end": 17226922926},
       "maxRSS": {
        "post": 16500,
        "pre": 16500
       },
       "num-tuples": 0,
       "recursive-rule": {
        "sup_reach_bf_r1_2(x,y) :- \n   sup_reach_bf_r1_1(x,z),\n   edge(z,y).": {
         "0": {
          "maxRSS": {
           "post": 16500,
           "pre": 16500
          },
          "num-tuples": 0,
          "runtime": { "start": 17226922867, "end": 17226922868},
          "source-locator": "/root/compiler/measurements/m3-5-headline-m4/family/reachability_complement/n1000/emit_guarded/transformed.dl [33:1-33:64]"
         }
        }
       },
       "runtime": { "start": 17226922858, "end": 17226922876}
      },
      "9": {
       "copytime": { "start": 17226923038, "end": 17226923041},
       "maxRSS": {
        "post": 16500,
        "pre": 16500
       },
       "num-tuples": 0,
       "recursive-rule": {
        "sup_reach_bf_r1_2(x,y) :- \n   sup_reach_bf_r1_1(x,z),\n   edge(z,y).": {
         "0": {
          "maxRSS": {
           "post": 16500,
           "pre": 16500
          },
          "num-tuples": 0,
          "runtime": { "start": 17226922978, "end": 17226922978},
          "source-locator": "/root/compiler/measurements/m3-5-headline-m4/family/reachability_complement/n1000/emit_guarded/transformed.dl [33:1-33:64]"
         }
        }
       },
       "runtime": { "start": 17226922968, "end": 17226922987}
      }
     },
     "num-tuples": 0,
     "reads": 1607,
     "source-locator": "/root/compiler/measurements/m3-5-headline-m4/family/reachability_complement/n1000/emit_guarded/transformed.dl [20:7-20:24]"
    },
    "sup_unreach_bf_r0_1": {
     "maxRSS": {
      "post": 16500,
      "pre": 16500
     },
     "non-recursive-rule": {
      "sup_unreach_bf_r0_1(x) :- \n   magic_unreach_bf(x),\n   node(x).": {
       "atom-frequency": {
        "sup_unreach_bf_r0_1(x) :- \n   magic_unreach_bf(x),\n   node(x).": {
         "magic_unreach_bf": {
          "level": 0,
          "num-tuples": 0
         }
        }
       },
       "maxRSS": {
        "post": 16500,
        "pre": 16500
       },
       "num-tuples": 1,
       "runtime": { "start": 17226921677, "end": 17226921682},
       "source-locator": "/root/compiler/measurements/m3-5-headline-m4/family/reachability_complement/n1000/emit_guarded/transformed.dl [23:1-23:59]"
      }
     },
     "num-tuples": 1,
     "reads": 0,
     "runtime": { "start": 17226921668, "end": 17226921692},
     "source-locator": "/root/compiler/measurements/m3-5-headline-m4/family/reachability_complement/n1000/emit_guarded/transformed.dl [10:7-10:26]"
    },
    "sup_unreach_bf_r0_2": {
     "maxRSS": {
      "post": 16500,
      "pre": 16500
     },
     "non-recursive-rule": {
      "sup_unreach_bf_r0_2(x,y) :- \n   sup_unreach_bf_r0_1(x),\n   node(y).": {
       "atom-frequency": {
        "sup_unreach_bf_r0_2(x,y) :- \n   sup_unreach_bf_r0_1(x),\n   node(y).": {
         "node": {
          "level": 1,
          "num-tuples": 0
         },
         "sup_unreach_bf_r0_1": {
          "level": 0,
          "num-tuples": 0
         }
        }
       },
       "maxRSS": {
        "post": 16500,
        "pre": 16500
       },
       "num-tuples": 1000,
       "runtime": { "start": 17226921706, "end": 17226921745},
       "source-locator": "/root/compiler/measurements/m3-5-headline-m4/family/reachability_complement/n1000/emit_guarded/transformed.dl [24:1-24:62]"
      }
     },
     "num-tuples": 1000,
     "reads": 0,
     "runtime": { "start": 17226921698, "end": 17226921753},
     "source-locator": "/root/compiler/measurements/m3-5-headline-m4/family/reachability_complement/n1000/emit_guarded/transformed.dl [11:7-11:26]"
    },
    "sup_unreach_bf_r0_3": {
     "maxRSS": {
      "post": 16500,
      "pre": 16500
     },
     "non-recursive-rule": {
      "sup_unreach_bf_r0_3(x,y) :- \n   sup_unreach_bf_r0_2(x,y),\n   !reach_bf(x,y).": {
       "atom-frequency": {
        "sup_unreach_bf_r0_3(x,y) :- \n   sup_unreach_bf_r0_2(x,y),\n   !reach_bf(x,y).": {
         "sup_unreach_bf_r0_2": {
          "level": 0,
          "num-tuples": 0
         }
        }
       },
       "maxRSS": {
        "post": 16500,
        "pre": 16500
       },
       "num-tuples": 193,
       "runtime": { "start": 17226929110, "end": 17226929172},
       "source-locator": "/root/compiler/measurements/m3-5-headline-m4/family/reachability_complement/n1000/emit_guarded/transformed.dl [25:1-25:73]"
      }
     },
     "num-tuples": 193,
     "reads": 0,
     "runtime": { "start": 17226929100, "end": 17226929182},
     "source-locator": "/root/compiler/measurements/m3-5-headline-m4/family/reachability_complement/n1000/emit_guarded/transformed.dl [12:7-12:26]"
    }
   },
   "runtime": { "start": 17226921000, "end": 17226929345},
   "starttime": { "time": 17226920957},
   "usage": {
    "timepoint": {
     "17226920973": {
      "maxRSS": 16500,
      "systemtime": 0,
      "usertime": 4616
     },
     "17226921030": {
      "maxRSS": 16500,
      "systemtime": 0,
      "usertime": 5637
     },
     "17226921535": {
      "maxRSS": 16500,
      "systemtime": 0,
      "usertime": 6174
     },
     "17226921562": {
      "maxRSS": 16500,
      "systemtime": 0,
      "usertime": 6196
     },
     "17226921682": {
      "maxRSS": 16500,
      "systemtime": 0,
      "usertime": 6336
     },
     "17226921712": {
      "maxRSS": 16500,
      "systemtime": 0,
      "usertime": 6368
     },
     "17226921775": {
      "maxRSS": 16500,
      "systemtime": 0,
      "usertime": 6438
     },
     "17226921810": {
      "maxRSS": 16500,
      "systemtime": 0,
      "usertime": 6489
     },
     "17226921840": {
      "maxRSS": 16500,
      "systemtime": 0,
      "usertime": 6521
     },
     "17226921865": {
      "maxRSS": 16500,
      "systemtime": 0,
      "usertime": 6556
     },
     "17226921890": {
      "maxRSS": 16500,
      "systemtime": 0,
      "usertime": 6589
     },
     "17226921916": {
      "maxRSS": 16500,
      "systemtime": 0,
      "usertime": 6619
     },
     "17226921939": {
      "maxRSS": 16500,
      "systemtime": 0,
      "usertime": 6649
     },
     "17226921959": {
      "maxRSS": 16500,
      "systemtime": 0,
      "usertime": 6675
     },
     "17226921971": {
      "maxRSS": 16500,
      "systemtime": 0,
      "usertime": 6698
     },
     "17226921991": {
      "maxRSS": 16500,
      "systemtime": 0,
      "usertime": 6721
     },
     "17226922015": {
      "maxRSS": 16500,
      "systemtime": 0,
      "usertime": 6752
     },
     "17226922036": {
      "maxRSS": 16500,
      "systemtime": 0,
      "usertime": 6784
     },
     "17226922064": {
      "maxRSS": 16500,
      "systemtime": 0,
      "usertime": 6825
     },
     "17226922072": {
      "maxRSS": 16500,
      "systemtime": 0,
      "usertime": 6842
     },
     "17226922095": {
      "maxRSS": 16500,
      "systemtime": 0,
      "usertime": 6874
     },
     "17226922121": {
      "maxRSS": 16500,
      "systemtime": 0,
      "usertime": 6903
     },
     "17226922143": {
      "maxRSS": 16500,
      "systemtime": 0,
      "usertime": 6932
     },
     "17226922167": {
      "maxRSS": 16500,
      "systemtime": 0,
      "usertime": 6961
     },
     "17226922188": {
      "maxRSS": 16500,
      "systemtime": 0,
      "usertime": 6995
     },
     "17226922197": {
      "maxRSS": 16500,
      "systemtime": 0,
      "usertime": 7010
     },
     "17226922205": {
      "maxRSS": 16500,
      "systemtime": 0,
      "usertime": 7026
     },
     "17226922230": {
      "maxRSS": 16500,
      "systemtime": 0,
      "usertime": 7054
     },
     "17226922252": {
      "maxRSS": 16500,
      "systemtime": 0,
      "usertime": 7085
     },
     "17226922275": {
      "maxRSS": 16500,
      "systemtime": 0,
      "usertime": 7113
     },
     "17226922295": {
      "maxRSS": 16500,
      "systemtime": 0,
      "usertime": 7140
     },
     "17226922315": {
      "maxRSS": 16500,
      "systemtime": 0,
      "usertime": 7166
     },
     "17226922322": {
      "maxRSS": 16500,
      "systemtime": 0,
      "usertime": 7185
     },
     "17226922345": {
      "maxRSS": 16500,
      "systemtime": 0,
      "usertime": 7210
     },
     "17226922370": {
      "maxRSS": 16500,
      "systemtime": 0,
      "usertime": 7244
     },
     "17226922393": {
      "maxRSS": 16500,
      "systemtime": 0,
      "usertime": 7274
     },
     "17226922415": {
      "maxRSS": 16500,
      "systemtime": 0,
      "usertime": 7309
     },
     "17226922422": {
      "maxRSS": 16500,
      "systemtime": 0,
      "usertime": 7320
     },
     "17226922442": {
      "maxRSS": 16500,
      "systemtime": 0,
      "usertime": 7346
     },
     "17226922465": {
      "maxRSS": 16500,
      "systemtime": 0,
      "usertime": 7375
     },
     "17226922487": {
      "maxRSS": 16500,
      "systemtime": 0,
      "usertime": 7403
     },
     "17226922510": {
      "maxRSS": 16500,
      "systemtime": 0,
      "usertime": 7432
     },
     "17226922529": {
      "maxRSS": 16500,
      "systemtime": 0,
      "usertime": 7458
     },
     "17226922551": {
      "maxRSS": 16500,
      "systemtime": 0,
      "usertime": 7486
     },
     "17226922570": {
      "maxRSS": 16500,
      "systemtime": 0,
      "usertime": 7512
     },
     "17226922591": {
      "maxRSS": 16500,
      "systemtime": 0,
      "usertime": 7543
     },
     "17226922617": {
      "maxRSS": 16500,
      "systemtime": 0,
      "usertime": 7574
     },
     "17226922651": {
      "maxRSS": 16500,
      "systemtime": 0,
      "usertime": 7623
     },
     "17226922657": {
      "maxRSS": 16500,
      "systemtime": 0,
      "usertime": 7634
     },
     "17226922661": {
      "maxRSS": 16500,
      "systemtime": 0,
      "usertime": 7643
     },
     "17226922666": {
      "maxRSS": 16500,
      "systemtime": 0,
      "usertime": 7652
     },
     "17226922686": {
      "maxRSS": 16500,
      "systemtime": 0,
      "usertime": 7675
     },
     "17226922709": {
      "maxRSS": 16500,
      "systemtime": 0,
      "usertime": 7704
     },
     "17226922733": {
      "maxRSS": 16500,
      "systemtime": 0,
      "usertime": 7734
     },
     "17226922762": {
      "maxRSS": 16500,
      "systemtime": 0,
      "usertime": 7770
     },
     "17226922781": {
      "maxRSS": 16500,
      "systemtime": 0,
      "usertime": 7796
     },
     "17226922801": {
      "maxRSS": 16500,
      "systemtime": 0,
      "usertime": 7823
     },
     "17226922822": {
      "maxRSS": 16500,
      "systemtime": 0,
      "usertime": 7855
     },
     "17226922849": {
      "maxRSS": 16500,
      "systemtime": 0,
      "usertime": 7886
     },
     "17226922872": {
      "maxRSS": 16500,
      "systemtime": 0,
      "usertime": 7918
     },
     "17226922896": {
      "maxRSS": 16500,
      "systemtime": 0,
      "usertime": 7956
     },
     "17226922903": {
      "maxRSS": 16500,
      "systemtime": 0,
      "usertime": 7969
     },
     "17226922926": {
      "maxRSS": 16500,
      "systemtime": 0,
      "usertime": 7999
     },
     "17226922955": {
      "maxRSS": 16500,
      "systemtime": 0,
      "usertime": 8037
     },
     "17226922982": {
      "maxRSS": 16500,
      "systemtime": 0,
      "usertime": 8067
     },
     "17226923006": {
      "maxRSS": 16500,
      "systemtime": 0,
      "usertime": 8097
     },
     "17226923030": {
      "maxRSS": 16500,
      "systemtime": 0,
      "usertime": 8132
     },
     "17226923041": {
      "maxRSS": 16500,
      "systemtime": 0,
      "usertime": 8153
     },
     "17226923049": {
      "maxRSS": 16500,
      "systemtime": 0,
      "usertime": 8163
     },
     "17226923071": {
      "maxRSS": 16500,
      "systemtime": 0,
      "usertime": 8187
     },
     "17226923097": {
      "maxRSS": 16500,
      "systemtime": 0,
      "usertime": 8221
     },
     "17226923130": {
      "maxRSS": 16500,
      "systemtime": 0,
      "usertime": 8260
     },
     "17226923149": {
      "maxRSS": 16500,
      "systemtime": 0,
      "usertime": 8286
     },
     "17226923172": {
      "maxRSS": 16500,
      "systemtime": 0,
      "usertime": 8319
     },
     "17226923194": {
      "maxRSS": 16500,
      "systemtime": 0,
      "usertime": 8347
     },
     "17226923219": {
      "maxRSS": 16500,
      "systemtime": 0,
      "usertime": 8376
     },
     "17226923247": {
      "maxRSS": 16500,
      "systemtime": 0,
      "usertime": 8411
     },
     "17226923271": {
      "maxRSS": 16500,
      "systemtime": 0,
      "usertime": 8441
     },
     "17226923291": {
      "maxRSS": 16500,
      "systemtime": 0,
      "usertime": 8465
     },
     "17226923318": {
      "maxRSS": 16500,
      "systemtime": 0,
      "usertime": 8503
     },
     "17226923348": {
      "maxRSS": 16500,
      "systemtime": 0,
      "usertime": 8544
     },
     "17226923373": {
      "maxRSS": 16500,
      "systemtime": 0,
      "usertime": 8572
     },
     "17226923403": {
      "maxRSS": 16500,
      "systemtime": 0,
      "usertime": 8611
     },
     "17226923424": {
      "maxRSS": 16500,
      "systemtime": 0,
      "usertime": 8641
     },
     "17226923445": {
      "maxRSS": 16500,
      "systemtime": 0,
      "usertime": 8670
     },
     "17226923472": {
      "maxRSS": 16500,
      "systemtime": 0,
      "usertime": 8700
     },
     "17226923500": {
      "maxRSS": 16500,
      "systemtime": 0,
      "usertime": 8734
     },
     "17226923540": {
      "maxRSS": 16500,
      "systemtime": 0,
      "usertime": 8788
     },
     "17226923563": {
      "maxRSS": 16500,
      "systemtime": 0,
      "usertime": 8816
     },
     "17226923584": {
      "maxRSS": 16500,
      "systemtime": 0,
      "usertime": 8843
     },
     "17226923610": {
      "maxRSS": 16500,
      "systemtime": 0,
      "usertime": 8874
     },
     "17226923639": {
      "maxRSS": 16500,
      "systemtime": 0,
      "usertime": 8913
     },
     "17226923665": {
      "maxRSS": 16500,
      "systemtime": 0,
      "usertime": 8944
     },
     "17226923688": {
      "maxRSS": 16500,
      "systemtime": 0,
      "usertime": 8975
     },
     "17226923708": {
      "maxRSS": 16500,
      "systemtime": 0,
      "usertime": 9000
     },
     "17226923733": {
      "maxRSS": 16500,
      "systemtime": 0,
      "usertime": 9033
     },
     "17226923754": {
      "maxRSS": 16500,
      "systemtime": 0,
      "usertime": 9059
     },
     "17226923778": {
      "maxRSS": 16500,
      "systemtime": 0,
      "usertime": 9089
     },
     "17226923807": {
      "maxRSS": 16500,
      "systemtime": 0,
      "usertime": 9126
     },
     "17226923831": {
      "maxRSS": 16500,
      "systemtime": 0,
      "usertime": 9156
     },
     "17226923850": {
      "maxRSS": 16500,
      "systemtime": 0,
      "usertime": 9181
     },
     "17226923877": {
      "maxRSS": 16500,
      "systemtime": 0,
      "usertime": 9217
     },
     "17226923904": {
      "maxRSS": 16500,
      "systemtime": 0,
      "usertime": 9255
     },
     "17226923913": {
      "maxRSS": 16500,
      "systemtime": 0,
      "usertime": 9275
     },
     "17226923946": {
      "maxRSS": 16500,
      "systemtime": 0,
      "usertime": 9309
     },
     "17226923970": {
      "maxRSS": 16500,
      "systemtime": 0,
      "usertime": 9345
     },
     "17226924055": {
      "maxRSS": 16500,
      "systemtime": 0,
      "usertime": 9444
     },
     "17226924070": {
      "maxRSS": 16500,
      "systemtime": 0,
      "usertime": 9472
     },
     "17226924102": {
      "maxRSS": 16500,
      "systemtime": 0,
      "usertime": 9507
     },
     "17226924136": {
      "maxRSS": 16500,
      "systemtime": 0,
      "usertime": 9552
     },
     "17226924162": {
      "maxRSS": 16500,
      "systemtime": 0,
      "usertime": 9584
     },
     "17226924187": {
      "maxRSS": 16500,
      "systemtime": 0,
      "usertime": 9615
     },
     "17226924207": {
      "maxRSS": 16500,
      "systemtime": 0,
      "usertime": 9641
     },
     "17226924236": {
      "maxRSS": 16500,
      "systemtime": 0,
      "usertime": 9680
     },
     "17226924255": {
      "maxRSS": 16500,
      "systemtime": 0,
      "usertime": 9706
     },
     "17226924278": {
      "maxRSS": 16500,
      "systemtime": 0,
      "usertime": 9736
     },
     "17226924314": {
      "maxRSS": 16500,
      "systemtime": 0,
      "usertime": 9779
     },
     "17226924337": {
      "maxRSS": 16500,
      "systemtime": 0,
      "usertime": 9808
     },
     "17226924358": {
      "maxRSS": 16500,
      "systemtime": 0,
      "usertime": 9836
     },
     "17226924378": {
      "maxRSS": 16500,
      "systemtime": 0,
      "usertime": 9854
     },
     "17226924400": {
      "maxRSS": 16500,
      "systemtime": 0,
      "usertime": 9893
     },
     "17226924426": {
      "maxRSS": 16500,
      "systemtime": 0,
      "usertime": 9927
     },
     "17226924451": {
      "maxRSS": 16500,
      "systemtime": 0,
      "usertime": 9957
     },
     "17226924525": {
      "maxRSS": 16500,
      "systemtime": 0,
      "usertime": 10038
     },
     "17226924545": {
      "maxRSS": 16500,
      "systemtime": 0,
      "usertime": 10065
     },
     "17226924565": {
      "maxRSS": 16500,
      "systemtime": 0,
      "usertime": 10092
     },
     "17226924597": {
      "maxRSS": 16500,
      "systemtime": 0,
      "usertime": 10131
     },
     "17226924636": {
      "maxRSS": 16500,
      "systemtime": 0,
      "usertime": 10177
     },
     "17226924661": {
      "maxRSS": 16500,
      "systemtime": 0,
      "usertime": 10210
     },
     "17226924685": {
      "maxRSS": 16500,
      "systemtime": 0,
      "usertime": 10240
     },
     "17226924705": {
      "maxRSS": 16500,
      "systemtime": 0,
      "usertime": 10267
     },
     "17226924736": {
      "maxRSS": 16500,
      "systemtime": 0,
      "usertime": 10305
     },
     "17226924756": {
      "maxRSS": 16500,
      "systemtime": 0,
      "usertime": 10333
     },
     "17226924778": {
      "maxRSS": 16500,
      "systemtime": 0,
      "usertime": 10362
     },
     "17226924817": {
      "maxRSS": 16500,
      "systemtime": 0,
      "usertime": 10407
     },
     "17226924841": {
      "maxRSS": 16500,
      "systemtime": 0,
      "usertime": 10438
     },
     "17226924860": {
      "maxRSS": 16500,
      "systemtime": 0,
      "usertime": 10464
     },
     "17226924880": {
      "maxRSS": 16500,
      "systemtime": 0,
      "usertime": 10482
     },
     "17226924904": {
      "maxRSS": 16500,
      "systemtime": 0,
      "usertime": 10523
     },
     "17226924931": {
      "maxRSS": 16500,
      "systemtime": 0,
      "usertime": 10557
     },
     "17226924955": {
      "maxRSS": 16500,
      "systemtime": 0,
      "usertime": 10587
     },
     "17226925096": {
      "maxRSS": 16500,
      "systemtime": 0,
      "usertime": 10693
     },
     "17226925119": {
      "maxRSS": 16500,
      "systemtime": 0,
      "usertime": 10787
     },
     "17226925132": {
      "maxRSS": 16500,
      "systemtime": 0,
      "usertime": 10812
     },
     "17226925165": {
      "maxRSS": 16500,
      "systemtime": 0,
      "usertime": 10856
     },
     "17226925184": {
      "maxRSS": 16500,
      "systemtime": 0,
      "usertime": 10898
     },
     "17226925260": {
      "maxRSS": 16500,
      "systemtime": 0,
      "usertime": 10974
     },
     "17226925302": {
      "maxRSS": 16500,
      "systemtime": 0,
      "usertime": 11042
     },
     "17226925327": {
      "maxRSS": 16500,
      "systemtime": 0,
      "usertime": 11076
     },
     "17226925349": {
      "maxRSS": 16500,
      "systemtime": 0,
      "usertime": 11105
     },
     "17226925401": {
      "maxRSS": 16500,
      "systemtime": 0,
      "usertime": 11148
     },
     "17226925451": {
      "maxRSS": 16500,
      "systemtime": 0,
      "usertime": 11238
     },
     "17226925488": {
      "maxRSS": 16500,
      "systemtime": 0,
      "usertime": 11294
     },
     "17226925532": {
      "maxRSS": 16500,
      "systemtime": 0,
      "usertime": 11336
     },
     "17226925583": {
      "maxRSS": 16500,
      "systemtime": 0,
      "usertime": 11424
     },
     "17226925626": {
      "maxRSS": 16500,
      "systemtime": 0,
      "usertime": 11478
     },
     "17226925658": {
      "maxRSS": 16500,
      "systemtime": 0,
      "usertime": 11522
     },
     "17226925667": {
      "maxRSS": 16500,
      "systemtime": 0,
      "usertime": 11546
     },
     "17226925764": {
      "maxRSS": 16500,
      "systemtime": 0,
      "usertime": 11645
     },
     "17226925785": {
      "maxRSS": 16500,
      "systemtime": 0,
      "usertime": 11668
     },
     "17226925880": {
      "maxRSS": 16500,
      "systemtime": 0,
      "usertime": 11795
     },
     "17226925901": {
      "maxRSS": 16500,
      "systemtime": 0,
      "usertime": 11829
     },
     "17226925909": {
      "maxRSS": 16500,
      "systemtime": 0,
      "usertime": 11847
     },
     "17226925953": {
      "maxRSS": 16500,
      "systemtime": 0,
      "usertime": 11913
     },
     "17226926018": {
      "maxRSS": 16500,
      "systemtime": 0,
      "usertime": 11983
     },
     "17226926076": {
      "maxRSS": 16500,
      "systemtime": 0,
      "usertime": 12067
     },
     "17226926090": {
      "maxRSS": 16500,
      "systemtime": 0,
      "usertime": 12097
     },
     "17226926096": {
      "maxRSS": 16500,
      "systemtime": 0,
      "usertime": 12110
     },
     "17226926102": {
      "maxRSS": 16500,
      "systemtime": 0,
      "usertime": 12123
     },
     "17226926121": {
      "maxRSS": 16500,
      "systemtime": 0,
      "usertime": 12135
     },
     "17226926154": {
      "maxRSS": 16500,
      "systemtime": 0,
      "usertime": 12196
     },
     "17226926181": {
      "maxRSS": 16500,
      "systemtime": 0,
      "usertime": 12229
     },
     "17226926208": {
      "maxRSS": 16500,
      "systemtime": 0,
      "usertime": 12262
     },
     "17226926303": {
      "maxRSS": 16500,
      "systemtime": 0,
      "usertime": 12373
     },
     "17226926333": {
      "maxRSS": 16500,
      "systemtime": 0,
      "usertime": 12412
     },
     "17226926376": {
      "maxRSS": 16500,
      "systemtime": 0,
      "usertime": 12471
     },
     "17226926408": {
      "maxRSS": 16500,
      "systemtime": 0,
      "usertime": 12511
     },
     "17226926428": {
      "maxRSS": 16500,
      "systemtime": 0,
      "usertime": 12539
     },
     "17226926456": {
      "maxRSS": 16500,
      "systemtime": 0,
      "usertime": 12574
     },
     "17226926483": {
      "maxRSS": 16500,
      "systemtime": 0,
      "usertime": 12615
     },
     "17226926522": {
      "maxRSS": 16500,
      "systemtime": 0,
      "usertime": 12662
     },
     "17226926567": {
      "maxRSS": 16500,
      "systemtime": 0,
      "usertime": 12728
     },
     "17226926589": {
      "maxRSS": 16500,
      "systemtime": 0,
      "usertime": 12770
     },
     "17226926606": {
      "maxRSS": 16500,
      "systemtime": 0,
      "usertime": 12792
     },
     "17226926666": {
      "maxRSS": 16500,
      "systemtime": 0,
      "usertime": 12871
     },
     "17226926674": {
      "maxRSS": 16500,
      "systemtime": 0,
      "usertime": 12886
     },
     "17226926686": {
      "maxRSS": 16500,
      "systemtime": 0,
      "usertime": 12905
     },
     "17226926721": {
      "maxRSS": 16500,
      "systemtime": 0,
      "usertime": 12949
     },
     "17226926734": {
      "maxRSS": 16500,
      "systemtime": 0,
      "usertime": 12978
     },
     "17226926760": {
      "maxRSS": 16500,
      "systemtime": 0,
      "usertime": 13014
     },
     "17226926779": {
      "maxRSS": 16500,
      "systemtime": 0,
      "usertime": 13036
     },
     "17226926827": {
      "maxRSS": 16500,
      "systemtime": 0,
      "usertime": 13105
     },
     "17226926841": {
      "maxRSS": 16500,
      "systemtime": 0,
      "usertime": 13130
     },
     "17226926854": {
      "maxRSS": 16500,
      "systemtime": 0,
      "usertime": 13154
     },
     "17226926885": {
      "maxRSS": 16500,
      "systemtime": 0,
      "usertime": 13196
     },
     "17226926917": {
      "maxRSS": 16500,
      "systemtime": 0,
      "usertime": 13261
     },
     "17226926962": {
      "maxRSS": 16500,
      "systemtime": 0,
      "usertime": 13320
     },
     "17226926987": {
      "maxRSS": 16500,
      "systemtime": 0,
      "usertime": 13358
     },
     "17226927026": {
      "maxRSS": 16500,
      "systemtime": 0,
      "usertime": 13411
     },
     "17226927058": {
      "maxRSS": 16500,
      "systemtime": 0,
      "usertime": 13456
     },
     "17226927081": {
      "maxRSS": 16500,
      "systemtime": 0,
      "usertime": 13483
     },
     "17226927120": {
      "maxRSS": 16500,
      "systemtime": 0,
      "usertime": 13543
     },
     "17226927148": {
      "maxRSS": 16500,
      "systemtime": 0,
      "usertime": 13577
     },
     "17226927171": {
      "maxRSS": 16500,
      "systemtime": 0,
      "usertime": 13607
     },
     "17226927195": {
      "maxRSS": 16500,
      "systemtime": 0,
      "usertime": 13645
     },
     "17226927224": {
      "maxRSS": 16500,
      "systemtime": 0,
      "usertime": 13683
     },
     "17226927252": {
      "maxRSS": 16500,
      "systemtime": 0,
      "usertime": 13714
     },
     "17226927299": {
      "maxRSS": 16500,
      "systemtime": 0,
      "usertime": 13781
     },
     "17226927309": {
      "maxRSS": 16500,
      "systemtime": 0,
      "usertime": 13794
     },
     "17226927326": {
      "maxRSS": 16500,
      "systemtime": 0,
      "usertime": 13816
     },
     "17226927351": {
      "maxRSS": 16500,
      "systemtime": 0,
      "usertime": 13847
     },
     "17226927376": {
      "maxRSS": 16500,
      "systemtime": 0,
      "usertime": 13880
     },
     "17226927400": {
      "maxRSS": 16500,
      "systemtime": 0,
      "usertime": 13912
     },
     "17226927425": {
      "maxRSS": 16500,
      "systemtime": 0,
      "usertime": 13945
     },
     "17226927445": {
      "maxRSS": 16500,
      "systemtime": 0,
      "usertime": 13971
     },
     "17226927470": {
      "maxRSS": 16500,
      "systemtime": 0,
      "usertime": 14007
     },
     "17226927489": {
      "maxRSS": 16500,
      "systemtime": 0,
      "usertime": 14029
     },
     "17226927529": {
      "maxRSS": 16500,
      "systemtime": 0,
      "usertime": 14083
     },
     "17226927560": {
      "maxRSS": 16500,
      "systemtime": 0,
      "usertime": 14127
     },
     "17226927583": {
      "maxRSS": 16500,
      "systemtime": 0,
      "usertime": 14152
     },
     "17226927609": {
      "maxRSS": 16500,
      "systemtime": 0,
      "usertime": 14189
     },
     "17226927641": {
      "maxRSS": 16500,
      "systemtime": 0,
      "usertime": 14229
     },
     "17226927667": {
      "maxRSS": 16500,
      "systemtime": 0,
      "usertime": 14266
     },
     "17226927697": {
      "maxRSS": 16500,
      "systemtime": 0,
      "usertime": 14308
     },
     "17226927721": {
      "maxRSS": 16500,
      "systemtime": 0,
      "usertime": 14341
     },
     "17226927751": {
      "maxRSS": 16500,
      "systemtime": 0,
      "usertime": 14373
     },
     "17226927784": {
      "maxRSS": 16500,
      "systemtime": 0,
      "usertime": 14424
     },
     "17226927814": {
      "maxRSS": 16500,
      "systemtime": 0,
      "usertime": 14462
     },
     "17226927841": {
      "maxRSS": 16500,
      "systemtime": 0,
      "usertime": 14496
     },
     "17226927862": {
      "maxRSS": 16500,
      "systemtime": 0,
      "usertime": 14525
     },
     "17226927888": {
      "maxRSS": 16500,
      "systemtime": 0,
      "usertime": 14563
     },
     "17226927897": {
      "maxRSS": 16500,
      "systemtime": 0,
      "usertime": 14577
     },
     "17226927922": {
      "maxRSS": 16500,
      "systemtime": 0,
      "usertime": 14612
     },
     "17226927951": {
      "maxRSS": 16500,
      "systemtime": 0,
      "usertime": 14651
     },
     "17226927980": {
      "maxRSS": 16500,
      "systemtime": 0,
      "usertime": 14690
     },
     "17226927990": {
      "maxRSS": 16500,
      "systemtime": 0,
      "usertime": 14703
     },
     "17226928037": {
      "maxRSS": 16500,
      "systemtime": 48,
      "usertime": 14715
     },
     "17226928068": {
      "maxRSS": 16500,
      "systemtime": 86,
      "usertime": 14715
     },
     "17226928104": {
      "maxRSS": 16500,
      "systemtime": 139,
      "usertime": 14715
     },
     "17226928130": {
      "maxRSS": 16500,
      "systemtime": 172,
      "usertime": 14715
     },
     "17226928153": {
      "maxRSS": 16500,
      "systemtime": 208,
      "usertime": 14715
     },
     "17226928174": {
      "maxRSS": 16500,
      "systemtime": 237,
      "usertime": 14715
     },
     "17226928216": {
      "maxRSS": 16500,
      "systemtime": 290,
      "usertime": 14715
     },
     "17226928238": {
      "maxRSS": 16500,
      "systemtime": 317,
      "usertime": 14715
     },
     "17226928263": {
      "maxRSS": 16500,
      "systemtime": 354,
      "usertime": 14715
     },
     "17226928298": {
      "maxRSS": 16500,
      "systemtime": 403,
      "usertime": 14715
     },
     "17226928323": {
      "maxRSS": 16500,
      "systemtime": 435,
      "usertime": 14715
     },
     "17226928350": {
      "maxRSS": 16500,
      "systemtime": 474,
      "usertime": 14715
     },
     "17226928373": {
      "maxRSS": 16500,
      "systemtime": 500,
      "usertime": 14715
     },
     "17226928393": {
      "maxRSS": 16500,
      "systemtime": 527,
      "usertime": 14715
     },
     "17226928443": {
      "maxRSS": 16500,
      "systemtime": 597,
      "usertime": 14715
     },
     "17226928494": {
      "maxRSS": 16500,
      "systemtime": 674,
      "usertime": 14715
     },
     "17226928537": {
      "maxRSS": 16500,
      "systemtime": 729,
      "usertime": 14715
     },
     "17226928558": {
      "maxRSS": 16500,
      "systemtime": 752,
      "usertime": 14715
     },
     "17226928580": {
      "maxRSS": 16500,
      "systemtime": 781,
      "usertime": 14715
     },
     "17226928606": {
      "maxRSS": 16500,
      "systemtime": 815,
      "usertime": 14715
     },
     "17226928631": {
      "maxRSS": 16500,
      "systemtime": 851,
      "usertime": 14715
     },
     "17226928642": {
      "maxRSS": 16500,
      "systemtime": 879,
      "usertime": 14715
     },
     "17226928651": {
      "maxRSS": 16500,
      "systemtime": 891,
      "usertime": 14715
     },
     "17226928672": {
      "maxRSS": 16500,
      "systemtime": 921,
      "usertime": 14715
     },
     "17226928694": {
      "maxRSS": 16500,
      "systemtime": 947,
      "usertime": 14715
     },
     "17226928716": {
      "maxRSS": 16500,
      "systemtime": 975,
      "usertime": 14715
     },
     "17226928741": {
      "maxRSS": 16500,
      "systemtime": 1009,
      "usertime": 14715
     },
     "17226928772": {
      "maxRSS": 16500,
      "systemtime": 1059,
      "usertime": 14715
     },
     "17226928784": {
      "maxRSS": 16500,
      "systemtime": 1084,
      "usertime": 14715
     },
     "17226928798": {
      "maxRSS": 16500,
      "systemtime": 1108,
      "usertime": 14715
     },
     "17226928811": {
      "maxRSS": 16500,
      "systemtime": 1133,
      "usertime": 14715
     },
     "17226928818": {
      "maxRSS": 16500,
      "systemtime": 1151,
      "usertime": 14715
     },
     "17226928842": {
      "maxRSS": 16500,
      "systemtime": 1178,
      "usertime": 14715
     },
     "17226928853": {
      "maxRSS": 16500,
      "systemtime": 1204,
      "usertime": 14715
     },
     "17226928866": {
      "maxRSS": 16500,
      "systemtime": 1224,
      "usertime": 14715
     },
     "17226928894": {
      "maxRSS": 16500,
      "systemtime": 1256,
      "usertime": 14715
     },
     "17226928917": {
      "maxRSS": 16500,
      "systemtime": 1289,
      "usertime": 14715
     },
     "17226928941": {
      "maxRSS": 16500,
      "systemtime": 1319,
      "usertime": 14715
     },
     "17226928961": {
      "maxRSS": 16500,
      "systemtime": 1346,
      "usertime": 14715
     },
     "17226928982": {
      "maxRSS": 16500,
      "systemtime": 1374,
      "usertime": 14715
     },
     "17226929014": {
      "maxRSS": 16500,
      "systemtime": 1417,
      "usertime": 14715
     },
     "17226929039": {
      "maxRSS": 16500,
      "systemtime": 1449,
      "usertime": 14715
     },
     "17226929065": {
      "maxRSS": 16500,
      "systemtime": 1481,
      "usertime": 14715
     },
     "17226929088": {
      "maxRSS": 16500,
      "systemtime": 1510,
      "usertime": 14715
     },
     "17226929116": {
      "maxRSS": 16500,
      "systemtime": 1551,
      "usertime": 14715
     },
     "17226929206": {
      "maxRSS": 16500,
      "systemtime": 1649,
      "usertime": 14715
     },
     "17226929238": {
      "maxRSS": 16500,
      "systemtime": 1683,
      "usertime": 14715
     }
    }
   }
  }
 }
}
