{
 "root": {
  "program": {
   "configuration": {
    "": "/root/compiler/tests/corpus/BENCHMARK_FAMILY/same_generation_negation.dl",
    "fact-dir": "/root/compiler/fixtures/benchmark-family/same_generation_negation/d6_b4",
    "include-dir": ".",
    "jobs": "1",
    "libraries": "functors",
    "library-dir": ".",
    "magic-transform": "*",
    "output-dir": "/root/compiler/measurements/m3-5-headline-m4/family/same_generation_negation/d6_b4/souffle",
    "profile": "prof.log",
    "relationCount": "4",
    "ruleCount": "7",
    "version": "2.5",
    "warn": "all",
    "wno": "none"
   },
   "relation": {
    "@magic.notsg.{bf}": {
     "maxRSS": {
      "post": 12012,
      "pre": 11884
     },
     "non-recursive-rule": {
      "@magic.notsg.{bf}(0).": {
       "maxRSS": {
        "post": 12012,
        "pre": 11884
       },
       "num-tuples": 1,
       "runtime": { "start": 16946984428, "end": 16946984433},
       "source-locator": " [1:1-1:1]"
      }
     },
     "num-tuples": 1,
     "runtime": { "start": 16946984427, "end": 16946984441},
     "source-locator": " [1:1-1:1]"
    },
    "@neglabel.sg": {
     "iteration": {
      "0": {
       "copytime": { "start": 16947739431, "end": 16947740718},
       "maxRSS": {
        "post": 13104,
        "pre": 12720
       },
       "num-tuples": 15490,
       "recursive-rule": {
        "@neglabel.sg(x,y) :- \n   parent(x,xp),\n   parent(y,yp),\n   @neglabel.sg(xp,yp),\n   x != y.": {
         "0": {
          "atom-frequency": {
           "@new_@neglabel.sg(x,y) :- \n   parent(x,xp),\n   parent(y,yp),\n   @delta_@neglabel.sg(xp,yp),\n   x != y.": {
            "parent": {
             "level": 0,
             "num-tuples": 0
            }
           }
          },
          "maxRSS": {
           "post": 13104,
           "pre": 12720
          },
          "num-tuples": 15490,
          "runtime": { "start": 16946986086, "end": 16947739363},
          "source-locator": " [1:1-1:1]"
         }
        }
       },
       "runtime": { "start": 16946986077, "end": 16947739392}
      },
      "1": {
       "copytime": { "start": 16948573258, "end": 16948578553},
       "maxRSS": {
        "post": 14768,
        "pre": 13488
       },
       "num-tuples": 62136,
       "recursive-rule": {
        "@neglabel.sg(x,y) :- \n   parent(x,xp),\n   parent(y,yp),\n   @neglabel.sg(xp,yp),\n   x != y.": {
         "0": {
          "maxRSS": {
           "post": 14768,
           "pre": 13488
          },
          "num-tuples": 62136,
          "runtime": { "start": 16947740740, "end": 16948573196},
          "source-locator": " [1:1-1:1]"
         }
        }
       },
       "runtime": { "start": 16947740725, "end": 16948573217}
      },
      "2": {
       "copytime": { "start": 16949403914, "end": 16949428589},
       "maxRSS": {
        "post": 20912,
        "pre": 16176
       },
       "num-tuples": 245172,
       "recursive-rule": {
        "@neglabel.sg(x,y) :- \n   parent(x,xp),\n   parent(y,yp),\n   @neglabel.sg(xp,yp),\n   x != y.": {
         "0": {
          "maxRSS": {
           "post": 20912,
           "pre": 16176
          },
          "num-tuples": 245172,
          "runtime": { "start": 16948578581, "end": 16949403536},
          "source-locator": " [1:1-1:1]"
         }
        }
       },
       "runtime": { "start": 16948578564, "end": 16949403710}
      },
      "3": {
       "copytime": { "start": 16950383327, "end": 16950461189},
       "maxRSS": {
        "post": 44720,
        "pre": 26928
       },
       "num-tuples": 959588,
       "recursive-rule": {
        "@neglabel.sg(x,y) :- \n   parent(x,xp),\n   parent(y,yp),\n   @neglabel.sg(xp,yp),\n   x != y.": {
         "0": {
          "maxRSS": {
           "post": 44720,
           "pre": 26928
          },
          "num-tuples": 959588,
          "runtime": { "start": 16949428636, "end": 16950382338},
          "source-locator": " [1:1-1:1]"
         }
        }
       },
       "runtime": { "start": 16949428609, "end": 16950382823}
      },
      "4": {
       "copytime": { "start": 16951735804, "end": 16951982836},
       "maxRSS": {
        "post": 121008,
        "pre": 65200
       },
       "num-tuples": 3089062,
       "recursive-rule": {
        "@neglabel.sg(x,y) :- \n   parent(x,xp),\n   parent(y,yp),\n   @neglabel.sg(xp,yp),\n   x != y.": {
         "0": {
          "maxRSS": {
           "post": 121008,
           "pre": 65200
          },
          "num-tuples": 3089062,
          "runtime": { "start": 16950461246, "end": 16951731116},
          "source-locator": " [1:1-1:1]"
         }
        }
       },
       "runtime": { "start": 16950461208, "end": 16951732757}
      },
      "5": {
       "copytime": { "start": 16953900165, "end": 16954710109},
       "maxRSS": {
        "post": 360880,
        "pre": 185136
       },
       "num-tuples": 9966888,
       "recursive-rule": {
        "@neglabel.sg(x,y) :- \n   parent(x,xp),\n   parent(y,yp),\n   @neglabel.sg(xp,yp),\n   x != y.": {
         "0": {
          "maxRSS": {
           "post": 360880,
           "pre": 185136
          },
          "num-tuples": 9966888,
          "runtime": { "start": 16951982876, "end": 16953885053},
          "source-locator": " [1:1-1:1]"
         }
        }
       },
       "runtime": { "start": 16951982852, "end": 16953890180}
      },
      "6": {
       "maxRSS": {
        "post": 558512,
        "pre": 558256
       },
       "num-tuples": 0,
       "recursive-rule": {
        "@neglabel.sg(x,y) :- \n   parent(x,xp),\n   parent(y,yp),\n   @neglabel.sg(xp,yp),\n   x != y.": {
         "0": {
          "maxRSS": {
           "post": 558512,
           "pre": 558256
          },
          "num-tuples": 0,
          "runtime": { "start": 16954710157, "end": 16956088035},
          "source-locator": " [1:1-1:1]"
         }
        }
       },
       "runtime": { "start": 16954710127, "end": 16956088069}
      }
     },
     "maxRSS": {
      "post": 12592,
      "pre": 12592
     },
     "non-recursive-rule": {
      "@neglabel.sg(x,x) :- \n   person(x).": {
       "atom-frequency": {
        "@neglabel.sg(x,x) :- \n   person(x).": {
         "person": {
          "level": 0,
          "num-tuples": 0
         }
        }
       },
       "maxRSS": {
        "post": 12592,
        "pre": 12592
       },
       "num-tuples": 4888,
       "runtime": { "start": 16946985671, "end": 16946985857},
       "source-locator": " [1:1-1:1]"
      }
     },
     "num-tuples": 4888,
     "runtime": { "start": 16946985661, "end": 16946985866},
     "source-locator": "/root/compiler/tests/corpus/BENCHMARK_FAMILY/same_generation_negation.dl [26:7-26:9]"
    },
    "notsg.{bf}": {
     "maxRSS": {
      "post": 558512,
      "pre": 558512
     },
     "non-recursive-rule": {
      "notsg.{bf}(x,y) :- \n   @magic.notsg.{bf}(x),\n   person(x),\n   person(y),\n   !@neglabel.sg(x,y).": {
       "atom-frequency": {
        "notsg.{bf}(x,y) :- \n   @magic.notsg.{bf}(x),\n   person(x),\n   person(y),\n   !@neglabel.sg(x,y).": {
         "@magic.notsg.{bf}": {
          "level": 0,
          "num-tuples": 0
         },
         "person": {
          "level": 2,
          "num-tuples": 0
         }
        }
       },
       "maxRSS": {
        "post": 558512,
        "pre": 558512
       },
       "num-tuples": 4887,
       "runtime": { "start": 16956104535, "end": 16956104825},
       "source-locator": " [1:1-1:1]"
      }
     },
     "num-tuples": 4887,
     "reads": 0,
     "runtime": { "start": 16956104511, "end": 16956104837},
     "source-locator": " [1:1-1:1]"
    },
    "parent": {
     "loadtime": { "start": 16946984445, "end": 16946985197},
     "num-tuples": 4887,
     "reads": 0,
     "source-locator": "/root/compiler/tests/corpus/BENCHMARK_FAMILY/same_generation_negation.dl [20:7-20:13]"
    },
    "person": {
     "loadtime": { "start": 16946985204, "end": 16946985655},
     "num-tuples": 4888,
     "reads": 1,
     "source-locator": "/root/compiler/tests/corpus/BENCHMARK_FAMILY/same_generation_negation.dl [23:7-23:13]"
    },
    "q_notsg": {
     "maxRSS": {
      "post": 558640,
      "pre": 558640
     },
     "non-recursive-rule": {
      "q_notsg(y) :- \n   notsg.{bf}(@abdul0,y),\n   @abdul0 = 0.": {
       "atom-frequency": {
        "q_notsg(y) :- \n   notsg.{bf}(@abdul0,y),\n   @abdul0 = 0.": {
         "notsg.{bf}": {
          "level": 0,
          "num-tuples": 0
         }
        }
       },
       "maxRSS": {
        "post": 558640,
        "pre": 558640
       },
       "num-tuples": 4887,
       "runtime": { "start": 16956142065, "end": 16956142224},
       "source-locator": " [1:1-1:1]"
      }
     },
     "num-tuples": 4887,
     "reads": 0,
     "runtime": { "start": 16956142063, "end": 16956142236},
     "savetime": { "start": 16956142241, "end": 16956142702},
     "source-locator": "/root/compiler/tests/corpus/BENCHMARK_FAMILY/same_generation_negation.dl [33:7-33:14]"
    }
   },
   "runtime": { "start": 16946984422, "end": 16956142722},
   "starttime": { "time": 16946984381},
   "usage": {
    "timepoint": {
     "16946984455": {
      "maxRSS": 12140,
      "systemtime": 2400,
      "usertime": 2400
     },
     "16946985315": {
      "maxRSS": 12592,
      "systemtime": 2797,
      "usertime": 2797
     },
     "16946985767": {
      "maxRSS": 12592,
      "systemtime": 3039,
      "usertime": 3039
     },
     "16946986178": {
      "maxRSS": 12720,
      "systemtime": 3255,
      "usertime": 3255
     },
     "16946987342": {
      "maxRSS": 12720,
      "systemtime": 3264,
      "usertime": 3264
     },
     "16946988428": {
      "maxRSS": 12720,
      "systemtime": 3264,
      "usertime": 5199
     },
     "16946989657": {
      "maxRSS": 12720,
      "systemtime": 3264,
      "usertime": 5216
     },
     "16946990746": {
      "maxRSS": 12720,
      "systemtime": 3264,
      "usertime": 5238
     },
     "16946991911": {
      "maxRSS": 12720,
      "systemtime": 3264,
      "usertime": 5254
     },
     "16946993168": {
      "maxRSS": 12720,
      "systemtime": 3264,
      "usertime": 9266
     },
     "16946994333": {
      "maxRSS": 12720,
      "systemtime": 3264,
      "usertime": 9281
     },
     "16946995498": {
      "maxRSS": 12720,
      "systemtime": 3264,
      "usertime": 9297
     },
     "16946996593": {
      "maxRSS": 12720,
      "systemtime": 3315,
      "usertime": 13261
     },
     "16946997767": {
      "maxRSS": 12720,
      "systemtime": 3318,
      "usertime": 13275
     },
     "16946998939": {
      "maxRSS": 12720,
      "systemtime": 3323,
      "usertime": 13292
     },
     "16947000072": {
      "maxRSS": 12720,
      "systemtime": 3439,
      "usertime": 17198
     },
     "16947001368": {
      "maxRSS": 12720,
      "systemtime": 3442,
      "usertime": 17213
     },
     "16947002580": {
      "maxRSS": 12720,
      "systemtime": 3445,
      "usertime": 17228
     },
     "16947003681": {
      "maxRSS": 12720,
      "systemtime": 3450,
      "usertime": 17254
     },
     "16947004777": {
      "maxRSS": 12720,
      "systemtime": 3531,
      "usertime": 21188
     },
     "16947005874": {
      "maxRSS": 12720,
      "systemtime": 3535,
      "usertime": 21214
     },
     "16947006962": {
      "maxRSS": 12720,
      "systemtime": 3538,
      "usertime": 21230
     },
     "16947008092": {
      "maxRSS": 12720,
      "systemtime": 3598,
      "usertime": 25190
     },
     "16947009257": {
      "maxRSS": 12720,
      "systemtime": 3600,
      "usertime": 25206
     },
     "16947010402": {
      "maxRSS": 12720,
      "systemtime": 3603,
      "usertime": 25221
     },
     "16947011502": {
      "maxRSS": 12720,
      "systemtime": 3604,
      "usertime": 25229
     },
     "16947012620": {
      "maxRSS": 12720,
      "systemtime": 3650,
      "usertime": 29206
     },
     "16947013719": {
      "maxRSS": 12720,
      "systemtime": 3652,
      "usertime": 29221
     },
     "16947014960": {
      "maxRSS": 12720,
      "systemtime": 3654,
      "usertime": 29237
     },
     "16947016127": {
      "maxRSS": 12720,
      "systemtime": 3690,
      "usertime": 33218
     },
     "16947017295": {
      "maxRSS": 12720,
      "systemtime": 3692,
      "usertime": 33233
     },
     "16947018470": {
      "maxRSS": 12720,
      "systemtime": 3694,
      "usertime": 33248
     },
     "16947019586": {
      "maxRSS": 12720,
      "systemtime": 3696,
      "usertime": 33270
     },
     "16947020725": {
      "maxRSS": 12720,
      "systemtime": 3725,
      "usertime": 37259
     },
     "16947021915": {
      "maxRSS": 12720,
      "systemtime": 3727,
      "usertime": 37271
     },
     "16947023086": {
      "maxRSS": 12720,
      "systemtime": 3728,
      "usertime": 37286
     },
     "16947024120": {
      "maxRSS": 12720,
      "systemtime": 3752,
      "usertime": 41272
     },
     "16947025314": {
      "maxRSS": 12720,
      "systemtime": 3753,
      "usertime": 41286
     },
     "16947026487": {
      "maxRSS": 12720,
      "systemtime": 3755,
      "usertime": 41305
     },
     "16947027654": {
      "maxRSS": 12720,
      "systemtime": 3756,
      "usertime": 41320
     },
     "16947028849": {
      "maxRSS": 12720,
      "systemtime": 3776,
      "usertime": 45317
     },
     "16947029922": {
      "maxRSS": 12720,
      "systemtime": 3777,
      "usertime": 45329
     },
     "16947031024": {
      "maxRSS": 12720,
      "systemtime": 3778,
      "usertime": 45338
     },
     "16947032056": {
      "maxRSS": 12720,
      "systemtime": 3794,
      "usertime": 49328
     },
     "16947033153": {
      "maxRSS": 12720,
      "systemtime": 3795,
      "usertime": 49336
     },
     "16947034253": {
      "maxRSS": 12720,
      "systemtime": 3795,
      "usertime": 49346
     },
     "16947035350": {
      "maxRSS": 12720,
      "systemtime": 3796,
      "usertime": 49352
     },
     "16947036439": {
      "maxRSS": 12720,
      "systemtime": 3811,
      "usertime": 53366
     },
     "16947037615": {
      "maxRSS": 12720,
      "systemtime": 3813,
      "usertime": 53385
     },
     "16947038795": {
      "maxRSS": 12720,
      "systemtime": 3814,
      "usertime": 53402
     },
     "16947039967": {
      "maxRSS": 12720,
      "systemtime": 3815,
      "usertime": 53419
     },
     "16947041145": {
      "maxRSS": 12720,
      "systemtime": 3829,
      "usertime": 57444
     },
     "16947042275": {
      "maxRSS": 12720,
      "systemtime": 3830,
      "usertime": 57459
     },
     "16947043479": {
      "maxRSS": 12720,
      "systemtime": 3831,
      "usertime": 57476
     },
     "16947044704": {
      "maxRSS": 12720,
      "systemtime": 3847,
      "usertime": 61560
     },
     "16947045811": {
      "maxRSS": 12720,
      "systemtime": 3848,
      "usertime": 61573
     },
     "16947046905": {
      "maxRSS": 12720,
      "systemtime": 3848,
      "usertime": 61579
     },
     "16947048023": {
      "maxRSS": 12720,
      "systemtime": 3853,
      "usertime": 65516
     },
     "16947049125": {
      "maxRSS": 12720,
      "systemtime": 3854,
      "usertime": 65524
     },
     "16947051087": {
      "maxRSS": 12720,
      "systemtime": 3855,
      "usertime": 65536
     },
     "16947052173": {
      "maxRSS": 12720,
      "systemtime": 3863,
      "usertime": 69544
     },
     "16947053340": {
      "maxRSS": 12720,
      "systemtime": 3864,
      "usertime": 69559
     },
     "16947054537": {
      "maxRSS": 12720,
      "systemtime": 3865,
      "usertime": 69575
     },
     "16947055672": {
      "maxRSS": 12720,
      "systemtime": 3866,
      "usertime": 69598
     },
     "16947056774": {
      "maxRSS": 12720,
      "systemtime": 3873,
      "usertime": 73604
     },
     "16947057871": {
      "maxRSS": 12720,
      "systemtime": 3874,
      "usertime": 73612
     },
     "16947058971": {
      "maxRSS": 12720,
      "systemtime": 3874,
      "usertime": 73620
     },
     "16947060093": {
      "maxRSS": 12720,
      "systemtime": 3881,
      "usertime": 77623
     },
     "16947061303": {
      "maxRSS": 12720,
      "systemtime": 3882,
      "usertime": 77650
     },
     "16947062409": {
      "maxRSS": 12720,
      "systemtime": 3883,
      "usertime": 77665
     },
     "16947063528": {
      "maxRSS": 12720,
      "systemtime": 3884,
      "usertime": 77693
     },
     "16947064613": {
      "maxRSS": 12720,
      "systemtime": 3891,
      "usertime": 81715
     },
     "16947065756": {
      "maxRSS": 12720,
      "systemtime": 3892,
      "usertime": 81743
     },
     "16947066889": {
      "maxRSS": 12720,
      "systemtime": 3893,
      "usertime": 81760
     },
     "16947068078": {
      "maxRSS": 12720,
      "systemtime": 3898,
      "usertime": 85763
     },
     "16947069219": {
      "maxRSS": 12720,
      "systemtime": 3899,
      "usertime": 85781
     },
     "16947070324": {
      "maxRSS": 12720,
      "systemtime": 3899,
      "usertime": 85796
     },
     "16947071404": {
      "maxRSS": 12720,
      "systemtime": 3900,
      "usertime": 85808
     },
     "16947072537": {
      "maxRSS": 12720,
      "systemtime": 3905,
      "usertime": 89821
     },
     "16947073742": {
      "maxRSS": 12720,
      "systemtime": 3905,
      "usertime": 89837
     },
     "16947074872": {
      "maxRSS": 12720,
      "systemtime": 3906,
      "usertime": 89855
     },
     "16947076100": {
      "maxRSS": 12720,
      "systemtime": 3911,
      "usertime": 93866
     },
     "16947077283": {
      "maxRSS": 12720,
      "systemtime": 3912,
      "usertime": 93890
     },
     "16947078461": {
      "maxRSS": 12720,
      "systemtime": 3912,
      "usertime": 93906
     },
     "16947079637": {
      "maxRSS": 12720,
      "systemtime": 3913,
      "usertime": 93922
     },
     "16947080818": {
      "maxRSS": 12720,
      "systemtime": 3919,
      "usertime": 97993
     },
     "16947081990": {
      "maxRSS": 12720,
      "systemtime": 3920,
      "usertime": 98012
     },
     "16947083175": {
      "maxRSS": 12720,
      "systemtime": 3921,
      "usertime": 98028
     },
     "16947084312": {
      "maxRSS": 12720,
      "systemtime": 3922,
      "usertime": 101986
     },
     "16947085475": {
      "maxRSS": 12720,
      "systemtime": 3923,
      "usertime": 102002
     },
     "16947086658": {
      "maxRSS": 12720,
      "systemtime": 3923,
      "usertime": 102017
     },
     "16947087832": {
      "maxRSS": 12720,
      "systemtime": 3924,
      "usertime": 102032
     },
     "16947088949": {
      "maxRSS": 12720,
      "systemtime": 3927,
      "usertime": 106050
     },
     "16947090228": {
      "maxRSS": 12720,
      "systemtime": 3928,
      "usertime": 106071
     },
     "16947091401": {
      "maxRSS": 12720,
      "systemtime": 3929,
      "usertime": 106088
     },
     "16947092588": {
      "maxRSS": 12720,
      "systemtime": 3932,
      "usertime": 110105
     },
     "16947093870": {
      "maxRSS": 12720,
      "systemtime": 3932,
      "usertime": 110121
     },
     "16947095039": {
      "maxRSS": 12720,
      "systemtime": 3933,
      "usertime": 110137
     },
     "16947096115": {
      "maxRSS": 12720,
      "systemtime": 3936,
      "usertime": 114150
     },
     "16947097253": {
      "maxRSS": 12720,
      "systemtime": 3936,
      "usertime": 114167
     },
     "16947098336": {
      "maxRSS": 12720,
      "systemtime": 3937,
      "usertime": 114183
     },
     "16947099431": {
      "maxRSS": 12720,
      "systemtime": 3938,
      "usertime": 114203
     },
     "16947100667": {
      "maxRSS": 12720,
      "systemtime": 3940,
      "usertime": 118221
     },
     "16947101774": {
      "maxRSS": 12720,
      "systemtime": 3941,
      "usertime": 118239
     },
     "16947102996": {
      "maxRSS": 12720,
      "systemtime": 3941,
      "usertime": 118259
     },
     "16947104051": {
      "maxRSS": 12720,
      "systemtime": 3944,
      "usertime": 122273
     },
     "16947105158": {
      "maxRSS": 12720,
      "systemtime": 3944,
      "usertime": 122281
     },
     "16947106259": {
      "maxRSS": 12720,
      "systemtime": 3945,
      "usertime": 122295
     },
     "16947107325": {
      "maxRSS": 12720,
      "systemtime": 3945,
      "usertime": 122303
     },
     "16947108434": {
      "maxRSS": 12720,
      "systemtime": 3947,
      "usertime": 126314
     },
     "16947109549": {
      "maxRSS": 12720,
      "systemtime": 3948,
      "usertime": 126342
     },
     "16947110633": {
      "maxRSS": 12720,
      "systemtime": 3948,
      "usertime": 126358
     },
     "16947111707": {
      "maxRSS": 12720,
      "systemtime": 3949,
      "usertime": 126370
     },
     "16947112785": {
      "maxRSS": 12720,
      "systemtime": 3951,
      "usertime": 130387
     },
     "16947113852": {
      "maxRSS": 12720,
      "systemtime": 3951,
      "usertime": 130396
     },
     "16947114948": {
      "maxRSS": 12720,
      "systemtime": 3951,
      "usertime": 130403
     },
     "16947116045": {
      "maxRSS": 12720,
      "systemtime": 3953,
      "usertime": 134409
     },
     "16947117143": {
      "maxRSS": 12720,
      "systemtime": 3953,
      "usertime": 134419
     },
     "16947118319": {
      "maxRSS": 12720,
      "systemtime": 3954,
      "usertime": 134443
     },
     "16947119499": {
      "maxRSS": 12720,
      "systemtime": 3954,
      "usertime": 134462
     },
     "16947120686": {
      "maxRSS": 12720,
      "systemtime": 3956,
      "usertime": 138485
     },
     "16947121881": {
      "maxRSS": 12720,
      "systemtime": 3957,
      "usertime": 138501
     },
     "16947123055": {
      "maxRSS": 12720,
      "systemtime": 3957,
      "usertime": 138517
     },
     "16947124124": {
      "maxRSS": 12720,
      "systemtime": 3959,
      "usertime": 142530
     },
     "16947125298": {
      "maxRSS": 12720,
      "systemtime": 3959,
      "usertime": 142546
     },
     "16947126469": {
      "maxRSS": 12720,
      "systemtime": 3960,
      "usertime": 142562
     },
     "16947127650": {
      "maxRSS": 12720,
      "systemtime": 3960,
      "usertime": 142582
     },
     "16947128824": {
      "maxRSS": 12720,
      "systemtime": 3962,
      "usertime": 146597
     },
     "16947130000": {
      "maxRSS": 12720,
      "systemtime": 3962,
      "usertime": 146612
     },
     "16947131170": {
      "maxRSS": 12720,
      "systemtime": 3962,
      "usertime": 146628
     },
     "16947132302": {
      "maxRSS": 12720,
      "systemtime": 3964,
      "usertime": 150644
     },
     "16947134425": {
      "maxRSS": 12720,
      "systemtime": 3965,
      "usertime": 150672
     },
     "16947136608": {
      "maxRSS": 12720,
      "systemtime": 3966,
      "usertime": 154699
     },
     "16947138761": {
      "maxRSS": 12720,
      "systemtime": 3967,
      "usertime": 154719
     },
     "16947140929": {
      "maxRSS": 12720,
      "systemtime": 3968,
      "usertime": 158740
     },
     "16947143090": {
      "maxRSS": 12720,
      "systemtime": 3968,
      "usertime": 158755
     },
     "16947145257": {
      "maxRSS": 12720,
      "systemtime": 3970,
      "usertime": 162771
     },
     "16947147419": {
      "maxRSS": 12720,
      "systemtime": 3970,
      "usertime": 162786
     },
     "16947149592": {
      "maxRSS": 12720,
      "systemtime": 3971,
      "usertime": 166806
     },
     "16947151755": {
      "maxRSS": 12720,
      "systemtime": 3971,
      "usertime": 166822
     },
     "16947153920": {
      "maxRSS": 12720,
      "systemtime": 3973,
      "usertime": 170839
     },
     "16947156100": {
      "maxRSS": 12720,
      "systemtime": 3973,
      "usertime": 174852
     },
     "16947158271": {
      "maxRSS": 12720,
      "systemtime": 3974,
      "usertime": 174869
     },
     "16947160374": {
      "maxRSS": 12720,
      "systemtime": 3975,
      "usertime": 178889
     },
     "16947162467": {
      "maxRSS": 12720,
      "systemtime": 3975,
      "usertime": 178903
     },
     "16947164587": {
      "maxRSS": 12720,
      "systemtime": 3976,
      "usertime": 182930
     },
     "16947166686": {
      "maxRSS": 12720,
      "systemtime": 3977,
      "usertime": 182946
     },
     "16947168799": {
      "maxRSS": 12720,
      "systemtime": 3979,
      "usertime": 187013
     },
     "16947170896": {
      "maxRSS": 12720,
      "systemtime": 3979,
      "usertime": 187030
     },
     "16947172985": {
      "maxRSS": 12720,
      "systemtime": 3979,
      "usertime": 191029
     },
     "16947175100": {
      "maxRSS": 12720,
      "systemtime": 3980,
      "usertime": 191048
     },
     "16947177212": {
      "maxRSS": 12720,
      "systemtime": 3981,
      "usertime": 195069
     },
     "16947179308": {
      "maxRSS": 12720,
      "systemtime": 3981,
      "usertime": 195076
     },
     "16947181510": {
      "maxRSS": 12720,
      "systemtime": 3981,
      "usertime": 199065
     },
     "16947183604": {
      "maxRSS": 12720,
      "systemtime": 3981,
      "usertime": 199085
     },
     "16947185775": {
      "maxRSS": 12720,
      "systemtime": 3982,
      "usertime": 203112
     },
     "16947187945": {
      "maxRSS": 12720,
      "systemtime": 3982,
      "usertime": 203129
     },
     "16947190153": {
      "maxRSS": 12720,
      "systemtime": 3985,
      "usertime": 207231
     },
     "16947192234": {
      "maxRSS": 12720,
      "systemtime": 3985,
      "usertime": 211239
     },
     "16947194398": {
      "maxRSS": 12720,
      "systemtime": 3986,
      "usertime": 211266
     },
     "16947196505": {
      "maxRSS": 12720,
      "systemtime": 3986,
      "usertime": 215248
     },
     "16947198740": {
      "maxRSS": 12848,
      "systemtime": 3986,
      "usertime": 215285
     },
     "16947200910": {
      "maxRSS": 12848,
      "systemtime": 3987,
      "usertime": 219321
     },
     "16947203090": {
      "maxRSS": 12848,
      "systemtime": 3988,
      "usertime": 219368
     },
     "16947205179": {
      "maxRSS": 12848,
      "systemtime": 3989,
      "usertime": 223388
     },
     "16947207292": {
      "maxRSS": 12848,
      "systemtime": 3989,
      "usertime": 223410
     },
     "16947209397": {
      "maxRSS": 12848,
      "systemtime": 3989,
      "usertime": 227426
     },
     "16947211494": {
      "maxRSS": 12848,
      "systemtime": 3990,
      "usertime": 227433
     },
     "16947213571": {
      "maxRSS": 12848,
      "systemtime": 3990,
      "usertime": 231446
     },
     "16947215673": {
      "maxRSS": 12848,
      "systemtime": 3990,
      "usertime": 231458
     },
     "16947217776": {
      "maxRSS": 12848,
      "systemtime": 3991,
      "usertime": 235476
     },
     "16947219876": {
      "maxRSS": 12848,
      "systemtime": 3991,
      "usertime": 235485
     },
     "16947221973": {
      "maxRSS": 12848,
      "systemtime": 3991,
      "usertime": 239486
     },
     "16947224043": {
      "maxRSS": 12848,
      "systemtime": 3991,
      "usertime": 243491
     },
     "16947226212": {
      "maxRSS": 12848,
      "systemtime": 3991,
      "usertime": 243505
     },
     "16947228365": {
      "maxRSS": 12848,
      "systemtime": 3992,
      "usertime": 247531
     },
     "16947230461": {
      "maxRSS": 12848,
      "systemtime": 3992,
      "usertime": 247553
     },
     "16947232541": {
      "maxRSS": 12848,
      "systemtime": 3993,
      "usertime": 251562
     },
     "16947234617": {
      "maxRSS": 12848,
      "systemtime": 3993,
      "usertime": 251577
     },
     "16947236720": {
      "maxRSS": 12848,
      "systemtime": 3993,
      "usertime": 255588
     },
     "16947238821": {
      "maxRSS": 12848,
      "systemtime": 3993,
      "usertime": 255598
     },
     "16947240918": {
      "maxRSS": 12848,
      "systemtime": 3993,
      "usertime": 259605
     },
     "16947243018": {
      "maxRSS": 12848,
      "systemtime": 3994,
      "usertime": 259616
     },
     "16947245088": {
      "maxRSS": 12848,
      "systemtime": 3994,
      "usertime": 263625
     },
     "16947247185": {
      "maxRSS": 12848,
      "systemtime": 3994,
      "usertime": 263634
     },
     "16947249284": {
      "maxRSS": 12848,
      "systemtime": 3994,
      "usertime": 267664
     },
     "16947251378": {
      "maxRSS": 12848,
      "systemtime": 3995,
      "usertime": 267671
     },
     "16947254194": {
      "maxRSS": 12848,
      "systemtime": 3995,
      "usertime": 271659
     },
     "16947256278": {
      "maxRSS": 12848,
      "systemtime": 3995,
      "usertime": 275662
     },
     "16947258461": {
      "maxRSS": 12848,
      "systemtime": 3995,
      "usertime": 275676
     },
     "16947260557": {
      "maxRSS": 12848,
      "systemtime": 3995,
      "usertime": 279695
     },
     "16947262781": {
      "maxRSS": 12848,
      "systemtime": 3996,
      "usertime": 279722
     },
     "16947264870": {
      "maxRSS": 12848,
      "systemtime": 3996,
      "usertime": 283742
     },
     "16947267027": {
      "maxRSS": 12848,
      "systemtime": 3996,
      "usertime": 283776
     },
     "16947269119": {
      "maxRSS": 12848,
      "systemtime": 3997,
      "usertime": 287805
     },
     "16947271241": {
      "maxRSS": 12848,
      "systemtime": 3997,
      "usertime": 287826
     },
     "16947273340": {
      "maxRSS": 12848,
      "systemtime": 3997,
      "usertime": 291836
     },
     "16947275438": {
      "maxRSS": 12848,
      "systemtime": 3997,
      "usertime": 291847
     },
     "16947277553": {
      "maxRSS": 12848,
      "systemtime": 3998,
      "usertime": 295856
     },
     "16947279660": {
      "maxRSS": 12848,
      "systemtime": 3998,
      "usertime": 295869
     },
     "16947281759": {
      "maxRSS": 12848,
      "systemtime": 3998,
      "usertime": 299875
     },
     "16947283873": {
      "maxRSS": 12848,
      "systemtime": 3998,
      "usertime": 299901
     },
     "16947285976": {
      "maxRSS": 12848,
      "systemtime": 3998,
      "usertime": 303909
     },
     "16947288045": {
      "maxRSS": 12848,
      "systemtime": 3998,
      "usertime": 307916
     },
     "16947290148": {
      "maxRSS": 12848,
      "systemtime": 3999,
      "usertime": 307924
     },
     "16947292214": {
      "maxRSS": 12848,
      "systemtime": 3999,
      "usertime": 311932
     },
     "16947294397": {
      "maxRSS": 12848,
      "systemtime": 3999,
      "usertime": 311946
     },
     "16947296486": {
      "maxRSS": 12848,
      "systemtime": 3999,
      "usertime": 315976
     },
     "16947298589": {
      "maxRSS": 12848,
      "systemtime": 3999,
      "usertime": 315996
     },
     "16947300667": {
      "maxRSS": 12848,
      "systemtime": 4000,
      "usertime": 320008
     },
     "16947302763": {
      "maxRSS": 12848,
      "systemtime": 4000,
      "usertime": 320037
     },
     "16947304951": {
      "maxRSS": 12848,
      "systemtime": 4000,
      "usertime": 324070
     },
     "16947307124": {
      "maxRSS": 12848,
      "systemtime": 4001,
      "usertime": 324087
     },
     "16947309374": {
      "maxRSS": 12848,
      "systemtime": 4001,
      "usertime": 328129
     },
     "16947311526": {
      "maxRSS": 12848,
      "systemtime": 4001,
      "usertime": 328147
     },
     "16947313629": {
      "maxRSS": 12848,
      "systemtime": 4002,
      "usertime": 332220
     },
     "16947315741": {
      "maxRSS": 12848,
      "systemtime": 4002,
      "usertime": 332238
     },
     "16947317904": {
      "maxRSS": 12848,
      "systemtime": 4002,
      "usertime": 336195
     },
     "16947320027": {
      "maxRSS": 12848,
      "systemtime": 4002,
      "usertime": 340211
     },
     "16947322123": {
      "maxRSS": 12848,
      "systemtime": 4002,
      "usertime": 340218
     },
     "16947324210": {
      "maxRSS": 12848,
      "systemtime": 4002,
      "usertime": 344243
     },
     "16947326359": {
      "maxRSS": 12848,
      "systemtime": 4003,
      "usertime": 344270
     },
     "16947328491": {
      "maxRSS": 12848,
      "systemtime": 4003,
      "usertime": 348298
     },
     "16947330630": {
      "maxRSS": 12848,
      "systemtime": 4003,
      "usertime": 348328
     },
     "16947332747": {
      "maxRSS": 12848,
      "systemtime": 4003,
      "usertime": 352342
     },
     "16947334846": {
      "maxRSS": 12848,
      "systemtime": 4004,
      "usertime": 352354
     },
     "16947336960": {
      "maxRSS": 12848,
      "systemtime": 4004,
      "usertime": 356376
     },
     "16947339087": {
      "maxRSS": 12848,
      "systemtime": 4004,
      "usertime": 356390
     },
     "16947341243": {
      "maxRSS": 12848,
      "systemtime": 4004,
      "usertime": 360420
     },
     "16947343424": {
      "maxRSS": 12848,
      "systemtime": 4005,
      "usertime": 360464
     },
     "16947345595": {
      "maxRSS": 12848,
      "systemtime": 4005,
      "usertime": 364526
     },
     "16947347707": {
      "maxRSS": 12848,
      "systemtime": 4005,
      "usertime": 364540
     },
     "16947349823": {
      "maxRSS": 12848,
      "systemtime": 4005,
      "usertime": 368551
     },
     "16947351917": {
      "maxRSS": 12848,
      "systemtime": 4006,
      "usertime": 368558
     },
     "16947354087": {
      "maxRSS": 12848,
      "systemtime": 4006,
      "usertime": 372571
     },
     "16947356165": {
      "maxRSS": 12848,
      "systemtime": 4006,
      "usertime": 376587
     },
     "16947358249": {
      "maxRSS": 12848,
      "systemtime": 4006,
      "usertime": 376605
     },
     "16947360353": {
      "maxRSS": 12848,
      "systemtime": 4006,
      "usertime": 380645
     },
     "16947362588": {
      "maxRSS": 12848,
      "systemtime": 4007,
      "usertime": 380683
     },
     "16947364699": {
      "maxRSS": 12848,
      "systemtime": 4007,
      "usertime": 384701
     },
     "16947366843": {
      "maxRSS": 12848,
      "systemtime": 4007,
      "usertime": 384721
     },
     "16947368928": {
      "maxRSS": 12848,
      "systemtime": 4007,
      "usertime": 388741
     },
     "16947371096": {
      "maxRSS": 12848,
      "systemtime": 4008,
      "usertime": 388782
     },
     "16947373217": {
      "maxRSS": 12848,
      "systemtime": 4008,
      "usertime": 392820
     },
     "16947375372": {
      "maxRSS": 12848,
      "systemtime": 4008,
      "usertime": 392844
     },
     "16947377470": {
      "maxRSS": 12848,
      "systemtime": 4008,
      "usertime": 396874
     },
     "16947379572": {
      "maxRSS": 12848,
      "systemtime": 4008,
      "usertime": 396882
     },
     "16947381672": {
      "maxRSS": 12848,
      "systemtime": 4008,
      "usertime": 400889
     },
     "16947383771": {
      "maxRSS": 12848,
      "systemtime": 4009,
      "usertime": 400900
     },
     "16947385873": {
      "maxRSS": 12848,
      "systemtime": 4009,
      "usertime": 404908
     },
     "16947387964": {
      "maxRSS": 12848,
      "systemtime": 4009,
      "usertime": 404923
     },
     "16947390080": {
      "maxRSS": 12848,
      "systemtime": 4009,
      "usertime": 408973
     },
     "16947392122": {
      "maxRSS": 12848,
      "systemtime": 4009,
      "usertime": 412985
     },
     "16947394311": {
      "maxRSS": 12848,
      "systemtime": 4009,
      "usertime": 413002
     },
     "16947396469": {
      "maxRSS": 12848,
      "systemtime": 4009,
      "usertime": 417039
     },
     "16947398706": {
      "maxRSS": 12848,
      "systemtime": 4010,
      "usertime": 417057
     },
     "16947400848": {
      "maxRSS": 12848,
      "systemtime": 4010,
      "usertime": 421076
     },
     "16947402980": {
      "maxRSS": 12848,
      "systemtime": 4010,
      "usertime": 421124
     },
     "16947405089": {
      "maxRSS": 12848,
      "systemtime": 4010,
      "usertime": 425153
     },
     "16947409164": {
      "maxRSS": 12848,
      "systemtime": 4010,
      "usertime": 429171
     },
     "16947413320": {
      "maxRSS": 12848,
      "systemtime": 4011,
      "usertime": 433219
     },
     "16947417505": {
      "maxRSS": 12848,
      "systemtime": 4011,
      "usertime": 437234
     },
     "16947421656": {
      "maxRSS": 12848,
      "systemtime": 4011,
      "usertime": 441254
     },
     "16947425745": {
      "maxRSS": 12848,
      "systemtime": 4011,
      "usertime": 445286
     },
     "16947429841": {
      "maxRSS": 12848,
      "systemtime": 4011,
      "usertime": 449294
     },
     "16947433936": {
      "maxRSS": 12848,
      "systemtime": 4011,
      "usertime": 453301
     },
     "16947438148": {
      "maxRSS": 12848,
      "systemtime": 4011,
      "usertime": 457329
     },
     "16947442305": {
      "maxRSS": 12848,
      "systemtime": 4011,
      "usertime": 461357
     },
     "16947446499": {
      "maxRSS": 12848,
      "systemtime": 4011,
      "usertime": 465381
     },
     "16947450694": {
      "maxRSS": 12848,
      "systemtime": 4012,
      "usertime": 469415
     },
     "16947454906": {
      "maxRSS": 12848,
      "systemtime": 4012,
      "usertime": 473451
     },
     "16947459079": {
      "maxRSS": 12848,
      "systemtime": 4012,
      "usertime": 477465
     },
     "16947463163": {
      "maxRSS": 12848,
      "systemtime": 4012,
      "usertime": 481481
     },
     "16947467316": {
      "maxRSS": 12848,
      "systemtime": 4012,
      "usertime": 485530
     },
     "16947471508": {
      "maxRSS": 12848,
      "systemtime": 4012,
      "usertime": 489551
     },
     "16947475691": {
      "maxRSS": 12848,
      "systemtime": 4012,
      "usertime": 493565
     },
     "16947479880": {
      "maxRSS": 12848,
      "systemtime": 4012,
      "usertime": 497602
     },
     "16947484060": {
      "maxRSS": 12848,
      "systemtime": 4012,
      "usertime": 505620
     },
     "16947488122": {
      "maxRSS": 12848,
      "systemtime": 4012,
      "usertime": 509634
     },
     "16947492184": {
      "maxRSS": 12848,
      "systemtime": 4012,
      "usertime": 513649
     },
     "16947496354": {
      "maxRSS": 12848,
      "systemtime": 4013,
      "usertime": 517678
     },
     "16947500526": {
      "maxRSS": 12848,
      "systemtime": 4013,
      "usertime": 521780
     },
     "16947504687": {
      "maxRSS": 12848,
      "systemtime": 4014,
      "usertime": 525880
     },
     "16947508826": {
      "maxRSS": 12848,
      "systemtime": 4014,
      "usertime": 529842
     },
     "16947512958": {
      "maxRSS": 12848,
      "systemtime": 4014,
      "usertime": 533887
     },
     "16947517111": {
      "maxRSS": 12848,
      "systemtime": 4014,
      "usertime": 537951
     },
     "16947521258": {
      "maxRSS": 12848,
      "systemtime": 4014,
      "usertime": 541993
     },
     "16947525399": {
      "maxRSS": 12976,
      "systemtime": 4014,
      "usertime": 546028
     },
     "16947529556": {
      "maxRSS": 12976,
      "systemtime": 4015,
      "usertime": 550136
     },
     "16947533664": {
      "maxRSS": 12976,
      "systemtime": 4015,
      "usertime": 554093
     },
     "16947537765": {
      "maxRSS": 12976,
      "systemtime": 4015,
      "usertime": 558102
     },
     "16947541956": {
      "maxRSS": 12976,
      "systemtime": 4015,
      "usertime": 562124
     },
     "16947546131": {
      "maxRSS": 12976,
      "systemtime": 4015,
      "usertime": 566140
     },
     "16947550301": {
      "maxRSS": 12976,
      "systemtime": 4015,
      "usertime": 570156
     },
     "16947554490": {
      "maxRSS": 12976,
      "systemtime": 4015,
      "usertime": 574189
     },
     "16947558663": {
      "maxRSS": 12976,
      "systemtime": 4015,
      "usertime": 578246
     },
     "16947562838": {
      "maxRSS": 12976,
      "systemtime": 4015,
      "usertime": 582223
     },
     "16947567000": {
      "maxRSS": 12976,
      "systemtime": 4015,
      "usertime": 586240
     },
     "16947571163": {
      "maxRSS": 12976,
      "systemtime": 4015,
      "usertime": 590258
     },
     "16947575363": {
      "maxRSS": 12976,
      "systemtime": 4015,
      "usertime": 594276
     },
     "16947579541": {
      "maxRSS": 12976,
      "systemtime": 4015,
      "usertime": 598294
     },
     "16947583732": {
      "maxRSS": 12976,
      "systemtime": 4015,
      "usertime": 602327
     },
     "16947587824": {
      "maxRSS": 12976,
      "systemtime": 4015,
      "usertime": 606344
     },
     "16947591994": {
      "maxRSS": 12976,
      "systemtime": 4015,
      "usertime": 610362
     },
     "16947596138": {
      "maxRSS": 12976,
      "systemtime": 4015,
      "usertime": 618398
     },
     "16947600215": {
      "maxRSS": 12976,
      "systemtime": 4015,
      "usertime": 622414
     },
     "16947604390": {
      "maxRSS": 12976,
      "systemtime": 4015,
      "usertime": 626433
     },
     "16947608574": {
      "maxRSS": 12976,
      "systemtime": 4015,
      "usertime": 630462
     },
     "16947612745": {
      "maxRSS": 12976,
      "systemtime": 4015,
      "usertime": 634480
     },
     "16947616922": {
      "maxRSS": 12976,
      "systemtime": 4015,
      "usertime": 638496
     },
     "16947621019": {
      "maxRSS": 12976,
      "systemtime": 4015,
      "usertime": 642850
     },
     "16947625199": {
      "maxRSS": 12976,
      "systemtime": 4015,
      "usertime": 646610
     },
     "16947629381": {
      "maxRSS": 12976,
      "systemtime": 4015,
      "usertime": 650636
     },
     "16947633571": {
      "maxRSS": 12976,
      "systemtime": 4015,
      "usertime": 654607
     },
     "16947637768": {
      "maxRSS": 12976,
      "systemtime": 4015,
      "usertime": 658627
     },
     "16947641941": {
      "maxRSS": 12976,
      "systemtime": 4015,
      "usertime": 662646
     },
     "16947646212": {
      "maxRSS": 12976,
      "systemtime": 4015,
      "usertime": 666666
     },
     "16947650408": {
      "maxRSS": 12976,
      "systemtime": 4015,
      "usertime": 670747
     },
     "16947654658": {
      "maxRSS": 12976,
      "systemtime": 4015,
      "usertime": 674705
     },
     "16947658848": {
      "maxRSS": 12976,
      "systemtime": 4015,
      "usertime": 678738
     },
     "16947663018": {
      "maxRSS": 12976,
      "systemtime": 4015,
      "usertime": 682753
     },
     "16947667186": {
      "maxRSS": 12976,
      "systemtime": 4015,
      "usertime": 686769
     },
     "16947671362": {
      "maxRSS": 12976,
      "systemtime": 4015,
      "usertime": 690786
     },
     "16947675532": {
      "maxRSS": 12976,
      "systemtime": 4015,
      "usertime": 694804
     },
     "16947679709": {
      "maxRSS": 12976,
      "systemtime": 4015,
      "usertime": 698821
     },
     "16947683865": {
      "maxRSS": 12976,
      "systemtime": 4015,
      "usertime": 702839
     },
     "16947688150": {
      "maxRSS": 12976,
      "systemtime": 4015,
      "usertime": 710878
     },
     "16947692229": {
      "maxRSS": 12976,
      "systemtime": 4015,
      "usertime": 714894
     },
     "16947696359": {
      "maxRSS": 12976,
      "systemtime": 4015,
      "usertime": 718911
     },
     "16947700628": {
      "maxRSS": 12976,
      "systemtime": 4015,
      "usertime": 722930
     },
     "16947704802": {
      "maxRSS": 12976,
      "systemtime": 4015,
      "usertime": 726947
     },
     "16947708972": {
      "maxRSS": 12976,
      "systemtime": 4015,
      "usertime": 730964
     },
     "16947713155": {
      "maxRSS": 12976,
      "systemtime": 4015,
      "usertime": 734993
     },
     "16947717257": {
      "maxRSS": 12976,
      "systemtime": 4015,
      "usertime": 739013
     },
     "16947721424": {
      "maxRSS": 12976,
      "systemtime": 4015,
      "usertime": 743028
     },
     "16947725594": {
      "maxRSS": 12976,
      "systemtime": 4015,
      "usertime": 747045
     },
     "16947729773": {
      "maxRSS": 12976,
      "systemtime": 4015,
      "usertime": 751062
     },
     "16947733891": {
      "maxRSS": 12976,
      "systemtime": 4015,
      "usertime": 755089
     },
     "16947738012": {
      "maxRSS": 13104,
      "systemtime": 4015,
      "usertime": 759117
     },
     "16947739466": {
      "maxRSS": 13104,
      "systemtime": 4015,
      "usertime": 762558
     },
     "16947740566": {
      "maxRSS": 13488,
      "systemtime": 4015,
      "usertime": 763145
     },
     "16947740746": {
      "maxRSS": 13488,
      "systemtime": 4015,
      "usertime": 763897
     },
     "16947741845": {
      "maxRSS": 13488,
      "systemtime": 4015,
      "usertime": 763906
     },
     "16947742951": {
      "maxRSS": 13488,
      "systemtime": 4015,
      "usertime": 763918
     },
     "16947744046": {
      "maxRSS": 13488,
      "systemtime": 4015,
      "usertime": 767211
     },
     "16947745142": {
      "maxRSS": 13488,
      "systemtime": 4015,
      "usertime": 767219
     },
     "16947746238": {
      "maxRSS": 13488,
      "systemtime": 4015,
      "usertime": 767227
     },
     "16947747319": {
      "maxRSS": 13488,
      "systemtime": 4015,
      "usertime": 767240
     },
     "16947748433": {
      "maxRSS": 13488,
      "systemtime": 4015,
      "usertime": 771270
     },
     "16947749569": {
      "maxRSS": 13488,
      "systemtime": 4015,
      "usertime": 771308
     },
     "16947750724": {
      "maxRSS": 13488,
      "systemtime": 4015,
      "usertime": 771358
     },
     "16947751901": {
      "maxRSS": 13488,
      "systemtime": 4015,
      "usertime": 771446
     },
     "16947753031": {
      "maxRSS": 13488,
      "systemtime": 4015,
      "usertime": 775490
     },
     "16947754162": {
      "maxRSS": 13488,
      "systemtime": 4015,
      "usertime": 775525
     },
     "16947755279": {
      "maxRSS": 13488,
      "systemtime": 4015,
      "usertime": 775557
     },
     "16947756372": {
      "maxRSS": 13488,
      "systemtime": 4015,
      "usertime": 779579
     },
     "16947757468": {
      "maxRSS": 13488,
      "systemtime": 4015,
      "usertime": 779601
     },
     "16947758611": {
      "maxRSS": 13488,
      "systemtime": 4015,
      "usertime": 779669
     },
     "16947759720": {
      "maxRSS": 13488,
      "systemtime": 4015,
      "usertime": 779694
     },
     "16947760813": {
      "maxRSS": 13488,
      "systemtime": 4015,
      "usertime": 779716
     },
     "16947761904": {
      "maxRSS": 13488,
      "systemtime": 4015,
      "usertime": 779737
     },
     "16947763026": {
      "maxRSS": 13488,
      "systemtime": 4015,
      "usertime": 785755
     },
     "16947764099": {
      "maxRSS": 13488,
      "systemtime": 4015,
      "usertime": 787805
     },
     "16947765250": {
      "maxRSS": 13488,
      "systemtime": 4015,
      "usertime": 787870
     },
     "16947766396": {
      "maxRSS": 13488,
      "systemtime": 4015,
      "usertime": 787926
     },
     "16947767513": {
      "maxRSS": 13488,
      "systemtime": 4015,
      "usertime": 787957
     },
     "16947768611": {
      "maxRSS": 13488,
      "systemtime": 4015,
      "usertime": 791981
     },
     "16947769803": {
      "maxRSS": 13488,
      "systemtime": 4015,
      "usertime": 792000
     },
     "16947770900": {
      "maxRSS": 13488,
      "systemtime": 4015,
      "usertime": 792020
     },
     "16947772156": {
      "maxRSS": 13488,
      "systemtime": 4015,
      "usertime": 796068
     },
     "16947773459": {
      "maxRSS": 13488,
      "systemtime": 4015,
      "usertime": 796090
     },
     "16947774683": {
      "maxRSS": 13488,
      "systemtime": 4015,
      "usertime": 796113
     },
     "16947775870": {
      "maxRSS": 13488,
      "systemtime": 4015,
      "usertime": 796132
     },
     "16947777053": {
      "maxRSS": 13488,
      "systemtime": 4015,
      "usertime": 800152
     },
     "16947778224": {
      "maxRSS": 13488,
      "systemtime": 4015,
      "usertime": 800170
     },
     "16947779324": {
      "maxRSS": 13488,
      "systemtime": 4015,
      "usertime": 800191
     },
     "16947780560": {
      "maxRSS": 13488,
      "systemtime": 4015,
      "usertime": 804235
     },
     "16947781771": {
      "maxRSS": 13488,
      "systemtime": 4015,
      "usertime": 804260
     },
     "16947782945": {
      "maxRSS": 13488,
      "systemtime": 4015,
      "usertime": 804281
     },
     "16947784118": {
      "maxRSS": 13488,
      "systemtime": 4015,
      "usertime": 808299
     },
     "16947785290": {
      "maxRSS": 13488,
      "systemtime": 4015,
      "usertime": 808319
     },
     "16947786485": {
      "maxRSS": 13488,
      "systemtime": 4015,
      "usertime": 808341
     },
     "16947787716": {
      "maxRSS": 13488,
      "systemtime": 4015,
      "usertime": 808410
     },
     "16947788909": {
      "maxRSS": 13488,
      "systemtime": 4015,
      "usertime": 812443
     },
     "16947790171": {
      "maxRSS": 13488,
      "systemtime": 4015,
      "usertime": 812462
     },
     "16947791333": {
      "maxRSS": 13488,
      "systemtime": 4015,
      "usertime": 812479
     },
     "16947792512": {
      "maxRSS": 13488,
      "systemtime": 4015,
      "usertime": 816496
     },
     "16947793682": {
      "maxRSS": 13488,
      "systemtime": 4015,
      "usertime": 816513
     },
     "16947794811": {
      "maxRSS": 13488,
      "systemtime": 4015,
      "usertime": 816551
     },
     "16947796122": {
      "maxRSS": 13488,
      "systemtime": 4015,
      "usertime": 820594
     },
     "16947797297": {
      "maxRSS": 13488,
      "systemtime": 4015,
      "usertime": 820617
     },
     "16947798458": {
      "maxRSS": 13488,
      "systemtime": 4015,
      "usertime": 820634
     },
     "16947799547": {
      "maxRSS": 13488,
      "systemtime": 4015,
      "usertime": 820655
     },
     "16947800719": {
      "maxRSS": 13488,
      "systemtime": 4015,
      "usertime": 824670
     },
     "16947801894": {
      "maxRSS": 13488,
      "systemtime": 4015,
      "usertime": 824698
     },
     "16947803060": {
      "maxRSS": 13488,
      "systemtime": 4015,
      "usertime": 824715
     },
     "16947804141": {
      "maxRSS": 13488,
      "systemtime": 4015,
      "usertime": 828729
     },
     "16947805313": {
      "maxRSS": 13488,
      "systemtime": 4015,
      "usertime": 828746
     },
     "16947806474": {
      "maxRSS": 13488,
      "systemtime": 4015,
      "usertime": 828763
     },
     "16947807646": {
      "maxRSS": 13488,
      "systemtime": 4015,
      "usertime": 828780
     },
     "16947808828": {
      "maxRSS": 13488,
      "systemtime": 4015,
      "usertime": 832798
     },
     "16947810001": {
      "maxRSS": 13488,
      "systemtime": 4015,
      "usertime": 832824
     },
     "16947811089": {
      "maxRSS": 13488,
      "systemtime": 4015,
      "usertime": 832841
     },
     "16947812222": {
      "maxRSS": 13488,
      "systemtime": 4015,
      "usertime": 836856
     },
     "16947813388": {
      "maxRSS": 13488,
      "systemtime": 4015,
      "usertime": 836874
     },
     "16947814552": {
      "maxRSS": 13488,
      "systemtime": 4015,
      "usertime": 836891
     },
     "16947815736": {
      "maxRSS": 13488,
      "systemtime": 4015,
      "usertime": 836911
     },
     "16947816909": {
      "maxRSS": 13488,
      "systemtime": 4015,
      "usertime": 840938
     },
     "16947818115": {
      "maxRSS": 13488,
      "systemtime": 4015,
      "usertime": 840954
     },
     "16947819275": {
      "maxRSS": 13488,
      "systemtime": 4015,
      "usertime": 840971
     },
     "16947820399": {
      "maxRSS": 13488,
      "systemtime": 4015,
      "usertime": 844987
     },
     "16947821585": {
      "maxRSS": 13488,
      "systemtime": 4015,
      "usertime": 845004
     },
     "16947822754": {
      "maxRSS": 13488,
      "systemtime": 4015,
      "usertime": 845020
     },
     "16947823929": {
      "maxRSS": 13488,
      "systemtime": 4015,
      "usertime": 845050
     },
     "16947825098": {
      "maxRSS": 13488,
      "systemtime": 4015,
      "usertime": 849067
     },
     "16947826343": {
      "maxRSS": 13488,
      "systemtime": 4015,
      "usertime": 849103
     },
     "16947827606": {
      "maxRSS": 13488,
      "systemtime": 4015,
      "usertime": 849126
     },
     "16947828887": {
      "maxRSS": 13488,
      "systemtime": 4015,
      "usertime": 853149
     },
     "16947829972": {
      "maxRSS": 13488,
      "systemtime": 4015,
      "usertime": 853167
     },
     "16947831095": {
      "maxRSS": 13488,
      "systemtime": 4015,
      "usertime": 853205
     },
     "16947832205": {
      "maxRSS": 13488,
      "systemtime": 4015,
      "usertime": 857246
     },
     "16947833314": {
      "maxRSS": 13488,
      "systemtime": 4015,
      "usertime": 857272
     },
     "16947834515": {
      "maxRSS": 13488,
      "systemtime": 4015,
      "usertime": 857304
     },
     "16947835793": {
      "maxRSS": 13488,
      "systemtime": 4015,
      "usertime": 857333
     },
     "16947837021": {
      "maxRSS": 13488,
      "systemtime": 4015,
      "usertime": 861391
     },
     "16947838129": {
      "maxRSS": 13488,
      "systemtime": 4015,
      "usertime": 861410
     },
     "16947839268": {
      "maxRSS": 13488,
      "systemtime": 4015,
      "usertime": 861469
     },
     "16947840367": {
      "maxRSS": 13488,
      "systemtime": 4015,
      "usertime": 865648
     },
     "16947841567": {
      "maxRSS": 13488,
      "systemtime": 4015,
      "usertime": 865675
     },
     "16947842771": {
      "maxRSS": 13488,
      "systemtime": 4015,
      "usertime": 865699
     },
     "16947844067": {
      "maxRSS": 13488,
      "systemtime": 4015,
      "usertime": 865743
     },
     "16947845152": {
      "maxRSS": 13488,
      "systemtime": 4015,
      "usertime": 869705
     },
     "16947846259": {
      "maxRSS": 13488,
      "systemtime": 4015,
      "usertime": 869741
     },
     "16947847365": {
      "maxRSS": 13488,
      "systemtime": 4015,
      "usertime": 869763
     },
     "16947848548": {
      "maxRSS": 13488,
      "systemtime": 4015,
      "usertime": 873685
     },
     "16947849657": {
      "maxRSS": 13488,
      "systemtime": 4015,
      "usertime": 873712
     },
     "16947850941": {
      "maxRSS": 13488,
      "systemtime": 4015,
      "usertime": 873749
     },
     "16947852139": {
      "maxRSS": 13488,
      "systemtime": 4015,
      "usertime": 877790
     },
     "16947853395": {
      "maxRSS": 13488,
      "systemtime": 4015,
      "usertime": 877838
     },
     "16947854659": {
      "maxRSS": 13488,
      "systemtime": 4015,
      "usertime": 877858
     },
     "16947855763": {
      "maxRSS": 13488,
      "systemtime": 4015,
      "usertime": 877881
     },
     "16947856935": {
      "maxRSS": 13616,
      "systemtime": 4015,
      "usertime": 881904
     },
     "16947858123": {
      "maxRSS": 13616,
      "systemtime": 4015,
      "usertime": 881926
     },
     "16947859450": {
      "maxRSS": 13616,
      "systemtime": 4015,
      "usertime": 881959
     },
     "16947860695": {
      "maxRSS": 13616,
      "systemtime": 4015,
      "usertime": 886068
     },
     "16947861966": {
      "maxRSS": 13616,
      "systemtime": 4015,
      "usertime": 886088
     },
     "16947863125": {
      "maxRSS": 13616,
      "systemtime": 4015,
      "usertime": 886106
     },
     "16947864223": {
      "maxRSS": 13616,
      "systemtime": 4015,
      "usertime": 890070
     },
     "16947865337": {
      "maxRSS": 13616,
      "systemtime": 4015,
      "usertime": 890100
     },
     "16947866454": {
      "maxRSS": 13616,
      "systemtime": 4015,
      "usertime": 890133
     },
     "16947867766": {
      "maxRSS": 13616,
      "systemtime": 4015,
      "usertime": 890168
     },
     "16947869061": {
      "maxRSS": 13616,
      "systemtime": 4015,
      "usertime": 894229
     },
     "16947870240": {
      "maxRSS": 13616,
      "systemtime": 4015,
      "usertime": 894248
     },
     "16947871332": {
      "maxRSS": 13616,
      "systemtime": 4015,
      "usertime": 894266
     },
     "16947872432": {
      "maxRSS": 13616,
      "systemtime": 4015,
      "usertime": 894289
     },
     "16947873587": {
      "maxRSS": 13616,
      "systemtime": 4015,
      "usertime": 899130
     },
     "16947874692": {
      "maxRSS": 13616,
      "systemtime": 4015,
      "usertime": 899154
     },
     "16947875968": {
      "maxRSS": 13616,
      "systemtime": 4015,
      "usertime": 899210
     },
     "16947877190": {
      "maxRSS": 13616,
      "systemtime": 4015,
      "usertime": 902498
     },
     "16947878375": {
      "maxRSS": 13616,
      "systemtime": 4015,
      "usertime": 902518
     },
     "16947879514": {
      "maxRSS": 13616,
      "systemtime": 4015,
      "usertime": 902535
     },
     "16947880615": {
      "maxRSS": 13616,
      "systemtime": 4015,
      "usertime": 906476
     },
     "16947881823": {
      "maxRSS": 13616,
      "systemtime": 4015,
      "usertime": 906502
     },
     "16947882974": {
      "maxRSS": 13616,
      "systemtime": 4015,
      "usertime": 906550
     },
     "16947884178": {
      "maxRSS": 13616,
      "systemtime": 4015,
      "usertime": 910573
     },
     "16947885449": {
      "maxRSS": 13616,
      "systemtime": 4015,
      "usertime": 910598
     },
     "16947886633": {
      "maxRSS": 13616,
      "systemtime": 4015,
      "usertime": 910617
     },
     "16947887866": {
      "maxRSS": 13616,
      "systemtime": 4015,
      "usertime": 910634
     },
     "16947888973": {
      "maxRSS": 13616,
      "systemtime": 4015,
      "usertime": 914654
     },
     "16947891115": {
      "maxRSS": 13616,
      "systemtime": 4015,
      "usertime": 914715
     },
     "16947893413": {
      "maxRSS": 13616,
      "systemtime": 4015,
      "usertime": 918815
     },
     "16947895643": {
      "maxRSS": 13616,
      "systemtime": 4015,
      "usertime": 918841
     },
     "16947897754": {
      "maxRSS": 13616,
      "systemtime": 4015,
      "usertime": 922800
     },
     "16947899865": {
      "maxRSS": 13616,
      "systemtime": 4015,
      "usertime": 922823
     },
     "16947902160": {
      "maxRSS": 13616,
      "systemtime": 4015,
      "usertime": 926862
     },
     "16947904379": {
      "maxRSS": 13616,
      "systemtime": 4015,
      "usertime": 930891
     },
     "16947906502": {
      "maxRSS": 13616,
      "systemtime": 4015,
      "usertime": 930935
     },
     "16947908711": {
      "maxRSS": 13616,
      "systemtime": 4015,
      "usertime": 934975
     },
     "16947910899": {
      "maxRSS": 13616,
      "systemtime": 4015,
      "usertime": 935009
     },
     "16947913228": {
      "maxRSS": 13616,
      "systemtime": 4015,
      "usertime": 939026
     },
     "16947915340": {
      "maxRSS": 13616,
      "systemtime": 4015,
      "usertime": 939048
     },
     "16947917572": {
      "maxRSS": 13616,
      "systemtime": 4015,
      "usertime": 943087
     },
     "16947919890": {
      "maxRSS": 13616,
      "systemtime": 4015,
      "usertime": 943143
     },
     "16947921997": {
      "maxRSS": 13616,
      "systemtime": 4015,
      "usertime": 947173
     },
     "16947924051": {
      "maxRSS": 13616,
      "systemtime": 4015,
      "usertime": 947198
     },
     "16947926374": {
      "maxRSS": 13616,
      "systemtime": 4015,
      "usertime": 951640
     },
     "16947928526": {
      "maxRSS": 13616,
      "systemtime": 4015,
      "usertime": 955329
     },
     "16947930644": {
      "maxRSS": 13616,
      "systemtime": 4015,
      "usertime": 955360
     },
     "16947932879": {
      "maxRSS": 13616,
      "systemtime": 4015,
      "usertime": 959358
     },
     "16947935218": {
      "maxRSS": 13616,
      "systemtime": 4015,
      "usertime": 959403
     },
     "16947937415": {
      "maxRSS": 13616,
      "systemtime": 4015,
      "usertime": 963427
     },
     "16947939530": {
      "maxRSS": 13616,
      "systemtime": 4015,
      "usertime": 963450
     },
     "16947941668": {
      "maxRSS": 13616,
      "systemtime": 4015,
      "usertime": 967484
     },
     "16947943810": {
      "maxRSS": 13616,
      "systemtime": 4015,
      "usertime": 967536
     },
     "16947946082": {
      "maxRSS": 13616,
      "systemtime": 4015,
      "usertime": 971690
     },
     "16947948229": {
      "maxRSS": 13616,
      "systemtime": 4015,
      "usertime": 975735
     },
     "16947950352": {
      "maxRSS": 13616,
      "systemtime": 4015,
      "usertime": 975779
     },
     "16947952531": {
      "maxRSS": 13744,
      "systemtime": 4015,
      "usertime": 979885
     },
     "16947954685": {
      "maxRSS": 13744,
      "systemtime": 4016,
      "usertime": 979914
     },
     "16947956819": {
      "maxRSS": 13744,
      "systemtime": 4016,
      "usertime": 983882
     },
     "16947958996": {
      "maxRSS": 13744,
      "systemtime": 4016,
      "usertime": 983924
     },
     "16947961292": {
      "maxRSS": 13744,
      "systemtime": 4016,
      "usertime": 987986
     },
     "16947963443": {
      "maxRSS": 13744,
      "systemtime": 4016,
      "usertime": 988035
     },
     "16947965586": {
      "maxRSS": 13744,
      "systemtime": 4018,
      "usertime": 992604
     },
     "16947967866": {
      "maxRSS": 13744,
      "systemtime": 4018,
      "usertime": 992642
     },
     "16947970040": {
      "maxRSS": 13744,
      "systemtime": 4018,
      "usertime": 996146
     },
     "16947972152": {
      "maxRSS": 13744,
      "systemtime": 4018,
      "usertime": 1000182
     },
     "16947974324": {
      "maxRSS": 13744,
      "systemtime": 4018,
      "usertime": 1000266
     },
     "16947976480": {
      "maxRSS": 13744,
      "systemtime": 4018,
      "usertime": 1004288
     },
     "16947978662": {
      "maxRSS": 13744,
      "systemtime": 4018,
      "usertime": 1004308
     },
     "16947980784": {
      "maxRSS": 13744,
      "systemtime": 4018,
      "usertime": 1008342
     },
     "16947982925": {
      "maxRSS": 13744,
      "systemtime": 4018,
      "usertime": 1008387
     },
     "16947985206": {
      "maxRSS": 13744,
      "systemtime": 4018,
      "usertime": 1012507
     },
     "16947987450": {
      "maxRSS": 13744,
      "systemtime": 4018,
      "usertime": 1012555
     },
     "16947989584": {
      "maxRSS": 13744,
      "systemtime": 4018,
      "usertime": 1016506
     },
     "16947991803": {
      "maxRSS": 13744,
      "systemtime": 4018,
      "usertime": 1016547
     },
     "16947994090": {
      "maxRSS": 13744,
      "systemtime": 4018,
      "usertime": 1020589
     },
     "16947996206": {
      "maxRSS": 13744,
      "systemtime": 4018,
      "usertime": 1024627
     },
     "16947998353": {
      "maxRSS": 13744,
      "systemtime": 4018,
      "usertime": 1024668
     },
     "16948000607": {
      "maxRSS": 13744,
      "systemtime": 4018,
      "usertime": 1028738
     },
     "16948002794": {
      "maxRSS": 13744,
      "systemtime": 4018,
      "usertime": 1028761
     },
     "16948004903": {
      "maxRSS": 13744,
      "systemtime": 4018,
      "usertime": 1032789
     },
     "16948007030": {
      "maxRSS": 13744,
      "systemtime": 4018,
      "usertime": 1032826
     },
     "16948009309": {
      "maxRSS": 13744,
      "systemtime": 4019,
      "usertime": 1036921
     },
     "16948011584": {
      "maxRSS": 13744,
      "systemtime": 4019,
      "usertime": 1036951
     },
     "16948013720": {
      "maxRSS": 13744,
      "systemtime": 4019,
      "usertime": 1040949
     },
     "16948015887": {
      "maxRSS": 13744,
      "systemtime": 4019,
      "usertime": 1041014
     },
     "16948018142": {
      "maxRSS": 13744,
      "systemtime": 4019,
      "usertime": 1045069
     },
     "16948020239": {
      "maxRSS": 13744,
      "systemtime": 4019,
      "usertime": 1049091
     },
     "16948022380": {
      "maxRSS": 13744,
      "systemtime": 4019,
      "usertime": 1049112
     },
     "16948024492": {
      "maxRSS": 13744,
      "systemtime": 4019,
      "usertime": 1053141
     },
     "16948026619": {
      "maxRSS": 13744,
      "systemtime": 4019,
      "usertime": 1053186
     },
     "16948028776": {
      "maxRSS": 13744,
      "systemtime": 4021,
      "usertime": 1057543
     },
     "16948030913": {
      "maxRSS": 13744,
      "systemtime": 4021,
      "usertime": 1057587
     },
     "16948033053": {
      "maxRSS": 13744,
      "systemtime": 4021,
      "usertime": 1061358
     },
     "16948035280": {
      "maxRSS": 13744,
      "systemtime": 4021,
      "usertime": 1061398
     },
     "16948037537": {
      "maxRSS": 13744,
      "systemtime": 4021,
      "usertime": 1065417
     },
     "16948039670": {
      "maxRSS": 13744,
      "systemtime": 4021,
      "usertime": 1065455
     },
     "16948041878": {
      "maxRSS": 13872,
      "systemtime": 4021,
      "usertime": 1069574
     },
     "16948044152": {
      "maxRSS": 13872,
      "systemtime": 4021,
      "usertime": 1073669
     },
     "16948046269": {
      "maxRSS": 13872,
      "systemtime": 4021,
      "usertime": 1073700
     },
     "16948048386": {
      "maxRSS": 13872,
      "systemtime": 4021,
      "usertime": 1077688
     },
     "16948050568": {
      "maxRSS": 13872,
      "systemtime": 4021,
      "usertime": 1077758
     },
     "16948052931": {
      "maxRSS": 13872,
      "systemtime": 4021,
      "usertime": 1081804
     },
     "16948055083": {
      "maxRSS": 14000,
      "systemtime": 4021,
      "usertime": 1081857
     },
     "16948057216": {
      "maxRSS": 14000,
      "systemtime": 4021,
      "usertime": 1085889
     },
     "16948059442": {
      "maxRSS": 14000,
      "systemtime": 4022,
      "usertime": 1085942
     },
     "16948061646": {
      "maxRSS": 14000,
      "systemtime": 4022,
      "usertime": 1089978
     },
     "16948063885": {
      "maxRSS": 14000,
      "systemtime": 4022,
      "usertime": 1090001
     },
     "16948066042": {
      "maxRSS": 14000,
      "systemtime": 4022,
      "usertime": 1094029
     },
     "16948068204": {
      "maxRSS": 14000,
      "systemtime": 4022,
      "usertime": 1098138
     },
     "16948070479": {
      "maxRSS": 14000,
      "systemtime": 4022,
      "usertime": 1098183
     },
     "16948072619": {
      "maxRSS": 14000,
      "systemtime": 4022,
      "usertime": 1102224
     },
     "16948074799": {
      "maxRSS": 14000,
      "systemtime": 4022,
      "usertime": 1102296
     },
     "16948077113": {
      "maxRSS": 14000,
      "systemtime": 4023,
      "usertime": 1106351
     },
     "16948079232": {
      "maxRSS": 14000,
      "systemtime": 4023,
      "usertime": 1106380
     },
     "16948081405": {
      "maxRSS": 14000,
      "systemtime": 4023,
      "usertime": 1110388
     },
     "16948083545": {
      "maxRSS": 14000,
      "systemtime": 4034,
      "usertime": 1113534
     },
     "16948085675": {
      "maxRSS": 14000,
      "systemtime": 5253,
      "usertime": 1113534
     },
     "16948087839": {
      "maxRSS": 14000,
      "systemtime": 5293,
      "usertime": 1113534
     },
     "16948089963": {
      "maxRSS": 14000,
      "systemtime": 8047,
      "usertime": 1114560
     },
     "16948092066": {
      "maxRSS": 14000,
      "systemtime": 8047,
      "usertime": 1118574
     },
     "16948094207": {
      "maxRSS": 14000,
      "systemtime": 8047,
      "usertime": 1118616
     },
     "16948096320": {
      "maxRSS": 14000,
      "systemtime": 8047,
      "usertime": 1122647
     },
     "16948098471": {
      "maxRSS": 14000,
      "systemtime": 8047,
      "usertime": 1122680
     },
     "16948100612": {
      "maxRSS": 14000,
      "systemtime": 8048,
      "usertime": 1126734
     },
     "16948102939": {
      "maxRSS": 14000,
      "systemtime": 8048,
      "usertime": 1126766
     },
     "16948105047": {
      "maxRSS": 14000,
      "systemtime": 8048,
      "usertime": 1130854
     },
     "16948107174": {
      "maxRSS": 14000,
      "systemtime": 8049,
      "usertime": 1130890
     },
     "16948109485": {
      "maxRSS": 14000,
      "systemtime": 8049,
      "usertime": 1134974
     },
     "16948111604": {
      "maxRSS": 14000,
      "systemtime": 8049,
      "usertime": 1134992
     },
     "16948113699": {
      "maxRSS": 14000,
      "systemtime": 8049,
      "usertime": 1139034
     },
     "16948115970": {
      "maxRSS": 14000,
      "systemtime": 8049,
      "usertime": 1139074
     },
     "16948118068": {
      "maxRSS": 14000,
      "systemtime": 8049,
      "usertime": 1143018
     },
     "16948120140": {
      "maxRSS": 14000,
      "systemtime": 8049,
      "usertime": 1147024
     },
     "16948122251": {
      "maxRSS": 14000,
      "systemtime": 8049,
      "usertime": 1147062
     },
     "16948124349": {
      "maxRSS": 14000,
      "systemtime": 8049,
      "usertime": 1151085
     },
     "16948126470": {
      "maxRSS": 14000,
      "systemtime": 8049,
      "usertime": 1151104
     },
     "16948128572": {
      "maxRSS": 14000,
      "systemtime": 8049,
      "usertime": 1155115
     },
     "16948130666": {
      "maxRSS": 14000,
      "systemtime": 8049,
      "usertime": 1155132
     },
     "16948132759": {
      "maxRSS": 14000,
      "systemtime": 8049,
      "usertime": 1159158
     },
     "16948134930": {
      "maxRSS": 14000,
      "systemtime": 8049,
      "usertime": 1159183
     },
     "16948137059": {
      "maxRSS": 14000,
      "systemtime": 8049,
      "usertime": 1163221
     },
     "16948139165": {
      "maxRSS": 14000,
      "systemtime": 8050,
      "usertime": 1163255
     },
     "16948141276": {
      "maxRSS": 14000,
      "systemtime": 8050,
      "usertime": 1167292
     },
     "16948143388": {
      "maxRSS": 14000,
      "systemtime": 8050,
      "usertime": 1167307
     },
     "16948145502": {
      "maxRSS": 14000,
      "systemtime": 8050,
      "usertime": 1171321
     },
     "16948147595": {
      "maxRSS": 14000,
      "systemtime": 8050,
      "usertime": 1171342
     },
     "16948149721": {
      "maxRSS": 14000,
      "systemtime": 8050,
      "usertime": 1175387
     },
     "16948151836": {
      "maxRSS": 14000,
      "systemtime": 8050,
      "usertime": 1175405
     },
     "16948153923": {
      "maxRSS": 14000,
      "systemtime": 8050,
      "usertime": 1179424
     },
     "16948156137": {
      "maxRSS": 14000,
      "systemtime": 8051,
      "usertime": 1183525
     },
     "16948158361": {
      "maxRSS": 14000,
      "systemtime": 8051,
      "usertime": 1183558
     },
     "16948160506": {
      "maxRSS": 14000,
      "systemtime": 8051,
      "usertime": 1187512
     },
     "16948162680": {
      "maxRSS": 14000,
      "systemtime": 8051,
      "usertime": 1187558
     },
     "16948164766": {
      "maxRSS": 14000,
      "systemtime": 8051,
      "usertime": 1191570
     },
     "16948166899": {
      "maxRSS": 14000,
      "systemtime": 8051,
      "usertime": 1191590
     },
     "16948170993": {
      "maxRSS": 14000,
      "systemtime": 8051,
      "usertime": 1195609
     },
     "16948175160": {
      "maxRSS": 14128,
      "systemtime": 8051,
      "usertime": 1199699
     },
     "16948179302": {
      "maxRSS": 14128,
      "systemtime": 8051,
      "usertime": 1203658
     },
     "16948183432": {
      "maxRSS": 14128,
      "systemtime": 8051,
      "usertime": 1207695
     },
     "16948187551": {
      "maxRSS": 14128,
      "systemtime": 8051,
      "usertime": 1211771
     },
     "16948191743": {
      "maxRSS": 14128,
      "systemtime": 8051,
      "usertime": 1215736
     },
     "16948195861": {
      "maxRSS": 14128,
      "systemtime": 8051,
      "usertime": 1219751
     },
     "16948200031": {
      "maxRSS": 14128,
      "systemtime": 8051,
      "usertime": 1227772
     },
     "16948204119": {
      "maxRSS": 14128,
      "systemtime": 8051,
      "usertime": 1231785
     },
     "16948208198": {
      "maxRSS": 14128,
      "systemtime": 8051,
      "usertime": 1235802
     },
     "16948212374": {
      "maxRSS": 14128,
      "systemtime": 8051,
      "usertime": 1239840
     },
     "16948216542": {
      "maxRSS": 14128,
      "systemtime": 8051,
      "usertime": 1243851
     },
     "16948220626": {
      "maxRSS": 14128,
      "systemtime": 8051,
      "usertime": 1247868
     },
     "16948224796": {
      "maxRSS": 14128,
      "systemtime": 8051,
      "usertime": 1251885
     },
     "16948228966": {
      "maxRSS": 14128,
      "systemtime": 8051,
      "usertime": 1255905
     },
     "16948233130": {
      "maxRSS": 14128,
      "systemtime": 8051,
      "usertime": 1259920
     },
     "16948237307": {
      "maxRSS": 14128,
      "systemtime": 8051,
      "usertime": 1263948
     },
     "16948241479": {
      "maxRSS": 14128,
      "systemtime": 8051,
      "usertime": 1267965
     },
     "16948245675": {
      "maxRSS": 14128,
      "systemtime": 8051,
      "usertime": 1272000
     },
     "16948249848": {
      "maxRSS": 14128,
      "systemtime": 8051,
      "usertime": 1276057
     },
     "16948253935": {
      "maxRSS": 14128,
      "systemtime": 8051,
      "usertime": 1280022
     },
     "16948258124": {
      "maxRSS": 14256,
      "systemtime": 8051,
      "usertime": 1284052
     },
     "16948262260": {
      "maxRSS": 14256,
      "systemtime": 8051,
      "usertime": 1288084
     },
     "16948266435": {
      "maxRSS": 14256,
      "systemtime": 8051,
      "usertime": 1292112
     },
     "16948270540": {
      "maxRSS": 14256,
      "systemtime": 8051,
      "usertime": 1296130
     },
     "16948274730": {
      "maxRSS": 14256,
      "systemtime": 8051,
      "usertime": 1300155
     },
     "16948278825": {
      "maxRSS": 14256,
      "systemtime": 8051,
      "usertime": 1304178
     },
     "16948282974": {
      "maxRSS": 14256,
      "systemtime": 8051,
      "usertime": 1308203
     },
     "16948287241": {
      "maxRSS": 14256,
      "systemtime": 8051,
      "usertime": 1312230
     },
     "16948291415": {
      "maxRSS": 14256,
      "systemtime": 8051,
      "usertime": 1316254
     },
     "16948295610": {
      "maxRSS": 14256,
      "systemtime": 8051,
      "usertime": 1320271
     },
     "16948299784": {
      "maxRSS": 14256,
      "systemtime": 8051,
      "usertime": 1324292
     },
     "16948303946": {
      "maxRSS": 14256,
      "systemtime": 8051,
      "usertime": 1328309
     },
     "16948308112": {
      "maxRSS": 14256,
      "systemtime": 8051,
      "usertime": 1336327
     },
     "16948312193": {
      "maxRSS": 14256,
      "systemtime": 8051,
      "usertime": 1340398
     },
     "16948316338": {
      "maxRSS": 14256,
      "systemtime": 8051,
      "usertime": 1344369
     },
     "16948320518": {
      "maxRSS": 14256,
      "systemtime": 8051,
      "usertime": 1348385
     },
     "16948324704": {
      "maxRSS": 14256,
      "systemtime": 8051,
      "usertime": 1352466
     },
     "16948328828": {
      "maxRSS": 14256,
      "systemtime": 8051,
      "usertime": 1356425
     },
     "16948332997": {
      "maxRSS": 14256,
      "systemtime": 8051,
      "usertime": 1360440
     },
     "16948337166": {
      "maxRSS": 14256,
      "systemtime": 8051,
      "usertime": 1364457
     },
     "16948341296": {
      "maxRSS": 14384,
      "systemtime": 8051,
      "usertime": 1368498
     },
     "16948345489": {
      "maxRSS": 14384,
      "systemtime": 8051,
      "usertime": 1372581
     },
     "16948349679": {
      "maxRSS": 14384,
      "systemtime": 8051,
      "usertime": 1376559
     },
     "16948353868": {
      "maxRSS": 14384,
      "systemtime": 8051,
      "usertime": 1380578
     },
     "16948357958": {
      "maxRSS": 14384,
      "systemtime": 8051,
      "usertime": 1384598
     },
     "16948362211": {
      "maxRSS": 14384,
      "systemtime": 8051,
      "usertime": 1388640
     },
     "16948366401": {
      "maxRSS": 14384,
      "systemtime": 8051,
      "usertime": 1392658
     },
     "16948370578": {
      "maxRSS": 14384,
      "systemtime": 8051,
      "usertime": 1396675
     },
     "16948374697": {
      "maxRSS": 14384,
      "systemtime": 8051,
      "usertime": 1400693
     },
     "16948378913": {
      "maxRSS": 14384,
      "systemtime": 8051,
      "usertime": 1404724
     },
     "16948383084": {
      "maxRSS": 14384,
      "systemtime": 8051,
      "usertime": 1408803
     },
     "16948387218": {
      "maxRSS": 14384,
      "systemtime": 8051,
      "usertime": 1412774
     },
     "16948391377": {
      "maxRSS": 14384,
      "systemtime": 8051,
      "usertime": 1416823
     },
     "16948395657": {
      "maxRSS": 14384,
      "systemtime": 8051,
      "usertime": 1420864
     },
     "16948399855": {
      "maxRSS": 14384,
      "systemtime": 8051,
      "usertime": 1424876
     },
     "16948404113": {
      "maxRSS": 14384,
      "systemtime": 8051,
      "usertime": 1432893
     },
     "16948408242": {
      "maxRSS": 14384,
      "systemtime": 8051,
      "usertime": 1436963
     },
     "16948412376": {
      "maxRSS": 14384,
      "systemtime": 8051,
      "usertime": 1440986
     },
     "16948416551": {
      "maxRSS": 14384,
      "systemtime": 8051,
      "usertime": 1445003
     },
     "16948420807": {
      "maxRSS": 14512,
      "systemtime": 8051,
      "usertime": 1449087
     },
     "16948424908": {
      "maxRSS": 14512,
      "systemtime": 8051,
      "usertime": 1453082
     },
     "16948429041": {
      "maxRSS": 14512,
      "systemtime": 8051,
      "usertime": 1457126
     },
     "16948433181": {
      "maxRSS": 14512,
      "systemtime": 8051,
      "usertime": 1461188
     },
     "16948437309": {
      "maxRSS": 14512,
      "systemtime": 8051,
      "usertime": 1465227
     },
     "16948441481": {
      "maxRSS": 14512,
      "systemtime": 8051,
      "usertime": 1469280
     },
     "16948445616": {
      "maxRSS": 14512,
      "systemtime": 8051,
      "usertime": 1473326
     },
     "16948449754": {
      "maxRSS": 14512,
      "systemtime": 8051,
      "usertime": 1477395
     },
     "16948453849": {
      "maxRSS": 14512,
      "systemtime": 8051,
      "usertime": 1481396
     },
     "16948458017": {
      "maxRSS": 14512,
      "systemtime": 8051,
      "usertime": 1485474
     },
     "16948462136": {
      "maxRSS": 14512,
      "systemtime": 8051,
      "usertime": 1489471
     },
     "16948466299": {
      "maxRSS": 14512,
      "systemtime": 8051,
      "usertime": 1493499
     },
     "16948470418": {
      "maxRSS": 14512,
      "systemtime": 8051,
      "usertime": 1497546
     },
     "16948474581": {
      "maxRSS": 14512,
      "systemtime": 8051,
      "usertime": 1501594
     },
     "16948478700": {
      "maxRSS": 14512,
      "systemtime": 8051,
      "usertime": 1505624
     },
     "16948482824": {
      "maxRSS": 14512,
      "systemtime": 8051,
      "usertime": 1509649
     },
     "16948486933": {
      "maxRSS": 14512,
      "systemtime": 8051,
      "usertime": 1513665
     },
     "16948491217": {
      "maxRSS": 14512,
      "systemtime": 8051,
      "usertime": 1517684
     },
     "16948495454": {
      "maxRSS": 14512,
      "systemtime": 8051,
      "usertime": 1521728
     },
     "16948499636": {
      "maxRSS": 14512,
      "systemtime": 8051,
      "usertime": 1525745
     },
     "16948503862": {
      "maxRSS": 14640,
      "systemtime": 8051,
      "usertime": 1529771
     },
     "16948508114": {
      "maxRSS": 14640,
      "systemtime": 8051,
      "usertime": 1537809
     },
     "16948512228": {
      "maxRSS": 14640,
      "systemtime": 8051,
      "usertime": 1541836
     },
     "16948516362": {
      "maxRSS": 14640,
      "systemtime": 8051,
      "usertime": 1545855
     },
     "16948520497": {
      "maxRSS": 14640,
      "systemtime": 8051,
      "usertime": 1549875
     },
     "16948524713": {
      "maxRSS": 14640,
      "systemtime": 8051,
      "usertime": 1553921
     },
     "16948528997": {
      "maxRSS": 14640,
      "systemtime": 8051,
      "usertime": 1557950
     },
     "16948533175": {
      "maxRSS": 14640,
      "systemtime": 8051,
      "usertime": 1561968
     },
     "16948537355": {
      "maxRSS": 14640,
      "systemtime": 8051,
      "usertime": 1565990
     },
     "16948541526": {
      "maxRSS": 14640,
      "systemtime": 8051,
      "usertime": 1570008
     },
     "16948545703": {
      "maxRSS": 14640,
      "systemtime": 8051,
      "usertime": 1574025
     },
     "16948549896": {
      "maxRSS": 14640,
      "systemtime": 8051,
      "usertime": 1578063
     },
     "16948554069": {
      "maxRSS": 14640,
      "systemtime": 8051,
      "usertime": 1582144
     },
     "16948558242": {
      "maxRSS": 14640,
      "systemtime": 8051,
      "usertime": 1586099
     },
     "16948562418": {
      "maxRSS": 14640,
      "systemtime": 8051,
      "usertime": 1590118
     },
     "16948566591": {
      "maxRSS": 14640,
      "systemtime": 8051,
      "usertime": 1594137
     },
     "16948570770": {
      "maxRSS": 14640,
      "systemtime": 8051,
      "usertime": 1598154
     },
     "16948573347": {
      "maxRSS": 14768,
      "systemtime": 8057,
      "usertime": 1603441
     },
     "16948574542": {
      "maxRSS": 15152,
      "systemtime": 8057,
      "usertime": 1603464
     },
     "16948575675": {
      "maxRSS": 15408,
      "systemtime": 8057,
      "usertime": 1603482
     },
     "16948576785": {
      "maxRSS": 15664,
      "systemtime": 8057,
      "usertime": 1606243
     },
     "16948577922": {
      "maxRSS": 16048,
      "systemtime": 8057,
      "usertime": 1606263
     },
     "16948578587": {
      "maxRSS": 16176,
      "systemtime": 8064,
      "usertime": 1608851
     },
     "16948579729": {
      "maxRSS": 16176,
      "systemtime": 8064,
      "usertime": 1608879
     },
     "16948580838": {
      "maxRSS": 16176,
      "systemtime": 8064,
      "usertime": 1610362
     },
     "16948581939": {
      "maxRSS": 16176,
      "systemtime": 8064,
      "usertime": 1610374
     },
     "16948583036": {
      "maxRSS": 16176,
      "systemtime": 8064,
      "usertime": 1610381
     },
     "16948584109": {
      "maxRSS": 16176,
      "systemtime": 8064,
      "usertime": 1614346
     },
     "16948585275": {
      "maxRSS": 16176,
      "systemtime": 8064,
      "usertime": 1614364
     },
     "16948586436": {
      "maxRSS": 16176,
      "systemtime": 8064,
      "usertime": 1614381
     },
     "16948587611": {
      "maxRSS": 16176,
      "systemtime": 8064,
      "usertime": 1614408
     },
     "16948588780": {
      "maxRSS": 16176,
      "systemtime": 8064,
      "usertime": 1618425
     },
     "16948589944": {
      "maxRSS": 16176,
      "systemtime": 8064,
      "usertime": 1618441
     },
     "16948591110": {
      "maxRSS": 16176,
      "systemtime": 8064,
      "usertime": 1618458
     },
     "16948592194": {
      "maxRSS": 16176,
      "systemtime": 8064,
      "usertime": 1622477
     },
     "16948593306": {
      "maxRSS": 16176,
      "systemtime": 8064,
      "usertime": 1622495
     },
     "16948594414": {
      "maxRSS": 16176,
      "systemtime": 8064,
      "usertime": 1622513
     },
     "16948595512": {
      "maxRSS": 16176,
      "systemtime": 8064,
      "usertime": 1622521
     },
     "16948596577": {
      "maxRSS": 16176,
      "systemtime": 8064,
      "usertime": 1626580
     },
     "16948597640": {
      "maxRSS": 16176,
      "systemtime": 8064,
      "usertime": 1626587
     },
     "16948598734": {
      "maxRSS": 16176,
      "systemtime": 8064,
      "usertime": 1626594
     },
     "16948599831": {
      "maxRSS": 16176,
      "systemtime": 8064,
      "usertime": 1626600
     },
     "16948600933": {
      "maxRSS": 16176,
      "systemtime": 8064,
      "usertime": 1630562
     },
     "16948602030": {
      "maxRSS": 16176,
      "systemtime": 8064,
      "usertime": 1630569
     },
     "16948603123": {
      "maxRSS": 16176,
      "systemtime": 8064,
      "usertime": 1630576
     },
     "16948604187": {
      "maxRSS": 16176,
      "systemtime": 8064,
      "usertime": 1634579
     },
     "16948605282": {
      "maxRSS": 16176,
      "systemtime": 8064,
      "usertime": 1634586
     },
     "16948606376": {
      "maxRSS": 16176,
      "systemtime": 8064,
      "usertime": 1634592
     },
     "16948607460": {
      "maxRSS": 16176,
      "systemtime": 8064,
      "usertime": 1634607
     },
     "16948608582": {
      "maxRSS": 16176,
      "systemtime": 8064,
      "usertime": 1634628
     },
     "16948609690": {
      "maxRSS": 16176,
      "systemtime": 8064,
      "usertime": 1634655
     },
     "16948610787": {
      "maxRSS": 16176,
      "systemtime": 8064,
      "usertime": 1640827
     },
     "16948612086": {
      "maxRSS": 16176,
      "systemtime": 8064,
      "usertime": 1642708
     },
     "16948613187": {
      "maxRSS": 16176,
      "systemtime": 8064,
      "usertime": 1642727
     },
     "16948614376": {
      "maxRSS": 16176,
      "systemtime": 8064,
      "usertime": 1642744
     },
     "16948615537": {
      "maxRSS": 16176,
      "systemtime": 8064,
      "usertime": 1642783
     },
     "16948616712": {
      "maxRSS": 16176,
      "systemtime": 8064,
      "usertime": 1646793
     },
     "16948617878": {
      "maxRSS": 16176,
      "systemtime": 8064,
      "usertime": 1646811
     },
     "16948619039": {
      "maxRSS": 16176,
      "systemtime": 8064,
      "usertime": 1646831
     },
     "16948620091": {
      "maxRSS": 16176,
      "systemtime": 8064,
      "usertime": 1650853
     },
     "16948621217": {
      "maxRSS": 16176,
      "systemtime": 8064,
      "usertime": 1650877
     },
     "16948622354": {
      "maxRSS": 16304,
      "systemtime": 8064,
      "usertime": 1650916
     },
     "16948623434": {
      "maxRSS": 16304,
      "systemtime": 8064,
      "usertime": 1650933
     },
     "16948624569": {
      "maxRSS": 16304,
      "systemtime": 8064,
      "usertime": 1654958
     },
     "16948625724": {
      "maxRSS": 16304,
      "systemtime": 8064,
      "usertime": 1654990
     },
     "16948626905": {
      "maxRSS": 16304,
      "systemtime": 8064,
      "usertime": 1655029
     },
     "16948628171": {
      "maxRSS": 16304,
      "systemtime": 8064,
      "usertime": 1659069
     },
     "16948629287": {
      "maxRSS": 16304,
      "systemtime": 8064,
      "usertime": 1659118
     },
     "16948630392": {
      "maxRSS": 16304,
      "systemtime": 8064,
      "usertime": 1659131
     },
     "16948631457": {
      "maxRSS": 16304,
      "systemtime": 8064,
      "usertime": 1659138
     },
     "16948632559": {
      "maxRSS": 16304,
      "systemtime": 8064,
      "usertime": 1663137
     },
     "16948633631": {
      "maxRSS": 16304,
      "systemtime": 8064,
      "usertime": 1663150
     },
     "16948634709": {
      "maxRSS": 16304,
      "systemtime": 8064,
      "usertime": 1663164
     },
     "16948635829": {
      "maxRSS": 16304,
      "systemtime": 8064,
      "usertime": 1663204
     },
     "16948637048": {
      "maxRSS": 16304,
      "systemtime": 8064,
      "usertime": 1667229
     },
     "16948638140": {
      "maxRSS": 16304,
      "systemtime": 8064,
      "usertime": 1667250
     },
     "16948639232": {
      "maxRSS": 16304,
      "systemtime": 8064,
      "usertime": 1667267
     },
     "16948640325": {
      "maxRSS": 16304,
      "systemtime": 8064,
      "usertime": 1671284
     },
     "16948641516": {
      "maxRSS": 16304,
      "systemtime": 8064,
      "usertime": 1671302
     },
     "16948642624": {
      "maxRSS": 16304,
      "systemtime": 8064,
      "usertime": 1671317
     },
     "16948643751": {
      "maxRSS": 16304,
      "systemtime": 8064,
      "usertime": 1671350
     },
     "16948644852": {
      "maxRSS": 16304,
      "systemtime": 8064,
      "usertime": 1675358
     },
     "16948645955": {
      "maxRSS": 16304,
      "systemtime": 8064,
      "usertime": 1675371
     },
     "16948647055": {
      "maxRSS": 16304,
      "systemtime": 8064,
      "usertime": 1675379
     },
     "16948648121": {
      "maxRSS": 16304,
      "systemtime": 8064,
      "usertime": 1679387
     },
     "16948649297": {
      "maxRSS": 16304,
      "systemtime": 8064,
      "usertime": 1679405
     },
     "16948650395": {
      "maxRSS": 16304,
      "systemtime": 8064,
      "usertime": 1679433
     },
     "16948651508": {
      "maxRSS": 16304,
      "systemtime": 8064,
      "usertime": 1679448
     },
     "16948652680": {
      "maxRSS": 16304,
      "systemtime": 8064,
      "usertime": 1683467
     },
     "16948653859": {
      "maxRSS": 16304,
      "systemtime": 8064,
      "usertime": 1683487
     },
     "16948655029": {
      "maxRSS": 16304,
      "systemtime": 8064,
      "usertime": 1683504
     },
     "16948656122": {
      "maxRSS": 16304,
      "systemtime": 8064,
      "usertime": 1687518
     },
     "16948657368": {
      "maxRSS": 16432,
      "systemtime": 8064,
      "usertime": 1687551
     },
     "16948658535": {
      "maxRSS": 16432,
      "systemtime": 8064,
      "usertime": 1687570
     },
     "16948659813": {
      "maxRSS": 16432,
      "systemtime": 8064,
      "usertime": 1687591
     },
     "16948660983": {
      "maxRSS": 16432,
      "systemtime": 8064,
      "usertime": 1691613
     },
     "16948662075": {
      "maxRSS": 16432,
      "systemtime": 8064,
      "usertime": 1691633
     },
     "16948663305": {
      "maxRSS": 16432,
      "systemtime": 8064,
      "usertime": 1691654
     },
     "16948664460": {
      "maxRSS": 16432,
      "systemtime": 8064,
      "usertime": 1695699
     },
     "16948665640": {
      "maxRSS": 16432,
      "systemtime": 8064,
      "usertime": 1695717
     },
     "16948666854": {
      "maxRSS": 16432,
      "systemtime": 8064,
      "usertime": 1695734
     },
     "16948668063": {
      "maxRSS": 16432,
      "systemtime": 8064,
      "usertime": 1699742
     },
     "16948669239": {
      "maxRSS": 16432,
      "systemtime": 8064,
      "usertime": 1699759
     },
     "16948670420": {
      "maxRSS": 16432,
      "systemtime": 8064,
      "usertime": 1699776
     },
     "16948671638": {
      "maxRSS": 16432,
      "systemtime": 8064,
      "usertime": 1699806
     },
     "16948672844": {
      "maxRSS": 16432,
      "systemtime": 8064,
      "usertime": 1703841
     },
     "16948674037": {
      "maxRSS": 16432,
      "systemtime": 8064,
      "usertime": 1703859
     },
     "16948675212": {
      "maxRSS": 16560,
      "systemtime": 8064,
      "usertime": 1703876
     },
     "16948676342": {
      "maxRSS": 16560,
      "systemtime": 8064,
      "usertime": 1707892
     },
     "16948677518": {
      "maxRSS": 16560,
      "systemtime": 8064,
      "usertime": 1707909
     },
     "16948678693": {
      "maxRSS": 16560,
      "systemtime": 8064,
      "usertime": 1707926
     },
     "16948679876": {
      "maxRSS": 16560,
      "systemtime": 8064,
      "usertime": 1707957
     },
     "16948681045": {
      "maxRSS": 16560,
      "systemtime": 8064,
      "usertime": 1711973
     },
     "16948682211": {
      "maxRSS": 16560,
      "systemtime": 8064,
      "usertime": 1711990
     },
     "16948683379": {
      "maxRSS": 16560,
      "systemtime": 8064,
      "usertime": 1712007
     },
     "16948684554": {
      "maxRSS": 16560,
      "systemtime": 8064,
      "usertime": 1716024
     },
     "16948685742": {
      "maxRSS": 16560,
      "systemtime": 8064,
      "usertime": 1716041
     },
     "16948686895": {
      "maxRSS": 16560,
      "systemtime": 8064,
      "usertime": 1716069
     },
     "16948688027": {
      "maxRSS": 16560,
      "systemtime": 8064,
      "usertime": 1720105
     },
     "16948689243": {
      "maxRSS": 16560,
      "systemtime": 8064,
      "usertime": 1720125
     },
     "16948690427": {
      "maxRSS": 16560,
      "systemtime": 8064,
      "usertime": 1720146
     },
     "16948691618": {
      "maxRSS": 16560,
      "systemtime": 8064,
      "usertime": 1720165
     },
     "16948692743": {
      "maxRSS": 16560,
      "systemtime": 8064,
      "usertime": 1724186
     },
     "16948694017": {
      "maxRSS": 16688,
      "systemtime": 8064,
      "usertime": 1724225
     },
     "16948695138": {
      "maxRSS": 16688,
      "systemtime": 8064,
      "usertime": 1724247
     },
     "16948696217": {
      "maxRSS": 16688,
      "systemtime": 8064,
      "usertime": 1728262
     },
     "16948697286": {
      "maxRSS": 16688,
      "systemtime": 8064,
      "usertime": 1728274
     },
     "16948698397": {
      "maxRSS": 16688,
      "systemtime": 8064,
      "usertime": 1728293
     },
     "16948699479": {
      "maxRSS": 16688,
      "systemtime": 8064,
      "usertime": 1728301
     },
     "16948700593": {
      "maxRSS": 16688,
      "systemtime": 8064,
      "usertime": 1732325
     },
     "16948701700": {
      "maxRSS": 16688,
      "systemtime": 8064,
      "usertime": 1732338
     },
     "16948702777": {
      "maxRSS": 16688,
      "systemtime": 8064,
      "usertime": 1732353
     },
     "16948703914": {
      "maxRSS": 16688,
      "systemtime": 8064,
      "usertime": 1732369
     },
     "16948705020": {
      "maxRSS": 16688,
      "systemtime": 8064,
      "usertime": 1736381
     },
     "16948706130": {
      "maxRSS": 16688,
      "systemtime": 8064,
      "usertime": 1736391
     },
     "16948707242": {
      "maxRSS": 16688,
      "systemtime": 8064,
      "usertime": 1736405
     },
     "16948708324": {
      "maxRSS": 16688,
      "systemtime": 8064,
      "usertime": 1740429
     },
     "16948709388": {
      "maxRSS": 16688,
      "systemtime": 8064,
      "usertime": 1740436
     },
     "16948710454": {
      "maxRSS": 16688,
      "systemtime": 8064,
      "usertime": 1740444
     },
     "16948711559": {
      "maxRSS": 16688,
      "systemtime": 8064,
      "usertime": 1740456
     },
     "16948712661": {
      "maxRSS": 16688,
      "systemtime": 8064,
      "usertime": 1744465
     },
     "16948713761": {
      "maxRSS": 16688,
      "systemtime": 8064,
      "usertime": 1744472
     },
     "16948714867": {
      "maxRSS": 16688,
      "systemtime": 8064,
      "usertime": 1744488
     },
     "16948715976": {
      "maxRSS": 16688,
      "systemtime": 8064,
      "usertime": 1744505
     },
     "16948717079": {
      "maxRSS": 16688,
      "systemtime": 8064,
      "usertime": 1748523
     },
     "16948718174": {
      "maxRSS": 16688,
      "systemtime": 8064,
      "usertime": 1748529
     },
     "16948719271": {
      "maxRSS": 16688,
      "systemtime": 8064,
      "usertime": 1748537
     },
     "16948720346": {
      "maxRSS": 16688,
      "systemtime": 8064,
      "usertime": 1752550
     },
     "16948721458": {
      "maxRSS": 16816,
      "systemtime": 8064,
      "usertime": 1752573
     },
     "16948722557": {
      "maxRSS": 16816,
      "systemtime": 8064,
      "usertime": 1752580
     },
     "16948724756": {
      "maxRSS": 16816,
      "systemtime": 8064,
      "usertime": 1756595
     },
     "16948726983": {
      "maxRSS": 16816,
      "systemtime": 8064,
      "usertime": 1756613
     },
     "16948729070": {
      "maxRSS": 16816,
      "systemtime": 8064,
      "usertime": 1760685
     },
     "16948731264": {
      "maxRSS": 16816,
      "systemtime": 8064,
      "usertime": 1760720
     },
     "16948733374": {
      "maxRSS": 16816,
      "systemtime": 8064,
      "usertime": 1764699
     },
     "16948735533": {
      "maxRSS": 16816,
      "systemtime": 8064,
      "usertime": 1764717
     },
     "16948737650": {
      "maxRSS": 16816,
      "systemtime": 8064,
      "usertime": 1768753
     },
     "16948739956": {
      "maxRSS": 16944,
      "systemtime": 8064,
      "usertime": 1768783
     },
     "16948742134": {
      "maxRSS": 16944,
      "systemtime": 8064,
      "usertime": 1772806
     },
     "16948744220": {
      "maxRSS": 16944,
      "systemtime": 8064,
      "usertime": 1776827
     },
     "16948746399": {
      "maxRSS": 16944,
      "systemtime": 8064,
      "usertime": 1776855
     },
     "16948748590": {
      "maxRSS": 16944,
      "systemtime": 8064,
      "usertime": 1780890
     },
     "16948750756": {
      "maxRSS": 16944,
      "systemtime": 8064,
      "usertime": 1780907
     },
     "16948752910": {
      "maxRSS": 16944,
      "systemtime": 8064,
      "usertime": 1784939
     },
     "16948755052": {
      "maxRSS": 16944,
      "systemtime": 8064,
      "usertime": 1784972
     },
     "16948757174": {
      "maxRSS": 16944,
      "systemtime": 8064,
      "usertime": 1789011
     },
     "16948759304": {
      "maxRSS": 16944,
      "systemtime": 8064,
      "usertime": 1789057
     },
     "16948761450": {
      "maxRSS": 16944,
      "systemtime": 8064,
      "usertime": 1793104
     },
     "16948763542": {
      "maxRSS": 17072,
      "systemtime": 8064,
      "usertime": 1793132
     },
     "16948765624": {
      "maxRSS": 17072,
      "systemtime": 8064,
      "usertime": 1797144
     },
     "16948767700": {
      "maxRSS": 17072,
      "systemtime": 8064,
      "usertime": 1797159
     },
     "16948769786": {
      "maxRSS": 17072,
      "systemtime": 8064,
      "usertime": 1801181
     },
     "16948771908": {
      "maxRSS": 17072,
      "systemtime": 8064,
      "usertime": 1801199
     },
     "16948774029": {
      "maxRSS": 17072,
      "systemtime": 8064,
      "usertime": 1805225
     },
     "16948776121": {
      "maxRSS": 17072,
      "systemtime": 8064,
      "usertime": 1809235
     },
     "16948778323": {
      "maxRSS": 17072,
      "systemtime": 8064,
      "usertime": 1809265
     },
     "16948780455": {
      "maxRSS": 17072,
      "systemtime": 8064,
      "usertime": 1813283
     },
     "16948782623": {
      "maxRSS": 17072,
      "systemtime": 8064,
      "usertime": 1813301
     },
     "16948784728": {
      "maxRSS": 17072,
      "systemtime": 8064,
      "usertime": 1817392
     },
     "16948786823": {
      "maxRSS": 17200,
      "systemtime": 8064,
      "usertime": 1817422
     },
     "16948788930": {
      "maxRSS": 17200,
      "systemtime": 8064,
      "usertime": 1821368
     },
     "16948791096": {
      "maxRSS": 17200,
      "systemtime": 8064,
      "usertime": 1821384
     },
     "16948793271": {
      "maxRSS": 17200,
      "systemtime": 8064,
      "usertime": 1825395
     },
     "16948795447": {
      "maxRSS": 17200,
      "systemtime": 8064,
      "usertime": 1825412
     },
     "16948797543": {
      "maxRSS": 17200,
      "systemtime": 8064,
      "usertime": 1829429
     },
     "16948799816": {
      "maxRSS": 17200,
      "systemtime": 8064,
      "usertime": 1829449
     },
     "16948801998": {
      "maxRSS": 17200,
      "systemtime": 8064,
      "usertime": 1833532
     },
     "16948804056": {
      "maxRSS": 17200,
      "systemtime": 8064,
      "usertime": 1837539
     },
     "16948806145": {
      "maxRSS": 17200,
      "systemtime": 8064,
      "usertime": 1837558
     },
     "16948808224": {
      "maxRSS": 17200,
      "systemtime": 8064,
      "usertime": 1841574
     },
     "16948810323": {
      "maxRSS": 17200,
      "systemtime": 8064,
      "usertime": 1841585
     },
     "16948812409": {
      "maxRSS": 17200,
      "systemtime": 8064,
      "usertime": 1845597
     },
     "16948814504": {
      "maxRSS": 17200,
      "systemtime": 8064,
      "usertime": 1845626
     },
     "16948816694": {
      "maxRSS": 17328,
      "systemtime": 8064,
      "usertime": 1849660
     },
     "16948818866": {
      "maxRSS": 17328,
      "systemtime": 8064,
      "usertime": 1849677
     },
     "16948821039": {
      "maxRSS": 17328,
      "systemtime": 8064,
      "usertime": 1853749
     },
     "16948823168": {
      "maxRSS": 17328,
      "systemtime": 8064,
      "usertime": 1853767
     },
     "16948825339": {
      "maxRSS": 17328,
      "systemtime": 8064,
      "usertime": 1857735
     },
     "16948827482": {
      "maxRSS": 17328,
      "systemtime": 8064,
      "usertime": 1857769
     },
     "16948829561": {
      "maxRSS": 17328,
      "systemtime": 8064,
      "usertime": 1861781
     },
     "16948831713": {
      "maxRSS": 17328,
      "systemtime": 8064,
      "usertime": 1861801
     },
     "16948833850": {
      "maxRSS": 17328,
      "systemtime": 8064,
      "usertime": 1865824
     },
     "16948836055": {
      "maxRSS": 17456,
      "systemtime": 8064,
      "usertime": 1869845
     },
     "16948838233": {
      "maxRSS": 17456,
      "systemtime": 8064,
      "usertime": 1869866
     },
     "16948840331": {
      "maxRSS": 17456,
      "systemtime": 8064,
      "usertime": 1873900
     },
     "16948842457": {
      "maxRSS": 17456,
      "systemtime": 8064,
      "usertime": 1873918
     },
     "16948844627": {
      "maxRSS": 17456,
      "systemtime": 8064,
      "usertime": 1877935
     },
     "16948846846": {
      "maxRSS": 17456,
      "systemtime": 8064,
      "usertime": 1877952
     },
     "16948849111": {
      "maxRSS": 17456,
      "systemtime": 8064,
      "usertime": 1881981
     },
     "16948851243": {
      "maxRSS": 17456,
      "systemtime": 8064,
      "usertime": 1882004
     },
     "16948853417": {
      "maxRSS": 17456,
      "systemtime": 8064,
      "usertime": 1886021
     },
     "16948855601": {
      "maxRSS": 17456,
      "systemtime": 8064,
      "usertime": 1886051
     },
     "16948857778": {
      "maxRSS": 17456,
      "systemtime": 8064,
      "usertime": 1890067
     },
     "16948859953": {
      "maxRSS": 17456,
      "systemtime": 8064,
      "usertime": 1890084
     },
     "16948862056": {
      "maxRSS": 17456,
      "systemtime": 8064,
      "usertime": 1894103
     },
     "16948864180": {
      "maxRSS": 17456,
      "systemtime": 8064,
      "usertime": 1898167
     },
     "16948866474": {
      "maxRSS": 17584,
      "systemtime": 8064,
      "usertime": 1898194
     },
     "16948868667": {
      "maxRSS": 17584,
      "systemtime": 8064,
      "usertime": 1902209
     },
     "16948870830": {
      "maxRSS": 17584,
      "systemtime": 8064,
      "usertime": 1902226
     },
     "16948873025": {
      "maxRSS": 17584,
      "systemtime": 8064,
      "usertime": 1906299
     },
     "16948875207": {
      "maxRSS": 17584,
      "systemtime": 8064,
      "usertime": 1906316
     },
     "16948877364": {
      "maxRSS": 17584,
      "systemtime": 8064,
      "usertime": 1910263
     },
     "16948879628": {
      "maxRSS": 17584,
      "systemtime": 8064,
      "usertime": 1910282
     },
     "16948881823": {
      "maxRSS": 17712,
      "systemtime": 8064,
      "usertime": 1914317
     },
     "16948883968": {
      "maxRSS": 17712,
      "systemtime": 8064,
      "usertime": 1914334
     },
     "16948886055": {
      "maxRSS": 17712,
      "systemtime": 8064,
      "usertime": 1918351
     },
     "16948888121": {
      "maxRSS": 17712,
      "systemtime": 8064,
      "usertime": 1922423
     },
     "16948890294": {
      "maxRSS": 17712,
      "systemtime": 8064,
      "usertime": 1922444
     },
     "16948892451": {
      "maxRSS": 17712,
      "systemtime": 8064,
      "usertime": 1926405
     },
     "16948894731": {
      "maxRSS": 17712,
      "systemtime": 8064,
      "usertime": 1926431
     },
     "16948896905": {
      "maxRSS": 17712,
      "systemtime": 8064,
      "usertime": 1930449
     },
     "16948899077": {
      "maxRSS": 17712,
      "systemtime": 8064,
      "usertime": 1930465
     },
     "16948901247": {
      "maxRSS": 17712,
      "systemtime": 8064,
      "usertime": 1934483
     },
     "16948903343": {
      "maxRSS": 17840,
      "systemtime": 8064,
      "usertime": 1934504
     },
     "16948905525": {
      "maxRSS": 17840,
      "systemtime": 8064,
      "usertime": 1938590
     },
     "16948907698": {
      "maxRSS": 17840,
      "systemtime": 8064,
      "usertime": 1938606
     },
     "16948909879": {
      "maxRSS": 17840,
      "systemtime": 8064,
      "usertime": 1942571
     },
     "16948912077": {
      "maxRSS": 17840,
      "systemtime": 8064,
      "usertime": 1946586
     },
     "16948914350": {
      "maxRSS": 17840,
      "systemtime": 8064,
      "usertime": 1946605
     },
     "16948916479": {
      "maxRSS": 17840,
      "systemtime": 8064,
      "usertime": 1950624
     },
     "16948918722": {
      "maxRSS": 17840,
      "systemtime": 8064,
      "usertime": 1950642
     },
     "16948920904": {
      "maxRSS": 17840,
      "systemtime": 8064,
      "usertime": 1954661
     },
     "16948923007": {
      "maxRSS": 17840,
      "systemtime": 8064,
      "usertime": 1954696
     },
     "16948925177": {
      "maxRSS": 17968,
      "systemtime": 8064,
      "usertime": 1958712
     },
     "16948927369": {
      "maxRSS": 17968,
      "systemtime": 8064,
      "usertime": 1958729
     },
     "16948929538": {
      "maxRSS": 17968,
      "systemtime": 8064,
      "usertime": 1962745
     },
     "16948931621": {
      "maxRSS": 17968,
      "systemtime": 8064,
      "usertime": 1962762
     },
     "16948933740": {
      "maxRSS": 17968,
      "systemtime": 8064,
      "usertime": 1966780
     },
     "16948936050": {
      "maxRSS": 17968,
      "systemtime": 8064,
      "usertime": 1970812
     },
     "16948938314": {
      "maxRSS": 17968,
      "systemtime": 8064,
      "usertime": 1970831
     },
     "16948940510": {
      "maxRSS": 17968,
      "systemtime": 8064,
      "usertime": 1974847
     },
     "16948942597": {
      "maxRSS": 17968,
      "systemtime": 8064,
      "usertime": 1974865
     },
     "16948944765": {
      "maxRSS": 17968,
      "systemtime": 8064,
      "usertime": 1978957
     },
     "16948946940": {
      "maxRSS": 17968,
      "systemtime": 8064,
      "usertime": 1978980
     },
     "16948949149": {
      "maxRSS": 17968,
      "systemtime": 8064,
      "usertime": 1982957
     },
     "16948951318": {
      "maxRSS": 17968,
      "systemtime": 8064,
      "usertime": 1982979
     },
     "16948953524": {
      "maxRSS": 18096,
      "systemtime": 8064,
      "usertime": 1987052
     },
     "16948955699": {
      "maxRSS": 18096,
      "systemtime": 8064,
      "usertime": 1987071
     },
     "16948957916": {
      "maxRSS": 18096,
      "systemtime": 8064,
      "usertime": 1991036
     },
     "16948960114": {
      "maxRSS": 18096,
      "systemtime": 8064,
      "usertime": 1995052
     },
     "16948962285": {
      "maxRSS": 18096,
      "systemtime": 8064,
      "usertime": 1995071
     },
     "16948964439": {
      "maxRSS": 18224,
      "systemtime": 8064,
      "usertime": 1999113
     },
     "16948966711": {
      "maxRSS": 18224,
      "systemtime": 8064,
      "usertime": 1999146
     },
     "16948968887": {
      "maxRSS": 18352,
      "systemtime": 8064,
      "usertime": 2003164
     },
     "16948971053": {
      "maxRSS": 18352,
      "systemtime": 8064,
      "usertime": 2003182
     },
     "16948973235": {
      "maxRSS": 18352,
      "systemtime": 8064,
      "usertime": 2007198
     },
     "16948975408": {
      "maxRSS": 18352,
      "systemtime": 8064,
      "usertime": 2007215
     },
     "16948977627": {
      "maxRSS": 18352,
      "systemtime": 8064,
      "usertime": 2011236
     },
     "16948979799": {
      "maxRSS": 18352,
      "systemtime": 8064,
      "usertime": 2011253
     },
     "16948981932": {
      "maxRSS": 18352,
      "systemtime": 8064,
      "usertime": 2015281
     },
     "16948984104": {
      "maxRSS": 18352,
      "systemtime": 8064,
      "usertime": 2019303
     },
     "16948986384": {
      "maxRSS": 18352,
      "systemtime": 8064,
      "usertime": 2019327
     },
     "16948988471": {
      "maxRSS": 18480,
      "systemtime": 8064,
      "usertime": 2023337
     },
     "16948990650": {
      "maxRSS": 18480,
      "systemtime": 8064,
      "usertime": 2023374
     },
     "16948992922": {
      "maxRSS": 18480,
      "systemtime": 8064,
      "usertime": 2027396
     },
     "16948995096": {
      "maxRSS": 18480,
      "systemtime": 8064,
      "usertime": 2027413
     },
     "16948997226": {
      "maxRSS": 18480,
      "systemtime": 8064,
      "usertime": 2031432
     },
     "16948999455": {
      "maxRSS": 18480,
      "systemtime": 8064,
      "usertime": 2031452
     },
     "16949003718": {
      "maxRSS": 18480,
      "systemtime": 8064,
      "usertime": 2035478
     },
     "16949007993": {
      "maxRSS": 18480,
      "systemtime": 8064,
      "usertime": 2039520
     },
     "16949012137": {
      "maxRSS": 18608,
      "systemtime": 8064,
      "usertime": 2047577
     },
     "16949016218": {
      "maxRSS": 18608,
      "systemtime": 8064,
      "usertime": 2051597
     },
     "16949020348": {
      "maxRSS": 18608,
      "systemtime": 8064,
      "usertime": 2055614
     },
     "16949024535": {
      "maxRSS": 18608,
      "systemtime": 8064,
      "usertime": 2059631
     },
     "16949028621": {
      "maxRSS": 18608,
      "systemtime": 8064,
      "usertime": 2063649
     },
     "16949032731": {
      "maxRSS": 18736,
      "systemtime": 8064,
      "usertime": 2067669
     },
     "16949036886": {
      "maxRSS": 18736,
      "systemtime": 8064,
      "usertime": 2071717
     },
     "16949041003": {
      "maxRSS": 18736,
      "systemtime": 8064,
      "usertime": 2075744
     },
     "16949045171": {
      "maxRSS": 18736,
      "systemtime": 8064,
      "usertime": 2079759
     },
     "16949049272": {
      "maxRSS": 18736,
      "systemtime": 8064,
      "usertime": 2083771
     },
     "16949053381": {
      "maxRSS": 18864,
      "systemtime": 8064,
      "usertime": 2087786
     },
     "16949057483": {
      "maxRSS": 18864,
      "systemtime": 8064,
      "usertime": 2091799
     },
     "16949061630": {
      "maxRSS": 18864,
      "systemtime": 8064,
      "usertime": 2095829
     },
     "16949065782": {
      "maxRSS": 18864,
      "systemtime": 8064,
      "usertime": 2099867
     },
     "16949069896": {
      "maxRSS": 18864,
      "systemtime": 8064,
      "usertime": 2103878
     },
     "16949074066": {
      "maxRSS": 18992,
      "systemtime": 8064,
      "usertime": 2107893
     },
     "16949078176": {
      "maxRSS": 18992,
      "systemtime": 8064,
      "usertime": 2111917
     },
     "16949082315": {
      "maxRSS": 18992,
      "systemtime": 8064,
      "usertime": 2115948
     },
     "16949086488": {
      "maxRSS": 18992,
      "systemtime": 8064,
      "usertime": 2119993
     },
     "16949090597": {
      "maxRSS": 18992,
      "systemtime": 8064,
      "usertime": 2124008
     },
     "16949094683": {
      "maxRSS": 19120,
      "systemtime": 8064,
      "usertime": 2128024
     },
     "16949098804": {
      "maxRSS": 19120,
      "systemtime": 8064,
      "usertime": 2132046
     },
     "16949102939": {
      "maxRSS": 19120,
      "systemtime": 8064,
      "usertime": 2136060
     },
     "16949107042": {
      "maxRSS": 19120,
      "systemtime": 8064,
      "usertime": 2140073
     },
     "16949111157": {
      "maxRSS": 19120,
      "systemtime": 8064,
      "usertime": 2144098
     },
     "16949115325": {
      "maxRSS": 19120,
      "systemtime": 8064,
      "usertime": 2148200
     },
     "16949119467": {
      "maxRSS": 19248,
      "systemtime": 8064,
      "usertime": 2152213
     },
     "16949123580": {
      "maxRSS": 19248,
      "systemtime": 8064,
      "usertime": 2156178
     },
     "16949127799": {
      "maxRSS": 19248,
      "systemtime": 8064,
      "usertime": 2160191
     },
     "16949131925": {
      "maxRSS": 19248,
      "systemtime": 8064,
      "usertime": 2164210
     },
     "16949136095": {
      "maxRSS": 19248,
      "systemtime": 8064,
      "usertime": 2172228
     },
     "16949140182": {
      "maxRSS": 19248,
      "systemtime": 8064,
      "usertime": 2176256
     },
     "16949144258": {
      "maxRSS": 19376,
      "systemtime": 8064,
      "usertime": 2180272
     },
     "16949148399": {
      "maxRSS": 19376,
      "systemtime": 8064,
      "usertime": 2184288
     },
     "16949152566": {
      "maxRSS": 19376,
      "systemtime": 8064,
      "usertime": 2188306
     },
     "16949156744": {
      "maxRSS": 19376,
      "systemtime": 8064,
      "usertime": 2192323
     },
     "16949160911": {
      "maxRSS": 19504,
      "systemtime": 8064,
      "usertime": 2196349
     },
     "16949165093": {
      "maxRSS": 19504,
      "systemtime": 8064,
      "usertime": 2200370
     },
     "16949169182": {
      "maxRSS": 19504,
      "systemtime": 8064,
      "usertime": 2204388
     },
     "16949173387": {
      "maxRSS": 19504,
      "systemtime": 8064,
      "usertime": 2208415
     },
     "16949177497": {
      "maxRSS": 19504,
      "systemtime": 8064,
      "usertime": 2212488
     },
     "16949181670": {
      "maxRSS": 19632,
      "systemtime": 8064,
      "usertime": 2216449
     },
     "16949185846": {
      "maxRSS": 19632,
      "systemtime": 8064,
      "usertime": 2220467
     },
     "16949190034": {
      "maxRSS": 19632,
      "systemtime": 8064,
      "usertime": 2224497
     },
     "16949194212": {
      "maxRSS": 19760,
      "systemtime": 8064,
      "usertime": 2228523
     },
     "16949198329": {
      "maxRSS": 19760,
      "systemtime": 8064,
      "usertime": 2232552
     },
     "16949202592": {
      "maxRSS": 19760,
      "systemtime": 8064,
      "usertime": 2236570
     },
     "16949206705": {
      "maxRSS": 19760,
      "systemtime": 8064,
      "usertime": 2240592
     },
     "16949210885": {
      "maxRSS": 19760,
      "systemtime": 8064,
      "usertime": 2244616
     },
     "16949215035": {
      "maxRSS": 19760,
      "systemtime": 8064,
      "usertime": 2248651
     },
     "16949219250": {
      "maxRSS": 19760,
      "systemtime": 8064,
      "usertime": 2252677
     },
     "16949223377": {
      "maxRSS": 19888,
      "systemtime": 8064,
      "usertime": 2256706
     },
     "16949227445": {
      "maxRSS": 19888,
      "systemtime": 8064,
      "usertime": 2260712
     },
     "16949231625": {
      "maxRSS": 19888,
      "systemtime": 8064,
      "usertime": 2264726
     },
     "16949235921": {
      "maxRSS": 19888,
      "systemtime": 8064,
      "usertime": 2268764
     },
     "16949240106": {
      "maxRSS": 20016,
      "systemtime": 8064,
      "usertime": 2276778
     },
     "16949244197": {
      "maxRSS": 20016,
      "systemtime": 8064,
      "usertime": 2280809
     },
     "16949248325": {
      "maxRSS": 20016,
      "systemtime": 8064,
      "usertime": 2284826
     },
     "16949252483": {
      "maxRSS": 20016,
      "systemtime": 8064,
      "usertime": 2288848
     },
     "16949256656": {
      "maxRSS": 20144,
      "systemtime": 8064,
      "usertime": 2292866
     },
     "16949260827": {
      "maxRSS": 20144,
      "systemtime": 8064,
      "usertime": 2296885
     },
     "16949265002": {
      "maxRSS": 20144,
      "systemtime": 8064,
      "usertime": 2300903
     },
     "16949269183": {
      "maxRSS": 20144,
      "systemtime": 8064,
      "usertime": 2304931
     },
     "16949273355": {
      "maxRSS": 20144,
      "systemtime": 8064,
      "usertime": 2309010
     },
     "16949277480": {
      "maxRSS": 20272,
      "systemtime": 8064,
      "usertime": 2312967
     },
     "16949281585": {
      "maxRSS": 20272,
      "systemtime": 8064,
      "usertime": 2316990
     },
     "16949285768": {
      "maxRSS": 20272,
      "systemtime": 8064,
      "usertime": 2321008
     },
     "16949289926": {
      "maxRSS": 20272,
      "systemtime": 8064,
      "usertime": 2325071
     },
     "16949294116": {
      "maxRSS": 20272,
      "systemtime": 8064,
      "usertime": 2329088
     },
     "16949298290": {
      "maxRSS": 20400,
      "systemtime": 8064,
      "usertime": 2333094
     },
     "16949302387": {
      "maxRSS": 20400,
      "systemtime": 8064,
      "usertime": 2337113
     },
     "16949306568": {
      "maxRSS": 20400,
      "systemtime": 8064,
      "usertime": 2341205
     },
     "16949310692": {
      "maxRSS": 20400,
      "systemtime": 8064,
      "usertime": 2345150
     },
     "16949314882": {
      "maxRSS": 20400,
      "systemtime": 8064,
      "usertime": 2349167
     },
     "16949318995": {
      "maxRSS": 20400,
      "systemtime": 8064,
      "usertime": 2353214
     },
     "16949323169": {
      "maxRSS": 20528,
      "systemtime": 8064,
      "usertime": 2357233
     },
     "16949327346": {
      "maxRSS": 20528,
      "systemtime": 8064,
      "usertime": 2361249
     },
     "16949331527": {
      "maxRSS": 20528,
      "systemtime": 8064,
      "usertime": 2365277
     },
     "16949335737": {
      "maxRSS": 20528,
      "systemtime": 8064,
      "usertime": 2369350
     },
     "16949340007": {
      "maxRSS": 20528,
      "systemtime": 8064,
      "usertime": 2377319
     },
     "16949344102": {
      "maxRSS": 20528,
      "systemtime": 8064,
      "usertime": 2381353
     },
     "16949348278": {
      "maxRSS": 20528,
      "systemtime": 8064,
      "usertime": 2385394
     },
     "16949352404": {
      "maxRSS": 20656,
      "systemtime": 8064,
      "usertime": 2389436
     },
     "16949356532": {
      "maxRSS": 20656,
      "systemtime": 8064,
      "usertime": 2393562
     },
     "16949360651": {
      "maxRSS": 20656,
      "systemtime": 8064,
      "usertime": 2397591
     },
     "16949364823": {
      "maxRSS": 20656,
      "systemtime": 8064,
      "usertime": 2401656
     },
     "16949369004": {
      "maxRSS": 20656,
      "systemtime": 8064,
      "usertime": 2405620
     },
     "16949373223": {
      "maxRSS": 20656,
      "systemtime": 8064,
      "usertime": 2409672
     },
     "16949377351": {
      "maxRSS": 20784,
      "systemtime": 8064,
      "usertime": 2413706
     },
     "16949381598": {
      "maxRSS": 20784,
      "systemtime": 8064,
      "usertime": 2417792
     },
     "16949385746": {
      "maxRSS": 20784,
      "systemtime": 8064,
      "usertime": 2421849
     },
     "16949389943": {
      "maxRSS": 20784,
      "systemtime": 8064,
      "usertime": 2425971
     },
     "16949394172": {
      "maxRSS": 20784,
      "systemtime": 8064,
      "usertime": 2429927
     },
     "16949398354": {
      "maxRSS": 20912,
      "systemtime": 8064,
      "usertime": 2434020
     },
     "16949402505": {
      "maxRSS": 20912,
      "systemtime": 8064,
      "usertime": 2438620
     },
     "16949403868": {
      "maxRSS": 20912,
      "systemtime": 8064,
      "usertime": 2441953
     },
     "16949404024": {
      "maxRSS": 20912,
      "systemtime": 8099,
      "usertime": 2442130
     },
     "16949405283": {
      "maxRSS": 21296,
      "systemtime": 8114,
      "usertime": 2442130
     },
     "16949406472": {
      "maxRSS": 21680,
      "systemtime": 8134,
      "usertime": 2442130
     },
     "16949407613": {
      "maxRSS": 22064,
      "systemtime": 8175,
      "usertime": 2442130
     },
     "16949408714": {
      "maxRSS": 22320,
      "systemtime": 12050,
      "usertime": 2442273
     },
     "16949409950": {
      "maxRSS": 22576,
      "systemtime": 12050,
      "usertime": 2442307
     },
     "16949411061": {
      "maxRSS": 22832,
      "systemtime": 12050,
      "usertime": 2442333
     },
     "16949412173": {
      "maxRSS": 23216,
      "systemtime": 12051,
      "usertime": 2446360
     },
     "16949413274": {
      "maxRSS": 23472,
      "systemtime": 12051,
      "usertime": 2446385
     },
     "16949414409": {
      "maxRSS": 23856,
      "systemtime": 12051,
      "usertime": 2446422
     },
     "16949415513": {
      "maxRSS": 24240,
      "systemtime": 12051,
      "usertime": 2446434
     },
     "16949416671": {
      "maxRSS": 24624,
      "systemtime": 16061,
      "usertime": 2446434
     },
     "16949417781": {
      "maxRSS": 24880,
      "systemtime": 16068,
      "usertime": 2446456
     },
     "16949418983": {
      "maxRSS": 25136,
      "systemtime": 16068,
      "usertime": 2446498
     },
     "16949420048": {
      "maxRSS": 25136,
      "systemtime": 16069,
      "usertime": 2446523
     },
     "16949421320": {
      "maxRSS": 25392,
      "systemtime": 16069,
      "usertime": 2450623
     },
     "16949422529": {
      "maxRSS": 25776,
      "systemtime": 16069,
      "usertime": 2450664
     },
     "16949423667": {
      "maxRSS": 26160,
      "systemtime": 16070,
      "usertime": 2450684
     },
     "16949424779": {
      "maxRSS": 26544,
      "systemtime": 16070,
      "usertime": 2454640
     },
     "16949425891": {
      "maxRSS": 26544,
      "systemtime": 16070,
      "usertime": 2454671
     },
     "16949427004": {
      "maxRSS": 26672,
      "systemtime": 16070,
      "usertime": 2454700
     },
     "16949428055": {
      "maxRSS": 26928,
      "systemtime": 16070,
      "usertime": 2454727
     },
     "16949428685": {
      "maxRSS": 26928,
      "systemtime": 16074,
      "usertime": 2459407
     },
     "16949429864": {
      "maxRSS": 26928,
      "systemtime": 16074,
      "usertime": 2459432
     },
     "16949431046": {
      "maxRSS": 26928,
      "systemtime": 16074,
      "usertime": 2459457
     },
     "16949432124": {
      "maxRSS": 26928,
      "systemtime": 16074,
      "usertime": 2462845
     },
     "16949433220": {
      "maxRSS": 26928,
      "systemtime": 16074,
      "usertime": 2462864
     },
     "16949434328": {
      "maxRSS": 26928,
      "systemtime": 16074,
      "usertime": 2462887
     },
     "16949435463": {
      "maxRSS": 26928,
      "systemtime": 16074,
      "usertime": 2462945
     },
     "16949436602": {
      "maxRSS": 26928,
      "systemtime": 16074,
      "usertime": 2466969
     },
     "16949437773": {
      "maxRSS": 26928,
      "systemtime": 16074,
      "usertime": 2467001
     },
     "16949439015": {
      "maxRSS": 26928,
      "systemtime": 16074,
      "usertime": 2467026
     },
     "16949440088": {
      "maxRSS": 26928,
      "systemtime": 16074,
      "usertime": 2471045
     },
     "16949441211": {
      "maxRSS": 26928,
      "systemtime": 16074,
      "usertime": 2471075
     },
     "16949442358": {
      "maxRSS": 26928,
      "systemtime": 16074,
      "usertime": 2471142
     },
     "16949443477": {
      "maxRSS": 26928,
      "systemtime": 16074,
      "usertime": 2471173
     },
     "16949444611": {
      "maxRSS": 26928,
      "systemtime": 16074,
      "usertime": 2475218
     },
     "16949445831": {
      "maxRSS": 26928,
      "systemtime": 16074,
      "usertime": 2475244
     },
     "16949447116": {
      "maxRSS": 26928,
      "systemtime": 16074,
      "usertime": 2475271
     },
     "16949448269": {
      "maxRSS": 26928,
      "systemtime": 16074,
      "usertime": 2479286
     },
     "16949449418": {
      "maxRSS": 26928,
      "systemtime": 16074,
      "usertime": 2479303
     },
     "16949450568": {
      "maxRSS": 26928,
      "systemtime": 16074,
      "usertime": 2479354
     },
     "16949451665": {
      "maxRSS": 26928,
      "systemtime": 16074,
      "usertime": 2479381
     },
     "16949452846": {
      "maxRSS": 26928,
      "systemtime": 16074,
      "usertime": 2483407
     },
     "16949454006": {
      "maxRSS": 26928,
      "systemtime": 16074,
      "usertime": 2483468
     },
     "16949455212": {
      "maxRSS": 26928,
      "systemtime": 16074,
      "usertime": 2483492
     },
     "16949456362": {
      "maxRSS": 26928,
      "systemtime": 16074,
      "usertime": 2487526
     },
     "16949457509": {
      "maxRSS": 26928,
      "systemtime": 16074,
      "usertime": 2487588
     },
     "16949458630": {
      "maxRSS": 26928,
      "systemtime": 16075,
      "usertime": 2487625
     },
     "16949459772": {
      "maxRSS": 26928,
      "systemtime": 16075,
      "usertime": 2487650
     },
     "16949460883": {
      "maxRSS": 26928,
      "systemtime": 16079,
      "usertime": 2492376
     },
     "16949462084": {
      "maxRSS": 26928,
      "systemtime": 16080,
      "usertime": 2492408
     },
     "16949463377": {
      "maxRSS": 26928,
      "systemtime": 16080,
      "usertime": 2492440
     },
     "16949464602": {
      "maxRSS": 26928,
      "systemtime": 16080,
      "usertime": 2495797
     },
     "16949465717": {
      "maxRSS": 26928,
      "systemtime": 16080,
      "usertime": 2495817
     },
     "16949466827": {
      "maxRSS": 26928,
      "systemtime": 16080,
      "usertime": 2495842
     },
     "16949468206": {
      "maxRSS": 26928,
      "systemtime": 16080,
      "usertime": 2499866
     },
     "16949469315": {
      "maxRSS": 26928,
      "systemtime": 16080,
      "usertime": 2499892
     },
     "16949470596": {
      "maxRSS": 26928,
      "systemtime": 16080,
      "usertime": 2499918
     },
     "16949471916": {
      "maxRSS": 26928,
      "systemtime": 16080,
      "usertime": 2499971
     },
     "16949473217": {
      "maxRSS": 26928,
      "systemtime": 16080,
      "usertime": 2503995
     },
     "16949474506": {
      "maxRSS": 26928,
      "systemtime": 16080,
      "usertime": 2504013
     },
     "16949475603": {
      "maxRSS": 26928,
      "systemtime": 16080,
      "usertime": 2504033
     },
     "16949476710": {
      "maxRSS": 26928,
      "systemtime": 16080,
      "usertime": 2504058
     },
     "16949477888": {
      "maxRSS": 26928,
      "systemtime": 16083,
      "usertime": 2509058
     },
     "16949479128": {
      "maxRSS": 26928,
      "systemtime": 16083,
      "usertime": 2509090
     },
     "16949480238": {
      "maxRSS": 26928,
      "systemtime": 16083,
      "usertime": 2512227
     },
     "16949481422": {
      "maxRSS": 26928,
      "systemtime": 16083,
      "usertime": 2512250
     },
     "16949482530": {
      "maxRSS": 26928,
      "systemtime": 16083,
      "usertime": 2512270
     },
     "16949483634": {
      "maxRSS": 26928,
      "systemtime": 16083,
      "usertime": 2512295
     },
     "16949484829": {
      "maxRSS": 26928,
      "systemtime": 16083,
      "usertime": 2516270
     },
     "16949486004": {
      "maxRSS": 26928,
      "systemtime": 16083,
      "usertime": 2516364
     },
     "16949487290": {
      "maxRSS": 26928,
      "systemtime": 16083,
      "usertime": 2516429
     },
     "16949488491": {
      "maxRSS": 26928,
      "systemtime": 16083,
      "usertime": 2520450
     },
     "16949489706": {
      "maxRSS": 26928,
      "systemtime": 16083,
      "usertime": 2520471
     },
     "16949490844": {
      "maxRSS": 26928,
      "systemtime": 16083,
      "usertime": 2520490
     },
     "16949491948": {
      "maxRSS": 26928,
      "systemtime": 16083,
      "usertime": 2520513
     },
     "16949493151": {
      "maxRSS": 26928,
      "systemtime": 16083,
      "usertime": 2524542
     },
     "16949494377": {
      "maxRSS": 26928,
      "systemtime": 16083,
      "usertime": 2524680
     },
     "16949495538": {
      "maxRSS": 26928,
      "systemtime": 16083,
      "usertime": 2524709
     },
     "16949496780": {
      "maxRSS": 26928,
      "systemtime": 16083,
      "usertime": 2528737
     },
     "16949497897": {
      "maxRSS": 26928,
      "systemtime": 16083,
      "usertime": 2528754
     },
     "16949499075": {
      "maxRSS": 26928,
      "systemtime": 16083,
      "usertime": 2528772
     },
     "16949500184": {
      "maxRSS": 26928,
      "systemtime": 16083,
      "usertime": 2528799
     },
     "16949501325": {
      "maxRSS": 27056,
      "systemtime": 16084,
      "usertime": 2533277
     },
     "16949502568": {
      "maxRSS": 27056,
      "systemtime": 16084,
      "usertime": 2533302
     },
     "16949503743": {
      "maxRSS": 27056,
      "systemtime": 16084,
      "usertime": 2533323
     },
     "16949504970": {
      "maxRSS": 27056,
      "systemtime": 16084,
      "usertime": 2536996
     },
     "16949506205": {
      "maxRSS": 27056,
      "systemtime": 16084,
      "usertime": 2537013
     },
     "16949507320": {
      "maxRSS": 27056,
      "systemtime": 16084,
      "usertime": 2537031
     },
     "16949508418": {
      "maxRSS": 27056,
      "systemtime": 16084,
      "usertime": 2540983
     },
     "16949509573": {
      "maxRSS": 27056,
      "systemtime": 16084,
      "usertime": 2541051
     },
     "16949510682": {
      "maxRSS": 27056,
      "systemtime": 16084,
      "usertime": 2541078
     },
     "16949511838": {
      "maxRSS": 27056,
      "systemtime": 16084,
      "usertime": 2541104
     },
     "16949513095": {
      "maxRSS": 27056,
      "systemtime": 16084,
      "usertime": 2545137
     },
     "16949514288": {
      "maxRSS": 27056,
      "systemtime": 16084,
      "usertime": 2545161
     },
     "16949515383": {
      "maxRSS": 27056,
      "systemtime": 16084,
      "usertime": 2545181
     },
     "16949516575": {
      "maxRSS": 27056,
      "systemtime": 16084,
      "usertime": 2549238
     },
     "16949517761": {
      "maxRSS": 27056,
      "systemtime": 16084,
      "usertime": 2549313
     },
     "16949518927": {
      "maxRSS": 27056,
      "systemtime": 16084,
      "usertime": 2549338
     },
     "16949520062": {
      "maxRSS": 27056,
      "systemtime": 16084,
      "usertime": 2553373
     },
     "16949521248": {
      "maxRSS": 27056,
      "systemtime": 16084,
      "usertime": 2553395
     },
     "16949522535": {
      "maxRSS": 27184,
      "systemtime": 16084,
      "usertime": 2553419
     },
     "16949523688": {
      "maxRSS": 27184,
      "systemtime": 16084,
      "usertime": 2553458
     },
     "16949524799": {
      "maxRSS": 27184,
      "systemtime": 16084,
      "usertime": 2557470
     },
     "16949526025": {
      "maxRSS": 27184,
      "systemtime": 16084,
      "usertime": 2557493
     },
     "16949527135": {
      "maxRSS": 27184,
      "systemtime": 16085,
      "usertime": 2557516
     },
     "16949528233": {
      "maxRSS": 27184,
      "systemtime": 16085,
      "usertime": 2561634
     },
     "16949529587": {
      "maxRSS": 27312,
      "systemtime": 16085,
      "usertime": 2561661
     },
     "16949530830": {
      "maxRSS": 27312,
      "systemtime": 16086,
      "usertime": 2561733
     },
     "16949532047": {
      "maxRSS": 27312,
      "systemtime": 16086,
      "usertime": 2565663
     },
     "16949533164": {
      "maxRSS": 27312,
      "systemtime": 16086,
      "usertime": 2565688
     },
     "16949534276": {
      "maxRSS": 27312,
      "systemtime": 16086,
      "usertime": 2565716
     },
     "16949535378": {
      "maxRSS": 27312,
      "systemtime": 16086,
      "usertime": 2565744
     },
     "16949536492": {
      "maxRSS": 27440,
      "systemtime": 16086,
      "usertime": 2569769
     },
     "16949537647": {
      "maxRSS": 27440,
      "systemtime": 16086,
      "usertime": 2569789
     },
     "16949538874": {
      "maxRSS": 27440,
      "systemtime": 16086,
      "usertime": 2569836
     },
     "16949540084": {
      "maxRSS": 27440,
      "systemtime": 16086,
      "usertime": 2573849
     },
     "16949541206": {
      "maxRSS": 27440,
      "systemtime": 16086,
      "usertime": 2573863
     },
     "16949542404": {
      "maxRSS": 27568,
      "systemtime": 16087,
      "usertime": 2573947
     },
     "16949543553": {
      "maxRSS": 27568,
      "systemtime": 16087,
      "usertime": 2574014
     },
     "16949544668": {
      "maxRSS": 27568,
      "systemtime": 16087,
      "usertime": 2578055
     },
     "16949545898": {
      "maxRSS": 27568,
      "systemtime": 16088,
      "usertime": 2578115
     },
     "16949547218": {
      "maxRSS": 27568,
      "systemtime": 16088,
      "usertime": 2578147
     },
     "16949548358": {
      "maxRSS": 27568,
      "systemtime": 16088,
      "usertime": 2582165
     },
     "16949549550": {
      "maxRSS": 27696,
      "systemtime": 16088,
      "usertime": 2582182
     },
     "16949550795": {
      "maxRSS": 27696,
      "systemtime": 16088,
      "usertime": 2582199
     },
     "16949551970": {
      "maxRSS": 27696,
      "systemtime": 16088,
      "usertime": 2582217
     },
     "16949553196": {
      "maxRSS": 27696,
      "systemtime": 16088,
      "usertime": 2586246
     },
     "16949554413": {
      "maxRSS": 27824,
      "systemtime": 16088,
      "usertime": 2586277
     },
     "16949555627": {
      "maxRSS": 27824,
      "systemtime": 16088,
      "usertime": 2586298
     },
     "16949556759": {
      "maxRSS": 27824,
      "systemtime": 16088,
      "usertime": 2590319
     },
     "16949557837": {
      "maxRSS": 27824,
      "systemtime": 16089,
      "usertime": 2590335
     },
     "16949559035": {
      "maxRSS": 27824,
      "systemtime": 16089,
      "usertime": 2590353
     },
     "16949560147": {
      "maxRSS": 27952,
      "systemtime": 16089,
      "usertime": 2594404
     },
     "16949561396": {
      "maxRSS": 27952,
      "systemtime": 16089,
      "usertime": 2594433
     },
     "16949562601": {
      "maxRSS": 27952,
      "systemtime": 16089,
      "usertime": 2594459
     },
     "16949563779": {
      "maxRSS": 27952,
      "systemtime": 16089,
      "usertime": 2594476
     },
     "16949564956": {
      "maxRSS": 27952,
      "systemtime": 16089,
      "usertime": 2598493
     },
     "16949566124": {
      "maxRSS": 27952,
      "systemtime": 16089,
      "usertime": 2598510
     },
     "16949567303": {
      "maxRSS": 28080,
      "systemtime": 16089,
      "usertime": 2598528
     },
     "16949568467": {
      "maxRSS": 28080,
      "systemtime": 16089,
      "usertime": 2602555
     },
     "16949569659": {
      "maxRSS": 28080,
      "systemtime": 16090,
      "usertime": 2602572
     },
     "16949570829": {
      "maxRSS": 28080,
      "systemtime": 16090,
      "usertime": 2602589
     },
     "16949571916": {
      "maxRSS": 28080,
      "systemtime": 16090,
      "usertime": 2602606
     },
     "16949573173": {
      "maxRSS": 28080,
      "systemtime": 16090,
      "usertime": 2606631
     },
     "16949574370": {
      "maxRSS": 28208,
      "systemtime": 16090,
      "usertime": 2606647
     },
     "16949575547": {
      "maxRSS": 28208,
      "systemtime": 16090,
      "usertime": 2606676
     },
     "16949576716": {
      "maxRSS": 28208,
      "systemtime": 16090,
      "usertime": 2610686
     },
     "16949577895": {
      "maxRSS": 28208,
      "systemtime": 16090,
      "usertime": 2610703
     },
     "16949580202": {
      "maxRSS": 28208,
      "systemtime": 16090,
      "usertime": 2614718
     },
     "16949582385": {
      "maxRSS": 28208,
      "systemtime": 16090,
      "usertime": 2614735
     },
     "16949584556": {
      "maxRSS": 28336,
      "systemtime": 16090,
      "usertime": 2618752
     },
     "16949586744": {
      "maxRSS": 28336,
      "systemtime": 16090,
      "usertime": 2618781
     },
     "16949589015": {
      "maxRSS": 28336,
      "systemtime": 16090,
      "usertime": 2622800
     },
     "16949591194": {
      "maxRSS": 28464,
      "systemtime": 16090,
      "usertime": 2622817
     },
     "16949593370": {
      "maxRSS": 28464,
      "systemtime": 16090,
      "usertime": 2626834
     },
     "16949595550": {
      "maxRSS": 28464,
      "systemtime": 16090,
      "usertime": 2626851
     },
     "16949597730": {
      "maxRSS": 28592,
      "systemtime": 16090,
      "usertime": 2630869
     },
     "16949599916": {
      "maxRSS": 28592,
      "systemtime": 16091,
      "usertime": 2630901
     },
     "16949602186": {
      "maxRSS": 28720,
      "systemtime": 16091,
      "usertime": 2634919
     },
     "16949604321": {
      "maxRSS": 28720,
      "systemtime": 16091,
      "usertime": 2638996
     },
     "16949606456": {
      "maxRSS": 28720,
      "systemtime": 16091,
      "usertime": 2639013
     },
     "16949608635": {
      "maxRSS": 28720,
      "systemtime": 16091,
      "usertime": 2642972
     },
     "16949610735": {
      "maxRSS": 28848,
      "systemtime": 16091,
      "usertime": 2642994
     },
     "16949612828": {
      "maxRSS": 28848,
      "systemtime": 16091,
      "usertime": 2647019
     },
     "16949615081": {
      "maxRSS": 28848,
      "systemtime": 16091,
      "usertime": 2647058
     },
     "16949617261": {
      "maxRSS": 28848,
      "systemtime": 16091,
      "usertime": 2651073
     },
     "16949619429": {
      "maxRSS": 28848,
      "systemtime": 16091,
      "usertime": 2651089
     },
     "16949621605": {
      "maxRSS": 28848,
      "systemtime": 16091,
      "usertime": 2655106
     },
     "16949623776": {
      "maxRSS": 28976,
      "systemtime": 16091,
      "usertime": 2655125
     },
     "16949626030": {
      "maxRSS": 28976,
      "systemtime": 16091,
      "usertime": 2659143
     },
     "16949628186": {
      "maxRSS": 28976,
      "systemtime": 16091,
      "usertime": 2663179
     },
     "16949630475": {
      "maxRSS": 29104,
      "systemtime": 16091,
      "usertime": 2663205
     },
     "16949632654": {
      "maxRSS": 29104,
      "systemtime": 16091,
      "usertime": 2667227
     },
     "16949634828": {
      "maxRSS": 29104,
      "systemtime": 16091,
      "usertime": 2667245
     },
     "16949636924": {
      "maxRSS": 29104,
      "systemtime": 16091,
      "usertime": 2671262
     },
     "16949639206": {
      "maxRSS": 29232,
      "systemtime": 16092,
      "usertime": 2671283
     },
     "16949641399": {
      "maxRSS": 29232,
      "systemtime": 16092,
      "usertime": 2675322
     },
     "16949643592": {
      "maxRSS": 29232,
      "systemtime": 16092,
      "usertime": 2675339
     },
     "16949645691": {
      "maxRSS": 29232,
      "systemtime": 16092,
      "usertime": 2679357
     },
     "16949647987": {
      "maxRSS": 29232,
      "systemtime": 16092,
      "usertime": 2679380
     },
     "16949650163": {
      "maxRSS": 29360,
      "systemtime": 16092,
      "usertime": 2683400
     },
     "16949652243": {
      "maxRSS": 29360,
      "systemtime": 16092,
      "usertime": 2687418
     },
     "16949654530": {
      "maxRSS": 29360,
      "systemtime": 16092,
      "usertime": 2687454
     },
     "16949656701": {
      "maxRSS": 29488,
      "systemtime": 16092,
      "usertime": 2691472
     },
     "16949658869": {
      "maxRSS": 29488,
      "systemtime": 16092,
      "usertime": 2691489
     },
     "16949661044": {
      "maxRSS": 29488,
      "systemtime": 16092,
      "usertime": 2695506
     },
     "16949663221": {
      "maxRSS": 29488,
      "systemtime": 16092,
      "usertime": 2695523
     },
     "16949665463": {
      "maxRSS": 29616,
      "systemtime": 16092,
      "usertime": 2699554
     },
     "16949667639": {
      "maxRSS": 29616,
      "systemtime": 16092,
      "usertime": 2699577
     },
     "16949669834": {
      "maxRSS": 29616,
      "systemtime": 16092,
      "usertime": 2703611
     },
     "16949672038": {
      "maxRSS": 29616,
      "systemtime": 16092,
      "usertime": 2707626
     },
     "16949674306": {
      "maxRSS": 29744,
      "systemtime": 16093,
      "usertime": 2707649
     },
     "16949676453": {
      "maxRSS": 29744,
      "systemtime": 16093,
      "usertime": 2711676
     },
     "16949678677": {
      "maxRSS": 29872,
      "systemtime": 16093,
      "usertime": 2711704
     },
     "16949680947": {
      "maxRSS": 29872,
      "systemtime": 16093,
      "usertime": 2715731
     },
     "16949683104": {
      "maxRSS": 30000,
      "systemtime": 16093,
      "usertime": 2715775
     },
     "16949685282": {
      "maxRSS": 30000,
      "systemtime": 16093,
      "usertime": 2719795
     },
     "16949687569": {
      "maxRSS": 30128,
      "systemtime": 16093,
      "usertime": 2719828
     },
     "16949689762": {
      "maxRSS": 30128,
      "systemtime": 16093,
      "usertime": 2723863
     },
     "16949691869": {
      "maxRSS": 30128,
      "systemtime": 16093,
      "usertime": 2723891
     },
     "16949694087": {
      "maxRSS": 30256,
      "systemtime": 16093,
      "usertime": 2727914
     },
     "16949696255": {
      "maxRSS": 30256,
      "systemtime": 16094,
      "usertime": 2731961
     },
     "16949698446": {
      "maxRSS": 30384,
      "systemtime": 16094,
      "usertime": 2731985
     },
     "16949700627": {
      "maxRSS": 30384,
      "systemtime": 16094,
      "usertime": 2736008
     },
     "16949702814": {
      "maxRSS": 30384,
      "systemtime": 16094,
      "usertime": 2736031
     },
     "16949705027": {
      "maxRSS": 30512,
      "systemtime": 20117,
      "usertime": 2736031
     },
     "16949707213": {
      "maxRSS": 30512,
      "systemtime": 20118,
      "usertime": 2736064
     },
     "16949709428": {
      "maxRSS": 30640,
      "systemtime": 20118,
      "usertime": 2740114
     },
     "16949711608": {
      "maxRSS": 30640,
      "systemtime": 20118,
      "usertime": 2740139
     },
     "16949715183": {
      "maxRSS": 30768,
      "systemtime": 20118,
      "usertime": 2744167
     },
     "16949717476": {
      "maxRSS": 30768,
      "systemtime": 20118,
      "usertime": 2748200
     },
     "16949719701": {
      "maxRSS": 30768,
      "systemtime": 20118,
      "usertime": 2748228
     },
     "16949721875": {
      "maxRSS": 30896,
      "systemtime": 20119,
      "usertime": 2752329
     },
     "16949724070": {
      "maxRSS": 30896,
      "systemtime": 20119,
      "usertime": 2756265
     },
     "16949726173": {
      "maxRSS": 31024,
      "systemtime": 20119,
      "usertime": 2756301
     },
     "16949728252": {
      "maxRSS": 31024,
      "systemtime": 20119,
      "usertime": 2760319
     },
     "16949730422": {
      "maxRSS": 31024,
      "systemtime": 20119,
      "usertime": 2760338
     },
     "16949732595": {
      "maxRSS": 31152,
      "systemtime": 20119,
      "usertime": 2764358
     },
     "16949734861": {
      "maxRSS": 31152,
      "systemtime": 20119,
      "usertime": 2764377
     },
     "16949737033": {
      "maxRSS": 31280,
      "systemtime": 20119,
      "usertime": 2768401
     },
     "16949739224": {
      "maxRSS": 31280,
      "systemtime": 20119,
      "usertime": 2768440
     },
     "16949741316": {
      "maxRSS": 31408,
      "systemtime": 20119,
      "usertime": 2772457
     },
     "16949743482": {
      "maxRSS": 31408,
      "systemtime": 20119,
      "usertime": 2772476
     },
     "16949745680": {
      "maxRSS": 31536,
      "systemtime": 20119,
      "usertime": 2776495
     },
     "16949747775": {
      "maxRSS": 31536,
      "systemtime": 20119,
      "usertime": 2776516
     },
     "16949749950": {
      "maxRSS": 31536,
      "systemtime": 20119,
      "usertime": 2780536
     },
     "16949752041": {
      "maxRSS": 31664,
      "systemtime": 20119,
      "usertime": 2784578
     },
     "16949754166": {
      "maxRSS": 31664,
      "systemtime": 20119,
      "usertime": 2784602
     },
     "16949756246": {
      "maxRSS": 31792,
      "systemtime": 20119,
      "usertime": 2788621
     },
     "16949758425": {
      "maxRSS": 31792,
      "systemtime": 20120,
      "usertime": 2788638
     },
     "16949760603": {
      "maxRSS": 31920,
      "systemtime": 20120,
      "usertime": 2792656
     },
     "16949762783": {
      "maxRSS": 31920,
      "systemtime": 20120,
      "usertime": 2792674
     },
     "16949764977": {
      "maxRSS": 31920,
      "systemtime": 20120,
      "usertime": 2796712
     },
     "16949767129": {
      "maxRSS": 32048,
      "systemtime": 20120,
      "usertime": 2796743
     },
     "16949769270": {
      "maxRSS": 32048,
      "systemtime": 20120,
      "usertime": 2800791
     },
     "16949771485": {
      "maxRSS": 32176,
      "systemtime": 20120,
      "usertime": 2800834
     },
     "16949773728": {
      "maxRSS": 32176,
      "systemtime": 20121,
      "usertime": 2804868
     },
     "16949775904": {
      "maxRSS": 32176,
      "systemtime": 20121,
      "usertime": 2804886
     },
     "16949778056": {
      "maxRSS": 32304,
      "systemtime": 20121,
      "usertime": 2808916
     },
     "16949780132": {
      "maxRSS": 32304,
      "systemtime": 20121,
      "usertime": 2812932
     },
     "16949782225": {
      "maxRSS": 32432,
      "systemtime": 20121,
      "usertime": 2812948
     },
     "16949784308": {
      "maxRSS": 32432,
      "systemtime": 20121,
      "usertime": 2816967
     },
     "16949786394": {
      "maxRSS": 32432,
      "systemtime": 20121,
      "usertime": 2816984
     },
     "16949788494": {
      "maxRSS": 32560,
      "systemtime": 20121,
      "usertime": 2820995
     },
     "16949790563": {
      "maxRSS": 32560,
      "systemtime": 20121,
      "usertime": 2821002
     },
     "16949792642": {
      "maxRSS": 32688,
      "systemtime": 20121,
      "usertime": 2825025
     },
     "16949794738": {
      "maxRSS": 32688,
      "systemtime": 20121,
      "usertime": 2825032
     },
     "16949796845": {
      "maxRSS": 32816,
      "systemtime": 20121,
      "usertime": 2829047
     },
     "16949798961": {
      "maxRSS": 32816,
      "systemtime": 20121,
      "usertime": 2829062
     },
     "16949801059": {
      "maxRSS": 32816,
      "systemtime": 20121,
      "usertime": 2833072
     },
     "16949803157": {
      "maxRSS": 32944,
      "systemtime": 20121,
      "usertime": 2833079
     },
     "16949805260": {
      "maxRSS": 32944,
      "systemtime": 20121,
      "usertime": 2837093
     },
     "16949807359": {
      "maxRSS": 33072,
      "systemtime": 20121,
      "usertime": 2837100
     },
     "16949809524": {
      "maxRSS": 33072,
      "systemtime": 20121,
      "usertime": 2841114
     },
     "16949811707": {
      "maxRSS": 33200,
      "systemtime": 20121,
      "usertime": 2841130
     },
     "16949813809": {
      "maxRSS": 33200,
      "systemtime": 20121,
      "usertime": 2845148
     },
     "16949816101": {
      "maxRSS": 33328,
      "systemtime": 20121,
      "usertime": 2849164
     },
     "16949818387": {
      "maxRSS": 33328,
      "systemtime": 20121,
      "usertime": 2849195
     },
     "16949820559": {
      "maxRSS": 33456,
      "systemtime": 20121,
      "usertime": 2853212
     },
     "16949822763": {
      "maxRSS": 33456,
      "systemtime": 20121,
      "usertime": 2853239
     },
     "16949824937": {
      "maxRSS": 33584,
      "systemtime": 20121,
      "usertime": 2857256
     },
     "16949827104": {
      "maxRSS": 33584,
      "systemtime": 20121,
      "usertime": 2857273
     },
     "16949829284": {
      "maxRSS": 33712,
      "systemtime": 20121,
      "usertime": 2861291
     },
     "16949831465": {
      "maxRSS": 33712,
      "systemtime": 20121,
      "usertime": 2861318
     },
     "16949833674": {
      "maxRSS": 33712,
      "systemtime": 20122,
      "usertime": 2865402
     },
     "16949835881": {
      "maxRSS": 33840,
      "systemtime": 20122,
      "usertime": 2865419
     },
     "16949838056": {
      "maxRSS": 33840,
      "systemtime": 20122,
      "usertime": 2869372
     },
     "16949840120": {
      "maxRSS": 33968,
      "systemtime": 20122,
      "usertime": 2873389
     },
     "16949842297": {
      "maxRSS": 33968,
      "systemtime": 20122,
      "usertime": 2873407
     },
     "16949844542": {
      "maxRSS": 33968,
      "systemtime": 20122,
      "usertime": 2877433
     },
     "16949846670": {
      "maxRSS": 34096,
      "systemtime": 20122,
      "usertime": 2877474
     },
     "16949848800": {
      "maxRSS": 34096,
      "systemtime": 20122,
      "usertime": 2881495
     },
     "16949850948": {
      "maxRSS": 34224,
      "systemtime": 20122,
      "usertime": 2881521
     },
     "16949853085": {
      "maxRSS": 34224,
      "systemtime": 20122,
      "usertime": 2885554
     },
     "16949855224": {
      "maxRSS": 34224,
      "systemtime": 20122,
      "usertime": 2885596
     },
     "16949857447": {
      "maxRSS": 34224,
      "systemtime": 20123,
      "usertime": 2889784
     },
     "16949861651": {
      "maxRSS": 34352,
      "systemtime": 20123,
      "usertime": 2893697
     },
     "16949865832": {
      "maxRSS": 34480,
      "systemtime": 20123,
      "usertime": 2897719
     },
     "16949870023": {
      "maxRSS": 34480,
      "systemtime": 20123,
      "usertime": 2901739
     },
     "16949874203": {
      "maxRSS": 34608,
      "systemtime": 20123,
      "usertime": 2905763
     },
     "16949878382": {
      "maxRSS": 34736,
      "systemtime": 20123,
      "usertime": 2909784
     },
     "16949882535": {
      "maxRSS": 34736,
      "systemtime": 20123,
      "usertime": 2913802
     },
     "16949886658": {
      "maxRSS": 34992,
      "systemtime": 20123,
      "usertime": 2917837
     },
     "16949890841": {
      "maxRSS": 35120,
      "systemtime": 20123,
      "usertime": 2921854
     },
     "16949895017": {
      "maxRSS": 35248,
      "systemtime": 20123,
      "usertime": 2925874
     },
     "16949899189": {
      "maxRSS": 35376,
      "systemtime": 20123,
      "usertime": 2929891
     },
     "16949903361": {
      "maxRSS": 35504,
      "systemtime": 20123,
      "usertime": 2933948
     },
     "16949907621": {
      "maxRSS": 35632,
      "systemtime": 20123,
      "usertime": 2937925
     },
     "16949911798": {
      "maxRSS": 35760,
      "systemtime": 20123,
      "usertime": 2941954
     },
     "16949915969": {
      "maxRSS": 35760,
      "systemtime": 20123,
      "usertime": 2945971
     },
     "16949920131": {
      "maxRSS": 35888,
      "systemtime": 20123,
      "usertime": 2953988
     },
     "16949924211": {
      "maxRSS": 36016,
      "systemtime": 20123,
      "usertime": 2958013
     },
     "16949928290": {
      "maxRSS": 36144,
      "systemtime": 20123,
      "usertime": 2962028
     },
     "16949932417": {
      "maxRSS": 36272,
      "systemtime": 20123,
      "usertime": 2966045
     },
     "16949936589": {
      "maxRSS": 36400,
      "systemtime": 20123,
      "usertime": 2970063
     },
     "16949940770": {
      "maxRSS": 36528,
      "systemtime": 20123,
      "usertime": 2974092
     },
     "16949944970": {
      "maxRSS": 36528,
      "systemtime": 20123,
      "usertime": 2978113
     },
     "16949949158": {
      "maxRSS": 36656,
      "systemtime": 20123,
      "usertime": 2982139
     },
     "16949953333": {
      "maxRSS": 36784,
      "systemtime": 20123,
      "usertime": 2986157
     },
     "16949957526": {
      "maxRSS": 36912,
      "systemtime": 20123,
      "usertime": 2990187
     },
     "16949961707": {
      "maxRSS": 36912,
      "systemtime": 20123,
      "usertime": 2994264
     },
     "16949965897": {
      "maxRSS": 37040,
      "systemtime": 20123,
      "usertime": 2998241
     },
     "16949970025": {
      "maxRSS": 37040,
      "systemtime": 20123,
      "usertime": 3002298
     },
     "16949974327": {
      "maxRSS": 37168,
      "systemtime": 20123,
      "usertime": 3006338
     },
     "16949978475": {
      "maxRSS": 37168,
      "systemtime": 20123,
      "usertime": 3010363
     },
     "16949982636": {
      "maxRSS": 37296,
      "systemtime": 20123,
      "usertime": 3014384
     },
     "16949986833": {
      "maxRSS": 37424,
      "systemtime": 20123,
      "usertime": 3018412
     },
     "16949991051": {
      "maxRSS": 37424,
      "systemtime": 20123,
      "usertime": 3022468
     },
     "16949995152": {
      "maxRSS": 37552,
      "systemtime": 20123,
      "usertime": 3026489
     },
     "16949999369": {
      "maxRSS": 37552,
      "systemtime": 20123,
      "usertime": 3030521
     },
     "16950003490": {
      "maxRSS": 37680,
      "systemtime": 20123,
      "usertime": 3034550
     },
     "16950007603": {
      "maxRSS": 37680,
      "systemtime": 20123,
      "usertime": 3038592
     },
     "16950011754": {
      "maxRSS": 37808,
      "systemtime": 20123,
      "usertime": 3042629
     },
     "16950015897": {
      "maxRSS": 37808,
      "systemtime": 20123,
      "usertime": 3046675
     },
     "16950020029": {
      "maxRSS": 37936,
      "systemtime": 20123,
      "usertime": 3054698
     },
     "16950024117": {
      "maxRSS": 37936,
      "systemtime": 20123,
      "usertime": 3058717
     },
     "16950028214": {
      "maxRSS": 38064,
      "systemtime": 20123,
      "usertime": 3062761
     },
     "16950032304": {
      "maxRSS": 38064,
      "systemtime": 20123,
      "usertime": 3066783
     },
     "16950036407": {
      "maxRSS": 38064,
      "systemtime": 20123,
      "usertime": 3070811
     },
     "16950040528": {
      "maxRSS": 38192,
      "systemtime": 20123,
      "usertime": 3074842
     },
     "16950044642": {
      "maxRSS": 38192,
      "systemtime": 20123,
      "usertime": 3078883
     },
     "16950048781": {
      "maxRSS": 38320,
      "systemtime": 20123,
      "usertime": 3082933
     },
     "16950052889": {
      "maxRSS": 38320,
      "systemtime": 20123,
      "usertime": 3086957
     },
     "16950057026": {
      "maxRSS": 38448,
      "systemtime": 20123,
      "usertime": 3091004
     },
     "16950061162": {
      "maxRSS": 38448,
      "systemtime": 20123,
      "usertime": 3095057
     },
     "16950065300": {
      "maxRSS": 38576,
      "systemtime": 20124,
      "usertime": 3099132
     },
     "16950069447": {
      "maxRSS": 38576,
      "systemtime": 20124,
      "usertime": 3103189
     },
     "16950073613": {
      "maxRSS": 38704,
      "systemtime": 20124,
      "usertime": 3107259
     },
     "16950077964": {
      "maxRSS": 38832,
      "systemtime": 20125,
      "usertime": 3111326
     },
     "16950082119": {
      "maxRSS": 38832,
      "systemtime": 20125,
      "usertime": 3115381
     },
     "16950086255": {
      "maxRSS": 38960,
      "systemtime": 20125,
      "usertime": 3119435
     },
     "16950090411": {
      "maxRSS": 39088,
      "systemtime": 24150,
      "usertime": 3119455
     },
     "16950094654": {
      "maxRSS": 39216,
      "systemtime": 24151,
      "usertime": 3123544
     },
     "16950098810": {
      "maxRSS": 39216,
      "systemtime": 24152,
      "usertime": 3127748
     },
     "16950102967": {
      "maxRSS": 39344,
      "systemtime": 24152,
      "usertime": 3131659
     },
     "16950107110": {
      "maxRSS": 39472,
      "systemtime": 24152,
      "usertime": 3135712
     },
     "16950111415": {
      "maxRSS": 39600,
      "systemtime": 24153,
      "usertime": 3139999
     },
     "16950115570": {
      "maxRSS": 39600,
      "systemtime": 24153,
      "usertime": 3143827
     },
     "16950119789": {
      "maxRSS": 39728,
      "systemtime": 24153,
      "usertime": 3147904
     },
     "16950123944": {
      "maxRSS": 39856,
      "systemtime": 24153,
      "usertime": 3151960
     },
     "16950128105": {
      "maxRSS": 39984,
      "systemtime": 24153,
      "usertime": 3160014
     },
     "16950132472": {
      "maxRSS": 39984,
      "systemtime": 24153,
      "usertime": 3160067
     },
     "16950136602": {
      "maxRSS": 40112,
      "systemtime": 24153,
      "usertime": 3168115
     },
     "16950140730": {
      "maxRSS": 40240,
      "systemtime": 24153,
      "usertime": 3172155
     },
     "16950144934": {
      "maxRSS": 40368,
      "systemtime": 24153,
      "usertime": 3176198
     },
     "16950149090": {
      "maxRSS": 40368,
      "systemtime": 24154,
      "usertime": 3180280
     },
     "16950153234": {
      "maxRSS": 40496,
      "systemtime": 24154,
      "usertime": 3184323
     },
     "16950157362": {
      "maxRSS": 40624,
      "systemtime": 28179,
      "usertime": 3184329
     },
     "16950161620": {
      "maxRSS": 40752,
      "systemtime": 28180,
      "usertime": 3188384
     },
     "16950165765": {
      "maxRSS": 40752,
      "systemtime": 28180,
      "usertime": 3192428
     },
     "16950169927": {
      "maxRSS": 40880,
      "systemtime": 28180,
      "usertime": 3196478
     },
     "16950174075": {
      "maxRSS": 40880,
      "systemtime": 28180,
      "usertime": 3200540
     },
     "16950178322": {
      "maxRSS": 41008,
      "systemtime": 28182,
      "usertime": 3204721
     },
     "16950182471": {
      "maxRSS": 41008,
      "systemtime": 28182,
      "usertime": 3208659
     },
     "16950186729": {
      "maxRSS": 41008,
      "systemtime": 28182,
      "usertime": 3212703
     },
     "16950190856": {
      "maxRSS": 41136,
      "systemtime": 28182,
      "usertime": 3216744
     },
     "16950195133": {
      "maxRSS": 41136,
      "systemtime": 28182,
      "usertime": 3220805
     },
     "16950199303": {
      "maxRSS": 41136,
      "systemtime": 28183,
      "usertime": 3224954
     },
     "16950203504": {
      "maxRSS": 41264,
      "systemtime": 28183,
      "usertime": 3228930
     },
     "16950207660": {
      "maxRSS": 41264,
      "systemtime": 28183,
      "usertime": 3232965
     },
     "16950211886": {
      "maxRSS": 41392,
      "systemtime": 28183,
      "usertime": 3236983
     },
     "16950216031": {
      "maxRSS": 41392,
      "systemtime": 28183,
      "usertime": 3241035
     },
     "16950220157": {
      "maxRSS": 41392,
      "systemtime": 28183,
      "usertime": 3249102
     },
     "16950224299": {
      "maxRSS": 41392,
      "systemtime": 28183,
      "usertime": 3253177
     },
     "16950228434": {
      "maxRSS": 41520,
      "systemtime": 28183,
      "usertime": 3257221
     },
     "16950232577": {
      "maxRSS": 41520,
      "systemtime": 28183,
      "usertime": 3261270
     },
     "16950236711": {
      "maxRSS": 41648,
      "systemtime": 28183,
      "usertime": 3265315
     },
     "16950240847": {
      "maxRSS": 41776,
      "systemtime": 28184,
      "usertime": 3269459
     },
     "16950244975": {
      "maxRSS": 41776,
      "systemtime": 28184,
      "usertime": 3273395
     },
     "16950249210": {
      "maxRSS": 41904,
      "systemtime": 28184,
      "usertime": 3277449
     },
     "16950253355": {
      "maxRSS": 41904,
      "systemtime": 28184,
      "usertime": 3281497
     },
     "16950257634": {
      "maxRSS": 42032,
      "systemtime": 28184,
      "usertime": 3285545
     },
     "16950262001": {
      "maxRSS": 42160,
      "systemtime": 28184,
      "usertime": 3289576
     },
     "16950266276": {
      "maxRSS": 42288,
      "systemtime": 28184,
      "usertime": 3293609
     },
     "16950270451": {
      "maxRSS": 42416,
      "systemtime": 28184,
      "usertime": 3297628
     },
     "16950274649": {
      "maxRSS": 42544,
      "systemtime": 28184,
      "usertime": 3301650
     },
     "16950278966": {
      "maxRSS": 42672,
      "systemtime": 28184,
      "usertime": 3305688
     },
     "16950283153": {
      "maxRSS": 42672,
      "systemtime": 28184,
      "usertime": 3309708
     },
     "16950287402": {
      "maxRSS": 42800,
      "systemtime": 28184,
      "usertime": 3313750
     },
     "16950291638": {
      "maxRSS": 42928,
      "systemtime": 28185,
      "usertime": 3317834
     },
     "16950295790": {
      "maxRSS": 43056,
      "systemtime": 28185,
      "usertime": 3321866
     },
     "16950299927": {
      "maxRSS": 43056,
      "systemtime": 28185,
      "usertime": 3325917
     },
     "16950304206": {
      "maxRSS": 43056,
      "systemtime": 28186,
      "usertime": 3334006
     },
     "16950308307": {
      "maxRSS": 43184,
      "systemtime": 28186,
      "usertime": 3338030
     },
     "16950312408": {
      "maxRSS": 43184,
      "systemtime": 28186,
      "usertime": 3342067
     },
     "16950316511": {
      "maxRSS": 43312,
      "systemtime": 28186,
      "usertime": 3346095
     },
     "16950320692": {
      "maxRSS": 43312,
      "systemtime": 28186,
      "usertime": 3350185
     },
     "16950324775": {
      "maxRSS": 43312,
      "systemtime": 28186,
      "usertime": 3354208
     },
     "16950328920": {
      "maxRSS": 43440,
      "systemtime": 28186,
      "usertime": 3358249
     },
     "16950333044": {
      "maxRSS": 43568,
      "systemtime": 28186,
      "usertime": 3362273
     },
     "16950337170": {
      "maxRSS": 43568,
      "systemtime": 28186,
      "usertime": 3366297
     },
     "16950341299": {
      "maxRSS": 43696,
      "systemtime": 28186,
      "usertime": 3370335
     },
     "16950345464": {
      "maxRSS": 43824,
      "systemtime": 28186,
      "usertime": 3374377
     },
     "16950349644": {
      "maxRSS": 43952,
      "systemtime": 28187,
      "usertime": 3378417
     },
     "16950353824": {
      "maxRSS": 44080,
      "systemtime": 28187,
      "usertime": 3382454
     },
     "16950358082": {
      "maxRSS": 44080,
      "systemtime": 28187,
      "usertime": 3386527
     },
     "16950362291": {
      "maxRSS": 44208,
      "systemtime": 28187,
      "usertime": 3390560
     },
     "16950366417": {
      "maxRSS": 44336,
      "systemtime": 28187,
      "usertime": 3394593
     },
     "16950370555": {
      "maxRSS": 44464,
      "systemtime": 28187,
      "usertime": 3398621
     },
     "16950374718": {
      "maxRSS": 44464,
      "systemtime": 28187,
      "usertime": 3402671
     },
     "16950378948": {
      "maxRSS": 44592,
      "systemtime": 28187,
      "usertime": 3406717
     },
     "16950383132": {
      "maxRSS": 44720,
      "systemtime": 28213,
      "usertime": 3413841
     },
     "16950383572": {
      "maxRSS": 44720,
      "systemtime": 28216,
      "usertime": 3414248
     },
     "16950384688": {
      "maxRSS": 44976,
      "systemtime": 28216,
      "usertime": 3414763
     },
     "16950385772": {
      "maxRSS": 45360,
      "systemtime": 28216,
      "usertime": 3414782
     },
     "16950386875": {
      "maxRSS": 45616,
      "systemtime": 28216,
      "usertime": 3414793
     },
     "16950387940": {
      "maxRSS": 46000,
      "systemtime": 28216,
      "usertime": 3414801
     },
     "16950389058": {
      "maxRSS": 46256,
      "systemtime": 28216,
      "usertime": 3418823
     },
     "16950390158": {
      "maxRSS": 46640,
      "systemtime": 28216,
      "usertime": 3418831
     },
     "16950391255": {
      "maxRSS": 46896,
      "systemtime": 28216,
      "usertime": 3418838
     },
     "16950392325": {
      "maxRSS": 47152,
      "systemtime": 28216,
      "usertime": 3422849
     },
     "16950393476": {
      "maxRSS": 47536,
      "systemtime": 28216,
      "usertime": 3422891
     },
     "16950394570": {
      "maxRSS": 47920,
      "systemtime": 28216,
      "usertime": 3422911
     },
     "16950395768": {
      "maxRSS": 48304,
      "systemtime": 28216,
      "usertime": 3422944
     },
     "16950396971": {
      "maxRSS": 48560,
      "systemtime": 32216,
      "usertime": 3422987
     },
     "16950398143": {
      "maxRSS": 48944,
      "systemtime": 32216,
      "usertime": 3423004
     },
     "16950399334": {
      "maxRSS": 49200,
      "systemtime": 32216,
      "usertime": 3423022
     },
     "16950400467": {
      "maxRSS": 49584,
      "systemtime": 36211,
      "usertime": 3423022
     },
     "16950401569": {
      "maxRSS": 49840,
      "systemtime": 36228,
      "usertime": 3423022
     },
     "16950402664": {
      "maxRSS": 50096,
      "systemtime": 36243,
      "usertime": 3423027
     },
     "16950403776": {
      "maxRSS": 50352,
      "systemtime": 36244,
      "usertime": 3423065
     },
     "16950404862": {
      "maxRSS": 50608,
      "systemtime": 36244,
      "usertime": 3427093
     },
     "16950405959": {
      "maxRSS": 50864,
      "systemtime": 36244,
      "usertime": 3427112
     },
     "16950407105": {
      "maxRSS": 51120,
      "systemtime": 36244,
      "usertime": 3427129
     },
     "16950408188": {
      "maxRSS": 51504,
      "systemtime": 36244,
      "usertime": 3431145
     },
     "16950409295": {
      "maxRSS": 51760,
      "systemtime": 36244,
      "usertime": 3431157
     },
     "16950410435": {
      "maxRSS": 52016,
      "systemtime": 36245,
      "usertime": 3431203
     },
     "16950411598": {
      "maxRSS": 52272,
      "systemtime": 36245,
      "usertime": 3431242
     },
     "16950412715": {
      "maxRSS": 52528,
      "systemtime": 36245,
      "usertime": 3435267
     },
     "16950413822": {
      "maxRSS": 52912,
      "systemtime": 36245,
      "usertime": 3435279
     },
     "16950414931": {
      "maxRSS": 53168,
      "systemtime": 36245,
      "usertime": 3435293
     },
     "16950416049": {
      "maxRSS": 53552,
      "systemtime": 40273,
      "usertime": 3435321
     },
     "16950417212": {
      "maxRSS": 53808,
      "systemtime": 40273,
      "usertime": 3435364
     },
     "16950418334": {
      "maxRSS": 54192,
      "systemtime": 40274,
      "usertime": 3435382
     },
     "16950419454": {
      "maxRSS": 54448,
      "systemtime": 40274,
      "usertime": 3435402
     },
     "16950420570": {
      "maxRSS": 54704,
      "systemtime": 40274,
      "usertime": 3439402
     },
     "16950421679": {
      "maxRSS": 55088,
      "systemtime": 40274,
      "usertime": 3439416
     },
     "16950422783": {
      "maxRSS": 55344,
      "systemtime": 40274,
      "usertime": 3439425
     },
     "16950423899": {
      "maxRSS": 55600,
      "systemtime": 40274,
      "usertime": 3439448
     },
     "16950425008": {
      "maxRSS": 55984,
      "systemtime": 40274,
      "usertime": 3443457
     },
     "16950426092": {
      "maxRSS": 56240,
      "systemtime": 40274,
      "usertime": 3443473
     },
     "16950427197": {
      "maxRSS": 56368,
      "systemtime": 40274,
      "usertime": 3443500
     },
     "16950428301": {
      "maxRSS": 56624,
      "systemtime": 40275,
      "usertime": 3447543
     },
     "16950429395": {
      "maxRSS": 57008,
      "systemtime": 40275,
      "usertime": 3447570
     },
     "16950430500": {
      "maxRSS": 57264,
      "systemtime": 40275,
      "usertime": 3447593
     },
     "16950431647": {
      "maxRSS": 57520,
      "systemtime": 40276,
      "usertime": 3447632
     },
     "16950432774": {
      "maxRSS": 57904,
      "systemtime": 40276,
      "usertime": 3451656
     },
     "16950433880": {
      "maxRSS": 58160,
      "systemtime": 40276,
      "usertime": 3451670
     },
     "16950435011": {
      "maxRSS": 58544,
      "systemtime": 40276,
      "usertime": 3451697
     },
     "16950436041": {
      "maxRSS": 58800,
      "systemtime": 40276,
      "usertime": 3455727
     },
     "16950437169": {
      "maxRSS": 59056,
      "systemtime": 40276,
      "usertime": 3455747
     },
     "16950438269": {
      "maxRSS": 59440,
      "systemtime": 40277,
      "usertime": 3455777
     },
     "16950439364": {
      "maxRSS": 59696,
      "systemtime": 40277,
      "usertime": 3455790
     },
     "16950440447": {
      "maxRSS": 59952,
      "systemtime": 40277,
      "usertime": 3459806
     },
     "16950441541": {
      "maxRSS": 60336,
      "systemtime": 40277,
      "usertime": 3459824
     },
     "16950442660": {
      "maxRSS": 60592,
      "systemtime": 40277,
      "usertime": 3459841
     },
     "16950443751": {
      "maxRSS": 60848,
      "systemtime": 40277,
      "usertime": 3459859
     },
     "16950444937": {
      "maxRSS": 61232,
      "systemtime": 44305,
      "usertime": 3459884
     },
     "16950446065": {
      "maxRSS": 61488,
      "systemtime": 44306,
      "usertime": 3459905
     },
     "16950447171": {
      "maxRSS": 61872,
      "systemtime": 44306,
      "usertime": 3459921
     },
     "16950448493": {
      "maxRSS": 62256,
      "systemtime": 44306,
      "usertime": 3463934
     },
     "16950449599": {
      "maxRSS": 62512,
      "systemtime": 44306,
      "usertime": 3463952
     },
     "16950450678": {
      "maxRSS": 62896,
      "systemtime": 44306,
      "usertime": 3463965
     },
     "16950451768": {
      "maxRSS": 63152,
      "systemtime": 44306,
      "usertime": 3463994
     },
     "16950452849": {
      "maxRSS": 63536,
      "systemtime": 44306,
      "usertime": 3468012
     },
     "16950453974": {
      "maxRSS": 63792,
      "systemtime": 44307,
      "usertime": 3468047
     },
     "16950455054": {
      "maxRSS": 64048,
      "systemtime": 44307,
      "usertime": 3468067
     },
     "16950456121": {
      "maxRSS": 64432,
      "systemtime": 44307,
      "usertime": 3472078
     },
     "16950457208": {
      "maxRSS": 64560,
      "systemtime": 44307,
      "usertime": 3472096
     },
     "16950458326": {
      "maxRSS": 64816,
      "systemtime": 44307,
      "usertime": 3472112
     },
     "16950459476": {
      "maxRSS": 65072,
      "systemtime": 44308,
      "usertime": 3472152
     },
     "16950460560": {
      "maxRSS": 65200,
      "systemtime": 44308,
      "usertime": 3476182
     },
     "16950461293": {
      "maxRSS": 65200,
      "systemtime": 44324,
      "usertime": 3477436
     },
     "16950462436": {
      "maxRSS": 65200,
      "systemtime": 44324,
      "usertime": 3477466
     },
     "16950463562": {
      "maxRSS": 65200,
      "systemtime": 44324,
      "usertime": 3477491
     },
     "16950464678": {
      "maxRSS": 65200,
      "systemtime": 44324,
      "usertime": 3480267
     },
     "16950465801": {
      "maxRSS": 65200,
      "systemtime": 44324,
      "usertime": 3480299
     },
     "16950466928": {
      "maxRSS": 65200,
      "systemtime": 44324,
      "usertime": 3480317
     },
     "16950468071": {
      "maxRSS": 65200,
      "systemtime": 44324,
      "usertime": 3484322
     },
     "16950469170": {
      "maxRSS": 65200,
      "systemtime": 44324,
      "usertime": 3484331
     },
     "16950470267": {
      "maxRSS": 65200,
      "systemtime": 44324,
      "usertime": 3484338
     },
     "16950471363": {
      "maxRSS": 65200,
      "systemtime": 44324,
      "usertime": 3484345
     },
     "16950472479": {
      "maxRSS": 65328,
      "systemtime": 44324,
      "usertime": 3488368
     },
     "16950473553": {
      "maxRSS": 65328,
      "systemtime": 44324,
      "usertime": 3488382
     },
     "16950474657": {
      "maxRSS": 65328,
      "systemtime": 44324,
      "usertime": 3488395
     },
     "16950475766": {
      "maxRSS": 65328,
      "systemtime": 44324,
      "usertime": 3488412
     },
     "16950476874": {
      "maxRSS": 65328,
      "systemtime": 44324,
      "usertime": 3492426
     },
     "16950477971": {
      "maxRSS": 65328,
      "systemtime": 44324,
      "usertime": 3492433
     },
     "16950479087": {
      "maxRSS": 65328,
      "systemtime": 44324,
      "usertime": 3492457
     },
     "16950480152": {
      "maxRSS": 65328,
      "systemtime": 44324,
      "usertime": 3496465
     },
     "16950481248": {
      "maxRSS": 65328,
      "systemtime": 44324,
      "usertime": 3496472
     },
     "16950482346": {
      "maxRSS": 65328,
      "systemtime": 44324,
      "usertime": 3496479
     },
     "16950483443": {
      "maxRSS": 65328,
      "systemtime": 44324,
      "usertime": 3496486
     },
     "16950484542": {
      "maxRSS": 65328,
      "systemtime": 44324,
      "usertime": 3500492
     },
     "16950485642": {
      "maxRSS": 65328,
      "systemtime": 44324,
      "usertime": 3500512
     },
     "16950486861": {
      "maxRSS": 65328,
      "systemtime": 44324,
      "usertime": 3500540
     },
     "16950488062": {
      "maxRSS": 65328,
      "systemtime": 44324,
      "usertime": 3504558
     },
     "16950489234": {
      "maxRSS": 65328,
      "systemtime": 44324,
      "usertime": 3504575
     },
     "16950490406": {
      "maxRSS": 65328,
      "systemtime": 44324,
      "usertime": 3504592
     },
     "16950491581": {
      "maxRSS": 65328,
      "systemtime": 44324,
      "usertime": 3504608
     },
     "16950492752": {
      "maxRSS": 65328,
      "systemtime": 44324,
      "usertime": 3508622
     },
     "16950493936": {
      "maxRSS": 65328,
      "systemtime": 44324,
      "usertime": 3508651
     },
     "16950495104": {
      "maxRSS": 65328,
      "systemtime": 44324,
      "usertime": 3508667
     },
     "16950496181": {
      "maxRSS": 65328,
      "systemtime": 44324,
      "usertime": 3512684
     },
     "16950497341": {
      "maxRSS": 65328,
      "systemtime": 44324,
      "usertime": 3512700
     },
     "16950498509": {
      "maxRSS": 65328,
      "systemtime": 44324,
      "usertime": 3512717
     },
     "16950499679": {
      "maxRSS": 65328,
      "systemtime": 44324,
      "usertime": 3512734
     },
     "16950500855": {
      "maxRSS": 65328,
      "systemtime": 44324,
      "usertime": 3516760
     },
     "16950501993": {
      "maxRSS": 65328,
      "systemtime": 44324,
      "usertime": 3516776
     },
     "16950503091": {
      "maxRSS": 65328,
      "systemtime": 44324,
      "usertime": 3516794
     },
     "16950504142": {
      "maxRSS": 65328,
      "systemtime": 44324,
      "usertime": 3520810
     },
     "16950505305": {
      "maxRSS": 65328,
      "systemtime": 44324,
      "usertime": 3520827
     },
     "16950506484": {
      "maxRSS": 65328,
      "systemtime": 44324,
      "usertime": 3520844
     },
     "16950507661": {
      "maxRSS": 65328,
      "systemtime": 44324,
      "usertime": 3520873
     },
     "16950508833": {
      "maxRSS": 65328,
      "systemtime": 44324,
      "usertime": 3524889
     },
     "16950509998": {
      "maxRSS": 65328,
      "systemtime": 44324,
      "usertime": 3524906
     },
     "16950511160": {
      "maxRSS": 65328,
      "systemtime": 44324,
      "usertime": 3524923
     },
     "16950512241": {
      "maxRSS": 65328,
      "systemtime": 44324,
      "usertime": 3528939
     },
     "16950513418": {
      "maxRSS": 65328,
      "systemtime": 44324,
      "usertime": 3528955
     },
     "16950514597": {
      "maxRSS": 65328,
      "systemtime": 44324,
      "usertime": 3528982
     },
     "16950515769": {
      "maxRSS": 65328,
      "systemtime": 44324,
      "usertime": 3528998
     },
     "16950516934": {
      "maxRSS": 65328,
      "systemtime": 44324,
      "usertime": 3533016
     },
     "16950518022": {
      "maxRSS": 65328,
      "systemtime": 44324,
      "usertime": 3533033
     },
     "16950519138": {
      "maxRSS": 65328,
      "systemtime": 44324,
      "usertime": 3533064
     },
     "16950520230": {
      "maxRSS": 65328,
      "systemtime": 44324,
      "usertime": 3537083
     },
     "16950521335": {
      "maxRSS": 65328,
      "systemtime": 44324,
      "usertime": 3537096
     },
     "16950522456": {
      "maxRSS": 65328,
      "systemtime": 44324,
      "usertime": 3537126
     },
     "16950523563": {
      "maxRSS": 65328,
      "systemtime": 44324,
      "usertime": 3537143
     },
     "16950524677": {
      "maxRSS": 65328,
      "systemtime": 44324,
      "usertime": 3541165
     },
     "16950525777": {
      "maxRSS": 65328,
      "systemtime": 44324,
      "usertime": 3541174
     },
     "16950526878": {
      "maxRSS": 65328,
      "systemtime": 44324,
      "usertime": 3541184
     },
     "16950528165": {
      "maxRSS": 65328,
      "systemtime": 44324,
      "usertime": 3545195
     },
     "16950529346": {
      "maxRSS": 65328,
      "systemtime": 44324,
      "usertime": 3545223
     },
     "16950530513": {
      "maxRSS": 65328,
      "systemtime": 44324,
      "usertime": 3545241
     },
     "16950531682": {
      "maxRSS": 65328,
      "systemtime": 44324,
      "usertime": 3545258
     },
     "16950532816": {
      "maxRSS": 65328,
      "systemtime": 44324,
      "usertime": 3549275
     },
     "16950533924": {
      "maxRSS": 65328,
      "systemtime": 44324,
      "usertime": 3549299
     },
     "16950535169": {
      "maxRSS": 65328,
      "systemtime": 44324,
      "usertime": 3549339
     },
     "16950536268": {
      "maxRSS": 65328,
      "systemtime": 44324,
      "usertime": 3553384
     },
     "16950537433": {
      "maxRSS": 65328,
      "systemtime": 44324,
      "usertime": 3553401
     },
     "16950538605": {
      "maxRSS": 65328,
      "systemtime": 44324,
      "usertime": 3553419
     },
     "16950539778": {
      "maxRSS": 65328,
      "systemtime": 44324,
      "usertime": 3553437
     },
     "16950540863": {
      "maxRSS": 65328,
      "systemtime": 44324,
      "usertime": 3557510
     },
     "16950542088": {
      "maxRSS": 65328,
      "systemtime": 44324,
      "usertime": 3557538
     },
     "16950543185": {
      "maxRSS": 65328,
      "systemtime": 44324,
      "usertime": 3557570
     },
     "16950544261": {
      "maxRSS": 65328,
      "systemtime": 44324,
      "usertime": 3561521
     },
     "16950545384": {
      "maxRSS": 65328,
      "systemtime": 44324,
      "usertime": 3561540
     },
     "16950546564": {
      "maxRSS": 65328,
      "systemtime": 44324,
      "usertime": 3561557
     },
     "16950547742": {
      "maxRSS": 65328,
      "systemtime": 44324,
      "usertime": 3561575
     },
     "16950548866": {
      "maxRSS": 65328,
      "systemtime": 44324,
      "usertime": 3565591
     },
     "16950549952": {
      "maxRSS": 65328,
      "systemtime": 44324,
      "usertime": 3565611
     },
     "16950551032": {
      "maxRSS": 65328,
      "systemtime": 44324,
      "usertime": 3565634
     },
     "16950552096": {
      "maxRSS": 65328,
      "systemtime": 44324,
      "usertime": 3569641
     },
     "16950553190": {
      "maxRSS": 65328,
      "systemtime": 44324,
      "usertime": 3569649
     },
     "16950554284": {
      "maxRSS": 65328,
      "systemtime": 44324,
      "usertime": 3569656
     },
     "16950555377": {
      "maxRSS": 65328,
      "systemtime": 44324,
      "usertime": 3569662
     },
     "16950556472": {
      "maxRSS": 65328,
      "systemtime": 44324,
      "usertime": 3573669
     },
     "16950557586": {
      "maxRSS": 65328,
      "systemtime": 44324,
      "usertime": 3573681
     },
     "16950558690": {
      "maxRSS": 65328,
      "systemtime": 44324,
      "usertime": 3573691
     },
     "16950559794": {
      "maxRSS": 65328,
      "systemtime": 44324,
      "usertime": 3573700
     },
     "16950560858": {
      "maxRSS": 65328,
      "systemtime": 44324,
      "usertime": 3577707
     },
     "16950561952": {
      "maxRSS": 65328,
      "systemtime": 44324,
      "usertime": 3577715
     },
     "16950563049": {
      "maxRSS": 65328,
      "systemtime": 44324,
      "usertime": 3577722
     },
     "16950564118": {
      "maxRSS": 65328,
      "systemtime": 44324,
      "usertime": 3581735
     },
     "16950565239": {
      "maxRSS": 65328,
      "systemtime": 44324,
      "usertime": 3581751
     },
     "16950566436": {
      "maxRSS": 65328,
      "systemtime": 44324,
      "usertime": 3581773
     },
     "16950567620": {
      "maxRSS": 65328,
      "systemtime": 44324,
      "usertime": 3581787
     },
     "16950568687": {
      "maxRSS": 65328,
      "systemtime": 44324,
      "usertime": 3585798
     },
     "16950569781": {
      "maxRSS": 65328,
      "systemtime": 44324,
      "usertime": 3585806
     },
     "16950570888": {
      "maxRSS": 65328,
      "systemtime": 44324,
      "usertime": 3585826
     },
     "16950572073": {
      "maxRSS": 65328,
      "systemtime": 44324,
      "usertime": 3589836
     },
     "16950573242": {
      "maxRSS": 65328,
      "systemtime": 44324,
      "usertime": 3589854
     },
     "16950574360": {
      "maxRSS": 65328,
      "systemtime": 44324,
      "usertime": 3589906
     },
     "16950575544": {
      "maxRSS": 65328,
      "systemtime": 44324,
      "usertime": 3589924
     },
     "16950576635": {
      "maxRSS": 65328,
      "systemtime": 44324,
      "usertime": 3593952
     },
     "16950577735": {
      "maxRSS": 65328,
      "systemtime": 44324,
      "usertime": 3593970
     },
     "16950579018": {
      "maxRSS": 65328,
      "systemtime": 44324,
      "usertime": 3594010
     },
     "16950580113": {
      "maxRSS": 65328,
      "systemtime": 44324,
      "usertime": 3598072
     },
     "16950581280": {
      "maxRSS": 65328,
      "systemtime": 44324,
      "usertime": 3598089
     },
     "16950582503": {
      "maxRSS": 65328,
      "systemtime": 44324,
      "usertime": 3598107
     },
     "16950583685": {
      "maxRSS": 65328,
      "systemtime": 44324,
      "usertime": 3598125
     },
     "16950584962": {
      "maxRSS": 65328,
      "systemtime": 44324,
      "usertime": 3602092
     },
     "16950586141": {
      "maxRSS": 65328,
      "systemtime": 44324,
      "usertime": 3602119
     },
     "16950587309": {
      "maxRSS": 65328,
      "systemtime": 44324,
      "usertime": 3602184
     },
     "16950588462": {
      "maxRSS": 65328,
      "systemtime": 44324,
      "usertime": 3606201
     },
     "16950589631": {
      "maxRSS": 65328,
      "systemtime": 44324,
      "usertime": 3606218
     },
     "16950590813": {
      "maxRSS": 65328,
      "systemtime": 44324,
      "usertime": 3606236
     },
     "16950591982": {
      "maxRSS": 65328,
      "systemtime": 44324,
      "usertime": 3606255
     },
     "16950593103": {
      "maxRSS": 65328,
      "systemtime": 48299,
      "usertime": 3606344
     },
     "16950594271": {
      "maxRSS": 65328,
      "systemtime": 48299,
      "usertime": 3606361
     },
     "16950595446": {
      "maxRSS": 65328,
      "systemtime": 48299,
      "usertime": 3606378
     },
     "16950596619": {
      "maxRSS": 65328,
      "systemtime": 48299,
      "usertime": 3610389
     },
     "16950597795": {
      "maxRSS": 65328,
      "systemtime": 48299,
      "usertime": 3610407
     },
     "16950598964": {
      "maxRSS": 65328,
      "systemtime": 48299,
      "usertime": 3610424
     },
     "16950600198": {
      "maxRSS": 65328,
      "systemtime": 48300,
      "usertime": 3614472
     },
     "16950601452": {
      "maxRSS": 65328,
      "systemtime": 48300,
      "usertime": 3614489
     },
     "16950602542": {
      "maxRSS": 65328,
      "systemtime": 48300,
      "usertime": 3614512
     },
     "16950603665": {
      "maxRSS": 65328,
      "systemtime": 48301,
      "usertime": 3614545
     },
     "16950604739": {
      "maxRSS": 65328,
      "systemtime": 48301,
      "usertime": 3618561
     },
     "16950605924": {
      "maxRSS": 65328,
      "systemtime": 48301,
      "usertime": 3618578
     },
     "16950608078": {
      "maxRSS": 65328,
      "systemtime": 48301,
      "usertime": 3622624
     },
     "16950610348": {
      "maxRSS": 65328,
      "systemtime": 48302,
      "usertime": 3622673
     },
     "16950612599": {
      "maxRSS": 65328,
      "systemtime": 48302,
      "usertime": 3626747
     },
     "16950614853": {
      "maxRSS": 65328,
      "systemtime": 48303,
      "usertime": 3626763
     },
     "16950617029": {
      "maxRSS": 65328,
      "systemtime": 48303,
      "usertime": 3630723
     },
     "16950619282": {
      "maxRSS": 65328,
      "systemtime": 48303,
      "usertime": 3630740
     },
     "16950621453": {
      "maxRSS": 65328,
      "systemtime": 48303,
      "usertime": 3634762
     },
     "16950623631": {
      "maxRSS": 65328,
      "systemtime": 48303,
      "usertime": 3634795
     },
     "16950625799": {
      "maxRSS": 65328,
      "systemtime": 48303,
      "usertime": 3638813
     },
     "16950627976": {
      "maxRSS": 65456,
      "systemtime": 48303,
      "usertime": 3638829
     },
     "16950630154": {
      "maxRSS": 65584,
      "systemtime": 48303,
      "usertime": 3642846
     },
     "16950632230": {
      "maxRSS": 65712,
      "systemtime": 48303,
      "usertime": 3646861
     },
     "16950634402": {
      "maxRSS": 65840,
      "systemtime": 48303,
      "usertime": 3646878
     },
     "16950636594": {
      "maxRSS": 65968,
      "systemtime": 48303,
      "usertime": 3650906
     },
     "16950638769": {
      "maxRSS": 66096,
      "systemtime": 48303,
      "usertime": 3650923
     },
     "16950640865": {
      "maxRSS": 66224,
      "systemtime": 48303,
      "usertime": 3654944
     },
     "16950643137": {
      "maxRSS": 66352,
      "systemtime": 48303,
      "usertime": 3654961
     },
     "16950645235": {
      "maxRSS": 66480,
      "systemtime": 48303,
      "usertime": 3658979
     },
     "16950647318": {
      "maxRSS": 66608,
      "systemtime": 48303,
      "usertime": 3658995
     },
     "16950649465": {
      "maxRSS": 66736,
      "systemtime": 48303,
      "usertime": 3663028
     },
     "16950651640": {
      "maxRSS": 66864,
      "systemtime": 48303,
      "usertime": 3663046
     },
     "16950653750": {
      "maxRSS": 66992,
      "systemtime": 48303,
      "usertime": 3667064
     },
     "16950655821": {
      "maxRSS": 67120,
      "systemtime": 48303,
      "usertime": 3667077
     },
     "16950657997": {
      "maxRSS": 67248,
      "systemtime": 48303,
      "usertime": 3671095
     },
     "16950660114": {
      "maxRSS": 67376,
      "systemtime": 48303,
      "usertime": 3675115
     },
     "16950662282": {
      "maxRSS": 67504,
      "systemtime": 48304,
      "usertime": 3675133
     },
     "16950664448": {
      "maxRSS": 67632,
      "systemtime": 48304,
      "usertime": 3679183
     },
     "16950666620": {
      "maxRSS": 67760,
      "systemtime": 48304,
      "usertime": 3679199
     },
     "16950668799": {
      "maxRSS": 67888,
      "systemtime": 48304,
      "usertime": 3683216
     },
     "16950670970": {
      "maxRSS": 68016,
      "systemtime": 48304,
      "usertime": 3683232
     },
     "16950673109": {
      "maxRSS": 68144,
      "systemtime": 48304,
      "usertime": 3687252
     },
     "16950675398": {
      "maxRSS": 68272,
      "systemtime": 48304,
      "usertime": 3687271
     },
     "16950677616": {
      "maxRSS": 68400,
      "systemtime": 48305,
      "usertime": 3691364
     },
     "16950679785": {
      "maxRSS": 68528,
      "systemtime": 48305,
      "usertime": 3691380
     },
     "16950681955": {
      "maxRSS": 68656,
      "systemtime": 48305,
      "usertime": 3695338
     },
     "16950684115": {
      "maxRSS": 68784,
      "systemtime": 48305,
      "usertime": 3699352
     },
     "16950686284": {
      "maxRSS": 68912,
      "systemtime": 48305,
      "usertime": 3699368
     },
     "16950688443": {
      "maxRSS": 69168,
      "systemtime": 48305,
      "usertime": 3703388
     },
     "16950690643": {
      "maxRSS": 69168,
      "systemtime": 48305,
      "usertime": 3703416
     },
     "16950692840": {
      "maxRSS": 69424,
      "systemtime": 48305,
      "usertime": 3707437
     },
     "16950695008": {
      "maxRSS": 69552,
      "systemtime": 48305,
      "usertime": 3707453
     },
     "16950697182": {
      "maxRSS": 69680,
      "systemtime": 48305,
      "usertime": 3711469
     },
     "16950699347": {
      "maxRSS": 69808,
      "systemtime": 48305,
      "usertime": 3711485
     },
     "16950701522": {
      "maxRSS": 69936,
      "systemtime": 48305,
      "usertime": 3715502
     },
     "16950703709": {
      "maxRSS": 70064,
      "systemtime": 48305,
      "usertime": 3715529
     },
     "16950705891": {
      "maxRSS": 70192,
      "systemtime": 48305,
      "usertime": 3719548
     },
     "16950708148": {
      "maxRSS": 70320,
      "systemtime": 48306,
      "usertime": 3723625
     },
     "16950710322": {
      "maxRSS": 70448,
      "systemtime": 48306,
      "usertime": 3723642
     },
     "16950712474": {
      "maxRSS": 70576,
      "systemtime": 48306,
      "usertime": 3727599
     },
     "16950714647": {
      "maxRSS": 70704,
      "systemtime": 48306,
      "usertime": 3727616
     },
     "16950716822": {
      "maxRSS": 70832,
      "systemtime": 48306,
      "usertime": 3731633
     },
     "16950719005": {
      "maxRSS": 70960,
      "systemtime": 48306,
      "usertime": 3731663
     },
     "16950721271": {
      "maxRSS": 71088,
      "systemtime": 48307,
      "usertime": 3735772
     },
     "16950723442": {
      "maxRSS": 71216,
      "systemtime": 48307,
      "usertime": 3735790
     },
     "16950725622": {
      "maxRSS": 71344,
      "systemtime": 48307,
      "usertime": 3739715
     },
     "16950727818": {
      "maxRSS": 71472,
      "systemtime": 48307,
      "usertime": 3739732
     },
     "16950729988": {
      "maxRSS": 71600,
      "systemtime": 48307,
      "usertime": 3743749
     },
     "16950732110": {
      "maxRSS": 71728,
      "systemtime": 48307,
      "usertime": 3747774
     },
     "16950734276": {
      "maxRSS": 71984,
      "systemtime": 48307,
      "usertime": 3747791
     },
     "16950736360": {
      "maxRSS": 71984,
      "systemtime": 48307,
      "usertime": 3751813
     },
     "16950738536": {
      "maxRSS": 72112,
      "systemtime": 48307,
      "usertime": 3751836
     },
     "16950740716": {
      "maxRSS": 72240,
      "systemtime": 48307,
      "usertime": 3755917
     },
     "16950742896": {
      "maxRSS": 72496,
      "systemtime": 48307,
      "usertime": 3755934
     },
     "16950745099": {
      "maxRSS": 72496,
      "systemtime": 48307,
      "usertime": 3759906
     },
     "16950747356": {
      "maxRSS": 72624,
      "systemtime": 48307,
      "usertime": 3759927
     },
     "16950749469": {
      "maxRSS": 72752,
      "systemtime": 48307,
      "usertime": 3763946
     },
     "16950751732": {
      "maxRSS": 73008,
      "systemtime": 48307,
      "usertime": 3763967
     },
     "16950754045": {
      "maxRSS": 73136,
      "systemtime": 48307,
      "usertime": 3767990
     },
     "16950756161": {
      "maxRSS": 73264,
      "systemtime": 48307,
      "usertime": 3772042
     },
     "16950758406": {
      "maxRSS": 73392,
      "systemtime": 48308,
      "usertime": 3772119
     },
     "16950760536": {
      "maxRSS": 73392,
      "systemtime": 52335,
      "usertime": 3772174
     },
     "16950762671": {
      "maxRSS": 73520,
      "systemtime": 52335,
      "usertime": 3772216
     },
     "16950764791": {
      "maxRSS": 73520,
      "systemtime": 52335,
      "usertime": 3776222
     },
     "16950766922": {
      "maxRSS": 73648,
      "systemtime": 52336,
      "usertime": 3776258
     },
     "16950769044": {
      "maxRSS": 73648,
      "systemtime": 52336,
      "usertime": 3780308
     },
     "16950771222": {
      "maxRSS": 73776,
      "systemtime": 52337,
      "usertime": 3780369
     },
     "16950773441": {
      "maxRSS": 73776,
      "systemtime": 52340,
      "usertime": 3784594
     },
     "16950775666": {
      "maxRSS": 74032,
      "systemtime": 52340,
      "usertime": 3784642
     },
     "16950777878": {
      "maxRSS": 74160,
      "systemtime": 52340,
      "usertime": 3788578
     },
     "16950780087": {
      "maxRSS": 74160,
      "systemtime": 56343,
      "usertime": 3788578
     },
     "16950782340": {
      "maxRSS": 74288,
      "systemtime": 56366,
      "usertime": 3788605
     },
     "16950784471": {
      "maxRSS": 74416,
      "systemtime": 60399,
      "usertime": 3789075
     },
     "16950786637": {
      "maxRSS": 74544,
      "systemtime": 60400,
      "usertime": 3789147
     },
     "16950788923": {
      "maxRSS": 74672,
      "systemtime": 60400,
      "usertime": 3792739
     },
     "16950791057": {
      "maxRSS": 74672,
      "systemtime": 60400,
      "usertime": 3792786
     },
     "16950793271": {
      "maxRSS": 74800,
      "systemtime": 60400,
      "usertime": 3796886
     },
     "16950795504": {
      "maxRSS": 74928,
      "systemtime": 60400,
      "usertime": 3796937
     },
     "16950797711": {
      "maxRSS": 75056,
      "systemtime": 60400,
      "usertime": 3800927
     },
     "16950799938": {
      "maxRSS": 75184,
      "systemtime": 60400,
      "usertime": 3800984
     },
     "16950802076": {
      "maxRSS": 75312,
      "systemtime": 60400,
      "usertime": 3805020
     },
     "16950804204": {
      "maxRSS": 75440,
      "systemtime": 60400,
      "usertime": 3809078
     },
     "16950806402": {
      "maxRSS": 75568,
      "systemtime": 60400,
      "usertime": 3809117
     },
     "16950808605": {
      "maxRSS": 75696,
      "systemtime": 64423,
      "usertime": 3809117
     },
     "16950810777": {
      "maxRSS": 75824,
      "systemtime": 64425,
      "usertime": 3809161
     },
     "16950812953": {
      "maxRSS": 75952,
      "systemtime": 64426,
      "usertime": 3813221
     },
     "16950815139": {
      "maxRSS": 76208,
      "systemtime": 64426,
      "usertime": 3813269
     },
     "16950817446": {
      "maxRSS": 76336,
      "systemtime": 64427,
      "usertime": 3817323
     },
     "16950819731": {
      "maxRSS": 76464,
      "systemtime": 64427,
      "usertime": 3817358
     },
     "16950821909": {
      "maxRSS": 76592,
      "systemtime": 64428,
      "usertime": 3821401
     },
     "16950824212": {
      "maxRSS": 76720,
      "systemtime": 64428,
      "usertime": 3825431
     },
     "16950826387": {
      "maxRSS": 76976,
      "systemtime": 64428,
      "usertime": 3825452
     },
     "16950828522": {
      "maxRSS": 77104,
      "systemtime": 64428,
      "usertime": 3829477
     },
     "16950830625": {
      "maxRSS": 77232,
      "systemtime": 64428,
      "usertime": 3829488
     },
     "16950832738": {
      "maxRSS": 77360,
      "systemtime": 64428,
      "usertime": 3833501
     },
     "16950834847": {
      "maxRSS": 77488,
      "systemtime": 64428,
      "usertime": 3833518
     },
     "16950837034": {
      "maxRSS": 77744,
      "systemtime": 64428,
      "usertime": 3837537
     },
     "16950839153": {
      "maxRSS": 77872,
      "systemtime": 64429,
      "usertime": 3837565
     },
     "16950841344": {
      "maxRSS": 78000,
      "systemtime": 64429,
      "usertime": 3841620
     },
     "16950843568": {
      "maxRSS": 78128,
      "systemtime": 64430,
      "usertime": 3841647
     },
     "16950845685": {
      "maxRSS": 78256,
      "systemtime": 64430,
      "usertime": 3845678
     },
     "16950847815": {
      "maxRSS": 78384,
      "systemtime": 64430,
      "usertime": 3845717
     },
     "16950850056": {
      "maxRSS": 78512,
      "systemtime": 64431,
      "usertime": 3849767
     },
     "16950852190": {
      "maxRSS": 78640,
      "systemtime": 64431,
      "usertime": 3853827
     },
     "16950854412": {
      "maxRSS": 78768,
      "systemtime": 64433,
      "usertime": 3853955
     },
     "16950856537": {
      "maxRSS": 78768,
      "systemtime": 64434,
      "usertime": 3857997
     },
     "16950858848": {
      "maxRSS": 78896,
      "systemtime": 64434,
      "usertime": 3858035
     },
     "16950860979": {
      "maxRSS": 78896,
      "systemtime": 64435,
      "usertime": 3858073
     },
     "16950863131": {
      "maxRSS": 79024,
      "systemtime": 64461,
      "usertime": 3863663
     },
     "16950865303": {
      "maxRSS": 79152,
      "systemtime": 64461,
      "usertime": 3866175
     },
     "16950867458": {
      "maxRSS": 79280,
      "systemtime": 64461,
      "usertime": 3866242
     },
     "16950869574": {
      "maxRSS": 79408,
      "systemtime": 64461,
      "usertime": 3870262
     },
     "16950871753": {
      "maxRSS": 79408,
      "systemtime": 64461,
      "usertime": 3870305
     },
     "16950873992": {
      "maxRSS": 79536,
      "systemtime": 64461,
      "usertime": 3874324
     },
     "16950876171": {
      "maxRSS": 79664,
      "systemtime": 64461,
      "usertime": 3878354
     },
     "16950878282": {
      "maxRSS": 79664,
      "systemtime": 64461,
      "usertime": 3878380
     },
     "16950880414": {
      "maxRSS": 79792,
      "systemtime": 64461,
      "usertime": 3882422
     },
     "16950882571": {
      "maxRSS": 79920,
      "systemtime": 64461,
      "usertime": 3882484
     },
     "16950884776": {
      "maxRSS": 80048,
      "systemtime": 64461,
      "usertime": 3886512
     },
     "16950888892": {
      "maxRSS": 80304,
      "systemtime": 64461,
      "usertime": 3890552
     },
     "16950893024": {
      "maxRSS": 80432,
      "systemtime": 64461,
      "usertime": 3894607
     },
     "16950897174": {
      "maxRSS": 80560,
      "systemtime": 64461,
      "usertime": 3898643
     },
     "16950901442": {
      "maxRSS": 80816,
      "systemtime": 64461,
      "usertime": 3902687
     },
     "16950905591": {
      "maxRSS": 81072,
      "systemtime": 64461,
      "usertime": 3906754
     },
     "16950909721": {
      "maxRSS": 81200,
      "systemtime": 64461,
      "usertime": 3910994
     },
     "16950913900": {
      "maxRSS": 81456,
      "systemtime": 64461,
      "usertime": 3914907
     },
     "16950918088": {
      "maxRSS": 81584,
      "systemtime": 64461,
      "usertime": 3919139
     },
     "16950922208": {
      "maxRSS": 81840,
      "systemtime": 64461,
      "usertime": 3922926
     },
     "16950926341": {
      "maxRSS": 81968,
      "systemtime": 64461,
      "usertime": 3926979
     },
     "16950930516": {
      "maxRSS": 82224,
      "systemtime": 64461,
      "usertime": 3931124
     },
     "16950934727": {
      "maxRSS": 82352,
      "systemtime": 64462,
      "usertime": 3936218
     },
     "16950938966": {
      "maxRSS": 82608,
      "systemtime": 64462,
      "usertime": 3939177
     },
     "16950943098": {
      "maxRSS": 82864,
      "systemtime": 68473,
      "usertime": 3939215
     },
     "16950947243": {
      "maxRSS": 82992,
      "systemtime": 68478,
      "usertime": 3943539
     },
     "16950951368": {
      "maxRSS": 83120,
      "systemtime": 68483,
      "usertime": 3947848
     },
     "16950956256": {
      "maxRSS": 83376,
      "systemtime": 68483,
      "usertime": 3955400
     },
     "16950960638": {
      "maxRSS": 83504,
      "systemtime": 68483,
      "usertime": 3959444
     },
     "16950964793": {
      "maxRSS": 83760,
      "systemtime": 68483,
      "usertime": 3963506
     },
     "16950968933": {
      "maxRSS": 83888,
      "systemtime": 68488,
      "usertime": 3968286
     },
     "16950973080": {
      "maxRSS": 84144,
      "systemtime": 68488,
      "usertime": 3971610
     },
     "16950977215": {
      "maxRSS": 84272,
      "systemtime": 68488,
      "usertime": 3975649
     },
     "16950981398": {
      "maxRSS": 84528,
      "systemtime": 68488,
      "usertime": 3979741
     },
     "16950985557": {
      "maxRSS": 84656,
      "systemtime": 72506,
      "usertime": 3979821
     },
     "16950989792": {
      "maxRSS": 84912,
      "systemtime": 76535,
      "usertime": 3979827
     },
     "16951009723": {
      "maxRSS": 85040,
      "systemtime": 80834,
      "usertime": 3997249
     },
     "16951013878": {
      "maxRSS": 85040,
      "systemtime": 84494,
      "usertime": 3997249
     },
     "16951018059": {
      "maxRSS": 85168,
      "systemtime": 84566,
      "usertime": 3997249
     },
     "16951022231": {
      "maxRSS": 85168,
      "systemtime": 88990,
      "usertime": 4000536
     },
     "16951026395": {
      "maxRSS": 85424,
      "systemtime": 88990,
      "usertime": 4003679
     },
     "16951030564": {
      "maxRSS": 85552,
      "systemtime": 88990,
      "usertime": 4007741
     },
     "16951034717": {
      "maxRSS": 85808,
      "systemtime": 88990,
      "usertime": 4011935
     },
     "16951038851": {
      "maxRSS": 86064,
      "systemtime": 88990,
      "usertime": 4015831
     },
     "16951043006": {
      "maxRSS": 86320,
      "systemtime": 88990,
      "usertime": 4019877
     },
     "16951047157": {
      "maxRSS": 86576,
      "systemtime": 93016,
      "usertime": 4019913
     },
     "16951051331": {
      "maxRSS": 86832,
      "systemtime": 93016,
      "usertime": 4023978
     },
     "16951055474": {
      "maxRSS": 87088,
      "systemtime": 93016,
      "usertime": 4028025
     },
     "16951059742": {
      "maxRSS": 87344,
      "systemtime": 93016,
      "usertime": 4032076
     },
     "16951063969": {
      "maxRSS": 87728,
      "systemtime": 93017,
      "usertime": 4036129
     },
     "16951068095": {
      "maxRSS": 87984,
      "systemtime": 93017,
      "usertime": 4044166
     },
     "16951072215": {
      "maxRSS": 88240,
      "systemtime": 93017,
      "usertime": 4048284
     },
     "16951076341": {
      "maxRSS": 88496,
      "systemtime": 93017,
      "usertime": 4052315
     },
     "16951080448": {
      "maxRSS": 88752,
      "systemtime": 93017,
      "usertime": 4056303
     },
     "16951084579": {
      "maxRSS": 89008,
      "systemtime": 93017,
      "usertime": 4060336
     },
     "16951088808": {
      "maxRSS": 89264,
      "systemtime": 93017,
      "usertime": 4064386
     },
     "16951093058": {
      "maxRSS": 89520,
      "systemtime": 93017,
      "usertime": 4068431
     },
     "16951097284": {
      "maxRSS": 89904,
      "systemtime": 93017,
      "usertime": 4072506
     },
     "16951101507": {
      "maxRSS": 90160,
      "systemtime": 93018,
      "usertime": 4076616
     },
     "16951105624": {
      "maxRSS": 90416,
      "systemtime": 93018,
      "usertime": 4080575
     },
     "16951109846": {
      "maxRSS": 90672,
      "systemtime": 93018,
      "usertime": 4084614
     },
     "16951113970": {
      "maxRSS": 90928,
      "systemtime": 93018,
      "usertime": 4088645
     },
     "16951118166": {
      "maxRSS": 91184,
      "systemtime": 93018,
      "usertime": 4092697
     },
     "16951122310": {
      "maxRSS": 91568,
      "systemtime": 93018,
      "usertime": 4096721
     },
     "16951126532": {
      "maxRSS": 91824,
      "systemtime": 93018,
      "usertime": 4100806
     },
     "16951130670": {
      "maxRSS": 92080,
      "systemtime": 93018,
      "usertime": 4104813
     },
     "16951134912": {
      "maxRSS": 92336,
      "systemtime": 93018,
      "usertime": 4108872
     },
     "16951139062": {
      "maxRSS": 92592,
      "systemtime": 93018,
      "usertime": 4112891
     },
     "16951143326": {
      "maxRSS": 92848,
      "systemtime": 93018,
      "usertime": 4116940
     },
     "16951147450": {
      "maxRSS": 93104,
      "systemtime": 93018,
      "usertime": 4120971
     },
     "16951151617": {
      "maxRSS": 93360,
      "systemtime": 93018,
      "usertime": 4125008
     },
     "16951155770": {
      "maxRSS": 93616,
      "systemtime": 93018,
      "usertime": 4129059
     },
     "16951160019": {
      "maxRSS": 93744,
      "systemtime": 93018,
      "usertime": 4133158
     },
     "16951164067": {
      "maxRSS": 94000,
      "systemtime": 93018,
      "usertime": 4141134
     },
     "16951168250": {
      "maxRSS": 94256,
      "systemtime": 93018,
      "usertime": 4145157
     },
     "16951172429": {
      "maxRSS": 94512,
      "systemtime": 93018,
      "usertime": 4149239
     },
     "16951176590": {
      "maxRSS": 94640,
      "systemtime": 93018,
      "usertime": 4153306
     },
     "16951180716": {
      "maxRSS": 95024,
      "systemtime": 93018,
      "usertime": 4157277
     },
     "16951184807": {
      "maxRSS": 95280,
      "systemtime": 93018,
      "usertime": 4161310
     },
     "16951189029": {
      "maxRSS": 95408,
      "systemtime": 93018,
      "usertime": 4165403
     },
     "16951193262": {
      "maxRSS": 95664,
      "systemtime": 93018,
      "usertime": 4169395
     },
     "16951197389": {
      "maxRSS": 95920,
      "systemtime": 93018,
      "usertime": 4173426
     },
     "16951201518": {
      "maxRSS": 96048,
      "systemtime": 93018,
      "usertime": 4177512
     },
     "16951205733": {
      "maxRSS": 96304,
      "systemtime": 93018,
      "usertime": 4181500
     },
     "16951209932": {
      "maxRSS": 96560,
      "systemtime": 93018,
      "usertime": 4185610
     },
     "16951214102": {
      "maxRSS": 96816,
      "systemtime": 93018,
      "usertime": 4189573
     },
     "16951218305": {
      "maxRSS": 96944,
      "systemtime": 93018,
      "usertime": 4193625
     },
     "16951222453": {
      "maxRSS": 97200,
      "systemtime": 93018,
      "usertime": 4197669
     },
     "16951226651": {
      "maxRSS": 97456,
      "systemtime": 93018,
      "usertime": 4201719
     },
     "16951230788": {
      "maxRSS": 97712,
      "systemtime": 93018,
      "usertime": 4205757
     },
     "16951235113": {
      "maxRSS": 97968,
      "systemtime": 93018,
      "usertime": 4209844
     },
     "16951239245": {
      "maxRSS": 98096,
      "systemtime": 93018,
      "usertime": 4213878
     },
     "16951243525": {
      "maxRSS": 98352,
      "systemtime": 93018,
      "usertime": 4217913
     },
     "16951247656": {
      "maxRSS": 98608,
      "systemtime": 93018,
      "usertime": 4221951
     },
     "16951251930": {
      "maxRSS": 98864,
      "systemtime": 93018,
      "usertime": 4225988
     },
     "16951256071": {
      "maxRSS": 99120,
      "systemtime": 93018,
      "usertime": 4230030
     },
     "16951260246": {
      "maxRSS": 99376,
      "systemtime": 93018,
      "usertime": 4238183
     },
     "16951264390": {
      "maxRSS": 99632,
      "systemtime": 93018,
      "usertime": 4242135
     },
     "16951268563": {
      "maxRSS": 99888,
      "systemtime": 93018,
      "usertime": 4246226
     },
     "16951272667": {
      "maxRSS": 100016,
      "systemtime": 93018,
      "usertime": 4250199
     },
     "16951276848": {
      "maxRSS": 100400,
      "systemtime": 93018,
      "usertime": 4254221
     },
     "16951280971": {
      "maxRSS": 100528,
      "systemtime": 93018,
      "usertime": 4258262
     },
     "16951285240": {
      "maxRSS": 100784,
      "systemtime": 93018,
      "usertime": 4262337
     },
     "16951289373": {
      "maxRSS": 101168,
      "systemtime": 93018,
      "usertime": 4266385
     },
     "16951293568": {
      "maxRSS": 101424,
      "systemtime": 93018,
      "usertime": 4270426
     },
     "16951297688": {
      "maxRSS": 101680,
      "systemtime": 93018,
      "usertime": 4274465
     },
     "16951301881": {
      "maxRSS": 101936,
      "systemtime": 93018,
      "usertime": 4278557
     },
     "16951306034": {
      "maxRSS": 102192,
      "systemtime": 93018,
      "usertime": 4282549
     },
     "16951310281": {
      "maxRSS": 102448,
      "systemtime": 93018,
      "usertime": 4286706
     },
     "16951314427": {
      "maxRSS": 102704,
      "systemtime": 93018,
      "usertime": 4290690
     },
     "16951318617": {
      "maxRSS": 102960,
      "systemtime": 93018,
      "usertime": 4294779
     },
     "16951322807": {
      "maxRSS": 103216,
      "systemtime": 93018,
      "usertime": 4298793
     },
     "16951327038": {
      "maxRSS": 103472,
      "systemtime": 93018,
      "usertime": 4302847
     },
     "16951331158": {
      "maxRSS": 103728,
      "systemtime": 93018,
      "usertime": 4306888
     },
     "16951335270": {
      "maxRSS": 103984,
      "systemtime": 93018,
      "usertime": 4310928
     },
     "16951339477": {
      "maxRSS": 104240,
      "systemtime": 93018,
      "usertime": 4314995
     },
     "16951343686": {
      "maxRSS": 104368,
      "systemtime": 93018,
      "usertime": 4319026
     },
     "16951347828": {
      "maxRSS": 104624,
      "systemtime": 93018,
      "usertime": 4323078
     },
     "16951352018": {
      "maxRSS": 104752,
      "systemtime": 93018,
      "usertime": 4331119
     },
     "16951356096": {
      "maxRSS": 105008,
      "systemtime": 93018,
      "usertime": 4335158
     },
     "16951360180": {
      "maxRSS": 105264,
      "systemtime": 93018,
      "usertime": 4339185
     },
     "16951364389": {
      "maxRSS": 105392,
      "systemtime": 93018,
      "usertime": 4343242
     },
     "16951368496": {
      "maxRSS": 105648,
      "systemtime": 93018,
      "usertime": 4347269
     },
     "16951372657": {
      "maxRSS": 105904,
      "systemtime": 93018,
      "usertime": 4351310
     },
     "16951376847": {
      "maxRSS": 106160,
      "systemtime": 93018,
      "usertime": 4355343
     },
     "16951381013": {
      "maxRSS": 106416,
      "systemtime": 93018,
      "usertime": 4359373
     },
     "16951385149": {
      "maxRSS": 106672,
      "systemtime": 97054,
      "usertime": 4359373
     },
     "16951389417": {
      "maxRSS": 106800,
      "systemtime": 97055,
      "usertime": 4363435
     },
     "16951393598": {
      "maxRSS": 106928,
      "systemtime": 97056,
      "usertime": 4367534
     },
     "16951397704": {
      "maxRSS": 107056,
      "systemtime": 97056,
      "usertime": 4371524
     },
     "16951401820": {
      "maxRSS": 107184,
      "systemtime": 97056,
      "usertime": 4375542
     },
     "16951405937": {
      "maxRSS": 107312,
      "systemtime": 97056,
      "usertime": 4379565
     },
     "16951410133": {
      "maxRSS": 107440,
      "systemtime": 97056,
      "usertime": 4383604
     },
     "16951414307": {
      "maxRSS": 107568,
      "systemtime": 97056,
      "usertime": 4387685
     },
     "16951418445": {
      "maxRSS": 107696,
      "systemtime": 97056,
      "usertime": 4391728
     },
     "16951422662": {
      "maxRSS": 107824,
      "systemtime": 97056,
      "usertime": 4395762
     },
     "16951426801": {
      "maxRSS": 107952,
      "systemtime": 97056,
      "usertime": 4399815
     },
     "16951430948": {
      "maxRSS": 108080,
      "systemtime": 97056,
      "usertime": 4403871
     },
     "16951435299": {
      "maxRSS": 108208,
      "systemtime": 97056,
      "usertime": 4407924
     },
     "16951443511": {
      "maxRSS": 108464,
      "systemtime": 97056,
      "usertime": 4415969
     },
     "16951451821": {
      "maxRSS": 108720,
      "systemtime": 97056,
      "usertime": 4424104
     },
     "16951460109": {
      "maxRSS": 108976,
      "systemtime": 97056,
      "usertime": 4436076
     },
     "16951468304": {
      "maxRSS": 109232,
      "systemtime": 97056,
      "usertime": 4444100
     },
     "16951476539": {
      "maxRSS": 109616,
      "systemtime": 97056,
      "usertime": 4452134
     },
     "16951484699": {
      "maxRSS": 110000,
      "systemtime": 97056,
      "usertime": 4460168
     },
     "16951492941": {
      "maxRSS": 110384,
      "systemtime": 101099,
      "usertime": 4464566
     },
     "16951501146": {
      "maxRSS": 110640,
      "systemtime": 101103,
      "usertime": 4472818
     },
     "16951509321": {
      "maxRSS": 110896,
      "systemtime": 101103,
      "usertime": 4480420
     },
     "16951517460": {
      "maxRSS": 111280,
      "systemtime": 101103,
      "usertime": 4488497
     },
     "16951525771": {
      "maxRSS": 111664,
      "systemtime": 101103,
      "usertime": 4496512
     },
     "16951533931": {
      "maxRSS": 112048,
      "systemtime": 101103,
      "usertime": 4504553
     },
     "16951542219": {
      "maxRSS": 112560,
      "systemtime": 101103,
      "usertime": 4512607
     },
     "16951550411": {
      "maxRSS": 112944,
      "systemtime": 101103,
      "usertime": 4520703
     },
     "16951558705": {
      "maxRSS": 113200,
      "systemtime": 105133,
      "usertime": 4524779
     },
     "16951566848": {
      "maxRSS": 113584,
      "systemtime": 109174,
      "usertime": 4528717
     },
     "16951575117": {
      "maxRSS": 113968,
      "systemtime": 109174,
      "usertime": 4536774
     },
     "16951583313": {
      "maxRSS": 114352,
      "systemtime": 109174,
      "usertime": 4544796
     },
     "16951591606": {
      "maxRSS": 114736,
      "systemtime": 109174,
      "usertime": 4552829
     },
     "16951599954": {
      "maxRSS": 115120,
      "systemtime": 109174,
      "usertime": 4560893
     },
     "16951608210": {
      "maxRSS": 115376,
      "systemtime": 109174,
      "usertime": 4572972
     },
     "16951616397": {
      "maxRSS": 115760,
      "systemtime": 109174,
      "usertime": 4580949
     },
     "16951624651": {
      "maxRSS": 116144,
      "systemtime": 109174,
      "usertime": 4589050
     },
     "16951632887": {
      "maxRSS": 116528,
      "systemtime": 109174,
      "usertime": 4597016
     },
     "16951640988": {
      "maxRSS": 116912,
      "systemtime": 109174,
      "usertime": 4605116
     },
     "16951649264": {
      "maxRSS": 117296,
      "systemtime": 109174,
      "usertime": 4613138
     },
     "16951657580": {
      "maxRSS": 117808,
      "systemtime": 109174,
      "usertime": 4621140
     },
     "16951665795": {
      "maxRSS": 118192,
      "systemtime": 109174,
      "usertime": 4629181
     },
     "16951673987": {
      "maxRSS": 118576,
      "systemtime": 109174,
      "usertime": 4637201
     },
     "16951682247": {
      "maxRSS": 118960,
      "systemtime": 109174,
      "usertime": 4645223
     },
     "16951690430": {
      "maxRSS": 119344,
      "systemtime": 109174,
      "usertime": 4653248
     },
     "16951698602": {
      "maxRSS": 119600,
      "systemtime": 109174,
      "usertime": 4661286
     },
     "16951706877": {
      "maxRSS": 119984,
      "systemtime": 109174,
      "usertime": 4669340
     },
     "16951715039": {
      "maxRSS": 120368,
      "systemtime": 109174,
      "usertime": 4677379
     },
     "16951723338": {
      "maxRSS": 120752,
      "systemtime": 113194,
      "usertime": 4681401
     },
     "16951731503": {
      "maxRSS": 121008,
      "systemtime": 113267,
      "usertime": 4692516
     },
     "16951734398": {
      "maxRSS": 121008,
      "systemtime": 113267,
      "usertime": 4695698
     },
     "16951735498": {
      "maxRSS": 121008,
      "systemtime": 113267,
      "usertime": 4695727
     },
     "16951736703": {
      "maxRSS": 121008,
      "systemtime": 113267,
      "usertime": 4697498
     },
     "16951737404": {
      "maxRSS": 121008,
      "systemtime": 113267,
      "usertime": 4698875
     },
     "16951738624": {
      "maxRSS": 121392,
      "systemtime": 113267,
      "usertime": 4698895
     },
     "16951739852": {
      "maxRSS": 121776,
      "systemtime": 113267,
      "usertime": 4698914
     },
     "16951741028": {
      "maxRSS": 122032,
      "systemtime": 113267,
      "usertime": 4701575
     },
     "16951742213": {
      "maxRSS": 122416,
      "systemtime": 113267,
      "usertime": 4701592
     },
     "16951743438": {
      "maxRSS": 122800,
      "systemtime": 113267,
      "usertime": 4701643
     },
     "16951744539": {
      "maxRSS": 123056,
      "systemtime": 113267,
      "usertime": 4705654
     },
     "16951745673": {
      "maxRSS": 123440,
      "systemtime": 113267,
      "usertime": 4705664
     },
     "16951746880": {
      "maxRSS": 123824,
      "systemtime": 113267,
      "usertime": 4705685
     },
     "16951748082": {
      "maxRSS": 124080,
      "systemtime": 113267,
      "usertime": 4709706
     },
     "16951749217": {
      "maxRSS": 124464,
      "systemtime": 113267,
      "usertime": 4709724
     },
     "16951750384": {
      "maxRSS": 124848,
      "systemtime": 113267,
      "usertime": 4709742
     },
     "16951751682": {
      "maxRSS": 125104,
      "systemtime": 113267,
      "usertime": 4709783
     },
     "16951752938": {
      "maxRSS": 125488,
      "systemtime": 113267,
      "usertime": 4713799
     },
     "16951754117": {
      "maxRSS": 125872,
      "systemtime": 113267,
      "usertime": 4713816
     },
     "16951755247": {
      "maxRSS": 126128,
      "systemtime": 113267,
      "usertime": 4713835
     },
     "16951756374": {
      "maxRSS": 126384,
      "systemtime": 113267,
      "usertime": 4717853
     },
     "16951757637": {
      "maxRSS": 126768,
      "systemtime": 113267,
      "usertime": 4717871
     },
     "16951758788": {
      "maxRSS": 127152,
      "systemtime": 113267,
      "usertime": 4717908
     },
     "16951760093": {
      "maxRSS": 127408,
      "systemtime": 113267,
      "usertime": 4721940
     },
     "16951761231": {
      "maxRSS": 127664,
      "systemtime": 113267,
      "usertime": 4721959
     },
     "16951762487": {
      "maxRSS": 127920,
      "systemtime": 113267,
      "usertime": 4721979
     },
     "16951763581": {
      "maxRSS": 128176,
      "systemtime": 113267,
      "usertime": 4722001
     },
     "16951764876": {
      "maxRSS": 128560,
      "systemtime": 117242,
      "usertime": 4722051
     },
     "16951766052": {
      "maxRSS": 128816,
      "systemtime": 117243,
      "usertime": 4722084
     },
     "16951767229": {
      "maxRSS": 129200,
      "systemtime": 117243,
      "usertime": 4722101
     },
     "16951768380": {
      "maxRSS": 129456,
      "systemtime": 117243,
      "usertime": 4726117
     },
     "16951769640": {
      "maxRSS": 129840,
      "systemtime": 117243,
      "usertime": 4726135
     },
     "16951770746": {
      "maxRSS": 130096,
      "systemtime": 117244,
      "usertime": 4726152
     },
     "16951771942": {
      "maxRSS": 130352,
      "systemtime": 117244,
      "usertime": 4726181
     },
     "16951773170": {
      "maxRSS": 130736,
      "systemtime": 117245,
      "usertime": 4730256
     },
     "16951774263": {
      "maxRSS": 130864,
      "systemtime": 117246,
      "usertime": 4730281
     },
     "16951775454": {
      "maxRSS": 131248,
      "systemtime": 117246,
      "usertime": 4730305
     },
     "16951776713": {
      "maxRSS": 131504,
      "systemtime": 117246,
      "usertime": 4734310
     },
     "16951777896": {
      "maxRSS": 131888,
      "systemtime": 117246,
      "usertime": 4734328
     },
     "16951779055": {
      "maxRSS": 132144,
      "systemtime": 117247,
      "usertime": 4734359
     },
     "16951780216": {
      "maxRSS": 132400,
      "systemtime": 117247,
      "usertime": 4738389
     },
     "16951781377": {
      "maxRSS": 132656,
      "systemtime": 117248,
      "usertime": 4738436
     },
     "16951782553": {
      "maxRSS": 132912,
      "systemtime": 117248,
      "usertime": 4738454
     },
     "16951783730": {
      "maxRSS": 133296,
      "systemtime": 117248,
      "usertime": 4738471
     },
     "16951784905": {
      "maxRSS": 133552,
      "systemtime": 117248,
      "usertime": 4742487
     },
     "16951786074": {
      "maxRSS": 133808,
      "systemtime": 117248,
      "usertime": 4742505
     },
     "16951787285": {
      "maxRSS": 134064,
      "systemtime": 117249,
      "usertime": 4742523
     },
     "16951788386": {
      "maxRSS": 134320,
      "systemtime": 117249,
      "usertime": 4746564
     },
     "16951789628": {
      "maxRSS": 134704,
      "systemtime": 117249,
      "usertime": 4746582
     },
     "16951790805": {
      "maxRSS": 134960,
      "systemtime": 117249,
      "usertime": 4746600
     },
     "16951791981": {
      "maxRSS": 135344,
      "systemtime": 117250,
      "usertime": 4746617
     },
     "16951793129": {
      "maxRSS": 135728,
      "systemtime": 117250,
      "usertime": 4750630
     },
     "16951794299": {
      "maxRSS": 135984,
      "systemtime": 117250,
      "usertime": 4750648
     },
     "16951795492": {
      "maxRSS": 136368,
      "systemtime": 117250,
      "usertime": 4750683
     },
     "16951796667": {
      "maxRSS": 136624,
      "systemtime": 117250,
      "usertime": 4754710
     },
     "16951797845": {
      "maxRSS": 137008,
      "systemtime": 117250,
      "usertime": 4754728
     },
     "16951799018": {
      "maxRSS": 137392,
      "systemtime": 117251,
      "usertime": 4754745
     },
     "16951800122": {
      "maxRSS": 137648,
      "systemtime": 117251,
      "usertime": 4758752
     },
     "16951801294": {
      "maxRSS": 138032,
      "systemtime": 117251,
      "usertime": 4758772
     },
     "16951802451": {
      "maxRSS": 138288,
      "systemtime": 117251,
      "usertime": 4758807
     },
     "16951803707": {
      "maxRSS": 138672,
      "systemtime": 117252,
      "usertime": 4758826
     },
     "16951804971": {
      "maxRSS": 139056,
      "systemtime": 117252,
      "usertime": 4762845
     },
     "16951806139": {
      "maxRSS": 139312,
      "systemtime": 117252,
      "usertime": 4762862
     },
     "16951807324": {
      "maxRSS": 139696,
      "systemtime": 117252,
      "usertime": 4762879
     },
     "16951808432": {
      "maxRSS": 139952,
      "systemtime": 117252,
      "usertime": 4766895
     },
     "16951809566": {
      "maxRSS": 140336,
      "systemtime": 117252,
      "usertime": 4766909
     },
     "16951810801": {
      "maxRSS": 140720,
      "systemtime": 117253,
      "usertime": 4766954
     },
     "16951811996": {
      "maxRSS": 140976,
      "systemtime": 117253,
      "usertime": 4766975
     },
     "16951813306": {
      "maxRSS": 141360,
      "systemtime": 117253,
      "usertime": 4771020
     },
     "16951814422": {
      "maxRSS": 141744,
      "systemtime": 117253,
      "usertime": 4771038
     },
     "16951815591": {
      "maxRSS": 142000,
      "systemtime": 117253,
      "usertime": 4771055
     },
     "16951816764": {
      "maxRSS": 142384,
      "systemtime": 117253,
      "usertime": 4775073
     },
     "16951818017": {
      "maxRSS": 142768,
      "systemtime": 117253,
      "usertime": 4775119
     },
     "16951819085": {
      "maxRSS": 143024,
      "systemtime": 117253,
      "usertime": 4775131
     },
     "16951820150": {
      "maxRSS": 143280,
      "systemtime": 117253,
      "usertime": 4779138
     },
     "16951821262": {
      "maxRSS": 143664,
      "systemtime": 117253,
      "usertime": 4779151
     },
     "16951822424": {
      "maxRSS": 143920,
      "systemtime": 117253,
      "usertime": 4779168
     },
     "16951823538": {
      "maxRSS": 144304,
      "systemtime": 117253,
      "usertime": 4779182
     },
     "16951824712": {
      "maxRSS": 144560,
      "systemtime": 117253,
      "usertime": 4783205
     },
     "16951825813": {
      "maxRSS": 144816,
      "systemtime": 117253,
      "usertime": 4783217
     },
     "16951826910": {
      "maxRSS": 145200,
      "systemtime": 117253,
      "usertime": 4783227
     },
     "16951828027": {
      "maxRSS": 145456,
      "systemtime": 117253,
      "usertime": 4787234
     },
     "16951829145": {
      "maxRSS": 145840,
      "systemtime": 117253,
      "usertime": 4787252
     },
     "16951830306": {
      "maxRSS": 146096,
      "systemtime": 117253,
      "usertime": 4787274
     },
     "16951831438": {
      "maxRSS": 146352,
      "systemtime": 117253,
      "usertime": 4787309
     },
     "16951832539": {
      "maxRSS": 146736,
      "systemtime": 117253,
      "usertime": 4791322
     },
     "16951833642": {
      "maxRSS": 146992,
      "systemtime": 117253,
      "usertime": 4791332
     },
     "16951834741": {
      "maxRSS": 147248,
      "systemtime": 117253,
      "usertime": 4791339
     },
     "16951835841": {
      "maxRSS": 147632,
      "systemtime": 117253,
      "usertime": 4791346
     },
     "16951837085": {
      "maxRSS": 147888,
      "systemtime": 117253,
      "usertime": 4795354
     },
     "16951838218": {
      "maxRSS": 148272,
      "systemtime": 117253,
      "usertime": 4795374
     },
     "16951839348": {
      "maxRSS": 148528,
      "systemtime": 117253,
      "usertime": 4795405
     },
     "16951840447": {
      "maxRSS": 148784,
      "systemtime": 121199,
      "usertime": 4795468
     },
     "16951841548": {
      "maxRSS": 149168,
      "systemtime": 121199,
      "usertime": 4795475
     },
     "16951842653": {
      "maxRSS": 149424,
      "systemtime": 121200,
      "usertime": 4795485
     },
     "16951843726": {
      "maxRSS": 149808,
      "systemtime": 121200,
      "usertime": 4795492
     },
     "16951844845": {
      "maxRSS": 150064,
      "systemtime": 125240,
      "usertime": 4795497
     },
     "16951845931": {
      "maxRSS": 150320,
      "systemtime": 125241,
      "usertime": 4795521
     },
     "16951847032": {
      "maxRSS": 150576,
      "systemtime": 125241,
      "usertime": 4795530
     },
     "16951848056": {
      "maxRSS": 150960,
      "systemtime": 125241,
      "usertime": 4799520
     },
     "16951849160": {
      "maxRSS": 151216,
      "systemtime": 125241,
      "usertime": 4799529
     },
     "16951850259": {
      "maxRSS": 151472,
      "systemtime": 125241,
      "usertime": 4799536
     },
     "16951851356": {
      "maxRSS": 151856,
      "systemtime": 125241,
      "usertime": 4799543
     },
     "16951852463": {
      "maxRSS": 152240,
      "systemtime": 125241,
      "usertime": 4803557
     },
     "16951853569": {
      "maxRSS": 152496,
      "systemtime": 125241,
      "usertime": 4803570
     },
     "16951854650": {
      "maxRSS": 152880,
      "systemtime": 125241,
      "usertime": 4803587
     },
     "16951855787": {
      "maxRSS": 153136,
      "systemtime": 125241,
      "usertime": 4803604
     },
     "16951856893": {
      "maxRSS": 153392,
      "systemtime": 125241,
      "usertime": 4807627
     },
     "16951857992": {
      "maxRSS": 153776,
      "systemtime": 125241,
      "usertime": 4807634
     },
     "16951859141": {
      "maxRSS": 154032,
      "systemtime": 125241,
      "usertime": 4807672
     },
     "16951860233": {
      "maxRSS": 154288,
      "systemtime": 125241,
      "usertime": 4811681
     },
     "16951861306": {
      "maxRSS": 154672,
      "systemtime": 125241,
      "usertime": 4811694
     },
     "16951862387": {
      "maxRSS": 154928,
      "systemtime": 125241,
      "usertime": 4811709
     },
     "16951863464": {
      "maxRSS": 155184,
      "systemtime": 125242,
      "usertime": 4811724
     },
     "16951864580": {
      "maxRSS": 155568,
      "systemtime": 129270,
      "usertime": 4811724
     },
     "16951865705": {
      "maxRSS": 155824,
      "systemtime": 129283,
      "usertime": 4811755
     },
     "16951866819": {
      "maxRSS": 156208,
      "systemtime": 129283,
      "usertime": 4811772
     },
     "16951867921": {
      "maxRSS": 156464,
      "systemtime": 129283,
      "usertime": 4811783
     },
     "16951869031": {
      "maxRSS": 156848,
      "systemtime": 129283,
      "usertime": 4815779
     },
     "16951870146": {
      "maxRSS": 157104,
      "systemtime": 129283,
      "usertime": 4815806
     },
     "16951871261": {
      "maxRSS": 157488,
      "systemtime": 129283,
      "usertime": 4815820
     },
     "16951872366": {
      "maxRSS": 157744,
      "systemtime": 129283,
      "usertime": 4819849
     },
     "16951873621": {
      "maxRSS": 158128,
      "systemtime": 129285,
      "usertime": 4819914
     },
     "16951874708": {
      "maxRSS": 158384,
      "systemtime": 129285,
      "usertime": 4819934
     },
     "16951875819": {
      "maxRSS": 158768,
      "systemtime": 129286,
      "usertime": 4819946
     },
     "16951876958": {
      "maxRSS": 159024,
      "systemtime": 133309,
      "usertime": 4819946
     },
     "16951878068": {
      "maxRSS": 159408,
      "systemtime": 133323,
      "usertime": 4819946
     },
     "16951879145": {
      "maxRSS": 159664,
      "systemtime": 133326,
      "usertime": 4819954
     },
     "16951880240": {
      "maxRSS": 159920,
      "systemtime": 133326,
      "usertime": 4823982
     },
     "16951881339": {
      "maxRSS": 160304,
      "systemtime": 133326,
      "usertime": 4823991
     },
     "16951882437": {
      "maxRSS": 160560,
      "systemtime": 133326,
      "usertime": 4823998
     },
     "16951883554": {
      "maxRSS": 160688,
      "systemtime": 133326,
      "usertime": 4824013
     },
     "16951885668": {
      "maxRSS": 161200,
      "systemtime": 133326,
      "usertime": 4828031
     },
     "16951887757": {
      "maxRSS": 161712,
      "systemtime": 133326,
      "usertime": 4828048
     },
     "16951889894": {
      "maxRSS": 162352,
      "systemtime": 133326,
      "usertime": 4832084
     },
     "16951891994": {
      "maxRSS": 162864,
      "systemtime": 133327,
      "usertime": 4832096
     },
     "16951894103": {
      "maxRSS": 163504,
      "systemtime": 137344,
      "usertime": 4832096
     },
     "16951896200": {
      "maxRSS": 164016,
      "systemtime": 137366,
      "usertime": 4836101
     },
     "16951898306": {
      "maxRSS": 164656,
      "systemtime": 137366,
      "usertime": 4836112
     },
     "16951900407": {
      "maxRSS": 165168,
      "systemtime": 141374,
      "usertime": 4836112
     },
     "16951902545": {
      "maxRSS": 165808,
      "systemtime": 141406,
      "usertime": 4836114
     },
     "16951904731": {
      "maxRSS": 166320,
      "systemtime": 141406,
      "usertime": 4840140
     },
     "16951906847": {
      "maxRSS": 166832,
      "systemtime": 141407,
      "usertime": 4840172
     },
     "16951908937": {
      "maxRSS": 167344,
      "systemtime": 141407,
      "usertime": 4844208
     },
     "16951911054": {
      "maxRSS": 167728,
      "systemtime": 141407,
      "usertime": 4844233
     },
     "16951913158": {
      "maxRSS": 168240,
      "systemtime": 145437,
      "usertime": 4844233
     },
     "16951915359": {
      "maxRSS": 168752,
      "systemtime": 145448,
      "usertime": 4844249
     },
     "16951917610": {
      "maxRSS": 169136,
      "systemtime": 149501,
      "usertime": 4844643
     },
     "16951919724": {
      "maxRSS": 169520,
      "systemtime": 149502,
      "usertime": 4844675
     },
     "16951921840": {
      "maxRSS": 169904,
      "systemtime": 149502,
      "usertime": 4848300
     },
     "16951924091": {
      "maxRSS": 170288,
      "systemtime": 149502,
      "usertime": 4852413
     },
     "16951926322": {
      "maxRSS": 170928,
      "systemtime": 149502,
      "usertime": 4852445
     },
     "16951928492": {
      "maxRSS": 171568,
      "systemtime": 149502,
      "usertime": 4856391
     },
     "16951930748": {
      "maxRSS": 172208,
      "systemtime": 149502,
      "usertime": 4856429
     },
     "16951932925": {
      "maxRSS": 172848,
      "systemtime": 149502,
      "usertime": 4860449
     },
     "16951935097": {
      "maxRSS": 173488,
      "systemtime": 149502,
      "usertime": 4860470
     },
     "16951937181": {
      "maxRSS": 174000,
      "systemtime": 149502,
      "usertime": 4864488
     },
     "16951939363": {
      "maxRSS": 174640,
      "systemtime": 149502,
      "usertime": 4864505
     },
     "16951941543": {
      "maxRSS": 175280,
      "systemtime": 149502,
      "usertime": 4868521
     },
     "16951943727": {
      "maxRSS": 175920,
      "systemtime": 149502,
      "usertime": 4868551
     },
     "16951945907": {
      "maxRSS": 176560,
      "systemtime": 149502,
      "usertime": 4872570
     },
     "16951948214": {
      "maxRSS": 176816,
      "systemtime": 153536,
      "usertime": 4872774
     },
     "16951950349": {
      "maxRSS": 177456,
      "systemtime": 153537,
      "usertime": 4872794
     },
     "16951952634": {
      "maxRSS": 178096,
      "systemtime": 157358,
      "usertime": 4872794
     },
     "16951954809": {
      "maxRSS": 178736,
      "systemtime": 157376,
      "usertime": 4872794
     },
     "16951957085": {
      "maxRSS": 179504,
      "systemtime": 157571,
      "usertime": 4876632
     },
     "16951959257": {
      "maxRSS": 180144,
      "systemtime": 157571,
      "usertime": 4876650
     },
     "16951961428": {
      "maxRSS": 180656,
      "systemtime": 157571,
      "usertime": 4880668
     },
     "16951963619": {
      "maxRSS": 181296,
      "systemtime": 157571,
      "usertime": 4880686
     },
     "16951965790": {
      "maxRSS": 181936,
      "systemtime": 157571,
      "usertime": 4884703
     },
     "16951967973": {
      "maxRSS": 182576,
      "systemtime": 157571,
      "usertime": 4884721
     },
     "16951970297": {
      "maxRSS": 183088,
      "systemtime": 157571,
      "usertime": 4888746
     },
     "16951972515": {
      "maxRSS": 183600,
      "systemtime": 157574,
      "usertime": 4892880
     },
     "16951974742": {
      "maxRSS": 184240,
      "systemtime": 157574,
      "usertime": 4892900
     },
     "16951977005": {
      "maxRSS": 184880,
      "systemtime": 157574,
      "usertime": 4896848
     },
     "16951979275": {
      "maxRSS": 185136,
      "systemtime": 157574,
      "usertime": 4896864
     },
     "16951981444": {
      "maxRSS": 185136,
      "systemtime": 157609,
      "usertime": 4902064
     },
     "16951982977": {
      "maxRSS": 185136,
      "systemtime": 157661,
      "usertime": 4903687
     },
     "16951984123": {
      "maxRSS": 185136,
      "systemtime": 157661,
      "usertime": 4904846
     },
     "16951985290": {
      "maxRSS": 185136,
      "systemtime": 157661,
      "usertime": 4904862
     },
     "16951986506": {
      "maxRSS": 185136,
      "systemtime": 157661,
      "usertime": 4904880
     },
     "16951987661": {
      "maxRSS": 185136,
      "systemtime": 157661,
      "usertime": 4904898
     },
     "16951988940": {
      "maxRSS": 185136,
      "systemtime": 157661,
      "usertime": 4908915
     },
     "16951990110": {
      "maxRSS": 185136,
      "systemtime": 157661,
      "usertime": 4908932
     },
     "16951991304": {
      "maxRSS": 185136,
      "systemtime": 157661,
      "usertime": 4908965
     },
     "16951992465": {
      "maxRSS": 185136,
      "systemtime": 157661,
      "usertime": 4912982
     },
     "16951993639": {
      "maxRSS": 185136,
      "systemtime": 157661,
      "usertime": 4912999
     },
     "16951994814": {
      "maxRSS": 185136,
      "systemtime": 157661,
      "usertime": 4913017
     },
     "16951995990": {
      "maxRSS": 185136,
      "systemtime": 157661,
      "usertime": 4913036
     },
     "16951997193": {
      "maxRSS": 185136,
      "systemtime": 161487,
      "usertime": 4913249
     },
     "16951998344": {
      "maxRSS": 185136,
      "systemtime": 161488,
      "usertime": 4913277
     },
     "16951999601": {
      "maxRSS": 185136,
      "systemtime": 161488,
      "usertime": 4913297
     },
     "16952000888": {
      "maxRSS": 185136,
      "systemtime": 161488,
      "usertime": 4917317
     },
     "16952002056": {
      "maxRSS": 185136,
      "systemtime": 161488,
      "usertime": 4917334
     },
     "16952003235": {
      "maxRSS": 185136,
      "systemtime": 161489,
      "usertime": 4917355
     },
     "16952004337": {
      "maxRSS": 185136,
      "systemtime": 161489,
      "usertime": 4921375
     },
     "16952005610": {
      "maxRSS": 185136,
      "systemtime": 161489,
      "usertime": 4921397
     },
     "16952006827": {
      "maxRSS": 185136,
      "systemtime": 161490,
      "usertime": 4921437
     },
     "16952007952": {
      "maxRSS": 185136,
      "systemtime": 161491,
      "usertime": 4921455
     },
     "16952009123": {
      "maxRSS": 185136,
      "systemtime": 161491,
      "usertime": 4925474
     },
     "16952010293": {
      "maxRSS": 185136,
      "systemtime": 161491,
      "usertime": 4925492
     },
     "16952011464": {
      "maxRSS": 185136,
      "systemtime": 161492,
      "usertime": 4925509
     },
     "16952012646": {
      "maxRSS": 185136,
      "systemtime": 161492,
      "usertime": 4929531
     },
     "16952013873": {
      "maxRSS": 185136,
      "systemtime": 161492,
      "usertime": 4929570
     },
     "16952015103": {
      "maxRSS": 185136,
      "systemtime": 161493,
      "usertime": 4929589
     },
     "16952016216": {
      "maxRSS": 185136,
      "systemtime": 161493,
      "usertime": 4933605
     },
     "16952017301": {
      "maxRSS": 185136,
      "systemtime": 161493,
      "usertime": 4933623
     },
     "16952018470": {
      "maxRSS": 185136,
      "systemtime": 161493,
      "usertime": 4933640
     },
     "16952019648": {
      "maxRSS": 185136,
      "systemtime": 161494,
      "usertime": 4933657
     },
     "16952020801": {
      "maxRSS": 185136,
      "systemtime": 161494,
      "usertime": 4937701
     },
     "16952022008": {
      "maxRSS": 185136,
      "systemtime": 161495,
      "usertime": 4937724
     },
     "16952023216": {
      "maxRSS": 185136,
      "systemtime": 161496,
      "usertime": 4937742
     },
     "16952024355": {
      "maxRSS": 185136,
      "systemtime": 161496,
      "usertime": 4941760
     },
     "16952025523": {
      "maxRSS": 185136,
      "systemtime": 161496,
      "usertime": 4941777
     },
     "16952026701": {
      "maxRSS": 185136,
      "systemtime": 161496,
      "usertime": 4941794
     },
     "16952027846": {
      "maxRSS": 185136,
      "systemtime": 161497,
      "usertime": 4941823
     },
     "16952029006": {
      "maxRSS": 185136,
      "systemtime": 161499,
      "usertime": 4945913
     },
     "16952030198": {
      "maxRSS": 185136,
      "systemtime": 161499,
      "usertime": 4945933
     },
     "16952031452": {
      "maxRSS": 185136,
      "systemtime": 161500,
      "usertime": 4945952
     },
     "16952032625": {
      "maxRSS": 185136,
      "systemtime": 161500,
      "usertime": 4949951
     },
     "16952033800": {
      "maxRSS": 185136,
      "systemtime": 161500,
      "usertime": 4949973
     },
     "16952034971": {
      "maxRSS": 185136,
      "systemtime": 161500,
      "usertime": 4949991
     },
     "16952036151": {
      "maxRSS": 185136,
      "systemtime": 161501,
      "usertime": 4950018
     },
     "16952037328": {
      "maxRSS": 185136,
      "systemtime": 161504,
      "usertime": 4954165
     },
     "16952038497": {
      "maxRSS": 185136,
      "systemtime": 161505,
      "usertime": 4954183
     },
     "16952039674": {
      "maxRSS": 185136,
      "systemtime": 161506,
      "usertime": 4954201
     },
     "16952040859": {
      "maxRSS": 185136,
      "systemtime": 161506,
      "usertime": 4958031
     },
     "16952042062": {
      "maxRSS": 185136,
      "systemtime": 161506,
      "usertime": 4958049
     },
     "16952043253": {
      "maxRSS": 185136,
      "systemtime": 161506,
      "usertime": 4958080
     },
     "16952044380": {
      "maxRSS": 185136,
      "systemtime": 161506,
      "usertime": 4962097
     },
     "16952045498": {
      "maxRSS": 185136,
      "systemtime": 161506,
      "usertime": 4962114
     },
     "16952046652": {
      "maxRSS": 185136,
      "systemtime": 161506,
      "usertime": 4962132
     },
     "16952047833": {
      "maxRSS": 185136,
      "systemtime": 161506,
      "usertime": 4962149
     },
     "16952049004": {
      "maxRSS": 185136,
      "systemtime": 161506,
      "usertime": 4966223
     },
     "16952050138": {
      "maxRSS": 185136,
      "systemtime": 161506,
      "usertime": 4966249
     },
     "16952051315": {
      "maxRSS": 185136,
      "systemtime": 161506,
      "usertime": 4966265
     },
     "16952052474": {
      "maxRSS": 185136,
      "systemtime": 161506,
      "usertime": 4970227
     },
     "16952053645": {
      "maxRSS": 185136,
      "systemtime": 161506,
      "usertime": 4970244
     },
     "16952054819": {
      "maxRSS": 185136,
      "systemtime": 161506,
      "usertime": 4970261
     },
     "16952055990": {
      "maxRSS": 185136,
      "systemtime": 161506,
      "usertime": 4970278
     },
     "16952057191": {
      "maxRSS": 185136,
      "systemtime": 165411,
      "usertime": 4970421
     },
     "16952058359": {
      "maxRSS": 185136,
      "systemtime": 165412,
      "usertime": 4970437
     },
     "16952059531": {
      "maxRSS": 185136,
      "systemtime": 165412,
      "usertime": 4970453
     },
     "16952060708": {
      "maxRSS": 185136,
      "systemtime": 165412,
      "usertime": 4974470
     },
     "16952061876": {
      "maxRSS": 185136,
      "systemtime": 165412,
      "usertime": 4974487
     },
     "16952062974": {
      "maxRSS": 185136,
      "systemtime": 165413,
      "usertime": 4974507
     },
     "16952064154": {
      "maxRSS": 185136,
      "systemtime": 165415,
      "usertime": 4978599
     },
     "16952065369": {
      "maxRSS": 185136,
      "systemtime": 165416,
      "usertime": 4978632
     },
     "16952066539": {
      "maxRSS": 185136,
      "systemtime": 165417,
      "usertime": 4978648
     },
     "16952067734": {
      "maxRSS": 185136,
      "systemtime": 165417,
      "usertime": 4978666
     },
     "16952068911": {
      "maxRSS": 185136,
      "systemtime": 165417,
      "usertime": 4982608
     },
     "16952070081": {
      "maxRSS": 185136,
      "systemtime": 165417,
      "usertime": 4982625
     },
     "16952071246": {
      "maxRSS": 185136,
      "systemtime": 165417,
      "usertime": 4982642
     },
     "16952072385": {
      "maxRSS": 185136,
      "systemtime": 165417,
      "usertime": 4986667
     },
     "16952073554": {
      "maxRSS": 185136,
      "systemtime": 165417,
      "usertime": 4986684
     },
     "16952074836": {
      "maxRSS": 185136,
      "systemtime": 165417,
      "usertime": 4986702
     },
     "16952076023": {
      "maxRSS": 185136,
      "systemtime": 165417,
      "usertime": 4990719
     },
     "16952077192": {
      "maxRSS": 185136,
      "systemtime": 165417,
      "usertime": 4990737
     },
     "16952078371": {
      "maxRSS": 185136,
      "systemtime": 165417,
      "usertime": 4990756
     },
     "16952079521": {
      "maxRSS": 185136,
      "systemtime": 165418,
      "usertime": 4990793
     },
     "16952080669": {
      "maxRSS": 185136,
      "systemtime": 165418,
      "usertime": 4994818
     },
     "16952081843": {
      "maxRSS": 185136,
      "systemtime": 165418,
      "usertime": 4994836
     },
     "16952082927": {
      "maxRSS": 185136,
      "systemtime": 165419,
      "usertime": 4994853
     },
     "16952084131": {
      "maxRSS": 185136,
      "systemtime": 165419,
      "usertime": 4998865
     },
     "16952085382": {
      "maxRSS": 185136,
      "systemtime": 165419,
      "usertime": 4998882
     },
     "16952086657": {
      "maxRSS": 185136,
      "systemtime": 165419,
      "usertime": 4998909
     },
     "16952087871": {
      "maxRSS": 185136,
      "systemtime": 165520,
      "usertime": 5001936
     },
     "16952089009": {
      "maxRSS": 185136,
      "systemtime": 165520,
      "usertime": 5002919
     },
     "16952090182": {
      "maxRSS": 185136,
      "systemtime": 165520,
      "usertime": 5002936
     },
     "16952091280": {
      "maxRSS": 185136,
      "systemtime": 165520,
      "usertime": 5002952
     },
     "16952092424": {
      "maxRSS": 185136,
      "systemtime": 165520,
      "usertime": 5006949
     },
     "16952093533": {
      "maxRSS": 185136,
      "systemtime": 165520,
      "usertime": 5006970
     },
     "16952094722": {
      "maxRSS": 185136,
      "systemtime": 165520,
      "usertime": 5007004
     },
     "16952095891": {
      "maxRSS": 185136,
      "systemtime": 165520,
      "usertime": 5007024
     },
     "16952097055": {
      "maxRSS": 185136,
      "systemtime": 165520,
      "usertime": 5011011
     },
     "16952098190": {
      "maxRSS": 185136,
      "systemtime": 165520,
      "usertime": 5011043
     },
     "16952099299": {
      "maxRSS": 185136,
      "systemtime": 165520,
      "usertime": 5011064
     },
     "16952100382": {
      "maxRSS": 185136,
      "systemtime": 165520,
      "usertime": 5015076
     },
     "16952101482": {
      "maxRSS": 185136,
      "systemtime": 165520,
      "usertime": 5015100
     },
     "16952102580": {
      "maxRSS": 185136,
      "systemtime": 165520,
      "usertime": 5015123
     },
     "16952103692": {
      "maxRSS": 185136,
      "systemtime": 165520,
      "usertime": 5015146
     },
     "16952104773": {
      "maxRSS": 185136,
      "systemtime": 165520,
      "usertime": 5019163
     },
     "16952105841": {
      "maxRSS": 185136,
      "systemtime": 165520,
      "usertime": 5019170
     },
     "16952106940": {
      "maxRSS": 185136,
      "systemtime": 165520,
      "usertime": 5019182
     },
     "16952108081": {
      "maxRSS": 185136,
      "systemtime": 165520,
      "usertime": 5023245
     },
     "16952109312": {
      "maxRSS": 185136,
      "systemtime": 165520,
      "usertime": 5023259
     },
     "16952110471": {
      "maxRSS": 185136,
      "systemtime": 165520,
      "usertime": 5023294
     },
     "16952111563": {
      "maxRSS": 185136,
      "systemtime": 165520,
      "usertime": 5023313
     },
     "16952112738": {
      "maxRSS": 185136,
      "systemtime": 165520,
      "usertime": 5027339
     },
     "16952113858": {
      "maxRSS": 185136,
      "systemtime": 165520,
      "usertime": 5027369
     },
     "16952114980": {
      "maxRSS": 185136,
      "systemtime": 165520,
      "usertime": 5027401
     },
     "16952116012": {
      "maxRSS": 185136,
      "systemtime": 165520,
      "usertime": 5031412
     },
     "16952117112": {
      "maxRSS": 185136,
      "systemtime": 165520,
      "usertime": 5031452
     },
     "16952118220": {
      "maxRSS": 185136,
      "systemtime": 165520,
      "usertime": 5031464
     },
     "16952119317": {
      "maxRSS": 185136,
      "systemtime": 165520,
      "usertime": 5031471
     },
     "16952120417": {
      "maxRSS": 185136,
      "systemtime": 165520,
      "usertime": 5035476
     },
     "16952121525": {
      "maxRSS": 185136,
      "systemtime": 165520,
      "usertime": 5035493
     },
     "16952122644": {
      "maxRSS": 185136,
      "systemtime": 165520,
      "usertime": 5035520
     },
     "16952123739": {
      "maxRSS": 185136,
      "systemtime": 165520,
      "usertime": 5035527
     },
     "16952124824": {
      "maxRSS": 185136,
      "systemtime": 165520,
      "usertime": 5039531
     },
     "16952125971": {
      "maxRSS": 185136,
      "systemtime": 165520,
      "usertime": 5039566
     },
     "16952127152": {
      "maxRSS": 185136,
      "systemtime": 165520,
      "usertime": 5039586
     },
     "16952128230": {
      "maxRSS": 185136,
      "systemtime": 165520,
      "usertime": 5043604
     },
     "16952129410": {
      "maxRSS": 185264,
      "systemtime": 165520,
      "usertime": 5043635
     },
     "16952130522": {
      "maxRSS": 185264,
      "systemtime": 165520,
      "usertime": 5043656
     },
     "16952132602": {
      "maxRSS": 185264,
      "systemtime": 165520,
      "usertime": 5047673
     },
     "16952134669": {
      "maxRSS": 185264,
      "systemtime": 165520,
      "usertime": 5047682
     },
     "16952136736": {
      "maxRSS": 185264,
      "systemtime": 165520,
      "usertime": 5051742
     },
     "16952138832": {
      "maxRSS": 185264,
      "systemtime": 165520,
      "usertime": 5051749
     },
     "16952140940": {
      "maxRSS": 185264,
      "systemtime": 165520,
      "usertime": 5055709
     },
     "16952143008": {
      "maxRSS": 185264,
      "systemtime": 165520,
      "usertime": 5055718
     },
     "16952145111": {
      "maxRSS": 185264,
      "systemtime": 165520,
      "usertime": 5059730
     },
     "16952147206": {
      "maxRSS": 185264,
      "systemtime": 165520,
      "usertime": 5059737
     },
     "16952149301": {
      "maxRSS": 185264,
      "systemtime": 165520,
      "usertime": 5063743
     },
     "16952151415": {
      "maxRSS": 185264,
      "systemtime": 165520,
      "usertime": 5063767
     },
     "16952153636": {
      "maxRSS": 185264,
      "systemtime": 165520,
      "usertime": 5067807
     },
     "16952155737": {
      "maxRSS": 185264,
      "systemtime": 165520,
      "usertime": 5067819
     },
     "16952157904": {
      "maxRSS": 185264,
      "systemtime": 165520,
      "usertime": 5071835
     },
     "16952160096": {
      "maxRSS": 185264,
      "systemtime": 165520,
      "usertime": 5075853
     },
     "16952162268": {
      "maxRSS": 185264,
      "systemtime": 165520,
      "usertime": 5075870
     },
     "16952164413": {
      "maxRSS": 185264,
      "systemtime": 165520,
      "usertime": 5079888
     },
     "16952166594": {
      "maxRSS": 185264,
      "systemtime": 165520,
      "usertime": 5079906
     },
     "16952168785": {
      "maxRSS": 185264,
      "systemtime": 165520,
      "usertime": 5083942
     },
     "16952170955": {
      "maxRSS": 185264,
      "systemtime": 165520,
      "usertime": 5083959
     },
     "16952173096": {
      "maxRSS": 185264,
      "systemtime": 165520,
      "usertime": 5087975
     },
     "16952175235": {
      "maxRSS": 185264,
      "systemtime": 165520,
      "usertime": 5087992
     },
     "16952177410": {
      "maxRSS": 185264,
      "systemtime": 165520,
      "usertime": 5092009
     },
     "16952179582": {
      "maxRSS": 185264,
      "systemtime": 165520,
      "usertime": 5092026
     },
     "16952181770": {
      "maxRSS": 185264,
      "systemtime": 165520,
      "usertime": 5096054
     },
     "16952183846": {
      "maxRSS": 185264,
      "systemtime": 165520,
      "usertime": 5096070
     },
     "16952186001": {
      "maxRSS": 185264,
      "systemtime": 165520,
      "usertime": 5100088
     },
     "16952188076": {
      "maxRSS": 185264,
      "systemtime": 165520,
      "usertime": 5104109
     },
     "16952190174": {
      "maxRSS": 185264,
      "systemtime": 165520,
      "usertime": 5104131
     },
     "16952192322": {
      "maxRSS": 185264,
      "systemtime": 165520,
      "usertime": 5108264
     },
     "16952194560": {
      "maxRSS": 185264,
      "systemtime": 165520,
      "usertime": 5108319
     },
     "16952196732": {
      "maxRSS": 185264,
      "systemtime": 165520,
      "usertime": 5112221
     },
     "16952198904": {
      "maxRSS": 185264,
      "systemtime": 165520,
      "usertime": 5112238
     },
     "16952201074": {
      "maxRSS": 185264,
      "systemtime": 165520,
      "usertime": 5116255
     },
     "16952203241": {
      "maxRSS": 185264,
      "systemtime": 165520,
      "usertime": 5116271
     },
     "16952205382": {
      "maxRSS": 185264,
      "systemtime": 165520,
      "usertime": 5120290
     },
     "16952207537": {
      "maxRSS": 185264,
      "systemtime": 165520,
      "usertime": 5120325
     },
     "16952209711": {
      "maxRSS": 185264,
      "systemtime": 165520,
      "usertime": 5124412
     },
     "16952211882": {
      "maxRSS": 185264,
      "systemtime": 165520,
      "usertime": 5124430
     },
     "16952214157": {
      "maxRSS": 185264,
      "systemtime": 165520,
      "usertime": 5128379
     },
     "16952216235": {
      "maxRSS": 185264,
      "systemtime": 165520,
      "usertime": 5132396
     },
     "16952218401": {
      "maxRSS": 185264,
      "systemtime": 165520,
      "usertime": 5132413
     },
     "16952220734": {
      "maxRSS": 185264,
      "systemtime": 165520,
      "usertime": 5136443
     },
     "16952223079": {
      "maxRSS": 185264,
      "systemtime": 165520,
      "usertime": 5136495
     },
     "16952225248": {
      "maxRSS": 185264,
      "systemtime": 165520,
      "usertime": 5140514
     },
     "16952227423": {
      "maxRSS": 185264,
      "systemtime": 165520,
      "usertime": 5140535
     },
     "16952229601": {
      "maxRSS": 185264,
      "systemtime": 165520,
      "usertime": 5144554
     },
     "16952231786": {
      "maxRSS": 185264,
      "systemtime": 165520,
      "usertime": 5144571
     },
     "16952233886": {
      "maxRSS": 185264,
      "systemtime": 165520,
      "usertime": 5148591
     },
     "16952236068": {
      "maxRSS": 185264,
      "systemtime": 165520,
      "usertime": 5152610
     },
     "16952238165": {
      "maxRSS": 185264,
      "systemtime": 165520,
      "usertime": 5152618
     },
     "16952240241": {
      "maxRSS": 185264,
      "systemtime": 165520,
      "usertime": 5156627
     },
     "16952242414": {
      "maxRSS": 185264,
      "systemtime": 165520,
      "usertime": 5156644
     },
     "16952244598": {
      "maxRSS": 185264,
      "systemtime": 165520,
      "usertime": 5160661
     },
     "16952246776": {
      "maxRSS": 185264,
      "systemtime": 165520,
      "usertime": 5160678
     },
     "16952248955": {
      "maxRSS": 185264,
      "systemtime": 165520,
      "usertime": 5164705
     },
     "16952251218": {
      "maxRSS": 185264,
      "systemtime": 165520,
      "usertime": 5164721
     },
     "16952253388": {
      "maxRSS": 185264,
      "systemtime": 165520,
      "usertime": 5168801
     },
     "16952255564": {
      "maxRSS": 185264,
      "systemtime": 165520,
      "usertime": 5168817
     },
     "16952257742": {
      "maxRSS": 185264,
      "systemtime": 165520,
      "usertime": 5172774
     },
     "16952259913": {
      "maxRSS": 185264,
      "systemtime": 165520,
      "usertime": 5172790
     },
     "16952262094": {
      "maxRSS": 185264,
      "systemtime": 165520,
      "usertime": 5176818
     },
     "16952264113": {
      "maxRSS": 185264,
      "systemtime": 165520,
      "usertime": 5180832
     },
     "16952266279": {
      "maxRSS": 185264,
      "systemtime": 165520,
      "usertime": 5180849
     },
     "16952268404": {
      "maxRSS": 185264,
      "systemtime": 165520,
      "usertime": 5184867
     },
     "16952270581": {
      "maxRSS": 185264,
      "systemtime": 165520,
      "usertime": 5184883
     },
     "16952272788": {
      "maxRSS": 185264,
      "systemtime": 165520,
      "usertime": 5188901
     },
     "16952274969": {
      "maxRSS": 185264,
      "systemtime": 165520,
      "usertime": 5188926
     },
     "16952277143": {
      "maxRSS": 185264,
      "systemtime": 165520,
      "usertime": 5192947
     },
     "16952279309": {
      "maxRSS": 185264,
      "systemtime": 165520,
      "usertime": 5192963
     },
     "16952281484": {
      "maxRSS": 185264,
      "systemtime": 165520,
      "usertime": 5196980
     },
     "16952283659": {
      "maxRSS": 185264,
      "systemtime": 165520,
      "usertime": 5196997
     },
     "16952285836": {
      "maxRSS": 185264,
      "systemtime": 165520,
      "usertime": 5201014
     },
     "16952288145": {
      "maxRSS": 185264,
      "systemtime": 165520,
      "usertime": 5205033
     },
     "16952290327": {
      "maxRSS": 185264,
      "systemtime": 165520,
      "usertime": 5205064
     },
     "16952292476": {
      "maxRSS": 185264,
      "systemtime": 165520,
      "usertime": 5209081
     },
     "16952294654": {
      "maxRSS": 185264,
      "systemtime": 165520,
      "usertime": 5209098
     },
     "16952296831": {
      "maxRSS": 185264,
      "systemtime": 165520,
      "usertime": 5213116
     },
     "16952299008": {
      "maxRSS": 185264,
      "systemtime": 165520,
      "usertime": 5213132
     },
     "16952301194": {
      "maxRSS": 185264,
      "systemtime": 165520,
      "usertime": 5217154
     },
     "16952303315": {
      "maxRSS": 185264,
      "systemtime": 165520,
      "usertime": 5217192
     },
     "16952305497": {
      "maxRSS": 185264,
      "systemtime": 165520,
      "usertime": 5221293
     },
     "16952307639": {
      "maxRSS": 185264,
      "systemtime": 165520,
      "usertime": 5221318
     },
     "16952309821": {
      "maxRSS": 185264,
      "systemtime": 165520,
      "usertime": 5225268
     },
     "16952311988": {
      "maxRSS": 185264,
      "systemtime": 165520,
      "usertime": 5225285
     },
     "16952314113": {
      "maxRSS": 185264,
      "systemtime": 165520,
      "usertime": 5229301
     },
     "16952316259": {
      "maxRSS": 185264,
      "systemtime": 165520,
      "usertime": 5233332
     },
     "16952318388": {
      "maxRSS": 185264,
      "systemtime": 165520,
      "usertime": 5233353
     },
     "16952320526": {
      "maxRSS": 185264,
      "systemtime": 165520,
      "usertime": 5237376
     },
     "16952322727": {
      "maxRSS": 185264,
      "systemtime": 165520,
      "usertime": 5237399
     },
     "16952324901": {
      "maxRSS": 185264,
      "systemtime": 165520,
      "usertime": 5241418
     },
     "16952327088": {
      "maxRSS": 185264,
      "systemtime": 165520,
      "usertime": 5241435
     },
     "16952329268": {
      "maxRSS": 185264,
      "systemtime": 165520,
      "usertime": 5245522
     },
     "16952331433": {
      "maxRSS": 185264,
      "systemtime": 165520,
      "usertime": 5245539
     },
     "16952333635": {
      "maxRSS": 185264,
      "systemtime": 165520,
      "usertime": 5249501
     },
     "16952335738": {
      "maxRSS": 185264,
      "systemtime": 165520,
      "usertime": 5249523
     },
     "16952337869": {
      "maxRSS": 185264,
      "systemtime": 165520,
      "usertime": 5253548
     },
     "16952340054": {
      "maxRSS": 185264,
      "systemtime": 165520,
      "usertime": 5257564
     },
     "16952342222": {
      "maxRSS": 185264,
      "systemtime": 165520,
      "usertime": 5257581
     },
     "16952344450": {
      "maxRSS": 185264,
      "systemtime": 165520,
      "usertime": 5261625
     },
     "16952346624": {
      "maxRSS": 185264,
      "systemtime": 165520,
      "usertime": 5261643
     },
     "16952348805": {
      "maxRSS": 185264,
      "systemtime": 165520,
      "usertime": 5265663
     },
     "16952351001": {
      "maxRSS": 185264,
      "systemtime": 165520,
      "usertime": 5265695
     },
     "16952353185": {
      "maxRSS": 185264,
      "systemtime": 165520,
      "usertime": 5269791
     },
     "16952355360": {
      "maxRSS": 185264,
      "systemtime": 165520,
      "usertime": 5269813
     },
     "16952357623": {
      "maxRSS": 185264,
      "systemtime": 165520,
      "usertime": 5273789
     },
     "16952359865": {
      "maxRSS": 185264,
      "systemtime": 165520,
      "usertime": 5273807
     },
     "16952362033": {
      "maxRSS": 185264,
      "systemtime": 165520,
      "usertime": 5277825
     },
     "16952364107": {
      "maxRSS": 185264,
      "systemtime": 165520,
      "usertime": 5281840
     },
     "16952366217": {
      "maxRSS": 185264,
      "systemtime": 165520,
      "usertime": 5281860
     },
     "16952368297": {
      "maxRSS": 185264,
      "systemtime": 165520,
      "usertime": 5285879
     },
     "16952370481": {
      "maxRSS": 185264,
      "systemtime": 165520,
      "usertime": 5285911
     },
     "16952372656": {
      "maxRSS": 185264,
      "systemtime": 165520,
      "usertime": 5289929
     },
     "16952374762": {
      "maxRSS": 185264,
      "systemtime": 165520,
      "usertime": 5289956
     },
     "16952376939": {
      "maxRSS": 185264,
      "systemtime": 165520,
      "usertime": 5293980
     },
     "16952379105": {
      "maxRSS": 185264,
      "systemtime": 165520,
      "usertime": 5293997
     },
     "16952381276": {
      "maxRSS": 185264,
      "systemtime": 165520,
      "usertime": 5298014
     },
     "16952383544": {
      "maxRSS": 185264,
      "systemtime": 165520,
      "usertime": 5298042
     },
     "16952385721": {
      "maxRSS": 185264,
      "systemtime": 165520,
      "usertime": 5302060
     },
     "16952387897": {
      "maxRSS": 185264,
      "systemtime": 165520,
      "usertime": 5302077
     },
     "16952390068": {
      "maxRSS": 185264,
      "systemtime": 165520,
      "usertime": 5306096
     },
     "16952392119": {
      "maxRSS": 185264,
      "systemtime": 165520,
      "usertime": 5310110
     },
     "16952394293": {
      "maxRSS": 185264,
      "systemtime": 165520,
      "usertime": 5310127
     },
     "16952396438": {
      "maxRSS": 185264,
      "systemtime": 165520,
      "usertime": 5314148
     },
     "16952398574": {
      "maxRSS": 185264,
      "systemtime": 165520,
      "usertime": 5314181
     },
     "16952400774": {
      "maxRSS": 185264,
      "systemtime": 165520,
      "usertime": 5318277
     },
     "16952402950": {
      "maxRSS": 185264,
      "systemtime": 165520,
      "usertime": 5318299
     },
     "16952405115": {
      "maxRSS": 185264,
      "systemtime": 165520,
      "usertime": 5322250
     },
     "16952407278": {
      "maxRSS": 185264,
      "systemtime": 165520,
      "usertime": 5322266
     },
     "16952411449": {
      "maxRSS": 185264,
      "systemtime": 165520,
      "usertime": 5326284
     },
     "16952415571": {
      "maxRSS": 185264,
      "systemtime": 165520,
      "usertime": 5330316
     },
     "16952419747": {
      "maxRSS": 185264,
      "systemtime": 165520,
      "usertime": 5334342
     },
     "16952423996": {
      "maxRSS": 185264,
      "systemtime": 165520,
      "usertime": 5338362
     },
     "16952428119": {
      "maxRSS": 185264,
      "systemtime": 165520,
      "usertime": 5346397
     },
     "16952432265": {
      "maxRSS": 185264,
      "systemtime": 165520,
      "usertime": 5350429
     },
     "16952436460": {
      "maxRSS": 185264,
      "systemtime": 165520,
      "usertime": 5354455
     },
     "16952440605": {
      "maxRSS": 185264,
      "systemtime": 165520,
      "usertime": 5358569
     },
     "16952444758": {
      "maxRSS": 185264,
      "systemtime": 165520,
      "usertime": 5362572
     },
     "16952448955": {
      "maxRSS": 185264,
      "systemtime": 165520,
      "usertime": 5366618
     },
     "16952453093": {
      "maxRSS": 185392,
      "systemtime": 165520,
      "usertime": 5370656
     },
     "16952457205": {
      "maxRSS": 186032,
      "systemtime": 165520,
      "usertime": 5374670
     },
     "16952461307": {
      "maxRSS": 186544,
      "systemtime": 165520,
      "usertime": 5378683
     },
     "16952465439": {
      "maxRSS": 187056,
      "systemtime": 165520,
      "usertime": 5382712
     },
     "16952469551": {
      "maxRSS": 187568,
      "systemtime": 165520,
      "usertime": 5386732
     },
     "16952473649": {
      "maxRSS": 188080,
      "systemtime": 165520,
      "usertime": 5390739
     },
     "16952477734": {
      "maxRSS": 188592,
      "systemtime": 165520,
      "usertime": 5394754
     },
     "16952481908": {
      "maxRSS": 189104,
      "systemtime": 165520,
      "usertime": 5398837
     },
     "16952486076": {
      "maxRSS": 189616,
      "systemtime": 165520,
      "usertime": 5402859
     },
     "16952490343": {
      "maxRSS": 190128,
      "systemtime": 165520,
      "usertime": 5406832
     },
     "16952494490": {
      "maxRSS": 190640,
      "systemtime": 165520,
      "usertime": 5410874
     },
     "16952498667": {
      "maxRSS": 191152,
      "systemtime": 165520,
      "usertime": 5414958
     },
     "16952502840": {
      "maxRSS": 191664,
      "systemtime": 165520,
      "usertime": 5418910
     },
     "16952507007": {
      "maxRSS": 192176,
      "systemtime": 165520,
      "usertime": 5422926
     },
     "16952511233": {
      "maxRSS": 192688,
      "systemtime": 165520,
      "usertime": 5426945
     },
     "16952515319": {
      "maxRSS": 193072,
      "systemtime": 165520,
      "usertime": 5430964
     },
     "16952519511": {
      "maxRSS": 193328,
      "systemtime": 169392,
      "usertime": 5432652
     },
     "16952523685": {
      "maxRSS": 193968,
      "systemtime": 169392,
      "usertime": 5435141
     },
     "16952527852": {
      "maxRSS": 194352,
      "systemtime": 169392,
      "usertime": 5439163
     },
     "16952532062": {
      "maxRSS": 194864,
      "systemtime": 173377,
      "usertime": 5443239
     },
     "16952536160": {
      "maxRSS": 195376,
      "systemtime": 173379,
      "usertime": 5447334
     },
     "16952540248": {
      "maxRSS": 195888,
      "systemtime": 173379,
      "usertime": 5451287
     },
     "16952544344": {
      "maxRSS": 196400,
      "systemtime": 173379,
      "usertime": 5455327
     },
     "16952548560": {
      "maxRSS": 196912,
      "systemtime": 173379,
      "usertime": 5459349
     },
     "16952552740": {
      "maxRSS": 197424,
      "systemtime": 173379,
      "usertime": 5463369
     },
     "16952556921": {
      "maxRSS": 198064,
      "systemtime": 173379,
      "usertime": 5467387
     },
     "16952561138": {
      "maxRSS": 198576,
      "systemtime": 173379,
      "usertime": 5471407
     },
     "16952565309": {
      "maxRSS": 199088,
      "systemtime": 173379,
      "usertime": 5475424
     },
     "16952569505": {
      "maxRSS": 199600,
      "systemtime": 173379,
      "usertime": 5479458
     },
     "16952573691": {
      "maxRSS": 200112,
      "systemtime": 173379,
      "usertime": 5483474
     },
     "16952577872": {
      "maxRSS": 200624,
      "systemtime": 173379,
      "usertime": 5487492
     },
     "16952582132": {
      "maxRSS": 201136,
      "systemtime": 173379,
      "usertime": 5491528
     },
     "16952586299": {
      "maxRSS": 201520,
      "systemtime": 173379,
      "usertime": 5495607
     },
     "16952590471": {
      "maxRSS": 202032,
      "systemtime": 173379,
      "usertime": 5499564
     },
     "16952594642": {
      "maxRSS": 202544,
      "systemtime": 173379,
      "usertime": 5503635
     },
     "16952598836": {
      "maxRSS": 203056,
      "systemtime": 173379,
      "usertime": 5507615
     },
     "16952603007": {
      "maxRSS": 203568,
      "systemtime": 173379,
      "usertime": 5511633
     },
     "16952607109": {
      "maxRSS": 203952,
      "systemtime": 173379,
      "usertime": 5515656
     },
     "16952611364": {
      "maxRSS": 204208,
      "systemtime": 177446,
      "usertime": 5516981
     },
     "16952615627": {
      "maxRSS": 204848,
      "systemtime": 177446,
      "usertime": 5519681
     },
     "16952619796": {
      "maxRSS": 205360,
      "systemtime": 177446,
      "usertime": 5523645
     },
     "16952624100": {
      "maxRSS": 205872,
      "systemtime": 177446,
      "usertime": 5531674
     },
     "16952628129": {
      "maxRSS": 206384,
      "systemtime": 177446,
      "usertime": 5535695
     },
     "16952632264": {
      "maxRSS": 206896,
      "systemtime": 177446,
      "usertime": 5539713
     },
     "16952636458": {
      "maxRSS": 207536,
      "systemtime": 177446,
      "usertime": 5543738
     },
     "16952640663": {
      "maxRSS": 207920,
      "systemtime": 177446,
      "usertime": 5547761
     },
     "16952644935": {
      "maxRSS": 208432,
      "systemtime": 177446,
      "usertime": 5551779
     },
     "16952649126": {
      "maxRSS": 208944,
      "systemtime": 177446,
      "usertime": 5555813
     },
     "16952653299": {
      "maxRSS": 209328,
      "systemtime": 181461,
      "usertime": 5556755
     },
     "16952657470": {
      "maxRSS": 209840,
      "systemtime": 181461,
      "usertime": 5559835
     },
     "16952661647": {
      "maxRSS": 210352,
      "systemtime": 181461,
      "usertime": 5563852
     },
     "16952665844": {
      "maxRSS": 210864,
      "systemtime": 185462,
      "usertime": 5563876
     },
     "16952669991": {
      "maxRSS": 211376,
      "systemtime": 185462,
      "usertime": 5567887
     },
     "16952674195": {
      "maxRSS": 211888,
      "systemtime": 185462,
      "usertime": 5571939
     },
     "16952678451": {
      "maxRSS": 212400,
      "systemtime": 185462,
      "usertime": 5575957
     },
     "16952682625": {
      "maxRSS": 213040,
      "systemtime": 185462,
      "usertime": 5579980
     },
     "16952686907": {
      "maxRSS": 213424,
      "systemtime": 185462,
      "usertime": 5584002
     },
     "16952691083": {
      "maxRSS": 213808,
      "systemtime": 185463,
      "usertime": 5588098
     },
     "16952695257": {
      "maxRSS": 214448,
      "systemtime": 185463,
      "usertime": 5592044
     },
     "16952699431": {
      "maxRSS": 214960,
      "systemtime": 189483,
      "usertime": 5592044
     },
     "16952703639": {
      "maxRSS": 215600,
      "systemtime": 189492,
      "usertime": 5596064
     },
     "16952707823": {
      "maxRSS": 216112,
      "systemtime": 189492,
      "usertime": 5600082
     },
     "16952711993": {
      "maxRSS": 216624,
      "systemtime": 189492,
      "usertime": 5604100
     },
     "16952716286": {
      "maxRSS": 217136,
      "systemtime": 189492,
      "usertime": 5612141
     },
     "16952720438": {
      "maxRSS": 217520,
      "systemtime": 189492,
      "usertime": 5616230
     },
     "16952724609": {
      "maxRSS": 218032,
      "systemtime": 193387,
      "usertime": 5616297
     },
     "16952728800": {
      "maxRSS": 218544,
      "systemtime": 193389,
      "usertime": 5620375
     },
     "16952733001": {
      "maxRSS": 219056,
      "systemtime": 193389,
      "usertime": 5624353
     },
     "16952737179": {
      "maxRSS": 219568,
      "systemtime": 193389,
      "usertime": 5628379
     },
     "16952741350": {
      "maxRSS": 220208,
      "systemtime": 193389,
      "usertime": 5632396
     },
     "16952745525": {
      "maxRSS": 220720,
      "systemtime": 193389,
      "usertime": 5636471
     },
     "16952749724": {
      "maxRSS": 221104,
      "systemtime": 193389,
      "usertime": 5640442
     },
     "16952753928": {
      "maxRSS": 221616,
      "systemtime": 193389,
      "usertime": 5644538
     },
     "16952758097": {
      "maxRSS": 222128,
      "systemtime": 193389,
      "usertime": 5648495
     },
     "16952762268": {
      "maxRSS": 222640,
      "systemtime": 193389,
      "usertime": 5652512
     },
     "16952766388": {
      "maxRSS": 223152,
      "systemtime": 197415,
      "usertime": 5652533
     },
     "16952770566": {
      "maxRSS": 223664,
      "systemtime": 197415,
      "usertime": 5656552
     },
     "16952774670": {
      "maxRSS": 224176,
      "systemtime": 197416,
      "usertime": 5660607
     },
     "16952778945": {
      "maxRSS": 224688,
      "systemtime": 197416,
      "usertime": 5664658
     },
     "16952783113": {
      "maxRSS": 225200,
      "systemtime": 197416,
      "usertime": 5668666
     },
     "16952787298": {
      "maxRSS": 225584,
      "systemtime": 197416,
      "usertime": 5672640
     },
     "16952791526": {
      "maxRSS": 226096,
      "systemtime": 197416,
      "usertime": 5676728
     },
     "16952795630": {
      "maxRSS": 226608,
      "systemtime": 197416,
      "usertime": 5680747
     },
     "16952799739": {
      "maxRSS": 227120,
      "systemtime": 197416,
      "usertime": 5684703
     },
     "16952803845": {
      "maxRSS": 227632,
      "systemtime": 197416,
      "usertime": 5688715
     },
     "16952808005": {
      "maxRSS": 228144,
      "systemtime": 197416,
      "usertime": 5696782
     },
     "16952812053": {
      "maxRSS": 228656,
      "systemtime": 197416,
      "usertime": 5700791
     },
     "16952816148": {
      "maxRSS": 229040,
      "systemtime": 197416,
      "usertime": 5704865
     },
     "16952820262": {
      "maxRSS": 229680,
      "systemtime": 197416,
      "usertime": 5708833
     },
     "16952824388": {
      "maxRSS": 230192,
      "systemtime": 197416,
      "usertime": 5712851
     },
     "16952828568": {
      "maxRSS": 230704,
      "systemtime": 197416,
      "usertime": 5716868
     },
     "16952832758": {
      "maxRSS": 231216,
      "systemtime": 197416,
      "usertime": 5720955
     },
     "16952836918": {
      "maxRSS": 231728,
      "systemtime": 197416,
      "usertime": 5724917
     },
     "16952841085": {
      "maxRSS": 232240,
      "systemtime": 201439,
      "usertime": 5724921
     },
     "16952845213": {
      "maxRSS": 232752,
      "systemtime": 201439,
      "usertime": 5728930
     },
     "16952849385": {
      "maxRSS": 233264,
      "systemtime": 201439,
      "usertime": 5732953
     },
     "16952853563": {
      "maxRSS": 233648,
      "systemtime": 201439,
      "usertime": 5736961
     },
     "16952857753": {
      "maxRSS": 234160,
      "systemtime": 201439,
      "usertime": 5740994
     },
     "16952862034": {
      "maxRSS": 234672,
      "systemtime": 201439,
      "usertime": 5745010
     },
     "16952866262": {
      "maxRSS": 235184,
      "systemtime": 201439,
      "usertime": 5749048
     },
     "16952870439": {
      "maxRSS": 235696,
      "systemtime": 201439,
      "usertime": 5753049
     },
     "16952874574": {
      "maxRSS": 236208,
      "systemtime": 201439,
      "usertime": 5757066
     },
     "16952878742": {
      "maxRSS": 236720,
      "systemtime": 201439,
      "usertime": 5761085
     },
     "16952883031": {
      "maxRSS": 237232,
      "systemtime": 201439,
      "usertime": 5765166
     },
     "16952887199": {
      "maxRSS": 237744,
      "systemtime": 201439,
      "usertime": 5769181
     },
     "16952891464": {
      "maxRSS": 238256,
      "systemtime": 201439,
      "usertime": 5773198
     },
     "16952895643": {
      "maxRSS": 238768,
      "systemtime": 201439,
      "usertime": 5777225
     },
     "16952899935": {
      "maxRSS": 239280,
      "systemtime": 201439,
      "usertime": 5781271
     },
     "16952904202": {
      "maxRSS": 239792,
      "systemtime": 201439,
      "usertime": 5789283
     },
     "16952908293": {
      "maxRSS": 240304,
      "systemtime": 201439,
      "usertime": 5793302
     },
     "16952912474": {
      "maxRSS": 240688,
      "systemtime": 201439,
      "usertime": 5797350
     },
     "16952916653": {
      "maxRSS": 241328,
      "systemtime": 201439,
      "usertime": 5801364
     },
     "16952920831": {
      "maxRSS": 241712,
      "systemtime": 205470,
      "usertime": 5801529
     },
     "16952925004": {
      "maxRSS": 242224,
      "systemtime": 205470,
      "usertime": 5805373
     },
     "16952929186": {
      "maxRSS": 242736,
      "systemtime": 205470,
      "usertime": 5809410
     },
     "16952933368": {
      "maxRSS": 243248,
      "systemtime": 205470,
      "usertime": 5813425
     },
     "16952937560": {
      "maxRSS": 243888,
      "systemtime": 205470,
      "usertime": 5817458
     },
     "16952941806": {
      "maxRSS": 244400,
      "systemtime": 205470,
      "usertime": 5821530
     },
     "16952949916": {
      "maxRSS": 245296,
      "systemtime": 205470,
      "usertime": 5829515
     },
     "16952958022": {
      "maxRSS": 246320,
      "systemtime": 205470,
      "usertime": 5837546
     },
     "16952966201": {
      "maxRSS": 247344,
      "systemtime": 205470,
      "usertime": 5845571
     },
     "16952974361": {
      "maxRSS": 248368,
      "systemtime": 209489,
      "usertime": 5849586
     },
     "16952982662": {
      "maxRSS": 249392,
      "systemtime": 209491,
      "usertime": 5857692
     },
     "16952990933": {
      "maxRSS": 250288,
      "systemtime": 209491,
      "usertime": 5865736
     },
     "16952999215": {
      "maxRSS": 251312,
      "systemtime": 209491,
      "usertime": 5873698
     },
     "16953007391": {
      "maxRSS": 252336,
      "systemtime": 209491,
      "usertime": 5881717
     },
     "16953015563": {
      "maxRSS": 253360,
      "systemtime": 209491,
      "usertime": 5889735
     },
     "16953023835": {
      "maxRSS": 254384,
      "systemtime": 209491,
      "usertime": 5897813
     },
     "16953032018": {
      "maxRSS": 255280,
      "systemtime": 209491,
      "usertime": 5909790
     },
     "16953040135": {
      "maxRSS": 256304,
      "systemtime": 209491,
      "usertime": 5917805
     },
     "16953048391": {
      "maxRSS": 257200,
      "systemtime": 209491,
      "usertime": 5925937
     },
     "16953056524": {
      "maxRSS": 258096,
      "systemtime": 209491,
      "usertime": 5933887
     },
     "16953064716": {
      "maxRSS": 259120,
      "systemtime": 209491,
      "usertime": 5941911
     },
     "16953072824": {
      "maxRSS": 260144,
      "systemtime": 209491,
      "usertime": 5949935
     },
     "16953080962": {
      "maxRSS": 261168,
      "systemtime": 209491,
      "usertime": 5957983
     },
     "16953089159": {
      "maxRSS": 262192,
      "systemtime": 209491,
      "usertime": 5966022
     },
     "16953097342": {
      "maxRSS": 263216,
      "systemtime": 209491,
      "usertime": 5974054
     },
     "16953105458": {
      "maxRSS": 264240,
      "systemtime": 209491,
      "usertime": 5982086
     },
     "16953113592": {
      "maxRSS": 265264,
      "systemtime": 209491,
      "usertime": 5990125
     },
     "16953121819": {
      "maxRSS": 266160,
      "systemtime": 213502,
      "usertime": 5994169
     },
     "16953130013": {
      "maxRSS": 266672,
      "systemtime": 213502,
      "usertime": 6002253
     },
     "16953138182": {
      "maxRSS": 267312,
      "systemtime": 213503,
      "usertime": 6010328
     },
     "16953146386": {
      "maxRSS": 268336,
      "systemtime": 213503,
      "usertime": 6018307
     },
     "16953154579": {
      "maxRSS": 269360,
      "systemtime": 213503,
      "usertime": 6026346
     },
     "16953162804": {
      "maxRSS": 270384,
      "systemtime": 213503,
      "usertime": 6034388
     },
     "16953171101": {
      "maxRSS": 271408,
      "systemtime": 217527,
      "usertime": 6038401
     },
     "16953179273": {
      "maxRSS": 272432,
      "systemtime": 217527,
      "usertime": 6046426
     },
     "16953187457": {
      "maxRSS": 273456,
      "systemtime": 217527,
      "usertime": 6054465
     },
     "16953195648": {
      "maxRSS": 274352,
      "systemtime": 221555,
      "usertime": 6058548
     },
     "16953203795": {
      "maxRSS": 275376,
      "systemtime": 221555,
      "usertime": 6066477
     },
     "16953212072": {
      "maxRSS": 276528,
      "systemtime": 221555,
      "usertime": 6078496
     },
     "16953220247": {
      "maxRSS": 277552,
      "systemtime": 221555,
      "usertime": 6086515
     },
     "16953228365": {
      "maxRSS": 278576,
      "systemtime": 221555,
      "usertime": 6094587
     },
     "16953236566": {
      "maxRSS": 279600,
      "systemtime": 225574,
      "usertime": 6098564
     },
     "16953244748": {
      "maxRSS": 280624,
      "systemtime": 225574,
      "usertime": 6106583
     },
     "16953252920": {
      "maxRSS": 281776,
      "systemtime": 225574,
      "usertime": 6114602
     },
     "16953261097": {
      "maxRSS": 282544,
      "systemtime": 229598,
      "usertime": 6118598
     },
     "16953269268": {
      "maxRSS": 283568,
      "systemtime": 229598,
      "usertime": 6126618
     },
     "16953277438": {
      "maxRSS": 284720,
      "systemtime": 233623,
      "usertime": 6130611
     },
     "16953285702": {
      "maxRSS": 285744,
      "systemtime": 233624,
      "usertime": 6138682
     },
     "16953293894": {
      "maxRSS": 286896,
      "systemtime": 233624,
      "usertime": 6146668
     },
     "16953302069": {
      "maxRSS": 287920,
      "systemtime": 233624,
      "usertime": 6154687
     },
     "16953310185": {
      "maxRSS": 288944,
      "systemtime": 233624,
      "usertime": 6162710
     },
     "16953318450": {
      "maxRSS": 289968,
      "systemtime": 233624,
      "usertime": 6170740
     },
     "16953326643": {
      "maxRSS": 290864,
      "systemtime": 233624,
      "usertime": 6178763
     },
     "16953334897": {
      "maxRSS": 291888,
      "systemtime": 233624,
      "usertime": 6186848
     },
     "16953343048": {
      "maxRSS": 292912,
      "systemtime": 233624,
      "usertime": 6194840
     },
     "16953351380": {
      "maxRSS": 293936,
      "systemtime": 233624,
      "usertime": 6202884
     },
     "16953359566": {
      "maxRSS": 294960,
      "systemtime": 233624,
      "usertime": 6210910
     },
     "16953367749": {
      "maxRSS": 295984,
      "systemtime": 233624,
      "usertime": 6218937
     },
     "16953375974": {
      "maxRSS": 297136,
      "systemtime": 237639,
      "usertime": 6222942
     },
     "16953384152": {
      "maxRSS": 298032,
      "systemtime": 237639,
      "usertime": 6230956
     },
     "16953392259": {
      "maxRSS": 299056,
      "systemtime": 245692,
      "usertime": 6234947
     },
     "16953400392": {
      "maxRSS": 300208,
      "systemtime": 245692,
      "usertime": 6242966
     },
     "16953408571": {
      "maxRSS": 301232,
      "systemtime": 245692,
      "usertime": 6250986
     },
     "16953416744": {
      "maxRSS": 302384,
      "systemtime": 245692,
      "usertime": 6259003
     },
     "16953424828": {
      "maxRSS": 303408,
      "systemtime": 245692,
      "usertime": 6267020
     },
     "16953433109": {
      "maxRSS": 304432,
      "systemtime": 245692,
      "usertime": 6275045
     },
     "16953441213": {
      "maxRSS": 305456,
      "systemtime": 245692,
      "usertime": 6283085
     },
     "16953449319": {
      "maxRSS": 306352,
      "systemtime": 245692,
      "usertime": 6291126
     },
     "16953457410": {
      "maxRSS": 307376,
      "systemtime": 245692,
      "usertime": 6299151
     },
     "16953465532": {
      "maxRSS": 308400,
      "systemtime": 245692,
      "usertime": 6307175
     },
     "16953473664": {
      "maxRSS": 309552,
      "systemtime": 245692,
      "usertime": 6315205
     },
     "16953481861": {
      "maxRSS": 310576,
      "systemtime": 249708,
      "usertime": 6319230
     },
     "16953489999": {
      "maxRSS": 311600,
      "systemtime": 249708,
      "usertime": 6327270
     },
     "16953498147": {
      "maxRSS": 312752,
      "systemtime": 249708,
      "usertime": 6335310
     },
     "16953506271": {
      "maxRSS": 313776,
      "systemtime": 249708,
      "usertime": 6343392
     },
     "16953514451": {
      "maxRSS": 314672,
      "systemtime": 249708,
      "usertime": 6351414
     },
     "16953522617": {
      "maxRSS": 315696,
      "systemtime": 249708,
      "usertime": 6359438
     },
     "16953530797": {
      "maxRSS": 316848,
      "systemtime": 249708,
      "usertime": 6367399
     },
     "16953538923": {
      "maxRSS": 317744,
      "systemtime": 249708,
      "usertime": 6375424
     },
     "16953547113": {
      "maxRSS": 318768,
      "systemtime": 249708,
      "usertime": 6383461
     },
     "16953555244": {
      "maxRSS": 319792,
      "systemtime": 249708,
      "usertime": 6391506
     },
     "16953563518": {
      "maxRSS": 320816,
      "systemtime": 249708,
      "usertime": 6399552
     },
     "16953571651": {
      "maxRSS": 321840,
      "systemtime": 249708,
      "usertime": 6407654
     },
     "16953579817": {
      "maxRSS": 322736,
      "systemtime": 249708,
      "usertime": 6415623
     },
     "16953588032": {
      "maxRSS": 323888,
      "systemtime": 249708,
      "usertime": 6427641
     },
     "16953596198": {
      "maxRSS": 325040,
      "systemtime": 249708,
      "usertime": 6435695
     },
     "16953604424": {
      "maxRSS": 326064,
      "systemtime": 249708,
      "usertime": 6443772
     },
     "16953612604": {
      "maxRSS": 327216,
      "systemtime": 249708,
      "usertime": 6451738
     },
     "16953620916": {
      "maxRSS": 328112,
      "systemtime": 253721,
      "usertime": 6455800
     },
     "16953629086": {
      "maxRSS": 329136,
      "systemtime": 253721,
      "usertime": 6463761
     },
     "16953637262": {
      "maxRSS": 330288,
      "systemtime": 257743,
      "usertime": 6467758
     },
     "16953645503": {
      "maxRSS": 331184,
      "systemtime": 257744,
      "usertime": 6475840
     },
     "16953653790": {
      "maxRSS": 332336,
      "systemtime": 257744,
      "usertime": 6483870
     },
     "16953661971": {
      "maxRSS": 333360,
      "systemtime": 257744,
      "usertime": 6491896
     },
     "16953670098": {
      "maxRSS": 334512,
      "systemtime": 257744,
      "usertime": 6499915
     },
     "16953678367": {
      "maxRSS": 335536,
      "systemtime": 257744,
      "usertime": 6507936
     },
     "16953686637": {
      "maxRSS": 336816,
      "systemtime": 261766,
      "usertime": 6511933
     },
     "16953694860": {
      "maxRSS": 337840,
      "systemtime": 261766,
      "usertime": 6519979
     },
     "16953703129": {
      "maxRSS": 338736,
      "systemtime": 265805,
      "usertime": 6524308
     },
     "16953711329": {
      "maxRSS": 339888,
      "systemtime": 269817,
      "usertime": 6527976
     },
     "16953719542": {
      "maxRSS": 340784,
      "systemtime": 269817,
      "usertime": 6536013
     },
     "16953727772": {
      "maxRSS": 341808,
      "systemtime": 269817,
      "usertime": 6544062
     },
     "16953735989": {
      "maxRSS": 342832,
      "systemtime": 269817,
      "usertime": 6552113
     },
     "16953744146": {
      "maxRSS": 343856,
      "systemtime": 269817,
      "usertime": 6564241
     },
     "16953752406": {
      "maxRSS": 345008,
      "systemtime": 269817,
      "usertime": 6572252
     },
     "16953760623": {
      "maxRSS": 346032,
      "systemtime": 269817,
      "usertime": 6580295
     },
     "16953768795": {
      "maxRSS": 346544,
      "systemtime": 277724,
      "usertime": 6580856
     },
     "16953776917": {
      "maxRSS": 347440,
      "systemtime": 277724,
      "usertime": 6588482
     },
     "16953785165": {
      "maxRSS": 348464,
      "systemtime": 277724,
      "usertime": 6596535
     },
     "16953793369": {
      "maxRSS": 349488,
      "systemtime": 277724,
      "usertime": 6604564
     },
     "16953801581": {
      "maxRSS": 350640,
      "systemtime": 277724,
      "usertime": 6612615
     },
     "16953809863": {
      "maxRSS": 351792,
      "systemtime": 277724,
      "usertime": 6620634
     },
     "16953818061": {
      "maxRSS": 352944,
      "systemtime": 277724,
      "usertime": 6628653
     },
     "16953826158": {
      "maxRSS": 353968,
      "systemtime": 277724,
      "usertime": 6636671
     },
     "16953834330": {
      "maxRSS": 354992,
      "systemtime": 277724,
      "usertime": 6644707
     },
     "16953842474": {
      "maxRSS": 356016,
      "systemtime": 277724,
      "usertime": 6652726
     },
     "16953850664": {
      "maxRSS": 357168,
      "systemtime": 277724,
      "usertime": 6660748
     },
     "16953858753": {
      "maxRSS": 358320,
      "systemtime": 277724,
      "usertime": 6668769
     },
     "16953866949": {
      "maxRSS": 359472,
      "systemtime": 277724,
      "usertime": 6676798
     },
     "16953875042": {
      "maxRSS": 360496,
      "systemtime": 277724,
      "usertime": 6684823
     },
     "16953883333": {
      "maxRSS": 360880,
      "systemtime": 277850,
      "usertime": 6692782
     },
     "16953891483": {
      "maxRSS": 361008,
      "systemtime": 277850,
      "usertime": 6700787
     },
     "16953895479": {
      "maxRSS": 361008,
      "systemtime": 277850,
      "usertime": 6708209
     },
     "16953896667": {
      "maxRSS": 361008,
      "systemtime": 277850,
      "usertime": 6708892
     },
     "16953897807": {
      "maxRSS": 361008,
      "systemtime": 277850,
      "usertime": 6708911
     },
     "16953899023": {
      "maxRSS": 361008,
      "systemtime": 277850,
      "usertime": 6708931
     },
     "16953900055": {
      "maxRSS": 361008,
      "systemtime": 277850,
      "usertime": 6712945
     },
     "16953901154": {
      "maxRSS": 361008,
      "systemtime": 277850,
      "usertime": 6712954
     },
     "16953902253": {
      "maxRSS": 361008,
      "systemtime": 277850,
      "usertime": 6712963
     },
     "16953903389": {
      "maxRSS": 361008,
      "systemtime": 277850,
      "usertime": 6713004
     },
     "16953904461": {
      "maxRSS": 361008,
      "systemtime": 277850,
      "usertime": 6717018
     },
     "16953904964": {
      "maxRSS": 361008,
      "systemtime": 277850,
      "usertime": 6717956
     },
     "16953906058": {
      "maxRSS": 361264,
      "systemtime": 277850,
      "usertime": 6717972
     },
     "16953907215": {
      "maxRSS": 361520,
      "systemtime": 277850,
      "usertime": 6717993
     },
     "16953908293": {
      "maxRSS": 361904,
      "systemtime": 277850,
      "usertime": 6721079
     },
     "16953909412": {
      "maxRSS": 362160,
      "systemtime": 277850,
      "usertime": 6721107
     },
     "16953910511": {
      "maxRSS": 362544,
      "systemtime": 277850,
      "usertime": 6721114
     },
     "16953911631": {
      "maxRSS": 362544,
      "systemtime": 277850,
      "usertime": 6721124
     },
     "16953912796": {
      "maxRSS": 362800,
      "systemtime": 277850,
      "usertime": 6725202
     },
     "16953913889": {
      "maxRSS": 363056,
      "systemtime": 277850,
      "usertime": 6725226
     },
     "16953915040": {
      "maxRSS": 363312,
      "systemtime": 277850,
      "usertime": 6725244
     },
     "16953916072": {
      "maxRSS": 363568,
      "systemtime": 277850,
      "usertime": 6729211
     },
     "16953917200": {
      "maxRSS": 363824,
      "systemtime": 277850,
      "usertime": 6729227
     },
     "16953918345": {
      "maxRSS": 364080,
      "systemtime": 277850,
      "usertime": 6729244
     },
     "16953919446": {
      "maxRSS": 364464,
      "systemtime": 277850,
      "usertime": 6729255
     },
     "16953920549": {
      "maxRSS": 364720,
      "systemtime": 277850,
      "usertime": 6733258
     },
     "16953921650": {
      "maxRSS": 365104,
      "systemtime": 277850,
      "usertime": 6733266
     },
     "16953922732": {
      "maxRSS": 365488,
      "systemtime": 277850,
      "usertime": 6733288
     },
     "16953923801": {
      "maxRSS": 365744,
      "systemtime": 277850,
      "usertime": 6733297
     },
     "16953924897": {
      "maxRSS": 366128,
      "systemtime": 277850,
      "usertime": 6737305
     },
     "16953925993": {
      "maxRSS": 366384,
      "systemtime": 277850,
      "usertime": 6737312
     },
     "16953927089": {
      "maxRSS": 366640,
      "systemtime": 277850,
      "usertime": 6737319
     },
     "16953928154": {
      "maxRSS": 367024,
      "systemtime": 277850,
      "usertime": 6741326
     },
     "16953929261": {
      "maxRSS": 367280,
      "systemtime": 277850,
      "usertime": 6741339
     },
     "16953930367": {
      "maxRSS": 367536,
      "systemtime": 277850,
      "usertime": 6741355
     },
     "16953931465": {
      "maxRSS": 367920,
      "systemtime": 277850,
      "usertime": 6741362
     },
     "16953932565": {
      "maxRSS": 368176,
      "systemtime": 277850,
      "usertime": 6745367
     },
     "16953933661": {
      "maxRSS": 368432,
      "systemtime": 277850,
      "usertime": 6745374
     },
     "16953934760": {
      "maxRSS": 368816,
      "systemtime": 277850,
      "usertime": 6745382
     },
     "16953935857": {
      "maxRSS": 369072,
      "systemtime": 277850,
      "usertime": 6745389
     },
     "16953936955": {
      "maxRSS": 369456,
      "systemtime": 277850,
      "usertime": 6749399
     },
     "16953938057": {
      "maxRSS": 369712,
      "systemtime": 277850,
      "usertime": 6749408
     },
     "16953939145": {
      "maxRSS": 369968,
      "systemtime": 277850,
      "usertime": 6749422
     },
     "16953940220": {
      "maxRSS": 370224,
      "systemtime": 277850,
      "usertime": 6753511
     },
     "16953941325": {
      "maxRSS": 370480,
      "systemtime": 277850,
      "usertime": 6753522
     },
     "16953942495": {
      "maxRSS": 370736,
      "systemtime": 277850,
      "usertime": 6753536
     },
     "16953943673": {
      "maxRSS": 370864,
      "systemtime": 277850,
      "usertime": 6753564
     },
     "16953944854": {
      "maxRSS": 371248,
      "systemtime": 277850,
      "usertime": 6757564
     },
     "16953946029": {
      "maxRSS": 371504,
      "systemtime": 277850,
      "usertime": 6757582
     },
     "16953947192": {
      "maxRSS": 371888,
      "systemtime": 277850,
      "usertime": 6757599
     },
     "16953948322": {
      "maxRSS": 372144,
      "systemtime": 277850,
      "usertime": 6761563
     },
     "16953949449": {
      "maxRSS": 372528,
      "systemtime": 277850,
      "usertime": 6761579
     },
     "16953950627": {
      "maxRSS": 372784,
      "systemtime": 277850,
      "usertime": 6761609
     },
     "16953951791": {
      "maxRSS": 373040,
      "systemtime": 277850,
      "usertime": 6761626
     },
     "16953952961": {
      "maxRSS": 373424,
      "systemtime": 277850,
      "usertime": 6765643
     },
     "16953954252": {
      "maxRSS": 373808,
      "systemtime": 277850,
      "usertime": 6765669
     },
     "16953955520": {
      "maxRSS": 374064,
      "systemtime": 277850,
      "usertime": 6765690
     },
     "16953956697": {
      "maxRSS": 374448,
      "systemtime": 277850,
      "usertime": 6769710
     },
     "16953957877": {
      "maxRSS": 374704,
      "systemtime": 277850,
      "usertime": 6769727
     },
     "16953959063": {
      "maxRSS": 375088,
      "systemtime": 277850,
      "usertime": 6769761
     },
     "16953960115": {
      "maxRSS": 375344,
      "systemtime": 277850,
      "usertime": 6773775
     },
     "16953961285": {
      "maxRSS": 375728,
      "systemtime": 277850,
      "usertime": 6773793
     },
     "16953962462": {
      "maxRSS": 375984,
      "systemtime": 277850,
      "usertime": 6773815
     },
     "16953963632": {
      "maxRSS": 376368,
      "systemtime": 277850,
      "usertime": 6773833
     },
     "16953964858": {
      "maxRSS": 376624,
      "systemtime": 277850,
      "usertime": 6777872
     },
     "16953966042": {
      "maxRSS": 377008,
      "systemtime": 277850,
      "usertime": 6777903
     },
     "16953967220": {
      "maxRSS": 377264,
      "systemtime": 277850,
      "usertime": 6777921
     },
     "16953968353": {
      "maxRSS": 377648,
      "systemtime": 277850,
      "usertime": 6781939
     },
     "16953969524": {
      "maxRSS": 377904,
      "systemtime": 277850,
      "usertime": 6781956
     },
     "16953970757": {
      "maxRSS": 378288,
      "systemtime": 277850,
      "usertime": 6781997
     },
     "16953971946": {
      "maxRSS": 378544,
      "systemtime": 277850,
      "usertime": 6782030
     },
     "16953973333": {
      "maxRSS": 378800,
      "systemtime": 281593,
      "usertime": 6782390
     },
     "16953974506": {
      "maxRSS": 378928,
      "systemtime": 281595,
      "usertime": 6782421
     },
     "16953975694": {
      "maxRSS": 379312,
      "systemtime": 281596,
      "usertime": 6782455
     },
     "16953976962": {
      "maxRSS": 379696,
      "systemtime": 281596,
      "usertime": 6786474
     },
     "16953978094": {
      "maxRSS": 379952,
      "systemtime": 281597,
      "usertime": 6786490
     },
     "16953979262": {
      "maxRSS": 380336,
      "systemtime": 281597,
      "usertime": 6786506
     },
     "16953980468": {
      "maxRSS": 380592,
      "systemtime": 281598,
      "usertime": 6790540
     },
     "16953981645": {
      "maxRSS": 380976,
      "systemtime": 281598,
      "usertime": 6790556
     },
     "16953982817": {
      "maxRSS": 381232,
      "systemtime": 281599,
      "usertime": 6790573
     },
     "16953983982": {
      "maxRSS": 381616,
      "systemtime": 281600,
      "usertime": 6790589
     },
     "16953985150": {
      "maxRSS": 381872,
      "systemtime": 281600,
      "usertime": 6794605
     },
     "16953986329": {
      "maxRSS": 382256,
      "systemtime": 281601,
      "usertime": 6794637
     },
     "16953987520": {
      "maxRSS": 382512,
      "systemtime": 281602,
      "usertime": 6794659
     },
     "16953988639": {
      "maxRSS": 382768,
      "systemtime": 281602,
      "usertime": 6798695
     },
     "16953989786": {
      "maxRSS": 383024,
      "systemtime": 281603,
      "usertime": 6798718
     },
     "16953990962": {
      "maxRSS": 383280,
      "systemtime": 281604,
      "usertime": 6798738
     },
     "16953992136": {
      "maxRSS": 383664,
      "systemtime": 281604,
      "usertime": 6802752
     },
     "16953993391": {
      "maxRSS": 384048,
      "systemtime": 281604,
      "usertime": 6802769
     },
     "16953994570": {
      "maxRSS": 384304,
      "systemtime": 281605,
      "usertime": 6802786
     },
     "16953995765": {
      "maxRSS": 384688,
      "systemtime": 281606,
      "usertime": 6802820
     },
     "16953996934": {
      "maxRSS": 384944,
      "systemtime": 281606,
      "usertime": 6806836
     },
     "16953998101": {
      "maxRSS": 385328,
      "systemtime": 281607,
      "usertime": 6806853
     },
     "16953999201": {
      "maxRSS": 385584,
      "systemtime": 281608,
      "usertime": 6806869
     },
     "16954000280": {
      "maxRSS": 385840,
      "systemtime": 281608,
      "usertime": 6810885
     },
     "16954001446": {
      "maxRSS": 386224,
      "systemtime": 281608,
      "usertime": 6810901
     },
     "16954002666": {
      "maxRSS": 386480,
      "systemtime": 281609,
      "usertime": 6810928
     },
     "16954003752": {
      "maxRSS": 386736,
      "systemtime": 281610,
      "usertime": 6810945
     },
     "16954004836": {
      "maxRSS": 386864,
      "systemtime": 281610,
      "usertime": 6814968
     },
     "16954005963": {
      "maxRSS": 387120,
      "systemtime": 281610,
      "usertime": 6814985
     },
     "16954007174": {
      "maxRSS": 387376,
      "systemtime": 281612,
      "usertime": 6815015
     },
     "16954008246": {
      "maxRSS": 387760,
      "systemtime": 281612,
      "usertime": 6819034
     },
     "16954009351": {
      "maxRSS": 388016,
      "systemtime": 281612,
      "usertime": 6819052
     },
     "16954010448": {
      "maxRSS": 388272,
      "systemtime": 281613,
      "usertime": 6819062
     },
     "16954011639": {
      "maxRSS": 388656,
      "systemtime": 281613,
      "usertime": 6819080
     },
     "16954012874": {
      "maxRSS": 389040,
      "systemtime": 285637,
      "usertime": 6819094
     },
     "16954014065": {
      "maxRSS": 389296,
      "systemtime": 285638,
      "usertime": 6819111
     },
     "16954015264": {
      "maxRSS": 389680,
      "systemtime": 285638,
      "usertime": 6819127
     },
     "16954016418": {
      "maxRSS": 389936,
      "systemtime": 285638,
      "usertime": 6823143
     },
     "16954017612": {
      "maxRSS": 390320,
      "systemtime": 285639,
      "usertime": 6823171
     },
     "16954018893": {
      "maxRSS": 390576,
      "systemtime": 285640,
      "usertime": 6823187
     },
     "16954020118": {
      "maxRSS": 390960,
      "systemtime": 285640,
      "usertime": 6827203
     },
     "16954021220": {
      "maxRSS": 391216,
      "systemtime": 285640,
      "usertime": 6827215
     },
     "16954022321": {
      "maxRSS": 391600,
      "systemtime": 285641,
      "usertime": 6827227
     },
     "16954023384": {
      "maxRSS": 391856,
      "systemtime": 285641,
      "usertime": 6827234
     },
     "16954024494": {
      "maxRSS": 392112,
      "systemtime": 285641,
      "usertime": 6831255
     },
     "16954025593": {
      "maxRSS": 392368,
      "systemtime": 285641,
      "usertime": 6831266
     },
     "16954026691": {
      "maxRSS": 392752,
      "systemtime": 285642,
      "usertime": 6831272
     },
     "16954027756": {
      "maxRSS": 393008,
      "systemtime": 285642,
      "usertime": 6831279
     },
     "16954028860": {
      "maxRSS": 393264,
      "systemtime": 285642,
      "usertime": 6835285
     },
     "16954029923": {
      "maxRSS": 393648,
      "systemtime": 285642,
      "usertime": 6835292
     },
     "16954031025": {
      "maxRSS": 393904,
      "systemtime": 285642,
      "usertime": 6835306
     },
     "16954032041": {
      "maxRSS": 394160,
      "systemtime": 285642,
      "usertime": 6839312
     },
     "16954033104": {
      "maxRSS": 394544,
      "systemtime": 285642,
      "usertime": 6839319
     },
     "16954034198": {
      "maxRSS": 394800,
      "systemtime": 285642,
      "usertime": 6839325
     },
     "16954035331": {
      "maxRSS": 394928,
      "systemtime": 285642,
      "usertime": 6839338
     },
     "16954036451": {
      "maxRSS": 395056,
      "systemtime": 289679,
      "usertime": 6839656
     },
     "16954037731": {
      "maxRSS": 395312,
      "systemtime": 289680,
      "usertime": 6839685
     },
     "16954038939": {
      "maxRSS": 395568,
      "systemtime": 289681,
      "usertime": 6839706
     },
     "16954040117": {
      "maxRSS": 395824,
      "systemtime": 289681,
      "usertime": 6843403
     },
     "16954041285": {
      "maxRSS": 396080,
      "systemtime": 289681,
      "usertime": 6843420
     },
     "16954042458": {
      "maxRSS": 396464,
      "systemtime": 289681,
      "usertime": 6843437
     },
     "16954043632": {
      "maxRSS": 396720,
      "systemtime": 289681,
      "usertime": 6843455
     },
     "16954044815": {
      "maxRSS": 397104,
      "systemtime": 289681,
      "usertime": 6847472
     },
     "16954045999": {
      "maxRSS": 397360,
      "systemtime": 289681,
      "usertime": 6847497
     },
     "16954047166": {
      "maxRSS": 397744,
      "systemtime": 289681,
      "usertime": 6847514
     },
     "16954048242": {
      "maxRSS": 398000,
      "systemtime": 289681,
      "usertime": 6851530
     },
     "16954049416": {
      "maxRSS": 398384,
      "systemtime": 289681,
      "usertime": 6851547
     },
     "16954050586": {
      "maxRSS": 398640,
      "systemtime": 289681,
      "usertime": 6851563
     },
     "16954052777": {
      "maxRSS": 399280,
      "systemtime": 293696,
      "usertime": 6851583
     },
     "16954055026": {
      "maxRSS": 399792,
      "systemtime": 293698,
      "usertime": 6851621
     },
     "16954057212": {
      "maxRSS": 400304,
      "systemtime": 297706,
      "usertime": 6851621
     },
     "16954059397": {
      "maxRSS": 400944,
      "systemtime": 297721,
      "usertime": 6851622
     },
     "16954061572": {
      "maxRSS": 401456,
      "systemtime": 297721,
      "usertime": 6855637
     },
     "16954063742": {
      "maxRSS": 402096,
      "systemtime": 297722,
      "usertime": 6855654
     },
     "16954065922": {
      "maxRSS": 402608,
      "systemtime": 301739,
      "usertime": 6855654
     },
     "16954068186": {
      "maxRSS": 402992,
      "systemtime": 301747,
      "usertime": 6855696
     },
     "16954070300": {
      "maxRSS": 403504,
      "systemtime": 305791,
      "usertime": 6856170
     },
     "16954072393": {
      "maxRSS": 404144,
      "systemtime": 305791,
      "usertime": 6859710
     },
     "16954074504": {
      "maxRSS": 404656,
      "systemtime": 305791,
      "usertime": 6859725
     },
     "16954076632": {
      "maxRSS": 405296,
      "systemtime": 305791,
      "usertime": 6863762
     },
     "16954078761": {
      "maxRSS": 405808,
      "systemtime": 305791,
      "usertime": 6863800
     },
     "16954080902": {
      "maxRSS": 406448,
      "systemtime": 305791,
      "usertime": 6867851
     },
     "16954083103": {
      "maxRSS": 406960,
      "systemtime": 305791,
      "usertime": 6867876
     },
     "16954085273": {
      "maxRSS": 407600,
      "systemtime": 305791,
      "usertime": 6871894
     },
     "16954087450": {
      "maxRSS": 408240,
      "systemtime": 305791,
      "usertime": 6871911
     },
     "16954089632": {
      "maxRSS": 408880,
      "systemtime": 305791,
      "usertime": 6875929
     },
     "16954091807": {
      "maxRSS": 409392,
      "systemtime": 305791,
      "usertime": 6875946
     },
     "16954093978": {
      "maxRSS": 410032,
      "systemtime": 305791,
      "usertime": 6879963
     },
     "16954096115": {
      "maxRSS": 410544,
      "systemtime": 305791,
      "usertime": 6883986
     },
     "16954098247": {
      "maxRSS": 411056,
      "systemtime": 305791,
      "usertime": 6884004
     },
     "16954100383": {
      "maxRSS": 411312,
      "systemtime": 305791,
      "usertime": 6888038
     },
     "16954102504": {
      "maxRSS": 411952,
      "systemtime": 305791,
      "usertime": 6888062
     },
     "16954104611": {
      "maxRSS": 412464,
      "systemtime": 305791,
      "usertime": 6892068
     },
     "16954106711": {
      "maxRSS": 413104,
      "systemtime": 305791,
      "usertime": 6892075
     },
     "16954108786": {
      "maxRSS": 413744,
      "systemtime": 305791,
      "usertime": 6896091
     },
     "16954110885": {
      "maxRSS": 414256,
      "systemtime": 305791,
      "usertime": 6896098
     },
     "16954112982": {
      "maxRSS": 414896,
      "systemtime": 305791,
      "usertime": 6900106
     },
     "16954115070": {
      "maxRSS": 415280,
      "systemtime": 305791,
      "usertime": 6900122
     },
     "16954117175": {
      "maxRSS": 415536,
      "systemtime": 305791,
      "usertime": 6904158
     },
     "16954119293": {
      "maxRSS": 415792,
      "systemtime": 305791,
      "usertime": 6904191
     },
     "16954121452": {
      "maxRSS": 416176,
      "systemtime": 305791,
      "usertime": 6908245
     },
     "16954123608": {
      "maxRSS": 416816,
      "systemtime": 305791,
      "usertime": 6908265
     },
     "16954125735": {
      "maxRSS": 417328,
      "systemtime": 305791,
      "usertime": 6912297
     },
     "16954127863": {
      "maxRSS": 417968,
      "systemtime": 305791,
      "usertime": 6912320
     },
     "16954130000": {
      "maxRSS": 418480,
      "systemtime": 305791,
      "usertime": 6916344
     },
     "16954132145": {
      "maxRSS": 418992,
      "systemtime": 305791,
      "usertime": 6920416
     },
     "16954134274": {
      "maxRSS": 419248,
      "systemtime": 305791,
      "usertime": 6920448
     },
     "16954136350": {
      "maxRSS": 419760,
      "systemtime": 305791,
      "usertime": 6924416
     },
     "16954138601": {
      "maxRSS": 420400,
      "systemtime": 305791,
      "usertime": 6924457
     },
     "16954140705": {
      "maxRSS": 420912,
      "systemtime": 305791,
      "usertime": 6928467
     },
     "16954142817": {
      "maxRSS": 421552,
      "systemtime": 305791,
      "usertime": 6928483
     },
     "16954144923": {
      "maxRSS": 422064,
      "systemtime": 305791,
      "usertime": 6932511
     },
     "16954147086": {
      "maxRSS": 422576,
      "systemtime": 305791,
      "usertime": 6932540
     },
     "16954149174": {
      "maxRSS": 423216,
      "systemtime": 309812,
      "usertime": 6932549
     },
     "16954151273": {
      "maxRSS": 423728,
      "systemtime": 309812,
      "usertime": 6932558
     },
     "16954153408": {
      "maxRSS": 424240,
      "systemtime": 309812,
      "usertime": 6936570
     },
     "16954155613": {
      "maxRSS": 424880,
      "systemtime": 309812,
      "usertime": 6936588
     },
     "16954157817": {
      "maxRSS": 425392,
      "systemtime": 309814,
      "usertime": 6940655
     },
     "16954159984": {
      "maxRSS": 425904,
      "systemtime": 309815,
      "usertime": 6940672
     },
     "16954162245": {
      "maxRSS": 426544,
      "systemtime": 313664,
      "usertime": 6940838
     },
     "16954164324": {
      "maxRSS": 427056,
      "systemtime": 313664,
      "usertime": 6944854
     },
     "16954166427": {
      "maxRSS": 427440,
      "systemtime": 313665,
      "usertime": 6944879
     },
     "16954168521": {
      "maxRSS": 427952,
      "systemtime": 313668,
      "usertime": 6948961
     },
     "16954170638": {
      "maxRSS": 428592,
      "systemtime": 313669,
      "usertime": 6948984
     },
     "16954172719": {
      "maxRSS": 429104,
      "systemtime": 313669,
      "usertime": 6952949
     },
     "16954174840": {
      "maxRSS": 429616,
      "systemtime": 313669,
      "usertime": 6952982
     },
     "16954176930": {
      "maxRSS": 430128,
      "systemtime": 313669,
      "usertime": 6957007
     },
     "16954179057": {
      "maxRSS": 430768,
      "systemtime": 313669,
      "usertime": 6957035
     },
     "16954181172": {
      "maxRSS": 431280,
      "systemtime": 317691,
      "usertime": 6957041
     },
     "16954183303": {
      "maxRSS": 431792,
      "systemtime": 317693,
      "usertime": 6957076
     },
     "16954185420": {
      "maxRSS": 432432,
      "systemtime": 317693,
      "usertime": 6961103
     },
     "16954187563": {
      "maxRSS": 432944,
      "systemtime": 317695,
      "usertime": 6961147
     },
     "16954189759": {
      "maxRSS": 433456,
      "systemtime": 317695,
      "usertime": 6965172
     },
     "16954191936": {
      "maxRSS": 434096,
      "systemtime": 317696,
      "usertime": 6965188
     },
     "16954194107": {
      "maxRSS": 434608,
      "systemtime": 317696,
      "usertime": 6969204
     },
     "16954196186": {
      "maxRSS": 435248,
      "systemtime": 317696,
      "usertime": 6973221
     },
     "16954198299": {
      "maxRSS": 435504,
      "systemtime": 317696,
      "usertime": 6973237
     },
     "16954200404": {
      "maxRSS": 436016,
      "systemtime": 317697,
      "usertime": 6977280
     },
     "16954202517": {
      "maxRSS": 436528,
      "systemtime": 317698,
      "usertime": 6977301
     },
     "16954204586": {
      "maxRSS": 437040,
      "systemtime": 317698,
      "usertime": 6981305
     },
     "16954206666": {
      "maxRSS": 437552,
      "systemtime": 317698,
      "usertime": 6981321
     },
     "16954208754": {
      "maxRSS": 438064,
      "systemtime": 317698,
      "usertime": 6985341
     },
     "16954210917": {
      "maxRSS": 438448,
      "systemtime": 317700,
      "usertime": 6985400
     },
     "16954213061": {
      "maxRSS": 438960,
      "systemtime": 317707,
      "usertime": 6989561
     },
     "16954215208": {
      "maxRSS": 439472,
      "systemtime": 317709,
      "usertime": 6989598
     },
     "16954217286": {
      "maxRSS": 440112,
      "systemtime": 317709,
      "usertime": 6993488
     },
     "16954219427": {
      "maxRSS": 440624,
      "systemtime": 317709,
      "usertime": 6993509
     },
     "16954221535": {
      "maxRSS": 441136,
      "systemtime": 321723,
      "usertime": 6993509
     },
     "16954223637": {
      "maxRSS": 441776,
      "systemtime": 321725,
      "usertime": 6993516
     },
     "16954225790": {
      "maxRSS": 442288,
      "systemtime": 321725,
      "usertime": 6997530
     },
     "16954227919": {
      "maxRSS": 442800,
      "systemtime": 321727,
      "usertime": 6997563
     },
     "16954230035": {
      "maxRSS": 443312,
      "systemtime": 321727,
      "usertime": 7001574
     },
     "16954232125": {
      "maxRSS": 443568,
      "systemtime": 321727,
      "usertime": 7005587
     },
     "16954234296": {
      "maxRSS": 444208,
      "systemtime": 321727,
      "usertime": 7005604
     },
     "16954236372": {
      "maxRSS": 444720,
      "systemtime": 325741,
      "usertime": 7005604
     },
     "16954238479": {
      "maxRSS": 445232,
      "systemtime": 325748,
      "usertime": 7005609
     },
     "16954240595": {
      "maxRSS": 445872,
      "systemtime": 325748,
      "usertime": 7009631
     },
     "16954242701": {
      "maxRSS": 446512,
      "systemtime": 325749,
      "usertime": 7009639
     },
     "16954244805": {
      "maxRSS": 447024,
      "systemtime": 325749,
      "usertime": 7013648
     },
     "16954246907": {
      "maxRSS": 447536,
      "systemtime": 325749,
      "usertime": 7013657
     },
     "16954249006": {
      "maxRSS": 448176,
      "systemtime": 329768,
      "usertime": 7013657
     },
     "16954251182": {
      "maxRSS": 448688,
      "systemtime": 329771,
      "usertime": 7013671
     },
     "16954253373": {
      "maxRSS": 449328,
      "systemtime": 333791,
      "usertime": 7013671
     },
     "16954255551": {
      "maxRSS": 449840,
      "systemtime": 333793,
      "usertime": 7013686
     },
     "16954257733": {
      "maxRSS": 450480,
      "systemtime": 337814,
      "usertime": 7013686
     },
     "16954259986": {
      "maxRSS": 450992,
      "systemtime": 337816,
      "usertime": 7013715
     },
     "16954262238": {
      "maxRSS": 451504,
      "systemtime": 337816,
      "usertime": 7017775
     },
     "16954264312": {
      "maxRSS": 451888,
      "systemtime": 337816,
      "usertime": 7021846
     },
     "16954266421": {
      "maxRSS": 452400,
      "systemtime": 337816,
      "usertime": 7021860
     },
     "16954268531": {
      "maxRSS": 452912,
      "systemtime": 337816,
      "usertime": 7025823
     },
     "16954270647": {
      "maxRSS": 453552,
      "systemtime": 337816,
      "usertime": 7025840
     },
     "16954272864": {
      "maxRSS": 454064,
      "systemtime": 337816,
      "usertime": 7029865
     },
     "16954275074": {
      "maxRSS": 454704,
      "systemtime": 337816,
      "usertime": 7029888
     },
     "16954277211": {
      "maxRSS": 455216,
      "systemtime": 341659,
      "usertime": 7030145
     },
     "16954279317": {
      "maxRSS": 455728,
      "systemtime": 341660,
      "usertime": 7030157
     },
     "16954282314": {
      "maxRSS": 456624,
      "systemtime": 345526,
      "usertime": 7031072
     },
     "16954284462": {
      "maxRSS": 457136,
      "systemtime": 345527,
      "usertime": 7035106
     },
     "16954286625": {
      "maxRSS": 457648,
      "systemtime": 345529,
      "usertime": 7035145
     },
     "16954288816": {
      "maxRSS": 458288,
      "systemtime": 345530,
      "usertime": 7039174
     },
     "16954291024": {
      "maxRSS": 458800,
      "systemtime": 345531,
      "usertime": 7039191
     },
     "16954293234": {
      "maxRSS": 459440,
      "systemtime": 345531,
      "usertime": 7043209
     },
     "16954295418": {
      "maxRSS": 459824,
      "systemtime": 345532,
      "usertime": 7043237
     },
     "16954297589": {
      "maxRSS": 460336,
      "systemtime": 345532,
      "usertime": 7047256
     },
     "16954299869": {
      "maxRSS": 460848,
      "systemtime": 345533,
      "usertime": 7047272
     },
     "16954302142": {
      "maxRSS": 461488,
      "systemtime": 349551,
      "usertime": 7047286
     },
     "16954304236": {
      "maxRSS": 462000,
      "systemtime": 349552,
      "usertime": 7051312
     },
     "16954306325": {
      "maxRSS": 462640,
      "systemtime": 349553,
      "usertime": 7051332
     },
     "16954308519": {
      "maxRSS": 463024,
      "systemtime": 349556,
      "usertime": 7055423
     },
     "16954310689": {
      "maxRSS": 463664,
      "systemtime": 349557,
      "usertime": 7055439
     },
     "16954312886": {
      "maxRSS": 464176,
      "systemtime": 349557,
      "usertime": 7059424
     },
     "16954315018": {
      "maxRSS": 464816,
      "systemtime": 349557,
      "usertime": 7059449
     },
     "16954317125": {
      "maxRSS": 465328,
      "systemtime": 349557,
      "usertime": 7063469
     },
     "16954319266": {
      "maxRSS": 465840,
      "systemtime": 349558,
      "usertime": 7063485
     },
     "16954321374": {
      "maxRSS": 466480,
      "systemtime": 349558,
      "usertime": 7067513
     },
     "16954323485": {
      "maxRSS": 466992,
      "systemtime": 349560,
      "usertime": 7067551
     },
     "16954325591": {
      "maxRSS": 467504,
      "systemtime": 349560,
      "usertime": 7071567
     },
     "16954329772": {
      "maxRSS": 468400,
      "systemtime": 349563,
      "usertime": 7075639
     },
     "16954333953": {
      "maxRSS": 469424,
      "systemtime": 349563,
      "usertime": 7079600
     },
     "16954338084": {
      "maxRSS": 470576,
      "systemtime": 349563,
      "usertime": 7083619
     },
     "16954342312": {
      "maxRSS": 471472,
      "systemtime": 349563,
      "usertime": 7087674
     },
     "16954346612": {
      "maxRSS": 472496,
      "systemtime": 349563,
      "usertime": 7091702
     },
     "16954350785": {
      "maxRSS": 473520,
      "systemtime": 353582,
      "usertime": 7091735
     },
     "16954354915": {
      "maxRSS": 474672,
      "systemtime": 357601,
      "usertime": 7091754
     },
     "16954358995": {
      "maxRSS": 475696,
      "systemtime": 361619,
      "usertime": 7091768
     },
     "16954363205": {
      "maxRSS": 476464,
      "systemtime": 365658,
      "usertime": 7092164
     },
     "16954367396": {
      "maxRSS": 477488,
      "systemtime": 365658,
      "usertime": 7095805
     },
     "16954371543": {
      "maxRSS": 478512,
      "systemtime": 365658,
      "usertime": 7099784
     },
     "16954375722": {
      "maxRSS": 479664,
      "systemtime": 365658,
      "usertime": 7103872
     },
     "16954379896": {
      "maxRSS": 480688,
      "systemtime": 365658,
      "usertime": 7107820
     },
     "16954384156": {
      "maxRSS": 481840,
      "systemtime": 365658,
      "usertime": 7115838
     },
     "16954388237": {
      "maxRSS": 482864,
      "systemtime": 365658,
      "usertime": 7119856
     },
     "16954392374": {
      "maxRSS": 483760,
      "systemtime": 365658,
      "usertime": 7119876
     },
     "16954396535": {
      "maxRSS": 484784,
      "systemtime": 369656,
      "usertime": 7123920
     },
     "16954400713": {
      "maxRSS": 485936,
      "systemtime": 369656,
      "usertime": 7127937
     },
     "16954404889": {
      "maxRSS": 486960,
      "systemtime": 369656,
      "usertime": 7131956
     },
     "16954409082": {
      "maxRSS": 488112,
      "systemtime": 369656,
      "usertime": 7135974
     },
     "16954413256": {
      "maxRSS": 489136,
      "systemtime": 369656,
      "usertime": 7139992
     },
     "16954417425": {
      "maxRSS": 490288,
      "systemtime": 369656,
      "usertime": 7144009
     },
     "16954421592": {
      "maxRSS": 491312,
      "systemtime": 369656,
      "usertime": 7148027
     },
     "16954425756": {
      "maxRSS": 492080,
      "systemtime": 373714,
      "usertime": 7148805
     },
     "16954429879": {
      "maxRSS": 493232,
      "systemtime": 373714,
      "usertime": 7152045
     },
     "16954434012": {
      "maxRSS": 494256,
      "systemtime": 373714,
      "usertime": 7156066
     },
     "16954438186": {
      "maxRSS": 495280,
      "systemtime": 373714,
      "usertime": 7160148
     },
     "16954442372": {
      "maxRSS": 496432,
      "systemtime": 373714,
      "usertime": 7164106
     },
     "16954446542": {
      "maxRSS": 497584,
      "systemtime": 373714,
      "usertime": 7168122
     },
     "16954450711": {
      "maxRSS": 498608,
      "systemtime": 373714,
      "usertime": 7172159
     },
     "16954454880": {
      "maxRSS": 499632,
      "systemtime": 373714,
      "usertime": 7176233
     },
     "16954459073": {
      "maxRSS": 500528,
      "systemtime": 377741,
      "usertime": 7177092
     },
     "16954463248": {
      "maxRSS": 501680,
      "systemtime": 377741,
      "usertime": 7180224
     },
     "16954467510": {
      "maxRSS": 502448,
      "systemtime": 381715,
      "usertime": 7180274
     },
     "16954471711": {
      "maxRSS": 503472,
      "systemtime": 381718,
      "usertime": 7184335
     },
     "16954475952": {
      "maxRSS": 504624,
      "systemtime": 385731,
      "usertime": 7184335
     },
     "16954480199": {
      "maxRSS": 505776,
      "systemtime": 385736,
      "usertime": 7192369
     },
     "16954484284": {
      "maxRSS": 506800,
      "systemtime": 385736,
      "usertime": 7196387
     },
     "16954488415": {
      "maxRSS": 507824,
      "systemtime": 385736,
      "usertime": 7200405
     },
     "16954492501": {
      "maxRSS": 508592,
      "systemtime": 385738,
      "usertime": 7204477
     },
     "16954496584": {
      "maxRSS": 509616,
      "systemtime": 385738,
      "usertime": 7208444
     },
     "16954500806": {
      "maxRSS": 510640,
      "systemtime": 385738,
      "usertime": 7212490
     },
     "16954504982": {
      "maxRSS": 511792,
      "systemtime": 385738,
      "usertime": 7216507
     },
     "16954509171": {
      "maxRSS": 512944,
      "systemtime": 385738,
      "usertime": 7220525
     },
     "16954513343": {
      "maxRSS": 513968,
      "systemtime": 385738,
      "usertime": 7224548
     },
     "16954517476": {
      "maxRSS": 514992,
      "systemtime": 385740,
      "usertime": 7228614
     },
     "16954521547": {
      "maxRSS": 516016,
      "systemtime": 385740,
      "usertime": 7232572
     },
     "16954525632": {
      "maxRSS": 516784,
      "systemtime": 389758,
      "usertime": 7232629
     },
     "16954529801": {
      "maxRSS": 517936,
      "systemtime": 389758,
      "usertime": 7236631
     },
     "16954533906": {
      "maxRSS": 518960,
      "systemtime": 389758,
      "usertime": 7240643
     },
     "16954538004": {
      "maxRSS": 519984,
      "systemtime": 389758,
      "usertime": 7244652
     },
     "16954542181": {
      "maxRSS": 521136,
      "systemtime": 389758,
      "usertime": 7248666
     },
     "16954546301": {
      "maxRSS": 522032,
      "systemtime": 389758,
      "usertime": 7252689
     },
     "16954550384": {
      "maxRSS": 523184,
      "systemtime": 389758,
      "usertime": 7256708
     },
     "16954554683": {
      "maxRSS": 524080,
      "systemtime": 389760,
      "usertime": 7260791
     },
     "16954558787": {
      "maxRSS": 524976,
      "systemtime": 389761,
      "usertime": 7264824
     },
     "16954562998": {
      "maxRSS": 526128,
      "systemtime": 389761,
      "usertime": 7268836
     },
     "16954567141": {
      "maxRSS": 527152,
      "systemtime": 389761,
      "usertime": 7272863
     },
     "16954571249": {
      "maxRSS": 528304,
      "systemtime": 389761,
      "usertime": 7276869
     },
     "16954575339": {
      "maxRSS": 529328,
      "systemtime": 389761,
      "usertime": 7280884
     },
     "16954579581": {
      "maxRSS": 530352,
      "systemtime": 389761,
      "usertime": 7284928
     },
     "16954583764": {
      "maxRSS": 531504,
      "systemtime": 389762,
      "usertime": 7288952
     },
     "16954587947": {
      "maxRSS": 532272,
      "systemtime": 389762,
      "usertime": 7292970
     },
     "16954592125": {
      "maxRSS": 533296,
      "systemtime": 389762,
      "usertime": 7301004
     },
     "16954596246": {
      "maxRSS": 534320,
      "systemtime": 389762,
      "usertime": 7305031
     },
     "16954600381": {
      "maxRSS": 535344,
      "systemtime": 389765,
      "usertime": 7309113
     },
     "16954604553": {
      "maxRSS": 536368,
      "systemtime": 389765,
      "usertime": 7313102
     },
     "16954608734": {
      "maxRSS": 537520,
      "systemtime": 393783,
      "usertime": 7313116
     },
     "16954612919": {
      "maxRSS": 538544,
      "systemtime": 393783,
      "usertime": 7317124
     },
     "16954617020": {
      "maxRSS": 539312,
      "systemtime": 393783,
      "usertime": 7317145
     },
     "16954621196": {
      "maxRSS": 539696,
      "systemtime": 393784,
      "usertime": 7325193
     },
     "16954625468": {
      "maxRSS": 540464,
      "systemtime": 397836,
      "usertime": 7325811
     },
     "16954629640": {
      "maxRSS": 541616,
      "systemtime": 401213,
      "usertime": 7325811
     },
     "16954634140": {
      "maxRSS": 542768,
      "systemtime": 401821,
      "usertime": 7329226
     },
     "16954638239": {
      "maxRSS": 543792,
      "systemtime": 401821,
      "usertime": 7333244
     },
     "16954642332": {
      "maxRSS": 544816,
      "systemtime": 401821,
      "usertime": 7337268
     },
     "16954646460": {
      "maxRSS": 545968,
      "systemtime": 401821,
      "usertime": 7341285
     },
     "16954650638": {
      "maxRSS": 547120,
      "systemtime": 401821,
      "usertime": 7345303
     },
     "16954654820": {
      "maxRSS": 548272,
      "systemtime": 401821,
      "usertime": 7349321
     },
     "16954659048": {
      "maxRSS": 548912,
      "systemtime": 405863,
      "usertime": 7349754
     },
     "16954663227": {
      "maxRSS": 550064,
      "systemtime": 405863,
      "usertime": 7353341
     },
     "16954667394": {
      "maxRSS": 551088,
      "systemtime": 405863,
      "usertime": 7357361
     },
     "16954671496": {
      "maxRSS": 552240,
      "systemtime": 405863,
      "usertime": 7361384
     },
     "16954675647": {
      "maxRSS": 553264,
      "systemtime": 405863,
      "usertime": 7365429
     },
     "16954679836": {
      "maxRSS": 554288,
      "systemtime": 405863,
      "usertime": 7369459
     },
     "16954684040": {
      "maxRSS": 555440,
      "systemtime": 405863,
      "usertime": 7377495
     },
     "16954688205": {
      "maxRSS": 556336,
      "systemtime": 405863,
      "usertime": 7377515
     },
     "16954692292": {
      "maxRSS": 557360,
      "systemtime": 409862,
      "usertime": 7381538
     },
     "16954696472": {
      "maxRSS": 558256,
      "systemtime": 409862,
      "usertime": 7385562
     },
     "16954700658": {
      "maxRSS": 558256,
      "systemtime": 409863,
      "usertime": 7389595
     },
     "16954704842": {
      "maxRSS": 558256,
      "systemtime": 409901,
      "usertime": 7394296
     },
     "16954708988": {
      "maxRSS": 558256,
      "systemtime": 409901,
      "usertime": 7397658
     },
     "16954710262": {
      "maxRSS": 558256,
      "systemtime": 409981,
      "usertime": 7399760
     },
     "16954711436": {
      "maxRSS": 558256,
      "systemtime": 409982,
      "usertime": 7399780
     },
     "16954712639": {
      "maxRSS": 558256,
      "systemtime": 409982,
      "usertime": 7401647
     },
     "16954713815": {
      "maxRSS": 558256,
      "systemtime": 409982,
      "usertime": 7401669
     },
     "16954714988": {
      "maxRSS": 558256,
      "systemtime": 409982,
      "usertime": 7401691
     },
     "16954716120": {
      "maxRSS": 558256,
      "systemtime": 409982,
      "usertime": 7405706
     },
     "16954717316": {
      "maxRSS": 558256,
      "systemtime": 409982,
      "usertime": 7405748
     },
     "16954718646": {
      "maxRSS": 558256,
      "systemtime": 409982,
      "usertime": 7405767
     },
     "16954719832": {
      "maxRSS": 558256,
      "systemtime": 409982,
      "usertime": 7405786
     },
     "16954721008": {
      "maxRSS": 558256,
      "systemtime": 409982,
      "usertime": 7409806
     },
     "16954722191": {
      "maxRSS": 558256,
      "systemtime": 409982,
      "usertime": 7409825
     },
     "16954723363": {
      "maxRSS": 558256,
      "systemtime": 409982,
      "usertime": 7409843
     },
     "16954724575": {
      "maxRSS": 558256,
      "systemtime": 409982,
      "usertime": 7413886
     },
     "16954725753": {
      "maxRSS": 558256,
      "systemtime": 409982,
      "usertime": 7413903
     },
     "16954726901": {
      "maxRSS": 558256,
      "systemtime": 409982,
      "usertime": 7413923
     },
     "16954728074": {
      "maxRSS": 558256,
      "systemtime": 409982,
      "usertime": 7417947
     },
     "16954729246": {
      "maxRSS": 558256,
      "systemtime": 409982,
      "usertime": 7418007
     },
     "16954730363": {
      "maxRSS": 558256,
      "systemtime": 409982,
      "usertime": 7418026
     },
     "16954731509": {
      "maxRSS": 558256,
      "systemtime": 409982,
      "usertime": 7418079
     },
     "16954732692": {
      "maxRSS": 558256,
      "systemtime": 409982,
      "usertime": 7422156
     },
     "16954733814": {
      "maxRSS": 558256,
      "systemtime": 409982,
      "usertime": 7422182
     },
     "16954734959": {
      "maxRSS": 558256,
      "systemtime": 409982,
      "usertime": 7422217
     },
     "16954736179": {
      "maxRSS": 558256,
      "systemtime": 409982,
      "usertime": 7426246
     },
     "16954737271": {
      "maxRSS": 558256,
      "systemtime": 409982,
      "usertime": 7426268
     },
     "16954738373": {
      "maxRSS": 558256,
      "systemtime": 409982,
      "usertime": 7426305
     },
     "16954739485": {
      "maxRSS": 558256,
      "systemtime": 409982,
      "usertime": 7426324
     },
     "16954740670": {
      "maxRSS": 558256,
      "systemtime": 409982,
      "usertime": 7430341
     },
     "16954741856": {
      "maxRSS": 558256,
      "systemtime": 409982,
      "usertime": 7430359
     },
     "16954743037": {
      "maxRSS": 558256,
      "systemtime": 409982,
      "usertime": 7430377
     },
     "16954744138": {
      "maxRSS": 558256,
      "systemtime": 409982,
      "usertime": 7434392
     },
     "16954745257": {
      "maxRSS": 558256,
      "systemtime": 409982,
      "usertime": 7434420
     },
     "16954746405": {
      "maxRSS": 558256,
      "systemtime": 409982,
      "usertime": 7434473
     },
     "16954747527": {
      "maxRSS": 558256,
      "systemtime": 409982,
      "usertime": 7434505
     },
     "16954748653": {
      "maxRSS": 558256,
      "systemtime": 409982,
      "usertime": 7438543
     },
     "16954749765": {
      "maxRSS": 558256,
      "systemtime": 409982,
      "usertime": 7438573
     },
     "16954750898": {
      "maxRSS": 558256,
      "systemtime": 409982,
      "usertime": 7438617
     },
     "16954752039": {
      "maxRSS": 558256,
      "systemtime": 410045,
      "usertime": 7438617
     },
     "16954753177": {
      "maxRSS": 558256,
      "systemtime": 413725,
      "usertime": 7439022
     },
     "16954754308": {
      "maxRSS": 558256,
      "systemtime": 413726,
      "usertime": 7439051
     },
     "16954755413": {
      "maxRSS": 558256,
      "systemtime": 413728,
      "usertime": 7439078
     },
     "16954756514": {
      "maxRSS": 558256,
      "systemtime": 413728,
      "usertime": 7443064
     },
     "16954757621": {
      "maxRSS": 558256,
      "systemtime": 413728,
      "usertime": 7443084
     },
     "16954758751": {
      "maxRSS": 558256,
      "systemtime": 413729,
      "usertime": 7443119
     },
     "16954759890": {
      "maxRSS": 558256,
      "systemtime": 413732,
      "usertime": 7443167
     },
     "16954761006": {
      "maxRSS": 558256,
      "systemtime": 413733,
      "usertime": 7447197
     },
     "16954762132": {
      "maxRSS": 558256,
      "systemtime": 413735,
      "usertime": 7447230
     },
     "16954763257": {
      "maxRSS": 558256,
      "systemtime": 413736,
      "usertime": 7447260
     },
     "16954764369": {
      "maxRSS": 558256,
      "systemtime": 413738,
      "usertime": 7451311
     },
     "16954765541": {
      "maxRSS": 558256,
      "systemtime": 413739,
      "usertime": 7451332
     },
     "16954766676": {
      "maxRSS": 558256,
      "systemtime": 413743,
      "usertime": 7451393
     },
     "16954767806": {
      "maxRSS": 558256,
      "systemtime": 413744,
      "usertime": 7451418
     },
     "16954768937": {
      "maxRSS": 558256,
      "systemtime": 413745,
      "usertime": 7455452
     },
     "16954770061": {
      "maxRSS": 558256,
      "systemtime": 413747,
      "usertime": 7455481
     },
     "16954771176": {
      "maxRSS": 558256,
      "systemtime": 413748,
      "usertime": 7455510
     },
     "16954772269": {
      "maxRSS": 558256,
      "systemtime": 413749,
      "usertime": 7459539
     },
     "16954773379": {
      "maxRSS": 558256,
      "systemtime": 413750,
      "usertime": 7459554
     },
     "16954774510": {
      "maxRSS": 558256,
      "systemtime": 413752,
      "usertime": 7459587
     },
     "16954775715": {
      "maxRSS": 558256,
      "systemtime": 413752,
      "usertime": 7459604
     },
     "16954776894": {
      "maxRSS": 558256,
      "systemtime": 413752,
      "usertime": 7463621
     },
     "16954778066": {
      "maxRSS": 558256,
      "systemtime": 413753,
      "usertime": 7463638
     },
     "16954779243": {
      "maxRSS": 558256,
      "systemtime": 413754,
      "usertime": 7463655
     },
     "16954780372": {
      "maxRSS": 558256,
      "systemtime": 413754,
      "usertime": 7467672
     },
     "16954781534": {
      "maxRSS": 558256,
      "systemtime": 413759,
      "usertime": 7467759
     },
     "16954782662": {
      "maxRSS": 558256,
      "systemtime": 413760,
      "usertime": 7467778
     },
     "16954783776": {
      "maxRSS": 558256,
      "systemtime": 413762,
      "usertime": 7467814
     },
     "16954784899": {
      "maxRSS": 558256,
      "systemtime": 413763,
      "usertime": 7471841
     },
     "16954786011": {
      "maxRSS": 558256,
      "systemtime": 413764,
      "usertime": 7471857
     },
     "16954787114": {
      "maxRSS": 558256,
      "systemtime": 413764,
      "usertime": 7471864
     },
     "16954788211": {
      "maxRSS": 558384,
      "systemtime": 413765,
      "usertime": 7475901
     },
     "16954789333": {
      "maxRSS": 558384,
      "systemtime": 413766,
      "usertime": 7475922
     },
     "16954790442": {
      "maxRSS": 558384,
      "systemtime": 413767,
      "usertime": 7475938
     },
     "16954791541": {
      "maxRSS": 558384,
      "systemtime": 413768,
      "usertime": 7475946
     },
     "16954792664": {
      "maxRSS": 558384,
      "systemtime": 413768,
      "usertime": 7479974
     },
     "16954793771": {
      "maxRSS": 558384,
      "systemtime": 413769,
      "usertime": 7479986
     },
     "16954794897": {
      "maxRSS": 558384,
      "systemtime": 413771,
      "usertime": 7480018
     },
     "16954795969": {
      "maxRSS": 558384,
      "systemtime": 413771,
      "usertime": 7480030
     },
     "16954797072": {
      "maxRSS": 558384,
      "systemtime": 413772,
      "usertime": 7484053
     },
     "16954798241": {
      "maxRSS": 558384,
      "systemtime": 413774,
      "usertime": 7484091
     },
     "16954799360": {
      "maxRSS": 558384,
      "systemtime": 413775,
      "usertime": 7484112
     },
     "16954800442": {
      "maxRSS": 558384,
      "systemtime": 413775,
      "usertime": 7488137
     },
     "16954801552": {
      "maxRSS": 558384,
      "systemtime": 413776,
      "usertime": 7488151
     },
     "16954802694": {
      "maxRSS": 558384,
      "systemtime": 413779,
      "usertime": 7488203
     },
     "16954803808": {
      "maxRSS": 558384,
      "systemtime": 413780,
      "usertime": 7488229
     },
     "16954804982": {
      "maxRSS": 558384,
      "systemtime": 413780,
      "usertime": 7492248
     },
     "16954806110": {
      "maxRSS": 558384,
      "systemtime": 413782,
      "usertime": 7492274
     },
     "16954807222": {
      "maxRSS": 558384,
      "systemtime": 413783,
      "usertime": 7492293
     },
     "16954808288": {
      "maxRSS": 558384,
      "systemtime": 413783,
      "usertime": 7496303
     },
     "16954809407": {
      "maxRSS": 558384,
      "systemtime": 413784,
      "usertime": 7496331
     },
     "16954810508": {
      "maxRSS": 558384,
      "systemtime": 413785,
      "usertime": 7496343
     },
     "16954811579": {
      "maxRSS": 558384,
      "systemtime": 413785,
      "usertime": 7496354
     },
     "16954812669": {
      "maxRSS": 558384,
      "systemtime": 413785,
      "usertime": 7500367
     },
     "16954813816": {
      "maxRSS": 558384,
      "systemtime": 413786,
      "usertime": 7500389
     },
     "16954814928": {
      "maxRSS": 558384,
      "systemtime": 413787,
      "usertime": 7500405
     },
     "16954816048": {
      "maxRSS": 558384,
      "systemtime": 413788,
      "usertime": 7504436
     },
     "16954817115": {
      "maxRSS": 558384,
      "systemtime": 413788,
      "usertime": 7504445
     },
     "16954818215": {
      "maxRSS": 558384,
      "systemtime": 413789,
      "usertime": 7504455
     },
     "16954819317": {
      "maxRSS": 558384,
      "systemtime": 413790,
      "usertime": 7504467
     },
     "16954820421": {
      "maxRSS": 558384,
      "systemtime": 413790,
      "usertime": 7508481
     },
     "16954821541": {
      "maxRSS": 558384,
      "systemtime": 413791,
      "usertime": 7508505
     },
     "16954822750": {
      "maxRSS": 558384,
      "systemtime": 413793,
      "usertime": 7508546
     },
     "16954823919": {
      "maxRSS": 558384,
      "systemtime": 413794,
      "usertime": 7508562
     },
     "16954825099": {
      "maxRSS": 558384,
      "systemtime": 413794,
      "usertime": 7512580
     },
     "16954826272": {
      "maxRSS": 558384,
      "systemtime": 413795,
      "usertime": 7512596
     },
     "16954827442": {
      "maxRSS": 558384,
      "systemtime": 413796,
      "usertime": 7512612
     },
     "16954828608": {
      "maxRSS": 558384,
      "systemtime": 413796,
      "usertime": 7516629
     },
     "16954829808": {
      "maxRSS": 558384,
      "systemtime": 413797,
      "usertime": 7516658
     },
     "16954831037": {
      "maxRSS": 558384,
      "systemtime": 413799,
      "usertime": 7516682
     },
     "16954832878": {
      "maxRSS": 558384,
      "systemtime": 413799,
      "usertime": 7520699
     },
     "16954833998": {
      "maxRSS": 558384,
      "systemtime": 413800,
      "usertime": 7520717
     },
     "16954835075": {
      "maxRSS": 558384,
      "systemtime": 413800,
      "usertime": 7520730
     },
     "16954836200": {
      "maxRSS": 558384,
      "systemtime": 413800,
      "usertime": 7524747
     },
     "16954837329": {
      "maxRSS": 558384,
      "systemtime": 413801,
      "usertime": 7524763
     },
     "16954838417": {
      "maxRSS": 558384,
      "systemtime": 413803,
      "usertime": 7524788
     },
     "16954839524": {
      "maxRSS": 558384,
      "systemtime": 413803,
      "usertime": 7524803
     },
     "16954840626": {
      "maxRSS": 558384,
      "systemtime": 413803,
      "usertime": 7528814
     },
     "16954841698": {
      "maxRSS": 558384,
      "systemtime": 413804,
      "usertime": 7528824
     },
     "16954842800": {
      "maxRSS": 558384,
      "systemtime": 413804,
      "usertime": 7528837
     },
     "16954843909": {
      "maxRSS": 558384,
      "systemtime": 413805,
      "usertime": 7528848
     },
     "16954845001": {
      "maxRSS": 558384,
      "systemtime": 413805,
      "usertime": 7532875
     },
     "16954846103": {
      "maxRSS": 558384,
      "systemtime": 413806,
      "usertime": 7532885
     },
     "16954847201": {
      "maxRSS": 558384,
      "systemtime": 413806,
      "usertime": 7532893
     },
     "16954848297": {
      "maxRSS": 558384,
      "systemtime": 413809,
      "usertime": 7536960
     },
     "16954849418": {
      "maxRSS": 558384,
      "systemtime": 413810,
      "usertime": 7536975
     },
     "16954850516": {
      "maxRSS": 558384,
      "systemtime": 413811,
      "usertime": 7536992
     },
     "16954851607": {
      "maxRSS": 558384,
      "systemtime": 413813,
      "usertime": 7537023
     },
     "16954852713": {
      "maxRSS": 558384,
      "systemtime": 413813,
      "usertime": 7540977
     },
     "16954853814": {
      "maxRSS": 558384,
      "systemtime": 413813,
      "usertime": 7540989
     },
     "16954854891": {
      "maxRSS": 558384,
      "systemtime": 413813,
      "usertime": 7541001
     },
     "16954857025": {
      "maxRSS": 558384,
      "systemtime": 413813,
      "usertime": 7545021
     },
     "16954859131": {
      "maxRSS": 558384,
      "systemtime": 413813,
      "usertime": 7545034
     },
     "16954861258": {
      "maxRSS": 558384,
      "systemtime": 413813,
      "usertime": 7549059
     },
     "16954863362": {
      "maxRSS": 558384,
      "systemtime": 413813,
      "usertime": 7549088
     },
     "16954865470": {
      "maxRSS": 558384,
      "systemtime": 413816,
      "usertime": 7553154
     },
     "16954867576": {
      "maxRSS": 558384,
      "systemtime": 413816,
      "usertime": 7553161
     },
     "16954869671": {
      "maxRSS": 558384,
      "systemtime": 413816,
      "usertime": 7557107
     },
     "16954871737": {
      "maxRSS": 558384,
      "systemtime": 413816,
      "usertime": 7557115
     },
     "16954873836": {
      "maxRSS": 558384,
      "systemtime": 413816,
      "usertime": 7561123
     },
     "16954875947": {
      "maxRSS": 558384,
      "systemtime": 413816,
      "usertime": 7561143
     },
     "16954878028": {
      "maxRSS": 558384,
      "systemtime": 413816,
      "usertime": 7565157
     },
     "16954880046": {
      "maxRSS": 558384,
      "systemtime": 413816,
      "usertime": 7569174
     },
     "16954882143": {
      "maxRSS": 558384,
      "systemtime": 413816,
      "usertime": 7569182
     },
     "16954884266": {
      "maxRSS": 558384,
      "systemtime": 413816,
      "usertime": 7573191
     },
     "16954886434": {
      "maxRSS": 558384,
      "systemtime": 413816,
      "usertime": 7573208
     },
     "16954888581": {
      "maxRSS": 558384,
      "systemtime": 413816,
      "usertime": 7577239
     },
     "16954890663": {
      "maxRSS": 558384,
      "systemtime": 413816,
      "usertime": 7577256
     },
     "16954892836": {
      "maxRSS": 558384,
      "systemtime": 413816,
      "usertime": 7581274
     },
     "16954894933": {
      "maxRSS": 558384,
      "systemtime": 413817,
      "usertime": 7581292
     },
     "16954897039": {
      "maxRSS": 558384,
      "systemtime": 413817,
      "usertime": 7585306
     },
     "16954899206": {
      "maxRSS": 558384,
      "systemtime": 413817,
      "usertime": 7585321
     },
     "16954901366": {
      "maxRSS": 558384,
      "systemtime": 413818,
      "usertime": 7589356
     },
     "16954903623": {
      "maxRSS": 558384,
      "systemtime": 413819,
      "usertime": 7589376
     },
     "16954905798": {
      "maxRSS": 558384,
      "systemtime": 413819,
      "usertime": 7593393
     },
     "16954907964": {
      "maxRSS": 558384,
      "systemtime": 413820,
      "usertime": 7593409
     },
     "16954910161": {
      "maxRSS": 558384,
      "systemtime": 413820,
      "usertime": 7597427
     },
     "16954912314": {
      "maxRSS": 558384,
      "systemtime": 413821,
      "usertime": 7601452
     },
     "16954914592": {
      "maxRSS": 558384,
      "systemtime": 413823,
      "usertime": 7601493
     },
     "16954916769": {
      "maxRSS": 558384,
      "systemtime": 413823,
      "usertime": 7605510
     },
     "16954918944": {
      "maxRSS": 558384,
      "systemtime": 413824,
      "usertime": 7605526
     },
     "16954921086": {
      "maxRSS": 558384,
      "systemtime": 413824,
      "usertime": 7609558
     },
     "16954923257": {
      "maxRSS": 558384,
      "systemtime": 413825,
      "usertime": 7609574
     },
     "16954925363": {
      "maxRSS": 558384,
      "systemtime": 413825,
      "usertime": 7613592
     },
     "16954927638": {
      "maxRSS": 558384,
      "systemtime": 413826,
      "usertime": 7613612
     },
     "16954929921": {
      "maxRSS": 558384,
      "systemtime": 413834,
      "usertime": 7617770
     },
     "16954932116": {
      "maxRSS": 558384,
      "systemtime": 413834,
      "usertime": 7621728
     },
     "16954934291": {
      "maxRSS": 558384,
      "systemtime": 413834,
      "usertime": 7621745
     },
     "16954936419": {
      "maxRSS": 558384,
      "systemtime": 413834,
      "usertime": 7625762
     },
     "16954938611": {
      "maxRSS": 558384,
      "systemtime": 413834,
      "usertime": 7625779
     },
     "16954940739": {
      "maxRSS": 558384,
      "systemtime": 413834,
      "usertime": 7629798
     },
     "16954943011": {
      "maxRSS": 558384,
      "systemtime": 413834,
      "usertime": 7629829
     },
     "16954945182": {
      "maxRSS": 558384,
      "systemtime": 413837,
      "usertime": 7633903
     },
     "16954947359": {
      "maxRSS": 558384,
      "systemtime": 413838,
      "usertime": 7633919
     },
     "16954949472": {
      "maxRSS": 558384,
      "systemtime": 413838,
      "usertime": 7637879
     },
     "16954951643": {
      "maxRSS": 558384,
      "systemtime": 413838,
      "usertime": 7637897
     },
     "16954953825": {
      "maxRSS": 558384,
      "systemtime": 413838,
      "usertime": 7641915
     },
     "16954956031": {
      "maxRSS": 558384,
      "systemtime": 413838,
      "usertime": 7645948
     },
     "16954958199": {
      "maxRSS": 558384,
      "systemtime": 413838,
      "usertime": 7645966
     },
     "16954960327": {
      "maxRSS": 558384,
      "systemtime": 413838,
      "usertime": 7649984
     },
     "16954962493": {
      "maxRSS": 558384,
      "systemtime": 413839,
      "usertime": 7650000
     },
     "16954964668": {
      "maxRSS": 558384,
      "systemtime": 413839,
      "usertime": 7654017
     },
     "16954966955": {
      "maxRSS": 558384,
      "systemtime": 413840,
      "usertime": 7654037
     },
     "16954969154": {
      "maxRSS": 558384,
      "systemtime": 413841,
      "usertime": 7658080
     },
     "16954971333": {
      "maxRSS": 558384,
      "systemtime": 413842,
      "usertime": 7658096
     },
     "16954973418": {
      "maxRSS": 558384,
      "systemtime": 413842,
      "usertime": 7662113
     },
     "16954975504": {
      "maxRSS": 558384,
      "systemtime": 413843,
      "usertime": 7662130
     },
     "16954977618": {
      "maxRSS": 558384,
      "systemtime": 413843,
      "usertime": 7666150
     },
     "16954979780": {
      "maxRSS": 558384,
      "systemtime": 413844,
      "usertime": 7666165
     },
     "16954981949": {
      "maxRSS": 558384,
      "systemtime": 413844,
      "usertime": 7670180
     },
     "16954984043": {
      "maxRSS": 558384,
      "systemtime": 413846,
      "usertime": 7670215
     },
     "16954986265": {
      "maxRSS": 558384,
      "systemtime": 413851,
      "usertime": 7674327
     },
     "16954988403": {
      "maxRSS": 558384,
      "systemtime": 413851,
      "usertime": 7678265
     },
     "16954990503": {
      "maxRSS": 558384,
      "systemtime": 413851,
      "usertime": 7678286
     },
     "16954992735": {
      "maxRSS": 558384,
      "systemtime": 413851,
      "usertime": 7682308
     },
     "16954994910": {
      "maxRSS": 558384,
      "systemtime": 413851,
      "usertime": 7682327
     },
     "16954997195": {
      "maxRSS": 558384,
      "systemtime": 413851,
      "usertime": 7686366
     },
     "16954999360": {
      "maxRSS": 558384,
      "systemtime": 413851,
      "usertime": 7686383
     },
     "16955001612": {
      "maxRSS": 558384,
      "systemtime": 413851,
      "usertime": 7690400
     },
     "16955003786": {
      "maxRSS": 558384,
      "systemtime": 413852,
      "usertime": 7690416
     },
     "16955005968": {
      "maxRSS": 558384,
      "systemtime": 413852,
      "usertime": 7694434
     },
     "16955008033": {
      "maxRSS": 558384,
      "systemtime": 413852,
      "usertime": 7698449
     },
     "16955010172": {
      "maxRSS": 558384,
      "systemtime": 413854,
      "usertime": 7698488
     },
     "16955012248": {
      "maxRSS": 558384,
      "systemtime": 413854,
      "usertime": 7702507
     },
     "16955014347": {
      "maxRSS": 558384,
      "systemtime": 413854,
      "usertime": 7702517
     },
     "16955016445": {
      "maxRSS": 558384,
      "systemtime": 413854,
      "usertime": 7706524
     },
     "16955018612": {
      "maxRSS": 558384,
      "systemtime": 413854,
      "usertime": 7706537
     },
     "16955020796": {
      "maxRSS": 558384,
      "systemtime": 413858,
      "usertime": 7710618
     },
     "16955023003": {
      "maxRSS": 558384,
      "systemtime": 413860,
      "usertime": 7710654
     },
     "16955025220": {
      "maxRSS": 558384,
      "systemtime": 413860,
      "usertime": 7714611
     },
     "16955027393": {
      "maxRSS": 558384,
      "systemtime": 413860,
      "usertime": 7714627
     },
     "16955029562": {
      "maxRSS": 558384,
      "systemtime": 413860,
      "usertime": 7718645
     },
     "16955031733": {
      "maxRSS": 558384,
      "systemtime": 413860,
      "usertime": 7718662
     },
     "16955033907": {
      "maxRSS": 558384,
      "systemtime": 413860,
      "usertime": 7722679
     },
     "16955035998": {
      "maxRSS": 558384,
      "systemtime": 413860,
      "usertime": 7722696
     },
     "16955038364": {
      "maxRSS": 558384,
      "systemtime": 413860,
      "usertime": 7726767
     },
     "16955040623": {
      "maxRSS": 558384,
      "systemtime": 413860,
      "usertime": 7730790
     },
     "16955042801": {
      "maxRSS": 558384,
      "systemtime": 413860,
      "usertime": 7730809
     },
     "16955044972": {
      "maxRSS": 558384,
      "systemtime": 413860,
      "usertime": 7734826
     },
     "16955047141": {
      "maxRSS": 558384,
      "systemtime": 413860,
      "usertime": 7734843
     },
     "16955049315": {
      "maxRSS": 558384,
      "systemtime": 413860,
      "usertime": 7738860
     },
     "16955051590": {
      "maxRSS": 558384,
      "systemtime": 413860,
      "usertime": 7738887
     },
     "16955053769": {
      "maxRSS": 558384,
      "systemtime": 413860,
      "usertime": 7742904
     },
     "16955055940": {
      "maxRSS": 558384,
      "systemtime": 413860,
      "usertime": 7742921
     },
     "16955058142": {
      "maxRSS": 558384,
      "systemtime": 413860,
      "usertime": 7746939
     },
     "16955060221": {
      "maxRSS": 558384,
      "systemtime": 413860,
      "usertime": 7750968
     },
     "16955062398": {
      "maxRSS": 558384,
      "systemtime": 413860,
      "usertime": 7750985
     },
     "16955064589": {
      "maxRSS": 558384,
      "systemtime": 413860,
      "usertime": 7755005
     },
     "16955066771": {
      "maxRSS": 558384,
      "systemtime": 413860,
      "usertime": 7755022
     },
     "16955068942": {
      "maxRSS": 558384,
      "systemtime": 413860,
      "usertime": 7759039
     },
     "16955071118": {
      "maxRSS": 558384,
      "systemtime": 413860,
      "usertime": 7759056
     },
     "16955073251": {
      "maxRSS": 558384,
      "systemtime": 413860,
      "usertime": 7763076
     },
     "16955075423": {
      "maxRSS": 558384,
      "systemtime": 413860,
      "usertime": 7763093
     },
     "16955077616": {
      "maxRSS": 558384,
      "systemtime": 413860,
      "usertime": 7767128
     },
     "16955079794": {
      "maxRSS": 558384,
      "systemtime": 413860,
      "usertime": 7767145
     },
     "16955081968": {
      "maxRSS": 558384,
      "systemtime": 413860,
      "usertime": 7771159
     },
     "16955084113": {
      "maxRSS": 558384,
      "systemtime": 413860,
      "usertime": 7775173
     },
     "16955086288": {
      "maxRSS": 558384,
      "systemtime": 413860,
      "usertime": 7775190
     },
     "16955088458": {
      "maxRSS": 558384,
      "systemtime": 413860,
      "usertime": 7779209
     },
     "16955090570": {
      "maxRSS": 558384,
      "systemtime": 413860,
      "usertime": 7779225
     },
     "16955092700": {
      "maxRSS": 558384,
      "systemtime": 413860,
      "usertime": 7783253
     },
     "16955094867": {
      "maxRSS": 558384,
      "systemtime": 413860,
      "usertime": 7783267
     },
     "16955097043": {
      "maxRSS": 558384,
      "systemtime": 413860,
      "usertime": 7787284
     },
     "16955099212": {
      "maxRSS": 558384,
      "systemtime": 413860,
      "usertime": 7787301
     },
     "16955101385": {
      "maxRSS": 558384,
      "systemtime": 413860,
      "usertime": 7791318
     },
     "16955103590": {
      "maxRSS": 558384,
      "systemtime": 413860,
      "usertime": 7791339
     },
     "16955105824": {
      "maxRSS": 558384,
      "systemtime": 413860,
      "usertime": 7795375
     },
     "16955107991": {
      "maxRSS": 558384,
      "systemtime": 413860,
      "usertime": 7795392
     },
     "16955110160": {
      "maxRSS": 558384,
      "systemtime": 417488,
      "usertime": 7795799
     },
     "16955112240": {
      "maxRSS": 558384,
      "systemtime": 417489,
      "usertime": 7799818
     },
     "16955114418": {
      "maxRSS": 558384,
      "systemtime": 417489,
      "usertime": 7799834
     },
     "16955116586": {
      "maxRSS": 558384,
      "systemtime": 417490,
      "usertime": 7803851
     },
     "16955118768": {
      "maxRSS": 558384,
      "systemtime": 417491,
      "usertime": 7803877
     },
     "16955121039": {
      "maxRSS": 558384,
      "systemtime": 417492,
      "usertime": 7807909
     },
     "16955123254": {
      "maxRSS": 558384,
      "systemtime": 417493,
      "usertime": 7807940
     },
     "16955125382": {
      "maxRSS": 558384,
      "systemtime": 417494,
      "usertime": 7811959
     },
     "16955127487": {
      "maxRSS": 558384,
      "systemtime": 417495,
      "usertime": 7811983
     },
     "16955129614": {
      "maxRSS": 558384,
      "systemtime": 417496,
      "usertime": 7816020
     },
     "16955131748": {
      "maxRSS": 558384,
      "systemtime": 417498,
      "usertime": 7816057
     },
     "16955135835": {
      "maxRSS": 558384,
      "systemtime": 417498,
      "usertime": 7820076
     },
     "16955140046": {
      "maxRSS": 558384,
      "systemtime": 417498,
      "usertime": 7828103
     },
     "16955144179": {
      "maxRSS": 558384,
      "systemtime": 417499,
      "usertime": 7832128
     },
     "16955148313": {
      "maxRSS": 558384,
      "systemtime": 417500,
      "usertime": 7836157
     },
     "16955152441": {
      "maxRSS": 558384,
      "systemtime": 417503,
      "usertime": 7840236
     },
     "16955156532": {
      "maxRSS": 558384,
      "systemtime": 417503,
      "usertime": 7844208
     },
     "16955160727": {
      "maxRSS": 558384,
      "systemtime": 417504,
      "usertime": 7848282
     },
     "16955164845": {
      "maxRSS": 558384,
      "systemtime": 417505,
      "usertime": 7852310
     },
     "16955168963": {
      "maxRSS": 558384,
      "systemtime": 417505,
      "usertime": 7856338
     },
     "16955173091": {
      "maxRSS": 558384,
      "systemtime": 417507,
      "usertime": 7860377
     },
     "16955177204": {
      "maxRSS": 558384,
      "systemtime": 417510,
      "usertime": 7864457
     },
     "16955181345": {
      "maxRSS": 558384,
      "systemtime": 417510,
      "usertime": 7868472
     },
     "16955185465": {
      "maxRSS": 558512,
      "systemtime": 417511,
      "usertime": 7872500
     },
     "16955189586": {
      "maxRSS": 558512,
      "systemtime": 417511,
      "usertime": 7876514
     },
     "16955193693": {
      "maxRSS": 558512,
      "systemtime": 417511,
      "usertime": 7880530
     },
     "16955197830": {
      "maxRSS": 558512,
      "systemtime": 417512,
      "usertime": 7884564
     },
     "16955202011": {
      "maxRSS": 558512,
      "systemtime": 417516,
      "usertime": 7888646
     },
     "16955206181": {
      "maxRSS": 558512,
      "systemtime": 417516,
      "usertime": 7892602
     },
     "16955210276": {
      "maxRSS": 558512,
      "systemtime": 417516,
      "usertime": 7896633
     },
     "16955214360": {
      "maxRSS": 558512,
      "systemtime": 417516,
      "usertime": 7900651
     },
     "16955218498": {
      "maxRSS": 558512,
      "systemtime": 417517,
      "usertime": 7904727
     },
     "16955222599": {
      "maxRSS": 558512,
      "systemtime": 417517,
      "usertime": 7908680
     },
     "16955226688": {
      "maxRSS": 558512,
      "systemtime": 417517,
      "usertime": 7912689
     },
     "16955230816": {
      "maxRSS": 558512,
      "systemtime": 417517,
      "usertime": 7916715
     },
     "16955235038": {
      "maxRSS": 558512,
      "systemtime": 417519,
      "usertime": 7920823
     },
     "16955239210": {
      "maxRSS": 558512,
      "systemtime": 417519,
      "usertime": 7924797
     },
     "16955243460": {
      "maxRSS": 558512,
      "systemtime": 417519,
      "usertime": 7928815
     },
     "16955247731": {
      "maxRSS": 558512,
      "systemtime": 417519,
      "usertime": 7932834
     },
     "16955251909": {
      "maxRSS": 558512,
      "systemtime": 417520,
      "usertime": 7936910
     },
     "16955256137": {
      "maxRSS": 558512,
      "systemtime": 417520,
      "usertime": 7944868
     },
     "16955260214": {
      "maxRSS": 558512,
      "systemtime": 417520,
      "usertime": 7948885
     },
     "16955264361": {
      "maxRSS": 558512,
      "systemtime": 417520,
      "usertime": 7952921
     },
     "16955268488": {
      "maxRSS": 558512,
      "systemtime": 417520,
      "usertime": 7956939
     },
     "16955272668": {
      "maxRSS": 558512,
      "systemtime": 417520,
      "usertime": 7960955
     },
     "16955276844": {
      "maxRSS": 558512,
      "systemtime": 417520,
      "usertime": 7964973
     },
     "16955281015": {
      "maxRSS": 558512,
      "systemtime": 417521,
      "usertime": 7969049
     },
     "16955285186": {
      "maxRSS": 558512,
      "systemtime": 417521,
      "usertime": 7973007
     },
     "16955289369": {
      "maxRSS": 558512,
      "systemtime": 417521,
      "usertime": 7977036
     },
     "16955293517": {
      "maxRSS": 558512,
      "systemtime": 417521,
      "usertime": 7981063
     },
     "16955297705": {
      "maxRSS": 558512,
      "systemtime": 417524,
      "usertime": 7985154
     },
     "16955301882": {
      "maxRSS": 558512,
      "systemtime": 417524,
      "usertime": 7989111
     },
     "16955306046": {
      "maxRSS": 558512,
      "systemtime": 417524,
      "usertime": 7993129
     },
     "16955310305": {
      "maxRSS": 558512,
      "systemtime": 417524,
      "usertime": 7997147
     },
     "16955314488": {
      "maxRSS": 558512,
      "systemtime": 417525,
      "usertime": 8001235
     },
     "16955318655": {
      "maxRSS": 558512,
      "systemtime": 417525,
      "usertime": 8005193
     },
     "16955322842": {
      "maxRSS": 558512,
      "systemtime": 417525,
      "usertime": 8009211
     },
     "16955326978": {
      "maxRSS": 558512,
      "systemtime": 417525,
      "usertime": 8013231
     },
     "16955331149": {
      "maxRSS": 558512,
      "systemtime": 417527,
      "usertime": 8017327
     },
     "16955335322": {
      "maxRSS": 558512,
      "systemtime": 417527,
      "usertime": 8021265
     },
     "16955339517": {
      "maxRSS": 558512,
      "systemtime": 417527,
      "usertime": 8025297
     },
     "16955343692": {
      "maxRSS": 558512,
      "systemtime": 417527,
      "usertime": 8029327
     },
     "16955347854": {
      "maxRSS": 558512,
      "systemtime": 417530,
      "usertime": 8033440
     },
     "16955352054": {
      "maxRSS": 558512,
      "systemtime": 417530,
      "usertime": 8041399
     },
     "16955356172": {
      "maxRSS": 558512,
      "systemtime": 417530,
      "usertime": 8045428
     },
     "16955360278": {
      "maxRSS": 558512,
      "systemtime": 417530,
      "usertime": 8049447
     },
     "16955364443": {
      "maxRSS": 558512,
      "systemtime": 417530,
      "usertime": 8053465
     },
     "16955368633": {
      "maxRSS": 558512,
      "systemtime": 417530,
      "usertime": 8057503
     },
     "16955372724": {
      "maxRSS": 558512,
      "systemtime": 417530,
      "usertime": 8061537
     },
     "16955376900": {
      "maxRSS": 558512,
      "systemtime": 417531,
      "usertime": 8065593
     },
     "16955381079": {
      "maxRSS": 558512,
      "systemtime": 417531,
      "usertime": 8069553
     },
     "16955385253": {
      "maxRSS": 558512,
      "systemtime": 417531,
      "usertime": 8073571
     },
     "16955389451": {
      "maxRSS": 558512,
      "systemtime": 417533,
      "usertime": 8077659
     },
     "16955393655": {
      "maxRSS": 558512,
      "systemtime": 417533,
      "usertime": 8081634
     },
     "16955397828": {
      "maxRSS": 558512,
      "systemtime": 417533,
      "usertime": 8085651
     },
     "16955402002": {
      "maxRSS": 558512,
      "systemtime": 417533,
      "usertime": 8089668
     },
     "16955406174": {
      "maxRSS": 558512,
      "systemtime": 417533,
      "usertime": 8093689
     },
     "16955410338": {
      "maxRSS": 558512,
      "systemtime": 417533,
      "usertime": 8097704
     },
     "16955414500": {
      "maxRSS": 558512,
      "systemtime": 417533,
      "usertime": 8101722
     },
     "16955418774": {
      "maxRSS": 558512,
      "systemtime": 417533,
      "usertime": 8105750
     },
     "16955422948": {
      "maxRSS": 558512,
      "systemtime": 417533,
      "usertime": 8109771
     },
     "16955427117": {
      "maxRSS": 558512,
      "systemtime": 417533,
      "usertime": 8113785
     },
     "16955431289": {
      "maxRSS": 558512,
      "systemtime": 417533,
      "usertime": 8117802
     },
     "16955435428": {
      "maxRSS": 558512,
      "systemtime": 417533,
      "usertime": 8121821
     },
     "16955439672": {
      "maxRSS": 558512,
      "systemtime": 417535,
      "usertime": 8125874
     },
     "16955443875": {
      "maxRSS": 558512,
      "systemtime": 417537,
      "usertime": 8129938
     },
     "16955448064": {
      "maxRSS": 558512,
      "systemtime": 417537,
      "usertime": 8137911
     },
     "16955452142": {
      "maxRSS": 558512,
      "systemtime": 417537,
      "usertime": 8141930
     },
     "16955456280": {
      "maxRSS": 558512,
      "systemtime": 417537,
      "usertime": 8145961
     },
     "16955460360": {
      "maxRSS": 558512,
      "systemtime": 417537,
      "usertime": 8149977
     },
     "16955464483": {
      "maxRSS": 558512,
      "systemtime": 417537,
      "usertime": 8154003
     },
     "16955468676": {
      "maxRSS": 558512,
      "systemtime": 417540,
      "usertime": 8158093
     },
     "16955472842": {
      "maxRSS": 558512,
      "systemtime": 417540,
      "usertime": 8162093
     },
     "16955476946": {
      "maxRSS": 558512,
      "systemtime": 417540,
      "usertime": 8166111
     },
     "16955481050": {
      "maxRSS": 558512,
      "systemtime": 417540,
      "usertime": 8170133
     },
     "16955485232": {
      "maxRSS": 558512,
      "systemtime": 417540,
      "usertime": 8174159
     },
     "16955489342": {
      "maxRSS": 558512,
      "systemtime": 417541,
      "usertime": 8178191
     },
     "16955493524": {
      "maxRSS": 558512,
      "systemtime": 417544,
      "usertime": 8182263
     },
     "16955497723": {
      "maxRSS": 558512,
      "systemtime": 417544,
      "usertime": 8186250
     },
     "16955501944": {
      "maxRSS": 558512,
      "systemtime": 417544,
      "usertime": 8190284
     },
     "16955506123": {
      "maxRSS": 558512,
      "systemtime": 417544,
      "usertime": 8194304
     },
     "16955510245": {
      "maxRSS": 558512,
      "systemtime": 417544,
      "usertime": 8198325
     },
     "16955514389": {
      "maxRSS": 558512,
      "systemtime": 417545,
      "usertime": 8202365
     },
     "16955518469": {
      "maxRSS": 558512,
      "systemtime": 417545,
      "usertime": 8206378
     },
     "16955522596": {
      "maxRSS": 558512,
      "systemtime": 417546,
      "usertime": 8210418
     },
     "16955526738": {
      "maxRSS": 558512,
      "systemtime": 417547,
      "usertime": 8214451
     },
     "16955530882": {
      "maxRSS": 558512,
      "systemtime": 417549,
      "usertime": 8218489
     },
     "16955535004": {
      "maxRSS": 558512,
      "systemtime": 417549,
      "usertime": 8222515
     },
     "16955539148": {
      "maxRSS": 558512,
      "systemtime": 417550,
      "usertime": 8226552
     },
     "16955543306": {
      "maxRSS": 558512,
      "systemtime": 417552,
      "usertime": 8230594
     },
     "16955547478": {
      "maxRSS": 558512,
      "systemtime": 417554,
      "usertime": 8234662
     },
     "16955551634": {
      "maxRSS": 558512,
      "systemtime": 417555,
      "usertime": 8238693
     },
     "16955555796": {
      "maxRSS": 558512,
      "systemtime": 417557,
      "usertime": 8242754
     },
     "16955559939": {
      "maxRSS": 558512,
      "systemtime": 417558,
      "usertime": 8246775
     },
     "16955564057": {
      "maxRSS": 558512,
      "systemtime": 417558,
      "usertime": 8254802
     },
     "16955568114": {
      "maxRSS": 558512,
      "systemtime": 417558,
      "usertime": 8258821
     },
     "16955572253": {
      "maxRSS": 558512,
      "systemtime": 417559,
      "usertime": 8262856
     },
     "16955576410": {
      "maxRSS": 558512,
      "systemtime": 417563,
      "usertime": 8266949
     },
     "16955580532": {
      "maxRSS": 558512,
      "systemtime": 417563,
      "usertime": 8270970
     },
     "16955584638": {
      "maxRSS": 558512,
      "systemtime": 417563,
      "usertime": 8274982
     },
     "16955588801": {
      "maxRSS": 558512,
      "systemtime": 417563,
      "usertime": 8279005
     },
     "16955592920": {
      "maxRSS": 558512,
      "systemtime": 417564,
      "usertime": 8283031
     },
     "16955597035": {
      "maxRSS": 558512,
      "systemtime": 417564,
      "usertime": 8287054
     },
     "16955601258": {
      "maxRSS": 558512,
      "systemtime": 417566,
      "usertime": 8291099
     },
     "16955605379": {
      "maxRSS": 558512,
      "systemtime": 417567,
      "usertime": 8295133
     },
     "16955609565": {
      "maxRSS": 558512,
      "systemtime": 417570,
      "usertime": 8299211
     },
     "16955613727": {
      "maxRSS": 558512,
      "systemtime": 417570,
      "usertime": 8303231
     },
     "16955617846": {
      "maxRSS": 558512,
      "systemtime": 417571,
      "usertime": 8307264
     },
     "16955621963": {
      "maxRSS": 558512,
      "systemtime": 417572,
      "usertime": 8311304
     },
     "16955626127": {
      "maxRSS": 558512,
      "systemtime": 417576,
      "usertime": 8315396
     },
     "16955630345": {
      "maxRSS": 558512,
      "systemtime": 417578,
      "usertime": 8319443
     },
     "16955634499": {
      "maxRSS": 558512,
      "systemtime": 417580,
      "usertime": 8323498
     },
     "16955638710": {
      "maxRSS": 558512,
      "systemtime": 417582,
      "usertime": 8327551
     },
     "16955642853": {
      "maxRSS": 558512,
      "systemtime": 417583,
      "usertime": 8331600
     },
     "16955647035": {
      "maxRSS": 558512,
      "systemtime": 417629,
      "usertime": 8336535
     },
     "16955651211": {
      "maxRSS": 558512,
      "systemtime": 417629,
      "usertime": 8339690
     },
     "16955655387": {
      "maxRSS": 558512,
      "systemtime": 417629,
      "usertime": 8343753
     },
     "16955659551": {
      "maxRSS": 558512,
      "systemtime": 417629,
      "usertime": 8347822
     },
     "16955663689": {
      "maxRSS": 558512,
      "systemtime": 417629,
      "usertime": 8351867
     },
     "16955671930": {
      "maxRSS": 558512,
      "systemtime": 417629,
      "usertime": 8359934
     },
     "16955680251": {
      "maxRSS": 558512,
      "systemtime": 417629,
      "usertime": 8371992
     },
     "16955688577": {
      "maxRSS": 558512,
      "systemtime": 417629,
      "usertime": 8380127
     },
     "16955696733": {
      "maxRSS": 558512,
      "systemtime": 417629,
      "usertime": 8388127
     },
     "16955704980": {
      "maxRSS": 558512,
      "systemtime": 417629,
      "usertime": 8396177
     },
     "16955713240": {
      "maxRSS": 558512,
      "systemtime": 417629,
      "usertime": 8404366
     },
     "16955721554": {
      "maxRSS": 558512,
      "systemtime": 417629,
      "usertime": 8412280
     },
     "16955729772": {
      "maxRSS": 558512,
      "systemtime": 417629,
      "usertime": 8420377
     },
     "16955738075": {
      "maxRSS": 558512,
      "systemtime": 417629,
      "usertime": 8428451
     },
     "16955746506": {
      "maxRSS": 558512,
      "systemtime": 417629,
      "usertime": 8436566
     },
     "16955754780": {
      "maxRSS": 558512,
      "systemtime": 417629,
      "usertime": 8444621
     },
     "16955763030": {
      "maxRSS": 558512,
      "systemtime": 417629,
      "usertime": 8452676
     },
     "16955771168": {
      "maxRSS": 558512,
      "systemtime": 417629,
      "usertime": 8460731
     },
     "16955779361": {
      "maxRSS": 558512,
      "systemtime": 417629,
      "usertime": 8468772
     },
     "16955787513": {
      "maxRSS": 558512,
      "systemtime": 417629,
      "usertime": 8476821
     },
     "16955795702": {
      "maxRSS": 558512,
      "systemtime": 417629,
      "usertime": 8484949
     },
     "16955803911": {
      "maxRSS": 558512,
      "systemtime": 417629,
      "usertime": 8492986
     },
     "16955812106": {
      "maxRSS": 558512,
      "systemtime": 417629,
      "usertime": 8505108
     },
     "16955820288": {
      "maxRSS": 558512,
      "systemtime": 417629,
      "usertime": 8513098
     },
     "16955828508": {
      "maxRSS": 558512,
      "systemtime": 417629,
      "usertime": 8521189
     },
     "16955836644": {
      "maxRSS": 558512,
      "systemtime": 417629,
      "usertime": 8529192
     },
     "16955844826": {
      "maxRSS": 558512,
      "systemtime": 417629,
      "usertime": 8537287
     },
     "16955852972": {
      "maxRSS": 558512,
      "systemtime": 417631,
      "usertime": 8545386
     },
     "16955861116": {
      "maxRSS": 558512,
      "systemtime": 417631,
      "usertime": 8553381
     },
     "16955869307": {
      "maxRSS": 558512,
      "systemtime": 417632,
      "usertime": 8561474
     },
     "16955877485": {
      "maxRSS": 558512,
      "systemtime": 417634,
      "usertime": 8569533
     },
     "16955885771": {
      "maxRSS": 558512,
      "systemtime": 417634,
      "usertime": 8577551
     },
     "16955894007": {
      "maxRSS": 558512,
      "systemtime": 417635,
      "usertime": 8585630
     },
     "16955902273": {
      "maxRSS": 558512,
      "systemtime": 417636,
      "usertime": 8593678
     },
     "16955910409": {
      "maxRSS": 558512,
      "systemtime": 417637,
      "usertime": 8601720
     },
     "16955918640": {
      "maxRSS": 558512,
      "systemtime": 417637,
      "usertime": 8609759
     },
     "16955926832": {
      "maxRSS": 558512,
      "systemtime": 417637,
      "usertime": 8617783
     },
     "16955935010": {
      "maxRSS": 558512,
      "systemtime": 417637,
      "usertime": 8625804
     },
     "16955943167": {
      "maxRSS": 558512,
      "systemtime": 417637,
      "usertime": 8633824
     },
     "16955951357": {
      "maxRSS": 558512,
      "systemtime": 417637,
      "usertime": 8641879
     },
     "16955959536": {
      "maxRSS": 558512,
      "systemtime": 417638,
      "usertime": 8649928
     },
     "16955967667": {
      "maxRSS": 558512,
      "systemtime": 417638,
      "usertime": 8657975
     },
     "16955975922": {
      "maxRSS": 558512,
      "systemtime": 417640,
      "usertime": 8666030
     },
     "16955984211": {
      "maxRSS": 558512,
      "systemtime": 417640,
      "usertime": 8678055
     },
     "16955992385": {
      "maxRSS": 558512,
      "systemtime": 417640,
      "usertime": 8686119
     },
     "16956000629": {
      "maxRSS": 558512,
      "systemtime": 417641,
      "usertime": 8694171
     },
     "16956008717": {
      "maxRSS": 558512,
      "systemtime": 417641,
      "usertime": 8702199
     },
     "16956016955": {
      "maxRSS": 558512,
      "systemtime": 417642,
      "usertime": 8710254
     },
     "16956025148": {
      "maxRSS": 558512,
      "systemtime": 417642,
      "usertime": 8718263
     },
     "16956033317": {
      "maxRSS": 558512,
      "systemtime": 417642,
      "usertime": 8726291
     },
     "16956041481": {
      "maxRSS": 558512,
      "systemtime": 417644,
      "usertime": 8734394
     },
     "16956049730": {
      "maxRSS": 558512,
      "systemtime": 417644,
      "usertime": 8742380
     },
     "16956057934": {
      "maxRSS": 558512,
      "systemtime": 417644,
      "usertime": 8750461
     },
     "16956066172": {
      "maxRSS": 558512,
      "systemtime": 417644,
      "usertime": 8758439
     },
     "16956074278": {
      "maxRSS": 558512,
      "systemtime": 417644,
      "usertime": 8766475
     },
     "16956082532": {
      "maxRSS": 558512,
      "systemtime": 417644,
      "usertime": 8774513
     },
     "16956088104": {
      "maxRSS": 558512,
      "systemtime": 417646,
      "usertime": 8782622
     },
     "16956089232": {
      "maxRSS": 558512,
      "systemtime": 417648,
      "usertime": 8782658
     },
     "16956090332": {
      "maxRSS": 558512,
      "systemtime": 417648,
      "usertime": 8782667
     },
     "16956091402": {
      "maxRSS": 558512,
      "systemtime": 417649,
      "usertime": 8782679
     },
     "16956092501": {
      "maxRSS": 558512,
      "systemtime": 417649,
      "usertime": 8786599
     },
     "16956093602": {
      "maxRSS": 558512,
      "systemtime": 417649,
      "usertime": 8786610
     },
     "16956094735": {
      "maxRSS": 558512,
      "systemtime": 417649,
      "usertime": 8786640
     },
     "16956095868": {
      "maxRSS": 558512,
      "systemtime": 417649,
      "usertime": 8786674
     },
     "16956097058": {
      "maxRSS": 558512,
      "systemtime": 417651,
      "usertime": 8790769
     },
     "16956098232": {
      "maxRSS": 558512,
      "systemtime": 417652,
      "usertime": 8790786
     },
     "16956099401": {
      "maxRSS": 558512,
      "systemtime": 417653,
      "usertime": 8790803
     },
     "16956100573": {
      "maxRSS": 558512,
      "systemtime": 417653,
      "usertime": 8794760
     },
     "16956101749": {
      "maxRSS": 558512,
      "systemtime": 417653,
      "usertime": 8794777
     },
     "16956102922": {
      "maxRSS": 558512,
      "systemtime": 417653,
      "usertime": 8794795
     },
     "16956104129": {
      "maxRSS": 558512,
      "systemtime": 417654,
      "usertime": 8798846
     },
     "16956104630": {
      "maxRSS": 558512,
      "systemtime": 417678,
      "usertime": 8799370
     },
     "16956105807": {
      "maxRSS": 558512,
      "systemtime": 417693,
      "usertime": 8799674
     },
     "16956106974": {
      "maxRSS": 558512,
      "systemtime": 417694,
      "usertime": 8799690
     },
     "16956108115": {
      "maxRSS": 558512,
      "systemtime": 417694,
      "usertime": 8802873
     },
     "16956109289": {
      "maxRSS": 558512,
      "systemtime": 417694,
      "usertime": 8802890
     },
     "16956110469": {
      "maxRSS": 558512,
      "systemtime": 417694,
      "usertime": 8802920
     },
     "16956111730": {
      "maxRSS": 558512,
      "systemtime": 417694,
      "usertime": 8802937
     },
     "16956112937": {
      "maxRSS": 558512,
      "systemtime": 417694,
      "usertime": 8806955
     },
     "16956114110": {
      "maxRSS": 558512,
      "systemtime": 417694,
      "usertime": 8806973
     },
     "16956115288": {
      "maxRSS": 558512,
      "systemtime": 417694,
      "usertime": 8806990
     },
     "16956116418": {
      "maxRSS": 558512,
      "systemtime": 417694,
      "usertime": 8811012
     },
     "16956117643": {
      "maxRSS": 558512,
      "systemtime": 417694,
      "usertime": 8811081
     },
     "16956118818": {
      "maxRSS": 558512,
      "systemtime": 417694,
      "usertime": 8811102
     },
     "16956119999": {
      "maxRSS": 558512,
      "systemtime": 417694,
      "usertime": 8811119
     },
     "16956121191": {
      "maxRSS": 558512,
      "systemtime": 417694,
      "usertime": 8815152
     },
     "16956122359": {
      "maxRSS": 558512,
      "systemtime": 417694,
      "usertime": 8815169
     },
     "16956123526": {
      "maxRSS": 558512,
      "systemtime": 417694,
      "usertime": 8815186
     },
     "16956124690": {
      "maxRSS": 558512,
      "systemtime": 417694,
      "usertime": 8819204
     },
     "16956125880": {
      "maxRSS": 558640,
      "systemtime": 417694,
      "usertime": 8819234
     },
     "16956126976": {
      "maxRSS": 558640,
      "systemtime": 417694,
      "usertime": 8819255
     },
     "16956128142": {
      "maxRSS": 558640,
      "systemtime": 417694,
      "usertime": 8823281
     },
     "16956129328": {
      "maxRSS": 558640,
      "systemtime": 417694,
      "usertime": 8823319
     },
     "16956130471": {
      "maxRSS": 558640,
      "systemtime": 417694,
      "usertime": 8823350
     },
     "16956131579": {
      "maxRSS": 558640,
      "systemtime": 417694,
      "usertime": 8823379
     },
     "16956132728": {
      "maxRSS": 558640,
      "systemtime": 417694,
      "usertime": 8827421
     },
     "16956133933": {
      "maxRSS": 558640,
      "systemtime": 417694,
      "usertime": 8827448
     },
     "16956135110": {
      "maxRSS": 558640,
      "systemtime": 417694,
      "usertime": 8827467
     },
     "16956136187": {
      "maxRSS": 558640,
      "systemtime": 417694,
      "usertime": 8831482
     },
     "16956137360": {
      "maxRSS": 558640,
      "systemtime": 417694,
      "usertime": 8831499
     },
     "16956138535": {
      "maxRSS": 558640,
      "systemtime": 417694,
      "usertime": 8831516
     },
     "16956142306": {
      "maxRSS": 558640,
      "systemtime": 421617,
      "usertime": 8833887
     }
    }
   }
  }
 }
}
